Time,Irr,PR,Pmpp
8/11/2026 16:13,,,9.170999527
8/11/2026 16:18,,,8.954999924
8/11/2026 16:23,,,8.743000031
8/11/2026 16:28,,,8.512000084
8/11/2026 16:33,,,8.296999931
8/11/2026 16:38,,,8.093999863
8/11/2026 16:43,,,7.40899992
8/11/2026 16:48,,,7.517000198
8/11/2026 16:53,,,7.150000095
8/11/2026 16:58,,,6.988999844
8/11/2026 17:03,,,6.758999825
8/11/2026 17:08,,,6.480999947
8/11/2026 17:13,,,6.111000061
8/11/2026 17:18,,,5.875999928
8/11/2026 17:23,,,5.576000214
8/11/2026 17:28,,,5.352000237
8/11/2026 17:33,,,5.085999966
8/11/2026 17:38,,,4.813000202
8/11/2026 17:43,,,4.482999802
8/11/2026 17:48,,,4.244999886
8/11/2026 17:53,,,4.002999783
8/11/2026 17:58,,,3.750999928
8/11/2026 18:04,,,3.509000063
8/11/2026 18:09,,,3.263999939
8/11/2026 18:14,,,1.909999967
8/11/2026 18:19,,,2.84100008
8/11/2026 18:24,,,2.572000027
8/11/2026 18:29,,,2.397000074
8/11/2026 18:34,,,2.203999996
8/11/2026 18:39,,,2.02699995
8/11/2026 18:44,,,1.875
8/11/2026 18:49,,,1.679999948
8/11/2026 18:54,,,1.480999947
8/11/2026 18:59,,,1.350000024
8/11/2026 19:04,,,1.217000008
8/11/2026 19:09,,,1.100000024
8/11/2026 19:14,,,0.936999977
8/11/2026 19:19,,,0.873000026
8/11/2026 19:24,,,0.833999991
8/11/2026 19:29,,,0.737999976
8/11/2026 19:34,,,0.684000015
8/11/2026 19:39,,,0.616999984
8/11/2026 19:44,,,0.546999991
8/11/2026 19:49,,,0.460999995
8/11/2026 19:54,,,0.395000011
8/11/2026 19:59,,,0.374000013
8/11/2026 20:04,,,0.277999997
8/11/2026 20:09,,,0.228
8/11/2026 20:14,,,0.188999996
8/11/2026 20:19,,,0.140000001
8/11/2026 20:25,,,0
8/11/2026 20:30,,,0
8/11/2026 20:35,,,0
8/11/2026 20:40,,,0
8/11/2026 20:45,,,0
8/11/2026 20:50,,,0
8/11/2026 20:55,,,0
8/11/2026 21:00,,,0
8/11/2026 21:05,,,0
8/11/2026 21:10,,,0
8/11/2026 21:15,,,0
8/11/2026 21:20,,,0
8/11/2026 21:25,,,0
8/11/2026 21:30,,,0
8/11/2026 21:35,,,0
8/11/2026 21:40,,,0
8/11/2026 21:45,,,0
8/11/2026 21:50,,,0
8/11/2026 21:55,,,0
8/11/2026 22:00,,,0
8/12/2026 4:00,,,0
8/12/2026 4:05,,,0
8/12/2026 4:10,,,0
8/12/2026 4:15,,,0
8/12/2026 4:20,,,0
8/12/2026 4:25,,,0
8/12/2026 4:31,,,0
8/12/2026 4:36,,,0
8/12/2026 4:41,,,0
8/12/2026 4:46,,,0
8/12/2026 4:51,,,0
8/12/2026 4:56,,,0
8/12/2026 5:01,,,0
8/12/2026 5:06,,,0
8/12/2026 5:11,,,0
8/12/2026 5:16,,,0
8/12/2026 5:21,,,0
8/12/2026 5:26,,,0
8/12/2026 5:31,,,0
8/12/2026 5:36,,,0
8/12/2026 5:41,,,0
8/12/2026 5:46,,,0
8/12/2026 5:51,,,0
8/12/2026 5:56,,,0
8/12/2026 6:01,,,0
8/12/2026 6:06,,,0
8/12/2026 6:11,,,0
8/12/2026 6:16,,,0
8/12/2026 6:21,,,0
8/12/2026 6:26,,,0
8/12/2026 6:31,,,0
8/12/2026 6:36,,,0
8/12/2026 6:41,,,0
8/12/2026 6:46,,,0
8/12/2026 6:52,,,0.001
8/12/2026 6:57,,,0.075000003
8/12/2026 7:02,,,0.128999993
8/12/2026 7:07,,,0.163000003
8/12/2026 7:12,,,0.209999993
8/12/2026 7:17,,,0.231000006
8/12/2026 7:22,,,0.273000002
8/12/2026 7:27,,,0.312000006
8/12/2026 7:32,,,0.400999993
8/12/2026 7:37,,,0.472000003
8/12/2026 7:42,,,0.56099999
8/12/2026 7:47,,,0.666999996
8/12/2026 7:52,,,0.759000003
8/12/2026 7:57,,,0.893999994
8/12/2026 8:02,,,0.991999984
8/12/2026 8:07,,,1.156000018
8/12/2026 8:12,,,1.282999992
8/12/2026 8:17,,,1.455000043
8/12/2026 8:22,,,1.588999987
8/12/2026 8:27,,,1.76699996
8/12/2026 8:32,,,1.952000022
8/12/2026 8:37,,,2.114000082
8/12/2026 8:42,,,2.329999924
8/12/2026 8:47,,,2.54399991
8/12/2026 8:52,,,2.790999889
8/12/2026 8:57,,,3.006000042
8/12/2026 9:02,,,3.236000061
8/12/2026 9:07,,,3.470000029
8/12/2026 9:13,,,3.765000105
8/12/2026 9:18,,,3.980000019
8/12/2026 9:23,,,4.222000122
8/12/2026 9:28,,,4.52699995
8/12/2026 9:33,,,4.809999943
8/12/2026 9:38,,,5.113999844
8/12/2026 9:43,,,5.382999897
8/12/2026 9:48,,,5.704999924
8/12/2026 9:53,,,6.019999981
8/12/2026 9:58,,,6.334000111
8/12/2026 10:03,,,6.639999866
8/12/2026 10:08,,,6.962999821
8/12/2026 10:13,,,7.261000156
8/12/2026 10:18,,,7.618000031
8/12/2026 10:23,,,7.96600008
8/12/2026 10:28,,,8.315999985
8/12/2026 10:33,,,8.722999573
8/12/2026 10:38,,,9.062000275
8/12/2026 10:43,,,9.465000153
8/12/2026 10:48,,,9.718999863
8/12/2026 10:53,,,9.986000061
8/12/2026 10:58,,,10.31099987
8/12/2026 11:03,,,10.59899998
8/12/2026 11:08,,,10.88000011
8/12/2026 11:13,,,11.18599987
8/12/2026 11:18,,,11.43900013
8/12/2026 11:23,,,11.72099972
8/12/2026 11:28,,,12
8/12/2026 11:33,,,12.31700039
8/12/2026 11:39,,,12.59000015
8/12/2026 11:44,,,12.87300014
8/12/2026 11:49,,,13.28999996
8/12/2026 11:54,,,13.56499958
8/12/2026 11:59,,,13.90299988
8/12/2026 12:04,,,14.22799969
8/12/2026 12:09,,,14.50899982
8/12/2026 12:14,,,14.77600002
8/12/2026 12:19,,,14.9090004
8/12/2026 12:24,,,15.03499985
8/12/2026 12:29,,,15.18200016
8/12/2026 12:34,,,15.35200024
8/12/2026 12:39,,,15.55599976
8/12/2026 12:44,,,15.81900024
8/12/2026 12:49,,,16.08200073
8/12/2026 12:54,,,16.21800041
8/12/2026 12:59,,,16.28199959
8/12/2026 13:04,,,16.40299988
8/12/2026 13:09,,,16.52000046
8/12/2026 13:14,,,16.53300095
8/12/2026 13:19,,,16.63400078
8/12/2026 13:24,,,16.68899918
8/12/2026 13:29,,,16.70100021
8/12/2026 13:53,,,3.144000053
8/12/2026 13:58,,,3.147000074
8/12/2026 14:03,,,3.165999889
8/12/2026 14:08,,,10.40600014
8/12/2026 14:13,,,11.6619997
8/12/2026 14:18,,,12.59899998
8/12/2026 14:23,,,13.1960001
8/12/2026 14:28,,,13.52400017
8/12/2026 14:33,,,13.85000038
8/12/2026 14:38,,,13.93299961
8/12/2026 14:44,,,13.95800018
8/12/2026 14:49,,,13.90799999
8/12/2026 14:54,,,13.85900021
8/12/2026 14:59,,,13.86200047
8/12/2026 15:04,,,13.67099953
8/12/2026 15:09,,,13.43299961
8/12/2026 15:14,,,13.12800026
8/12/2026 15:19,,,12.87199974
8/12/2026 15:24,,,12.77299976
8/12/2026 15:29,,,12.4090004
8/12/2026 15:34,,,12.16800022
8/12/2026 15:39,,,11.89299965
8/12/2026 15:44,,,11.65400028
8/12/2026 15:49,,,11.37899971
8/12/2026 15:54,,,11.125
8/12/2026 15:59,,,10.82600021
8/12/2026 16:04,,,10.51299953
8/12/2026 16:09,,,10.19699955
8/12/2026 16:14,,,9.869999886
8/12/2026 16:19,,,9.619000435
8/12/2026 16:24,,,9.333999634
8/12/2026 16:29,,,9.055999756
8/12/2026 16:34,,,8.73900032
8/12/2026 16:39,,,8.437000275
8/12/2026 16:44,,,8.126000404
8/12/2026 16:49,,,7.781000137
8/12/2026 16:54,,,7.493000031
8/12/2026 16:59,,,7.15899992
8/12/2026 17:05,,,6.710999966
8/12/2026 17:10,,,6.532000065
8/12/2026 17:15,,,6.205999851
8/12/2026 17:20,,,5.914000034
8/12/2026 17:25,,,5.585999966
8/12/2026 17:30,,,5.321000099
8/12/2026 17:35,,,5.019000053
8/12/2026 17:40,,,4.721000195
8/12/2026 17:45,,,4.448999882
8/12/2026 17:50,,,4.132999897
8/12/2026 17:55,,,3.892999887
8/12/2026 18:00,,,3.663000107
8/12/2026 18:05,,,3.394000053
8/12/2026 18:10,,,3.187000036
8/12/2026 18:15,,,2.931999922
8/12/2026 18:20,,,2.737999916
8/12/2026 18:25,,,2.484999895
8/12/2026 18:30,,,2.305999994
8/12/2026 18:35,,,2.082000017
8/12/2026 18:40,,,1.856999993
8/12/2026 18:45,,,1.667000055
8/12/2026 18:50,,,1.532999992
8/12/2026 18:55,,,1.383999944
8/12/2026 19:00,,,1.218999982
8/12/2026 19:05,,,1.092000008
8/12/2026 19:10,,,0.944999993
8/12/2026 19:15,,,0.759000003
8/12/2026 19:20,,,0.728999972
8/12/2026 19:26,,,0.688000023
8/12/2026 19:31,,,0.612999976
8/12/2026 19:36,,,0.55400002
8/12/2026 19:41,,,0.449999988
8/12/2026 19:46,,,0.340000004
8/12/2026 19:51,,,0.214000002
8/12/2026 19:56,,,0.167999998
8/12/2026 20:01,,,0
8/12/2026 20:06,,,0
8/12/2026 20:11,,,0
8/12/2026 20:16,,,0
8/12/2026 20:21,,,0
8/12/2026 20:26,,,0
8/12/2026 20:31,,,0
8/12/2026 20:36,,,0
8/12/2026 20:41,,,0
8/12/2026 20:46,,,0
8/12/2026 20:51,,,0
8/12/2026 20:56,,,0
8/12/2026 21:01,,,0
8/12/2026 21:06,,,0
8/12/2026 21:11,,,0
8/12/2026 21:16,,,0
8/12/2026 21:21,,,0
8/12/2026 21:26,,,0
8/12/2026 21:31,,,0
8/12/2026 21:36,,,0
8/12/2026 21:41,,,0
8/12/2026 21:47,,,0
8/12/2026 21:52,,,0
8/12/2026 21:57,,,0
8/13/2026 4:00,,,0
8/13/2026 4:05,,,0
8/13/2026 4:10,,,0
8/13/2026 4:15,,,0
8/13/2026 4:20,,,0
8/13/2026 4:25,,,0
8/13/2026 4:31,,,0
8/13/2026 4:36,,,0
8/13/2026 4:41,,,0
8/13/2026 4:46,,,0
8/13/2026 4:51,,,0
8/13/2026 4:56,,,0
8/13/2026 5:01,,,0
8/13/2026 5:06,,,0
8/13/2026 5:11,,,0
8/13/2026 5:16,,,0
8/13/2026 5:21,,,0
8/13/2026 5:26,,,0
8/13/2026 5:31,,,0
8/13/2026 5:36,,,0
8/13/2026 5:41,,,0
8/13/2026 5:46,,,0
8/13/2026 5:51,,,0
8/13/2026 5:56,,,0
8/13/2026 6:01,,,0
8/13/2026 6:06,,,0
8/13/2026 6:11,,,0
8/13/2026 6:16,,,0
8/13/2026 6:21,,,0
8/13/2026 6:26,,,0
8/13/2026 6:31,,,0
8/13/2026 6:36,,,0
8/13/2026 6:41,,,0
8/13/2026 6:46,,,0
8/13/2026 6:52,,,0
8/13/2026 6:57,,,0.035999998
8/13/2026 7:02,,,0.115999997
8/13/2026 7:07,,,0.162
8/13/2026 7:12,,,0.172999993
8/13/2026 7:17,,,0.204999998
8/13/2026 7:22,,,0.256000012
8/13/2026 7:27,,,0.259000003
8/13/2026 7:32,,,0.393999994
8/13/2026 7:37,,,0.465000004
8/13/2026 7:42,,,0.556999981
8/13/2026 7:47,,,0.675999999
8/13/2026 7:52,,,0.76700002
8/13/2026 7:57,,,0.911000013
8/13/2026 8:02,,,1.011000037
8/13/2026 8:07,,,1.161999941
8/13/2026 8:12,,,1.292999983
8/13/2026 8:17,,,1.470000029
8/13/2026 8:22,,,1.613000035
8/13/2026 8:27,,,1.787999988
8/13/2026 8:32,,,1.957000017
8/13/2026 8:37,,,2.15199995
8/13/2026 8:42,,,2.346999884
8/13/2026 8:47,,,2.532000065
8/13/2026 8:52,,,2.719000101
8/13/2026 8:57,,,2.973999977
8/13/2026 9:02,,,3.221999884
8/13/2026 9:07,,,3.446000099
8/13/2026 9:13,,,3.683000088
8/13/2026 9:18,,,3.915999889
8/13/2026 9:23,,,4.171999931
8/13/2026 9:28,,,4.445000172
8/13/2026 9:33,,,4.68200016
8/13/2026 9:38,,,4.938000202
8/13/2026 9:43,,,5.210000038
8/13/2026 9:48,,,5.506999969
8/13/2026 9:53,,,5.785999775
8/13/2026 9:58,,,6.018000126
8/13/2026 10:03,,,6.348999977
8/13/2026 10:08,,,6.704999924
8/13/2026 10:13,,,7.025000095
8/13/2026 10:18,,,7.370999813
8/13/2026 10:23,,,7.699999809
8/13/2026 10:28,,,8.024000168
8/13/2026 10:33,,,8.401000023
8/13/2026 10:38,,,8.720000267
8/13/2026 10:43,,,9.116999626
8/13/2026 10:48,,,9.451000214
8/13/2026 10:53,,,9.781999588
8/13/2026 10:58,,,10.14999962
8/13/2026 11:03,,,10.43299961
8/13/2026 11:08,,,10.73999977
8/13/2026 11:13,,,11.08399963
8/13/2026 11:18,,,11.42000008
8/13/2026 11:23,,,11.82900047
8/13/2026 11:28,,,12.18599987
8/13/2026 11:34,,,12.59200001
8/13/2026 11:39,,,12.97500038
8/13/2026 11:44,,,13.29100037
8/13/2026 11:49,,,13.71700001
8/13/2026 11:54,,,14.0880003
8/13/2026 11:59,,,14.45600033
8/13/2026 12:04,,,14.77099991
8/13/2026 12:09,,,15.06000042
8/13/2026 12:14,,,15.32699966
8/13/2026 12:19,,,15.57900047
8/13/2026 12:24,,,15.71199989
8/13/2026 12:29,,,15.88399982
8/13/2026 12:34,,,16.03300095
8/13/2026 12:39,,,16.1420002
8/13/2026 12:44,,,16.26199913
8/13/2026 12:49,,,16.35300064
8/13/2026 12:54,,,16.47699928
8/13/2026 12:59,,,16.53199959
8/13/2026 13:04,,,16.60700035
8/13/2026 13:09,,,16.63899994
8/13/2026 13:14,,,16.62000084
8/13/2026 13:19,,,12.86499977
8/13/2026 13:24,,,13.1239996
8/13/2026 13:29,,,16.54400063
8/13/2026 13:53,,,3.14199996
8/13/2026 13:58,,,3.102999926
8/13/2026 14:03,,,10.68799973
8/13/2026 14:08,,,10.86999989
8/13/2026 14:13,,,12.50199986
8/13/2026 14:18,,,12.98200035
8/13/2026 14:23,,,13.38099957
8/13/2026 14:28,,,13.64299965
8/13/2026 14:33,,,8.788999557
8/13/2026 14:38,,,13.79899979
8/13/2026 14:44,,,13.77700043
8/13/2026 14:49,,,13.69900036
8/13/2026 14:54,,,13.67000008
8/13/2026 14:59,,,13.46800041
8/13/2026 15:04,,,13.20699978
8/13/2026 15:09,,,13.19999981
8/13/2026 15:14,,,12.92199993
8/13/2026 15:19,,,12.77700043
8/13/2026 15:24,,,12.51200008
8/13/2026 15:29,,,12.20800018
8/13/2026 15:34,,,11.94299984
8/13/2026 15:39,,,11.66600037
8/13/2026 15:44,,,11.42000008
8/13/2026 15:49,,,6.980999947
8/13/2026 15:54,,,8.338000298
8/13/2026 15:59,,,10.54199982
8/13/2026 16:04,,,10.23499966
8/13/2026 16:09,,,9.980999947
8/13/2026 16:14,,,9.645999908
8/13/2026 16:19,,,9.347999573
8/13/2026 16:24,,,9.109999657
8/13/2026 16:29,,,8.76099968
8/13/2026 16:34,,,8.484000206
8/13/2026 16:39,,,8.18900013
8/13/2026 16:44,,,7.849999905
8/13/2026 16:49,,,7.573999882
8/13/2026 16:54,,,7.238999844
8/13/2026 16:59,,,6.907000065
8/13/2026 17:05,,,6.607999802
8/13/2026 17:10,,,6.356999874
8/13/2026 17:15,,,6.019000053
8/13/2026 17:20,,,5.731999874
8/13/2026 17:25,,,5.467000008
8/13/2026 17:30,,,5.224999905
8/13/2026 17:35,,,4.912000179
8/13/2026 17:40,,,4.627999783
8/13/2026 17:45,,,4.364999771
8/13/2026 17:50,,,4.143000126
8/13/2026 17:55,,,3.855999947
8/13/2026 18:00,,,3.579999924
8/13/2026 18:05,,,3.355999947
8/13/2026 18:10,,,3.095000029
8/13/2026 18:15,,,2.849999905
8/13/2026 18:20,,,2.645999908
8/13/2026 18:25,,,2.480999947
8/13/2026 18:30,,,2.232000113
8/13/2026 18:35,,,2.005000114
8/13/2026 18:40,,,1.815999985
8/13/2026 18:45,,,1.654999971
8/13/2026 18:50,,,1.462000012
8/13/2026 18:55,,,1.315999985
8/13/2026 19:00,,,1.156000018
8/13/2026 19:05,,,1.021000028
8/13/2026 19:10,,,0.860000014
8/13/2026 19:15,,,0.69599998
8/13/2026 19:20,,,0.666000009
8/13/2026 19:26,,,0.616999984
8/13/2026 19:31,,,0.575999975
8/13/2026 19:36,,,0.528999984
8/13/2026 19:41,,,0.49000001
8/13/2026 19:46,,,0.474999994
8/13/2026 19:51,,,0.398000002
8/13/2026 19:56,,,0.379000008
8/13/2026 20:01,,,0.314999998
8/13/2026 20:06,,,0.282000005
8/13/2026 20:11,,,0.232999995
8/13/2026 20:16,,,0.195999995
8/13/2026 20:21,,,0
8/13/2026 20:26,,,0
8/13/2026 20:31,,,0
8/13/2026 20:36,,,0
8/13/2026 20:41,,,0
8/13/2026 20:46,,,0
8/13/2026 20:51,,,0
8/13/2026 20:56,,,0
8/13/2026 21:01,,,0
8/13/2026 21:06,,,0
8/13/2026 21:11,,,0
8/13/2026 21:16,,,0
8/13/2026 21:21,,,0
8/13/2026 21:26,,,0
8/13/2026 21:31,,,0
8/13/2026 21:36,,,0
8/13/2026 21:41,,,0
8/13/2026 21:47,,,0
8/13/2026 21:52,,,0
8/13/2026 21:57,,,0
8/14/2026 4:00,,,0
8/14/2026 4:05,,,0
8/14/2026 4:10,,,0
8/14/2026 4:15,,,0
8/14/2026 4:20,,,0
8/14/2026 4:25,,,0
8/14/2026 4:31,,,0
8/14/2026 4:36,,,0
8/14/2026 4:41,,,0
8/14/2026 4:46,,,0
8/14/2026 4:51,,,0
8/14/2026 4:56,,,0
8/14/2026 5:01,,,0
8/14/2026 5:06,,,0
8/14/2026 5:11,,,0
8/14/2026 5:16,,,0
8/14/2026 5:21,,,0
8/14/2026 5:26,,,0
8/14/2026 5:31,,,0
8/14/2026 5:36,,,0
8/14/2026 5:41,,,0
8/14/2026 5:46,,,0
8/14/2026 5:51,,,0
8/14/2026 5:56,,,0
8/14/2026 6:01,,,0
8/14/2026 6:06,,,0
8/14/2026 6:11,,,0
8/14/2026 6:16,,,0
8/14/2026 6:21,,,0
8/14/2026 6:26,,,0
8/14/2026 6:31,,,0
8/14/2026 6:36,,,0
8/14/2026 6:41,,,0
8/14/2026 6:46,,,0
8/14/2026 6:52,,,0
8/14/2026 6:57,,,0.001
8/14/2026 7:02,,,0.123000003
8/14/2026 7:07,,,0.151999995
8/14/2026 7:12,,,0.186000004
8/14/2026 7:17,,,0.216000006
8/14/2026 7:22,,,0.275000006
8/14/2026 7:27,,,0.323000014
8/14/2026 7:32,,,0.419
8/14/2026 7:37,,,0.504000008
8/14/2026 7:42,,,0.578999996
8/14/2026 7:47,,,0.690999985
8/14/2026 7:52,,,0.79400003
8/14/2026 7:57,,,0.921000004
8/14/2026 8:02,,,1.067999959
8/14/2026 8:07,,,1.202999949
8/14/2026 8:12,,,1.338000059
8/14/2026 8:17,,,1.521999955
8/14/2026 8:22,,,1.659999967
8/14/2026 8:27,,,1.797999978
8/14/2026 8:32,,,1.97300005
8/14/2026 8:37,,,2.183000088
8/14/2026 8:42,,,2.359999895
8/14/2026 8:47,,,2.586999893
8/14/2026 8:52,,,2.803999901
8/14/2026 8:57,,,2.999000072
8/14/2026 9:02,,,3.198999882
8/14/2026 9:07,,,3.441999912
8/14/2026 9:13,,,3.674000025
8/14/2026 9:18,,,3.882999897
8/14/2026 9:23,,,4.163000107
8/14/2026 9:28,,,4.415999889
8/14/2026 9:33,,,4.609000206
8/14/2026 9:38,,,4.824999809
8/14/2026 9:43,,,5.117000103
8/14/2026 9:48,,,5.399000168
8/14/2026 9:53,,,5.643000126
8/14/2026 9:58,,,5.894000053
8/14/2026 10:03,,,6.144999981
8/14/2026 10:08,,,6.324999809
8/14/2026 10:13,,,6.741000175
8/14/2026 10:18,,,6.940999985
8/14/2026 10:23,,,7.263000011
8/14/2026 10:28,,,7.579999924
8/14/2026 10:33,,,7.921999931
8/14/2026 10:38,,,8.230999947
8/14/2026 10:43,,,8.513999939
8/14/2026 10:48,,,8.774999619
8/14/2026 10:53,,,9.145999908
8/14/2026 10:58,,,8.81799984
8/14/2026 11:03,,,9.842000008
8/14/2026 11:08,,,10.16600037
8/14/2026 11:13,,,10.50500011
8/14/2026 11:18,,,10.85400009
8/14/2026 11:23,,,11.15400028
8/14/2026 11:28,,,11.08500004
8/14/2026 11:34,,,11.88099957
8/14/2026 11:39,,,12.1789999
8/14/2026 11:44,,,7.921999931
8/14/2026 11:49,,,10.74100018
8/14/2026 11:54,,,12.89700031
8/14/2026 11:59,,,12.17399979
8/14/2026 12:04,,,11.37800026
8/14/2026 12:09,,,13.55200005
8/14/2026 12:14,,,13.96000004
8/14/2026 12:19,,,8.31400013
8/14/2026 12:24,,,14.21500015
8/14/2026 12:29,,,14.5170002
8/14/2026 12:34,,,14.81000042
8/14/2026 12:39,,,11.76799965
8/14/2026 12:44,,,15.27999973
8/14/2026 12:49,,,14.79800034
8/14/2026 12:54,,,15.21199989
8/14/2026 12:59,,,14.91399956
8/14/2026 13:04,,,9.13599968
8/14/2026 13:09,,,9.680000305
8/14/2026 13:14,,,15.79199982
8/14/2026 13:19,,,15.47799969
8/14/2026 13:24,,,8.177000046
8/14/2026 13:29,,,15.82499981
8/14/2026 13:53,,,3.006000042
8/14/2026 13:58,,,2.980999947
8/14/2026 14:03,,,2.964999914
8/14/2026 14:08,,,9.675000191
8/14/2026 14:13,,,10.48799992
8/14/2026 14:18,,,11.18799973
8/14/2026 14:23,,,11.53299999
8/14/2026 14:28,,,11.55000019
8/14/2026 14:34,,,7.619999886
8/14/2026 14:39,,,12.17000008
8/14/2026 14:44,,,12.44900036
8/14/2026 14:49,,,12.62899971
8/14/2026 14:54,,,10.71100044
8/14/2026 14:59,,,7.767000198
8/14/2026 15:04,,,5.532999992
8/14/2026 15:09,,,5.368000031
8/14/2026 15:14,,,5.975999832
8/14/2026 15:19,,,4.099999905
8/14/2026 15:24,,,11.36800003
8/14/2026 15:29,,,11.375
8/14/2026 15:34,,,7.875
8/14/2026 15:39,,,9.255999565
8/14/2026 15:44,,,10.82600021
8/14/2026 15:49,,,10.67300034
8/14/2026 15:54,,,8.550999641
8/14/2026 15:59,,,1.930999994
8/14/2026 16:04,,,10.06499958
8/14/2026 16:09,,,8.654000282
8/14/2026 16:14,,,9.222000122
8/14/2026 16:19,,,9.19299984
8/14/2026 16:24,,,8.923999786
8/14/2026 16:29,,,8.527999878
8/14/2026 16:34,,,8.199000359
8/14/2026 16:39,,,7.959000111
8/14/2026 16:44,,,7.693999767
8/14/2026 16:49,,,7.366000175
8/14/2026 16:55,,,7.06400013
8/14/2026 17:00,,,6.855999947
8/14/2026 17:05,,,6.56400013
8/14/2026 17:10,,,6.396999836
8/14/2026 17:15,,,5.795000076
8/14/2026 17:20,,,5.721000195
8/14/2026 17:25,,,5.453999996
8/14/2026 17:30,,,5.190999985
8/14/2026 17:35,,,4.850999832
8/14/2026 17:40,,,2.453000069
8/14/2026 17:45,,,3.516000032
8/14/2026 17:50,,,1.845999956
8/14/2026 17:55,,,1.690000057
8/14/2026 18:00,,,1.51699996
8/14/2026 18:05,,,1.411000013
8/14/2026 18:10,,,2.963999987
8/14/2026 18:15,,,1.236999989
8/14/2026 18:20,,,1.072000027
8/14/2026 18:25,,,0.948000014
8/14/2026 18:30,,,0.860000014
8/14/2026 18:35,,,0.790000021
8/14/2026 18:40,,,0.72299999
8/14/2026 18:45,,,0.764999986
8/14/2026 18:50,,,0.785000026
8/14/2026 18:55,,,0.702000022
8/14/2026 19:00,,,0.683000028
8/14/2026 19:05,,,0.568000019
8/14/2026 19:10,,,0.550000012
8/14/2026 19:15,,,0.582000017
8/14/2026 19:21,,,0.671000004
8/14/2026 19:26,,,0.639999986
8/14/2026 19:31,,,0.569999993
8/14/2026 19:36,,,0.497000009
8/14/2026 19:41,,,0.458999991
8/14/2026 19:46,,,0.344999999
8/14/2026 19:51,,,0.232999995
8/14/2026 19:56,,,0.115000002
8/14/2026 20:01,,,0
8/14/2026 20:06,,,0
8/14/2026 20:11,,,0
8/14/2026 20:16,,,0
8/14/2026 20:21,,,0
8/14/2026 20:26,,,0
8/14/2026 20:31,,,0
8/14/2026 20:36,,,0
8/14/2026 20:41,,,0
8/14/2026 20:46,,,0
8/14/2026 20:51,,,0
8/14/2026 20:56,,,0
8/14/2026 21:01,,,0
8/14/2026 21:06,,,0
8/14/2026 21:11,,,0
8/14/2026 21:16,,,0
8/14/2026 21:21,,,0
8/14/2026 21:26,,,0
8/14/2026 21:31,,,0
8/14/2026 21:36,,,0
8/14/2026 21:42,,,0
8/14/2026 21:47,,,0
8/14/2026 21:52,,,0
8/14/2026 21:57,,,0
8/15/2026 4:00,,,0
8/15/2026 4:05,,,0
8/15/2026 4:10,,,0
8/15/2026 4:15,,,0
8/15/2026 4:20,,,0
8/15/2026 4:25,,,0
8/15/2026 4:31,,,0
8/15/2026 4:36,,,0
8/15/2026 4:41,,,0
8/15/2026 4:46,,,0
8/15/2026 4:51,,,0
8/15/2026 4:56,,,0
8/15/2026 5:01,,,0
8/15/2026 5:06,,,0
8/15/2026 5:11,,,0
8/15/2026 5:16,,,0
8/15/2026 5:21,,,0
8/15/2026 5:26,,,0
8/15/2026 5:31,,,0
8/15/2026 5:36,,,0
8/15/2026 5:41,,,0
8/15/2026 5:46,,,0
8/15/2026 5:51,,,0
8/15/2026 5:56,,,0
8/15/2026 6:01,,,0
8/15/2026 6:06,,,0
8/15/2026 6:11,,,0
8/15/2026 6:16,,,0
8/15/2026 6:21,,,0
8/15/2026 6:26,,,0
8/15/2026 6:31,,,0
8/15/2026 6:36,,,0
8/15/2026 6:41,,,0
8/15/2026 6:46,,,0
8/15/2026 6:52,,,0
8/15/2026 6:57,,,0
8/15/2026 7:02,,,0
8/15/2026 7:07,,,0
8/15/2026 7:12,,,0
8/15/2026 7:17,,,0
8/15/2026 7:22,,,0.039999999
8/15/2026 7:27,,,0.127000004
8/15/2026 7:32,,,0.135000005
8/15/2026 7:37,,,0.151999995
8/15/2026 7:42,,,0.157000005
8/15/2026 7:47,,,0.162
8/15/2026 7:52,,,0.182999998
8/15/2026 7:57,,,0.202999994
8/15/2026 8:02,,,0.238999993
8/15/2026 8:07,,,0.273000002
8/15/2026 8:12,,,0.319999993
8/15/2026 8:17,,,0.301999986
8/15/2026 8:22,,,0.264999986
8/15/2026 8:27,,,0.266000003
8/15/2026 8:32,,,0.238999993
8/15/2026 8:37,,,0.268000007
8/15/2026 8:42,,,0.280999988
8/15/2026 8:47,,,0.333999991
8/15/2026 8:52,,,0.356000006
8/15/2026 8:57,,,0.40200001
8/15/2026 9:02,,,0.388000011
8/15/2026 9:07,,,0.38499999
8/15/2026 9:13,,,0.430000007
8/15/2026 9:18,,,0.51700002
8/15/2026 9:23,,,0.575999975
8/15/2026 9:28,,,0.647000015
8/15/2026 9:33,,,0.649999976
8/15/2026 9:38,,,0.750999987
8/15/2026 9:43,,,0.822000027
8/15/2026 9:48,,,0.987999976
8/15/2026 9:53,,,1.182000041
8/15/2026 9:58,,,1.383000016
8/15/2026 10:03,,,1.440000057
8/15/2026 10:08,,,1.636000037
8/15/2026 10:13,,,2.009000063
8/15/2026 10:18,,,3.463000059
8/15/2026 10:23,,,3.60800004
8/15/2026 10:28,,,5.668000221
8/15/2026 10:33,,,6.15500021
8/15/2026 10:38,,,2.763999939
8/15/2026 10:43,,,3.516000032
8/15/2026 10:48,,,2.424000025
8/15/2026 10:53,,,2.013999939
8/15/2026 10:58,,,2.444000006
8/15/2026 11:03,,,3.655999899
8/15/2026 11:08,,,2.651000023
8/15/2026 11:13,,,4.110000134
8/15/2026 11:18,,,3.940999985
8/15/2026 11:23,,,4.231999874
8/15/2026 11:28,,,4.013999939
8/15/2026 11:34,,,4.235000134
8/15/2026 11:39,,,3.648999929
8/15/2026 11:44,,,5.228000164
8/15/2026 11:49,,,4.901000023
8/15/2026 11:54,,,5.18200016
8/15/2026 11:59,,,10.27799988
8/15/2026 12:04,,,10.08600044
8/15/2026 12:09,,,10.28199959
8/15/2026 12:14,,,10.53199959
8/15/2026 12:19,,,11.15499973
8/15/2026 12:24,,,11.36499977
8/15/2026 12:29,,,11.94900036
8/15/2026 12:34,,,12.30300045
8/15/2026 12:39,,,12.58300018
8/15/2026 12:44,,,12.78199959
8/15/2026 12:49,,,12.94499969
8/15/2026 12:54,,,13.24699974
8/15/2026 12:59,,,13.65400028
8/15/2026 13:04,,,13.82800007
8/15/2026 13:09,,,14.01900005
8/15/2026 13:14,,,14.49100018
8/15/2026 13:19,,,14.64900017
8/15/2026 13:24,,,14.85700035
8/15/2026 13:29,,,15.35299969
8/15/2026 13:54,,,4.172999859
8/15/2026 13:59,,,4.406000137
8/15/2026 14:04,,,4.061999798
8/15/2026 14:10,,,3.575000048
8/15/2026 14:15,,,2.96600008
8/15/2026 14:20,,,2.444000006
8/15/2026 14:25,,,2.35800004
8/15/2026 14:30,,,2.444000006
8/15/2026 14:35,,,2.594000101
8/15/2026 14:40,,,2.578000069
8/15/2026 14:45,,,2.415999889
8/15/2026 14:50,,,2.128000021
8/15/2026 14:55,,,1.873999953
8/15/2026 15:00,,,1.812000036
8/15/2026 15:05,,,1.955000043
8/15/2026 15:10,,,1.904999971
8/15/2026 15:15,,,1.718000054
8/15/2026 15:20,,,1.577000022
8/15/2026 15:25,,,1.718000054
8/15/2026 15:30,,,1.764999986
8/15/2026 15:35,,,1.842000008
8/15/2026 15:40,,,1.843999982
8/15/2026 15:45,,,1.690999985
8/15/2026 15:50,,,1.501000047
8/15/2026 15:55,,,1.409999967
8/15/2026 16:00,,,1.442000031
8/15/2026 16:05,,,1.434999943
8/15/2026 16:10,,,1.376999974
8/15/2026 16:15,,,1.274000049
8/15/2026 16:20,,,1.167999983
8/15/2026 16:25,,,1.159000039
8/15/2026 16:31,,,1.152999997
8/15/2026 16:36,,,1.128000021
8/15/2026 16:41,,,1.105999947
8/15/2026 16:46,,,1.121000051
8/15/2026 16:51,,,1.197999954
8/15/2026 16:56,,,1.30400002
8/15/2026 17:01,,,1.447999954
8/15/2026 17:06,,,1.623000026
8/15/2026 17:11,,,1.835999966
8/15/2026 17:16,,,2.049000025
8/15/2026 17:21,,,2.186000109
8/15/2026 17:26,,,2.273999929
8/15/2026 17:31,,,2.298000097
8/15/2026 17:36,,,2.188999891
8/15/2026 17:41,,,2.102999926
8/15/2026 17:46,,,2.407000065
8/15/2026 17:51,,,2.969000101
8/15/2026 17:56,,,3.046000004
8/15/2026 18:01,,,2.40899992
8/15/2026 18:06,,,3.240999937
8/15/2026 18:11,,,1.970999956
8/15/2026 18:16,,,1.812999964
8/15/2026 18:21,,,2.96600008
8/15/2026 18:26,,,2.826999903
8/15/2026 18:31,,,2.209000111
8/15/2026 18:36,,,1.411999941
8/15/2026 18:41,,,1.340000033
8/15/2026 18:46,,,0.870999992
8/15/2026 18:51,,,0.760999978
8/15/2026 18:57,,,0.763000011
8/15/2026 19:02,,,0.949999988
8/15/2026 19:07,,,0.898000002
8/15/2026 19:12,,,0.819000006
8/15/2026 19:17,,,0.688000023
8/15/2026 19:22,,,0.657999992
8/15/2026 19:27,,,0.593999982
8/15/2026 19:32,,,0.514999986
8/15/2026 19:37,,,0.488000005
8/15/2026 19:42,,,0.386999995
8/15/2026 19:47,,,0.32100001
8/15/2026 19:52,,,0.30399999
8/15/2026 19:57,,,0.224000007
8/15/2026 20:02,,,0.232999995
8/15/2026 20:07,,,0.158999994
8/15/2026 20:12,,,0
8/15/2026 20:17,,,0
8/15/2026 20:22,,,0
8/15/2026 20:27,,,0
8/15/2026 20:32,,,0
8/15/2026 20:37,,,0
8/15/2026 20:42,,,0
8/15/2026 20:47,,,0
8/15/2026 20:52,,,0
8/15/2026 20:57,,,0
8/15/2026 21:02,,,0
8/15/2026 21:07,,,0
8/15/2026 21:12,,,0
8/15/2026 21:18,,,0
8/15/2026 21:23,,,0
8/15/2026 21:28,,,0
8/15/2026 21:33,,,0
8/15/2026 21:38,,,0
8/15/2026 21:43,,,0
8/15/2026 21:48,,,0
8/15/2026 21:53,,,0
8/15/2026 21:58,,,0
8/16/2026 4:00,,,0
8/16/2026 4:05,,,0
8/16/2026 4:10,,,0
8/16/2026 4:15,,,0
8/16/2026 4:20,,,0
8/16/2026 4:26,,,0
8/16/2026 4:31,,,0
8/16/2026 4:36,,,0
8/16/2026 4:41,,,0
8/16/2026 4:46,,,0
8/16/2026 4:51,,,0
8/16/2026 4:56,,,0
8/16/2026 5:01,,,0
8/16/2026 5:06,,,0
8/16/2026 5:11,,,0
8/16/2026 5:16,,,0
8/16/2026 5:21,,,0
8/16/2026 5:26,,,0
8/16/2026 5:31,,,0
8/16/2026 5:36,,,0
8/16/2026 5:41,,,0
8/16/2026 5:46,,,0
8/16/2026 5:51,,,0
8/16/2026 5:56,,,0
8/16/2026 6:01,,,0
8/16/2026 6:06,,,0
8/16/2026 6:11,,,0
8/16/2026 6:16,,,0
8/16/2026 6:21,,,0
8/16/2026 6:26,,,0
8/16/2026 6:31,,,0
8/16/2026 6:36,,,0
8/16/2026 6:41,,,0
8/16/2026 6:46,,,0
8/16/2026 6:52,,,0
8/16/2026 6:57,,,0
8/16/2026 7:02,,,0.001
8/16/2026 7:07,,,0.120999999
8/16/2026 7:12,,,0.187999994
8/16/2026 7:17,,,0.194000006
8/16/2026 7:22,,,0.180999994
8/16/2026 7:27,,,0.282000005
8/16/2026 7:32,,,0.367000014
8/16/2026 7:37,,,0.500999987
8/16/2026 7:42,,,0.591000021
8/16/2026 7:47,,,0.67900002
8/16/2026 7:52,,,0.800999999
8/16/2026 7:57,,,0.934000015
8/16/2026 8:02,,,1.088000059
8/16/2026 8:07,,,1.320000052
8/16/2026 8:12,,,1.680999994
8/16/2026 8:17,,,1.800999999
8/16/2026 8:22,,,1.774999976
8/16/2026 8:27,,,1.975000024
8/16/2026 8:32,,,1.761999965
8/16/2026 8:37,,,1.546000004
8/16/2026 8:42,,,1.212000012
8/16/2026 8:47,,,2.596999884
8/16/2026 8:52,,,2.51699996
8/16/2026 8:57,,,2.489000082
8/16/2026 9:02,,,3.183000088
8/16/2026 9:07,,,3.335000038
8/16/2026 9:13,,,3.555999994
8/16/2026 9:18,,,3.808000088
8/16/2026 9:23,,,4.092000008
8/16/2026 9:28,,,4.311999798
8/16/2026 9:33,,,4.589000225
8/16/2026 9:38,,,4.801000118
8/16/2026 9:43,,,5.019000053
8/16/2026 9:48,,,5.235000134
8/16/2026 9:53,,,5.488999844
8/16/2026 9:58,,,5.804999828
8/16/2026 10:03,,,6.126999855
8/16/2026 10:08,,,6.441999912
8/16/2026 10:13,,,6.69299984
8/16/2026 10:18,,,6.940000057
8/16/2026 10:23,,,7.234000206
8/16/2026 10:28,,,7.505000114
8/16/2026 10:33,,,7.568999767
8/16/2026 10:38,,,6.90199995
8/16/2026 10:43,,,7.828999996
8/16/2026 10:48,,,6.880000114
8/16/2026 10:53,,,5.513000011
8/16/2026 10:58,,,6.012000084
8/16/2026 11:03,,,6.717000008
8/16/2026 11:08,,,8.734999657
8/16/2026 11:13,,,8.807999611
8/16/2026 11:18,,,9.119999886
8/16/2026 11:23,,,9.788000107
8/16/2026 11:28,,,5.611000061
8/16/2026 11:34,,,5.087999821
8/16/2026 11:39,,,4.81400013
8/16/2026 11:44,,,4.46999979
8/16/2026 11:49,,,4.580999851
8/16/2026 11:54,,,5.413000107
8/16/2026 11:59,,,5.031000137
8/16/2026 12:04,,,5.038000107
8/16/2026 12:09,,,5.144999981
8/16/2026 12:14,,,6.94299984
8/16/2026 12:19,,,4.074999809
8/16/2026 12:24,,,4.271999836
8/16/2026 12:29,,,5.991000175
8/16/2026 12:34,,,5.712999821
8/16/2026 12:39,,,5.796999931
8/16/2026 12:44,,,5.975999832
8/16/2026 12:49,,,6.652999878
8/16/2026 12:54,,,6.18599987
8/16/2026 12:59,,,13.21700001
8/16/2026 13:04,,,11.2510004
8/16/2026 13:09,,,8.779999733
8/16/2026 13:14,,,12.0369997
8/16/2026 13:19,,,12.46199989
8/16/2026 13:24,,,8.088000298
8/16/2026 13:29,,,7.110000134
8/16/2026 13:53,,,1.200999975
8/16/2026 13:58,,,5.639999866
8/16/2026 14:03,,,4.28399992
8/16/2026 14:08,,,5.475999832
8/16/2026 14:13,,,6.987999916
8/16/2026 14:18,,,7.363999844
8/16/2026 14:23,,,5.493999958
8/16/2026 14:28,,,5.522999763
8/16/2026 14:33,,,5.816999912
8/16/2026 14:38,,,6.183000088
8/16/2026 14:44,,,5.184999943
8/16/2026 14:49,,,4.793000221
8/16/2026 14:54,,,5.375999928
8/16/2026 14:59,,,5.796999931
8/16/2026 15:04,,,6.117000103
8/16/2026 15:09,,,5.289999962
8/16/2026 15:14,,,4.550000191
8/16/2026 15:19,,,4.532999992
8/16/2026 15:24,,,3.631000042
8/16/2026 15:29,,,3.556999922
8/16/2026 15:34,,,3.871999979
8/16/2026 15:39,,,4.019999981
8/16/2026 15:44,,,3.907000065
8/16/2026 15:49,,,4.271999836
8/16/2026 15:54,,,5.132999897
8/16/2026 15:59,,,4.008999825
8/16/2026 16:04,,,3.325000048
8/16/2026 16:09,,,3.191999912
8/16/2026 16:14,,,3.255000114
8/16/2026 16:19,,,3.134000063
8/16/2026 16:24,,,2.785000086
8/16/2026 16:29,,,2.657999992
8/16/2026 16:34,,,2.642999887
8/16/2026 16:39,,,2.552000046
8/16/2026 16:44,,,2.443000078
8/16/2026 16:49,,,2.375999928
8/16/2026 16:54,,,2.336999893
8/16/2026 16:59,,,2.188999891
8/16/2026 17:05,,,2.065000057
8/16/2026 17:10,,,1.904999971
8/16/2026 17:15,,,2.013999939
8/16/2026 17:20,,,1.700000048
8/16/2026 17:25,,,1.562000036
8/16/2026 17:30,,,1.340999961
8/16/2026 17:35,,,1.41900003
8/16/2026 17:40,,,1.779999971
8/16/2026 17:45,,,1.838000059
8/16/2026 17:50,,,1.58099997
8/16/2026 17:55,,,1.559000015
8/16/2026 18:00,,,1.631999969
8/16/2026 18:05,,,1.279000044
8/16/2026 18:10,,,1.105000019
8/16/2026 18:15,,,0.938000023
8/16/2026 18:20,,,0.852999985
8/16/2026 18:25,,,0.828999996
8/16/2026 18:30,,,0.897000015
8/16/2026 18:35,,,0.902999997
8/16/2026 18:40,,,0.986000001
8/16/2026 18:45,,,1.093000054
8/16/2026 18:50,,,1.138000011
8/16/2026 18:55,,,1.180999994
8/16/2026 19:00,,,0.996999979
8/16/2026 19:05,,,0.822000027
8/16/2026 19:10,,,0.606000006
8/16/2026 19:15,,,0.508000016
8/16/2026 19:20,,,0.458000004
8/16/2026 19:26,,,0.419999987
8/16/2026 19:31,,,0.379999995
8/16/2026 19:36,,,0.298000008
8/16/2026 19:41,,,0.300999999
8/16/2026 19:46,,,0.246999994
8/16/2026 19:51,,,0.240999997
8/16/2026 19:56,,,0.188999996
8/16/2026 20:01,,,0.158999994
8/16/2026 20:06,,,0.135000005
8/16/2026 20:11,,,0
8/16/2026 20:16,,,0
8/16/2026 20:21,,,0
8/16/2026 20:26,,,0
8/16/2026 20:31,,,0
8/16/2026 20:36,,,0
8/16/2026 20:41,,,0
8/16/2026 20:46,,,0
8/16/2026 20:51,,,0
8/16/2026 20:56,,,0
8/16/2026 21:01,,,0
8/16/2026 21:06,,,0
8/16/2026 21:11,,,0
8/16/2026 21:16,,,0
8/16/2026 21:21,,,0
8/16/2026 21:26,,,0
8/16/2026 21:31,,,0
8/16/2026 21:36,,,0
8/16/2026 21:41,,,0
8/16/2026 21:46,,,0
8/16/2026 21:52,,,0
8/16/2026 21:57,,,0
8/17/2026 4:00,,,0
8/17/2026 4:05,,,0
8/17/2026 4:10,,,0
8/17/2026 4:15,,,0
8/17/2026 4:20,,,0
8/17/2026 4:26,,,0
8/17/2026 4:31,,,0
8/17/2026 4:36,,,0
8/17/2026 4:41,,,0
8/17/2026 4:46,,,0
8/17/2026 4:51,,,0
8/17/2026 4:56,,,0
8/17/2026 5:01,,,0
8/17/2026 5:06,,,0
8/17/2026 5:11,,,0
8/17/2026 5:16,,,0
8/17/2026 5:21,,,0
8/17/2026 5:26,,,0
8/17/2026 5:31,,,0
8/17/2026 5:36,,,0
8/17/2026 5:41,,,0
8/17/2026 5:46,,,0
8/17/2026 5:51,,,0
8/17/2026 5:56,,,0
8/17/2026 6:01,,,0
8/17/2026 6:06,,,0
8/17/2026 6:11,,,0
8/17/2026 6:16,,,0
8/17/2026 6:21,,,0
8/17/2026 6:26,,,0
8/17/2026 6:31,,,0
8/17/2026 6:36,,,0
8/17/2026 6:41,,,0
8/17/2026 6:47,,,0
8/17/2026 6:52,,,0
8/17/2026 6:57,,,0.001
8/17/2026 7:02,,,0.174999997
8/17/2026 7:07,,,0.165000007
8/17/2026 7:12,,,0
8/17/2026 7:17,,,0
8/17/2026 7:22,,,0
8/17/2026 7:27,,,0
8/17/2026 7:32,,,0
8/17/2026 7:37,,,0
8/17/2026 7:42,,,0
8/17/2026 7:47,,,0
8/17/2026 7:52,,,0
8/17/2026 7:57,,,0
8/17/2026 8:02,,,0
8/17/2026 8:07,,,0
8/17/2026 8:12,,,0
8/17/2026 8:17,,,0
8/17/2026 8:22,,,0
8/17/2026 8:27,,,0
8/17/2026 8:32,,,0
8/17/2026 8:37,,,0
8/17/2026 8:42,,,0
8/17/2026 8:47,,,0.180000007
8/17/2026 8:52,,,0.317000002
8/17/2026 8:57,,,0.368000001
8/17/2026 9:02,,,0.254000008
8/17/2026 9:07,,,0.194999993
8/17/2026 9:13,,,0.243000001
8/17/2026 9:18,,,0.677999973
8/17/2026 9:23,,,0.64200002
8/17/2026 9:28,,,0.823000014
8/17/2026 9:33,,,0.939999998
8/17/2026 9:38,,,0.638000011
8/17/2026 9:43,,,0.379999995
8/17/2026 9:48,,,0.31400001
8/17/2026 9:53,,,0.317999989
8/17/2026 9:58,,,0.328000009
8/17/2026 10:03,,,0.354999989
8/17/2026 10:08,,,0.40200001
8/17/2026 10:13,,,0.600000024
8/17/2026 10:18,,,0.709999979
8/17/2026 10:23,,,0.931999981
8/17/2026 10:28,,,0.674000025
8/17/2026 10:33,,,1.184999943
8/17/2026 10:38,,,1.09800005
8/17/2026 10:43,,,1.305999994
8/17/2026 10:48,,,0.913999975
8/17/2026 10:53,,,0.35800001
8/17/2026 10:58,,,0.374000013
8/17/2026 11:03,,,0.217999995
8/17/2026 11:08,,,0
8/17/2026 11:13,,,0.119000003
8/17/2026 11:18,,,0.275000006
8/17/2026 11:23,,,0.667999983
8/17/2026 11:28,,,1.192000031
8/17/2026 11:34,,,1.289999962
8/17/2026 11:39,,,2.016000032
8/17/2026 11:44,,,3.062999964
8/17/2026 11:49,,,2.411000013
8/17/2026 11:54,,,1.13499999
8/17/2026 11:59,,,0.550000012
8/17/2026 12:04,,,1.141000032
8/17/2026 12:09,,,0.952000022
8/17/2026 12:14,,,0.38499999
8/17/2026 12:19,,,0.216000006
8/17/2026 12:24,,,0.195999995
8/17/2026 12:29,,,0.001
8/17/2026 12:34,,,0
8/17/2026 12:39,,,0.001
8/17/2026 12:44,,,0.209000006
8/17/2026 12:49,,,0.455000013
8/17/2026 12:54,,,0.874000013
8/17/2026 12:59,,,1.539999962
8/17/2026 13:04,,,2.710000038
8/17/2026 13:09,,,1.511999965
8/17/2026 13:14,,,1.302999973
8/17/2026 13:19,,,1.146000028
8/17/2026 13:24,,,1.078999996
8/17/2026 13:29,,,2.582000017
8/17/2026 13:54,,,10.31499958
8/17/2026 13:59,,,3.825999975
8/17/2026 14:04,,,8.755999565
8/17/2026 14:09,,,5.982999802
8/17/2026 14:14,,,11.42700005
8/17/2026 14:20,,,5.393000126
8/17/2026 14:25,,,6.157000065
8/17/2026 14:30,,,3.24000001
8/17/2026 14:35,,,2.174000025
8/17/2026 14:40,,,2.177999973
8/17/2026 14:45,,,1.922000051
8/17/2026 14:50,,,2.155999899
8/17/2026 14:55,,,2.480000019
8/17/2026 15:00,,,4.051000118
8/17/2026 15:05,,,4.361000061
8/17/2026 15:10,,,4.320000172
8/17/2026 15:15,,,3.030999899
8/17/2026 15:20,,,3.933000088
8/17/2026 15:25,,,4.760000229
8/17/2026 15:30,,,4.467000008
8/17/2026 15:35,,,9.772000313
8/17/2026 15:40,,,3.622999907
8/17/2026 15:45,,,8.104999542
8/17/2026 15:50,,,5.605000019
8/17/2026 15:55,,,7.047999859
8/17/2026 16:00,,,3.464999914
8/17/2026 16:05,,,3.671999931
8/17/2026 16:10,,,6.677000046
8/17/2026 16:15,,,7.46999979
8/17/2026 16:20,,,5.605000019
8/17/2026 16:25,,,7.09800005
8/17/2026 16:30,,,8.118000031
8/17/2026 16:35,,,4.561999798
8/17/2026 16:41,,,2.555000067
8/17/2026 16:46,,,6.788000107
8/17/2026 16:51,,,3.213999987
8/17/2026 16:56,,,6.406000137
8/17/2026 17:01,,,2.47300005
8/17/2026 17:06,,,1.608999968
8/17/2026 17:11,,,1.521999955
8/17/2026 17:16,,,1.799000025
8/17/2026 17:21,,,1.985000014
8/17/2026 17:26,,,2.421000004
8/17/2026 17:31,522.7949829,49.29100037,4.302999973
8/17/2026 17:36,479.9039917,45.91400146,3.680000067
8/17/2026 17:41,455.4689941,50.88800049,3.871000051
8/17/2026 17:46,433.6619873,50.5890007,3.664000034
8/17/2026 17:51,465.9410095,48.49000168,3.773000002
8/17/2026 17:56,361.9039917,57.75099945,3.49000001
8/17/2026 18:01,310.1539917,55.4640007,2.872999907
8/17/2026 18:06,132.0930023,71.86499786,1.585000038
8/17/2026 18:11,126.3769989,70.24900055,1.48300004
8/17/2026 18:16,152.654007,66.72200012,1.700999975
8/17/2026 18:21,121.5759964,70.6760025,1.434999943
8/17/2026 18:26,101.3349991,71.09100342,1.202999949
8/17/2026 18:31,74.93299866,67.26100159,0.842000008
8/17/2026 18:36,62.0870018,64.41899872,0.667999983
8/17/2026 18:41,63.54700089,65.5019989,0.694999993
8/17/2026 18:46,57.83499908,70.52300262,0.680999994
8/17/2026 18:51,43.81100082,67.81600189,0.495999992
8/17/2026 18:56,45.4980011,69.78500366,0.529999971
8/17/2026 19:01,50.6230011,66.86599731,0.564999998
8/17/2026 19:07,45.43799973,68.05400085,0.515999973
8/17/2026 19:12,31.16799927,67.27999878,0.349999994
8/17/2026 19:17,23.6779995,56.5890007,0.224000007
8/17/2026 19:22,28.67700005,65.54100037,0.31400001
8/17/2026 19:27,20.64699936,50.95800018,0.175999999
8/17/2026 19:32,17.57600021,52.18500137,0.152999997
8/17/2026 19:37,13.72999954,0.252999991,0.001
8/17/2026 19:42,10.22299957,0.059,0
8/17/2026 19:47,7.525000095,0.052000001,0
8/17/2026 19:52,6.257999897,-0.101999998,0
8/17/2026 19:57,7.034999847,-0.133000001,0
8/17/2026 20:02,14.43000031,0.127000004,0
8/17/2026 20:07,12.54699993,0.066,0
8/17/2026 20:12,6.320000172,-0.173999995,0
8/17/2026 20:17,2.325999975,-0.713999987,0
8/17/2026 20:22,1.682000041,-1.052999973,0
8/17/2026 20:27,0.901000023,-2.289000034,0
8/17/2026 20:42,,,0
8/17/2026 20:47,,,0
8/17/2026 20:52,,,0
8/17/2026 20:57,,,0
8/17/2026 21:02,,,0
8/17/2026 21:07,,,0
8/17/2026 21:12,,,0
8/17/2026 21:17,,,0
8/17/2026 21:22,,,0
8/17/2026 21:27,,,0
8/17/2026 21:33,,,0
8/17/2026 21:38,,,0
8/17/2026 21:43,,,0
8/17/2026 21:48,,,0
8/17/2026 21:53,,,0
8/17/2026 21:58,,,0
8/18/2026 4:05,,,0
8/18/2026 4:15,,,0
8/18/2026 4:26,,,0
8/18/2026 4:31,,,0
8/18/2026 4:36,,,0
8/18/2026 4:41,,,0
8/18/2026 4:46,,,0
8/18/2026 4:51,,,0
8/18/2026 4:56,,,0
8/18/2026 5:01,,,0
8/18/2026 5:06,,,0
8/18/2026 5:11,,,0
8/18/2026 5:16,,,0
8/18/2026 5:21,,,0
8/18/2026 5:26,,,0
8/18/2026 5:31,,,0
8/18/2026 5:36,,,0
8/18/2026 5:41,,,0
8/18/2026 5:46,,,0
8/18/2026 5:51,,,0
8/18/2026 5:56,,,0
8/18/2026 6:01,,,0
8/18/2026 6:06,,,0
8/18/2026 6:11,,,0
8/18/2026 6:16,,,0
8/18/2026 6:21,,,0
8/18/2026 6:26,,,0
8/18/2026 6:31,,,0
8/18/2026 6:36,,,0
8/18/2026 6:41,2.565000057,-0.713999987,0
8/18/2026 6:46,3.506000042,-0.39199999,0
8/18/2026 6:52,4.730999947,-0.360000014,0
8/18/2026 6:57,4.985000134,-0.345999986,0
8/18/2026 7:02,5.828999996,-0.209999993,0
8/18/2026 7:07,7.028999805,-0.186000004,0
8/18/2026 7:12,8.173999786,-0.187000006,0
8/18/2026 7:17,9.652999878,-0.108999997,0
8/18/2026 7:22,12.06400013,-0.009,0
8/18/2026 7:27,14.90499973,0.008,0
8/18/2026 7:32,14.23099995,0.064999998,0
8/18/2026 7:37,14.26500034,0.050000001,0
8/18/2026 7:42,18.91399956,0.159999996,0.001
8/18/2026 7:47,21.125,33.92499924,0.119999997
8/18/2026 7:52,20.86400032,33.1969986,0.115999997
8/18/2026 7:57,26.80500031,32.95899963,0.148000002
8/18/2026 8:02,28.54400063,39.80400085,0.189999998
8/18/2026 8:07,29.76099968,43.51200104,0.216000006
8/18/2026 8:12,32.98400116,44.61199951,0.246000007
8/18/2026 8:17,34.33100128,47.1629982,0.270000011
8/18/2026 8:22,43.77799988,44.66699982,0.326999992
8/18/2026 8:27,46.85900116,46.2820015,0.361999989
8/18/2026 8:32,52.7820015,48.42900085,0.426999986
8/18/2026 8:37,60.55400085,51.03099823,0.515999973
8/18/2026 8:42,163.0619965,20.64900017,0.561999977
8/18/2026 8:47,63.81000137,51.39699936,0.547999978
8/18/2026 8:52,78.90100098,53.09400177,0.699999988
8/18/2026 8:57,128.677002,53.625,1.15199995
8/18/2026 9:02,232.3480072,39.66600037,1.539000034
8/18/2026 9:07,337.4689941,30.22599983,1.702999949
8/18/2026 9:12,164.5579987,57.99499893,1.593999982
8/18/2026 9:18,156.371994,56.79899979,1.48300004
8/18/2026 9:23,194.5449982,57.36700058,1.863999963
8/18/2026 9:28,444.4500122,53.90200043,4.000999928
8/18/2026 9:33,288.5270081,55.12200165,2.655999899
8/18/2026 9:38,279.8450012,56.33599854,2.632999897
8/18/2026 9:43,416.7630005,55.48400116,3.861999989
8/18/2026 9:48,407.3250122,51.9280014,3.532000065
8/18/2026 9:53,410.4559937,52.81600189,3.619999886
8/18/2026 9:58,698.4000244,53.8429985,6.28000021
8/18/2026 10:03,231.1929932,139.602005,5.389999866
8/18/2026 10:08,255.2649994,60.88100052,2.595000029
8/18/2026 10:13,468.1629944,72.35600281,5.657000065
8/18/2026 10:18,305.4790039,63.05599976,3.217000008
8/18/2026 10:23,221.6880035,59.79600143,2.213999987
8/18/2026 10:28,218.201004,63.70500183,2.321000099
8/18/2026 10:33,356.605011,68.68699646,4.09100008
8/18/2026 10:38,306.0979919,63.43299866,3.243000031
8/18/2026 10:43,411.4819946,59.10699844,4.061999798
8/18/2026 10:48,214.7689972,61.31600189,2.198999882
8/18/2026 10:53,161.3950043,61.97200012,1.669999957
8/18/2026 10:58,195.798996,63.58499908,2.078999996
8/18/2026 11:03,529.585022,74.12799835,6.556000233
8/18/2026 11:08,739.7119751,64.91899872,8.020000458
8/18/2026 11:13,633.8790283,80.20899963,8.491000175
8/18/2026 11:18,569.4879761,59.72000122,5.679999828
8/18/2026 11:23,783.2009888,62.98300171,8.237999916
8/18/2026 11:28,248.0130005,63.4109993,2.625999928
8/18/2026 11:33,272.2430115,62.6609993,2.848999977
8/18/2026 11:38,238.5460052,67.04000092,2.671000004
8/18/2026 11:44,254.2910004,64.31500244,2.730999947
8/18/2026 11:49,793.6459961,45.7879982,6.068999767
8/18/2026 11:54,1073.159058,64.8710022,11.6260004
8/18/2026 11:59,1048.871948,65.74500275,11.51599979
8/18/2026 12:04,826.7750244,69.16899872,9.550000191
8/18/2026 12:09,248.4799957,66.82700348,2.773000002
8/18/2026 12:14,723.1140137,41.40999985,5.000999928
8/18/2026 12:19,259.1090088,90.54799652,3.917999983
8/18/2026 12:24,243.9179993,74.8219986,3.048000097
8/18/2026 12:29,246.8320007,63.4659996,2.615999937
8/18/2026 12:34,371.7990112,70.37000275,4.368999958
8/18/2026 12:39,436.196991,80.76300049,5.882999897
8/18/2026 12:44,273.8009949,70.06199646,3.203999996
8/18/2026 12:49,1157.917969,69.73300171,13.48400021
8/18/2026 12:54,786.8610229,29.49799919,3.875999928
8/18/2026 12:59,230.7420044,71.98999786,2.773999929
8/18/2026 13:04,1097.300049,70.75499725,12.9659996
8/18/2026 13:09,248.3860016,67.94499969,2.818000078
8/18/2026 13:14,516.4450073,60.84199905,5.247000217
8/18/2026 13:19,513.9539795,156.5319977,13.43500042
8/18/2026 13:24,833.8709717,72.17199707,10.05000019
8/18/2026 13:29,260.9679871,72.89800262,3.177000046
8/18/2026 13:53,783.8430176,71.16200256,9.31499958
8/18/2026 13:58,508.1359863,111.1790009,9.434000015
8/18/2026 14:03,998.3109741,70.53199768,11.75899982
8/18/2026 14:08,812.1489868,72.98100281,9.897999763
8/18/2026 14:13,888.7890015,58.56600189,8.69299984
8/18/2026 14:18,299.6910095,69.08899689,3.457999945
8/18/2026 14:23,574.5540161,76.3219986,7.322999954
8/18/2026 14:28,793.8909912,70.41500092,9.336000443
8/18/2026 14:33,541.0430298,70.45200348,6.366000175
8/18/2026 14:38,755.9539795,68.98699951,8.708999634
8/18/2026 14:43,496.2510071,65.18199921,5.40199995
8/18/2026 14:48,680.59198,66.01599884,7.502999783
8/18/2026 14:53,761.4559937,69.09899902,8.786999702
8/18/2026 14:58,766.0020142,64.69499969,8.276000023
8/18/2026 15:03,844.2490234,73.20999908,10.32199955
8/18/2026 15:08,815.809021,63.04600143,8.588999748
8/18/2026 15:14,779.8449707,60.54000092,7.883999825
8/18/2026 15:19,908.5570068,65.0039978,9.862999916
8/18/2026 15:24,582.4730225,67.03800201,6.520999908
8/18/2026 15:29,773.617981,66.47100067,8.588000298
8/18/2026 15:34,894.2219849,66.08399963,9.869000435
8/18/2026 15:39,636.6779785,66.03500366,7.020999908
8/18/2026 15:44,793.0510254,64.85399628,8.588999748
8/18/2026 15:49,825.6710205,65.09100342,8.975000381
8/18/2026 15:54,815.0540161,66.48799896,9.050000191
8/18/2026 15:59,794.8690186,66.58499908,8.838999748
8/18/2026 16:04,779.6060181,63.7480011,8.300000191
8/18/2026 16:09,814.4520264,62.08800125,8.444999695
8/18/2026 16:14,729.5180054,63.9109993,7.785999775
8/18/2026 16:19,780.3660278,65.61499786,8.550999641
8/18/2026 16:24,595.0410156,66.03199768,6.561999798
8/18/2026 16:29,706.0089722,63.58300018,7.497000217
8/18/2026 16:34,563.3369751,62.60100174,5.888999939
8/18/2026 16:39,588.1599731,64.93800354,6.377999783
8/18/2026 16:44,467.2250061,55.25099945,4.31099987
8/18/2026 16:49,478.5119934,56.6629982,4.527999878
8/18/2026 16:54,452.3680115,64.7440033,4.890999794
8/18/2026 16:59,361.5150146,63.97399902,3.861999989
8/18/2026 17:04,349.2219849,63.25699997,3.688999891
8/18/2026 17:09,233.2189941,89.1740036,3.47300005
8/18/2026 17:14,307.3670044,63.13700104,3.240999937
8/18/2026 17:19,209.022995,69.52300262,2.427000046
8/18/2026 17:24,226.6380005,69.75900269,2.640000105
8/18/2026 17:29,365.946991,65.39499664,3.996999979
8/18/2026 17:34,373.9630127,59.90800095,3.740999937
8/18/2026 17:40,462.8930054,60.50699997,4.677000046
8/18/2026 17:45,229.701004,67.6210022,2.594000101
8/18/2026 17:50,208.6860046,70.23300171,2.447999954
8/18/2026 17:55,257.3770142,62.63600159,2.691999912
8/18/2026 18:00,269.7009888,58.22700119,2.622999907
8/18/2026 18:05,153.2220001,64.13500214,1.641000032
8/18/2026 18:10,270.8330078,55.75799942,2.522000074
8/18/2026 18:15,344.8850098,50.6590004,2.917999983
8/18/2026 18:20,302.9349976,52.22900009,2.64199996
8/18/2026 18:25,313.6499939,47.10400009,2.467000008
8/18/2026 18:30,286.4580078,46.02500153,2.201999903
8/18/2026 18:35,152.8500061,62.64699936,1.598999977
8/18/2026 18:40,126.4380035,62.54100037,1.32099998
8/18/2026 18:45,106.9909973,80.77500153,1.442999959
8/18/2026 18:50,96.33599854,77.41100311,1.245000005
8/18/2026 18:55,90.14399719,74.8030014,1.126000047
8/18/2026 19:00,71.43099976,79.52700043,0.949000001
8/18/2026 19:05,69.61699677,66.6309967,0.774999976
8/18/2026 19:10,75.1289978,74.31700134,0.931999981
8/18/2026 19:15,66.75700378,69.90699768,0.778999984
8/18/2026 19:20,56.33100128,67.90299988,0.638999999
8/18/2026 19:25,51.52799988,69.18199921,0.595000029
8/18/2026 19:30,37.41400146,60.3429985,0.377000004
8/18/2026 19:35,32.50299835,68.26399994,0.370999992
8/18/2026 19:40,28.66900063,55.69800186,0.26699999
8/18/2026 19:45,26.24699974,59.61500168,0.261000007
8/18/2026 19:50,24.04999924,52.90599823,0.211999997
8/18/2026 19:55,19.84000015,48.5359993,0.160999998
8/18/2026 20:00,18.20999908,49.31700134,0.150000006
8/18/2026 20:06,16.56200027,2.019000053,0.006
8/18/2026 20:11,12.83699989,0.043000001,0
8/18/2026 20:16,10.31000042,-0.052999999,0
8/18/2026 20:21,7.357999802,-0.169,0
8/18/2026 20:26,4.436999798,-0.412999988,0
8/18/2026 20:31,1.881000042,-0.834999979,0
8/18/2026 20:36,0.545000017,-3.990999937,0
8/18/2026 20:41,,,0
8/18/2026 20:46,,,0
8/18/2026 20:51,,,0
8/18/2026 20:56,,,0
8/18/2026 21:01,,,0
8/18/2026 21:06,,,0
8/18/2026 21:11,,,0
8/18/2026 21:16,,,0
8/18/2026 21:21,,,0
8/18/2026 21:26,,,0
8/18/2026 21:31,,,0
8/18/2026 21:36,,,0
8/18/2026 21:41,,,0
8/18/2026 21:46,,,0
8/18/2026 21:51,,,0
8/18/2026 21:56,,,0
8/19/2026 4:05,,,0
8/19/2026 4:15,,,0
8/19/2026 4:26,,,0
8/19/2026 4:31,,,0
8/19/2026 4:36,,,0
8/19/2026 4:41,,,0
8/19/2026 4:46,,,0
8/19/2026 4:51,,,0
8/19/2026 4:56,,,0
8/19/2026 5:01,,,0
8/19/2026 5:06,,,0
8/19/2026 5:11,,,0
8/19/2026 5:16,,,0
8/19/2026 5:21,,,0
8/19/2026 5:26,,,0
8/19/2026 5:31,,,0
8/19/2026 5:36,,,0
8/19/2026 5:41,,,0
8/19/2026 5:46,,,0
8/19/2026 5:51,,,0
8/19/2026 5:56,,,0
8/19/2026 6:01,,,0
8/19/2026 6:06,,,0
8/19/2026 6:11,,,0
8/19/2026 6:16,,,0
8/19/2026 6:21,,,0
8/19/2026 6:26,,,0
8/19/2026 6:31,,,0
8/19/2026 6:36,,,0
8/19/2026 6:41,6.459000111,-0.261999995,0
8/19/2026 6:46,8.954999924,-0.138999999,0
8/19/2026 6:52,11.52900028,-0.037,0
8/19/2026 6:57,14.86200047,0.097000003,0
8/19/2026 7:02,17.68199921,0.115999997,0
8/19/2026 7:07,20.58300018,15.02099991,0.052000001
8/19/2026 7:12,25.16799927,36.05099869,0.151999995
8/19/2026 7:17,30.46699905,41.24499893,0.209999993
8/19/2026 7:22,42.20800018,39.82699966,0.280999988
8/19/2026 7:27,46.86999893,41.79000092,0.326999992
8/19/2026 7:32,52.50500107,36.61399841,0.32100001
8/19/2026 7:37,77.65899658,26.59000015,0.344999999
8/19/2026 7:42,99.71800232,19.18400002,0.319000006
8/19/2026 7:47,59.58200073,30.61800003,0.305000007
8/19/2026 7:52,92.01599884,21.92700005,0.337000012
8/19/2026 7:57,102.7360001,21.76799965,0.372999996
8/19/2026 8:02,155.5890045,16.38400078,0.425999999
8/19/2026 8:07,212.6139984,17.68099976,0.628000021
8/19/2026 8:12,157.7120056,34.32099915,0.903999984
8/19/2026 8:17,222.9530029,38.57600021,1.43599999
8/19/2026 8:22,273.6579895,38.99499893,1.781999946
8/19/2026 8:27,281.9100037,40.37799835,1.901000023
8/19/2026 8:32,303.197998,41.55599976,2.104000092
8/19/2026 8:37,323.4880066,42.73500061,2.309000015
8/19/2026 8:42,338.7929993,43.68600082,2.471999884
8/19/2026 8:47,365.9070129,44.06700134,2.693000078
8/19/2026 8:52,382.2659912,45.94800186,2.933000088
8/19/2026 8:57,407.1359863,47.46900177,3.226999998
8/19/2026 9:02,324.4129944,46.8429985,2.538000107
8/19/2026 9:07,430.5589905,48.89899826,3.516000032
8/19/2026 9:13,445.5450134,50.66500092,3.769999981
8/19/2026 9:18,484.7470093,50.92499924,4.123000145
8/19/2026 9:23,471.6350098,51.72299957,4.073999882
8/19/2026 9:28,489.4909973,52.11500168,4.260000229
8/19/2026 9:33,441.5759888,53.71900177,3.960999966
8/19/2026 9:38,538.677002,53.76900101,4.836999893
8/19/2026 9:43,552.9039917,54.56200027,5.038000107
8/19/2026 9:48,580.8179932,55.2179985,5.355999947
8/19/2026 9:53,603.2869873,55.89699936,5.631999969
8/19/2026 9:58,619.3460083,56.03300095,5.796000004
8/19/2026 10:03,636.3439941,57.62099838,6.123000145
8/19/2026 10:08,635.2369995,58.91999817,6.250999928
8/19/2026 10:13,650.6110229,59.36700058,6.449999809
8/19/2026 10:18,689.8400269,60.09700012,6.922999859
8/19/2026 10:23,699.7299805,60.95700073,7.123000145
8/19/2026 10:28,721.9470215,61.56900024,7.422999859
8/19/2026 10:33,738.6469727,62.01399994,7.650000095
8/19/2026 10:38,754.0910034,63.16500092,7.954999924
8/19/2026 10:43,770.7849731,63.67300034,8.196000099
8/19/2026 10:48,787.5380249,64.38300323,8.468000412
8/19/2026 10:53,803.348999,65.05000305,8.727000237
8/19/2026 10:58,820.2269897,65.78700256,9.01099968
8/19/2026 11:03,837.1099854,65.85700226,9.206999779
8/19/2026 11:08,852.2990112,66.61199951,9.480999947
8/19/2026 11:13,866.6699829,67.68900299,9.796999931
8/19/2026 11:18,879.1890259,68.4960022,10.05700016
8/19/2026 11:23,891.3779907,69.34400177,10.32299995
8/19/2026 11:28,902.5930176,70.1780014,10.57800007
8/19/2026 11:33,912.8579712,71.18399811,10.85200024
8/19/2026 11:39,922.5980225,72.74900055,11.20899963
8/19/2026 11:44,934.6870117,73.29299927,11.44099998
8/19/2026 11:49,944.3129883,74.11299896,11.68799973
8/19/2026 11:54,951.7730103,75.30999756,11.97000027
8/19/2026 11:59,960.5120239,76.34100342,12.24499989
8/19/2026 12:04,970.1489868,76.69499969,12.42599964
8/19/2026 12:09,979.1849976,77.38600159,12.65400028
8/19/2026 12:14,976.6710205,79.50700378,12.96800041
8/19/2026 12:19,978.3410034,80.06500244,13.08100033
8/19/2026 12:24,992.440979,79.70899963,13.21100044
8/19/2026 12:29,991.2189941,81.35800171,13.46800041
8/19/2026 12:34,991.3579712,82.10299683,13.59300041
8/19/2026 12:39,995.065979,82.49700165,13.70899963
8/19/2026 12:44,996.065979,82.74099731,13.76299953
8/19/2026 12:49,1001.164001,83.02300262,13.88099957
8/19/2026 12:54,1002.513,83.73600006,14.01900005
8/19/2026 12:59,1002.656006,84.54000092,14.15600014
8/19/2026 13:04,1000.437012,85.12999725,14.22299957
8/19/2026 13:09,1004.148987,85.85399628,14.39700031
8/19/2026 13:14,1004.840027,86.21700287,14.46800041
8/19/2026 13:19,1006.776001,86.63899994,14.56700039
8/19/2026 13:24,1007.002991,86.69300079,14.57900047
8/19/2026 13:29,1007.711975,87.19499969,14.67399979
8/19/2026 13:52,999.7030029,85.95700073,14.35099983
8/19/2026 13:57,994.8549805,86.31199646,14.34000015
8/19/2026 14:02,993.1160278,86.34500122,14.31999969
8/19/2026 14:07,991.6430054,85.72100067,14.1960001
8/19/2026 14:12,983.8699951,86.09999847,14.14700031
8/19/2026 14:17,982.8400269,85.73100281,14.0710001
8/19/2026 14:22,976.7630005,85.43000031,13.93500042
8/19/2026 14:27,974.7329712,84.72000122,13.79100037
8/19/2026 14:33,961.8549805,84.92900085,13.6420002
8/19/2026 14:38,957.9110107,85.27899933,13.6420002
8/19/2026 14:43,952.9979858,84.50700378,13.44900036
8/19/2026 14:48,949.3829956,84.83499908,13.44999981
8/19/2026 14:53,954.5809937,84.21800232,13.42599964
8/19/2026 14:58,932.4660034,82.37000275,12.82699966
8/19/2026 15:03,941.7139893,83.82299805,13.18299961
8/19/2026 15:08,903.8709717,83.40100098,12.58899975
8/19/2026 15:13,896.5939941,83.40899658,12.48900032
8/19/2026 15:18,911.4719849,81.70200348,12.43599987
8/19/2026 15:23,870.1439819,80.39399719,11.68200016
8/19/2026 15:28,861.1290283,80.55200195,11.58399963
8/19/2026 15:33,844.2979736,79.58599854,11.22099972
8/19/2026 15:38,840.7440186,80.12000275,11.2489996
8/19/2026 15:43,817.3270264,78.90699768,10.77000046
8/19/2026 15:48,816.8870239,77.68499756,10.59799957
8/19/2026 15:53,793.1190186,77.30699921,10.23900032
8/19/2026 15:58,782.6079712,75.72299957,9.897000313
8/19/2026 16:03,777.9569702,76.01100159,9.875
8/19/2026 16:08,740.9710083,75.64900208,9.361000061
8/19/2026 16:13,711.7550049,71.4940033,8.498000145
8/19/2026 16:18,746.2420044,74.01999664,9.223999977
8/19/2026 16:23,430.803009,105.3949966,7.583000183
8/19/2026 16:28,684.1170044,71.74199677,8.196000099
8/19/2026 16:33,227.2369995,77.70400238,2.948999882
8/19/2026 16:38,667.4580078,71.49700165,7.968999863
8/19/2026 16:43,630.7789917,69.74500275,7.347000122
8/19/2026 16:48,632.8950195,68.9940033,7.291999817
8/19/2026 16:54,113.9049988,81.66899872,1.55400002
8/19/2026 16:59,88.82900238,94.51499939,1.40199995
8/19/2026 17:04,560.9119873,66.88500214,6.264999866
8/19/2026 17:09,558.7410278,65.43299866,6.105999947
8/19/2026 17:14,373.348999,30.86800003,1.924999952
8/19/2026 17:19,90.02100372,84.60700226,1.271999955
8/19/2026 17:24,198.4850006,62.90999985,2.085000038
8/19/2026 17:29,494.1659851,61.02899933,5.035999775
8/19/2026 17:34,458.6149902,60.53300095,4.636000156
8/19/2026 17:39,64.11100006,87.54000092,0.936999977
8/19/2026 17:44,71.78299713,76.09899902,0.912
8/19/2026 17:49,389.0710144,55.12900162,3.582000017
8/19/2026 17:54,278.3670044,23.25399971,1.08099997
8/19/2026 17:59,75.77100372,79.36499786,1.003999949
8/19/2026 18:04,339.6170044,48.33100128,2.740999937
8/19/2026 18:09,323.7669983,51.2140007,2.769000053
8/19/2026 18:14,293.9240112,51.09000015,2.507999897
8/19/2026 18:19,286.6159973,50.75099945,2.428999901
8/19/2026 18:24,260.5889893,49.13000107,2.138000011
8/19/2026 18:29,239.0769958,47.07300186,1.878999949
8/19/2026 18:34,222.1410065,46.43299866,1.72300005
8/19/2026 18:39,204.8970032,45.16699982,1.546000004
8/19/2026 18:44,49.2480011,164.8289948,1.355999947
8/19/2026 18:49,46.15800095,154.7590027,1.192999959
8/19/2026 18:54,90.6190033,68.77100372,1.041000009
8/19/2026 18:59,43.2159996,123.6819992,0.893000007
8/19/2026 19:04,41.73300171,113.663002,0.791999996
8/19/2026 19:09,40.47399902,101.6350021,0.686999977
8/19/2026 19:14,38.73099899,87.43800354,0.565999985
8/19/2026 19:20,36.5379982,82.59799957,0.504000008
8/19/2026 19:25,34.6269989,79.84600067,0.462000012
8/19/2026 19:30,32.82699966,80.54100037,0.442000002
8/19/2026 19:35,30.57699966,79.87999725,0.407999992
8/19/2026 19:40,27.5529995,75.5510025,0.34799999
8/19/2026 19:45,24.75900078,77.09100342,0.319000006
8/19/2026 19:50,22.62199974,84.66000366,0.319999993
8/19/2026 19:55,19.90399933,74.06099701,0.246000007
8/19/2026 20:00,17.6060009,64.61199951,0.189999998
8/19/2026 20:05,15.24100018,65.41400146,0.165999994
8/19/2026 20:10,12.58600044,0.098999999,0
8/19/2026 20:15,10.55300045,0.052000001,0
8/19/2026 20:20,7.936999798,-0.086999997,0
8/19/2026 20:25,5.97300005,-0.225999996,0
8/19/2026 20:30,3.361000061,-0.340999991,0
8/19/2026 20:35,1.263000011,-1.402999997,0
8/19/2026 20:45,,,0
8/19/2026 20:55,,,0
8/19/2026 21:05,,,0
8/19/2026 21:15,,,0
8/19/2026 21:25,,,0
8/19/2026 21:35,,,0
8/19/2026 21:46,,,0
8/19/2026 21:51,,,0
8/19/2026 21:56,,,0
8/20/2026 4:05,,,0
8/20/2026 4:15,,,0
8/20/2026 4:26,,,0
8/20/2026 4:31,,,0
8/20/2026 4:36,,,0
8/20/2026 4:41,,,0
8/20/2026 4:46,,,0
8/20/2026 4:51,,,0
8/20/2026 4:56,,,0
8/20/2026 5:01,,,0
8/20/2026 5:06,,,0
8/20/2026 5:11,,,0
8/20/2026 5:16,,,0
8/20/2026 5:21,,,0
8/20/2026 5:26,,,0
8/20/2026 5:31,,,0
8/20/2026 5:36,,,0
8/20/2026 5:41,,,0
8/20/2026 5:46,,,0
8/20/2026 5:51,,,0
8/20/2026 5:56,,,0
8/20/2026 6:01,,,0
8/20/2026 6:06,,,0
8/20/2026 6:11,,,0
8/20/2026 6:16,,,0
8/20/2026 6:21,,,0
8/20/2026 6:26,,,0
8/20/2026 6:31,,,0
8/20/2026 6:36,,,0
8/20/2026 6:41,2.301000118,-0.742999971,0
8/20/2026 6:46,6.848999977,-0.208000004,0
8/20/2026 6:52,11.4989996,-0.023,0
8/20/2026 6:57,14.18000031,0.012,0
8/20/2026 7:02,15.36699963,0.064000003,0
8/20/2026 7:07,29.12700081,23.97200012,0.116999999
8/20/2026 7:12,36.35699844,37.57899857,0.228
8/20/2026 7:17,31.65600014,35.39799881,0.187000006
8/20/2026 7:22,31.60099983,36.13700104,0.191
8/20/2026 7:27,23.61800003,39.45600128,0.156000003
8/20/2026 7:32,26.18499947,37.8390007,0.165000007
8/20/2026 7:37,23.60000038,36.27399826,0.143000007
8/20/2026 7:42,25.69499969,39.95700073,0.171000004
8/20/2026 7:47,31.97800064,42.5719986,0.226999998
8/20/2026 7:52,43.84199905,45.54800034,0.333000004
8/20/2026 7:57,56.68999863,51.36100006,0.486000001
8/20/2026 8:02,71.66999817,52.93299866,0.634000003
8/20/2026 8:07,76.43199921,54.61999893,0.697000027
8/20/2026 8:12,79.68900299,54.06700134,0.720000029
8/20/2026 8:17,90.9240036,53.43000031,0.81099999
8/20/2026 8:22,111.5289993,54.26399994,1.011000037
8/20/2026 8:27,132.1009979,46.61100006,1.027999997
8/20/2026 8:32,189.1410065,30.90399933,0.976000011
8/20/2026 8:37,111.8970032,53.81000137,1.006000042
8/20/2026 8:42,125.4899979,52.66199875,1.103999972
8/20/2026 8:47,198.4660034,36.37099838,1.205000043
8/20/2026 8:52,229.1360016,32.91199875,1.258999944
8/20/2026 8:57,175.1840057,40.83599854,1.195000052
8/20/2026 9:02,157.4100037,52.36500168,1.376999974
8/20/2026 9:07,352.8299866,37.60400009,2.21600008
8/20/2026 9:13,408.8580017,39.05799866,2.667000055
8/20/2026 9:18,451.3250122,47.11000061,3.551000118
8/20/2026 9:23,471.5029907,51.05500031,4.019999981
8/20/2026 9:28,382.2770081,61.45000076,3.923000097
8/20/2026 9:33,297.730011,53.73799896,2.671999931
8/20/2026 9:38,241.1679993,58.75799942,2.365999937
8/20/2026 9:43,457.0209961,54.29899979,4.144000053
8/20/2026 9:48,602.3569946,55.45899963,5.578999996
8/20/2026 9:53,623.6859741,38.34700012,3.993999958
8/20/2026 9:58,635.2479858,58.03900146,6.157000065
8/20/2026 10:03,189.9179993,62.08599854,1.968999982
8/20/2026 10:08,190.128006,64.05200195,2.03399992
8/20/2026 10:13,194.5149994,65.13700104,2.115999937
8/20/2026 10:18,171.1790009,67.23600006,1.922000051
8/20/2026 10:23,166.5050049,67.74199677,1.883999944
8/20/2026 10:28,147.2590027,66.34200287,1.631000042
8/20/2026 10:33,174.9129944,67.22399902,1.963999987
8/20/2026 10:38,218.8910065,67.65100098,2.47300005
8/20/2026 10:43,212.6880035,67.17299652,2.385999918
8/20/2026 10:48,259.5130005,66.89800262,2.898999929
8/20/2026 10:53,213.2409973,67.73799896,2.411999941
8/20/2026 10:58,262.3299866,69.2480011,3.03399992
8/20/2026 11:03,410.3259888,68.10199738,4.666999817
8/20/2026 11:08,624.6820068,67.93299866,7.086999893
8/20/2026 11:13,233.9120026,70.83899689,2.76699996
8/20/2026 11:18,237.2250061,66.80699921,2.647000074
8/20/2026 11:23,245.7619934,70.18800354,2.881000042
8/20/2026 11:28,119.973999,68.36199951,1.370000005
8/20/2026 11:33,173.8029938,70.64900208,2.051000118
8/20/2026 11:39,265.5039978,70.19499969,3.111999989
8/20/2026 11:44,255.977005,69.31800079,2.963000059
8/20/2026 11:49,210.8509979,68.46499634,2.411000013
8/20/2026 11:54,189.927002,67.68199921,2.147000074
8/20/2026 11:59,189.4450073,67.06600189,2.121999979
8/20/2026 12:04,403.230011,72.32299805,4.869999886
8/20/2026 12:09,114.2549973,60.0379982,1.146000028
8/20/2026 12:14,570.4799805,117.5090027,11.19499969
8/20/2026 12:19,1109.458008,61.15000153,11.32999992
8/20/2026 12:24,479.4590149,105.3889999,8.437999725
8/20/2026 12:29,1073.126953,67.93900299,12.17599964
8/20/2026 12:34,1031.610962,69.73600006,12.01399994
8/20/2026 12:39,902.572998,73.8789978,11.13599968
8/20/2026 12:44,63.2159996,62.19100189,0.657000005
8/20/2026 12:49,33.66199875,57.75999832,0.324999988
8/20/2026 12:54,50.66199875,60.67200089,0.513000011
8/20/2026 12:59,83.0510025,75.44499969,1.046000004
8/20/2026 13:04,135.6909943,81.0019989,1.835999966
8/20/2026 13:09,25.64699936,51.15999985,0.218999997
8/20/2026 13:14,106.9110031,77.46299744,1.383000016
8/20/2026 13:19,557.4229736,53.34400177,4.96600008
8/20/2026 13:24,189.5659943,72.6289978,2.299000025
8/20/2026 13:29,159.4499969,71.62999725,1.906999946
8/20/2026 13:52,280.776001,86.12400055,4.038000107
8/20/2026 13:57,521.617981,54.98500061,4.789999962
8/20/2026 14:02,211.5619965,73.31300354,2.589999914
8/20/2026 14:07,230.5910034,72.44000244,2.789999962
8/20/2026 14:12,219.8029938,50.95800018,1.871000051
8/20/2026 14:17,370.2009888,63.34600067,3.915999889
8/20/2026 14:22,301.4349976,57.99499893,2.91899991
8/20/2026 14:27,936.59198,71.29599762,11.15100002
8/20/2026 14:32,247.9589996,55.27000046,2.289000034
8/20/2026 14:38,168.4299927,48.29899979,1.358999968
8/20/2026 14:43,110.7070007,44.93099976,0.83099997
8/20/2026 14:48,209.7630005,55.45100021,1.942000031
8/20/2026 14:53,825.7579956,64.5019989,8.895000458
8/20/2026 14:58,828.1660156,63.60900116,8.796999931
8/20/2026 15:03,796.8250122,61.1590004,8.137999535
8/20/2026 15:08,620.190979,61.06200027,6.323999882
8/20/2026 15:13,129.6029968,45.58200073,0.986999989
8/20/2026 15:18,256.9389954,39.79199982,1.707000017
8/20/2026 15:23,295.6610107,45.14099884,2.229000092
8/20/2026 15:28,251.9309998,40.78499985,1.715999961
8/20/2026 15:33,704.59198,29.75900078,3.502000093
8/20/2026 15:38,860.4370117,10.96500015,1.575999975
8/20/2026 15:43,826.8569946,12.12899971,1.674999952
8/20/2026 15:48,853.0059814,14.05799961,2.003000021
8/20/2026 15:53,788.5009766,14.46500015,1.904999971
8/20/2026 15:58,209.4859924,35.55699921,1.243999958
8/20/2026 16:03,873.0469971,22.22400093,3.24000001
8/20/2026 16:08,781.1129761,21.45999908,2.799000025
8/20/2026 16:13,345.5750122,18.37800026,1.06099999
8/20/2026 16:18,132.9550018,24.27099991,0.538999975
8/20/2026 16:23,121.0179977,29.83499908,0.602999985
8/20/2026 16:28,120.6880035,23.93300056,0.481999993
8/20/2026 16:33,112.8259964,18.08300018,0.340999991
8/20/2026 16:38,89.89800262,18.87999916,0.282999992
8/20/2026 16:43,60.47700119,17.65200043,0.178000003
8/20/2026 16:48,58.72800064,20.10300064,0.196999997
8/20/2026 16:53,73.79699707,14.28499985,0.175999999
8/20/2026 16:59,59.92900085,14.14799976,0.142000005
8/20/2026 17:04,59.01100159,14.82999992,0.145999998
8/20/2026 17:09,47.70899963,16.97900009,0.135000005
8/20/2026 17:14,54.26399994,10.15100002,0.092
8/20/2026 17:19,66.9980011,24.32799911,0.272000015
8/20/2026 17:24,126.0100021,19.06699944,0.400999993
8/20/2026 17:29,134.4019928,23.19799995,0.521000028
8/20/2026 17:34,123.0130005,21.36000061,0.43900001
8/20/2026 17:39,106.7089996,19.75499916,0.351999998
8/20/2026 17:44,99.66200256,16.44300079,0.273999989
8/20/2026 17:49,90.93599701,15.77200031,0.239999995
8/20/2026 17:54,84.08399963,10.90400028,0.152999997
8/20/2026 17:59,79.56500244,12.38799953,0.165000007
8/20/2026 18:04,61.82600021,0.017999999,0
8/20/2026 18:09,53.56900024,0.012,0
8/20/2026 18:14,58.65200043,0.024,0
8/20/2026 18:19,56.76599884,0.013,0
8/20/2026 18:24,62.30500031,3.571000099,0.037
8/20/2026 18:29,76.35199738,14.7489996,0.187999994
8/20/2026 18:34,76.81800079,12.59500027,0.162
8/20/2026 18:39,83.12799835,16.02099991,0.222000003
8/20/2026 18:44,75.49500275,12.89900017,0.163000003
8/20/2026 18:49,66.88899994,12.875,0.143999994
8/20/2026 18:54,62.84799957,0.035,0
8/20/2026 18:59,54.40299988,0.021,0
8/20/2026 19:04,45.9620018,-0.005,0
8/20/2026 19:09,34.34600067,-0.017000001,0
8/20/2026 19:14,27.16200066,-0.050999999,0
8/20/2026 19:20,19.45599937,-0.079000004,0
8/20/2026 19:25,15.71700001,-0.104000002,0
8/20/2026 19:30,19.11400032,-0.100000001,0
8/20/2026 19:35,22.33799934,-0.077,0
8/20/2026 19:40,19.81599998,-0.086999997,0
8/20/2026 19:45,21.7310009,-0.075999998,0
8/20/2026 19:50,19.60899925,-0.072999999,0
8/20/2026 19:55,19.00300026,-0.090999998,0
8/20/2026 20:00,19.3010006,-0.074000001,0
8/20/2026 20:05,18.07500076,-0.092,0
8/20/2026 20:10,14.84300041,-0.098999999,0
8/20/2026 20:15,12.87699986,-0.130999997,0
8/20/2026 20:20,7.991000175,-0.201000005,0
8/20/2026 20:25,4.425000191,-0.416000009,0
8/20/2026 20:30,0.921999991,-1.618000031,0
8/20/2026 20:35,0.344000012,-5.254000187,0
8/20/2026 20:40,0.529999971,-2.660000086,0
8/20/2026 20:45,,,0
8/20/2026 20:55,,,0
8/20/2026 21:05,,,0
8/20/2026 21:15,,,0
8/20/2026 21:25,,,0
8/20/2026 21:35,,,0
8/20/2026 21:46,,,0
8/20/2026 21:51,,,0
8/20/2026 21:56,,,0
8/21/2026 4:05,,,0
8/21/2026 4:15,,,0
8/21/2026 4:26,,,0
8/21/2026 4:31,,,0
8/21/2026 4:36,,,0
8/21/2026 4:41,,,0
8/21/2026 4:46,,,0
8/21/2026 4:51,,,0
8/21/2026 4:56,,,0
8/21/2026 5:01,,,0
8/21/2026 5:06,,,0
8/21/2026 5:11,,,0
8/21/2026 5:16,,,0
8/21/2026 5:21,,,0
8/21/2026 5:26,,,0
8/21/2026 5:31,,,0
8/21/2026 5:36,,,0
8/21/2026 5:41,,,0
8/21/2026 5:46,,,0
8/21/2026 5:51,,,0
8/21/2026 5:56,,,0
8/21/2026 6:01,,,0
8/21/2026 6:06,,,0
8/21/2026 6:11,,,0
8/21/2026 6:16,,,0
8/21/2026 6:21,,,0
8/21/2026 6:26,,,0
8/21/2026 6:31,,,0
8/21/2026 6:36,,,0
8/21/2026 6:41,0.128999993,-12.22700024,0
8/21/2026 6:57,0.041000001,-43.36800003,0
8/21/2026 7:02,0.469999999,-3.265000105,0
8/21/2026 7:07,1.422000051,-1.30400002,0
8/21/2026 7:12,2.753000021,-0.68599999,0
8/21/2026 7:17,3.710000038,-0.50999999,0
8/21/2026 7:22,4.215000153,-0.335000008,0
8/21/2026 7:27,4.715000153,-0.361999989,0
8/21/2026 7:32,4.978000164,-0.319999993,0
8/21/2026 7:37,5.977000237,-0.246000007,0
8/21/2026 7:42,7.499000072,-0.186000004,0
8/21/2026 7:47,8.807999611,-0.186000004,0
8/21/2026 7:52,9.546999931,-0.201000005,0
8/21/2026 7:57,9.892999649,-0.173999995,0
8/21/2026 8:02,10.30200005,-0.157000005,0
8/21/2026 8:07,10.30200005,-0.191,0
8/21/2026 8:12,11.22399998,-0.172000006,0
8/21/2026 8:17,12.91399956,-0.107000001,0
8/21/2026 8:22,14.72500038,-0.115999997,0
8/21/2026 8:27,14.56900024,-0.085000001,0
8/21/2026 8:32,13.97900009,-0.098999999,0
8/21/2026 8:37,12.90299988,-0.119000003,0
8/21/2026 8:42,13.45699978,-0.104999997,0
8/21/2026 8:47,14.65600014,-0.081,0
8/21/2026 8:52,16.7840004,-0.082000002,0
8/21/2026 8:57,19.32900047,-0.083999999,0
8/21/2026 9:02,21.45700073,-0.068000004,0
8/21/2026 9:07,21.85499954,-0.048999999,0
8/21/2026 9:13,23.53499985,-0.054000001,0
8/21/2026 9:18,27.24300003,-0.037999999,0
8/21/2026 9:23,26.83699989,-0.029999999,0
8/21/2026 9:28,27.70700073,-0.024,0
8/21/2026 9:33,29.15999985,-0.028999999,0
8/21/2026 9:38,32.84799957,-0.017999999,0
8/21/2026 9:43,34.42499924,-0.016000001,0
8/21/2026 9:48,35.875,-0.014,0
8/21/2026 9:53,36.15299988,-0.021,0
8/21/2026 9:58,37.97900009,-0.016000001,0
8/21/2026 10:03,39.73099899,-0.007,0
8/21/2026 10:08,41.88800049,-0.001,0
8/21/2026 10:13,41.38600159,0.012,0
8/21/2026 10:18,41.15200043,-0.008,0
8/21/2026 10:28,40.25500107,-0.008,0
8/21/2026 10:33,42.2879982,0.001,0
8/21/2026 10:38,45.54700089,-0.001,0
8/21/2026 10:43,48.25400162,0.002,0
8/21/2026 10:48,43.6969986,1.014999986,0.007
8/21/2026 10:53,49.94400024,61.02199936,0.509000003
8/21/2026 10:58,48.62599945,58.17300034,0.472000003
8/21/2026 11:03,50.98699951,62.10599899,0.528999984
8/21/2026 11:08,54.47499847,63.31600189,0.575999975
8/21/2026 11:13,61.55899811,64.80599976,0.666000009
8/21/2026 11:18,66.61499786,63.98699951,0.712000012
8/21/2026 11:23,73.04499817,66.97699738,0.816999972
8/21/2026 11:28,73.59999847,69.90699768,0.859000027
8/21/2026 11:33,63.72299957,67.51599884,0.717999995
8/21/2026 11:39,46.97600174,59.79299927,0.469000012
8/21/2026 11:44,44.41699982,63.38600159,0.469999999
8/21/2026 11:49,55.48799896,61.5890007,0.57099998
8/21/2026 11:54,58.45500183,59.80500031,0.583999991
8/21/2026 11:59,74.73300171,64.18199921,0.800999999
8/21/2026 12:04,96.02700043,67.7519989,1.087000012
8/21/2026 12:09,108.8789978,66.79100037,1.213999987
8/21/2026 12:14,115.3430023,68.73200226,1.324000001
8/21/2026 12:19,129.4700012,69.2559967,1.496999979
8/21/2026 12:24,147.8930054,69.16699982,1.707999945
8/21/2026 12:29,158.9600067,67.51300049,1.792000055
8/21/2026 12:34,166.548996,64.81099701,1.802999973
8/21/2026 12:39,164.5099945,64.69799805,1.77699995
8/21/2026 12:44,148.7689972,65.48000336,1.626999974
8/21/2026 12:49,165.6790009,66.25499725,1.832999945
8/21/2026 12:54,167.2299957,65.22100067,1.82099998
8/21/2026 12:59,164.4850006,65.47899628,1.799000025
8/21/2026 13:04,144.3589935,63.94499969,1.542000055
8/21/2026 13:09,175.5749969,65.46800232,1.919999957
8/21/2026 13:14,188.6100006,64.6230011,2.035000086
8/21/2026 13:19,148.1849976,63.74700165,1.577999949
8/21/2026 13:24,126.0169983,64.10199738,1.348999977
8/21/2026 13:29,134.1190033,65.54799652,1.468000054
8/21/2026 13:52,92.06600189,59.39899826,0.912999988
8/21/2026 13:57,93.19300079,62.76599884,0.976999998
8/21/2026 14:02,87.52200317,56.63100052,0.828000009
8/21/2026 14:07,93.40299988,57.65000153,0.898999989
8/21/2026 14:12,103.5780029,55.04700089,0.952000022
8/21/2026 14:17,150.8990021,56.87900162,1.432999969
8/21/2026 14:22,168.552002,59.31800079,1.669999957
8/21/2026 14:28,209.5429993,62.12799835,2.174000025
8/21/2026 14:33,181.5950012,61.21900177,1.856999993
8/21/2026 14:38,285.3760071,13.99600029,0.666999996
8/21/2026 14:43,257.3580017,59.59000015,2.561000109
8/21/2026 14:48,358.625,60.9070015,3.648000002
8/21/2026 14:53,390.5580139,60.43700027,3.941999912
8/21/2026 14:58,432.6059875,62.45500183,4.512000084
8/21/2026 15:03,257.5910034,62.11100006,2.671999931
8/21/2026 15:08,248.7299957,62.92100143,2.614000082
8/21/2026 15:13,235.8450012,29.81900024,1.174000025
8/21/2026 15:18,272.8869934,59.27399826,2.700999975
8/21/2026 15:23,311.3139954,62.52000046,3.25
8/21/2026 15:28,500.9049988,44.49200058,3.721999884
8/21/2026 15:33,667.5310059,63.65299988,7.096000195
8/21/2026 15:38,620.0670166,45.52600098,4.714000225
8/21/2026 15:43,798.96698,46.9109993,6.258999825
8/21/2026 15:48,591.4710083,65.0019989,6.421000004
8/21/2026 15:53,369.7690125,57.70899963,3.563999891
8/21/2026 15:58,804.6450195,56.07500076,7.534999847
8/21/2026 16:03,837.7739868,52.11399841,7.290999889
8/21/2026 16:08,223.9680023,56.04899979,2.095999956
8/21/2026 16:13,705.3380127,53.99100113,6.360000134
8/21/2026 16:18,792.757019,52.04399872,6.889999866
8/21/2026 16:23,804.1810303,50.75,6.815999985
8/21/2026 16:28,535.0130005,27.79700089,2.483999968
8/21/2026 16:33,719.3530273,51.66199875,6.205999851
8/21/2026 16:38,693.5200195,51.26300049,5.936999798
8/21/2026 16:43,688.3939819,50.81700134,5.842000008
8/21/2026 16:49,692.0570068,44.73500061,5.170000076
8/21/2026 16:54,673.7459717,50.98199844,5.736000061
8/21/2026 16:59,627.9910278,50.02999878,5.247000217
8/21/2026 17:04,575.0490112,49.36999893,4.741000175
8/21/2026 17:09,560.6989746,48.43799973,4.535999775
8/21/2026 17:14,541.1149902,47.92300034,4.330999851
8/21/2026 17:19,526.7689819,47.61700058,4.18900013
8/21/2026 17:24,527.4509888,47.00999832,4.140999794
8/21/2026 17:29,121.9219971,63.79299927,1.299000025
8/21/2026 17:34,118.1999969,74.04699707,1.462000012
8/21/2026 17:39,78.21499634,60.43299866,0.788999975
8/21/2026 17:44,110.5390015,68.34999847,1.261999965
8/21/2026 17:49,76.7009964,69.86199951,0.894999981
8/21/2026 17:54,13.79699993,53.5909996,0.123000003
8/21/2026 17:59,7.309999943,-0.035999998,0
8/21/2026 18:04,2.680999994,-0.522000015,0
8/21/2026 18:14,7.015999794,0.228,0
8/21/2026 18:19,34.49900055,80.38700104,0.463
8/21/2026 18:24,47.97499847,76.26799774,0.611000001
8/21/2026 18:29,30.13299942,58.97499847,0.296999991
8/21/2026 18:34,39.18600082,65.87999725,0.430999994
8/21/2026 18:39,27.55500031,63.36500168,0.291999996
8/21/2026 18:44,24.12100029,56.20500183,0.225999996
8/21/2026 18:49,31.82900047,59.52600098,0.316000015
8/21/2026 18:54,32.35699844,59.10400009,0.319000006
8/21/2026 18:59,40.6590004,56.84500122,0.386000007
8/21/2026 19:04,49.83100128,63.54999924,0.528999984
8/21/2026 19:10,38.41600037,53.86700058,0.345999986
8/21/2026 19:15,38.2179985,55.00099945,0.351000011
8/21/2026 19:20,28.41600037,53.56700134,0.254000008
8/21/2026 19:25,19.06500053,40.42100143,0.128999993
8/21/2026 19:35,8.359000206,-0.028999999,0
8/21/2026 19:40,9.484999657,0.011,0
8/21/2026 19:45,6.975999832,-0.140000001,0
8/21/2026 19:50,8.444999695,-0.079999998,0
8/21/2026 19:55,7.501999855,-0.134000003,0
8/21/2026 20:00,6.223999977,-0.223000005,0
8/21/2026 20:05,4.166999817,-0.301999986,0
8/21/2026 20:10,2.362999916,-0.577000022,0
8/21/2026 20:15,1.225000024,-1.098999977,0
8/21/2026 20:20,0.365999997,-4.037000179,0
8/21/2026 20:35,,,0
8/21/2026 20:45,,,0
8/21/2026 20:55,,,0
8/21/2026 21:05,,,0
8/21/2026 21:15,,,0
8/21/2026 21:25,,,0
8/21/2026 21:36,,,0
8/21/2026 21:41,,,0
8/21/2026 21:46,,,0
8/21/2026 21:51,,,0
8/21/2026 21:56,,,0
8/22/2026 4:05,,,0
8/22/2026 4:15,,,0
8/22/2026 4:26,,,0
8/22/2026 4:31,,,0
8/22/2026 4:36,,,0
8/22/2026 4:41,,,0
8/22/2026 4:46,,,0
8/22/2026 4:51,,,0
8/22/2026 4:56,,,0
8/22/2026 5:01,,,0
8/22/2026 5:06,,,0
8/22/2026 5:11,,,0
8/22/2026 5:16,,,0
8/22/2026 5:21,,,0
8/22/2026 5:26,,,0
8/22/2026 5:31,,,0
8/22/2026 5:36,,,0
8/22/2026 5:41,,,0
8/22/2026 5:46,,,0
8/22/2026 5:51,,,0
8/22/2026 5:56,,,0
8/22/2026 6:01,,,0
8/22/2026 6:06,,,0
8/22/2026 6:11,,,0
8/22/2026 6:16,,,0
8/22/2026 6:21,,,0
8/22/2026 6:26,,,0
8/22/2026 6:31,,,0
8/22/2026 6:36,,,0
8/22/2026 6:41,3.816999912,-0.30399999,0
8/22/2026 6:47,5.846000195,-0.216000006,0
8/22/2026 6:52,10.81400013,-0.041000001,0
8/22/2026 6:57,14.03899956,0.037,0
8/22/2026 7:02,20.91200066,0.135000005,0
8/22/2026 7:07,23.01099968,34.05699921,0.130999997
8/22/2026 7:12,37.59400177,27.94099998,0.174999997
8/22/2026 7:17,53.45500183,33.71900177,0.300999999
8/22/2026 7:22,46.57500076,46.20999908,0.358999997
8/22/2026 7:27,68.33399963,32.31000137,0.368999988
8/22/2026 7:32,59.36700058,33.43500137,0.331
8/22/2026 7:37,86.1190033,34.83800125,0.500999987
8/22/2026 7:42,118.5849991,36.7159996,0.726999998
8/22/2026 7:47,143.0019989,38.15599823,0.911000013
8/22/2026 7:52,167.0469971,40.61600113,1.133000016
8/22/2026 7:57,187.6909943,44,1.378999949
8/22/2026 8:02,80.53500366,58.31200027,0.783999979
8/22/2026 8:07,79.67099762,54.94599915,0.731000006
8/22/2026 8:12,94.28600311,54.38199997,0.856000006
8/22/2026 8:17,282.5090027,43.8370018,2.068000078
8/22/2026 8:22,142.1459961,54.80899811,1.300999999
8/22/2026 8:27,349.5409851,45.88700104,2.678999901
8/22/2026 8:32,357.3169861,47.67599869,2.845000029
8/22/2026 8:37,141.8970032,63.89400101,1.514000058
8/22/2026 8:42,106.7590027,57.36000061,1.023000002
8/22/2026 8:47,101.8379974,58.81999969,1
8/22/2026 8:52,114.4629974,58.98099899,1.126999974
8/22/2026 8:57,143.3609924,59.32500076,1.419999957
8/22/2026 9:02,161.3509979,58.00600052,1.562999964
8/22/2026 9:08,145.0310059,57.47499847,1.39199996
8/22/2026 9:13,154.3009949,58.05599976,1.496000051
8/22/2026 9:18,397.7770081,51.2519989,3.404999971
8/22/2026 9:23,479.0299988,46.0359993,3.683000088
8/22/2026 9:28,425.8150024,68.39399719,4.863999844
8/22/2026 9:33,180.6069946,55.38199997,1.669999957
8/22/2026 9:38,412.6300049,54.99599838,3.789999962
8/22/2026 9:43,367.8609924,55.74599838,3.424999952
8/22/2026 9:48,654.2310181,53.52399826,5.84800005
8/22/2026 9:53,626.6719971,53.72999954,5.623000145
8/22/2026 9:58,639.1810303,54.05400085,5.769999981
8/22/2026 10:03,655.0739746,54.63700104,5.977000237
8/22/2026 10:08,674.6209717,55.42699814,6.243999958
8/22/2026 10:13,693.1439819,55.84999847,6.465000153
8/22/2026 10:18,708.7340088,56.47800064,6.684999943
8/22/2026 10:23,727.9210205,56.69100189,6.892000198
8/22/2026 10:28,745.9039917,57.9109993,7.214000225
8/22/2026 10:33,727.1749878,59.09400177,7.176000118
8/22/2026 10:38,783.098999,59.04600143,7.722000122
8/22/2026 10:43,804.4819946,59.9109993,8.048999786
8/22/2026 10:48,843.3740234,60.40100098,8.506999969
8/22/2026 10:53,874.2979736,60.44900131,8.826000214
8/22/2026 10:58,885.6630249,61.70000076,9.126000404
8/22/2026 11:03,883.3120117,61.9090004,9.131999969
8/22/2026 11:08,901.8969727,62.63499832,9.434000015
8/22/2026 11:13,966.2949829,63.66999817,10.27499962
8/22/2026 11:18,1004.197998,64.45500183,10.80900002
8/22/2026 11:23,1022.258972,64.91799927,11.08300018
8/22/2026 11:29,277.7130127,63.14799881,2.928999901
8/22/2026 11:34,1016.091003,66.12799835,11.22099972
8/22/2026 11:39,1024.375977,65.37599945,11.18400002
8/22/2026 11:44,229.9329987,71.00900269,2.726999998
8/22/2026 11:49,188.4750061,70.71900177,2.226000071
8/22/2026 11:54,1054.338013,66.43699646,11.69799995
8/22/2026 11:59,1006.445984,67.67900085,11.375
8/22/2026 12:04,1010.953003,68.2990036,11.53100014
8/22/2026 12:09,1065.602051,68.51999664,12.19299984
8/22/2026 12:14,988.8660278,25.11700058,4.147999763
8/22/2026 12:19,1030.097046,70.06800079,12.05300045
8/22/2026 12:24,1034.050049,69.73899841,12.04300022
8/22/2026 12:29,1110.609985,28.6420002,5.311999798
8/22/2026 12:34,208.8339996,73.15299988,2.551000118
8/22/2026 12:39,209.0110016,71.93499756,2.510999918
8/22/2026 12:44,261.0629883,72.28600311,3.15199995
8/22/2026 12:49,1148.796997,69.97899628,13.42500019
8/22/2026 12:54,1193.722046,70.10500336,13.97500038
8/22/2026 12:59,205.5870056,70.19000244,2.410000086
8/22/2026 13:04,317.6789856,73.19599915,3.882999897
8/22/2026 13:09,1195.078003,71.63700104,14.29699993
8/22/2026 13:14,1207.072021,71.05999756,14.32400036
8/22/2026 13:19,239.6109924,69.75900269,2.790999889
8/22/2026 13:24,1112.034058,73.25700378,13.60499954
8/22/2026 13:29,1085.508057,71.90599823,13.03499985
8/22/2026 13:53,481.1279907,70.19000244,5.639999866
8/22/2026 13:58,215.3009949,73.66999817,2.648999929
8/22/2026 14:03,245.25,73.33100128,3.003000021
8/22/2026 14:08,621.5170288,47.6269989,4.94299984
8/22/2026 14:13,448.9070129,64.33699799,4.822999954
8/22/2026 14:18,1021.53302,70.58599854,12.04199982
8/22/2026 14:23,1015.424988,69.53700256,11.79199982
8/22/2026 14:28,1035.501953,69.90000153,12.0880003
8/22/2026 14:33,841.3870239,90.7519989,12.75199986
8/22/2026 14:38,1034.447998,70.15899658,12.11999989
8/22/2026 14:43,1032.581055,69.61599731,12.00500011
8/22/2026 14:48,902.3850098,68.24500275,10.2840004
8/22/2026 14:53,1015.627014,70.46299744,11.95100021
8/22/2026 14:59,929.0720215,79.51599884,12.33699989
8/22/2026 15:04,939.9630127,69.61699677,10.92800045
8/22/2026 15:09,240.0850067,77.29100037,3.098999977
8/22/2026 15:14,196.3630066,76.85900116,2.519999981
8/22/2026 15:19,732.6149902,67.23899841,8.225999832
8/22/2026 15:24,1017.822998,68.14299774,11.58300018
8/22/2026 15:29,282.8819885,77.21600342,3.648000002
8/22/2026 15:34,198.6950073,76.90200043,2.552000046
8/22/2026 15:39,229.2050018,73.49500275,2.812999964
8/22/2026 15:44,441.0490112,70.02200317,5.157000065
8/22/2026 15:49,947.4959717,68.08200073,10.77299976
8/22/2026 15:54,877.9370117,55.8030014,8.18200016
8/22/2026 15:59,857.7550049,63.45500183,9.090000153
8/22/2026 16:04,348.1619873,79.21399689,4.605999947
8/22/2026 16:09,376.6700134,129.5769958,8.151000023
8/22/2026 16:14,450.8330078,97.87000275,7.368999958
8/22/2026 16:19,760.2459717,63.4090004,8.050000191
8/22/2026 16:24,637.4349976,66.09500122,7.035999775
8/22/2026 16:29,435.6749878,66.55500031,4.842000008
8/22/2026 16:34,409.1010132,63.77799988,4.356999874
8/22/2026 16:39,650.1329956,62.06100082,6.737999916
8/22/2026 16:44,232.8009949,67.91600037,2.640000105
8/22/2026 16:49,192.6260071,70.38899994,2.263999939
8/22/2026 16:54,230.7189941,70.47699738,2.714999914
8/22/2026 16:59,217.1860046,72.54499817,2.631000042
8/22/2026 17:04,266.7059937,81.52200317,3.631000042
8/22/2026 17:09,239.1860046,60.11899948,2.401000023
8/22/2026 17:14,576.1370239,58.57500076,5.636000156
8/22/2026 17:20,306.8680115,57.04399872,2.923000097
8/22/2026 17:25,491.7000122,59.48500061,4.885000229
8/22/2026 17:30,537.7280273,54.37900162,4.882999897
8/22/2026 17:35,513.9039917,52.5340004,4.508999825
8/22/2026 17:40,467.9580078,50.57799911,3.953000069
8/22/2026 17:45,428.3510132,49.13299942,3.515000105
8/22/2026 17:50,404.1340027,48.31800079,3.260999918
8/22/2026 17:55,472.0480042,40.29399872,3.176000118
8/22/2026 18:00,442.2879944,40.35800171,2.980999947
8/22/2026 18:05,231.4880066,54.14599991,2.092999935
8/22/2026 18:10,333.8479919,46.66999817,2.601999998
8/22/2026 18:15,314.1919861,44.49000168,2.334000111
8/22/2026 18:20,304.5419922,45.81299973,2.329999924
8/22/2026 18:25,270.3770142,44.40200043,2.005000114
8/22/2026 18:30,242.151001,43.38700104,1.754999995
8/22/2026 18:35,128.5240021,56.91999817,1.222000003
8/22/2026 18:40,129.1829987,51.63800049,1.113999963
8/22/2026 18:45,133.1419983,53.64699936,1.192999959
8/22/2026 18:50,46.34600067,128.0610046,0.990999997
8/22/2026 18:55,98.89800262,49.72299957,0.82099998
8/22/2026 19:00,40.56000137,106.4000015,0.721000016
8/22/2026 19:05,38.27199936,97.2559967,0.621999979
8/22/2026 19:10,36.23099899,80.57900238,0.488000005
8/22/2026 19:15,34.21900177,74.5039978,0.425999999
8/22/2026 19:20,32.34999847,71.04399872,0.384000003
8/22/2026 19:25,30.61300087,70.22499847,0.358999997
8/22/2026 19:30,28.9829998,67.52300262,0.326999992
8/22/2026 19:35,26.37299919,65.68800354,0.289000005
8/22/2026 19:41,23.70100021,65.59300232,0.25999999
8/22/2026 19:46,21.57500076,65.96299744,0.238000005
8/22/2026 19:51,18.89699936,63.48500061,0.200000003
8/22/2026 19:56,16.63699913,61.97100067,0.172000006
8/22/2026 20:01,14.30599976,56.25999832,0.134000003
8/22/2026 20:06,12.06400013,0.100000001,0
8/22/2026 20:11,9.711999893,0.006,0
8/22/2026 20:16,7.448999882,-0.142000005,0
8/22/2026 20:21,4.953000069,-0.409000009,0
8/22/2026 20:26,2.628999949,-0.485000014,0
8/22/2026 20:31,1.154000044,-1.376999974,0
8/22/2026 20:36,,,0
8/22/2026 20:41,,,0
8/22/2026 20:46,,,0
8/22/2026 20:51,,,0
8/22/2026 20:56,,,0
8/22/2026 21:01,,,0
8/22/2026 21:06,,,0
8/22/2026 21:11,,,0
8/22/2026 21:16,,,0
8/22/2026 21:21,,,0
8/22/2026 21:26,,,0
8/22/2026 21:31,,,0
8/22/2026 21:36,,,0
8/22/2026 21:41,,,0
8/22/2026 21:46,,,0
8/22/2026 21:51,,,0
8/22/2026 21:56,,,0
8/23/2026 4:05,,,0
8/23/2026 4:15,,,0
8/23/2026 4:26,,,0
8/23/2026 4:31,,,0
8/23/2026 4:36,,,0
8/23/2026 4:41,,,0
8/23/2026 4:46,,,0
8/23/2026 4:51,,,0
8/23/2026 4:56,,,0
8/23/2026 5:01,,,0
8/23/2026 5:06,,,0
8/23/2026 5:11,,,0
8/23/2026 5:16,,,0
8/23/2026 5:21,,,0
8/23/2026 5:26,,,0
8/23/2026 5:31,,,0
8/23/2026 5:36,,,0
8/23/2026 5:41,,,0
8/23/2026 5:46,,,0
8/23/2026 5:51,,,0
8/23/2026 5:56,,,0
8/23/2026 6:01,,,0
8/23/2026 6:06,,,0
8/23/2026 6:11,,,0
8/23/2026 6:16,,,0
8/23/2026 6:21,,,0
8/23/2026 6:26,,,0
8/23/2026 6:31,,,0
8/23/2026 6:36,,,0
8/23/2026 6:41,5.239999771,-0.254000008,0
8/23/2026 6:47,7.125,-0.194999993,0
8/23/2026 6:52,11.07299995,-0.075000003,0
8/23/2026 6:57,14.13500023,0.046,0
8/23/2026 7:02,16.04599953,0.090000004,0
8/23/2026 7:07,17.97500038,0.127000004,0
8/23/2026 7:12,24.21100044,30.74600029,0.123999998
8/23/2026 7:17,32.67499924,42.40200043,0.231000006
8/23/2026 7:22,40.6609993,47.57300186,0.323000014
8/23/2026 7:27,46.38600159,50.45700073,0.391000003
8/23/2026 7:32,50.22200012,48.03300095,0.402999997
8/23/2026 7:37,67.86699677,50.7820015,0.575999975
8/23/2026 7:42,101.7850037,36.72000122,0.624000013
8/23/2026 7:47,116.3310013,37.36299896,0.726000011
8/23/2026 7:52,133.2050018,38.25,0.851000011
8/23/2026 7:57,160.927002,38.66600037,1.039000034
8/23/2026 8:02,173.7940063,40.44100189,1.174000025
8/23/2026 8:07,191.4669952,41.66999817,1.332000017
8/23/2026 8:12,207.6970062,42.59799957,1.478000045
8/23/2026 8:17,224.8990021,44.44400024,1.66900003
8/23/2026 8:22,248.8670044,45.19599915,1.878000021
8/23/2026 8:27,268.8659973,46.36000061,2.082000017
8/23/2026 8:32,289.7770081,46.38899994,2.244999886
8/23/2026 8:37,309.0549927,48.10300064,2.48300004
8/23/2026 8:42,329.0379944,49.18099976,2.701999903
8/23/2026 8:47,349.7049866,50.63700104,2.957000017
8/23/2026 8:52,362.0589905,51.6629982,3.124000072
8/23/2026 8:57,384.0620117,52.86299896,3.391000032
8/23/2026 9:02,407.0400085,53.42499924,3.631999969
8/23/2026 9:08,424.9230042,54.36800003,3.85800004
8/23/2026 9:13,444.4339905,55.21699905,4.09800005
8/23/2026 9:18,466.5280151,55.99599838,4.362999916
8/23/2026 9:23,487.3269958,56.49300003,4.59800005
8/23/2026 9:28,504.8410034,57.22399902,4.823999882
8/23/2026 9:33,518.9420166,58.98300171,5.111999989
8/23/2026 9:38,543.5390015,58.97399902,5.353000164
8/23/2026 9:43,565.1760254,59.60200119,5.625
8/23/2026 9:48,583.1820068,60.2120018,5.863999844
8/23/2026 9:53,605.3540039,60.68399811,6.135000229
8/23/2026 9:58,598.7810059,61.46699905,6.145999908
8/23/2026 10:03,633.8729858,61.14599991,6.47300005
8/23/2026 10:08,654.8809814,63.29100037,6.921999931
8/23/2026 10:13,662.7050171,63.96500015,7.078999996
8/23/2026 10:18,689.9060059,63.6780014,7.336999893
8/23/2026 10:23,716.9260254,64.05400085,7.669000149
8/23/2026 10:28,714.5869751,65.31300354,7.794000149
8/23/2026 10:33,763.1610107,64.45800018,8.215000153
8/23/2026 10:38,751.3709717,65.70899963,8.244999886
8/23/2026 10:43,772.2219849,65.9940033,8.51099968
8/23/2026 10:48,792.4580078,66.64600372,8.819999695
8/23/2026 10:53,798.5700073,67.6969986,9.027999878
8/23/2026 10:58,830.2340088,68.32099915,9.472999573
8/23/2026 11:03,797.0449829,70.50700378,9.385000229
8/23/2026 11:08,861.2050171,70.02200317,10.0710001
8/23/2026 11:13,890.7540283,69.59200287,10.35200024
8/23/2026 11:18,842.8540039,71.59300232,10.07699966
8/23/2026 11:23,762.0020142,71.84500122,9.142999649
8/23/2026 11:29,821.8010254,72.91999817,10.00800037
8/23/2026 11:34,919.2869873,72.29100037,11.09799957
8/23/2026 11:39,935.2659912,72.74299622,11.36200047
8/23/2026 11:44,967.6129761,73.53500366,11.88300037
8/23/2026 11:49,847.6149902,75.02100372,10.61900043
8/23/2026 11:54,953.2109985,74.6210022,11.87899971
8/23/2026 11:59,757.3029785,76.47699738,9.671999931
8/23/2026 12:04,919.5219727,74.60700226,11.45699978
8/23/2026 12:09,850.9299927,72.00900269,10.2329998
8/23/2026 12:14,940.9580078,66.54399872,10.45699978
8/23/2026 12:19,911.9060059,80.125,12.20199966
8/23/2026 12:24,1065.20105,76.98100281,13.69400024
8/23/2026 12:29,959.4470215,77.53900146,12.42399979
8/23/2026 12:34,773.4910278,75.32700348,9.729999542
8/23/2026 12:39,900.1749878,78.83200073,11.85099983
8/23/2026 12:44,1048.391968,79.22899628,13.87199974
8/23/2026 12:49,913.9110107,77.44200134,11.81900024
8/23/2026 12:54,930.742981,79.55000305,12.36499977
8/23/2026 12:59,1049.899048,77.95200348,13.66800022
8/23/2026 13:04,858.4229736,75.27200317,10.79100037
8/23/2026 13:09,776.1539917,79.27899933,10.27600002
8/23/2026 13:14,816.7160034,80.79799652,11.02000046
8/23/2026 13:19,874.9780273,56.66600037,8.279999733
8/23/2026 13:24,954.4180298,78.71800232,12.54699993
8/23/2026 13:29,821.8619995,90.93099976,12.47999954
8/23/2026 13:53,959.0910034,80.28800201,12.85999966
8/23/2026 13:58,898.447998,80.3219986,12.05200005
8/23/2026 14:03,1039.531006,78.50900269,13.62899971
8/23/2026 14:08,933.026001,77.94499969,12.14500046
8/23/2026 14:13,925.1920166,80.85199738,12.49199963
8/23/2026 14:18,954.6560059,79.25099945,12.63500023
8/23/2026 14:23,946.1729736,82.30799866,13.00599957
8/23/2026 14:28,986.7490234,78.65200043,12.96100044
8/23/2026 14:33,985.5120239,77.81800079,12.80700016
8/23/2026 14:38,1000.088989,77.21399689,12.89599991
8/23/2026 14:43,974.4160156,76.19499969,12.39900017
8/23/2026 14:48,967.177002,75.58100128,12.20800018
8/23/2026 14:53,927.1329956,74.47000122,11.52999973
8/23/2026 14:58,948.5689697,73.84600067,11.69799995
8/23/2026 15:03,927.2319946,71.77700043,11.11499977
8/23/2026 15:09,911.0560303,72.74700165,11.06799984
8/23/2026 15:14,836.0939941,73.31300354,10.23600006
8/23/2026 15:19,882.8300171,70.23300171,10.35499954
8/23/2026 15:24,901.848999,70.28800201,10.58600044
8/23/2026 15:29,856.9780273,69.78800201,9.987999916
8/23/2026 15:34,888.5130005,69.71299744,10.34399986
8/23/2026 15:39,859.7589722,69.00099945,9.906999588
8/23/2026 15:44,845.5360107,68.27300262,9.640000343
8/23/2026 15:49,826.6699829,68.02600098,9.390999794
8/23/2026 15:54,775.8519897,68.3030014,8.850000381
8/23/2026 15:59,782.5300293,68.48100281,8.949000359
8/23/2026 16:04,776.5780029,64.65599823,8.385000229
8/23/2026 16:09,773.6500244,64.77200317,8.369000435
8/23/2026 16:14,696.2979736,66.89800262,7.778999805
8/23/2026 16:19,662.5100098,64.47100067,7.132999897
8/23/2026 16:24,610.6430054,64.65200043,6.592999935
8/23/2026 16:29,659.3289795,65.3239975,7.19299984
8/23/2026 16:34,678.5579834,63.41899872,7.186999798
8/23/2026 16:39,635.5189819,66.55799866,7.06400013
8/23/2026 16:44,643.3569946,62.53300095,6.718999863
8/23/2026 16:49,649.2550049,61.59700012,6.678999901
8/23/2026 16:54,617.9979858,61.18700027,6.315000057
8/23/2026 16:59,573.4990234,60.6230011,5.806000233
8/23/2026 17:04,457.3469849,70.31900024,5.370999813
8/23/2026 17:09,501.0350037,57.77199936,4.834000111
8/23/2026 17:14,509.6210022,59.47399902,5.061999798
8/23/2026 17:19,481.8190002,50.66699982,4.077000141
8/23/2026 17:24,428.9460144,57.59600067,4.125999928
8/23/2026 17:29,427.5830078,56.74499893,4.052000046
8/23/2026 17:35,445.3710022,55.47200012,4.125999928
8/23/2026 17:40,437.4639893,53.72700119,3.924999952
8/23/2026 17:45,395.6640015,53.23500061,3.517999887
8/23/2026 17:50,399.9299927,51.98300171,3.471999884
8/23/2026 17:55,422.0469971,44.18600082,3.114000082
8/23/2026 18:00,343.5840149,42.50299835,2.438999891
8/23/2026 18:05,349.802002,47.56499863,2.779000044
8/23/2026 18:10,312.4719849,47.91699982,2.5
8/23/2026 18:15,309.7829895,49.55699921,2.563999891
8/23/2026 18:20,279.1390076,41.84999847,1.950999975
8/23/2026 18:25,224.6880035,44.85800171,1.682999969
8/23/2026 18:30,216.0970001,44.17300034,1.593999982
8/23/2026 18:35,151.322998,45.43099976,1.148000002
8/23/2026 18:40,200.602005,41.01900101,1.373999953
8/23/2026 18:45,169.9490051,42.17200089,1.197000027
8/23/2026 18:50,52.98699951,123.8799973,1.095999956
8/23/2026 18:55,66.37000275,67.93199921,0.753000021
8/23/2026 19:00,65.76499939,67.12400055,0.736999989
8/23/2026 19:05,42.21900177,92.85099792,0.654999971
8/23/2026 19:10,39.84000015,80.64900208,0.537
8/23/2026 19:15,39.65100098,74.10099792,0.490999997
8/23/2026 19:20,38.20299911,70.52700043,0.449999988
8/23/2026 19:25,35.17900085,68.33599854,0.400999993
8/23/2026 19:30,32.19200134,67.86499786,0.36500001
8/23/2026 19:35,29.28899956,72.23000336,0.352999985
8/23/2026 19:40,26.13699913,72.67900085,0.317000002
8/23/2026 19:45,22.29299927,76.07099915,0.282999992
8/23/2026 19:50,18.19300079,51.24900055,0.156000003
8/23/2026 19:56,15.40100002,62.61000061,0.160999998
8/23/2026 20:01,10.9119997,0.057,0
8/23/2026 20:06,8.701999664,-0.006,0
8/23/2026 20:11,6.623000145,-0.133000001,0
8/23/2026 20:16,4.897999763,-0.26699999,0
8/23/2026 20:21,3.506000042,-0.425000012,0
8/23/2026 20:26,1.66900003,-0.935000002,0
8/23/2026 20:31,0.681999981,-2.278000116,0
8/23/2026 20:36,,,0
8/23/2026 20:41,,,0
8/23/2026 20:46,,,0
8/23/2026 20:51,,,0
8/23/2026 20:56,,,0
8/23/2026 21:01,,,0
8/23/2026 21:06,,,0
8/23/2026 21:11,,,0
8/23/2026 21:16,,,0
8/23/2026 21:21,,,0
8/23/2026 21:26,,,0
8/23/2026 21:31,,,0
8/23/2026 21:36,,,0
8/23/2026 21:41,,,0
8/23/2026 21:46,,,0
8/23/2026 21:51,,,0
8/23/2026 21:56,,,0
8/24/2026 4:05,,,0
8/24/2026 4:15,,,0
8/24/2026 4:26,,,0
8/24/2026 4:31,,,0
8/24/2026 4:36,,,0
8/24/2026 4:41,,,0
8/24/2026 4:46,,,0
8/24/2026 4:51,,,0
8/24/2026 4:56,,,0
8/24/2026 5:01,,,0
8/24/2026 5:06,,,0
8/24/2026 5:11,,,0
8/24/2026 5:16,,,0
8/24/2026 5:21,,,0
8/24/2026 5:26,,,0
8/24/2026 5:31,,,0
8/24/2026 5:36,,,0
8/24/2026 5:41,,,0
8/24/2026 5:46,,,0
8/24/2026 5:51,,,0
8/24/2026 5:56,,,0
8/24/2026 6:01,,,0
8/24/2026 6:06,,,0
8/24/2026 6:11,,,0
8/24/2026 6:16,,,0
8/24/2026 6:21,,,0
8/24/2026 6:26,,,0
8/24/2026 6:31,,,0
8/24/2026 6:36,,,0
8/24/2026 6:42,6.802000046,-0.239999995,0
8/24/2026 6:47,7.190999985,-0.241999999,0
8/24/2026 6:52,9.008000374,-0.160999998,0
8/24/2026 6:57,10.18200016,-0.101999998,0
8/24/2026 7:02,11.18999958,-0.057999998,0
8/24/2026 7:07,7.512000084,-0.208000004,0
8/24/2026 7:12,5.920000076,-0.264999986,0
8/24/2026 7:17,5.906000137,-0.224999994,0
8/24/2026 7:22,5.407000065,-0.264999986,0
8/24/2026 7:27,5.013000011,-0.316000015,0
8/24/2026 7:32,6.839000225,-0.142000005,0
8/24/2026 7:37,12.36100006,0.050999999,0
8/24/2026 7:42,15.70100021,0.130999997,0
8/24/2026 7:47,23.25900078,42.14099884,0.164000005
8/24/2026 7:52,25.89500046,46.34000015,0.200000003
8/24/2026 7:57,37.14199829,50.46699905,0.312999994
8/24/2026 8:02,54.4129982,57.86199951,0.526000023
8/24/2026 8:07,74.59700012,60.88600159,0.758000016
8/24/2026 8:12,70.3809967,62.69400024,0.736999989
8/24/2026 8:17,81.93499756,62.60599899,0.856999993
8/24/2026 8:22,97.23200226,60.90599823,0.989000022
8/24/2026 8:27,293.7070007,50.26300049,2.464999914
8/24/2026 8:32,317.3269958,46.23400116,2.450000048
8/24/2026 8:37,118.4749985,61.07600021,1.207999945
8/24/2026 8:42,365.8720093,50.60699844,3.092000008
8/24/2026 8:47,388.8429871,52.60699844,3.415999889
8/24/2026 8:52,402.6830139,52.12799835,3.506000042
8/24/2026 8:57,97.46600342,63.77199936,1.037999988
8/24/2026 9:03,87.52700043,59.40599823,0.867999971
8/24/2026 9:08,105.9499969,65.60500336,1.161000013
8/24/2026 9:13,132.2590027,68.80200195,1.519999981
8/24/2026 9:18,183.7920074,66.80599976,2.049999952
8/24/2026 9:23,199.7740021,66.81800079,2.229000092
8/24/2026 9:28,536.9970093,56.01599884,5.022999763
8/24/2026 9:33,550.1259766,55.58000183,5.105999947
8/24/2026 9:38,467.3510132,67.41899872,5.262000084
8/24/2026 9:43,602.6209717,57.1590004,5.751999855
8/24/2026 9:48,675.7810059,59.60200119,6.725999832
8/24/2026 9:53,551.1430054,37.21099854,3.424999952
8/24/2026 9:58,565.7869873,62.1969986,5.876999855
8/24/2026 10:03,435.3070068,58.31600189,4.238999844
8/24/2026 10:08,709.3930054,62.36199951,7.388000011
8/24/2026 10:13,751.7650146,62.81999969,7.887000084
8/24/2026 10:18,379.5859985,82.61199951,5.236999989
8/24/2026 10:23,319.0150146,67.76200104,3.609999895
8/24/2026 10:28,740.6560059,63.84999847,7.897999763
8/24/2026 10:33,401.8649902,55.43299866,3.720000029
8/24/2026 10:38,740.6859741,65.6230011,8.116999626
8/24/2026 10:43,677.3319702,68.08100128,7.701000214
8/24/2026 10:48,671.7420044,68.74500275,7.711999893
8/24/2026 10:53,802.3179932,68.15100098,9.130999565
8/24/2026 10:58,804.210022,62.22200012,8.357000351
8/24/2026 11:03,515.0009766,82.07499695,7.059000015
8/24/2026 11:08,634.8140259,61.65999985,6.537000179
8/24/2026 11:13,405.6870117,69.66999817,4.71999979
8/24/2026 11:18,329.5740051,68.71299744,3.782000065
8/24/2026 11:23,536.2579956,94.16899872,8.432999611
8/24/2026 11:29,689.1019897,70.30500031,8.090999603
8/24/2026 11:34,943.3170166,69.83100128,11.0010004
8/24/2026 11:39,906.6550293,72.75499725,11.01599979
8/24/2026 11:44,687.3070068,73.63999939,8.451999664
8/24/2026 11:49,873.1229858,73.1210022,10.6619997
8/24/2026 11:54,980.8800049,72.48400116,11.87300014
8/24/2026 11:59,911.2080078,74.59100342,11.35099983
8/24/2026 12:04,838.7680054,77.34500122,10.83399963
8/24/2026 12:09,448.0889893,79.83799744,5.973999977
8/24/2026 12:14,435.7900085,77.64299774,5.651000023
8/24/2026 12:19,423.0450134,75.01899719,5.300000191
8/24/2026 12:24,385.4450073,76.23999786,4.907000065
8/24/2026 12:29,269.3259888,75.44000244,3.392999887
8/24/2026 12:34,271.3190002,74.98000336,3.397000074
8/24/2026 12:39,377.1730042,77.45500183,4.879000187
8/24/2026 12:44,546.5809937,76.86499786,7.015999794
8/24/2026 12:49,844.1370239,76.44599915,10.77700043
8/24/2026 12:54,787.9550171,77.08899689,10.14400005
8/24/2026 12:59,461.2820129,77.59700012,5.978000164
8/24/2026 13:04,289.2009888,75.9509964,3.667999983
8/24/2026 13:09,330.6130066,77.59999847,4.28399992
8/24/2026 13:14,411.5610046,77.55799866,5.330999851
8/24/2026 13:19,349.8930054,76.73000336,4.484000206
8/24/2026 13:24,376.2929993,76.04299927,4.778999805
8/24/2026 13:29,321.6180115,76.75900269,4.123000145
8/24/2026 13:52,153.4420013,74.29499817,1.904000044
8/24/2026 13:57,145.8809967,73.84200287,1.799000025
8/24/2026 14:02,164.4819946,74.41000366,2.04399991
8/24/2026 14:07,214.4720001,73.71199799,2.640000105
8/24/2026 14:12,342.5390015,71.43199921,4.085999966
8/24/2026 14:17,401.7049866,75.03800201,5.03399992
8/24/2026 14:22,525.0650024,78.97699738,6.925000191
8/24/2026 14:27,592.1669922,92.72799683,9.170000076
8/24/2026 14:32,1049.982056,71.38899994,12.51799965
8/24/2026 14:37,1003.570007,70.65799713,11.84200001
8/24/2026 14:43,970.651001,71.3219986,11.56099987
8/24/2026 14:48,981.1790161,71.84799957,11.77299976
8/24/2026 14:53,263.5750122,76.27400208,3.357000113
8/24/2026 14:58,255.6159973,78.04399872,3.332000017
8/24/2026 15:03,256.2260132,78.80699921,3.371999979
8/24/2026 15:08,314.4450073,77.06600189,4.046999931
8/24/2026 15:13,363.1470032,78.35600281,4.751999855
8/24/2026 15:18,1139.542969,70.5739975,13.43000031
8/24/2026 15:23,376.1600037,90.1269989,5.662000179
8/24/2026 15:28,222.0590057,79.97399902,2.96600008
8/24/2026 15:33,230.4230042,76.66799927,2.950000048
8/24/2026 15:38,498.427002,71.92199707,5.986999989
8/24/2026 15:43,963.9890137,69.65399933,11.2130003
8/24/2026 15:48,851.8499756,66.81400299,9.505000114
8/24/2026 15:53,847.5579834,65.71399689,9.300999641
8/24/2026 15:58,205.0059967,73.05000305,2.500999928
8/24/2026 16:03,360.3540039,72.81400299,4.381999969
8/24/2026 16:08,658.1779785,65.88800049,7.242000103
8/24/2026 16:13,777.9920044,64.65100098,8.399999619
8/24/2026 16:18,543.7620239,68.04799652,6.178999901
8/24/2026 16:23,573.3599854,59.8730011,5.732999802
8/24/2026 16:28,685.0130005,63.31299973,7.243000031
8/24/2026 16:33,619.5609741,63.62400055,6.583000183
8/24/2026 16:38,632.3839722,62.18799973,6.56799984
8/24/2026 16:43,583.098999,60.29000092,5.870999813
8/24/2026 16:48,615.7410278,59.69200134,6.138000011
8/24/2026 16:53,524.5009766,59.91699982,5.248000145
8/24/2026 16:58,571.9329834,59.37599945,5.671000004
8/24/2026 17:04,550.4160156,58.55699921,5.382999897
8/24/2026 17:09,530.0449829,57.44100189,5.085000038
8/24/2026 17:14,470.6740112,57.06200027,4.485000134
8/24/2026 17:19,490.17099,56.05899811,4.589000225
8/24/2026 17:24,471.3049927,55.2140007,4.346000195
8/24/2026 17:29,454.5589905,54.26100159,4.118999958
8/24/2026 17:34,434.5469971,53.24900055,3.864000082
8/24/2026 17:39,414.5390015,52.56399918,3.638999939
8/24/2026 17:44,394.3370056,51.78300095,3.410000086
8/24/2026 17:49,373.9930115,50.68399811,3.165999889
8/24/2026 17:54,361.0350037,49.33000183,2.973999977
8/24/2026 17:59,412.4249878,40.05799866,2.759000063
8/24/2026 18:04,367.3840027,41.77600098,2.562999964
8/24/2026 18:09,302.993988,46.75,2.365999937
8/24/2026 18:14,284.7170105,46.44400024,2.207999945
8/24/2026 18:19,264.8590088,44.58599854,1.972000003
8/24/2026 18:24,247.0099945,44.7879982,1.84800005
8/24/2026 18:29,228.8320007,44.68999863,1.707999945
8/24/2026 18:34,208.3500061,42.2159996,1.468999982
8/24/2026 18:39,193.904007,40.48699951,1.31099999
8/24/2026 18:44,80.52100372,60.13800049,0.809000015
8/24/2026 18:49,52.16500092,89.78399658,0.782000005
8/24/2026 18:54,42.83200073,76.28299713,0.546000004
8/24/2026 18:59,41.73899841,69.49199677,0.483999997
8/24/2026 19:04,41.87200165,67.0739975,0.469000012
8/24/2026 19:09,37.84199905,67.44599915,0.425999999
8/24/2026 19:14,32.625,70.05899811,0.381999999
8/24/2026 19:19,32.21699905,69.28199768,0.372999996
8/24/2026 19:25,33.33399963,70.02300262,0.389999986
8/24/2026 19:30,32.15100098,60.04199982,0.321999997
8/24/2026 19:35,27.68099976,64.10199738,0.296000004
8/24/2026 19:40,21.58200073,58.43799973,0.210999995
8/24/2026 19:45,18.02700043,52.26900101,0.157000005
8/24/2026 19:50,14.82800007,0.115000002,0
8/24/2026 19:55,12.96500015,0.044,0
8/24/2026 20:00,10.52099991,-0.030999999,0
8/24/2026 20:05,8.331000328,-0.011,0
8/24/2026 20:10,5.72300005,-0.236000001,0
8/24/2026 20:15,3.53399992,-0.414999992,0
8/24/2026 20:20,1.697000027,-0.792999983,0
8/24/2026 20:25,0.77700001,-2.035000086,0
8/24/2026 20:30,0.261000007,-5.650000095,0
8/24/2026 20:35,,,0
8/24/2026 20:45,,,0
8/24/2026 20:55,,,0
8/24/2026 21:05,,,0
8/24/2026 21:15,,,0
8/24/2026 21:25,,,0
8/24/2026 21:35,,,0
8/24/2026 21:46,,,0
8/24/2026 21:51,,,0
8/24/2026 21:56,,,0
8/25/2026 4:05,,,0
8/25/2026 4:15,,,0
8/25/2026 4:26,,,0
8/25/2026 4:31,,,0
8/25/2026 4:36,,,0
8/25/2026 4:41,,,0
8/25/2026 4:46,,,0
8/25/2026 4:51,,,0
8/25/2026 4:56,,,0
8/25/2026 5:01,,,0
8/25/2026 5:06,,,0
8/25/2026 5:11,,,0
8/25/2026 5:16,,,0
8/25/2026 5:21,,,0
8/25/2026 5:26,,,0
8/25/2026 5:31,,,0
8/25/2026 5:36,,,0
8/25/2026 5:41,,,0
8/25/2026 5:46,,,0
8/25/2026 5:51,,,0
8/25/2026 5:56,,,0
8/25/2026 6:01,,,0
8/25/2026 6:06,,,0
8/25/2026 6:11,,,0
8/25/2026 6:16,,,0
8/25/2026 6:21,,,0
8/25/2026 6:26,,,0
8/25/2026 6:31,,,0
8/25/2026 6:36,,,0
8/25/2026 6:42,,,0
8/25/2026 6:47,,,0
8/25/2026 6:52,2.289000034,-0.656000018,0
8/25/2026 6:57,2.88499999,-0.515999973,0
8/25/2026 7:02,3.242000103,-0.541000009,0
8/25/2026 7:07,3.055999994,-0.609000027,0
8/25/2026 7:12,2.259000063,-0.819999993,0
8/25/2026 7:17,3.990999937,-0.342000008,0
8/25/2026 7:22,4.605999947,-0.375999987,0
8/25/2026 7:27,4.077000141,-0.331,0
8/25/2026 7:32,9.958999634,-0.083999999,0
8/25/2026 7:37,16.23500061,0.140000001,0
8/25/2026 7:42,16.15699959,0.129999995,0
8/25/2026 7:47,13.62100029,0.041999999,0
8/25/2026 7:52,16.84600067,0.159999996,0
8/25/2026 7:57,19.72599983,31.07099915,0.101999998
8/25/2026 8:02,15.25899982,0.158000007,0
8/25/2026 8:07,16.73800087,0.137999997,0
8/25/2026 8:12,20.6060009,30.7159996,0.105999999
8/25/2026 8:17,23.24099922,44.95700073,0.173999995
8/25/2026 8:22,20.56699944,45.5890007,0.157000005
8/25/2026 8:27,11.93400002,0.034000002,0
8/25/2026 8:32,6.997000217,-0.093000002,0
8/25/2026 8:37,3.782999992,-0.476999998,0
8/25/2026 8:42,4.193999767,-0.414000005,0
8/25/2026 8:47,11.40299988,-0.059,0
8/25/2026 8:52,35.95600128,49.81000137,0.298999995
8/25/2026 8:57,31.12299919,58.50299835,0.30399999
8/25/2026 9:03,18.86899948,0.182999998,0.001
8/25/2026 9:08,10.11699963,-0.050999999,0
8/25/2026 9:13,41.69300079,54.56200027,0.379999995
8/25/2026 9:18,72.83000183,61.9469986,0.753000021
8/25/2026 9:23,60.84999847,59.91699982,0.609000027
8/25/2026 9:28,84.71299744,65.95200348,0.933000028
8/25/2026 9:33,138.220993,69.04399872,1.593999982
8/25/2026 9:38,99.76699829,64.60800171,1.075999975
8/25/2026 9:43,73.12200165,66.30000305,0.810000002
8/25/2026 9:48,94.93499756,60.81000137,0.963999987
8/25/2026 9:53,51.35499954,65.29100037,0.560000002
8/25/2026 9:58,34.85300064,50.06100082,0.291000009
8/25/2026 10:03,70.58499908,59.9070015,0.70599997
8/25/2026 10:08,128.848999,64.32800293,1.383999944
8/25/2026 10:13,212.7700043,65.70899963,2.335000038
8/25/2026 10:18,832.4249878,60.42399979,8.399999619
8/25/2026 10:23,321.0650024,65.38700104,3.506000042
8/25/2026 10:28,309.7630005,66.79399872,3.454999924
8/25/2026 10:33,385.2250061,66.05599976,4.25
8/25/2026 10:38,1036.730957,65.19799805,11.28800011
8/25/2026 10:43,385.9689941,66.19300079,4.267000198
8/25/2026 10:48,658.2780151,64.43699646,7.084000111
8/25/2026 10:53,309.125,62.58800125,3.230999947
8/25/2026 10:58,306.8590088,56.98699951,2.920000076
8/25/2026 11:03,252.3659973,72.03299713,3.036000013
8/25/2026 11:08,946.4050293,36.79000092,5.815000057
8/25/2026 11:13,763.5809937,36.35400009,4.636000156
8/25/2026 11:18,1052.987061,68.64700317,12.07199955
8/25/2026 11:23,906.7540283,67.64900208,10.24400043
8/25/2026 11:29,898.0499878,68.24900055,10.23600006
8/25/2026 11:34,915.0219727,68.22100067,10.42500019
8/25/2026 11:39,928.8070068,69.80999756,10.82800007
8/25/2026 11:44,933.8099976,70.65699768,11.01900005
8/25/2026 11:49,946.223999,71.87599945,11.3579998
8/25/2026 11:54,954.6950073,73.06999969,11.64999962
8/25/2026 11:59,958.1530151,74.60199738,11.93700027
8/25/2026 12:04,971.776001,75.44200134,12.24300003
8/25/2026 12:09,977.8649902,76.6309967,12.51399994
8/25/2026 12:14,990.7180176,77.58000183,12.83600044
8/25/2026 12:19,989.1929932,77.97000122,12.88000011
8/25/2026 12:24,997.2319946,78.54399872,13.08100033
8/25/2026 12:29,1004.796997,79.21800232,13.29300022
8/25/2026 12:34,1004.182983,79.90599823,13.39999962
8/25/2026 12:39,1006.674011,79.9960022,13.44900036
8/25/2026 12:44,1009.492981,80.2440033,13.52799988
8/25/2026 12:49,1007.172974,81.22899628,13.66300011
8/25/2026 12:54,1007.005981,81.84100342,13.76299953
8/25/2026 12:59,1007.078979,82.29399872,13.84000015
8/25/2026 13:04,1008.325989,82.59799957,13.9090004
8/25/2026 13:09,1005.799011,83.03099823,13.94699955
8/25/2026 13:14,1004.742981,83.58499908,14.02499962
8/25/2026 13:19,1004.322021,84.0510025,14.09700012
8/25/2026 13:24,1005.752991,83.9980011,14.1079998
8/25/2026 13:29,1006.911987,84.17199707,14.15400028
8/25/2026 13:52,1036.062012,19.62000084,3.394999981
8/25/2026 13:57,1061.33606,19.4659996,3.450000048
8/25/2026 14:02,1082.109985,20.07500076,3.628000021
8/25/2026 14:07,1017.997986,68.03900146,11.56700039
8/25/2026 14:12,992.5499878,69.99199677,11.60200024
8/25/2026 14:17,1009.312012,70.5719986,11.89500046
8/25/2026 14:22,1122.082031,70.79599762,13.26599979
8/25/2026 14:27,1120.660034,72.31500244,13.5340004
8/25/2026 14:32,1023.156982,73.8010025,12.60999966
8/25/2026 14:37,1060.057007,74.26300049,13.14700031
8/25/2026 14:43,190.2449951,78.81600189,2.503999949
8/25/2026 14:48,262.5620117,82.93099976,3.635999918
8/25/2026 14:53,225.2100067,78.35600281,2.947000027
8/25/2026 14:58,228.526001,80.45200348,3.069999933
8/25/2026 15:03,178.3789978,79.75299835,2.375999928
8/25/2026 15:08,226,76.31400299,2.880000114
8/25/2026 15:13,498.0679932,69.23000336,5.757999897
8/25/2026 15:18,710.4790039,74.23600006,8.807999611
8/25/2026 15:23,298.0549927,89.77500153,4.468999863
8/25/2026 15:28,206.5570068,79.5059967,2.743000031
8/25/2026 15:33,185.9700012,77.58899689,2.410000086
8/25/2026 15:38,164.5299988,76.64900208,2.105999947
8/25/2026 15:43,276.9899902,76.73200226,3.549000025
8/25/2026 15:48,185.8950043,76.00499725,2.359999895
8/25/2026 15:53,210.1529999,74.83000183,2.625999928
8/25/2026 15:58,187.6309967,74.16500092,2.323999882
8/25/2026 16:03,175.7510071,76.86100006,2.256000042
8/25/2026 16:08,204.9420013,75.30999756,2.576999903
8/25/2026 16:13,187.9349976,75.85099792,2.381000042
8/25/2026 16:18,203.3070068,76.21900177,2.588000059
8/25/2026 16:23,210.0180054,74.1760025,2.601999998
8/25/2026 16:28,208.8730011,72.81199646,2.539999962
8/25/2026 16:33,222.6779938,76.50800323,2.845000029
8/25/2026 16:38,150.4210052,81.1210022,2.038000107
8/25/2026 16:43,97.18699646,73.03700256,1.184999943
8/25/2026 16:48,81.8030014,73.02100372,0.998000026
8/25/2026 16:53,100.4369965,74.98600006,1.258000016
8/25/2026 16:58,88.61599731,74.39800262,1.100999951
8/25/2026 17:04,69.55400085,68.06400299,0.791000009
8/25/2026 17:09,107.0830002,77.87400055,1.393000007
8/25/2026 17:14,111.2009964,80.45899963,1.493999958
8/25/2026 17:19,84.68900299,78.18599701,1.105999947
8/25/2026 17:24,68.37799835,73.37999725,0.838
8/25/2026 17:29,67.68299866,70.44999695,0.796000004
8/25/2026 17:34,79.39700317,66.17299652,0.876999974
8/25/2026 17:39,100.1299973,71.53900146,1.19599998
8/25/2026 17:44,119.6210022,73.07299805,1.460000038
8/25/2026 17:49,130.3470001,75.62400055,1.646000028
8/25/2026 17:54,112.9369965,72.35900116,1.36500001
8/25/2026 17:59,106.7089996,70.1969986,1.251000047
8/25/2026 18:04,113.8570023,71.24900055,1.355000019
8/25/2026 18:09,111.3099976,70.0039978,1.300999999
8/25/2026 18:14,113.5059967,71.02100372,1.345999956
8/25/2026 18:19,104.9440002,69.61799622,1.220000029
8/25/2026 18:24,86.83999634,67.89800262,0.985000014
8/25/2026 18:29,84.90499878,66.5719986,0.944000006
8/25/2026 18:34,80.82499695,67.79699707,0.915000021
8/25/2026 18:39,66.36799622,64.22499847,0.712000012
8/25/2026 18:44,77.32900238,64.04799652,0.827000022
8/25/2026 18:49,65.3010025,65.82299805,0.717999995
8/25/2026 18:54,60.4659996,60.4679985,0.611000001
8/25/2026 18:59,50.72600174,64.59999847,0.546999991
8/25/2026 19:04,41.63700104,59.92900085,0.416999996
8/25/2026 19:09,38.3370018,63.21500015,0.405000001
8/25/2026 19:14,38.23300171,60.1590004,0.384000003
8/25/2026 19:19,38.05799866,59.01599884,0.375
8/25/2026 19:24,37.22600174,60.34799957,0.375
8/25/2026 19:30,33.70899963,60.29399872,0.338999987
8/25/2026 19:35,27.62999916,56.25899887,0.25999999
8/25/2026 19:40,21.12199974,49.73600006,0.174999997
8/25/2026 19:45,17.10700035,47.04999924,0.134000003
8/25/2026 19:50,13.04699993,0.078000002,0
8/25/2026 19:55,11.1239996,-0.044,0
8/25/2026 20:00,8.630999565,-0.082000002,0
8/25/2026 20:05,4.656000137,-0.287,0
8/25/2026 20:10,2.338999987,-0.699000001,0
8/25/2026 20:15,1.06099999,-1.49000001,0
8/25/2026 20:20,0.185000002,-7.635000229,0
8/25/2026 20:35,,,0
8/25/2026 20:45,,,0
8/25/2026 20:55,,,0
8/25/2026 21:05,,,0
8/25/2026 21:15,,,0
8/25/2026 21:25,,,0
8/25/2026 21:35,,,0
8/25/2026 21:45,,,0
8/25/2026 21:51,,,0
8/25/2026 21:56,,,0
8/26/2026 4:05,,,0
8/26/2026 4:15,,,0
8/26/2026 4:21,,,0
8/26/2026 4:26,,,0
8/26/2026 4:31,,,0
8/26/2026 4:36,,,0
8/26/2026 4:41,,,0
8/26/2026 4:46,,,0
8/26/2026 4:51,,,0
8/26/2026 4:56,,,0
8/26/2026 5:01,,,0
8/26/2026 5:06,,,0
8/26/2026 5:11,,,0
8/26/2026 5:16,,,0
8/26/2026 5:21,,,0
8/26/2026 5:26,,,0
8/26/2026 5:31,,,0
8/26/2026 5:36,,,0
8/26/2026 5:41,,,0
8/26/2026 5:46,,,0
8/26/2026 5:51,,,0
8/26/2026 5:56,,,0
8/26/2026 6:01,,,0
8/26/2026 6:06,,,0
8/26/2026 6:11,,,0
8/26/2026 6:16,,,0
8/26/2026 6:21,,,0
8/26/2026 6:26,,,0
8/26/2026 6:31,,,0
8/26/2026 6:36,,,0
8/26/2026 6:42,,,0
8/26/2026 6:47,,,0
8/26/2026 6:52,4.954999924,-0.328999996,0
8/26/2026 6:57,7.396999836,-0.152999997,0
8/26/2026 7:02,10.18500042,-0.016000001,0
8/26/2026 7:07,13.02999973,0.089000002,0
8/26/2026 7:12,16.31299973,0.143000007,0
8/26/2026 7:17,19.58399963,24.01300049,0.079000004
8/26/2026 7:22,26.75900078,26.98600006,0.120999999
8/26/2026 7:27,30.6060009,37.2120018,0.189999998
8/26/2026 7:32,34.25600052,36.30599976,0.208000004
8/26/2026 7:37,48.72499847,43.85200119,0.356999993
8/26/2026 7:42,90.6269989,31.00200081,0.469000012
8/26/2026 7:47,111.1589966,31.80699921,0.589999974
8/26/2026 7:52,126.651001,33.5719986,0.709999979
8/26/2026 7:57,143.0249939,35.02700043,0.837000012
8/26/2026 8:02,159.776001,36.46500015,0.97299999
8/26/2026 8:07,177.1410065,38.12599945,1.128000021
8/26/2026 8:12,194.473999,40.05699921,1.300999999
8/26/2026 8:17,215.5610046,40.23300171,1.447999954
8/26/2026 8:22,233.5379944,42.56200027,1.659999967
8/26/2026 8:27,251.697998,44.01399994,1.850000024
8/26/2026 8:32,267.5929871,43.78499985,1.957000017
8/26/2026 8:37,287.0889893,45.78499985,2.194999933
8/26/2026 8:42,311.8900146,47.05199814,2.450999975
8/26/2026 8:47,330.9389954,47.98699951,2.65199995
8/26/2026 8:52,350.2399902,49.74700165,2.910000086
8/26/2026 8:57,369.8940125,50.34500122,3.109999895
8/26/2026 9:03,390.6879883,51.29000092,3.345999956
8/26/2026 9:08,407.696991,51.97999954,3.539000034
8/26/2026 9:13,427.57901,53.56800079,3.825000048
8/26/2026 9:18,434.8590088,54.00799942,3.921999931
8/26/2026 9:23,470.6029968,55.13299942,4.333000183
8/26/2026 9:28,490.2269897,55.81900024,4.570000172
8/26/2026 9:33,510.5429993,56.92599869,4.854000092
8/26/2026 9:38,530.5369873,57.50400162,5.09499979
8/26/2026 9:43,547.0739746,54.90399933,5.015999794
8/26/2026 9:48,572.1300049,58.95199966,5.632999897
8/26/2026 9:53,594.2650146,59.52700043,5.907999992
8/26/2026 9:58,599.414978,60.65599823,6.072000027
8/26/2026 10:03,609.0980225,60.4070015,6.144999981
8/26/2026 10:08,643.2960205,61.71099854,6.630000114
8/26/2026 10:13,675.3480225,62.22800064,7.018000126
8/26/2026 10:18,658.5150146,62.8730011,6.914000034
8/26/2026 10:23,602.3790283,63.27500153,6.364999771
8/26/2026 10:28,700.3729858,64.81700134,7.580999851
8/26/2026 10:33,730.4030151,65.11599731,7.94299984
8/26/2026 10:38,725.0219727,67.06500244,8.119999886
8/26/2026 10:43,744.059021,66.27899933,8.236000061
8/26/2026 10:48,774.5709839,66.76399994,8.63599968
8/26/2026 10:53,811.4420166,66.67099762,9.034999847
8/26/2026 10:58,815.7290039,69.34400177,9.44699955
8/26/2026 11:03,841.1060181,68.8030014,9.663999557
8/26/2026 11:08,853.25,69.97299957,9.970999718
8/26/2026 11:13,821.7919922,69.23300171,9.501000404
8/26/2026 11:18,851.6430054,70.48200226,10.02400017
8/26/2026 11:24,795.4799805,73.16000366,9.718999863
8/26/2026 11:29,841.5089722,73.44799805,10.32199955
8/26/2026 11:34,882.0219727,74.09500122,10.91399956
8/26/2026 11:39,854.6010132,74.80899811,10.67700005
8/26/2026 11:44,829.3049927,76.10600281,10.53999996
8/26/2026 11:49,823.1690063,77.36799622,10.63599968
8/26/2026 11:54,787.8880005,79.12799835,10.41100025
8/26/2026 11:59,711.3510132,79.48699951,9.44299984
8/26/2026 12:04,837.2890015,79.3030014,11.08899975
8/26/2026 12:09,815.9039917,82.74299622,11.27400017
8/26/2026 12:14,835.9390259,75.3239975,10.51500034
8/26/2026 12:19,804.4089966,76.77400208,10.31400013
8/26/2026 12:24,985.2800293,79.45300293,13.07299995
8/26/2026 12:29,1037.313965,81.26399994,14.07699966
8/26/2026 12:34,952.6489868,78.03900146,12.41499996
8/26/2026 12:39,997.5869751,81.28099823,13.54100037
8/26/2026 12:44,970.7609863,83.80000305,13.58500004
8/26/2026 12:49,1030.08606,81.125,13.95499992
8/26/2026 12:54,961.9949951,84.00099945,13.49499989
8/26/2026 12:59,836.0089722,85.80699921,11.97999954
8/26/2026 13:04,805.0689697,83.99099731,11.29199982
8/26/2026 13:09,730.2269897,88.19999695,10.75599957
8/26/2026 13:14,697.4580078,91.71800232,10.68299961
8/26/2026 13:19,837.6300049,88.19000244,12.33600044
8/26/2026 13:24,848.8670044,86.59300232,12.27600002
8/26/2026 13:47,569.4630127,85.70400238,8.151000023
8/26/2026 13:52,953.3969727,81.80500031,13.02499962
8/26/2026 13:57,862.815979,88.03500366,12.68500042
8/26/2026 14:02,823.473999,80.57499695,11.08100033
8/26/2026 14:07,836.9190063,84.18199921,11.76599979
8/26/2026 14:12,756.3909912,94.55599976,11.94400024
8/26/2026 14:17,762.3439941,87.44100189,11.13199997
8/26/2026 14:23,724.5939941,88.04299927,10.65400028
8/26/2026 14:28,803.0869751,82.93699646,11.12300014
8/26/2026 14:33,784.5549927,82.48600006,10.80700016
8/26/2026 14:38,754.6129761,83.79299927,10.56000042
8/26/2026 14:43,940.71698,79.01399994,12.41300011
8/26/2026 14:48,900.4240112,80.76100159,12.14400005
8/26/2026 14:53,679.4099731,80.81400299,9.168999672
8/26/2026 14:58,917.0800171,82.2009964,12.58899975
8/26/2026 15:03,683.0770264,80.67500305,9.203000069
8/26/2026 15:08,589.2940063,73.6309967,7.245999813
8/26/2026 15:13,527.4400024,89.90899658,7.919000149
8/26/2026 15:18,713.6779785,76.67199707,9.137999535
8/26/2026 15:23,757.9320068,77.12999725,9.762999535
8/26/2026 15:28,645.0969849,78.54599762,8.461999893
8/26/2026 15:33,786.1030273,74.65299988,9.800000191
8/26/2026 15:38,525.5430298,77.44400024,6.796999931
8/26/2026 15:43,437.4630127,79.11000061,5.778999805
8/26/2026 15:48,546.7810059,78.50499725,7.168000221
8/26/2026 15:53,501.743988,78.48400116,6.576000214
8/26/2026 15:58,590.2750244,76.69400024,7.559999943
8/26/2026 16:03,789.7680054,74.18599701,9.784999847
8/26/2026 16:08,651.5570068,73.84899902,8.034999847
8/26/2026 16:13,235.477005,84.48100281,3.322000027
8/26/2026 16:18,262.2909851,79.84400177,3.496999979
8/26/2026 16:23,388.178009,78.28800201,5.074999809
8/26/2026 16:28,289.0830078,81.23799896,3.921999931
8/26/2026 16:33,199.9550018,80.44400024,2.686000109
8/26/2026 16:38,281.4700012,77.45700073,3.641000032
8/26/2026 16:44,462.6589966,76.07099915,5.877999783
8/26/2026 16:49,320.0469971,78.24900055,4.18200016
8/26/2026 16:54,299.5960083,76.625,3.834000111
8/26/2026 16:59,495.7109985,69.73699951,5.772999763
8/26/2026 17:04,450.3869934,71.48000336,5.375999928
8/26/2026 17:09,440.7539978,63.49399948,4.673999786
8/26/2026 17:14,180.4250031,69.67099762,2.098999977
8/26/2026 17:19,147.4940033,79.18399811,1.950000048
8/26/2026 17:24,133.1380005,78.69799805,1.75
8/26/2026 17:29,155.7169952,72.28900146,1.879999995
8/26/2026 17:34,182.3860016,74.00099945,2.253999949
8/26/2026 17:39,168.901001,80.68900299,2.276000023
8/26/2026 17:44,239.427002,69.49099731,2.779000044
8/26/2026 17:49,165.1869965,73.13500214,2.017999887
8/26/2026 17:54,369.3410034,60.9640007,3.75999999
8/26/2026 17:59,257.4609985,62.67499924,2.694999933
8/26/2026 18:04,133.3580017,66.62200165,1.483999968
8/26/2026 18:09,239.9819946,61.62799835,2.470000029
8/26/2026 18:14,296.1369934,60.09000015,2.971999884
8/26/2026 18:19,322.5830078,52.15800095,2.809999943
8/26/2026 18:24,249.1600037,48.54499817,2.019999981
8/26/2026 18:29,106.1940002,66.91500092,1.187000036
8/26/2026 18:34,62.14599991,59.77700043,0.620000005
8/26/2026 18:39,212.4409943,44.30599976,1.572000027
8/26/2026 18:44,207.6970062,46.59799957,1.616000056
8/26/2026 18:49,147.9089966,69.32700348,1.712000012
8/26/2026 18:54,83.26200104,87.04000092,1.210000038
8/26/2026 18:59,128.0769958,39.60499954,0.847000003
8/26/2026 19:05,39.81900024,88.80000305,0.589999974
8/26/2026 19:10,35.26100159,81.35700226,0.479000002
8/26/2026 19:15,32.93899918,75.31300354,0.414000005
8/26/2026 19:20,30.96800041,72.30500031,0.374000013
8/26/2026 19:25,29.01099968,72.13800049,0.349999994
8/26/2026 19:30,26.74300003,63.56600189,0.284000009
8/26/2026 19:35,23.93499947,71.41799927,0.284999996
8/26/2026 19:40,21.55900002,79.33799744,0.286000013
8/26/2026 19:45,18.7310009,69.57299805,0.217999995
8/26/2026 19:50,16.36499977,66.20999908,0.180999994
8/26/2026 19:55,14.00500011,61.78900146,0.144999996
8/26/2026 20:00,11.51299953,0.082000002,0
8/26/2026 20:05,9.024999619,-0.017999999,0
8/26/2026 20:10,5.656000137,-0.270000011,0
8/26/2026 20:15,3.997999907,-0.234999999,0
8/26/2026 20:20,2.086999893,-0.814999998,0
8/26/2026 20:25,0.481999993,-2.938999891,0
8/26/2026 20:35,,,0
8/26/2026 20:45,,,0
8/26/2026 20:55,,,0
8/26/2026 21:05,,,0
8/26/2026 21:15,,,0
8/26/2026 21:26,,,0
8/26/2026 21:31,,,0
8/26/2026 21:36,,,0
8/26/2026 21:41,,,0
8/26/2026 21:46,,,0
8/26/2026 21:51,,,0
8/26/2026 21:56,,,0
8/27/2026 4:05,,,0
8/27/2026 4:15,,,0
8/27/2026 4:21,,,0
8/27/2026 4:26,,,0
8/27/2026 4:31,,,0
8/27/2026 4:36,,,0
8/27/2026 4:41,,,0
8/27/2026 4:46,,,0
8/27/2026 4:51,,,0
8/27/2026 4:56,,,0
8/27/2026 5:01,,,0
8/27/2026 5:06,,,0
8/27/2026 5:11,,,0
8/27/2026 5:16,,,0
8/27/2026 5:21,,,0
8/27/2026 5:26,,,0
8/27/2026 5:31,,,0
8/27/2026 5:36,,,0
8/27/2026 5:41,,,0
8/27/2026 5:46,,,0
8/27/2026 5:51,,,0
8/27/2026 5:56,,,0
8/27/2026 6:01,,,0
8/27/2026 6:06,,,0
8/27/2026 6:11,,,0
8/27/2026 6:16,,,0
8/27/2026 6:21,,,0
8/27/2026 6:26,,,0
8/27/2026 6:31,,,0
8/27/2026 6:36,,,0
8/27/2026 6:42,,,0
8/27/2026 6:47,,,0
8/27/2026 6:52,2.338999987,-0.734000027,0
8/27/2026 6:57,4.06400013,-0.462000012,0
8/27/2026 7:02,7.172999859,-0.171000004,0
8/27/2026 7:07,11.30500031,-0.052000001,0
8/27/2026 7:12,17.70299911,0.143999994,0
8/27/2026 7:17,20.91900063,0.194999993,0.001
8/27/2026 7:22,21.13100052,0.165999994,0.001
8/27/2026 7:27,30.63999939,20.95899963,0.107000001
8/27/2026 7:32,36.35900116,27.96299934,0.170000002
8/27/2026 7:37,41.29700089,37.02299881,0.254999995
8/27/2026 7:42,46.11199951,41.04499817,0.316000015
8/27/2026 7:47,56.28699875,44.9679985,0.423000008
8/27/2026 7:52,81.03700256,43.76800156,0.592000008
8/27/2026 7:57,91.58399963,42.92100143,0.656000018
8/27/2026 8:02,85.18099976,49.97100067,0.711000025
8/27/2026 8:07,113.1470032,49.80799866,0.940999985
8/27/2026 8:12,130.0269928,49.70800018,1.078999996
8/27/2026 8:17,165.0390015,50.66799927,1.396000028
8/27/2026 8:22,161.4949951,49.66799927,1.340000033
8/27/2026 8:27,168.0019989,54.22700119,1.521000028
8/27/2026 8:32,232.6369934,53.13499832,2.063999891
8/27/2026 8:37,231.871994,52.52099991,2.03399992
8/27/2026 8:42,260.0820007,52.34999847,2.273999929
8/27/2026 8:47,284.3999939,55.12599945,2.618000031
8/27/2026 8:52,315.2179871,55.01100159,2.895999908
8/27/2026 8:57,332.6140137,56.60800171,3.144000053
8/27/2026 9:03,359.4920044,57.47900009,3.450999975
8/27/2026 9:08,310.3840027,57.94200134,3.003000021
8/27/2026 9:13,300.8999939,58.6269989,2.946000099
8/27/2026 9:18,359.2690125,59.41899872,3.565000057
8/27/2026 9:23,421.5150146,60.51599884,4.260000229
8/27/2026 9:28,449.302002,61.39799881,4.606999874
8/27/2026 9:33,441.8349915,62.64400101,4.622000217
8/27/2026 9:38,491.9779968,63.44599915,5.212999821
8/27/2026 9:43,470.9070129,67.90899658,5.340000153
8/27/2026 9:48,372.8049927,68.25299835,4.249000072
8/27/2026 9:53,417.6419983,68.51000214,4.777999878
8/27/2026 9:58,541.5620117,62.52199936,5.65500021
8/27/2026 10:03,598.4030151,68.85199738,6.881000042
8/27/2026 10:08,487.0320129,83.85099792,6.820000172
8/27/2026 10:13,537.8720093,71.19999695,6.394999981
8/27/2026 10:18,257.5220032,75.1989975,3.233999968
8/27/2026 10:23,318.9039917,74.09899902,3.946000099
8/27/2026 10:28,316.4379883,71.96900177,3.802999973
8/27/2026 10:33,461.6010132,75.10800171,5.789999962
8/27/2026 10:38,569.5100098,73.4240036,6.982999802
8/27/2026 10:43,614.4379883,72.90699768,7.480999947
8/27/2026 10:48,667.6970215,73.09899902,8.151000023
8/27/2026 10:53,679.0289917,68.26999664,7.742000103
8/27/2026 10:58,706.7470093,71.23899841,8.407999992
8/27/2026 11:03,668.4710083,73.61299896,8.218000412
8/27/2026 11:08,749.9370117,74.16300201,9.288000107
8/27/2026 11:13,715.026001,76.5059967,9.13599968
8/27/2026 11:18,805.4580078,75.56300354,10.16399956
8/27/2026 11:24,786.9840088,76.87200165,10.10299969
8/27/2026 11:29,820.8070068,77.24900055,10.58899975
8/27/2026 11:34,846.8319702,78.00700378,11.03199959
8/27/2026 11:39,867.4829712,79.05699921,11.45300007
8/27/2026 11:44,869.5620117,79.45999908,11.53899956
8/27/2026 11:49,829.4580078,80.91600037,11.20800018
8/27/2026 11:54,841.7109985,82.79499817,11.63799953
8/27/2026 11:59,800.0560303,83.73400116,11.18799973
8/27/2026 12:04,849.776001,80.73799896,11.45800018
8/27/2026 12:09,834.5689697,83.91999817,11.6960001
8/27/2026 12:14,886.7890015,84.59500122,12.52799988
8/27/2026 12:19,834.4370117,88.95500183,12.39599991
8/27/2026 12:24,887.1500244,84.51599884,12.52099991
8/27/2026 12:29,983.2459717,86.24700165,14.1619997
8/27/2026 12:34,931.1550293,85.79599762,13.3409996
8/27/2026 12:39,900.3129883,84.79000092,12.74800014
8/27/2026 12:44,912.0800171,87.59700012,13.34300041
8/27/2026 12:49,840.2349854,86.41899872,12.1260004
8/27/2026 12:54,898.9619751,86.72299957,13.01900005
8/27/2026 12:59,973.2739868,88.02799988,14.30799961
8/27/2026 13:04,937.6220093,88.06900024,13.78999996
8/27/2026 13:09,917.125,88.61000061,13.5710001
8/27/2026 13:14,669.3259888,89.01499939,9.949999809
8/27/2026 13:19,831.8369751,90.1969986,12.52999973
8/27/2026 13:24,911.177002,89.9980011,13.69499969
8/27/2026 13:48,884.2819824,89.53199768,13.22200012
8/27/2026 13:53,888.1329956,91.1969986,13.52600002
8/27/2026 13:58,973.7609863,88.12799835,14.33100033
8/27/2026 14:03,1016.827026,86.97799683,14.77000046
8/27/2026 14:08,519.78302,91.18399811,7.914999962
8/27/2026 14:13,861.0930176,89.13200378,12.81700039
8/27/2026 14:18,459.6140137,81.15599823,6.229000092
8/27/2026 14:23,576.8049927,71.49199677,6.887000084
8/27/2026 14:29,568.7680054,86.60299683,8.225999832
8/27/2026 14:34,413.006012,83.24199677,5.741000175
8/27/2026 14:39,616.8870239,87.8239975,9.048000336
8/27/2026 14:44,479.2609863,87.07800293,6.968999863
8/27/2026 14:49,699.6329956,83.82299805,9.793999672
8/27/2026 14:54,588.5889893,85.46900177,8.401000023
8/27/2026 14:59,553.5139771,85.89499664,7.940000057
8/27/2026 15:04,635.4190063,83.09600067,8.81799984
8/27/2026 15:09,605.7349854,78.43000031,7.934000015
8/27/2026 15:14,710.2509766,69.9980011,8.30300045
8/27/2026 15:19,653.7940063,70.47200012,7.693999767
8/27/2026 15:24,516.3540039,77.78099823,6.706999779
8/27/2026 15:29,678.125,85.50700378,9.682999611
8/27/2026 15:34,593.9500122,81.20999908,8.055000305
8/27/2026 15:39,621.34198,81.45700073,8.451999664
8/27/2026 15:44,636.8400269,77.36599731,8.227999687
8/27/2026 15:49,491.7669983,77.625,6.375
8/27/2026 15:54,641.1140137,76.42299652,8.18200016
8/27/2026 15:59,689.6420288,78.70800018,9.06499958
8/27/2026 16:04,630.4689941,75.71299744,7.972000122
8/27/2026 16:09,516.3920288,75.32800293,6.495999813
8/27/2026 16:14,559.6500244,76.39700317,7.139999866
8/27/2026 16:19,532.7579956,67.51100159,6.006999969
8/27/2026 16:24,257.7520142,87.09300232,3.749000072
8/27/2026 16:29,627.5360107,76.90799713,8.06000042
8/27/2026 16:34,439.0079956,84.47100067,6.19299984
8/27/2026 16:39,464.7200012,75.04199982,5.823999882
8/27/2026 16:44,343.2460022,68.52100372,3.927999973
8/27/2026 16:50,536.2319946,75.8030014,6.788000107
8/27/2026 16:55,506.552002,74.67199707,6.316999912
8/27/2026 17:00,409.7109985,69.35500336,4.744999886
8/27/2026 17:05,423.57901,68.90599823,4.874000072
8/27/2026 17:10,453.9590149,68.30899811,5.178999901
8/27/2026 17:15,310.4259949,71.2539978,3.694000006
8/27/2026 17:20,299.4630127,69.83699799,3.493000031
8/27/2026 17:25,343.6820068,71.96600342,4.130000114
8/27/2026 17:30,234.1809998,63.39500046,2.479000092
8/27/2026 17:35,317.7219849,66.15299988,3.50999999
8/27/2026 17:40,367.1929932,65.36100006,4.007999897
8/27/2026 17:45,216.6089935,69.07700348,2.499000072
8/27/2026 17:50,205.7969971,69.15100098,2.377000093
8/27/2026 17:55,238.1390076,67.08599854,2.667999983
8/27/2026 18:00,233.6269989,60.54100037,2.361999989
8/27/2026 18:05,120.4850006,68.23300171,1.373000026
8/27/2026 18:10,127.1790009,65.29199982,1.386999965
8/27/2026 18:15,94.66100311,75.48100281,1.192999959
8/27/2026 18:20,136.9949951,69.22200012,1.583999991
8/27/2026 18:25,136.0590057,72.52799988,1.648000002
8/27/2026 18:30,115.2590027,67.43099976,1.297999978
8/27/2026 18:35,89.59100342,63.92200089,0.95599997
8/27/2026 18:40,61.74900055,73.58300018,0.759000003
8/27/2026 18:45,58.22700119,64.1969986,0.624000013
8/27/2026 18:50,57.24100113,75.46600342,0.721000016
8/27/2026 18:55,39.70100021,75.13800049,0.497999996
8/27/2026 19:00,35.72299957,74.12200165,0.442000002
8/27/2026 19:05,36.94599915,71.70600128,0.442000002
8/27/2026 19:11,37.24000168,75.39399719,0.469000012
8/27/2026 19:16,32.08200073,70.2559967,0.375999987
8/27/2026 19:21,29.03499985,68.56400299,0.331999987
8/27/2026 19:26,28.63999939,71.11100006,0.340000004
8/27/2026 19:31,26.52599907,72.20200348,0.319999993
8/27/2026 19:36,21.84000015,56.92200089,0.208000004
8/27/2026 19:41,18.59700012,59.3030014,0.184
8/27/2026 19:46,16.5529995,49.67399979,0.136999995
8/27/2026 19:51,13.36699963,0.023,0
8/27/2026 19:56,10.20600033,-0.041999999,0
8/27/2026 20:01,7.574999809,-0.125,0
8/27/2026 20:06,5.285999775,-0.27700001,0
8/27/2026 20:11,2.903000116,-0.551999986,0
8/27/2026 20:16,0.93900001,-1.799000025,0
8/27/2026 20:26,,,0
8/27/2026 20:31,,,0
8/27/2026 20:36,,,0
8/27/2026 20:41,,,0
8/27/2026 20:46,,,0
8/27/2026 20:51,,,0
8/27/2026 20:56,,,0
8/27/2026 21:01,,,0
8/27/2026 21:06,,,0
8/27/2026 21:11,,,0
8/27/2026 21:16,,,0
8/27/2026 21:21,,,0
8/27/2026 21:26,,,0
8/27/2026 21:31,,,0
8/27/2026 21:37,,,0
8/27/2026 21:42,,,0
8/27/2026 21:47,,,0
8/27/2026 21:52,,,0
8/27/2026 21:57,,,0
8/28/2026 4:05,,,0
8/28/2026 4:15,,,0
8/28/2026 4:21,,,0
8/28/2026 4:26,,,0
8/28/2026 4:31,,,0
8/28/2026 4:36,,,0
8/28/2026 4:41,,,0
8/28/2026 4:46,,,0
8/28/2026 4:51,,,0
8/28/2026 4:56,,,0
8/28/2026 5:01,,,0
8/28/2026 5:06,,,0
8/28/2026 5:11,,,0
8/28/2026 5:16,,,0
8/28/2026 5:21,,,0
8/28/2026 5:26,,,0
8/28/2026 5:31,,,0
8/28/2026 5:36,,,0
8/28/2026 5:41,,,0
8/28/2026 5:46,,,0
8/28/2026 5:51,,,0
8/28/2026 5:56,,,0
8/28/2026 6:01,,,0
8/28/2026 6:06,,,0
8/28/2026 6:11,,,0
8/28/2026 6:16,,,0
8/28/2026 6:21,,,0
8/28/2026 6:26,,,0
8/28/2026 6:31,,,0
8/28/2026 6:36,,,0
8/28/2026 6:42,,,0
8/28/2026 6:47,,,0
8/28/2026 6:52,2.887000084,-0.528999984,0
8/28/2026 6:57,3.085999966,-0.541000009,0
8/28/2026 7:02,5.97300005,-0.197999999,0
8/28/2026 7:07,5.652999878,-0.363999993,0
8/28/2026 7:12,13.7130003,0.004,0
8/28/2026 7:17,29.06299973,23.0720005,0.112000003
8/28/2026 7:22,38.17100143,31.42900085,0.200000003
8/28/2026 7:27,62.32500076,42.61399841,0.444000006
8/28/2026 7:32,98.01100159,53.13700104,0.870000005
8/28/2026 7:37,89.13899994,55.73699951,0.829999983
8/28/2026 7:42,40.35900116,38.71699905,0.261000007
8/28/2026 7:47,16.7310009,0.128999993,0
8/28/2026 7:52,18.01600075,0.150999993,0
8/28/2026 7:57,17.60499954,0.129999995,0
8/28/2026 8:02,15.55099964,0.071999997,0
8/28/2026 8:07,11.02099991,0.025,0
8/28/2026 8:12,8.369000435,-0.07,0
8/28/2026 8:17,9.135000229,-0.027000001,0
8/28/2026 8:22,6.131000042,-0.241999999,0
8/28/2026 8:27,6.267000198,-0.166999996,0
8/28/2026 8:32,3.377000093,-0.419999987,0
8/28/2026 8:42,0.116999999,-11.54100037,0
8/28/2026 8:52,75.14399719,44.63600159,0.560000002
8/28/2026 8:57,354.7569885,49.50799942,2.933000088
8/28/2026 9:03,499.2309875,52.91199875,4.410999775
8/28/2026 9:08,161.7850037,67.07700348,1.812000036
8/28/2026 9:13,72.3730011,59.45899963,0.718999982
8/28/2026 9:18,55.57300186,65.30999756,0.606000006
8/28/2026 9:23,68.07700348,67.09200287,0.763000011
8/28/2026 9:28,45.66199875,56.9070015,0.433999985
8/28/2026 9:33,11.48999977,-0.018999999,0
8/28/2026 9:38,4.165999889,-0.291999996,0
8/28/2026 9:43,5.583000183,-0.247999996,0
8/28/2026 9:48,33.13299942,39.69300079,0.219999999
8/28/2026 9:53,162.5579987,57.34400177,1.557000041
8/28/2026 9:58,523.6619873,85.58799744,7.485000134
8/28/2026 10:03,592.8410034,60.43199921,5.982999802
8/28/2026 10:08,32.52600098,40.97800064,0.223000005
8/28/2026 10:13,36.27899933,64.91600037,0.393000007
8/28/2026 10:18,18.72100067,41.00500107,0.128000006
8/28/2026 10:23,97.58999634,67.44999695,1.098999977
8/28/2026 10:28,293.6220093,64.50900269,3.163000107
8/28/2026 10:33,126.1579971,68.88899994,1.450999975
8/28/2026 10:38,63.51200104,67,0.711000025
8/28/2026 10:43,15.21000004,30.67099953,0.078000002
8/28/2026 10:48,24.70700073,28.375,0.116999999
8/28/2026 10:53,100.7860031,74.59300232,1.254999995
8/28/2026 10:58,499.4670105,29.49399948,2.460000038
8/28/2026 11:03,42.58300018,70.48899841,0.500999987
8/28/2026 11:08,104.0319977,69.47599792,1.207000017
8/28/2026 11:13,162.8990021,85.9280014,2.338000059
8/28/2026 11:18,173.6959991,68.29499817,1.980999947
8/28/2026 11:24,121.2919998,69.70500183,1.411999941
8/28/2026 11:29,99.0059967,69.22000122,1.144000053
8/28/2026 11:34,64.50700378,69.04299927,0.744000018
8/28/2026 11:39,29.05800056,54.9280014,0.26699999
8/28/2026 11:44,50.78300095,70.94200134,0.601999998
8/28/2026 11:49,33.09500122,57.60200119,0.317999989
8/28/2026 11:54,56.82300186,73.43299866,0.697000027
8/28/2026 11:59,54.58800125,71.23300171,0.648999989
8/28/2026 12:04,40.48899841,61.20600128,0.414000005
8/28/2026 12:09,56.80699921,71.77100372,0.680999994
8/28/2026 12:14,52.52799988,74.93199921,0.657000005
8/28/2026 12:19,55.33499908,71.33300018,0.658999979
8/28/2026 12:24,49.93799973,72.44000244,0.603999972
8/28/2026 12:29,38.36100006,66.53900146,0.425999999
8/28/2026 12:34,80.1780014,75.71700287,1.014000058
8/28/2026 12:39,46.04299927,66.33100128,0.50999999
8/28/2026 12:44,90.64900208,72.07099915,1.090999961
8/28/2026 12:49,96.82800293,71.66300201,1.159000039
8/28/2026 12:54,167.6349945,73.15200043,2.048000097
8/28/2026 12:59,281.0589905,72.29499817,3.392999887
8/28/2026 13:04,166.9309998,69.35800171,1.934000015
8/28/2026 13:09,147.0099945,70.49199677,1.730999947
8/28/2026 13:14,218.8329926,74.60600281,2.726000071
8/28/2026 13:19,152.4869995,62.55099869,1.593000054
8/28/2026 13:24,219.1269989,68.93599701,2.523000002
8/28/2026 13:47,358.5010071,5.870999813,0.351000011
8/28/2026 13:52,341.8720093,72.83300018,4.157999992
8/28/2026 13:57,652.4819946,46.77899933,5.097000122
8/28/2026 14:02,247.1199951,69.36100006,2.861999989
8/28/2026 14:07,213.8289948,70.52799988,2.519000053
8/28/2026 14:12,274.0799866,73.33699799,3.357000113
8/28/2026 14:17,350.7170105,71.08100128,4.163000107
8/28/2026 14:22,1086.562012,79.4280014,14.41300011
8/28/2026 14:27,367.8330078,67.89199829,4.170000076
8/28/2026 14:32,535.9130249,60.15299988,5.383999825
8/28/2026 14:37,240.4940033,86.81800079,3.486999989
8/28/2026 14:42,121.5790024,79.15699768,1.606999993
8/28/2026 14:47,117.5599976,74.26200104,1.457999945
8/28/2026 14:53,71.85800171,71.55000305,0.859000027
8/28/2026 14:58,80.44799805,72.45300293,0.97299999
8/28/2026 15:03,76.47499847,71.12400055,0.907999992
8/28/2026 15:08,78.65599823,72.22000122,0.949000001
8/28/2026 15:13,84.95999908,74.92299652,1.062999964
8/28/2026 15:18,138.5709991,75.90399933,1.756999969
8/28/2026 15:23,122.8659973,76.39299774,1.567000031
8/28/2026 15:28,74.96900177,73.05200195,0.915000021
8/28/2026 15:33,67.54499817,64.45800018,0.726999998
8/28/2026 15:38,275.743988,62.95899963,2.898999929
8/28/2026 15:43,249.727005,72.83799744,3.038000107
8/28/2026 15:48,139.1450043,68.96499634,1.603000045
8/28/2026 15:53,225.9909973,70.66899872,2.667000055
8/28/2026 15:58,160.7019958,72.69300079,1.950999975
8/28/2026 16:03,487.1619873,87.19599915,7.093999863
8/28/2026 16:08,358.7430115,55.35900116,3.316999912
8/28/2026 16:13,914.0059814,61.32699966,9.361000061
8/28/2026 16:18,752.4420166,59.54700089,7.482999802
8/28/2026 16:23,733.632019,58.3409996,7.147999763
8/28/2026 16:28,185.5659943,49.31999969,1.527999997
8/28/2026 16:33,159.8899994,69.64199829,1.860000014
8/28/2026 16:38,390.5390015,85.64399719,5.585999966
8/28/2026 16:43,702.9190063,49.54600143,5.815999985
8/28/2026 16:48,616.1779785,57.13399887,5.879000187
8/28/2026 16:53,631.2910156,55.94900131,5.897999763
8/28/2026 16:58,604.9920044,54.94200134,5.551000118
8/28/2026 17:03,458.5960083,65.73899841,5.034999847
8/28/2026 17:08,407.2219849,77.98999786,5.303999901
8/28/2026 17:13,565.0419922,53.67399979,5.065000057
8/28/2026 17:19,383.5190125,70.6289978,4.524000168
8/28/2026 17:24,418.4419861,53.97299957,3.772000074
8/28/2026 17:29,155.0619965,58.57500076,1.51699996
8/28/2026 17:34,95.21700287,66.91600037,1.06400001
8/28/2026 17:39,112.5439987,67.43399811,1.26699996
8/28/2026 17:44,88.1969986,71.64900208,1.054999948
8/28/2026 17:49,68.51200104,73.78900146,0.843999982
8/28/2026 17:54,70.44999695,58.93299866,0.693000019
8/28/2026 17:59,80.11199951,74.85099792,1.001000047
8/28/2026 18:04,125.8030014,43.56000137,0.915000021
8/28/2026 18:09,56.20100021,63.39400101,0.595000029
8/28/2026 18:14,74.52300262,66.59999847,0.828999996
8/28/2026 18:19,185.8059998,46.7120018,1.449000001
8/28/2026 18:24,117.1039963,70.03299713,1.370000005
8/28/2026 18:29,95.14299774,69.23200226,1.100000024
8/28/2026 18:34,75.20200348,64.94000244,0.815999985
8/28/2026 18:39,54.16500092,61.00799942,0.551999986
8/28/2026 18:44,65.125,61.90800095,0.672999978
8/28/2026 18:49,60.61500168,59.49499893,0.601999998
8/28/2026 18:54,55.92900085,52.73199844,0.493000001
8/28/2026 18:59,28.06399918,55.86299896,0.261999995
8/28/2026 19:04,21.39100075,48.64799881,0.173999995
8/28/2026 19:09,23.09700012,46.05500031,0.178000003
8/28/2026 19:14,26.33300018,47.3409996,0.208000004
8/28/2026 19:19,30.75200081,52.86899948,0.272000015
8/28/2026 19:24,29.87999916,61.18399811,0.305000007
8/28/2026 19:29,20.74300003,53.97600174,0.187000006
8/28/2026 19:34,15.73099995,42.49900055,0.112000003
8/28/2026 19:40,12.17800045,0.037,0
8/28/2026 19:45,11.15200043,0.005,0
8/28/2026 19:50,11.45100021,-0.017999999,0
8/28/2026 19:55,21.42700005,0.158000007,0.001
8/28/2026 20:00,21.98900032,0.141000003,0.001
8/28/2026 20:05,6.160999775,-0.213,0
8/28/2026 20:10,3.585000038,-0.382999986,0
8/28/2026 20:15,1.914000034,-0.611000001,0
8/28/2026 20:20,0.75,-2.144999981,0
8/28/2026 20:25,,,0
8/28/2026 20:35,,,0
8/28/2026 20:45,,,0
8/28/2026 20:55,,,0
8/28/2026 21:05,,,0
8/28/2026 21:15,,,0
8/28/2026 21:25,,,0
8/28/2026 21:35,,,0
8/28/2026 21:45,,,0
8/28/2026 21:55,,,0
8/29/2026 4:05,,,0
8/29/2026 4:16,,,0
8/29/2026 4:21,,,0
8/29/2026 4:26,,,0
8/29/2026 4:31,,,0
8/29/2026 4:36,,,0
8/29/2026 4:41,,,0
8/29/2026 4:46,,,0
8/29/2026 4:51,,,0
8/29/2026 4:56,,,0
8/29/2026 5:01,,,0
8/29/2026 5:06,,,0
8/29/2026 5:11,,,0
8/29/2026 5:16,,,0
8/29/2026 5:21,,,0
8/29/2026 5:26,,,0
8/29/2026 5:31,,,0
8/29/2026 5:36,,,0
8/29/2026 5:41,,,0
8/29/2026 5:46,,,0
8/29/2026 5:51,,,0
8/29/2026 5:56,,,0
8/29/2026 6:01,,,0
8/29/2026 6:06,,,0
8/29/2026 6:11,,,0
8/29/2026 6:16,,,0
8/29/2026 6:21,,,0
8/29/2026 6:26,,,0
8/29/2026 6:31,,,0
8/29/2026 6:36,,,0
8/29/2026 6:42,,,0
8/29/2026 6:47,,,0
8/29/2026 6:52,4.93900013,-0.282999992,0
8/29/2026 6:57,7.543000221,-0.101000004,0
8/29/2026 7:02,10.41800022,-0.035999998,0
8/29/2026 7:07,14.19999981,0.025,0
8/29/2026 7:12,18.53800011,0.138999999,0
8/29/2026 7:17,24.97500038,14.9989996,0.063000001
8/29/2026 7:22,28.20899963,22.5510006,0.105999999
8/29/2026 7:27,31.22999954,22.97699928,0.119999997
8/29/2026 7:32,38.32099915,33.27700043,0.213
8/29/2026 7:37,62.22999954,35.76100159,0.372000009
8/29/2026 7:42,46.60900116,38.14899826,0.296999991
8/29/2026 7:47,37.87400055,39.75600052,0.250999987
8/29/2026 7:52,40.18899918,41.97900009,0.282000005
8/29/2026 7:57,153.6130066,31.1060009,0.797999978
8/29/2026 8:02,173.8589935,33.64699936,0.976999998
8/29/2026 8:07,193.7359924,36.3730011,1.177000046
8/29/2026 8:12,212.5870056,37.26300049,1.322999954
8/29/2026 8:17,230.6100006,39.5719986,1.524000049
8/29/2026 8:22,249.6170044,40.92399979,1.70599997
8/29/2026 8:27,270.151001,42.2859993,1.907999992
8/29/2026 8:32,291.2630005,43.76599884,2.128999949
8/29/2026 8:37,307.7130127,44.34799957,2.279000044
8/29/2026 8:42,328.9190063,46.27500153,2.542000055
8/29/2026 8:47,351.7009888,46.68799973,2.742000103
8/29/2026 8:52,372.0939941,48.69400024,3.026000023
8/29/2026 8:57,391.1199951,49.15599823,3.210999966
8/29/2026 9:03,412.3940125,50.10300064,3.450999975
8/29/2026 9:08,431.6849976,52.10900116,3.756999969
8/29/2026 9:13,451.0379944,52.92200089,3.986000061
8/29/2026 9:18,470.3420105,54.13899994,4.251999855
8/29/2026 9:23,490.0700073,55.16699982,4.514999866
8/29/2026 9:28,510.355011,56.08399963,4.78000021
8/29/2026 9:33,529.3969727,56.56900024,5.000999928
8/29/2026 9:38,550.9069824,57.36399841,5.277999878
8/29/2026 9:43,571.098999,57.97499847,5.528999805
8/29/2026 9:48,591.4879761,58.64199829,5.793000221
8/29/2026 9:53,599.2219849,59.66799927,5.971000195
8/29/2026 9:58,624.3380127,60.32799911,6.289999962
8/29/2026 10:03,647.7379761,61.14699936,6.613999844
8/29/2026 10:08,665.5469971,61.6590004,6.853000164
8/29/2026 10:13,687.3109741,62.32099915,7.152999878
8/29/2026 10:18,707.1749878,63.22700119,7.467000008
8/29/2026 10:23,706.7919922,64.1309967,7.570000172
8/29/2026 10:28,704.5430298,64.41600037,7.578999996
8/29/2026 10:33,695.940979,65.22299957,7.579999924
8/29/2026 10:38,739.5949707,66.85600281,8.258000374
8/29/2026 10:43,785.6779785,67.53600311,8.861000061
8/29/2026 10:48,805.2940063,67.86499786,9.126999855
8/29/2026 10:53,805.5830078,69.31300354,9.324999809
8/29/2026 10:58,823.8770142,68.73400116,9.456999779
8/29/2026 11:03,776.0209961,71.03700256,9.206000328
8/29/2026 11:08,815.3549805,72.62799835,9.888999939
8/29/2026 11:13,808.5239868,70.57800293,9.529999733
8/29/2026 11:18,851.3989868,71.95700073,10.23099995
8/29/2026 11:24,853.2420044,72.48699951,10.32900047
8/29/2026 11:29,842.1989746,73.69200134,10.36499977
8/29/2026 11:34,911.9390259,74.57800293,11.3579998
8/29/2026 11:39,843.9379883,76.0759964,10.72200012
8/29/2026 11:44,894.4019775,76.3769989,11.40799999
8/29/2026 11:49,862.4849854,77.66500092,11.18700027
8/29/2026 11:54,669.0170288,79.03800201,8.831000328
8/29/2026 11:59,850.9790039,80.04000092,11.375
8/29/2026 12:04,741.0079956,85.13700104,10.53600025
8/29/2026 12:09,846.7360229,81.54399872,11.53100014
8/29/2026 12:14,985.710022,78.69300079,12.95400047
8/29/2026 12:19,876.5170288,81.34200287,11.90699959
8/29/2026 12:24,949.8109741,79.41500092,12.59700012
8/29/2026 12:29,974.3179932,81.45999908,13.25399971
8/29/2026 12:34,1036.340942,81.19599915,14.05300045
8/29/2026 12:39,1004.447998,81.18699646,13.61800003
8/29/2026 12:44,935.8189697,83.61199951,13.06700039
8/29/2026 12:49,934.7839966,82.31400299,12.85000038
8/29/2026 12:54,1028.052979,82.20400238,14.11299992
8/29/2026 12:59,1041.749023,84.0039978,14.61400032
8/29/2026 13:04,576.4489746,84.01399994,8.088000298
8/29/2026 13:09,1109.350952,82.88300323,15.35499954
8/29/2026 13:14,890.1810303,90.39199829,13.43799973
8/29/2026 13:19,891.6430054,80.34300232,11.9630003
8/29/2026 13:24,959.0219727,87.5039978,14.01399994
8/29/2026 13:47,706.1420288,80.91600037,9.541999817
8/29/2026 13:52,620.8400269,81.57299805,8.456999779
8/29/2026 13:57,682.2219849,87.91100311,10.01599979
8/29/2026 14:02,832.7180176,83.47000122,11.6079998
8/29/2026 14:07,922.9890137,77.69000244,11.97500038
8/29/2026 14:12,989.2000122,76.12599945,12.57600021
8/29/2026 14:17,848.0560303,83.16400146,11.77799988
8/29/2026 14:22,532.7089844,80.51799774,7.163000107
8/29/2026 14:27,399.7820129,81.71299744,5.454999924
8/29/2026 14:33,720.8150024,83.0039978,9.991999626
8/29/2026 14:38,733.6619873,91.8239975,11.25
8/29/2026 14:43,1022.984985,77.93199921,13.31400013
8/29/2026 14:48,961.6480103,77.72200012,12.48200035
8/29/2026 14:53,1018.125977,75.95899963,12.91499996
8/29/2026 14:58,845.9390259,75.43900299,10.65699959
8/29/2026 15:03,825,76.12599945,10.48799992
8/29/2026 15:08,688.3569946,78.73200226,9.050999641
8/29/2026 15:13,694.8179932,74.51100159,8.645999908
8/29/2026 15:18,657.1450195,77.24500275,8.477000237
8/29/2026 15:23,599.3460083,80.16000366,8.022999763
8/29/2026 15:28,737.5789795,77.73500061,9.574999809
8/29/2026 15:33,425.5169983,94.1289978,6.68900013
8/29/2026 15:38,582.5549927,76.72799683,7.465000153
8/29/2026 15:43,390.4729919,73.9240036,4.821000099
8/29/2026 15:48,849.8720093,69.53800201,9.869000435
8/29/2026 15:53,355.4079895,76.26599884,4.52699995
8/29/2026 15:58,329.196991,77.63300323,4.268000126
8/29/2026 16:03,333.6019897,75.47399902,4.204999924
8/29/2026 16:08,231.9839935,79.46900177,3.078999996
8/29/2026 16:13,217.5500031,79.29199982,2.881000042
8/29/2026 16:18,199.8220062,79.05500031,2.638000011
8/29/2026 16:23,246.8320007,73.92199707,3.046999931
8/29/2026 16:28,250.5509949,77.42199707,3.239000082
8/29/2026 16:33,520.322998,55.47499847,4.820000172
8/29/2026 16:38,533.5349731,75.92099762,6.764999866
8/29/2026 16:43,460.9549866,94.15799713,7.248000145
8/29/2026 16:48,283.3510132,73.28199768,3.467999935
8/29/2026 16:54,256.5169983,73.70800018,3.157999992
8/29/2026 16:59,242.0160065,74.89700317,3.02699995
8/29/2026 17:04,269.1919861,72.92099762,3.278000116
8/29/2026 17:09,563.2230225,66.5039978,6.255000114
8/29/2026 17:14,617.2559814,53.33499908,5.498000145
8/29/2026 17:19,474.2980042,55.5929985,4.402999878
8/29/2026 17:24,534.0369873,56.09799957,5.002999783
8/29/2026 17:29,470.6170044,31.1609993,2.448999882
8/29/2026 17:34,125.5920029,86.20800018,1.807999969
8/29/2026 17:39,122.4789963,71.05599976,1.452999949
8/29/2026 17:44,170.4720001,71.06500244,2.023000002
8/29/2026 17:49,153.1210022,71.22200012,1.82099998
8/29/2026 17:54,428.519989,55.52799988,3.973999977
8/29/2026 17:59,458.8049927,53.13700104,4.071000099
8/29/2026 18:04,221.3329926,60.3730011,2.232000113
8/29/2026 18:09,294.677002,59.39099884,2.923000097
8/29/2026 18:14,381.651001,50.61299896,3.226000071
8/29/2026 18:19,350.677002,49.81399918,2.917000055
8/29/2026 18:24,252.1849976,49.45399857,2.082999945
8/29/2026 18:29,244.8560028,46.79299927,1.912999988
8/29/2026 18:34,199.3739929,43.29399872,1.440999985
8/29/2026 18:39,182.4049988,42.7859993,1.302999973
8/29/2026 18:44,178.0910034,37.52799988,1.116000056
8/29/2026 18:49,88,48.39400101,0.711000025
8/29/2026 18:54,140.0610046,33.29600143,0.778999984
8/29/2026 18:59,120.8130035,33.65299988,0.67900002
8/29/2026 19:04,86.49500275,40.97100067,0.592000008
8/29/2026 19:09,41.83300018,69.83200073,0.488000005
8/29/2026 19:15,35.87900162,64.48500061,0.386000007
8/29/2026 19:20,31.60499954,63.07099915,0.333000004
8/29/2026 19:25,28.7859993,61.61000061,0.296000004
8/29/2026 19:30,23.27000046,62.01699829,0.240999997
8/29/2026 19:35,22.62800026,62.08499908,0.234999999
8/29/2026 19:40,18.21500015,65.07499695,0.197999999
8/29/2026 19:45,12.61600018,0.107000001,0
8/29/2026 19:50,10.12800026,-0.028999999,0
8/29/2026 19:55,8.069999695,-0.115000002,0
8/29/2026 20:00,6.03000021,-0.129999995,0
8/29/2026 20:05,4.598999977,-0.307000011,0
8/29/2026 20:10,3.536999941,-0.426999986,0
8/29/2026 20:15,2.154999971,-0.764999986,0
8/29/2026 20:20,1.077000022,-1.299000025,0
8/29/2026 20:25,,,0
8/29/2026 20:35,,,0
8/29/2026 20:45,,,0
8/29/2026 20:55,,,0
8/29/2026 21:05,,,0
8/29/2026 21:15,,,0
8/29/2026 21:25,,,0
8/29/2026 21:36,,,0
8/29/2026 21:41,,,0
8/29/2026 21:46,,,0
8/29/2026 21:51,,,0
8/29/2026 21:56,,,0
8/30/2026 4:05,,,0
8/30/2026 4:16,,,0
8/30/2026 4:21,,,0
8/30/2026 4:26,,,0
8/30/2026 4:31,,,0
8/30/2026 4:36,,,0
8/30/2026 4:41,,,0
8/30/2026 4:46,,,0
8/30/2026 4:51,,,0
8/30/2026 4:56,,,0
8/30/2026 5:01,,,0
8/30/2026 5:06,,,0
8/30/2026 5:11,,,0
8/30/2026 5:16,,,0
8/30/2026 5:21,,,0
8/30/2026 5:26,,,0
8/30/2026 5:31,,,0
8/30/2026 5:36,,,0
8/30/2026 5:41,,,0
8/30/2026 5:46,,,0
8/30/2026 5:51,,,0
8/30/2026 5:56,,,0
8/30/2026 6:01,,,0
8/30/2026 6:06,,,0
8/30/2026 6:11,,,0
8/30/2026 6:16,,,0
8/30/2026 6:21,,,0
8/30/2026 6:26,,,0
8/30/2026 6:31,,,0
8/30/2026 6:37,,,0
8/30/2026 6:42,,,0
8/30/2026 6:47,,,0
8/30/2026 6:52,4.06400013,-0.409999996,0
8/30/2026 6:57,8.515000343,-0.114,0
8/30/2026 7:02,13.64999962,-0.017000001,0
8/30/2026 7:07,17.36700058,0.075000003,0
8/30/2026 7:12,20.71299934,0.128999993,0
8/30/2026 7:17,24.24300003,0.158000007,0.001
8/30/2026 7:22,28.90500069,16.1439991,0.078000002
8/30/2026 7:27,33.6570015,18.35000038,0.103
8/30/2026 7:32,33.9469986,25.33799934,0.143999994
8/30/2026 7:37,36.73400116,34.84500122,0.214000002
8/30/2026 7:42,34.73500061,37.06000137,0.215000004
8/30/2026 7:47,37.91199875,38.87200165,0.246000007
8/30/2026 7:52,43.89099884,41.37900162,0.303000003
8/30/2026 7:57,61.60499954,43.75699997,0.449999988
8/30/2026 8:02,62.65000153,42.61899948,0.44600001
8/30/2026 8:07,201.0579987,33.64400101,1.129999995
8/30/2026 8:12,201.4299927,40.31299973,1.355999947
8/30/2026 8:17,233.1909943,39.48600006,1.537999988
8/30/2026 8:22,193.4700012,41.01399994,1.325000048
8/30/2026 8:27,308.0979919,42.74000168,2.198999882
8/30/2026 8:32,346.6650085,46.23300171,2.677000046
8/30/2026 8:37,378.1669922,45.09799957,2.84800005
8/30/2026 8:42,379.1059875,49.06299973,3.105999947
8/30/2026 8:47,413.4330139,50.16500092,3.463999987
8/30/2026 8:52,415.1109924,51.60300064,3.576999903
8/30/2026 8:57,430.3439941,54.29000092,3.90199995
8/30/2026 9:03,436.0090027,56.375,4.105000019
8/30/2026 9:08,458.7359924,57.31000137,4.389999866
8/30/2026 9:13,366.1350098,27.87299919,1.703999996
8/30/2026 9:18,470.1900024,56.08200073,4.403999805
8/30/2026 9:23,507.1950073,49.80599976,4.218999863
8/30/2026 9:28,242.0610046,73.27999878,2.961999893
8/30/2026 9:33,574.6939697,51.19200134,4.913000107
8/30/2026 9:38,507.7279968,64.04299927,5.429999828
8/30/2026 9:43,598.1729736,60.85599899,6.078999996
8/30/2026 9:48,638.815979,60.81299973,6.487999916
8/30/2026 9:53,567.2109985,77.67500305,7.357999802
8/30/2026 9:58,318.9649963,68.90699768,3.670000076
8/30/2026 10:03,306.2250061,73.1740036,3.742000103
8/30/2026 10:08,355.8850098,70.0019989,4.159999847
8/30/2026 10:13,511.927002,92.54000092,7.910999775
8/30/2026 10:18,552.8939819,59.83200073,5.524000168
8/30/2026 10:23,960.3850098,67.34400177,10.80099964
8/30/2026 10:28,346.1199951,69.14600372,3.996999979
8/30/2026 10:33,740.9530029,57.94400024,7.170000076
8/30/2026 10:38,955.8309937,70.36599731,11.23200035
8/30/2026 10:43,866.3779907,67.66500092,9.789999962
8/30/2026 10:48,909.1500244,62.82500076,9.538999557
8/30/2026 10:53,851.0570068,72.05799866,10.24100018
8/30/2026 10:58,840.7730103,72.58899689,10.19200039
8/30/2026 11:03,831.815979,72.65899658,10.09300041
8/30/2026 11:08,850.5230103,75.1969986,10.68099976
8/30/2026 11:13,870.8699951,76.10900116,11.06900024
8/30/2026 11:18,881.1409912,76.20700073,11.21399975
8/30/2026 11:24,894.5009766,77.55699921,11.58600044
8/30/2026 11:29,896.0800171,77.8730011,11.65299988
8/30/2026 11:34,912.7180176,78.70400238,11.99600029
8/30/2026 11:39,918.0650024,79.55500031,12.19699955
8/30/2026 11:44,936.4630127,80.04699707,12.51900005
8/30/2026 11:49,945.1099854,80.55200195,12.71399975
8/30/2026 11:54,954.2009888,81.32800293,12.96000004
8/30/2026 11:59,964.6849976,82.08699799,13.22399998
8/30/2026 12:04,975.2319946,82.52799988,13.44099998
8/30/2026 12:09,984.4890137,82.90599823,13.63000011
8/30/2026 12:14,991.7600098,83.3259964,13.80099964
8/30/2026 12:19,999.8400269,83.45899963,13.93500042
8/30/2026 12:24,1006.659973,84.28900146,14.17000008
8/30/2026 12:29,1008.447021,85.55899811,14.4090004
8/30/2026 12:34,1010.838989,85.88200378,14.49800014
8/30/2026 12:39,1012.606995,87.03399658,14.71800041
8/30/2026 12:44,1015.47699,87.29000092,14.80300045
8/30/2026 12:49,1012.202026,87.94599915,14.86600018
8/30/2026 12:54,1013.333008,88.35900116,14.95300007
8/30/2026 12:59,996.7280273,89.5039978,14.89799976
8/30/2026 13:04,1005.301025,90.1760025,15.13899994
8/30/2026 13:09,1007.838013,89.78800201,15.11200047
8/30/2026 13:14,1007.97699,90.64900208,15.25899982
8/30/2026 13:19,996.1209717,91.5019989,15.22200012
8/30/2026 13:24,945.1370239,88.4260025,13.95699978
8/30/2026 13:47,998.3850098,18.54100037,3.09100008
8/30/2026 13:52,965.5670166,78.0759964,12.59000015
8/30/2026 13:57,888.1849976,80.9280014,12.00399971
8/30/2026 14:02,880.6380005,82.11399841,12.07600021
8/30/2026 14:07,985.3029785,81.8789978,13.47299957
8/30/2026 14:12,960.3790283,80.26000214,12.87199974
8/30/2026 14:17,975.7020264,79.13899994,12.89500046
8/30/2026 14:22,960.2210083,79.50299835,12.7489996
8/30/2026 14:27,1043.05603,81.80599976,14.25
8/30/2026 14:32,1029.957031,80.62200165,13.86699963
8/30/2026 14:37,1120.670044,58.02700043,10.85999966
8/30/2026 14:42,962.0319824,85.9489975,13.80900002
8/30/2026 14:47,1027.062988,83.21800232,14.27299976
8/30/2026 14:53,872.1450195,84.3789978,12.28999996
8/30/2026 14:58,1085.031006,85.9489975,15.57400036
8/30/2026 15:03,346.526001,84.2460022,4.875
8/30/2026 15:08,873.2390137,91.44400024,13.33500004
8/30/2026 15:13,988.2290039,79.78299713,13.16699982
8/30/2026 15:18,1005.812988,79.01699829,13.27200031
8/30/2026 15:23,822.2349854,91.14299774,12.51500034
8/30/2026 15:28,995.4069824,78.42700195,13.0369997
8/30/2026 15:33,952.7979736,79.63899994,12.67199993
8/30/2026 15:38,989.6500244,36.25400162,5.992000103
8/30/2026 15:43,746.7089844,75.6989975,9.43999958
8/30/2026 15:48,417.0230103,77.0039978,5.362999916
8/30/2026 15:53,259.3129883,90.42099762,3.915999889
8/30/2026 15:58,216.1970062,90.89600372,3.282000065
8/30/2026 16:03,227.7890015,89.92900085,3.421000004
8/30/2026 16:08,500.1390076,98.13600159,8.19699955
8/30/2026 16:13,264.3609924,87.6210022,3.868000031
8/30/2026 16:18,463.1170044,84.64499664,6.546999931
8/30/2026 16:23,236.9700012,85.45200348,3.381999969
8/30/2026 16:28,509.0610046,76.50299835,6.504000187
8/30/2026 16:33,540.8770142,70.84799957,6.399000168
8/30/2026 16:38,231.3809967,86.54699707,3.344000101
8/30/2026 16:43,181.0509949,84.21199799,2.546000004
8/30/2026 16:48,176.1679993,68.97899628,2.029000044
8/30/2026 16:53,587.0739746,70.06300354,6.868999958
8/30/2026 16:58,666.7050171,67.22699738,7.485000134
8/30/2026 17:03,127.3199997,81.41999817,1.730999947
8/30/2026 17:08,118.6330032,85.31300354,1.690000057
8/30/2026 17:14,107.9629974,86.75900269,1.56400001
8/30/2026 17:19,100.6610031,83.68000031,1.406999946
8/30/2026 17:24,90.08499908,81.16899872,1.220999956
8/30/2026 17:29,285.4169922,70.70800018,3.369999886
8/30/2026 17:34,189.7489929,70.77600098,2.243000031
8/30/2026 17:39,143.8309937,83.62400055,2.009000063
8/30/2026 17:44,151.326004,83.70700073,2.11500001
8/30/2026 17:49,175.602005,73.16799927,2.145999908
8/30/2026 17:54,149.2109985,67.20300293,1.674999952
8/30/2026 17:59,95.02600098,84.66400146,1.343999982
8/30/2026 18:04,95.97299957,83.28800201,1.335000038
8/30/2026 18:09,91.33300018,84.09999847,1.282999992
8/30/2026 18:14,75.81300354,83.68199921,1.059000015
8/30/2026 18:19,70.37000275,83.30799866,0.978999972
8/30/2026 18:24,66.96099854,82.65499878,0.924000025
8/30/2026 18:29,59.74100113,80.52899933,0.802999973
8/30/2026 18:34,59.4129982,80.45400238,0.797999978
8/30/2026 18:39,56.14599991,80.34600067,0.753000021
8/30/2026 18:44,51.67499924,77.94799805,0.672999978
8/30/2026 18:49,50.27799988,78.8030014,0.662
8/30/2026 18:54,44.86899948,78.0059967,0.583999991
8/30/2026 18:59,40.25799942,72.45899963,0.486999989
8/30/2026 19:04,35.00099945,80.01499939,0.467999995
8/30/2026 19:09,30.71699905,70.17700195,0.360000014
8/30/2026 19:14,26.20499992,73.4940033,0.321999997
8/30/2026 19:19,21.84300041,59.24100113,0.216000006
8/30/2026 19:24,19.30900002,66.68499756,0.215000004
8/30/2026 19:29,16.01799965,54.64400101,0.145999998
8/30/2026 19:35,12.66300011,-0.023,0
8/30/2026 19:40,12.0170002,0.028999999,0
8/30/2026 19:45,11.74400043,0.025,0
8/30/2026 19:50,10.77700043,-0.01,0
8/30/2026 19:55,9.383000374,-0.028000001,0
8/30/2026 20:00,6.907000065,-0.170000002,0
8/30/2026 20:05,4.132999897,-0.39199999,0
8/30/2026 20:10,2.102999926,-0.908999979,0
8/30/2026 20:15,0.61500001,-3.170000076,0
8/30/2026 20:25,,,0
8/30/2026 20:35,,,0
8/30/2026 20:45,,,0
8/30/2026 20:55,,,0
8/30/2026 21:05,,,0
8/30/2026 21:15,,,0
8/30/2026 21:25,,,0
8/30/2026 21:35,,,0
8/30/2026 21:45,,,0
8/30/2026 21:56,,,0
8/31/2026 4:05,,,0
8/31/2026 4:16,,,0
8/31/2026 4:21,,,0
8/31/2026 4:26,,,0
8/31/2026 4:31,,,0
8/31/2026 4:36,,,0
8/31/2026 4:41,,,0
8/31/2026 4:46,,,0
8/31/2026 4:51,,,0
8/31/2026 4:56,,,0
8/31/2026 5:01,,,0
8/31/2026 5:06,,,0
8/31/2026 5:11,,,0
8/31/2026 5:16,,,0
8/31/2026 5:21,,,0
8/31/2026 5:26,,,0
8/31/2026 5:31,,,0
8/31/2026 5:36,,,0
8/31/2026 5:41,,,0
8/31/2026 5:46,,,0
8/31/2026 5:51,,,0
8/31/2026 5:56,,,0
8/31/2026 6:01,,,0
8/31/2026 6:06,,,0
8/31/2026 6:11,,,0
8/31/2026 6:16,,,0
8/31/2026 6:21,,,0
8/31/2026 6:26,,,0
8/31/2026 6:31,,,0
8/31/2026 6:37,,,0
8/31/2026 6:42,,,0
8/31/2026 6:47,,,0
8/31/2026 6:52,3.265000105,-0.377000004,0
8/31/2026 6:57,5.504000187,-0.250999987,0
8/31/2026 7:02,8.852999687,-0.07,0
8/31/2026 7:07,11.63399982,-0.018999999,0
8/31/2026 7:12,15.98999977,0.107000001,0
8/31/2026 7:17,18.61000061,0.112999998,0
8/31/2026 7:22,20.21299934,15.39900017,0.052000001
8/31/2026 7:27,24.34700012,22.32699966,0.090999998
8/31/2026 7:32,29.18700027,35.71099854,0.173999995
8/31/2026 7:37,52.56999969,28.84900093,0.252999991
8/31/2026 7:42,96.60299683,21.51300049,0.347000003
8/31/2026 7:47,118.3730011,23.9829998,0.474000007
8/31/2026 7:52,138.6929932,26.30800056,0.609000027
8/31/2026 7:57,157.5839996,28.92399979,0.760999978
8/31/2026 8:02,174.878006,32.31299973,0.944000006
8/31/2026 8:07,198.7630005,34.26800156,1.136999965
8/31/2026 8:12,215.1889954,36.01499939,1.29400003
8/31/2026 8:17,236.279007,38.50400162,1.519000053
8/31/2026 8:22,256.8670044,40.56200027,1.74000001
8/31/2026 8:27,278.7579956,41.7820015,1.945000052
8/31/2026 8:32,301.4400024,43.07500076,2.167999983
8/31/2026 8:37,321.9110107,44.94300079,2.415999889
8/31/2026 8:42,343.1470032,47.1629982,2.703000069
8/31/2026 8:47,363.07901,48.32300186,2.930000067
8/31/2026 8:52,383.2789917,48.6230011,3.111999989
8/31/2026 8:57,405.2569885,50.69100189,3.430999994
8/31/2026 9:03,423.8779907,52.01200104,3.681999922
8/31/2026 9:08,443.0329895,53.35599899,3.947999954
8/31/2026 9:13,462.2179871,54.02600098,4.170000076
8/31/2026 9:18,483.4190063,56.00099945,4.520999908
8/31/2026 9:23,502.1440125,57.14799881,4.791999817
8/31/2026 9:28,526.4299927,58.5719986,5.149000168
8/31/2026 9:33,550.6799927,59.55599976,5.477000237
8/31/2026 9:38,585.117981,59.72999954,5.835999966
8/31/2026 9:43,394.7730103,64.78500366,4.270999908
8/31/2026 9:48,221.6730042,63.69300079,2.35800004
8/31/2026 9:53,659.7620239,63.63999939,7.012000084
8/31/2026 9:58,651.7529907,65.94599915,7.177999973
8/31/2026 10:03,288.7409973,109.8789978,5.297999859
8/31/2026 10:08,703.5529785,65.61000061,7.709000111
8/31/2026 10:13,733.5059814,67.00700378,8.208000183
8/31/2026 10:18,727.6660156,66.73600006,8.109999657
8/31/2026 10:23,739.0059814,67.625,8.345999718
8/31/2026 10:28,756.625,68.19300079,8.616999626
8/31/2026 10:33,785.375,69.30400085,9.090000153
8/31/2026 10:38,601.1420288,22.64900017,2.273999929
8/31/2026 10:43,371.0830078,33.41899872,2.071000099
8/31/2026 10:48,839.164978,66.26000214,9.286000252
8/31/2026 10:53,838.3839722,71.94200134,10.07299995
8/31/2026 10:58,854.9920044,71.8710022,10.26200008
8/31/2026 11:03,866.8339844,72.41899872,10.4829998
8/31/2026 11:08,880.4639893,73.31099701,10.77999973
8/31/2026 11:13,893.7390137,74.15599823,11.06799984
8/31/2026 11:18,904.4019775,75.20400238,11.3579998
8/31/2026 11:24,917.5910034,75.68800354,11.59799957
8/31/2026 11:29,930.2910156,76.21600342,11.8409996
8/31/2026 11:34,943.4050293,76.93199921,12.12100029
8/31/2026 11:39,956.0020142,77.55999756,12.38300037
8/31/2026 11:44,968.1040039,77.68199921,12.55900002
8/31/2026 11:49,979.3289795,78.59700012,12.85400009
8/31/2026 11:54,983.0130005,79.58599854,13.06499958
8/31/2026 11:59,980.0939941,81.51999664,13.34300041
8/31/2026 12:04,990.5029907,81.16600037,13.42599964
8/31/2026 12:09,995.4260254,81.87999725,13.61100006
8/31/2026 12:14,1005.094971,82.16699982,13.79199982
8/31/2026 12:19,1012.861023,81.83999634,13.84300041
8/31/2026 12:24,1007.47699,82.83599854,13.93700027
8/31/2026 12:29,1034.090942,81.61299896,14.09399986
8/31/2026 12:34,1030.630005,82.34300232,14.17199993
8/31/2026 12:39,1019.093018,83.87999725,14.27499962
8/31/2026 12:44,1031.401978,83.69400024,14.41600037
8/31/2026 12:49,1029.45105,84.82299805,14.58300018
8/31/2026 12:54,1028.026001,84.54199982,14.51399994
8/31/2026 12:59,1026.260986,84.53700256,14.48799992
8/31/2026 13:04,1031.588989,84.63700104,14.58100033
8/31/2026 13:09,1041.265015,84.34100342,14.66600037
8/31/2026 13:14,1030.694946,85.1309967,14.65299988
8/31/2026 13:19,1044.526001,85.10800171,14.84599972
8/31/2026 13:24,1034.525024,85.20200348,14.72000027
8/31/2026 13:48,894.8079834,83.60900116,12.49400043
8/31/2026 13:53,1014.255005,84.13500214,14.2510004
8/31/2026 13:58,1015.953003,83.23100281,14.12100029
8/31/2026 14:03,1008.413025,82.95800018,13.97000027
8/31/2026 14:08,1003.775024,82.44999695,13.8210001
8/31/2026 14:13,996.7130127,81.6210022,13.58600044
8/31/2026 14:18,1000.465027,81.26399994,13.57699966
8/31/2026 14:23,993.0809937,80.64900208,13.375
8/31/2026 14:28,985.6010132,79.95500183,13.15999985
8/31/2026 14:33,979.8649902,79.84999847,13.06599998
8/31/2026 14:38,973.0079956,79.1230011,12.85700035
8/31/2026 14:43,966.6129761,78.54699707,12.6789999
8/31/2026 14:49,953.1110229,78.02100372,12.41899967
8/31/2026 14:54,946.4180298,77.49500275,12.24800014
8/31/2026 14:59,936.4940186,77.1190033,12.06099987
8/31/2026 15:04,923.7550049,76.3769989,11.78199959
8/31/2026 15:09,918.0250244,75.88500214,11.63399982
8/31/2026 15:14,908.0250244,74.47200012,11.29300022
8/31/2026 15:19,895.4329834,74.42500305,11.12899971
8/31/2026 15:24,881.3660278,73.02300262,10.74800014
8/31/2026 15:29,862.7810059,73.25099945,10.5539999
8/31/2026 15:34,853.0739746,73.09300232,10.41300011
8/31/2026 15:39,840.3499756,72.04499817,10.11100006
8/31/2026 15:44,820.2299805,71.72200012,9.824000359
8/31/2026 15:49,809.7030029,70.61000061,9.548000336
8/31/2026 15:54,796.75,70.56099701,9.388999939
8/31/2026 15:59,778.8430176,70.30899811,9.145000458
8/31/2026 16:04,767.9539795,69.55899811,8.920999527
8/31/2026 16:09,753.8900146,68.78099823,8.659000397
8/31/2026 16:14,738.3980103,68.31900024,8.425000191
8/31/2026 16:19,717.0609741,67.49099731,8.081999779
8/31/2026 16:24,701.0479736,66.42500305,7.77699995
8/31/2026 16:29,687.46698,65.72000122,7.545000076
8/31/2026 16:34,672.3339844,65.1289978,7.313000202
8/31/2026 16:39,654.1690063,64.39399719,7.034999847
8/31/2026 16:44,636.0020142,63.83599854,6.78000021
8/31/2026 16:49,608.8530273,62.99100113,6.40500021
8/31/2026 16:54,587.2650146,61.99599838,6.079999924
8/31/2026 16:59,571.9609985,60.7480011,5.802000046
8/31/2026 17:04,553.5980225,59.81999969,5.53000021
8/31/2026 17:10,532.9749756,58.84999847,5.237999916
8/31/2026 17:15,511.7250061,58.24000168,4.977000237
8/31/2026 17:20,491.3580017,57.25099945,4.697999954
8/31/2026 17:25,470.9299927,56.56200027,4.447999954
8/31/2026 17:30,452.3059998,55.15299988,4.165999889
8/31/2026 17:35,432.9339905,53.88999939,3.895999908
8/31/2026 17:40,410.6380005,53.48500061,3.667999983
8/31/2026 17:45,388.9249878,53.08000183,3.447999954
8/31/2026 17:50,371.0700073,51.29100037,3.177999973
8/31/2026 17:55,349.6459961,49.91699982,2.914999962
8/31/2026 18:00,330.6900024,48.37200165,2.671000004
8/31/2026 18:05,376.0230103,39.62400055,2.487999916
8/31/2026 18:10,335.0570068,40.83200073,2.285000086
8/31/2026 18:15,270.5570068,45.50899887,2.055999994
8/31/2026 18:20,251.1190033,43.64799881,1.830000043
8/31/2026 18:25,230.8300018,43.16400146,1.664000034
8/31/2026 18:30,212.1600037,40.32899857,1.42900002
8/31/2026 18:35,195.3209991,39.18399811,1.277999997
8/31/2026 18:40,176.3079987,37.74499893,1.110999942
8/31/2026 18:45,157.7669983,35.83100128,0.944000006
8/31/2026 18:50,138.4400024,34.37400055,0.795000017
8/31/2026 18:55,119.8379974,33.48400116,0.670000017
8/31/2026 19:00,103.375,33.26599884,0.574000001
8/31/2026 19:05,86.61000061,30.37199974,0.43900001
8/31/2026 19:10,27.33799934,77.74500275,0.354999989
8/31/2026 19:15,25.37400055,73.68599701,0.312000006
8/31/2026 19:20,23.42099953,69.94999695,0.273999989
8/31/2026 19:25,21.375,67.9489975,0.243000001
8/31/2026 19:31,18.82099915,69.90899658,0.219999999
8/31/2026 19:36,15.9630003,63.83499908,0.170000002
8/31/2026 19:41,13.7840004,54.97499847,0.127000004
8/31/2026 19:46,11.93999958,0.037,0
8/31/2026 19:56,8.472000122,-0.006,0
8/31/2026 20:01,6.625,-0.089000002,0
8/31/2026 20:06,4.794000149,-0.289999992,0
8/31/2026 20:11,2.63499999,-0.472000003,0
8/31/2026 20:16,1.026000023,-1.666000009,0
8/31/2026 20:21,,,0
8/31/2026 20:26,,,0
8/31/2026 20:31,,,0
8/31/2026 20:36,,,0
8/31/2026 20:41,,,0
8/31/2026 20:46,,,0
8/31/2026 20:51,,,0
8/31/2026 20:56,,,0
8/31/2026 21:01,,,0
8/31/2026 21:06,,,0
8/31/2026 21:11,,,0
8/31/2026 21:16,,,0
8/31/2026 21:21,,,0
8/31/2026 21:26,,,0
8/31/2026 21:31,,,0
8/31/2026 21:36,,,0
8/31/2026 21:41,,,0
8/31/2026 21:46,,,0
8/31/2026 21:52,,,0
8/31/2026 21:57,,,0
9/1/2026 4:05,,,0
9/1/2026 4:16,,,0
9/1/2026 4:21,,,0
9/1/2026 4:26,,,0
9/1/2026 4:31,,,0
9/1/2026 4:36,,,0
9/1/2026 4:41,,,0
9/1/2026 4:46,,,0
9/1/2026 4:51,,,0
9/1/2026 4:56,,,0
9/1/2026 5:01,,,0
9/1/2026 5:06,,,0
9/1/2026 5:11,,,0
9/1/2026 5:16,,,0
9/1/2026 5:21,,,0
9/1/2026 5:26,,,0
9/1/2026 5:31,,,0
9/1/2026 5:36,,,0
9/1/2026 5:41,,,0
9/1/2026 5:46,,,0
9/1/2026 5:51,,,0
9/1/2026 5:56,,,0
9/1/2026 6:01,,,0
9/1/2026 6:06,,,0
9/1/2026 6:11,,,0
9/1/2026 6:16,,,0
9/1/2026 6:21,,,0
9/1/2026 6:26,,,0
9/1/2026 6:31,,,0
9/1/2026 6:37,,,0
9/1/2026 6:42,,,0
9/1/2026 6:47,,,0
9/1/2026 6:52,3.881000042,-0.421000004,0
9/1/2026 6:57,6.373000145,-0.216999993,0
9/1/2026 7:02,8.928999901,-0.105999999,0
9/1/2026 7:07,11.69400024,-0.005,0
9/1/2026 7:12,14.57800007,0.088,0
9/1/2026 7:17,18.30200005,0.160999998,0
9/1/2026 7:22,23.53800011,11.9090004,0.046999998
9/1/2026 7:27,26.84600067,17.71899986,0.079000004
9/1/2026 7:32,30.20999908,30.22500038,0.151999995
9/1/2026 7:37,48.38199997,24.52899933,0.197999999
9/1/2026 7:42,85.23400116,18.91699982,0.268999994
9/1/2026 7:47,106.3919983,21.36499977,0.379999995
9/1/2026 7:52,123.447998,23.88400078,0.492000014
9/1/2026 7:57,143.6569977,26.01499939,0.624000013
9/1/2026 8:02,165.8950043,28.56200027,0.791000009
9/1/2026 8:07,185.2619934,31.13299942,0.963
9/1/2026 8:12,205.1840057,33.72800064,1.156000018
9/1/2026 8:17,225.4019928,35.35800171,1.33099997
9/1/2026 8:22,245.9680023,37.90000153,1.557000041
9/1/2026 8:27,266.7189941,39.36999893,1.753999949
9/1/2026 8:32,286.5740051,41.02399826,1.963000059
9/1/2026 8:37,306.7730103,43.14599991,2.210000038
9/1/2026 8:42,327.3850098,44.46300125,2.430999994
9/1/2026 8:47,348.1870117,46.42599869,2.700000048
9/1/2026 8:52,366.8569946,47.74900055,2.924999952
9/1/2026 8:57,386.9110107,49.70800018,3.211999893
9/1/2026 9:03,406.6629944,51.3769989,3.489000082
9/1/2026 9:08,425.5469971,53.00799942,3.76699996
9/1/2026 9:13,445.2179871,54.47900009,4.051000118
9/1/2026 9:18,465.4129944,55.6609993,4.326000214
9/1/2026 9:23,485.9840088,56.93999863,4.620999813
9/1/2026 9:28,506.7250061,57.84600067,4.894999981
9/1/2026 9:33,526.2080078,58.9980011,5.184999943
9/1/2026 9:38,546.59198,60.17499924,5.493000031
9/1/2026 9:43,565.1409912,60.78300095,5.736999989
9/1/2026 9:48,586.0900269,61.56100082,6.025000095
9/1/2026 9:53,603.2979736,62.81399918,6.328999996
9/1/2026 9:58,621.6859741,63.60699844,6.604000092
9/1/2026 10:03,641.4580078,64.76200104,6.936999798
9/1/2026 10:08,660.28302,65.62799835,7.236999989
9/1/2026 10:13,677.7709961,66.55599976,7.532999992
9/1/2026 10:18,698.4420166,67.18499756,7.835999966
9/1/2026 10:23,718.9140015,67.78600311,8.137999535
9/1/2026 10:28,707.5579834,69.37400055,8.19699955
9/1/2026 10:33,758.4500122,69.44799805,8.795999527
9/1/2026 10:38,769.4229736,70.22599792,9.024000168
9/1/2026 10:43,790.2150269,71.03399658,9.373999596
9/1/2026 10:48,808.7739868,68.27700043,9.222000122
9/1/2026 10:53,772.875,69.98100281,9.032999992
9/1/2026 10:58,782.4219971,74.80899811,9.774999619
9/1/2026 11:03,863.0930176,74.6289978,10.75699997
9/1/2026 11:08,752.0510254,82.05500031,10.30500031
9/1/2026 11:13,882.0910034,76.27400208,11.23600006
9/1/2026 11:18,892.0939941,76.60500336,11.41300011
9/1/2026 11:24,901.2869873,77.64399719,11.68700027
9/1/2026 11:29,912.585022,78.4280014,11.95199966
9/1/2026 11:34,922.2509766,79.39900208,12.22900009
9/1/2026 11:39,935.684021,80.14900208,12.52400017
9/1/2026 11:44,948.8460083,81.19999695,12.86699963
9/1/2026 11:49,962.4060059,81.73000336,13.13599968
9/1/2026 11:54,973.9500122,82.61499786,13.43700027
9/1/2026 11:59,948.8510132,85.17500305,13.49699974
9/1/2026 12:04,987.8900146,84.18000031,13.88799953
9/1/2026 12:09,998.3270264,84.76000214,14.13099957
9/1/2026 12:14,1003.409973,85.58200073,14.3409996
9/1/2026 12:19,1007.127014,85.38400269,14.36100006
9/1/2026 12:24,1014.565979,86.42099762,14.6420002
9/1/2026 12:29,1005.539001,87.26899719,14.65499973
9/1/2026 12:34,949.7280273,89.84400177,14.25
9/1/2026 12:39,956.3499756,87.45600128,13.96800041
9/1/2026 12:44,987.1129761,89.68299866,14.7840004
9/1/2026 12:49,997.1630249,89.65699768,14.93000031
9/1/2026 12:54,1052.849976,88.33599854,15.53199959
9/1/2026 12:59,1042.265015,88.64399719,15.4289999
9/1/2026 13:04,1040.843018,88.68699646,15.41600037
9/1/2026 13:09,1031.467041,88.81400299,15.29899979
9/1/2026 13:14,1031.563965,89.05599976,15.34200001
9/1/2026 13:19,1012.502991,89.18299866,15.07999992
9/1/2026 13:24,1044.134033,87.86299896,15.3210001
9/1/2026 13:47,996.0540161,18.01300049,2.996000051
9/1/2026 13:52,1006.619019,80.97699738,13.61299992
9/1/2026 13:57,968.9089966,83.38300323,13.49199963
9/1/2026 14:02,941.1430054,84.29399872,13.2489996
9/1/2026 14:07,948.8930054,81.73500061,12.95199966
9/1/2026 14:12,942.0430298,83.52200317,13.14000034
9/1/2026 14:17,1000.362976,82.33100128,13.75399971
9/1/2026 14:22,976.3309937,84.36699677,13.75599957
9/1/2026 14:27,956.3469849,83.35399628,13.31200027
9/1/2026 14:32,984.6900024,80.8219986,13.29100037
9/1/2026 14:37,833.9140015,79.79599762,11.11299992
9/1/2026 14:42,626.9310303,85.88300323,8.991999626
9/1/2026 14:48,515.8499756,94.33399963,8.126999855
9/1/2026 14:53,985.4699707,83.56800079,13.75300026
9/1/2026 14:58,840.3200073,81.58799744,11.44900036
9/1/2026 15:03,812.2130127,81.8239975,11.09899998
9/1/2026 15:08,851.0980225,79.63800049,11.31900024
9/1/2026 15:13,894.6859741,77.79199982,11.62300014
9/1/2026 15:18,871.1489868,78.61199951,11.43700027
9/1/2026 15:23,879.190979,77.33999634,11.35499954
9/1/2026 15:28,890.7269897,76.79399872,11.42300034
9/1/2026 15:33,872.6270142,76.0759964,11.08699989
9/1/2026 15:38,790.5930176,79.77700043,10.53299999
9/1/2026 15:43,560.8959961,85.18599701,7.979000092
9/1/2026 15:48,648.0529785,75.90699768,8.215000153
9/1/2026 15:53,456.2569885,79.3809967,6.047999859
9/1/2026 15:58,489.1430054,79.73799896,6.513999939
9/1/2026 16:03,699.7280273,74.20600128,8.670999527
9/1/2026 16:08,718.7789917,75.40200043,9.050999641
9/1/2026 16:13,765.1090088,72.3730011,9.246999741
9/1/2026 16:18,723.1400146,71.27100372,8.607000351
9/1/2026 16:23,559.1199951,71.85299683,6.709000111
9/1/2026 16:28,656.2189941,72.17199707,7.90899992
9/1/2026 16:33,661.4970093,68.47699738,7.565000057
9/1/2026 16:38,382.0109863,69.57700348,4.43900013
9/1/2026 16:43,450.2349854,70.71199799,5.316999912
9/1/2026 16:48,675.2210083,68.68499756,7.744999886
9/1/2026 16:53,584.1329956,70.69400024,6.895999908
9/1/2026 16:58,572.2689819,64.08699799,6.125
9/1/2026 17:03,569.434021,64.20800018,6.105999947
9/1/2026 17:09,512.3010254,65.87599945,5.636000156
9/1/2026 17:14,523.4719849,62.48099899,5.461999893
9/1/2026 17:19,509.8469849,62.01200104,5.28000021
9/1/2026 17:24,431.1650085,64.20800018,4.623000145
9/1/2026 17:29,457.1040039,60.11899948,4.589000225
9/1/2026 17:34,400.8309937,60.11399841,4.024000168
9/1/2026 17:39,288.2619934,60.37799835,2.907000065
9/1/2026 17:44,386.9779968,59.0019989,3.812999964
9/1/2026 17:49,341.7330017,57.94400024,3.306999922
9/1/2026 17:54,245.2550049,58.91600037,2.413000107
9/1/2026 17:59,316.6900024,50.43399811,2.667000055
9/1/2026 18:04,335.572998,48.44300079,2.714999914
9/1/2026 18:09,259.9440002,53.30500031,2.313999891
9/1/2026 18:14,247.9949951,55.08300018,2.280999899
9/1/2026 18:19,178.1119995,58.12799835,1.728999972
9/1/2026 18:24,213.3910065,52.86000061,1.883999944
9/1/2026 18:29,156.4779968,58.16699982,1.519999981
9/1/2026 18:34,126.9759979,61.00500107,1.29400003
9/1/2026 18:39,95.14900208,64.76999664,1.029000044
9/1/2026 18:44,82.69300079,64.15599823,0.885999978
9/1/2026 18:49,85.40299988,59.21500015,0.845000029
9/1/2026 18:54,84.18199921,58.74499893,0.825999975
9/1/2026 18:59,83.96700287,56.04000092,0.786000013
9/1/2026 19:04,68.82499695,64.05999756,0.736000001
9/1/2026 19:09,61.87099838,66.19999695,0.684000015
9/1/2026 19:14,53.20199966,71.70700073,0.637000024
9/1/2026 19:19,49.22999954,73.96800232,0.60799998
9/1/2026 19:24,43.76599884,73.47799683,0.537
9/1/2026 19:30,40.0909996,69.80000305,0.467000008
9/1/2026 19:35,35.19499969,77.54499817,0.456
9/1/2026 19:40,26.42099953,61.30699921,0.270999998
9/1/2026 19:45,17.56299973,51.77500153,0.151999995
9/1/2026 19:50,10.50199986,-0.043000001,0
9/1/2026 19:55,6.232999802,-0.216000006,0
9/1/2026 20:00,3.427000046,-0.414000005,0
9/1/2026 20:05,1.958999991,-0.783999979,0
9/1/2026 20:10,0.978999972,-1.43900001,0
9/1/2026 20:15,,,0
9/1/2026 20:25,,,0
9/1/2026 20:35,,,0
9/1/2026 20:45,,,0
9/1/2026 20:55,,,0
9/1/2026 21:05,,,0
9/1/2026 21:15,,,0
9/1/2026 21:25,,,0
9/1/2026 21:35,,,0
9/1/2026 21:45,,,0
9/1/2026 21:56,,,0
9/2/2026 4:05,,,0
9/2/2026 4:16,,,0
9/2/2026 4:21,,,0
9/2/2026 4:26,,,0
9/2/2026 4:31,,,0
9/2/2026 4:36,,,0
9/2/2026 4:41,,,0
9/2/2026 4:46,,,0
9/2/2026 4:51,,,0
9/2/2026 4:56,,,0
9/2/2026 5:01,,,0
9/2/2026 5:06,,,0
9/2/2026 5:11,,,0
9/2/2026 5:16,,,0
9/2/2026 5:21,,,0
9/2/2026 5:26,,,0
9/2/2026 5:31,,,0
9/2/2026 5:36,,,0
9/2/2026 5:41,,,0
9/2/2026 5:46,,,0
9/2/2026 5:51,,,0
9/2/2026 5:56,,,0
9/2/2026 6:01,,,0
9/2/2026 6:06,,,0
9/2/2026 6:11,,,0
9/2/2026 6:16,,,0
9/2/2026 6:21,,,0
9/2/2026 6:26,,,0
9/2/2026 6:31,,,0
9/2/2026 6:37,,,0
9/2/2026 6:42,,,0
9/2/2026 6:47,,,0
9/2/2026 6:52,,,0
9/2/2026 6:57,,,0
9/2/2026 7:02,6.232999802,-0.241999999,0
9/2/2026 7:07,5.907999992,-0.261000007,0
9/2/2026 7:12,6.980999947,-0.187000006,0
9/2/2026 7:17,8.253000259,-0.133000001,0
9/2/2026 7:22,11.42500019,-0.061999999,0
9/2/2026 7:27,18.87800026,0.085000001,0
9/2/2026 7:32,25.76099968,13.31000042,0.057
9/2/2026 7:37,33.83200073,20.86899948,0.118000001
9/2/2026 7:42,43.06999969,25.23200035,0.180999994
9/2/2026 7:47,49.23699951,26.63400078,0.218999997
9/2/2026 7:52,81.9469986,23.54299927,0.321999997
9/2/2026 7:57,72.83799744,33.8769989,0.412
9/2/2026 8:02,100.1940002,36.44900131,0.610000014
9/2/2026 8:07,245.4400024,34.36600113,1.409000039
9/2/2026 8:12,221.9199982,36.63800049,1.35800004
9/2/2026 8:17,209.022995,41.20500183,1.437999964
9/2/2026 8:22,297.4299927,39.86600113,1.980000019
9/2/2026 8:27,126.723999,51.43799973,1.088999987
9/2/2026 8:32,117.5650024,52.60300064,1.032999992
9/2/2026 8:37,122.3909988,54.14300156,1.106999993
9/2/2026 8:42,135.6239929,55.09400177,1.248000026
9/2/2026 8:47,139.7059937,55.90800095,1.30400002
9/2/2026 8:52,160.4369965,57.40999985,1.537999988
9/2/2026 8:58,192.6490021,58.20700073,1.873000026
9/2/2026 9:03,284.7109985,54.28499985,2.58100009
9/2/2026 9:08,230.951004,61.16400146,2.358999968
9/2/2026 9:13,232.1170044,59.19900131,2.295000076
9/2/2026 9:18,222.6100006,59.31600189,2.204999924
9/2/2026 9:23,238.5509949,61.40999985,2.446000099
9/2/2026 9:28,267.2460022,61.89400101,2.762000084
9/2/2026 9:33,226.7749939,63.75799942,2.414999962
9/2/2026 9:38,253.0350037,61.61100006,2.604000092
9/2/2026 9:43,275.4979858,67.78600311,3.118999958
9/2/2026 9:48,290.8890076,64.84300232,3.150000095
9/2/2026 9:53,288.9129944,71.01300049,3.426000118
9/2/2026 9:58,561.2230225,63.61399841,5.961999893
9/2/2026 10:03,212.201004,71.74700165,2.542999983
9/2/2026 10:08,196.5829926,67.8690033,2.227999926
9/2/2026 10:13,287.9660034,60.40299988,2.904999971
9/2/2026 10:18,662.7219849,66.13500214,7.318999767
9/2/2026 10:23,769.617981,66.68599701,8.571000099
9/2/2026 10:28,800.0430298,68.86100006,9.199999809
9/2/2026 10:33,815.960022,70.00800323,9.539999962
9/2/2026 10:38,840.7540283,71.13899994,9.987999916
9/2/2026 10:43,927.9680176,72.36199951,11.21399975
9/2/2026 10:48,499.2980042,138.7070007,11.56599998
9/2/2026 10:53,495.4630127,68.83899689,5.696000099
9/2/2026 10:58,426.3250122,73.86199951,5.258999825
9/2/2026 11:03,384.3340149,88.9469986,5.709000111
9/2/2026 11:08,572.9069824,62.89300156,6.017000198
9/2/2026 11:13,1011.398987,76.72799683,12.96000004
9/2/2026 11:19,817.585022,82.29599762,11.23600006
9/2/2026 11:24,946.9489746,79.85099792,12.62800026
9/2/2026 11:29,938.2470093,80.58300018,12.6260004
9/2/2026 11:34,971.9819946,80.92900085,13.13599968
9/2/2026 11:39,243.0240021,83.60500336,3.392999887
9/2/2026 11:44,1005.22998,81.76200104,13.72599983
9/2/2026 11:49,990.3530273,82.21099854,13.59700012
9/2/2026 11:54,745.3740234,113.3860016,14.11400032
9/2/2026 11:59,901.2880249,76.12400055,11.45800018
9/2/2026 12:04,348.5069885,261.0840149,15.19499969
9/2/2026 12:09,688.3300171,32.54100037,3.740999937
9/2/2026 12:14,992.5670166,76.01999664,12.60099983
9/2/2026 12:19,978.427002,86.97899628,14.21199989
9/2/2026 12:24,1023.322998,85.02400208,14.52999973
9/2/2026 12:29,1046.703003,83.03900146,14.51500034
9/2/2026 12:34,1028.071045,84.73400116,14.54800034
9/2/2026 12:39,884.4910278,70.36100006,10.39299965
9/2/2026 12:44,773.9110107,109.5599976,14.15999985
9/2/2026 12:49,309.0419922,77.11399841,3.980000019
9/2/2026 12:54,1059.958984,89.52899933,15.84799957
9/2/2026 12:59,977.8779907,89.2440033,14.57400036
9/2/2026 13:04,1009.512024,90.53199768,15.26299953
9/2/2026 13:09,1015.927002,90.06199646,15.27999973
9/2/2026 13:14,1007.140015,90.00099945,15.13799953
9/2/2026 13:19,974.0499878,93.59600067,15.22500038
9/2/2026 13:24,944.585022,87.71800232,13.83699989
9/2/2026 13:47,1043.421021,18.89599991,3.292999983
9/2/2026 13:52,949.973999,72.23000336,11.45899963
9/2/2026 13:57,990.5189819,83.88999939,13.87699986
9/2/2026 14:02,962.3099976,85.89499664,13.8039999
9/2/2026 14:07,1015.952026,83.13400269,14.10499954
9/2/2026 14:12,853.2219849,90.51599884,12.89700031
9/2/2026 14:17,877.6099854,95.93800354,14.06099987
9/2/2026 14:22,929.8560181,86.37000275,13.4119997
9/2/2026 14:27,864.809021,86.72200012,12.52499962
9/2/2026 14:32,963.1610107,83.46299744,13.42500019
9/2/2026 14:38,924.8850098,85.1190033,13.14700031
9/2/2026 14:43,936.8980103,83.59100342,13.07900047
9/2/2026 14:48,848.4949951,83.29699707,11.80300045
9/2/2026 14:53,958.6589966,83.30500031,13.33699989
9/2/2026 14:58,967.9290161,84.05899811,13.5880003
9/2/2026 15:03,883.1660156,78.97000122,11.64700031
9/2/2026 15:08,800.4860229,84.75900269,11.33100033
9/2/2026 15:13,670.9089966,85.70400238,9.602000237
9/2/2026 15:18,911.1669922,79.93499756,12.16300011
9/2/2026 15:23,878.0889893,79.10099792,11.59899998
9/2/2026 15:28,832.2739868,78.98600006,10.97799969
9/2/2026 15:33,651.1870117,69.69400024,7.578999996
9/2/2026 15:38,846.9169922,77.57499695,10.97200012
9/2/2026 15:43,690.9279785,84.29100037,9.725999832
9/2/2026 15:48,811.2210083,76.1289978,10.31400013
9/2/2026 15:53,803.7999878,75.19499969,10.09399986
9/2/2026 15:58,737.40802,75.15100098,9.255000114
9/2/2026 16:03,683.4249878,77.77200317,8.876000404
9/2/2026 17:13,626.8959961,66.54199982,6.96600008
9/2/2026 17:19,432.8479919,68.72299957,4.967999935
9/2/2026 17:24,526.1350098,63.60599899,5.589000225
9/2/2026 17:29,470.5029907,62.18500137,4.886000156
9/2/2026 17:34,441.651001,62.04899979,4.576000214
9/2/2026 17:39,94.30400085,80.97299957,1.274999976
9/2/2026 17:44,222.727005,51.69599915,1.922999978
9/2/2026 17:49,409.8139954,60.02799988,4.107999802
9/2/2026 17:54,396.8940125,59.24700165,3.927000046
9/2/2026 17:59,389.8049927,58.77500153,3.825999975
9/2/2026 18:04,351.7460022,53.46099854,3.140000105
9/2/2026 18:09,397.625,43.39500046,2.881999969
9/2/2026 18:14,311.9429932,51.93700027,2.70600009
9/2/2026 18:19,278.6650085,52.65399933,2.450000048
9/2/2026 18:24,254.1380005,50.72000122,2.153000116
9/2/2026 18:29,131.9309998,62.0320015,1.366999984
9/2/2026 18:34,55.06100082,75.8789978,0.698000014
9/2/2026 18:39,52.84999847,76.81099701,0.677999973
9/2/2026 18:44,52.65800095,74.75499725,0.657000005
9/2/2026 18:49,97.59999847,47.91600037,0.781000018
9/2/2026 18:54,115.9179993,41.77299881,0.809000015
9/2/2026 18:59,53.61500168,58.20100021,0.521000028
9/2/2026 19:04,30.74200058,63.02299881,0.324000001
9/2/2026 19:09,36.8370018,55.10100174,0.338999987
9/2/2026 19:14,25.60300064,79.41100311,0.340000004
9/2/2026 19:19,21.49699974,70.15599823,0.252000004
9/2/2026 19:24,20.59700012,54.89699936,0.188999996
9/2/2026 19:29,19.00600052,59.16199875,0.187999994
9/2/2026 19:34,16.28300095,64.40299988,0.174999997
9/2/2026 19:39,15.92800045,64.28600311,0.171000004
9/2/2026 19:45,13.65400028,0.052000001,0
9/2/2026 19:50,11.4829998,-0.035,0
9/2/2026 19:55,9.428999901,-0.098999999,0
9/2/2026 20:00,6.359000206,-0.172999993,0
9/2/2026 20:05,3.792000055,-0.426999986,0
9/2/2026 20:10,2.085000038,-0.847000003,0
9/2/2026 20:15,,,0
9/2/2026 20:20,0.593999982,-2.64199996,0
9/2/2026 20:25,,,0
9/2/2026 20:35,,,0
9/2/2026 20:45,,,0
9/2/2026 20:55,,,0
9/2/2026 21:05,,,0
9/2/2026 21:15,,,0
9/2/2026 21:25,,,0
9/2/2026 21:35,,,0
9/2/2026 21:45,,,0
9/2/2026 21:55,,,0
9/3/2026 4:05,,,0
9/3/2026 4:15,,,0
9/3/2026 4:25,,,0
9/3/2026 4:35,,,0
9/3/2026 4:45,,,0
9/3/2026 4:55,,,0
9/3/2026 5:05,,,0
9/3/2026 5:15,,,0
9/3/2026 5:25,,,0
9/3/2026 5:35,,,0
9/3/2026 5:45,,,0
9/3/2026 5:55,,,0
9/3/2026 6:05,,,0
9/3/2026 6:16,,,0
9/3/2026 6:21,,,0
9/3/2026 6:26,,,0
9/3/2026 6:31,,,0
9/3/2026 6:36,,,0
9/3/2026 6:41,,,0
9/3/2026 6:46,,,0
9/3/2026 6:51,,,0
9/3/2026 6:56,,,0
9/3/2026 7:01,6.671999931,-0.232999995,0
9/3/2026 7:06,9.385000229,-0.01,0
9/3/2026 7:16,15.84700012,0.089000002,0
9/3/2026 7:21,21.05599976,0.171000004,0.001
9/3/2026 7:26,25.23699951,13.03999996,0.055
9/3/2026 7:31,29.14599991,23.18700027,0.112999998
9/3/2026 7:36,42.29299927,25.36100006,0.179000005
9/3/2026 7:41,78.08999634,18.72999954,0.244000003
9/3/2026 7:46,100.8939972,21.39100075,0.360000014
9/3/2026 7:51,110.4749985,24.57799911,0.453000009
9/3/2026 7:56,146.0410004,24.73999977,0.602999985
9/3/2026 8:01,115.6819992,26.9810009,0.521000028
9/3/2026 8:06,150.8090057,33.11399841,0.833999991
9/3/2026 8:11,199.1589966,29.97400093,0.996999979
9/3/2026 8:16,223.0709991,32.91500092,1.225999951
9/3/2026 8:21,243.5679932,36.61999893,1.49000001
9/3/2026 8:26,261.5950012,38.79299927,1.695000052
9/3/2026 8:32,280.3349915,40.68000031,1.904000044
9/3/2026 8:37,299.0650024,42.91999817,2.144000053
9/3/2026 8:42,321.2550049,45.40100098,2.436000109
9/3/2026 8:47,341.4830017,47.5870018,2.713999987
9/3/2026 8:52,362.4639893,49.30500031,2.983999968
9/3/2026 8:57,380.4389954,51.2879982,3.257999897
9/3/2026 9:02,399.8380127,52.65100098,3.516000032
9/3/2026 9:07,419.3569946,54.49700165,3.816999912
9/3/2026 9:12,444.6380005,55.9640007,4.156000137
9/3/2026 9:17,465.0020142,57.29100037,4.448999882
9/3/2026 9:22,483.1010132,58.53099823,4.722000122
9/3/2026 9:27,499.4230042,59.95299911,5
9/3/2026 9:32,521.3049927,61.18099976,5.326000214
9/3/2026 9:37,542.8729858,62.4109993,5.657999992
9/3/2026 9:42,560.2050171,63.36800003,5.927999973
9/3/2026 9:47,580.1530151,64.47100067,6.245999813
9/3/2026 9:52,597.2630005,65.51799774,6.534999847
9/3/2026 9:57,607.0709839,66.77999878,6.769999981
9/3/2026 10:02,596.632019,68.85600281,6.861000061
9/3/2026 10:07,624.302002,68.60600281,7.152999878
9/3/2026 10:12,676.0819702,69.66999817,7.866000175
9/3/2026 10:17,693.4860229,71.20700073,8.246999741
9/3/2026 10:22,700.8859863,71.05599976,8.317000389
9/3/2026 10:27,725.9199829,72.79599762,8.824999809
9/3/2026 10:32,742.9260254,73.90200043,9.168999672
9/3/2026 10:37,761.625,74.60299683,9.48900032
9/3/2026 10:42,776.9609985,75.27799988,9.767999649
9/3/2026 10:47,793.809021,76.93699646,10.19900036
9/3/2026 10:53,811.6480103,77.61399841,10.52000046
9/3/2026 10:58,824.1259766,78.21900177,10.76500034
9/3/2026 11:03,840.6550293,79.51300049,11.16300011
9/3/2026 11:08,852.53302,80.30400085,11.43299961
9/3/2026 11:13,868.9140015,80.85700226,11.7329998
9/3/2026 11:18,882.6589966,81.8030014,12.05799961
9/3/2026 11:23,895.5410156,82.65799713,12.36200047
9/3/2026 11:28,910.6380005,83.54699707,12.70600033
9/3/2026 11:33,926.6749878,83.89900208,12.98400021
9/3/2026 11:38,933.2890015,84.90100098,13.2329998
9/3/2026 11:43,943.7919922,85.88999939,13.5369997
9/3/2026 11:48,963.492981,86.37400055,13.89799976
9/3/2026 11:53,345.2999878,79.48799896,4.584000111
9/3/2026 11:58,870.776001,87.26699829,12.68999958
9/3/2026 12:03,595.1290283,83.69200134,8.31799984
9/3/2026 12:08,915.8699951,92.5019989,14.14799976
9/3/2026 12:13,526.1849976,95.47200012,8.388999939
9/3/2026 12:18,647.8950195,89.80899811,9.717000008
9/3/2026 12:23,716.8300171,84.8690033,10.15999985
9/3/2026 12:28,771.6229858,93.0530014,11.99100018
9/3/2026 12:33,630.2949829,90.48300171,9.524000168
9/3/2026 12:38,1065.284058,89.29399872,15.88599968
9/3/2026 12:43,945.427002,92.04000092,14.53199959
9/3/2026 12:48,1071.543945,89.40299988,15.99800014
9/3/2026 12:53,465.6849976,85.29000092,6.632999897
9/3/2026 12:58,1138.880981,89.58999634,17.03899956
9/3/2026 13:03,339.2850037,94.85299683,5.374000072
9/3/2026 13:08,255.9190063,86.1780014,3.683000088
9/3/2026 13:14,877.6119995,101.8050003,14.92099953
9/3/2026 13:19,1098.79895,91.33200073,16.75900078
9/3/2026 13:24,1033.057983,90.26100159,15.57199955
9/3/2026 13:46,663.4110107,12.33699989,1.366999984
9/3/2026 13:51,1079.647949,83.90399933,15.12800026
9/3/2026 13:56,1082.192993,86.13400269,15.56700039
9/3/2026 14:01,685.9359741,101.3410034,11.60900021
9/3/2026 14:06,1026.047974,82.14399719,14.07499981
9/3/2026 14:12,1016.812988,87.04799652,14.78100014
9/3/2026 14:17,935.7230225,85.85399628,13.41600037
9/3/2026 14:22,967.5280151,87.18299866,14.08699989
9/3/2026 14:27,922.4589844,86.93800354,13.39299965
9/3/2026 14:32,917.2979736,85.23100281,13.05599976
9/3/2026 14:37,885.8670044,86.58100128,12.80900002
9/3/2026 14:42,703.5969849,83.43900299,9.803999901
9/3/2026 14:47,489.493988,87.59200287,7.159999847
9/3/2026 14:52,906.9650269,50.68199921,7.676000118
9/3/2026 14:57,971.8140259,82.85700226,13.44699955
9/3/2026 15:02,945.3170166,82.47000122,13.01900005
9/3/2026 15:07,893.5219727,82.39800262,12.29500008
9/3/2026 15:12,840.0449829,83.12400055,11.66100025
9/3/2026 15:17,914.5579834,80.67900085,12.32199955
9/3/2026 15:22,807.8670044,83.30500031,11.23900032
9/3/2026 15:27,834.8270264,80.12000275,11.17000008
9/3/2026 15:32,825.7709961,79.20400238,10.92300034
9/3/2026 15:37,815.9609985,78.30899811,10.67099953
9/3/2026 15:42,815.8690186,78.19000244,10.65299988
9/3/2026 15:47,816.1409912,77.55999756,10.5710001
9/3/2026 15:52,754.2789917,78.18199921,9.847999573
9/3/2026 15:57,677.8120117,76.66100311,8.67800045
9/3/2026 16:02,507.7770081,88.375,7.493999958
9/3/2026 16:07,711.8859863,75.08399963,8.925999641
9/3/2026 16:12,726.4370117,76.8710022,9.326000214
9/3/2026 16:17,653.7839966,74.25700378,8.107999802
9/3/2026 16:22,659.8380127,73.4260025,8.090999603
9/3/2026 16:27,547.8809814,72.73799896,6.65500021
9/3/2026 16:33,665.6959839,71.43599701,7.941999912
9/3/2026 16:38,637.7310181,69.15000153,7.364999771
9/3/2026 16:43,560.53302,70.02700043,6.554999828
9/3/2026 16:48,618.6300049,68.39199829,7.065999985
9/3/2026 16:53,540.2210083,69.38200378,6.258999825
9/3/2026 16:58,571.2869873,68.29399872,6.515999794
9/3/2026 17:03,468.5109863,68.20400238,5.335999966
9/3/2026 17:08,475.0140076,63.38600159,5.027999878
9/3/2026 17:13,403.6000061,74.09200287,4.993999958
9/3/2026 17:18,353.1440125,74.58699799,4.399000168
9/3/2026 17:23,323.0939941,71.60299683,3.862999916
9/3/2026 17:28,416.7829895,60.84400177,4.235000134
9/3/2026 17:33,383.5379944,63.70299911,4.079999924
9/3/2026 17:38,339.9890137,60.95100021,3.460999966
9/3/2026 17:43,395.026001,59.25400162,3.90899992
9/3/2026 17:48,349.9679871,57.77899933,3.377000093
9/3/2026 17:53,295.6199951,57.05899811,2.816999912
9/3/2026 17:58,347.6019897,56.36500168,3.272000074
9/3/2026 18:03,289.8770142,56.30599976,2.726000071
9/3/2026 18:08,266.6690063,53.04000092,2.361999989
9/3/2026 18:13,241.8130035,51.9980011,2.099999905
9/3/2026 18:18,201.1660004,53.48600006,1.797000051
9/3/2026 18:23,158.095993,55.31900024,1.460999966
9/3/2026 18:28,176.1549988,47.7840004,1.406000018
9/3/2026 18:33,190.9120026,46.41699982,1.480000019
9/3/2026 18:38,167.7409973,44.27700043,1.24000001
9/3/2026 18:43,157.2120056,42.10100174,1.105000019
9/3/2026 18:48,144.5509949,40.55799866,0.978999972
9/3/2026 18:54,112.3430023,43.61500168,0.818000019
9/3/2026 18:59,91.82800293,45.82899857,0.703000009
9/3/2026 19:04,90.01699829,37.95700073,0.57099998
9/3/2026 19:09,65.79000092,45.37799835,0.499000013
9/3/2026 19:14,33.25699997,81.2519989,0.451000005
9/3/2026 19:19,29.42900085,84.23200226,0.414000005
9/3/2026 19:24,26.10700035,80.00299835,0.349000007
9/3/2026 19:29,22.54899979,79.67700195,0.300000012
9/3/2026 19:34,18.09399986,79.36599731,0.239999995
9/3/2026 19:39,15.04300022,79.20999908,0.199000001
9/3/2026 19:44,12.31499958,73.41899872,0.150999993
9/3/2026 19:49,9.762000084,0.054000001,0
9/3/2026 19:54,7.113999844,-0.108999997,0
9/3/2026 19:59,4.508999825,-0.226999998,0
9/3/2026 20:04,2.684999943,-0.568000019,0
9/3/2026 20:09,1.335999966,-1.248999953,0
9/3/2026 20:14,,,0
9/3/2026 20:24,,,0
9/3/2026 20:34,,,0
9/3/2026 20:44,,,0
9/3/2026 20:54,,,0
9/3/2026 21:04,,,0
9/3/2026 21:14,,,0
9/3/2026 21:25,,,0
9/3/2026 21:35,,,0
9/3/2026 21:45,,,0
9/3/2026 21:55,,,0
9/4/2026 4:05,,,0
9/4/2026 4:15,,,0
9/4/2026 4:25,,,0
9/4/2026 4:35,,,0
9/4/2026 4:45,,,0
9/4/2026 4:55,,,0
9/4/2026 5:05,,,0
9/4/2026 5:15,,,0
9/4/2026 5:25,,,0
9/4/2026 5:35,,,0
9/4/2026 5:45,,,0
9/4/2026 5:55,,,0
9/4/2026 6:05,,,0
9/4/2026 6:11,,,0
9/4/2026 6:16,,,0
9/4/2026 6:21,,,0
9/4/2026 6:26,,,0
9/4/2026 6:31,,,0
9/4/2026 6:36,,,0
9/4/2026 6:41,,,0
9/4/2026 6:46,,,0
9/4/2026 6:51,,,0
9/4/2026 6:56,,,0
9/4/2026 7:01,6.269000053,-0.150000006,0
9/4/2026 7:06,9.057999611,-0.068000004,0
9/4/2026 7:11,11.51799965,0.028999999,0
9/4/2026 7:16,14.02499962,0.068999998,0
9/4/2026 7:21,19.49500084,0.112999998,0
9/4/2026 7:26,22.63299942,2.006999969,0.008
9/4/2026 7:31,26.23800087,22.30999947,0.097999997
9/4/2026 7:36,38.72700119,26.64500046,0.172000006
9/4/2026 7:41,84.37400055,17.2670002,0.243000001
9/4/2026 7:46,108.5749969,19.36300087,0.351000011
9/4/2026 7:51,125.9580002,20.67200089,0.435000002
9/4/2026 7:56,144.3249969,23.29800034,0.561999977
9/4/2026 8:01,164.4160004,25.6970005,0.70599997
9/4/2026 8:06,182.7030029,29.06100082,0.887000024
9/4/2026 8:11,202.2330017,31.07699966,1.049999952
9/4/2026 8:16,220.8659973,34.42300034,1.269999981
9/4/2026 8:21,239.5749969,36.9109993,1.476999998
9/4/2026 8:26,260.1839905,39.00500107,1.695000052
9/4/2026 8:32,280.6789856,41.65399933,1.952000022
9/4/2026 8:37,301.7019958,43.74000168,2.203999996
9/4/2026 8:42,320.9920044,45.93600082,2.461999893
9/4/2026 8:47,338.493988,47.92599869,2.709000111
9/4/2026 8:52,355.006012,49.94100189,2.960999966
9/4/2026 8:57,369.321991,52.24900055,3.22300005
9/4/2026 9:02,399.1610107,53.99499893,3.598999977
9/4/2026 9:07,418.8640137,55.95199966,3.914000034
9/4/2026 9:12,426.4710083,57.94200134,4.126999855
9/4/2026 9:17,459.8930054,58.70399857,4.508999825
9/4/2026 9:22,479.1759949,60.48099899,4.840000153
9/4/2026 9:27,497.9599915,61.34700012,5.102000237
9/4/2026 9:32,517.0369873,62.36600113,5.385000229
9/4/2026 9:37,537.1220093,64.34500122,5.771999836
9/4/2026 9:42,556.1380005,65.4980011,6.083000183
9/4/2026 9:47,574.4749756,67.02400208,6.429999828
9/4/2026 9:52,593.5809937,67.8030014,6.721000195
9/4/2026 9:57,611.8800049,69.43499756,7.09499979
9/4/2026 10:02,628.8339844,70.05200195,7.356999874
9/4/2026 10:07,647.6810303,71.57900238,7.742000103
9/4/2026 10:12,667.1149902,71.81700134,8.001000404
9/4/2026 10:17,686.375,73.17500305,8.387999535
9/4/2026 10:22,691.1170044,74.79699707,8.633000374
9/4/2026 10:27,715.7039795,75.10700226,8.977000237
9/4/2026 10:32,732.3549805,76.36299896,9.338999748
9/4/2026 10:37,750.3049927,77.30899811,9.687000275
9/4/2026 10:42,769.2979736,77.96199799,10.01599979
9/4/2026 10:47,785.7520142,78.93099976,10.35700035
9/4/2026 10:53,800.0960083,79.49900055,10.62199974
9/4/2026 10:58,816.0449829,80.2990036,10.94299984
9/4/2026 11:03,831.0189819,81.1740036,11.26500034
9/4/2026 11:08,844.3270264,82.01599884,11.56400013
9/4/2026 11:13,857.4780273,83.02600098,11.88899994
9/4/2026 11:18,872.2329712,83.66699982,12.18700027
9/4/2026 11:23,883.9299927,84.48200226,12.47099972
9/4/2026 11:28,896.1530151,85.36699677,12.77600002
9/4/2026 11:33,908.6519775,85.69400024,13.00399971
9/4/2026 11:38,917.1820068,87.11100006,13.34300041
9/4/2026 11:43,928.473999,88.42299652,13.71000004
9/4/2026 11:48,938.7410278,88.97000122,13.94799995
9/4/2026 11:53,949.3759766,89.18699646,14.14000034
9/4/2026 11:58,958.0310059,90.10299683,14.41600037
9/4/2026 12:03,967.4910278,90.34600067,14.59700012
9/4/2026 12:08,976.7069702,90.23600006,14.71800041
9/4/2026 12:13,980.2890015,90.75,14.85599995
9/4/2026 12:18,987.2880249,90.87000275,14.98200035
9/4/2026 12:23,996.0020142,91.22499847,15.17399979
9/4/2026 12:28,1000.895996,91.30799866,15.26200008
9/4/2026 12:33,1005.22699,90.67199707,15.22099972
9/4/2026 12:38,1007.424011,90.90000153,15.29300022
9/4/2026 12:43,1008.226013,90.84600067,15.29599953
9/4/2026 12:48,1003.494995,91.85399628,15.39299965
9/4/2026 12:53,1007.521973,92.34400177,15.5369997
9/4/2026 12:58,1008.999023,93.05599976,15.68000031
9/4/2026 13:03,1003.963013,93.97000122,15.75500011
9/4/2026 13:08,1002.400024,94.53600311,15.82499981
9/4/2026 13:13,999.6890259,94.99500275,15.85900021
9/4/2026 13:19,1000.755005,94.84100342,15.85000038
9/4/2026 13:24,1001.815002,95.08000183,15.90699959
9/4/2026 13:47,987.3120117,94.34799957,15.55599976
9/4/2026 13:52,984.0130005,94.33999634,15.50300026
9/4/2026 13:57,980.0960083,93.68699646,15.33399963
9/4/2026 14:03,975.9869995,93.50299835,15.23999977
9/4/2026 14:08,972.0880127,91.79100037,14.90100002
9/4/2026 14:13,968.5549927,91.83100128,14.85400009
9/4/2026 14:18,962.4959717,90.58799744,14.56099987
9/4/2026 14:23,957.4489746,90.06400299,14.40100002
9/4/2026 14:28,950.1589966,89.36799622,14.18099976
9/4/2026 14:33,943.6389771,88.57499695,13.95800018
9/4/2026 14:38,934.4869995,88.67099762,13.8380003
9/4/2026 14:43,927.0390015,87.85299683,13.60099983
9/4/2026 14:48,918.2449951,86.79199982,13.30900002
9/4/2026 14:53,906.8319702,86.85099792,13.15299988
9/4/2026 14:58,898.65802,86.17700195,12.93299961
9/4/2026 15:03,889.1469727,84.90599823,12.60700035
9/4/2026 15:08,878.5369873,84.2559967,12.36200047
9/4/2026 15:13,868.3850098,83.0759964,12.04800034
9/4/2026 15:18,856.4860229,82.40799713,11.7869997
9/4/2026 15:23,843.6879883,81.41000366,11.47000027
9/4/2026 15:28,831.1119995,80.62400055,11.18999958
9/4/2026 15:33,818.2030029,80.10800171,10.9460001
9/4/2026 15:38,805.0209961,79.5530014,10.69499969
9/4/2026 15:43,790.9260254,78.80699921,10.4090004
9/4/2026 15:48,778.0130005,78.10500336,10.14799976
9/4/2026 15:53,762.7930298,77.67700195,9.895000458
9/4/2026 15:58,747.0830078,76.98100281,9.604000092
9/4/2026 16:03,732.6339722,75.75099945,9.267999649
9/4/2026 16:08,715.8099976,75.10399628,8.977999687
9/4/2026 16:13,701.0170288,74.69300079,8.744000435
9/4/2026 16:18,684.3980103,73.53199768,8.404000282
9/4/2026 16:23,670.8779907,72.93900299,8.171999931
9/4/2026 16:29,654.7849731,71.98400116,7.870999813
9/4/2026 16:34,635.5100098,71.52500153,7.59100008
9/4/2026 16:39,619.4130249,70.25800323,7.268000126
9/4/2026 16:44,601.3590088,69.08899689,6.938000202
9/4/2026 16:49,579.565979,69.01200104,6.679999828
9/4/2026 16:54,563.0900269,67.31300354,6.329999924
9/4/2026 16:59,545.8510132,66.68599701,6.078999996
9/4/2026 17:04,525.4370117,65.94100189,5.785999775
9/4/2026 17:09,506.7510071,64.98400116,5.499000072
9/4/2026 17:14,487.0979919,64.01799774,5.208000183
9/4/2026 17:19,466.7669983,62.60100174,4.880000114
9/4/2026 17:24,447.4159851,61.86299896,4.622000217
9/4/2026 17:29,426.3859863,60.69900131,4.322000027
9/4/2026 17:34,407.4570007,60.32899857,4.105000019
9/4/2026 17:39,387.2890015,58.97200012,3.813999891
9/4/2026 17:44,367.7810059,57.36399841,3.523000002
9/4/2026 17:49,347.2340088,56.30899811,3.265000105
9/4/2026 17:54,329.2189941,54.49599838,2.996000051
9/4/2026 17:59,310.0400085,53.70800018,2.780999899
9/4/2026 18:04,291.4299927,52.08599854,2.535000086
9/4/2026 18:09,272.8330078,50.82899857,2.315999985
9/4/2026 18:14,252.6380005,49.02299881,2.068000078
9/4/2026 18:19,231.572998,48.02000046,1.856999993
9/4/2026 18:24,212.1849976,46.02099991,1.631000042
9/4/2026 18:29,193.1190033,44.99599838,1.450999975
9/4/2026 18:34,175.3549957,43.05500031,1.261000037
9/4/2026 18:39,158.0619965,41.95299911,1.106999993
9/4/2026 18:44,140.8079987,39.06399918,0.91900003
9/4/2026 18:50,122.7870026,36.79800034,0.754999995
9/4/2026 18:55,106.8030014,36.95899963,0.658999979
9/4/2026 19:00,91.15399933,35.58800125,0.541999996
9/4/2026 19:05,73.29799652,30.31900024,0.370999992
9/4/2026 19:10,45.55699921,39.31700134,0.298999995
9/4/2026 19:15,21.76300049,85.16100311,0.310000002
9/4/2026 19:20,19.97900009,88.74099731,0.296000004
9/4/2026 19:25,18.20000076,88.93399811,0.270000011
9/4/2026 19:30,15.00199986,87.18499756,0.217999995
9/4/2026 19:35,13.03999996,84.86799622,0.185000002
9/4/2026 19:40,10.90299988,0.048999999,0
9/4/2026 19:50,6.913000107,-0.112000003,0
9/4/2026 19:55,5.031000137,-0.191,0
9/4/2026 20:00,3.256999969,-0.441000015,0
9/4/2026 20:05,1.621000051,-1.070000052,0
9/4/2026 20:10,0.27700001,-6.416999817,0
9/4/2026 20:15,,,0
9/4/2026 20:25,,,0
9/4/2026 20:35,,,0
9/4/2026 20:45,,,0
9/4/2026 20:55,,,0
9/4/2026 21:05,,,0
9/4/2026 21:16,,,0
9/4/2026 21:21,,,0
9/4/2026 21:26,,,0
9/4/2026 21:31,,,0
9/4/2026 21:36,,,0
9/4/2026 21:41,,,0
9/4/2026 21:46,,,0
9/4/2026 21:51,,,0
9/4/2026 21:56,,,0
9/5/2026 4:05,,,0
9/5/2026 4:15,,,0
9/5/2026 4:25,,,0
9/5/2026 4:35,,,0
9/5/2026 4:45,,,0
9/5/2026 4:55,,,0
9/5/2026 5:05,,,0
9/5/2026 5:15,,,0
9/5/2026 5:25,,,0
9/5/2026 5:35,,,0
9/5/2026 5:45,,,0
9/5/2026 5:55,,,0
9/5/2026 6:05,,,0
9/5/2026 6:11,,,0
9/5/2026 6:16,,,0
9/5/2026 6:21,,,0
9/5/2026 6:26,,,0
9/5/2026 6:31,,,0
9/5/2026 6:36,,,0
9/5/2026 6:41,,,0
9/5/2026 6:46,,,0
9/5/2026 6:51,,,0
9/5/2026 6:56,,,0
9/5/2026 7:01,2.825000048,-0.615999997,0
9/5/2026 7:06,4.369999886,-0.358999997,0
9/5/2026 7:11,6.136000156,-0.246000007,0
9/5/2026 7:16,7.498000145,-0.174999997,0
9/5/2026 7:21,8.37100029,-0.160999998,0
9/5/2026 7:26,12.0010004,-0.005,0
9/5/2026 7:31,14.85499954,0.064999998,0
9/5/2026 7:36,17.30999947,0.123999998,0
9/5/2026 7:41,18.50099945,0.158999994,0
9/5/2026 7:46,18.42399979,0.163000003,0.001
9/5/2026 7:51,22.26099968,13.03800011,0.048
9/5/2026 7:56,20.86599922,17.89299965,0.061999999
9/5/2026 8:01,19.72800064,0.185000002,0.001
9/5/2026 8:06,26.58600044,18.13199997,0.081
9/5/2026 8:11,30.88599968,25.38199997,0.130999997
9/5/2026 8:16,34.63499832,31.2859993,0.180999994
9/5/2026 8:21,42.20000076,34.37099838,0.241999999
9/5/2026 8:26,45.05699921,35.68099976,0.268000007
9/5/2026 8:32,46.61800003,39.74000168,0.308999985
9/5/2026 8:37,52.04600143,42.13999939,0.365999997
9/5/2026 8:42,50.67200089,40.33000183,0.340999991
9/5/2026 8:47,52.46300125,44.45399857,0.388999999
9/5/2026 8:52,57.66199875,46.79899979,0.451000005
9/5/2026 8:57,56.20800018,48.34700012,0.453999996
9/5/2026 9:02,51.64099884,47.70399857,0.411000013
9/5/2026 9:07,63.64899826,50.77999878,0.540000021
9/5/2026 9:12,65.90200043,52.54299927,0.578000009
9/5/2026 9:17,65.48100281,53.57099915,0.586000025
9/5/2026 9:22,68.22699738,50.26399994,0.573000014
9/5/2026 9:27,89.16699982,55.72600174,0.829999983
9/5/2026 9:32,133.3300018,57.00299835,1.269000053
9/5/2026 9:37,187.8240051,59.80199814,1.876000047
9/5/2026 9:42,176.4550018,62.06399918,1.828999996
9/5/2026 9:47,187.9909973,64.18699646,2.015000105
9/5/2026 9:52,218.8139954,64.18599701,2.345000029
9/5/2026 9:57,266.5100098,65.45200348,2.913000107
9/5/2026 10:02,236.8339996,67.90000153,2.686000109
9/5/2026 10:07,178.1580048,66.78600311,1.986999989
9/5/2026 10:12,228.9940033,70.04699707,2.678999901
9/5/2026 10:17,288.803009,71.76799774,3.460999966
9/5/2026 10:22,198.4299927,72.69499969,2.40899992
9/5/2026 10:27,212.2129974,71.17099762,2.522000074
9/5/2026 10:32,275.401001,74.98600006,3.448999882
9/5/2026 10:37,525.2290039,91.53600311,8.029000282
9/5/2026 10:42,553.3099976,80.7440033,7.460999966
9/5/2026 10:47,701.9359741,66.30500031,7.771999836
9/5/2026 10:52,356.4249878,78.59500122,4.677999973
9/5/2026 10:58,458.5440063,96.23500061,7.368999958
9/5/2026 11:03,785.0650024,75.09799957,9.845999718
9/5/2026 11:08,768.9060059,76.78900146,9.859999657
9/5/2026 11:13,606.5349731,75.98799896,7.697000027
9/5/2026 11:18,482.3190002,83.69799805,6.742000103
9/5/2026 11:23,399.2000122,81.97000122,5.465000153
9/5/2026 11:28,433.5570068,83.24700165,6.02699995
9/5/2026 11:33,403.8150024,85.28800201,5.751999855
9/5/2026 11:38,399.0700073,83.40100098,5.558000088
9/5/2026 11:43,335.5369873,82.76599884,4.638000011
9/5/2026 11:48,429.8859863,85.03099823,6.104000092
9/5/2026 11:53,479.0580139,84.65399933,6.772999763
9/5/2026 11:58,469.5849915,91.51000214,7.176000118
9/5/2026 12:03,517.0490112,84.76499939,7.318999767
9/5/2026 12:08,475.9519958,84.53600311,6.718999863
9/5/2026 12:13,418.053009,82.70899963,5.774000168
9/5/2026 12:18,342.928009,85.7480011,4.910999775
9/5/2026 12:23,374.5950012,85.37200165,5.34100008
9/5/2026 12:28,446.9700012,94.64800262,7.065000057
9/5/2026 12:33,462,87.72699738,6.768000126
9/5/2026 12:38,511.3670044,85.91600037,7.336999893
9/5/2026 12:43,585.9439697,84.58899689,8.277000427
9/5/2026 12:48,633.0739746,91.38600159,9.661999702
9/5/2026 12:53,587.085022,98.60500336,9.668000221
9/5/2026 12:58,737.2949829,82.46499634,10.15400028
9/5/2026 13:03,504.3500061,88.39199829,7.445000172
9/5/2026 13:08,703.4420166,132.2570038,15.5369997
9/5/2026 13:13,1006.533997,85.18000031,14.31799984
9/5/2026 13:19,1030.343018,91.80699921,15.79699993
9/5/2026 13:24,995.7069702,69.88899994,11.62100029
9/5/2026 13:46,535.7579956,81.33799744,7.27699995
9/5/2026 13:51,337.2080078,86.94400024,4.895999908
9/5/2026 13:57,466.0929871,69.82700348,5.434999943
9/5/2026 14:02,402.1610107,91.09799957,6.118000031
9/5/2026 14:07,866.565979,58.52500153,8.468999863
9/5/2026 14:12,273.2479858,87.77400208,4.005000114
9/5/2026 14:17,236.1139984,87.89700317,3.46600008
9/5/2026 14:22,176.2700043,88.34999847,2.601000071
9/5/2026 14:27,151.1629944,87.84500122,2.217999935
9/5/2026 14:32,182.3410034,86.54799652,2.63499999
9/5/2026 14:37,680.9459839,108.3519974,12.32199955
9/5/2026 14:42,263.82901,75.39800262,3.322000027
9/5/2026 14:47,166.2630005,88.17099762,2.447999954
9/5/2026 14:52,161.0930023,86.01799774,2.313999891
9/5/2026 14:57,149.826004,85.96399689,2.151000023
9/5/2026 15:02,216.8320007,87.60299683,3.171999931
9/5/2026 15:07,671.3259888,90.84300232,10.18500042
9/5/2026 15:12,219.5279999,85.10500336,3.119999886
9/5/2026 15:17,220.2250061,88.19300079,3.243999958
9/5/2026 15:22,173.6190033,87.80899811,2.546000004
9/5/2026 15:27,214.6779938,88.49700165,3.173000097
9/5/2026 15:32,208.2920074,87.15399933,3.032000065
9/5/2026 15:37,198.0870056,88.0039978,2.911000013
9/5/2026 15:42,166.5749969,83.63700104,2.326999903
9/5/2026 15:47,191.223999,81.27799988,2.595999956
9/5/2026 15:52,737.0079956,58.48500061,7.197999954
9/5/2026 15:57,218.5449982,87.72100067,3.201999903
9/5/2026 16:02,211.095993,88.62400055,3.124000072
9/5/2026 16:07,410.0140076,103.1149979,7.059999943
9/5/2026 16:12,830.4730225,73.78399658,10.2329998
9/5/2026 16:17,181.322998,81.9489975,2.480999947
9/5/2026 16:23,164.7230072,81.91100311,2.253000021
9/5/2026 16:28,155.9629974,86.125,2.243000031
9/5/2026 16:33,128.4649963,87.51699829,1.878000021
9/5/2026 16:38,111.2050018,83.95700073,1.559000015
9/5/2026 16:43,117.6780014,85.73400116,1.684999943
9/5/2026 16:48,119.9189987,85.51599884,1.713000059
9/5/2026 16:53,113.4260025,85.25499725,1.61500001
9/5/2026 16:58,113.3450012,82.44100189,1.56099999
9/5/2026 17:03,118.461998,82.81900024,1.638000011
9/5/2026 17:08,159.4649963,63.11100006,1.680999994
9/5/2026 17:13,134.6390076,80.64600372,1.812999964
9/5/2026 17:18,147.3990021,76.48799896,1.883000016
9/5/2026 17:23,139.996994,76.21099854,1.781999946
9/5/2026 17:28,435.7940063,64.84200287,4.718999863
9/5/2026 17:33,417.3439941,59.30500031,4.132999897
9/5/2026 17:38,110.4840012,74.41200256,1.373000026
9/5/2026 17:43,86.02999878,77.15100098,1.10800004
9/5/2026 17:48,88.14900208,78.54499817,1.156000018
9/5/2026 17:53,94.34899902,76.71700287,1.208999991
9/5/2026 17:58,82.93399811,77.84400177,1.077999949
9/5/2026 18:03,72.23200226,71.21099854,0.859000027
9/5/2026 18:08,71.03500366,73.13700104,0.867999971
9/5/2026 18:13,69.83200073,71.18000031,0.829999983
9/5/2026 18:18,176.9779968,61.99200058,1.832000017
9/5/2026 18:23,194.7949982,48.79499817,1.587000012
9/5/2026 18:28,197.7200012,47.0890007,1.554999948
9/5/2026 18:33,176.0850067,43.39500046,1.276000023
9/5/2026 18:38,172.3079987,42.29700089,1.217000008
9/5/2026 18:44,145.1600037,40.92699814,0.991999984
9/5/2026 18:49,129.7839966,39.54100037,0.856999993
9/5/2026 18:54,112.3410034,38.14500046,0.716000021
9/5/2026 18:59,92.83899689,39.59500122,0.614000022
9/5/2026 19:04,74.35399628,37.77199936,0.469000012
9/5/2026 19:09,50.40000153,51.75999832,0.43599999
9/5/2026 19:14,34.97000122,65.98699951,0.38499999
9/5/2026 19:19,29.19300079,77.66000366,0.379000008
9/5/2026 19:24,26.47900009,72.08699799,0.319000006
9/5/2026 19:29,22.69000053,69.48300171,0.263000011
9/5/2026 19:34,23.8010006,62.6629982,0.248999998
9/5/2026 19:39,18.85899925,61.00299835,0.192000002
9/5/2026 19:44,12.74600029,0.056000002,0
9/5/2026 19:49,10.59000015,-0.057,0
9/5/2026 19:54,7.552000046,-0.136999995,0
9/5/2026 19:59,5.013999939,-0.229000002,0
9/5/2026 20:04,2.371000051,-0.63499999,0
9/5/2026 20:09,1.141000032,-1.452999949,0
9/5/2026 20:14,,,0
9/5/2026 20:24,,,0
9/5/2026 20:34,,,0
9/5/2026 20:44,,,0
9/5/2026 20:54,,,0
9/5/2026 21:04,,,0
9/5/2026 21:15,,,0
9/5/2026 21:25,,,0
9/5/2026 21:35,,,0
9/5/2026 21:45,,,0
9/5/2026 21:55,,,0
9/6/2026 4:05,,,0
9/6/2026 4:15,,,0
9/6/2026 4:25,,,0
9/6/2026 4:35,,,0
9/6/2026 4:45,,,0
9/6/2026 4:55,,,0
9/6/2026 5:05,,,0
9/6/2026 5:15,,,0
9/6/2026 5:25,,,0
9/6/2026 5:35,,,0
9/6/2026 5:45,,,0
9/6/2026 5:55,,,0
9/6/2026 6:05,,,0
9/6/2026 6:11,,,0
9/6/2026 6:16,,,0
9/6/2026 6:21,,,0
9/6/2026 6:26,,,0
9/6/2026 6:31,,,0
9/6/2026 6:36,,,0
9/6/2026 6:41,,,0
9/6/2026 6:46,,,0
9/6/2026 6:51,,,0
9/6/2026 6:56,,,0
9/6/2026 7:01,5.006000042,-0.163000003,0
9/6/2026 7:06,7.342999935,-0.149000004,0
9/6/2026 7:11,9.734999657,-0.005,0
9/6/2026 7:16,12.30300045,0.028999999,0
9/6/2026 7:21,15.06499958,0.111000001,0
9/6/2026 7:26,17.64699936,0.136000007,0
9/6/2026 7:31,24.45499992,25.5,0.104000002
9/6/2026 7:36,36.75400162,25.54899979,0.157000005
9/6/2026 7:41,80.1210022,15.3579998,0.204999998
9/6/2026 7:46,106.2509995,18.97999954,0.337000012
9/6/2026 7:51,123.151001,20.09399986,0.412999988
9/6/2026 7:56,142.4720001,22.88599968,0.545000017
9/6/2026 8:01,160.647995,25.80500031,0.691999972
9/6/2026 8:06,179.1109924,27.38999939,0.819000006
9/6/2026 8:11,198.1369934,30.47699928,1.008000016
9/6/2026 8:16,217.5939941,32.73600006,1.190000057
9/6/2026 8:21,236.451004,35.1629982,1.388000011
9/6/2026 8:26,256.8580017,37.8030014,1.621999979
9/6/2026 8:32,276.1560059,39.91400146,1.840999961
9/6/2026 8:37,296.1830139,41.78699875,2.066999912
9/6/2026 8:42,316.8590088,44.04399872,2.33100009
9/6/2026 8:47,336.5870056,46.12599945,2.592999935
9/6/2026 8:52,356.2780151,48.23300171,2.869999886
9/6/2026 8:57,375.7359924,50.05899811,3.141000032
9/6/2026 9:02,394.9169922,52.58300018,3.467999935
9/6/2026 9:07,413.901001,53.88499832,3.724999905
9/6/2026 9:12,436.4070129,55.00799942,4.008999825
9/6/2026 9:17,454.6610107,56.9469986,4.323999882
9/6/2026 9:22,475.401001,58.30799866,4.629000187
9/6/2026 9:27,494.322998,59.80799866,4.936999798
9/6/2026 9:32,515.6560059,61.26100159,5.275000095
9/6/2026 9:37,535.9290161,62.59799957,5.603000164
9/6/2026 9:42,553.9130249,63.82400131,5.903999805
9/6/2026 9:47,572.6220093,65.6230011,6.275000095
9/6/2026 9:52,591.8540039,66.83699799,6.605999947
9/6/2026 9:57,610.6630249,67.14600372,6.84800005
9/6/2026 10:02,629.3519897,68.86399841,7.237999916
9/6/2026 10:07,647.5789795,69.95999908,7.565999985
9/6/2026 10:12,665.9130249,71.09100342,7.906000137
9/6/2026 10:17,682.9060059,72.1740036,8.230999947
9/6/2026 10:22,704.3969727,72.59300232,8.538999557
9/6/2026 10:27,720.809021,73.87599945,8.892999649
9/6/2026 10:32,739.8619995,74.52500153,9.208000183
9/6/2026 10:37,753.940979,75.72000122,9.534000397
9/6/2026 10:42,771.3040161,76.76899719,9.887999535
9/6/2026 10:47,785.7420044,77.59799957,10.18200016
9/6/2026 10:52,801.8029785,78.40899658,10.4989996
9/6/2026 10:58,816.5239868,79.34600067,10.81999969
9/6/2026 11:03,831.0419922,79.88200378,11.08600044
9/6/2026 11:08,844.3519897,80.6269989,11.36900043
9/6/2026 11:13,855.5280151,81.22599792,11.60499954
9/6/2026 11:18,869.5540161,82.61499786,11.99699974
9/6/2026 11:23,882.8859863,83.33100128,12.2869997
9/6/2026 11:28,894.4940186,84.45899963,12.61699963
9/6/2026 11:33,904.9160156,84.90799713,12.83100033
9/6/2026 11:38,917.6019897,85.81800079,13.15100002
9/6/2026 11:43,926.5120239,86.54199982,13.39000034
9/6/2026 11:48,938.5390015,87.02300262,13.64000034
9/6/2026 11:53,947.6160278,87.83699799,13.89999962
9/6/2026 11:58,955.4450073,88.73300171,14.15799999
9/6/2026 12:03,963.7999878,88.68800354,14.27499962
9/6/2026 12:08,972.5269775,89.53199768,14.54100037
9/6/2026 12:13,980.4790039,89.73899841,14.69400024
9/6/2026 12:18,987.1710205,89.76699829,14.79899979
9/6/2026 12:23,992.0170288,90.63700104,15.01599979
9/6/2026 12:28,997.8829956,90.02300262,15.00199986
9/6/2026 12:33,999.7260132,90.94599915,15.18400002
9/6/2026 12:38,1000.091003,91.40499878,15.26599979
9/6/2026 12:43,1001.247009,91.66999817,15.32800007
9/6/2026 12:48,1003.031982,91.34300232,15.30099964
9/6/2026 12:53,1003.471008,91.53900146,15.34000015
9/6/2026 12:58,1002.419006,92.33200073,15.45699978
9/6/2026 13:03,998.8790283,92.72399902,15.46800041
9/6/2026 13:08,998.6140137,92.47899628,15.42300034
9/6/2026 13:13,998.9329834,92.34200287,15.40499973
9/6/2026 13:19,998.5629883,92.47000122,15.42000008
9/6/2026 13:24,996.4940186,92.98300171,15.47399998
9/6/2026 13:48,989.5139771,92.66000366,15.31200027
9/6/2026 13:53,986.1469727,92.57800293,15.24600029
9/6/2026 13:58,982.6669922,91.84799957,15.07299995
9/6/2026 14:03,980.25,91.09400177,14.9119997
9/6/2026 14:08,976.2379761,89.99199677,14.67199993
9/6/2026 14:13,954.6710205,88.98400116,14.18700027
9/6/2026 14:18,921.2700195,89.85299683,13.82400036
9/6/2026 14:23,963.4650269,88.15799713,14.18500042
9/6/2026 14:28,956.3289795,87.35199738,13.95100021
9/6/2026 14:33,946.242981,87.6780014,13.85499954
9/6/2026 14:38,948.7290039,85.21399689,13.5010004
9/6/2026 14:43,936.9089966,86.49900055,13.5340004
9/6/2026 14:48,924.46698,85.19599915,13.15299988
9/6/2026 14:53,911.3989868,85.12599945,12.95699978
9/6/2026 14:58,904.1500244,84.41200256,12.74600029
9/6/2026 15:03,896.2589722,83.36499786,12.47799969
9/6/2026 15:08,889.0900269,82.27600098,12.2159996
9/6/2026 15:13,875.7979736,81.72799683,11.95300007
9/6/2026 15:18,860.3980103,81.39700317,11.6960001
9/6/2026 15:23,847.4130249,80.49299622,11.39099979
9/6/2026 15:28,834.0159912,79.6760025,11.09700012
9/6/2026 15:33,819.8619995,79.38300323,10.86900043
9/6/2026 15:38,804.7180176,78.55999756,10.55799961
9/6/2026 15:43,791.8060303,77.58799744,10.26000023
9/6/2026 15:48,778.9229736,76.46800232,9.94699955
9/6/2026 15:53,753.2470093,76.59500122,9.635000229
9/6/2026 15:58,746.0780029,75.91899872,9.458999634
9/6/2026 16:03,729.9990234,74.86399841,9.126999855
9/6/2026 16:08,712.8070068,74.53500366,8.873000145
9/6/2026 16:14,694.4509888,73.48000336,8.522000313
9/6/2026 16:19,676.9439697,72.80799866,8.230999947
9/6/2026 16:24,660.7130127,72.39600372,7.987999916
9/6/2026 16:29,644.065979,71.40100098,7.679999828
9/6/2026 16:34,625.6389771,70.6989975,7.387000084
9/6/2026 16:39,610.4110107,68.90399933,7.024000168
9/6/2026 16:44,588.6959839,68.49900055,6.734000206
9/6/2026 16:49,570.0200195,68.01599884,6.474999905
9/6/2026 16:54,552.8410034,65.34400177,6.032999992
9/6/2026 16:59,502.4490051,68.5,5.748000145
9/6/2026 17:04,501.5419922,65.85199738,5.515999794
9/6/2026 17:09,486.2579956,64.31300354,5.22300005
9/6/2026 17:14,472.5090027,63.54000092,5.013999939
9/6/2026 17:19,450.2340088,62.55699921,4.703999996
9/6/2026 17:24,386.1900024,61.14599991,3.944000006
9/6/2026 17:29,404.9989929,60.50600052,4.092000008
9/6/2026 17:34,395.1340027,59.60300064,3.933000088
9/6/2026 17:39,373.1459961,57.99200058,3.614000082
9/6/2026 17:44,340.2510071,57.11000061,3.244999886
9/6/2026 17:49,333.75,56.07500076,3.125
9/6/2026 17:54,305.506012,56.39199829,2.877000093
9/6/2026 17:59,281.6359863,53.86100006,2.532999992
9/6/2026 18:04,266.3840027,53.59600067,2.384000063
9/6/2026 18:09,252.996994,52.26599884,2.207999945
9/6/2026 18:14,225.848999,50.83399963,1.917000055
9/6/2026 18:19,197.3650055,49.07400131,1.616999984
9/6/2026 18:24,191.6300049,48.16400146,1.541000009
9/6/2026 18:29,175.2259979,46.34799957,1.355999947
9/6/2026 18:35,157.5890045,46.90200043,1.233999968
9/6/2026 18:40,139.8329926,46.77199936,1.092000008
9/6/2026 18:45,123.8840027,45.52799988,0.941999972
9/6/2026 18:50,106.8420029,45.81200027,0.816999972
9/6/2026 18:55,91.61499786,44.51800156,0.680999994
9/6/2026 19:00,77.31099701,44.92699814,0.579999983
9/6/2026 19:05,58.79999924,45.99700165,0.451999992
9/6/2026 19:10,40.52999878,61.32799911,0.414999992
9/6/2026 19:15,29.95199966,71.66699982,0.35800001
9/6/2026 19:20,25.49900055,75.35299683,0.32100001
9/6/2026 19:25,21.77000046,70.01999664,0.254999995
9/6/2026 19:30,18.26600075,67.4240036,0.206
9/6/2026 19:35,15.03800011,62.73799896,0.158000007
9/6/2026 19:40,11.72099972,0.037,0
9/6/2026 19:45,8.55700016,-0.061000001,0
9/6/2026 19:50,5.360000134,-0.284000009,0
9/6/2026 19:55,2.726999998,-0.518000007,0
9/6/2026 20:00,0.81400001,-1.950999975,0
9/6/2026 20:05,,,0
9/6/2026 20:15,,,0
9/6/2026 20:25,,,0
9/6/2026 20:35,,,0
9/6/2026 20:45,,,0
9/6/2026 20:55,,,0
9/6/2026 21:01,,,0
9/6/2026 21:06,,,0
9/6/2026 21:11,,,0
9/6/2026 21:16,,,0
9/6/2026 21:21,,,0
9/6/2026 21:26,,,0
9/6/2026 21:31,,,0
9/6/2026 21:36,,,0
9/6/2026 21:41,,,0
9/6/2026 21:46,,,0
9/6/2026 21:51,,,0
9/6/2026 21:56,,,0
9/7/2026 4:05,,,0
9/7/2026 4:10,0.68599999,-2.086999893,0
9/7/2026 4:15,,,0
9/7/2026 4:25,,,0
9/7/2026 4:35,,,0
9/7/2026 4:45,,,0
9/7/2026 4:55,,,0
9/7/2026 5:05,,,0
9/7/2026 5:15,,,0
9/7/2026 5:25,,,0
9/7/2026 5:35,,,0
9/7/2026 5:45,,,0
9/7/2026 5:55,,,0
9/7/2026 6:06,,,0
9/7/2026 6:11,,,0
9/7/2026 6:16,,,0
9/7/2026 6:21,,,0
9/7/2026 6:26,,,0
9/7/2026 6:31,,,0
9/7/2026 6:36,,,0
9/7/2026 6:41,,,0
9/7/2026 6:46,,,0
9/7/2026 6:51,,,0
9/7/2026 6:56,,,0
9/7/2026 7:01,1.080000043,-1.432000041,0
9/7/2026 7:06,1.952999949,-0.952000022,0
9/7/2026 7:11,2.937000036,-0.433999985,0
9/7/2026 7:16,3.842999935,-0.310000002,0
9/7/2026 7:21,4.787000179,-0.287,0
9/7/2026 7:26,5.546000004,-0.294999987,0
9/7/2026 7:31,9.161000252,-0.054000001,0
9/7/2026 7:36,12.2130003,-0.027000001,0
9/7/2026 7:41,13.26900005,0.029999999,0
9/7/2026 7:46,22.40500069,13.28600025,0.050000001
9/7/2026 7:51,32.23799896,20.75600052,0.112000003
9/7/2026 7:56,56.41500092,29.52799988,0.277999997
9/7/2026 8:01,20.83699989,24.41399956,0.085000001
9/7/2026 8:06,10.52299976,-0.029999999,0
9/7/2026 8:11,7.84800005,-0.150999993,0
9/7/2026 8:16,10.97700024,-0.005,0
9/7/2026 8:21,15.25599957,0.096000001,0
9/7/2026 8:26,20.24200058,0.191,0.001
9/7/2026 8:32,38.86399841,26.64299965,0.172999993
9/7/2026 8:37,63.25799942,32.9679985,0.34799999
9/7/2026 8:42,75.13800049,35.47100067,0.444999993
9/7/2026 8:47,55.98099899,36.77099991,0.344000012
9/7/2026 8:52,56.4980011,39.15499878,0.368999988
9/7/2026 8:57,62.09899902,42.4129982,0.439999998
9/7/2026 9:02,330.5920105,41.26200104,2.278000116
9/7/2026 9:07,373.7279968,42.80199814,2.671000004
9/7/2026 9:12,394.75,46.63999939,3.075000048
9/7/2026 9:17,423.2539978,48.92200089,3.457999945
9/7/2026 9:22,441.0610046,52.20600128,3.845000029
9/7/2026 9:27,448.6470032,56.00299835,4.196000099
9/7/2026 9:32,486.0409851,56.4679985,4.583000183
9/7/2026 9:37,508.9930115,58.42900085,4.967000008
9/7/2026 9:42,523.1370239,60.47800064,5.28399992
9/7/2026 9:47,470.6809998,64.1190033,5.039999962
9/7/2026 9:52,564.3569946,64.73000336,6.100999832
9/7/2026 9:57,584.9819946,66.15000153,6.461999893
9/7/2026 10:02,603.401001,67.59300232,6.81099987
9/7/2026 10:07,628.3400269,68.46299744,7.184000015
9/7/2026 10:12,649.9199829,70.32700348,7.632999897
9/7/2026 10:17,673.3129883,71.71499634,8.06400013
9/7/2026 10:22,658.3220215,74.91400146,8.236000061
9/7/2026 10:27,691.2869873,75.97399902,8.770999908
9/7/2026 10:32,733.6719971,75.21499634,9.215999603
9/7/2026 10:37,762.0499878,72.76200104,9.260000229
9/7/2026 10:42,616.1740112,89.37799835,9.19699955
9/7/2026 10:47,631.3259888,78.23300171,8.248000145
9/7/2026 10:53,674.9710083,84.70500183,9.548000336
9/7/2026 10:58,409.9930115,85.05200195,5.822999954
9/7/2026 11:03,725.3449707,82.84400177,10.03499985
9/7/2026 11:08,607.6140137,83.99299622,8.522999763
9/7/2026 11:13,724.6389771,83.77899933,10.13899994
9/7/2026 11:18,743.9110107,83.55599976,10.38000011
9/7/2026 11:23,563.3289795,86.12599945,8.102000237
9/7/2026 11:28,604.5390015,86.58799744,8.741999626
9/7/2026 11:33,586.7280273,91.78399658,8.993000031
9/7/2026 11:38,515.3129883,89.35900116,7.690000057
9/7/2026 11:43,466.1419983,89.86699677,6.995999813
9/7/2026 11:48,393.3510132,93.07299805,6.113999844
9/7/2026 11:53,376.4670105,86.34400177,5.427999973
9/7/2026 11:58,373.4219971,90.08000183,5.617000103
9/7/2026 12:03,325.1629944,85.89099884,4.664000034
9/7/2026 12:08,319.1659851,89.99099731,4.796999931
9/7/2026 12:13,455.0239868,93.54100037,7.107999802
9/7/2026 12:18,409.5180054,91.10700226,6.230999947
9/7/2026 12:23,574.4660034,90.97299957,8.727999687
9/7/2026 12:28,428.9620056,92.19499969,6.605000019
9/7/2026 12:33,503.6340027,94.23400116,7.926000118
9/7/2026 12:38,590.9829712,90.04499817,8.887000084
9/7/2026 12:43,478.6390076,79.78099823,6.376999855
9/7/2026 12:48,432.7569885,102.685997,7.421000004
9/7/2026 12:53,422.2950134,90.30000305,6.368000031
9/7/2026 12:58,346.0830078,87.47399902,5.056000233
9/7/2026 13:03,318.9809875,90.17099762,4.802999973
9/7/2026 13:08,282.3880005,92.01599884,4.339000225
9/7/2026 13:13,270.5020142,91.77999878,4.145999908
9/7/2026 13:19,274.0740051,89.93299866,4.116000175
9/7/2026 13:24,330.8299866,91.18599701,5.038000107
9/7/2026 13:46,668.5549927,11.83399963,1.32099998
9/7/2026 13:51,448.6860046,86.27799988,6.465000153
9/7/2026 13:56,663.6879883,89.45500183,9.914999962
9/7/2026 14:01,622.6619873,89.33899689,9.289999962
9/7/2026 14:06,614.8969727,88.38400269,9.076000214
9/7/2026 14:11,692.1010132,92.21399689,10.65799999
9/7/2026 14:16,361.9440002,93.10099792,5.626999855
9/7/2026 14:21,726.2650146,75.12599945,9.112000465
9/7/2026 14:26,348.1809998,88.39700317,5.139999866
9/7/2026 14:31,370.9930115,78.9469986,4.890999794
9/7/2026 14:36,514.4050293,88.54100037,7.605999947
9/7/2026 14:41,317.6300049,85.80799866,4.552000046
9/7/2026 14:47,312.1229858,86.93299866,4.531000137
9/7/2026 14:52,476.3099976,88.08300018,7.006000042
9/7/2026 14:57,492.7969971,85.66300201,7.050000191
9/7/2026 15:02,468.493988,86.58899689,6.775000095
9/7/2026 15:07,539.2880249,83.85099792,7.552000046
9/7/2026 15:12,693.7509766,82.94799805,9.609999657
9/7/2026 15:17,507.9609985,84.30999756,7.15199995
9/7/2026 15:22,446.6889954,77.14199829,5.755000114
9/7/2026 15:27,445.3859863,88.36100006,6.572000027
9/7/2026 15:32,472.4750061,85.20500183,6.72300005
9/7/2026 15:37,463.0029907,85.19100189,6.586999893
9/7/2026 15:42,264.2109985,89.75700378,3.960000038
9/7/2026 15:47,350.4410095,80.61399841,4.717999935
9/7/2026 15:52,354.618988,80.09300232,4.743000031
9/7/2026 15:57,256.9259949,84.9980011,3.647000074
9/7/2026 16:02,294.4840088,84.46900177,4.153999805
9/7/2026 16:07,253.973999,86.20200348,3.655999899
9/7/2026 16:12,276.5700073,85.19499969,3.934999943
9/7/2026 16:17,302.2170105,83.41200256,4.210000038
9/7/2026 16:22,525.6610107,76.77100372,6.738999844
9/7/2026 16:27,624.9439697,73.0759964,7.626999855
9/7/2026 16:32,484.67099,70.21700287,5.683000088
9/7/2026 16:37,614.0679932,70.65599823,7.245999813
9/7/2026 16:42,263.1679993,84.47299957,3.713000059
9/7/2026 16:47,234.2740021,84.34799957,3.299999952
9/7/2026 16:52,208.2319946,80.0510025,2.78399992
9/7/2026 16:57,246.9929962,92.14600372,3.801000118
9/7/2026 17:02,168.9900055,81.53399658,2.301000118
9/7/2026 17:08,487.3659973,77.90299988,6.34100008
9/7/2026 17:13,519.4450073,64.76699829,5.618000031
9/7/2026 17:18,477.7049866,63.43000031,5.059999943
9/7/2026 17:23,458.2460022,62.26300049,4.764999866
9/7/2026 17:28,428.6059875,61.58200073,4.407999992
9/7/2026 17:33,405.8930054,60.06900024,4.072000027
9/7/2026 17:38,384.7139893,58.86100006,3.782000065
9/7/2026 17:43,362.1789856,58.66199875,3.548000097
9/7/2026 17:48,347.9660034,59.55799866,3.460999966
9/7/2026 17:53,334.04599,58.84199905,3.282999992
9/7/2026 17:58,312.2009888,57.7820015,3.013000011
9/7/2026 18:03,288.2820129,56.73400116,2.730999947
9/7/2026 18:08,265.1950073,55.86999893,2.473999977
9/7/2026 18:13,248.5279999,52.93799973,2.197000027
9/7/2026 18:18,222.8480072,52.98600006,1.972000003
9/7/2026 18:23,202.2839966,51.74900055,1.748000026
9/7/2026 18:28,179.2449951,50.22499847,1.503000021
9/7/2026 18:33,161.6940002,47.85200119,1.292000055
9/7/2026 18:38,142.5119934,48.26100159,1.149000049
9/7/2026 18:43,124.1650009,47.42200089,0.98299998
9/7/2026 18:48,109.3460007,49.98400116,0.912999988
9/7/2026 18:53,96.09300232,48.00099945,0.769999981
9/7/2026 18:58,85.10600281,47.40499878,0.674000025
9/7/2026 19:03,67.12200165,54.09199905,0.606000006
9/7/2026 19:08,49.14799881,64.14199829,0.526000023
9/7/2026 19:13,39.79899979,65.05999756,0.432000011
9/7/2026 19:18,31.4470005,73.99500275,0.388999999
9/7/2026 19:23,26.72800064,66.35199738,0.296000004
9/7/2026 19:28,21.77099991,69.00700378,0.250999987
9/7/2026 19:34,17.21299934,57.02799988,0.164000005
9/7/2026 19:39,13.07900047,0.103,0
9/7/2026 19:44,9.524999619,0.023,0
9/7/2026 19:49,6.355000019,-0.138999999,0
9/7/2026 19:54,3.305999994,-0.542999983,0
9/7/2026 19:59,0.694000006,-2.621000051,0
9/7/2026 20:04,,,0
9/7/2026 20:14,,,0
9/7/2026 20:24,,,0
9/7/2026 20:34,,,0
9/7/2026 20:44,,,0
9/7/2026 20:54,,,0
9/7/2026 21:04,,,0
9/7/2026 21:14,,,0
9/7/2026 21:24,,,0
9/7/2026 21:34,,,0
9/7/2026 21:44,,,0
9/7/2026 21:55,,,0
9/8/2026 4:05,,,0
9/8/2026 4:15,,,0
9/8/2026 4:25,,,0
9/8/2026 4:35,,,0
9/8/2026 4:45,,,0
9/8/2026 4:55,,,0
9/8/2026 5:05,,,0
9/8/2026 5:15,,,0
9/8/2026 5:25,,,0
9/8/2026 5:35,,,0
9/8/2026 5:46,,,0
9/8/2026 5:51,,,0
9/8/2026 5:56,,,0
9/8/2026 6:01,,,0
9/8/2026 6:06,,,0
9/8/2026 6:11,,,0
9/8/2026 6:16,,,0
9/8/2026 6:21,,,0
9/8/2026 6:26,,,0
9/8/2026 6:31,,,0
9/8/2026 6:36,,,0
9/8/2026 6:41,,,0
9/8/2026 6:46,,,0
9/8/2026 6:51,,,0
9/8/2026 6:56,,,0
9/8/2026 7:01,3.098999977,-0.425000012,0
9/8/2026 7:06,4.721000195,-0.389999986,0
9/8/2026 7:11,7.06400013,-0.191,0
9/8/2026 7:16,10.17500019,-0.035,0
9/8/2026 7:21,14.26299953,0.052000001,0
9/8/2026 7:26,19.40099907,0.143000007,0
9/8/2026 7:31,24.77700043,11.85900021,0.048999999
9/8/2026 7:36,37.10499954,20.96100044,0.129999995
9/8/2026 7:41,62.35499954,17.09199905,0.178000003
9/8/2026 7:46,81.73100281,19.92499924,0.272000015
9/8/2026 7:51,98.30500031,21.01000023,0.344999999
9/8/2026 7:56,114.7870026,23.3390007,0.446999997
9/8/2026 8:01,133.0429993,25.76499939,0.572000027
9/8/2026 8:06,150.8269958,27.76099968,0.699000001
9/8/2026 8:12,169.7279968,29.49399948,0.836000025
9/8/2026 8:17,188.4089966,32.25999832,1.014999986
9/8/2026 8:22,208.2149963,34.49000168,1.199000001
9/8/2026 8:27,227.8339996,37.59199905,1.429999948
9/8/2026 8:32,246.2649994,39.59600067,1.628000021
9/8/2026 8:37,266.6149902,42.17300034,1.878000021
9/8/2026 8:42,286.7909851,43.93199921,2.104000092
9/8/2026 8:47,307.821991,45.56600189,2.342000008
9/8/2026 8:52,326.4849854,48.66799927,2.654000044
9/8/2026 8:57,346.9119873,50.44300079,2.921999931
9/8/2026 9:02,366.3739929,51.73899841,3.165999889
9/8/2026 9:07,385.9429932,53.98699951,3.480000019
9/8/2026 9:12,407.3890076,55.58000183,3.780999899
9/8/2026 9:17,426.8099976,56.64199829,4.037000179
9/8/2026 9:22,446.9289856,58.80599976,4.388999939
9/8/2026 9:27,467.6619873,60.17100143,4.698999882
9/8/2026 9:32,488.0820007,62.04100037,5.05700016
9/8/2026 9:37,506.9360046,62.87400055,5.322999954
9/8/2026 9:42,526.992981,64.60199738,5.68599987
9/8/2026 9:47,546.5230103,65.86399841,6.011000156
9/8/2026 9:52,566.5390015,66.52899933,6.294000149
9/8/2026 9:57,583.6090088,68.36100006,6.663000107
9/8/2026 10:02,604.367981,69.10399628,6.974999905
9/8/2026 10:07,620.4400024,70.5510025,7.309999943
9/8/2026 10:12,638.8300171,71.5719986,7.636000156
9/8/2026 10:17,657.3850098,72.55899811,7.96600008
9/8/2026 10:22,675.7479858,73.66000366,8.312000275
9/8/2026 10:27,697.1010132,74.80699921,8.708999634
9/8/2026 10:33,714.2969971,75.38400269,8.991999626
9/8/2026 10:38,730.3579712,76.77999878,9.364999771
9/8/2026 10:43,746.0109863,77.88700104,9.703000069
9/8/2026 10:48,759.7269897,78.93599701,10.01500034
9/8/2026 10:53,775.9890137,79.79100037,10.34000015
9/8/2026 10:58,792.2700195,80.34999847,10.63099957
9/8/2026 11:03,805.5040283,81.26000214,10.93099976
9/8/2026 11:08,819.0579834,81.95400238,11.21000004
9/8/2026 11:13,833.401001,82.66600037,11.50500011
9/8/2026 11:18,846.4089966,83.40899658,11.78999996
9/8/2026 11:23,858.6790161,84.69400024,12.14500046
9/8/2026 11:28,870.2399902,85.73699951,12.46000004
9/8/2026 11:33,882.0380249,86.66999817,12.7670002
9/8/2026 11:38,893.0700073,87.33699799,13.02600002
9/8/2026 11:43,903.2290039,88.13300323,13.29399967
9/8/2026 11:48,912.9769897,89.34600067,13.62199974
9/8/2026 11:53,921.5999756,90.07299805,13.86299992
9/8/2026 11:58,929.5670166,90.72000122,14.08300018
9/8/2026 12:03,936.2310181,90.86100006,14.20600033
9/8/2026 12:08,946.7659912,91.06900024,14.39900017
9/8/2026 12:13,954.5830078,91.26100159,14.54800034
9/8/2026 12:18,962.8449707,91.33100128,14.68599987
9/8/2026 12:23,966.9039917,91.55599976,14.7840004
9/8/2026 12:28,972.4910278,91.17700195,14.80799961
9/8/2026 12:33,975.2020264,91.47000122,14.89700031
9/8/2026 12:38,977.6530151,92.22000122,15.05599976
9/8/2026 12:43,980.3410034,92.43199921,15.13300037
9/8/2026 12:48,978.9329834,92.55699921,15.13099957
9/8/2026 12:53,980.815979,92.89399719,15.2159996
9/8/2026 12:59,984.4910278,93.21800232,15.32600021
9/8/2026 13:04,983.5189819,93.46900177,15.35200024
9/8/2026 13:09,979.9379883,93.34100342,15.27499962
9/8/2026 13:14,978.1920166,93.57800293,15.2869997
9/8/2026 13:19,976.8460083,93.89600372,15.31799984
9/8/2026 13:24,974.3859863,93.53600311,15.22000027
9/8/2026 13:46,955.6530151,17.33799934,2.76699996
9/8/2026 13:51,956.0419922,17.12199974,2.733999968
9/8/2026 13:56,948.9199829,79.06600189,12.52999973
9/8/2026 14:01,947.9229736,82.83300018,13.11299992
9/8/2026 14:06,942.6870117,84.08499908,13.23700047
9/8/2026 14:12,936.039978,85.09999847,13.30300045
9/8/2026 14:17,929.9569702,85.56400299,13.28800011
9/8/2026 14:22,933.7709961,85.65499878,13.35700035
9/8/2026 14:27,919.6729736,85.84300232,13.18400002
9/8/2026 14:32,913.2650146,85.61399841,13.05700016
9/8/2026 14:37,908.697998,85.04799652,12.90600014
9/8/2026 14:42,899.8900146,84.95899963,12.76799965
9/8/2026 14:47,891.4749756,84.28900146,12.54899979
9/8/2026 14:52,881.3809814,84.54000092,12.44299984
9/8/2026 14:57,866.5410156,61.90499878,8.958000183
9/8/2026 15:02,857.3189697,83.34600067,11.93299961
9/8/2026 15:07,548.0369873,128.4120026,11.75300026
9/8/2026 15:12,851.0650024,82.16699982,11.67800045
9/8/2026 15:17,837.7349854,81.4280014,11.3920002
9/8/2026 15:22,827.9450073,80.15399933,11.08300018
9/8/2026 15:27,813.1779785,79.66899872,10.81900024
9/8/2026 15:32,800.7379761,79.42500305,10.62100029
9/8/2026 15:37,786.197998,78.875,10.35599995
9/8/2026 15:42,779.9379883,78.02799988,10.16300011
9/8/2026 15:47,754.9680176,77.6309967,9.788000107
9/8/2026 15:52,564.2639771,71.78199768,6.763999939
9/8/2026 15:57,734.4370117,76.19200134,9.345000267
9/8/2026 16:02,197.7680054,57.64699936,1.904000044
9/8/2026 16:07,697.8579712,75.14399719,8.756999969
9/8/2026 16:12,667.9860229,73.92199707,8.24600029
9/8/2026 16:17,657.7650146,72.27999878,7.940000057
9/8/2026 16:22,642.3939819,72.78900146,7.809000015
9/8/2026 16:27,73.67500305,93.00900269,1.144000053
9/8/2026 16:32,68.40200043,86.97499847,0.994000018
9/8/2026 16:38,86.55999756,91.41500092,1.32099998
9/8/2026 16:43,598.4979858,70.05000305,7.000999928
9/8/2026 16:48,577.5020142,70.21199799,6.770999908
9/8/2026 16:53,542.0009766,67.07099915,6.071000099
9/8/2026 16:58,519.2609863,66.20700073,5.741000175
9/8/2026 17:03,493.3819885,64.57499695,5.321000099
9/8/2026 17:08,97.9280014,82.88200378,1.355000019
9/8/2026 17:13,455.3599854,63.47200012,4.827000141
9/8/2026 17:18,433.9129944,48.58300018,3.520999908
9/8/2026 17:23,171.3130035,78.16500092,2.236000061
9/8/2026 17:28,371.1130066,63.84999847,3.957000017
9/8/2026 17:33,254.7100067,88.47699738,3.763999939
9/8/2026 17:38,82.51499939,79.85399628,1.100000024
9/8/2026 17:43,305.4509888,51.04399872,2.604000092
9/8/2026 17:48,95.07700348,74.8259964,1.187999964
9/8/2026 17:53,68.26399994,82.60199738,0.941999972
9/8/2026 17:58,77.64700317,77.22399902,1.001000047
9/8/2026 18:03,117.5810013,57.09500122,1.121000051
9/8/2026 18:08,218.3659973,56.13700104,2.046999931
9/8/2026 18:13,215.746994,53.36600113,1.922999978
9/8/2026 18:18,191.6990051,54.4090004,1.741999984
9/8/2026 18:23,207.7140045,52.09199905,1.807000041
9/8/2026 18:28,67.25299835,117.5319977,1.320000052
9/8/2026 18:33,56.76800156,84.35399628,0.800000012
9/8/2026 18:38,77.52100372,65.75299835,0.851000011
9/8/2026 18:43,57.18899918,79.9980011,0.763999999
9/8/2026 18:48,65.26300049,80.27899933,0.875
9/8/2026 18:53,97.22299957,52.73699951,0.856000006
9/8/2026 18:59,38.83399963,83.60199738,0.541999996
9/8/2026 19:04,35.46900177,71.95800018,0.425999999
9/8/2026 19:09,26.06200027,75.10800171,0.326999992
9/8/2026 19:14,26.31100082,69.02700043,0.303000003
9/8/2026 19:19,18.29400063,74.42199707,0.226999998
9/8/2026 19:24,12.10999966,0.093000002,0
9/8/2026 19:29,8.329000473,-0.068000004,0
9/8/2026 19:34,6.252999783,-0.230000004,0
9/8/2026 19:39,4.409999847,-0.340999991,0
9/8/2026 19:44,2.970999956,-0.550000012,0
9/8/2026 19:49,1.559000015,-0.985000014,0
9/8/2026 19:54,0.469000012,-3.717999935,0
9/8/2026 20:04,,,0
9/8/2026 20:14,,,0
9/8/2026 20:24,,,0
9/8/2026 20:34,,,0
9/8/2026 20:44,,,0
9/8/2026 20:54,,,0
9/8/2026 21:04,,,0
9/8/2026 21:14,,,0
9/8/2026 21:25,,,0
9/8/2026 21:35,,,0
9/8/2026 21:45,,,0
9/8/2026 21:55,,,0
9/9/2026 4:05,,,0
9/9/2026 4:15,,,0
9/9/2026 4:25,,,0
9/9/2026 4:35,,,0
9/9/2026 4:45,,,0
9/9/2026 4:55,,,0
9/9/2026 5:05,,,0
9/9/2026 5:15,,,0
9/9/2026 5:25,,,0
9/9/2026 5:35,,,0
9/9/2026 5:46,,,0
9/9/2026 5:51,,,0
9/9/2026 5:56,,,0
9/9/2026 6:01,,,0
9/9/2026 6:06,,,0
9/9/2026 6:11,,,0
9/9/2026 6:16,,,0
9/9/2026 6:21,,,0
9/9/2026 6:26,,,0
9/9/2026 6:31,,,0
9/9/2026 6:36,,,0
9/9/2026 6:41,,,0
9/9/2026 6:46,,,0
9/9/2026 6:51,,,0
9/9/2026 6:56,,,0
9/9/2026 7:01,,,0
9/9/2026 7:06,,,0
9/9/2026 7:11,0.43900001,-3.642999887,0
9/9/2026 7:16,1.197999954,-1.552999973,0
9/9/2026 7:21,3.101000071,-0.57099998,0
9/9/2026 7:26,6.342000008,-0.248999998,0
9/9/2026 7:31,8.118000031,-0.118000001,0
9/9/2026 7:36,5.377999783,-0.240999997,0
9/9/2026 7:41,4.022999763,-0.338999987,0
9/9/2026 7:46,3.983999968,-0.352999985,0
9/9/2026 7:51,6.434000015,-0.172000006,0
9/9/2026 7:56,8.824999809,-0.136999995,0
9/9/2026 8:01,11.31700039,-0.029999999,0
9/9/2026 8:07,10.98999977,0.027000001,0
9/9/2026 8:12,8.949999809,-0.028000001,0
9/9/2026 8:17,9.784999847,-0.027000001,0
9/9/2026 8:22,14.81499958,0.127000004,0
9/9/2026 8:27,19.72699928,0.252000004,0.001
9/9/2026 8:32,34.7519989,24.43300056,0.142000005
9/9/2026 8:37,30.67900085,24.97200012,0.128000006
9/9/2026 8:42,34.76800156,29.01399994,0.167999998
9/9/2026 8:47,42.24900055,31.88400078,0.224999994
9/9/2026 8:52,41.31900024,32.84700012,0.226999998
9/9/2026 8:57,30.8409996,29.45199966,0.151999995
9/9/2026 9:02,30.51000023,25.48800087,0.129999995
9/9/2026 9:07,50.91699982,37.66400146,0.319999993
9/9/2026 9:12,54.18099976,38.51300049,0.34799999
9/9/2026 9:17,58.29399872,41.45299911,0.404000014
9/9/2026 9:22,51.95999908,42.86700058,0.372000009
9/9/2026 9:27,33.11500168,36.66899872,0.202999994
9/9/2026 9:32,38.09799957,44.48600006,0.282999992
9/9/2026 9:37,50.50899887,46.16400146,0.388999999
9/9/2026 9:42,51.36800003,48.79499817,0.419
9/9/2026 9:47,44.52199936,47.88299942,0.356000006
9/9/2026 9:52,31.4260006,39.05799866,0.204999998
9/9/2026 9:57,42.93899918,40.11000061,0.287999988
9/9/2026 10:02,69.57499695,48.3769989,0.561999977
9/9/2026 10:07,98.88500214,50.33100128,0.83099997
9/9/2026 10:12,114.7099991,52.45700073,1.004999995
9/9/2026 10:17,120.2180023,55.4620018,1.113000035
9/9/2026 10:22,85.17500305,54.28499985,0.772000015
9/9/2026 10:28,87.41400146,52.72999954,0.769999981
9/9/2026 10:33,107.2399979,55.19300079,0.987999976
9/9/2026 10:38,99.85700226,55.35100174,0.922999978
9/9/2026 10:43,92.45300293,54.24900055,0.838
9/9/2026 10:48,107.2249985,54.46699905,0.975000024
9/9/2026 10:53,149.5279999,58.45600128,1.460000038
9/9/2026 10:58,163.5859985,59.47200012,1.625
9/9/2026 11:03,106.7819977,58,1.034000039
9/9/2026 11:08,104.8990021,60.1780014,1.05400002
9/9/2026 11:13,95.66200256,62.1780014,0.992999971
9/9/2026 11:18,77.12000275,60.80400085,0.782999992
9/9/2026 11:23,68.2460022,61.47999954,0.700999975
9/9/2026 11:28,71.30500031,62.77199936,0.746999979
9/9/2026 11:33,73.51300049,61.91500092,0.75999999
9/9/2026 11:38,113.6320038,62.97299957,1.195000052
9/9/2026 11:43,134.5769958,65.84899902,1.480000019
9/9/2026 11:48,151.0789948,67.1780014,1.695000052
9/9/2026 11:53,143.102005,68.6989975,1.64199996
9/9/2026 11:58,110.2509995,67.26300049,1.238000035
9/9/2026 12:03,89.91999817,65.41400146,0.981999993
9/9/2026 12:08,111.3259964,68.45500183,1.273000002
9/9/2026 12:13,90.65399933,64.5739975,0.977999985
9/9/2026 12:18,114.6399994,68.47299957,1.31099999
9/9/2026 12:23,115.6110001,72.20600128,1.394000053
9/9/2026 12:28,86.33300018,69.68299866,1.004999995
9/9/2026 12:33,65.6230011,65.72599792,0.720000029
9/9/2026 12:38,111.5699997,67.94000244,1.266000032
9/9/2026 12:43,175.9980011,72.73400116,2.138000011
9/9/2026 12:48,118.1900024,68.63700104,1.355000019
9/9/2026 12:54,131.7980042,69.14399719,1.521999955
9/9/2026 12:59,134.9420013,69.59200287,1.567999959
9/9/2026 13:04,135.1589966,67.98899841,1.534999967
9/9/2026 13:09,243.7649994,71.07099915,2.892999887
9/9/2026 13:14,263.6300049,71.70999908,3.157000065
9/9/2026 13:19,232.375,71.00700378,2.756000042
9/9/2026 13:24,204.4140015,73.1740036,2.497999907
9/9/2026 13:47,246.4900055,74.00499725,3.046000004
9/9/2026 13:52,306.2969971,75.71499634,3.872999907
9/9/2026 13:57,242.5070038,73.73999786,2.986000061
9/9/2026 14:02,271.4070129,74.06400299,3.357000113
9/9/2026 14:07,260.2950134,73.52200317,3.196000099
9/9/2026 14:12,238.8739929,75.125,2.996999979
9/9/2026 14:17,251.3110046,75.63600159,3.174000025
9/9/2026 14:22,280.2820129,76.09400177,3.562000036
9/9/2026 14:27,342.6080017,74.98999786,4.290999889
9/9/2026 14:32,371.3420105,75.93000031,4.709000111
9/9/2026 14:37,317.8349915,77.01000214,4.087999821
9/9/2026 14:42,300.8659973,76.43599701,3.839999914
9/9/2026 14:47,577.0789795,79.04699707,7.618000031
9/9/2026 14:52,405.678009,80.28700256,5.43900013
9/9/2026 14:57,779.742981,71.57499695,9.319999695
9/9/2026 15:02,848.4210205,77.33200073,10.95699978
9/9/2026 15:07,343.598999,77.99299622,4.474999905
9/9/2026 15:12,188.6620026,76.12799835,2.398999929
9/9/2026 15:17,148.746994,77.72299957,1.930999994
9/9/2026 15:22,135.4029999,81.09200287,1.833999991
9/9/2026 15:27,123.2419968,77.41999817,1.593000054
9/9/2026 15:32,97.84899902,85.61499786,1.399000049
9/9/2026 15:37,96.97499847,79.75800323,1.292000055
9/9/2026 15:42,130.3320007,82.5490036,1.797000051
9/9/2026 15:47,93.06199646,72.23100281,1.123000026
9/9/2026 15:52,123.1070023,85.16500092,1.751000047
9/9/2026 15:58,148.173996,77.12200165,1.907999992
9/9/2026 16:03,175.9279938,80.08399963,2.352999926
9/9/2026 16:08,191.8659973,77.9280014,2.496999979
9/9/2026 16:13,189.9219971,71.70600128,2.273999929
9/9/2026 16:18,207.8659973,77.38899994,2.686000109
9/9/2026 16:23,271.3609924,79.36799622,3.596999884
9/9/2026 16:28,282.4460144,80.12400055,3.779000044
9/9/2026 16:33,255.8809967,70.04299927,2.993000031
9/9/2026 16:38,241.3869934,83.46399689,3.36500001
9/9/2026 16:43,252.5449982,81.47299957,3.436000109
9/9/2026 16:48,137.5599976,80.85299683,1.856999993
9/9/2026 16:53,95.38300323,80.53500366,1.282999992
9/9/2026 16:58,89.89499664,78.3690033,1.177000046
9/9/2026 17:03,83.25,79.80999756,1.110000014
9/9/2026 17:08,74.13400269,79.19599915,0.980000019
9/9/2026 17:13,73.54100037,77.3259964,0.949999988
9/9/2026 17:18,115.6460037,79.30500031,1.531999946
9/9/2026 17:23,131.2619934,76.5059967,1.677000046
9/9/2026 17:28,120.9759979,81.64600372,1.649000049
9/9/2026 17:33,102.2419968,81.07099915,1.383999944
9/9/2026 17:38,82.75800323,75.69499969,1.046000004
9/9/2026 17:43,48.15100098,76.14700317,0.611999989
9/9/2026 17:48,42.99000168,70.26499939,0.504000008
9/9/2026 17:53,33.54700089,76.23799896,0.426999986
9/9/2026 17:58,27.80200005,63.38299942,0.294
9/9/2026 18:03,25.97599983,74.93699646,0.324999988
9/9/2026 18:08,19.52899933,60.60699844,0.197999999
9/9/2026 18:13,25.71500015,62.47900009,0.268000007
9/9/2026 18:19,42.52899933,74.33399963,0.527999997
9/9/2026 18:24,40.54899979,72.56999969,0.490999997
9/9/2026 18:29,32.9980011,68.94000244,0.379999995
9/9/2026 18:34,21.41500092,61.84799957,0.221000001
9/9/2026 18:39,21.54100037,54.65399933,0.196999997
9/9/2026 18:44,19.91699982,50.10400009,0.166999996
9/9/2026 18:49,19.87800026,55.1570015,0.182999998
9/9/2026 18:54,20.4489994,54.64099884,0.187000006
9/9/2026 18:59,18.12599945,52.09999847,0.158000007
9/9/2026 19:04,15.26399994,0.079999998,0
9/9/2026 19:09,13.6960001,0.067000002,0
9/9/2026 19:14,12.58699989,0.009,0
9/9/2026 19:19,14.12899971,0.021,0
9/9/2026 19:24,14.53899956,0.045000002,0
9/9/2026 19:34,12.47099972,-0.004,0
9/9/2026 19:39,11.00800037,-0.057999998,0
9/9/2026 19:44,7.918000221,-0.119000003,0
9/9/2026 19:49,5.269000053,-0.296000004,0
9/9/2026 19:54,3.517999887,-0.49000001,0
9/9/2026 19:59,2.14199996,-0.801999986,0
9/9/2026 20:04,,,0
9/9/2026 20:09,0.391000003,-4.031000137,0
9/9/2026 20:14,,,0
9/9/2026 20:24,,,0
9/9/2026 20:34,,,0
9/9/2026 20:45,,,0
9/9/2026 20:55,,,0
9/9/2026 21:05,,,0
9/9/2026 21:15,,,0
9/9/2026 21:25,,,0
9/9/2026 21:35,,,0
9/9/2026 21:45,,,0
9/9/2026 21:55,,,0
9/10/2026 4:05,,,0
9/10/2026 4:15,,,0
9/10/2026 4:25,,,0
9/10/2026 4:35,,,0
9/10/2026 4:45,,,0
9/10/2026 4:55,,,0
9/10/2026 5:00,0.361000001,-5.072999954,0
9/10/2026 5:05,,,0
9/10/2026 5:15,,,0
9/10/2026 5:25,,,0
9/10/2026 5:35,,,0
9/10/2026 5:46,,,0
9/10/2026 5:51,,,0
9/10/2026 5:56,,,0
9/10/2026 6:01,,,0
9/10/2026 6:06,,,0
9/10/2026 6:11,,,0
9/10/2026 6:16,,,0
9/10/2026 6:21,,,0
9/10/2026 6:26,,,0
9/10/2026 6:31,,,0
9/10/2026 6:36,,,0
9/10/2026 6:41,,,0
9/10/2026 6:46,,,0
9/10/2026 6:51,,,0
9/10/2026 6:56,,,0
9/10/2026 7:01,,,0
9/10/2026 7:06,,,0
9/10/2026 7:11,5.671000004,-0.208000004,0
9/10/2026 7:16,6.973999977,-0.204999998,0
9/10/2026 7:21,8.362999916,-0.134000003,0
9/10/2026 7:26,10.96500015,-0.075999998,0
9/10/2026 7:31,13.32499981,-0.008,0
9/10/2026 7:36,17.33499908,0.097999997,0
9/10/2026 7:41,24.94599915,0.122000001,0.001
9/10/2026 7:46,26.93099976,11.09000015,0.050000001
9/10/2026 7:51,24.20100021,16.45999908,0.067000002
9/10/2026 7:56,58.53499985,16.62000084,0.162
9/10/2026 8:01,63.48699951,20.51099968,0.216999993
9/10/2026 8:07,147.1000061,21.63100052,0.531000018
9/10/2026 8:12,201.5820007,25.27300072,0.851000011
9/10/2026 8:17,222.5370026,27.66799927,1.027999997
9/10/2026 8:22,243.0549927,30.64800072,1.243999958
9/10/2026 8:27,262.7070007,32.51699829,1.427000046
9/10/2026 8:32,282.7780151,34.50699997,1.629999995
9/10/2026 8:37,303.9320068,36.91699982,1.873999953
9/10/2026 8:42,325.3370056,39.36999893,2.138999939
9/10/2026 8:47,347.7940063,41.21699905,2.394000053
9/10/2026 8:52,366.8959961,43.65399933,2.674999952
9/10/2026 8:57,388.178009,45.14799881,2.927000046
9/10/2026 9:02,408.4819946,47.83399963,3.263000011
9/10/2026 9:07,429.7260132,49.74100113,3.569999933
9/10/2026 9:12,450.4049988,51.41799927,3.868000031
9/10/2026 9:17,469.7099915,53.06000137,4.162000179
9/10/2026 9:22,491.381012,54.5929985,4.480000019
9/10/2026 9:27,512.3969727,56.31399918,4.818999767
9/10/2026 9:32,531.3439941,57.43199921,5.096000195
9/10/2026 9:37,552.4060059,59.22299957,5.462999821
9/10/2026 9:42,571.6690063,60.13199997,5.741000175
9/10/2026 9:47,592.5029907,61.35900116,6.071000099
9/10/2026 9:52,612.5130005,62.30199814,6.373000145
9/10/2026 9:57,632.6859741,63.57300186,6.717000008
9/10/2026 10:02,650.9920044,64.54699707,7.017000198
9/10/2026 10:07,670.4530029,65.63400269,7.348999977
9/10/2026 10:12,689.7050171,66.67900085,7.679999828
9/10/2026 10:17,709.0579834,67.6780014,8.013999939
9/10/2026 10:22,725.8099976,68.73699951,8.331999779
9/10/2026 10:28,743.8950195,69.69999695,8.659000397
9/10/2026 10:33,761.2520142,70.09300232,8.911000252
9/10/2026 10:38,776.8259888,71.20700073,9.237999916
9/10/2026 10:43,796.8410034,72.26300049,9.616000175
9/10/2026 10:48,812.1820068,73.37000275,9.951999664
9/10/2026 10:53,831.2930298,74.17500305,10.29699993
9/10/2026 10:58,845.1129761,74.88700104,10.56900024
9/10/2026 11:03,864.9639893,75.62599945,10.92399979
9/10/2026 11:08,876.5300293,76.08899689,11.13799953
9/10/2026 11:13,894.3250122,77.04000092,11.50599957
9/10/2026 11:18,901.3619995,77.58399963,11.6789999
9/10/2026 11:23,913.2789917,78.66000366,11.99699974
9/10/2026 11:28,927.0770264,79.33399963,12.28299999
9/10/2026 11:33,946.8170166,79.88600159,12.63099957
9/10/2026 11:38,950.0139771,80.18199921,12.72099972
9/10/2026 11:43,724.2399902,72.18699646,8.730999947
9/10/2026 11:48,841.7910156,108.163002,15.20600033
9/10/2026 11:53,287.9419861,89.23100281,4.290999889
9/10/2026 11:58,466.5840149,60.84199905,4.741000175
9/10/2026 12:03,967.2719727,86.69000244,14.00300026
9/10/2026 12:08,294.1359863,84.27799988,4.139999866
9/10/2026 12:13,432.9200134,78.0059967,5.639999866
9/10/2026 12:18,299.2659912,96.30799866,4.813000202
9/10/2026 12:23,423.868988,65.53500366,4.638999939
9/10/2026 12:28,1061.327026,89.21600342,15.81299973
9/10/2026 12:33,1047.720947,34.8219986,6.092999935
9/10/2026 12:38,742.1279907,51.02700043,6.323999882
9/10/2026 12:43,969.8099976,61.93999863,10.03199959
9/10/2026 12:48,1080.276978,84.95800018,15.32699966
9/10/2026 12:54,1081.345947,84.57099915,15.27200031
9/10/2026 12:59,1073.995972,85.7559967,15.38099957
9/10/2026 13:04,1052.084961,85.93099976,15.09799957
9/10/2026 13:09,1042.94397,86.52300262,15.06999969
9/10/2026 13:14,1090.593018,86.23799896,15.70600033
9/10/2026 13:19,1054.375977,86.97100067,15.31400013
9/10/2026 13:24,1055.17395,87.13600159,15.35499954
9/10/2026 13:46,1052.552979,86.55500031,15.21399975
9/10/2026 13:52,323.428009,150.348999,8.12100029
9/10/2026 13:57,1037.927002,85.08899689,14.7489996
9/10/2026 14:02,1027.990967,84.78299713,14.55500031
9/10/2026 14:07,1017.125,84.43099976,14.3409996
9/10/2026 14:12,328.5570068,54.22999954,2.976000071
9/10/2026 14:17,1014.721985,83.64099884,14.17399979
9/10/2026 14:22,1020.896973,82.87799835,14.13000011
9/10/2026 14:27,389.3850098,206.6499939,13.43799973
9/10/2026 14:32,1000.559021,90.59100342,15.13700008
9/10/2026 14:37,188.3049927,90.63300323,2.849999905
9/10/2026 14:42,993.5310059,81.97100067,13.60099983
9/10/2026 14:47,965.3439941,60.63899994,9.776000023
9/10/2026 14:52,927.0380249,79.9240036,12.37300014
9/10/2026 14:57,918.4190063,79.75900269,12.2329998
9/10/2026 15:02,916.1129761,78.65499878,12.03299999
9/10/2026 15:07,944.6420288,77.8809967,12.28600025
9/10/2026 15:12,940.5549927,76.66899872,12.04300022
9/10/2026 15:17,893.3569946,76.43199921,11.40299988
9/10/2026 15:22,866.8070068,74.99199677,10.85599995
9/10/2026 15:27,863.8579712,75.15599823,10.84200001
9/10/2026 15:32,887.414978,74.65499878,11.06400013
9/10/2026 15:37,859.3829956,74.92099762,10.75199986
9/10/2026 15:42,730.309021,78.72399902,9.600999832
9/10/2026 15:47,736.901001,83.5759964,10.28499985
9/10/2026 15:52,815.223999,73.08799744,9.949999809
9/10/2026 15:57,391.8190002,72.76100159,4.761000156
9/10/2026 16:02,797.8380127,70.49299622,9.392000198
9/10/2026 16:07,789.5209961,70.57299805,9.305000305
9/10/2026 16:13,754.9899902,72.36299896,9.123999596
9/10/2026 16:18,206.4380035,80.19100189,2.765000105
9/10/2026 16:23,791.46698,68.49700165,9.053999901
9/10/2026 16:28,730.309021,72.57099915,8.850999832
9/10/2026 16:33,203.4810028,83.27899933,2.829999924
9/10/2026 16:38,185.7169952,86.65499878,2.687999964
9/10/2026 16:43,169.7290039,87.44499969,2.479000092
9/10/2026 16:48,114.9300003,86.49700165,1.659999967
9/10/2026 16:53,99.6289978,87.06099701,1.449000001
9/10/2026 16:58,117.0650024,84.39600372,1.649999976
9/10/2026 17:03,121.1139984,87.35199738,1.76699996
9/10/2026 17:08,123.8899994,87.71399689,1.815000057
9/10/2026 17:13,128.4069977,84.63200378,1.815000057
9/10/2026 17:18,141.9470062,83.73899841,1.985000014
9/10/2026 17:23,155.2579956,81.5019989,2.112999916
9/10/2026 17:28,128.6069946,81.43599701,1.748999953
9/10/2026 17:33,128.9700012,79.36100006,1.708999991
9/10/2026 17:38,411.2690125,56.14799881,3.855999947
9/10/2026 17:43,372.5029907,54.25400162,3.375
9/10/2026 17:48,343.2430115,52.61100006,3.016000032
9/10/2026 17:53,299.1289978,53.22299957,2.65899992
9/10/2026 17:58,289.8070068,50.49399948,2.444000006
9/10/2026 18:03,279.3770142,49.96099854,2.33100009
9/10/2026 18:08,161.5590057,47.3409996,1.27699995
9/10/2026 18:13,216.6100006,44.93500137,1.625
9/10/2026 18:18,123.8539963,75.88999939,1.570000052
9/10/2026 18:23,94.83699799,78.08899689,1.236999989
9/10/2026 18:28,86.56500244,78.45700073,1.133999944
9/10/2026 18:33,76.44599915,71.3030014,0.910000026
9/10/2026 18:39,75.47299957,62.44900131,0.787
9/10/2026 18:44,103.1729965,46.44599915,0.800000012
9/10/2026 18:49,67.5530014,61.47200012,0.693000019
9/10/2026 18:54,52.11500168,65.35900116,0.569000006
9/10/2026 18:59,37.26200104,64.26000214,0.400000006
9/10/2026 19:04,33.38000107,57.49399948,0.319999993
9/10/2026 19:09,26.86199951,59.82500076,0.268000007
9/10/2026 19:14,26.10199928,58.84500122,0.256999999
9/10/2026 19:19,22.55999947,58.54000092,0.221000001
9/10/2026 19:24,16.79000092,53.5719986,0.150000006
9/10/2026 19:29,12.22599983,-0.009,0
9/10/2026 19:34,8.807999611,-0.119000003,0
9/10/2026 19:39,7.244999886,-0.153999999,0
9/10/2026 19:44,5.164999962,-0.259000003,0
9/10/2026 19:49,2.818000078,-0.58099997,0
9/10/2026 19:54,1.32099998,-1.32099998,0
9/10/2026 20:04,,,0
9/10/2026 20:14,,,0
9/10/2026 20:24,,,0
9/10/2026 20:34,,,0
9/10/2026 20:44,,,0
9/10/2026 20:54,,,0
9/10/2026 21:05,,,0
9/10/2026 21:15,,,0
9/10/2026 21:25,,,0
9/10/2026 21:35,,,0
9/10/2026 21:45,,,0
9/10/2026 21:55,,,0
9/11/2026 4:05,,,0
9/11/2026 4:15,,,0
9/11/2026 4:25,,,0
9/11/2026 4:35,,,0
9/11/2026 4:45,,,0
9/11/2026 4:55,,,0
9/11/2026 5:05,,,0
9/11/2026 5:15,,,0
9/11/2026 5:25,,,0
9/11/2026 5:35,,,0
9/11/2026 5:46,,,0
9/11/2026 5:51,,,0
9/11/2026 5:56,,,0
9/11/2026 6:01,,,0
9/11/2026 6:06,,,0
9/11/2026 6:11,,,0
9/11/2026 6:16,,,0
9/11/2026 6:21,,,0
9/11/2026 6:26,,,0
9/11/2026 6:31,,,0
9/11/2026 6:36,,,0
9/11/2026 6:41,,,0
9/11/2026 6:46,,,0
9/11/2026 6:51,,,0
9/11/2026 6:56,,,0
9/11/2026 7:01,,,0
9/11/2026 7:06,,,0
9/11/2026 7:11,9.626000404,-0.126000002,0
9/11/2026 7:16,16.88500023,0.029999999,0
9/11/2026 7:21,25.17499924,0.149000004,0.001
9/11/2026 7:26,34.55699921,16.26000023,0.093999997
9/11/2026 7:31,44.31999969,21.17700005,0.157000005
9/11/2026 7:36,60.53499985,23.04400063,0.232999995
9/11/2026 7:41,50.15299988,25.2140007,0.210999995
9/11/2026 7:46,89.71800232,22.8920002,0.342999995
9/11/2026 7:51,115.6019974,23.69199944,0.456999987
9/11/2026 7:56,126.6930008,24.19199944,0.512000024
9/11/2026 8:01,121.9840012,26.51099968,0.540000021
9/11/2026 8:06,155.628006,26.23800087,0.681999981
9/11/2026 8:12,111.4000015,28.86499977,0.537
9/11/2026 8:17,62.01499939,35.98400116,0.372999996
9/11/2026 8:22,47.90499878,39.11299896,0.312999994
9/11/2026 8:27,49.27000046,40.81499863,0.335999995
9/11/2026 8:32,48.3390007,39.37099838,0.317999989
9/11/2026 8:37,52.05599976,44.32500076,0.38499999
9/11/2026 8:42,58.45700073,45.10400009,0.439999998
9/11/2026 8:47,63.97299957,46.29899979,0.495000005
9/11/2026 8:52,70.92700195,47.91999817,0.568000019
9/11/2026 8:57,77.98899841,48.3390007,0.629999995
9/11/2026 9:02,86.01899719,48.25099945,0.693000019
9/11/2026 9:07,98.33899689,49.74900055,0.816999972
9/11/2026 9:12,134.4869995,52.25099945,1.174000025
9/11/2026 9:17,212.4700012,52.52000046,1.863999963
9/11/2026 9:22,362.8510132,51.38899994,3.114000082
9/11/2026 9:27,464.8070068,53.2159996,4.131000042
9/11/2026 9:32,417.1329956,53.6780014,3.739000082
9/11/2026 9:37,347.5360107,56.95999908,3.305999994
9/11/2026 9:42,267.3940125,57.19300079,2.553999901
9/11/2026 9:47,359.2179871,58.18399811,3.49000001
9/11/2026 9:52,513.789978,59.91899872,5.140999794
9/11/2026 9:57,553.6879883,60.38800049,5.584000111
9/11/2026 10:02,577.4299927,62.00099945,5.979000092
9/11/2026 10:07,539.4030151,52.95600128,4.769999981
9/11/2026 10:12,633.1060181,65.72699738,6.948999882
9/11/2026 10:17,588.4489746,72.41600037,7.116000175
9/11/2026 10:22,680.7979736,69.41899872,7.892000198
9/11/2026 10:27,423.0029907,75.35500336,5.322999954
9/11/2026 10:33,754.1749878,70.23100281,8.845000267
9/11/2026 10:38,765.6450195,71.22000122,9.105999947
9/11/2026 10:43,798.8809814,72.67500305,9.696000099
9/11/2026 10:48,525.5780029,80.80699921,7.092999935
9/11/2026 10:53,776.5869751,75.93000031,9.847000122
9/11/2026 10:58,893.8980103,75.44000244,11.26200008
9/11/2026 11:03,815.7369995,74.87000275,10.19900036
9/11/2026 11:08,782.5230103,79.71700287,10.41699982
9/11/2026 11:13,828.2700195,61.93700027,8.567000389
9/11/2026 11:18,973.2589722,78.03900146,12.68400002
9/11/2026 11:23,950.96698,83.63200378,13.28199959
9/11/2026 11:28,744.9249878,86.09300232,10.71000004
9/11/2026 11:33,785.7230225,73.16899872,9.600999832
9/11/2026 11:38,1052.421997,81.82900238,14.38199997
9/11/2026 11:43,857.0859985,90.89399719,13.01000023
9/11/2026 11:48,493.7900085,81.51799774,6.722000122
9/11/2026 11:53,979.0540161,83.04599762,13.57800007
9/11/2026 11:58,1010.789001,84.10900116,14.19799995
9/11/2026 12:03,987.5150146,84.8789978,13.99800014
9/11/2026 12:08,993.2109985,85.4240036,14.16899967
9/11/2026 12:13,997.934021,85.28399658,14.2130003
9/11/2026 12:18,1001.947998,85.54100037,14.31299973
9/11/2026 12:23,1006.856018,86.09700012,14.47700024
9/11/2026 12:28,1007.241028,86.77200317,14.59599972
9/11/2026 12:33,1010.898987,86.86399841,14.66399956
9/11/2026 12:38,1011.651001,87.38600159,14.76399994
9/11/2026 12:43,1012.356995,88.1269989,14.89900017
9/11/2026 12:48,1014.640991,88.33000183,14.96700001
9/11/2026 12:53,1016.267029,88.26699829,14.97999954
9/11/2026 12:59,1011.447021,89.10199738,15.05000019
9/11/2026 13:04,1007.846008,89.38700104,15.04500008
9/11/2026 13:09,1006.120972,89.66699982,15.06599998
9/11/2026 13:14,1001.073975,89.8789978,15.02600002
9/11/2026 13:19,1003.838989,89.9260025,15.07499981
9/11/2026 13:24,1000.948975,89.88500214,15.02499962
9/11/2026 13:47,991.5460205,89.43299866,14.80900002
9/11/2026 13:52,986.2639771,89.00299835,14.6590004
9/11/2026 13:57,984.2260132,88.56300354,14.55700016
9/11/2026 14:02,978.3289795,87.89900208,14.36100006
9/11/2026 14:07,969.7630005,87.47000122,14.16600037
9/11/2026 14:12,967.5339966,86.70600128,14.01000023
9/11/2026 14:17,959.7579956,85.26300049,13.66600037
9/11/2026 14:22,954.3460083,85.87200165,13.68599987
9/11/2026 14:27,947.8930054,85.50499725,13.53499985
9/11/2026 14:32,940.5460205,84.59400177,13.2869997
9/11/2026 14:37,928.1790161,83.93499756,13.01000023
9/11/2026 14:42,917.7819824,83.15299988,12.74499989
9/11/2026 14:47,909.9140015,82.21600342,12.49300003
9/11/2026 14:52,902.7360229,81.26200104,12.2510004
9/11/2026 14:57,891.1989746,80.88800049,12.03899956
9/11/2026 15:02,882.3909912,80.17500305,11.81499958
9/11/2026 15:07,867.0200195,79.7539978,11.54800034
9/11/2026 15:12,853.6170044,78.91300201,11.2489996
9/11/2026 15:17,839.9199829,78.73500061,11.04399967
9/11/2026 15:22,829.2670288,78.20400238,10.82999992
9/11/2026 15:27,817.8150024,77.30500031,10.55799961
9/11/2026 15:32,805.039978,76.43699646,10.27600002
9/11/2026 15:37,791.5700073,75.80200195,10.02000046
9/11/2026 15:42,779.1599731,74.98300171,9.756999969
9/11/2026 15:48,764.802002,74.3730011,9.498999596
9/11/2026 15:53,750.8530273,73.79399872,9.253000259
9/11/2026 15:58,734.1680298,73.21299744,8.975999832
9/11/2026 16:03,718.1420288,72.36399841,8.678999901
9/11/2026 16:08,704.7130127,71.86799622,8.458000183
9/11/2026 16:13,689.40802,70.81500244,8.152999878
9/11/2026 16:18,674.7150269,70.00800323,7.888000011
9/11/2026 16:23,657.4290161,69.2480011,7.603000164
9/11/2026 16:28,639.2109985,68.28299713,7.289000034
9/11/2026 16:33,621.1110229,67.16799927,6.967000008
9/11/2026 16:38,606.3670044,66.27700043,6.710999966
9/11/2026 16:43,585.5250244,65.25099945,6.380000114
9/11/2026 16:48,568.7249756,64.96399689,6.170000076
9/11/2026 16:53,550.5209961,63.65100098,5.852000237
9/11/2026 16:58,532.96698,62.54800034,5.566999912
9/11/2026 17:03,514.2579956,62.04399872,5.328000069
9/11/2026 17:08,493.0899963,60.95800018,5.019999981
9/11/2026 17:13,472.1499939,60.01800156,4.731999874
9/11/2026 17:18,450.6099854,58.77999878,4.422999859
9/11/2026 17:23,431.5629883,58.22499847,4.196000099
9/11/2026 17:28,410.4559937,56.94300079,3.903000116
9/11/2026 17:33,392.0870056,56.02299881,3.667999983
9/11/2026 17:38,367.2449951,56.05799866,3.437999964
9/11/2026 17:43,348.1789856,54.43099976,3.164999962
9/11/2026 17:48,325.3859863,52.3219986,2.842999935
9/11/2026 17:53,294.131012,50.56499863,2.483999968
9/11/2026 17:58,285.0379944,52.13199997,2.482000113
9/11/2026 18:03,144.4900055,75.27700043,1.815999985
9/11/2026 18:08,173.3580017,47.57600021,1.376999974
9/11/2026 18:14,157.8029938,57.9070015,1.526000023
9/11/2026 18:19,77.96199799,80.84400177,1.052999973
9/11/2026 18:24,155.0740051,48.0359993,1.243999958
9/11/2026 18:29,163.1009979,45.36299896,1.235999942
9/11/2026 18:34,66.65100098,56.76100159,0.632000029
9/11/2026 18:39,100.7669983,46.19300079,0.77700001
9/11/2026 18:44,45.74900055,62.72499847,0.479000002
9/11/2026 18:49,57.31999969,54.50699997,0.522000015
9/11/2026 18:54,83.24299622,37.4620018,0.521000028
9/11/2026 18:59,63.35300064,39.41899872,0.416999996
9/11/2026 19:04,37.86299896,57.68000031,0.36500001
9/11/2026 19:09,27.36800003,66.5039978,0.30399999
9/11/2026 19:14,21.2159996,76.51699829,0.270999998
9/11/2026 19:19,17.27899933,82.06900024,0.237000003
9/11/2026 19:24,15.06999969,79.32499695,0.200000003
9/11/2026 19:29,12.24499989,76.78199768,0.157000005
9/11/2026 19:34,9.274999619,0.025,0
9/11/2026 19:39,6.742000103,-0.181999996,0
9/11/2026 19:44,4.30700016,-0.372999996,0
9/11/2026 19:49,1.870000005,-0.927999973,0
9/11/2026 19:54,0.552999973,-2.414999962,0
9/11/2026 20:04,,,0
9/11/2026 20:14,,,0
9/11/2026 20:24,,,0
9/11/2026 20:35,,,0
9/11/2026 20:45,,,0
9/11/2026 20:55,,,0
9/11/2026 21:05,,,0
9/11/2026 21:15,,,0
9/11/2026 21:25,,,0
9/11/2026 21:35,,,0
9/11/2026 21:45,,,0
9/11/2026 21:55,,,0
9/12/2026 4:05,,,0
9/12/2026 4:15,,,0
9/12/2026 4:25,,,0
9/12/2026 4:35,,,0
9/12/2026 4:45,,,0
9/12/2026 4:55,,,0
9/12/2026 5:05,,,0
9/12/2026 5:15,,,0
9/12/2026 5:25,,,0
9/12/2026 5:35,,,0
9/12/2026 5:46,,,0
9/12/2026 5:51,,,0
9/12/2026 5:56,,,0
9/12/2026 6:01,,,0
9/12/2026 6:06,,,0
9/12/2026 6:11,,,0
9/12/2026 6:16,,,0
9/12/2026 6:21,,,0
9/12/2026 6:26,,,0
9/12/2026 6:31,,,0
9/12/2026 6:36,,,0
9/12/2026 6:41,,,0
9/12/2026 6:46,,,0
9/12/2026 6:51,,,0
9/12/2026 6:56,,,0
9/12/2026 7:01,,,0
9/12/2026 7:06,,,0
9/12/2026 7:11,7.190999985,-0.180999994,0
9/12/2026 7:16,10.70600033,-0.059999999,0
9/12/2026 7:21,14.0010004,0.021,0
9/12/2026 7:26,17.05500031,0.082000002,0
9/12/2026 7:31,22.6060009,12.5340004,0.046999998
9/12/2026 7:36,31.62400055,16.85199928,0.089000002
9/12/2026 7:41,63.04899979,14.10999966,0.149000004
9/12/2026 7:46,84.65899658,14.76500034,0.209000006
9/12/2026 7:51,97.20800018,16.96500015,0.275000006
9/12/2026 7:56,114.9280014,18.63999939,0.35800001
9/12/2026 8:01,136.7429962,20.34399986,0.465000004
9/12/2026 8:07,152.5090027,22.87000084,0.582000017
9/12/2026 8:12,174.2140045,26.18799973,0.762000024
9/12/2026 8:17,196.4550018,28.38699913,0.930999994
9/12/2026 8:22,220.897995,31.07500076,1.146000028
9/12/2026 8:27,243.7630005,33.47200012,1.363000035
9/12/2026 8:32,266.6820068,35.65800095,1.588000059
9/12/2026 8:37,287.2529907,37.82300186,1.81400001
9/12/2026 8:42,307.3169861,39.51399994,2.028000116
9/12/2026 8:47,332.0859985,42.36100006,2.348999977
9/12/2026 8:52,355.5679932,44.2179985,2.625999928
9/12/2026 8:57,372.3529968,45.93399811,2.855999947
9/12/2026 9:02,394.4400024,49.00600052,3.227999926
9/12/2026 9:07,415.0499878,51.06800079,3.539999962
9/12/2026 9:12,434.4949951,52.93999863,3.84100008
9/12/2026 9:17,456.4450073,54.48899841,4.153999805
9/12/2026 9:22,476.7969971,56.28300095,4.481999874
9/12/2026 9:27,496.4649963,57.34199905,4.754000187
9/12/2026 9:32,517.2230225,58.99200058,5.09499979
9/12/2026 9:37,538.0750122,60.70100021,5.453999996
9/12/2026 9:42,555.2789917,61.80599976,5.730999947
9/12/2026 9:47,574.8740234,63.24200058,6.072000027
9/12/2026 9:52,594.789978,64.5719986,6.414000034
9/12/2026 9:57,614.7529907,65.8030014,6.756000042
9/12/2026 10:02,632.815979,67.26000214,7.107999802
9/12/2026 10:07,650.1090088,68.21499634,7.406000137
9/12/2026 10:12,669.1480103,69.31999969,7.745999813
9/12/2026 10:17,685.3839722,70.74099731,8.097000122
9/12/2026 10:22,704.4349976,71.75900269,8.442000389
9/12/2026 10:27,723.927002,72.4260025,8.755999565
9/12/2026 10:33,740.9219971,73.71800232,9.12100029
9/12/2026 10:38,758.5780029,74.30500031,9.413000107
9/12/2026 10:43,774.6099854,75.34600067,9.746999741
9/12/2026 10:48,789.8560181,76.35399628,10.0710001
9/12/2026 10:53,806.4869995,77.20300293,10.39799976
9/12/2026 10:58,822.1489868,78.27400208,10.74699974
9/12/2026 11:03,835.7230225,78.59100342,10.96899986
9/12/2026 11:08,850.4910278,79.55000305,11.29899979
9/12/2026 11:13,866.2180176,80.12400055,11.5909996
9/12/2026 11:18,878.5100098,81.3239975,11.93099976
9/12/2026 11:23,887.3779907,82.05699921,12.15999985
9/12/2026 11:28,903.2910156,82.28900146,12.41300011
9/12/2026 11:33,917.0339966,83.31900024,12.76000023
9/12/2026 11:38,929.0029907,83.29100037,12.92199993
9/12/2026 11:43,937.0780029,84.18399811,13.17399979
9/12/2026 11:48,948.6480103,85.16200256,13.49199963
9/12/2026 11:53,959.8049927,85.53399658,13.71000004
9/12/2026 11:58,970.1229858,85.71600342,13.88700008
9/12/2026 12:03,981.3670044,85.77100372,14.05700016
9/12/2026 12:08,989.3889771,86.51200104,14.29399967
9/12/2026 12:13,999.367981,86.36599731,14.41399956
9/12/2026 12:18,1005.163025,86.28500366,14.48400021
9/12/2026 12:23,1007.968994,86.54499817,14.56799984
9/12/2026 12:28,1012.018005,87.02500153,14.70800018
9/12/2026 12:33,1013.690002,87.51399994,14.81499958
9/12/2026 12:38,1013.487976,88.03199768,14.89999962
9/12/2026 12:43,1014.096985,88.11299896,14.92199993
9/12/2026 12:48,1016.046997,88.69599915,15.05000019
9/12/2026 12:54,1014.450012,89.1780014,15.1079998
9/12/2026 12:59,1013.56897,90.17900085,15.26399994
9/12/2026 13:04,1008.97998,90.21399689,15.20100021
9/12/2026 13:09,1008.866028,90.47299957,15.24300003
9/12/2026 13:14,1008.247986,90.81199646,15.29100037
9/12/2026 13:19,1005.45697,90.20700073,15.14700031
9/12/2026 13:42,1002.414001,89.73000336,15.02099991
9/12/2026 13:47,997.9359741,89.22799683,14.86999989
9/12/2026 13:52,994.6640015,88.79699707,14.75
9/12/2026 13:57,988.302002,88.40899658,14.59200001
9/12/2026 14:02,971.1680298,86.48699951,14.02700043
9/12/2026 14:07,977.46698,87.24099731,14.24100018
9/12/2026 14:12,972.4940186,86.93199921,14.11800003
9/12/2026 14:17,966.5059814,85.61399841,13.81900024
9/12/2026 14:22,957.3779907,85.61199951,13.68799973
9/12/2026 14:27,953.46698,84.68299866,13.48400021
9/12/2026 14:32,948.28302,84.12799835,13.32299995
9/12/2026 14:37,935.5200195,83.48999786,13.04399967
9/12/2026 14:42,925.2180176,83.00900269,12.82600021
9/12/2026 14:47,912.8449707,82.77999878,12.61900043
9/12/2026 14:52,905.5289917,82.00499725,12.40100002
9/12/2026 14:57,896.3109741,81.08999634,12.13799953
9/12/2026 15:02,888.276001,79.5530014,11.80099964
9/12/2026 15:07,876.3250122,79.7480011,11.67099953
9/12/2026 15:12,868.0549927,78.96700287,11.44799995
9/12/2026 15:17,851.6810303,78.50700378,11.16600037
9/12/2026 15:22,840.25,77.6780014,10.89999962
9/12/2026 15:27,826.9199829,76.48400116,10.56200027
9/12/2026 15:32,814.0250244,75.9260025,10.32199955
9/12/2026 15:37,799.2410278,75.33999634,10.05599976
9/12/2026 15:42,785.1890259,74.58599854,9.779999733
9/12/2026 15:47,772.4970093,74.0510025,9.55300045
9/12/2026 15:52,755.815979,73.27799988,9.248999596
9/12/2026 15:57,741.6669922,72.63899994,8.996999741
9/12/2026 16:02,727.78302,72.14600372,8.769000053
9/12/2026 16:08,716.1090088,71.45400238,8.545000076
9/12/2026 16:13,695.3460083,70.70400238,8.210000038
9/12/2026 16:18,677.5609741,69.5019989,7.863999844
9/12/2026 16:23,662.5819702,69.22399902,7.659999847
9/12/2026 16:28,645.3629761,68.07099915,7.335999966
9/12/2026 16:33,629.8699951,66.95600128,7.043000221
9/12/2026 16:38,601.1749878,66.34200287,6.659999847
9/12/2026 16:43,591.5859985,65.31700134,6.453000069
9/12/2026 16:48,568.7979736,64.39600372,6.117000103
9/12/2026 16:53,554.3790283,61.92599869,5.732999802
9/12/2026 16:58,476.4460144,67.92299652,5.403999805
9/12/2026 17:03,515.5869751,61.05799866,5.256999969
9/12/2026 17:08,484.4670105,59.53499985,4.816999912
9/12/2026 17:13,474.3450012,58.72299957,4.65199995
9/12/2026 17:18,461.0020142,58.55400085,4.507999897
9/12/2026 17:23,442.1900024,57.4980011,4.245999813
9/12/2026 17:28,414.4150085,56.59400177,3.917000055
9/12/2026 17:33,402.125,56.24599838,3.77699995
9/12/2026 17:38,378.9970093,54.87900162,3.47300005
9/12/2026 17:43,359.3699951,54.1230011,3.247999907
9/12/2026 17:48,318.6560059,53.93899918,2.869999886
9/12/2026 17:53,246.9470062,54.14599991,2.23300004
9/12/2026 17:58,270.6080017,52.72999954,2.382999897
9/12/2026 18:03,255.8179932,50.65800095,2.164000034
9/12/2026 18:08,238.098999,47.64599991,1.894999981
9/12/2026 18:13,224.5509949,46.77299881,1.753999949
9/12/2026 18:18,201.227005,46.36999893,1.557999969
9/12/2026 18:23,138.3220062,49.77500153,1.149999976
9/12/2026 18:29,119.6230011,48.48799896,0.968999982
9/12/2026 18:34,95.86499786,48.58399963,0.777999997
9/12/2026 18:39,92.95800018,46.56299973,0.72299999
9/12/2026 18:44,89.25,41.77799988,0.623000026
9/12/2026 18:49,45.35800171,56.51900101,0.428000003
9/12/2026 18:54,56.08499908,45.09199905,0.421999991
9/12/2026 18:59,42.91400146,47.0359993,0.337000012
9/12/2026 19:04,38.79100037,57.28300095,0.370999992
9/12/2026 19:09,32.78300095,61.47100067,0.337000012
9/12/2026 19:14,29.05200005,64.52999878,0.312999994
9/12/2026 19:19,25.66200066,74.58399963,0.319999993
9/12/2026 19:24,21.81299973,74.64700317,0.272000015
9/12/2026 19:29,18.90500069,67.03700256,0.211999997
9/12/2026 19:34,14.12800026,0.071000002,0
9/12/2026 19:39,8.295000076,-0.077,0
9/12/2026 19:44,5.657000065,-0.174999997,0
9/12/2026 19:49,2.996999979,-0.488999993,0
9/12/2026 19:54,,,0
9/12/2026 19:59,1.511000037,-0.990999997,0
9/12/2026 20:04,,,0
9/12/2026 20:14,,,0
9/12/2026 20:24,,,0
9/12/2026 20:34,,,0
9/12/2026 20:44,,,0
9/12/2026 20:55,,,0
9/12/2026 21:05,,,0
9/12/2026 21:15,,,0
9/12/2026 21:25,,,0
9/12/2026 21:35,,,0
9/12/2026 21:45,,,0
9/12/2026 21:55,,,0
9/13/2026 4:05,,,0
9/13/2026 4:15,,,0
9/13/2026 4:25,,,0
9/13/2026 4:35,,,0
9/13/2026 4:45,,,0
9/13/2026 4:55,,,0
9/13/2026 5:05,,,0
9/13/2026 5:15,,,0
9/13/2026 5:25,,,0
9/13/2026 5:35,,,0
9/13/2026 5:46,,,0
9/13/2026 5:51,,,0
9/13/2026 5:56,,,0
9/13/2026 6:01,,,0
9/13/2026 6:06,,,0
9/13/2026 6:11,,,0
9/13/2026 6:16,,,0
9/13/2026 6:21,,,0
9/13/2026 6:26,,,0
9/13/2026 6:31,,,0
9/13/2026 6:36,,,0
9/13/2026 6:41,,,0
9/13/2026 6:46,,,0
9/13/2026 6:51,,,0
9/13/2026 6:56,,,0
9/13/2026 7:01,,,0
9/13/2026 7:06,,,0
9/13/2026 7:11,4.039999962,-0.331999987,0
9/13/2026 7:16,6.269999981,-0.208000004,0
9/13/2026 7:21,10.38199997,-0.039000001,0
9/13/2026 7:26,13.44799995,0.041000001,0
9/13/2026 7:31,20.57799911,0.245000005,0.001
9/13/2026 7:36,32.27399826,17.52799988,0.093999997
9/13/2026 7:41,69.65499878,12.86699963,0.150000006
9/13/2026 7:46,92.68800354,14.73200035,0.228
9/13/2026 7:51,109.1039963,16.52899933,0.300999999
9/13/2026 7:56,130.4869995,19.48699951,0.425000012
9/13/2026 8:01,149.1940002,21.73200035,0.541000009
9/13/2026 8:07,166.5740051,24.12899971,0.671000004
9/13/2026 8:12,178.246994,26.84199905,0.799000025
9/13/2026 8:17,179.8390045,28.74900055,0.862999976
9/13/2026 8:22,198.5330048,32.11199951,1.065000057
9/13/2026 8:27,228.0619965,34.18500137,1.302000046
9/13/2026 8:32,269.7600098,36.80799866,1.657999992
9/13/2026 8:37,292.7529907,38.87799835,1.901000023
9/13/2026 8:42,303.6629944,41.2840004,2.094000101
9/13/2026 8:47,337.9609985,43.59899902,2.460999966
9/13/2026 8:52,356.0580139,46.22000122,2.747999907
9/13/2026 8:57,344.2669983,49.15100098,2.825999975
9/13/2026 9:02,389.3380127,50.47600174,3.282000065
9/13/2026 9:07,399.7120056,53.48300171,3.569999933
9/13/2026 9:12,377.6570129,54.88700104,3.461999893
9/13/2026 9:17,403.1140137,57.74000168,3.887000084
9/13/2026 9:22,434.3609924,58.45100021,4.239999771
9/13/2026 9:27,463.5899963,60.93700027,4.717999935
9/13/2026 9:32,508.2319946,61.55799866,5.224999905
9/13/2026 9:37,521.473999,63.72999954,5.550000191
9/13/2026 9:42,536.6140137,65.15399933,5.839000225
9/13/2026 9:47,564.5579834,65.76599884,6.199999809
9/13/2026 9:52,587.1950073,67.49099731,6.618000031
9/13/2026 9:57,594.8209839,69.23400116,6.876999855
9/13/2026 10:02,565.5020142,67.17500305,6.343999863
9/13/2026 10:07,594.1929932,72.86599731,7.230999947
9/13/2026 10:12,655.6619873,72.75900269,7.967000008
9/13/2026 10:17,695.7069702,73.2009964,8.505000114
9/13/2026 10:22,652.6190186,77.54299927,8.451000214
9/13/2026 10:27,716.4959717,75.06700134,8.982000351
9/13/2026 10:33,710.3699951,76.32700348,9.055000305
9/13/2026 10:38,724.3969727,77.32900238,9.354999542
9/13/2026 10:43,759.1950073,78.01699829,9.890999794
9/13/2026 10:48,768.6610107,78.37400055,10.06099987
9/13/2026 10:53,793.7410278,79.25099945,10.50500011
9/13/2026 10:58,821.7349854,79.72299957,10.93999958
9/13/2026 11:03,842.1859741,80.72499847,11.35400009
9/13/2026 11:08,786.6669922,85.26799774,11.20199966
9/13/2026 11:13,857.8070068,79.75700378,11.42500019
9/13/2026 11:18,887.84198,82.69599915,12.26099968
9/13/2026 11:23,911.7459717,83.13500214,12.65799999
9/13/2026 11:28,837.5939941,83.47599792,11.67599964
9/13/2026 11:33,680.5490112,97.61100006,11.09399986
9/13/2026 11:38,794.3430176,85.29100037,11.31400013
9/13/2026 11:43,768.0819702,88.46800232,11.34799957
9/13/2026 11:48,933.8989868,88.19599915,13.75500011
9/13/2026 11:53,949.4559937,87.52100372,13.87699986
9/13/2026 11:58,990.6970215,87.51699829,14.47900009
9/13/2026 12:03,924.2189941,90.24299622,13.92800045
9/13/2026 12:08,883.8029785,89.70800018,13.24100018
9/13/2026 12:13,829.6110229,90.60099792,12.55200005
9/13/2026 12:18,928.6989746,89.43900299,13.87100029
9/13/2026 12:23,978.1439819,91.4960022,14.9460001
9/13/2026 12:28,886.9019775,94.30699921,13.96800041
9/13/2026 12:33,917.1309814,85.88999939,13.15499973
9/13/2026 12:38,992.3779907,89.84400177,14.89000034
9/13/2026 12:43,956.25,91.95899963,14.68500042
9/13/2026 12:48,1025.159058,90.23000336,15.44799995
9/13/2026 12:54,1004.77002,90.15799713,15.12800026
9/13/2026 12:59,860.3150024,96.47799683,13.86100006
9/13/2026 13:04,995.3610229,91.79000092,15.25800037
9/13/2026 13:09,1012.765015,91.93900299,15.55000019
9/13/2026 13:14,843.25,93.32499695,13.1420002
9/13/2026 13:19,859.2059937,93.27899933,13.38399982
9/13/2026 13:41,805.1929932,91.09899902,12.25
9/13/2026 13:46,760.6190186,93.63999939,11.89400005
9/13/2026 13:52,610.1459961,102.7170029,10.4659996
9/13/2026 13:57,692.4459839,92.61299896,10.71000004
9/13/2026 14:02,823.7780151,92.93599701,12.78499985
9/13/2026 14:07,947.8060303,90.88500214,14.38599968
9/13/2026 14:12,708.0499878,80.52100372,9.520999908
9/13/2026 14:17,960.2160034,88.39600372,14.17500019
9/13/2026 14:22,904.4219971,87.69400024,13.24499989
9/13/2026 14:27,821.1569824,91.78199768,12.58600044
9/13/2026 14:32,937.5750122,86.65399933,13.56799984
9/13/2026 14:37,751,84.72899628,10.6260004
9/13/2026 14:42,836.28302,86.36199951,12.06099987
9/13/2026 14:47,823.3099976,84.60299683,11.63199997
9/13/2026 14:52,899.8460083,82.28399658,12.36499977
9/13/2026 14:57,807.0900269,78.37000275,10.56299973
9/13/2026 15:02,697.0150146,78.95700073,9.190999985
9/13/2026 15:07,509.821991,84.50900269,7.195000172
9/13/2026 15:12,647.6339722,84.37799835,9.126000404
9/13/2026 15:17,685.0490112,80.91999817,9.258000374
9/13/2026 15:22,702.3010254,78.81099701,9.243000031
9/13/2026 15:27,623.5839844,80.9509964,8.430000305
9/13/2026 15:32,544.3369751,85.33799744,7.757999897
9/13/2026 15:37,502.3110046,84.27300262,7.068999767
9/13/2026 15:42,535.1539917,80.67700195,7.210000038
9/13/2026 15:47,464.0379944,80.7519989,6.257999897
9/13/2026 15:52,473.4769897,81.41000366,6.436999798
9/13/2026 15:57,464.8729858,82.97599792,6.441999912
9/13/2026 16:02,531.3870239,77.19000244,6.849999905
9/13/2026 16:07,459.0130005,82.59400177,6.330999851
9/13/2026 16:13,306.3450012,83.83100128,4.289000034
9/13/2026 16:18,338.6480103,80.17199707,4.53399992
9/13/2026 16:23,421.3540039,81.28099823,5.718999863
9/13/2026 16:28,271.8970032,81.29000092,3.690999985
9/13/2026 16:33,249.7599945,84.71099854,3.532999992
9/13/2026 16:38,452.7449951,75.02600098,5.672999859
9/13/2026 16:43,341.9429932,73.31400299,4.186999798
9/13/2026 16:48,677.5150146,69.18299866,7.828000069
9/13/2026 16:53,625.5819702,68.85199738,7.19299984
9/13/2026 16:58,213.7330017,91.49500275,3.266000032
9/13/2026 17:03,420.1029968,84.46700287,5.926000118
9/13/2026 17:08,418.1010132,54.64300156,3.815000057
9/13/2026 17:13,159.8630066,85.96700287,2.295000076
9/13/2026 17:18,296.2149963,64.12599945,3.171999931
9/13/2026 17:23,237.3789978,73.4940033,2.913000107
9/13/2026 17:28,198.2100067,79.21700287,2.621999979
9/13/2026 17:33,249.3730011,66.67199707,2.77699995
9/13/2026 17:38,204.7350006,76.72499847,2.622999907
9/13/2026 17:43,146.0829926,74.82700348,1.825000048
9/13/2026 17:48,169.177002,71.53500366,2.020999908
9/13/2026 17:53,103.6289978,77.41699982,1.340000033
9/13/2026 17:58,72.6190033,84.30500031,1.021999955
9/13/2026 18:03,77.73699951,80.89700317,1.049999952
9/13/2026 18:08,90.98300171,78.38400269,1.190999985
9/13/2026 18:13,88.15299988,80.97899628,1.192000031
9/13/2026 18:18,80.1969986,74.96700287,1.003999949
9/13/2026 18:23,102.0090027,79.34300232,1.351999998
9/13/2026 18:28,121.776001,86.8239975,1.766000032
9/13/2026 18:33,105.7330017,87.90699768,1.552000046
9/13/2026 18:39,67.61299896,84.80500031,0.958000004
9/13/2026 18:44,51.71500015,72.9940033,0.629999995
9/13/2026 18:49,87.95800018,43.59799957,0.639999986
9/13/2026 18:54,51.46300125,49.4640007,0.425000012
9/13/2026 18:59,51.8370018,59.25500107,0.513000011
9/13/2026 19:04,62.6230011,69.3710022,0.725000024
9/13/2026 19:09,54.54600143,72.60199738,0.661000013
9/13/2026 19:14,33.51200104,71.41200256,0.400000006
9/13/2026 19:19,15.58399963,64.01899719,0.166999996
9/13/2026 19:24,4.249000072,-0.319999993,0
9/13/2026 19:29,2.260999918,-0.791000009,0
9/13/2026 19:34,1.440000057,-1.133000016,0
9/13/2026 19:39,1.00999999,-1.753999949,0
9/13/2026 19:44,0.270000011,-6.337999821,0
9/13/2026 19:54,,,0
9/13/2026 20:04,,,0
9/13/2026 20:14,,,0
9/13/2026 20:24,,,0
9/13/2026 20:34,,,0
9/13/2026 20:44,,,0
9/13/2026 20:54,,,0
9/13/2026 21:05,,,0
9/13/2026 21:15,,,0
9/13/2026 21:25,,,0
9/13/2026 21:35,,,0
9/13/2026 21:45,,,0
9/13/2026 21:55,,,0
9/14/2026 4:00,,,0
9/14/2026 4:05,,,0
9/14/2026 4:15,,,0
9/14/2026 4:25,,,0
9/14/2026 4:35,,,0
9/14/2026 4:45,,,0
9/14/2026 4:55,,,0
9/14/2026 5:05,,,0
9/14/2026 5:15,,,0
9/14/2026 5:25,,,0
9/14/2026 5:35,,,0
9/14/2026 5:46,,,0
9/14/2026 5:51,,,0
9/14/2026 5:56,,,0
9/14/2026 6:01,,,0
9/14/2026 6:06,,,0
9/14/2026 6:11,,,0
9/14/2026 6:16,,,0
9/14/2026 6:21,,,0
9/14/2026 6:26,,,0
9/14/2026 6:31,,,0
9/14/2026 6:36,,,0
9/14/2026 6:41,,,0
9/14/2026 6:46,,,0
9/14/2026 6:51,,,0
9/14/2026 6:56,,,0
9/14/2026 7:01,,,0
9/14/2026 7:06,,,0
9/14/2026 7:11,2.394999981,-0.563000023,0
9/14/2026 7:16,3.561000109,-0.44600001,0
9/14/2026 7:21,4.699999809,-0.312999994,0
9/14/2026 7:26,6.354000092,-0.231999993,0
9/14/2026 7:31,7.84499979,-0.141000003,0
9/14/2026 7:36,7.931000233,-0.136000007,0
9/14/2026 7:41,15.58600044,0.008,0
9/14/2026 7:46,23.50200081,12.81999969,0.050000001
9/14/2026 7:51,28.88500023,18.25,0.088
9/14/2026 7:56,33.89500046,21.7670002,0.123000003
9/14/2026 8:01,46.60900116,25.20199966,0.195999995
9/14/2026 8:07,54.875,28.82299995,0.263999999
9/14/2026 8:12,67.15699768,29.50300026,0.331
9/14/2026 8:17,70.68499756,32.14899826,0.379000008
9/14/2026 8:22,63.0719986,33.75799942,0.356000006
9/14/2026 8:27,239.5299988,29.49900055,1.179999948
9/14/2026 8:32,139.5950012,39.18799973,0.913999975
9/14/2026 8:37,91.83699799,35.17900085,0.540000021
9/14/2026 8:42,115.2460022,37.43799973,0.721000016
9/14/2026 8:47,144.6990051,47.06000137,1.136999965
9/14/2026 8:52,173.8869934,44.68399811,1.297999978
9/14/2026 8:57,276.0509949,51.79299927,2.388000011
9/14/2026 9:02,114.0319977,49.67100143,0.94599998
9/14/2026 9:07,99.46399689,48.9090004,0.811999977
9/14/2026 9:12,103.2470016,51.08399963,0.880999982
9/14/2026 9:17,125.3740005,50.88800049,1.065000057
9/14/2026 9:22,130.5039978,53.27899933,1.161000013
9/14/2026 9:27,150.197998,52.13899994,1.307999969
9/14/2026 9:32,261.1040039,52.73899841,2.299999952
9/14/2026 9:37,454.6860046,48.06200027,3.648999929
9/14/2026 9:42,569.9790039,55.10699844,5.244999886
9/14/2026 9:47,572.2290039,58.83800125,5.623000145
9/14/2026 9:52,592.065979,61.13000107,6.044000149
9/14/2026 9:57,617.1430054,61.88700104,6.377999783
9/14/2026 10:02,546.9990234,78.11399841,7.136000156
9/14/2026 10:07,594.026001,70.68800354,7.012000084
9/14/2026 10:12,613.8079834,63.52500153,6.512000084
9/14/2026 10:17,490.2009888,56.34199905,4.611999989
9/14/2026 10:22,675.0739746,73.28099823,8.262000084
9/14/2026 10:28,704.6220093,73.30400085,8.626000404
9/14/2026 10:33,732.8969727,73.30999756,8.972999573
9/14/2026 10:38,752.2990112,74.36299896,9.343000412
9/14/2026 10:43,758.2739868,76.44100189,9.680000305
9/14/2026 10:48,773.177002,77.97299957,10.06799984
9/14/2026 10:53,788.007019,78.76300049,10.36499977
9/14/2026 10:58,804.1589966,79.9469986,10.73600006
9/14/2026 11:03,821.2269897,81.42299652,11.16699982
9/14/2026 11:08,831.8300171,82.55899811,11.46899986
9/14/2026 11:13,842.4730225,83.75,11.78299999
9/14/2026 11:18,870.4940186,83.77600098,12.1789999
9/14/2026 11:23,846.8049927,85.16999817,12.04399967
9/14/2026 11:28,893.0339966,84.53399658,12.60700035
9/14/2026 11:33,892.8060303,85.58999634,12.76099968
9/14/2026 11:38,913.8070068,86.18800354,13.15299988
9/14/2026 11:43,922.3079834,87.14600372,13.42300034
9/14/2026 11:48,938.2210083,87.33999634,13.68500042
9/14/2026 11:53,955.4069824,87.52200317,13.96399975
9/14/2026 11:58,959.5089722,89.35299683,14.31799984
9/14/2026 12:03,1044.55896,87.46199799,15.25699997
9/14/2026 12:08,815.2819824,87.97699738,11.97799969
9/14/2026 12:13,368.1010132,92.68000031,5.697000027
9/14/2026 12:18,998.4050293,91.39399719,15.23799992
9/14/2026 12:23,786.1279907,40.93000031,5.373000145
9/14/2026 12:28,1124.332031,89.99299622,16.89699936
9/14/2026 12:33,1077.152954,89.15899658,16.03800011
9/14/2026 12:38,1047.922974,86.88200378,15.20499992
9/14/2026 12:43,794.9329834,64.93599701,8.62100029
9/14/2026 12:49,1059.172974,89.71299744,15.86900043
9/14/2026 12:54,1022.273987,90.43900299,15.43999958
9/14/2026 12:59,996.3480225,91.88400269,15.28899956
9/14/2026 13:04,991.4630127,92.84500122,15.37300014
9/14/2026 13:09,1000.79303,92.48699951,15.45800018
9/14/2026 13:14,1000.880005,92.15699768,15.40400028
9/14/2026 13:19,991.4000244,92.92900085,15.38599968
9/14/2026 13:41,971.0460205,91.76799774,14.88199997
9/14/2026 13:47,937.677002,92.64099884,14.50699997
9/14/2026 13:52,985.9130249,93.52899933,15.39900017
9/14/2026 13:57,979.4790039,91.01399994,14.88700008
9/14/2026 14:02,977.0079956,89.81600189,14.65400028
9/14/2026 14:07,966.1920166,89.54499817,14.44900036
9/14/2026 14:12,995.5759888,88.55799866,14.72399998
9/14/2026 14:17,985.7509766,87.97399902,14.48200035
9/14/2026 14:22,983.1430054,86.84500122,14.25899982
9/14/2026 14:27,327.7330017,124.9160004,6.836999893
9/14/2026 14:32,225.8309937,103.8089981,3.914999962
9/14/2026 14:37,988.7609863,85.71800232,14.15400028
9/14/2026 14:42,968.3839722,85.22599792,13.78299999
9/14/2026 14:47,947.4050293,83.7009964,13.24300003
9/14/2026 14:52,909.8449707,83.20700073,12.64299965
9/14/2026 14:57,897.9169922,82.85299683,12.42399979
9/14/2026 15:02,886.7410278,81.99500275,12.1420002
9/14/2026 15:07,926.2670288,81.5,12.60700035
9/14/2026 15:12,926.3569946,80.7539978,12.49300003
9/14/2026 15:17,922.75,80.13600159,12.34899998
9/14/2026 15:22,920.1420288,79.68499756,12.24499989
9/14/2026 15:27,924.007019,79.51699829,12.27000046
9/14/2026 15:32,920.53302,78.5019989,12.06799984
9/14/2026 15:37,239.6459961,92.70200348,3.710000038
9/14/2026 15:42,758.4569702,35.63999939,4.513999939
9/14/2026 15:47,799.9890137,36.68700027,4.901000023
9/14/2026 15:52,859.6589966,76.91000366,11.04100037
9/14/2026 15:57,798.0819702,75.46900177,10.05900002
9/14/2026 16:02,774.4949951,74.03399658,9.576000214
9/14/2026 16:07,712.3950195,73.81400299,8.781999588
9/14/2026 16:13,663.9550171,72.55799866,8.045000076
9/14/2026 16:18,659.5269775,72.01300049,7.93200016
9/14/2026 16:23,676.1690063,70.88400269,8.00399971
9/14/2026 16:28,692.2609863,70.89499664,8.196000099
9/14/2026 16:33,632.164978,69.66300201,7.354000092
9/14/2026 16:38,610.9279785,69.66000366,7.106999874
9/14/2026 16:43,538.1409912,67.00900269,6.021999836
9/14/2026 16:48,468.8590088,67.96800232,5.322000027
9/14/2026 16:53,523.7440186,67.32700348,5.888999939
9/14/2026 16:58,537.1630249,65.71600342,5.894999981
9/14/2026 17:03,479.6229858,65.08799744,5.212999821
9/14/2026 17:08,518.7670288,64.15299988,5.558000088
9/14/2026 17:13,524.151001,61.61399841,5.393000126
9/14/2026 17:18,122.3209991,83.52899933,1.70599997
9/14/2026 17:23,450.3200073,61.04899979,4.59100008
9/14/2026 17:28,402.8059998,58.64300156,3.944999933
9/14/2026 17:33,385.8059998,56.65100098,3.650000095
9/14/2026 17:38,383.901001,55.59199905,3.563999891
9/14/2026 17:43,342.2590027,53.79600143,3.075000048
9/14/2026 17:48,321.6480103,52.5359993,2.822000027
9/14/2026 17:53,300.6990051,51.89500046,2.605999947
9/14/2026 17:58,279.322998,50.15200043,2.338999987
9/14/2026 18:03,259.3500061,49.375,2.138000011
9/14/2026 18:08,237.2570038,48.69200134,1.92900002
9/14/2026 18:13,218.4499969,47.07400131,1.717000008
9/14/2026 18:18,173.6009979,51.1969986,1.483999968
9/14/2026 18:23,181.8470001,43.43299866,1.319000006
9/14/2026 18:28,138.6069946,43.01699829,0.995999992
9/14/2026 18:34,139.5330048,39.56800079,0.921999991
9/14/2026 18:39,124.1389999,38.7879982,0.80400002
9/14/2026 18:44,107.0530014,36.75799942,0.657000005
9/14/2026 18:49,92.04699707,35.17499924,0.541000009
9/14/2026 18:54,73.51399994,32.18999863,0.395000011
9/14/2026 18:59,44.95299911,44.4109993,0.333000004
9/14/2026 19:04,25.46999931,66.73000336,0.284000009
9/14/2026 19:09,19.90500069,65.50800323,0.217999995
9/14/2026 19:14,14.27700043,91.28500366,0.217999995
9/14/2026 19:19,12.08699989,76.27700043,0.153999999
9/14/2026 19:24,9.880999565,0.120999999,0
9/14/2026 19:29,7.847000122,-0.114,0
9/14/2026 19:34,5.671000004,-0.143000007,0
9/14/2026 19:39,3.729000092,-0.381999999,0
9/14/2026 19:44,1.911999941,-1.001000047,0
9/14/2026 19:49,0.381999999,-3.188999891,0
9/14/2026 19:54,,,0
9/14/2026 20:04,,,0
9/14/2026 20:14,,,0
9/14/2026 20:24,,,0
9/14/2026 20:34,,,0
9/14/2026 20:44,,,0
9/14/2026 20:54,,,0
9/14/2026 21:05,,,0
9/14/2026 21:15,,,0
9/14/2026 21:25,,,0
9/14/2026 21:35,,,0
9/14/2026 21:45,,,0
9/14/2026 21:55,,,0
9/15/2026 4:05,,,0
9/15/2026 4:15,,,0
9/15/2026 4:25,,,0
9/15/2026 4:35,,,0
9/15/2026 4:45,,,0
9/15/2026 4:55,,,0
9/15/2026 5:05,,,0
9/15/2026 5:15,,,0
9/15/2026 5:25,,,0
9/15/2026 5:35,,,0
9/15/2026 5:46,,,0
9/15/2026 5:51,,,0
9/15/2026 5:56,,,0
9/15/2026 6:01,,,0
9/15/2026 6:06,,,0
9/15/2026 6:11,,,0
9/15/2026 6:16,,,0
9/15/2026 6:21,,,0
9/15/2026 6:26,,,0
9/15/2026 6:31,,,0
9/15/2026 6:36,,,0
9/15/2026 6:41,,,0
9/15/2026 6:46,,,0
9/15/2026 6:51,,,0
9/15/2026 6:56,,,0
9/15/2026 7:01,,,0
9/15/2026 7:06,,,0
9/15/2026 7:11,4.326000214,-0.40200001,0
9/15/2026 7:16,6.309000015,-0.194000006,0
9/15/2026 7:21,8.501999855,-0.086999997,0
9/15/2026 7:26,11.63799953,0.037999999,0
9/15/2026 7:31,22.41900063,0.097999997,0
9/15/2026 7:36,31.9489994,10.02000046,0.052999999
9/15/2026 7:41,72.29000092,9.774999619,0.118000001
9/15/2026 7:46,97.57700348,11.9659996,0.194999993
9/15/2026 7:51,113.0889969,14.58300018,0.275000006
9/15/2026 7:56,127.6289978,17.88299942,0.381000012
9/15/2026 8:01,142.598999,21.11700058,0.503000021
9/15/2026 8:07,157.8639984,24.16300011,0.637000024
9/15/2026 8:12,185.3040009,26.00900078,0.805000007
9/15/2026 8:17,203.076004,28.46800041,0.964999974
9/15/2026 8:22,222.3950043,30.57500076,1.136000037
9/15/2026 8:27,242.7940063,33.48400116,1.35800004
9/15/2026 8:32,263.2569885,36.08499908,1.585999966
9/15/2026 8:37,284.25,38.20000076,1.812999964
9/15/2026 8:42,306.5069885,40.26200104,2.061000109
9/15/2026 8:47,326.3930054,42.73199844,2.328999996
9/15/2026 8:52,346.2770081,45.39699936,2.625
9/15/2026 8:57,365.0610046,47.57500076,2.900000095
9/15/2026 9:02,385.071991,49.93099976,3.210999966
9/15/2026 9:07,404.7619934,51.81399918,3.502000093
9/15/2026 9:12,424.072998,53.73400116,3.805000067
9/15/2026 9:17,445.0100098,55.35800171,4.113999844
9/15/2026 9:22,464.9750061,57.20999908,4.441999912
9/15/2026 9:27,484.6870117,59.02399826,4.777999878
9/15/2026 9:32,504.0690002,60.45199966,5.089000225
9/15/2026 9:37,523.3499756,62.41699982,5.454999924
9/15/2026 9:42,542.4039917,63.94400024,5.791999817
9/15/2026 9:47,560.9569702,65.34400177,6.120999813
9/15/2026 9:52,579.0180054,67.37400055,6.514999866
9/15/2026 9:57,600.0609741,67.73899841,6.788000107
9/15/2026 10:02,617.4050293,69.29499817,7.144999981
9/15/2026 10:07,637.1660156,70.40000153,7.491000175
9/15/2026 10:12,653.6060181,71.85600281,7.842999935
9/15/2026 10:17,672.1220093,73.15899658,8.211999893
9/15/2026 10:22,690.6719971,73.95899963,8.531000137
9/15/2026 10:28,707.552002,75.19999695,8.88599968
9/15/2026 10:33,725.1270142,76.3259964,9.243000031
9/15/2026 10:38,742.2579956,76.9509964,9.538999557
9/15/2026 10:43,759.9860229,77.97799683,9.897000313
9/15/2026 10:48,775.3029785,78.7519989,10.1960001
9/15/2026 10:53,789.5750122,79.91300201,10.5369997
9/15/2026 10:58,804.7089844,80.60199738,10.83199978
9/15/2026 11:03,817.6890259,80.93699646,11.05200005
9/15/2026 11:08,833.8129883,81.36399841,11.32999992
9/15/2026 11:13,847.3900146,82.35900116,11.65499973
9/15/2026 11:18,859.2849731,83.31300354,11.95499992
9/15/2026 11:23,872.3770142,84.09899902,12.25199986
9/15/2026 11:28,884.1690063,84.52100372,12.47999954
9/15/2026 11:33,895.007019,85.80599976,12.82499981
9/15/2026 11:38,906.8170166,86.13300323,13.04399967
9/15/2026 11:43,916.0250244,87.1740036,13.33600044
9/15/2026 11:48,925.9780273,88.19200134,13.63799953
9/15/2026 11:53,937.2210083,88.44200134,13.84300041
9/15/2026 11:58,946.5739746,88.27700043,13.95499992
9/15/2026 12:03,955.0670166,88.44400024,14.10700035
9/15/2026 12:08,961.914978,88.68599701,14.24699974
9/15/2026 12:13,968.0750122,88.66799927,14.33500004
9/15/2026 12:18,974.3010254,88.69100189,14.43099976
9/15/2026 12:23,978.5079956,89.28099823,14.58899975
9/15/2026 12:28,981.7869873,89.65100098,14.69900036
9/15/2026 12:33,984.7890015,90.54599762,14.89099979
9/15/2026 12:38,985.802002,90.5,14.89900017
9/15/2026 12:43,986.2700195,90.80500031,14.95600033
9/15/2026 12:48,987.9920044,91.23000336,15.05200005
9/15/2026 12:54,986.434021,91.8010025,15.12300014
9/15/2026 12:59,985.9589844,92.46399689,15.22500038
9/15/2026 13:04,986.3309937,92.64499664,15.26000023
9/15/2026 13:09,986.2960205,92.76000214,15.27900028
9/15/2026 13:14,984.440979,93.01999664,15.29300022
9/15/2026 13:19,983.2709961,92.64900208,15.21399975
9/15/2026 13:41,976.7340088,17.10899925,2.790999889
9/15/2026 13:46,975.6539917,16.95800018,2.763000011
9/15/2026 13:51,973.5819702,17.12199974,2.78399992
9/15/2026 13:56,972.4140015,82.30599976,13.36600018
9/15/2026 14:01,967.8629761,84.42199707,13.64500046
9/15/2026 14:06,963.5739746,84.63899994,13.61999989
9/15/2026 14:11,953.4550171,84.97399902,13.52999973
9/15/2026 14:17,947.1359863,84.6969986,13.39700031
9/15/2026 14:22,939.5540161,84.48799896,13.25699997
9/15/2026 14:27,927.8150024,84.61100006,13.10999966
9/15/2026 14:32,905.848999,84.55999756,12.79199982
9/15/2026 14:37,911.3389893,83.84700012,12.76099968
9/15/2026 14:42,915.0310059,83.18800354,12.71199989
9/15/2026 14:47,902.0209961,82.52700043,12.43200016
9/15/2026 14:52,901.9110107,81.80699921,12.32199955
9/15/2026 14:57,888.1810303,81.45800018,12.08199978
9/15/2026 15:02,868.3309937,81.54699707,11.82499981
9/15/2026 15:07,855.1270142,80.20200348,11.45300007
9/15/2026 15:12,831.0629883,79.35299683,11.01299953
9/15/2026 15:17,823.3510132,79.18800354,10.88799953
9/15/2026 15:22,810.4639893,78.41799927,10.61400032
9/15/2026 15:27,796.4949951,77.47899628,10.30599976
9/15/2026 15:32,782.5830078,76.98200226,10.06099987
9/15/2026 15:37,768.6129761,76.60199738,9.833000183
9/15/2026 15:42,758.3939819,75.71499634,9.588999748
9/15/2026 15:47,744.3980103,75.1230011,9.338999748
9/15/2026 15:52,728.5189819,74.76599884,9.095999718
9/15/2026 15:57,719.4140015,73.47299957,8.826999664
9/15/2026 16:02,638.1090088,69.9509964,7.453999996
9/15/2026 16:07,690.0549927,72.20999908,8.321000099
9/15/2026 16:12,674.4530029,71.20899963,8.020999908
9/15/2026 16:17,657.973999,70.16200256,7.709000111
9/15/2026 16:22,643.2750244,69.13200378,7.427000046
9/15/2026 16:27,625.1610107,67.94999695,7.093999863
9/15/2026 16:32,579.6389771,69.19599915,6.697999954
9/15/2026 16:38,540.3530273,67.30899811,6.073999882
9/15/2026 16:43,560.1669922,64.18900299,6.005000114
9/15/2026 16:48,551.0310059,64.71399689,5.954999924
9/15/2026 16:53,532.15802,63.93399811,5.68200016
9/15/2026 16:58,516.1710205,62.60900116,5.396999836
9/15/2026 17:03,495.5840149,61.4280014,5.084000111
9/15/2026 17:08,478.2109985,60.41699982,4.824999809
9/15/2026 17:13,471.1820068,59.5890007,4.68900013
9/15/2026 17:18,445.2550049,49.0870018,3.650000095
9/15/2026 17:23,83.40799713,80.44400024,1.121000051
9/15/2026 17:28,87.58399963,79.02300262,1.156000018
9/15/2026 17:33,394.6879883,56.30400085,3.710999966
9/15/2026 17:38,381.0310059,54.45700073,3.464999914
9/15/2026 17:43,325.2630005,53.15499878,2.887000084
9/15/2026 17:48,98.66500092,72.45800018,1.194000006
9/15/2026 17:53,86.03500366,78.08999634,1.121999979
9/15/2026 17:58,118.7300034,75.17099762,1.49000001
9/15/2026 18:03,120.6149979,58.3390007,1.174999952
9/15/2026 18:08,50.21699905,81.72100067,0.685000002
9/15/2026 18:13,218.4470062,47.09899902,1.718000054
9/15/2026 18:18,200.8150024,46.20399857,1.549999952
9/15/2026 18:23,177.0299988,44.56999969,1.317999959
9/15/2026 18:28,50.04299927,62.75400162,0.523999989
9/15/2026 18:33,137.871994,39.97399902,0.920000017
9/15/2026 18:38,88.01599884,45.56600189,0.670000017
9/15/2026 18:43,95.95400238,34.17200089,0.547999978
9/15/2026 18:48,86.48600006,37.10100174,0.536000013
9/15/2026 18:53,56.50999832,37.1969986,0.351000011
9/15/2026 18:59,25.74600029,70.52500153,0.303000003
9/15/2026 19:04,19.8239994,75.0510025,0.247999996
9/15/2026 19:09,19.51499939,71.51200104,0.232999995
9/15/2026 19:14,14.63899994,78.81700134,0.193000004
9/15/2026 19:19,12.39999962,70.26999664,0.145999998
9/15/2026 19:24,10.13500023,0.017000001,0
9/15/2026 19:29,7.704999924,-0.071000002,0
9/15/2026 19:34,5.477000237,-0.164000005,0
9/15/2026 19:39,3.176000118,-0.421000004,0
9/15/2026 19:44,1.238999963,-1.24000001,0
9/15/2026 19:54,,,0
9/15/2026 20:04,,,0
9/15/2026 20:14,,,0
9/15/2026 20:24,,,0
9/15/2026 20:34,,,0
9/15/2026 20:44,,,0
9/15/2026 20:54,,,0
9/15/2026 21:04,,,0
9/15/2026 21:14,,,0
9/15/2026 21:25,,,0
9/15/2026 21:35,,,0
9/15/2026 21:45,,,0
9/15/2026 21:55,,,0
9/16/2026 4:05,,,0
9/16/2026 4:15,,,0
9/16/2026 4:25,,,0
9/16/2026 4:35,,,0
9/16/2026 4:45,,,0
9/16/2026 4:55,,,0
9/16/2026 5:05,,,0
9/16/2026 5:15,,,0
9/16/2026 5:25,,,0
9/16/2026 5:35,,,0
9/16/2026 5:41,,,0
9/16/2026 5:46,,,0
9/16/2026 5:51,,,0
9/16/2026 5:56,,,0
9/16/2026 6:01,,,0
9/16/2026 6:06,,,0
9/16/2026 6:11,,,0
9/16/2026 6:16,,,0
9/16/2026 6:21,,,0
9/16/2026 6:26,,,0
9/16/2026 6:31,,,0
9/16/2026 6:36,,,0
9/16/2026 6:41,,,0
9/16/2026 6:46,,,0
9/16/2026 6:51,,,0
9/16/2026 6:56,,,0
9/16/2026 7:01,,,0
9/16/2026 7:06,,,0
9/16/2026 7:11,2.907000065,-0.444000006,0
9/16/2026 7:16,4.409999847,-0.312000006,0
9/16/2026 7:21,6.559000015,-0.246999994,0
9/16/2026 7:26,8.550999641,-0.116999999,0
9/16/2026 7:31,10.84599972,-0.068000004,0
9/16/2026 7:36,13.2130003,0.023,0
9/16/2026 7:41,15.63000011,0.068000004,0
9/16/2026 7:46,21.63899994,0.134000003,0
9/16/2026 7:51,92.81099701,12.27700043,0.189999998
9/16/2026 7:56,103.1019974,8.993000031,0.155000001
9/16/2026 8:02,33.79299927,22.34300041,0.126000002
9/16/2026 8:07,150.1130066,21.49500084,0.538999975
9/16/2026 8:12,73.34400177,27.4470005,0.335999995
9/16/2026 8:17,189.576004,27.08499908,0.856999993
9/16/2026 8:22,217.3170013,29.49399948,1.070000052
9/16/2026 8:27,240.8070068,32.88700104,1.322999954
9/16/2026 8:32,269.0889893,35.50099945,1.595000029
9/16/2026 8:37,296.0629883,38.16799927,1.886999965
9/16/2026 8:42,312.9490051,41.20100021,2.153000116
9/16/2026 8:47,337.8989868,44.09400177,2.487999916
9/16/2026 8:52,351.7659912,46.06900024,2.70600009
9/16/2026 8:57,364.9809875,48.41600037,2.950999975
9/16/2026 9:02,92.60700226,59.17900085,0.915000021
9/16/2026 9:07,189.3760071,45.18399811,1.42900002
9/16/2026 9:12,90.93299866,61.43199921,0.933000028
9/16/2026 9:17,378.5899963,61.08200073,3.861999989
9/16/2026 9:22,488.803009,58.69499969,4.790999889
9/16/2026 9:27,497.7860107,60.00899887,4.988999844
9/16/2026 9:32,500.6130066,60.72200012,5.076000214
9/16/2026 9:37,517.0380249,62.61000061,5.406000137
9/16/2026 9:42,543.3900146,63.62599945,5.774000168
9/16/2026 9:47,550.3179932,64.93399811,5.967999935
9/16/2026 9:52,572.1430054,66.42500305,6.347000122
9/16/2026 9:57,592.9940186,67.69499969,6.703999996
9/16/2026 10:02,624.34198,68.94400024,7.188000202
9/16/2026 10:07,626.9760132,70.08699799,7.337999821
9/16/2026 10:12,663.0109863,71.75299835,7.945000172
9/16/2026 10:17,705.5339966,73.13800049,8.616999626
9/16/2026 10:22,678.9869995,73.32299805,8.31400013
9/16/2026 10:28,737.1939697,75.68099976,9.317000389
9/16/2026 10:33,732.9119873,76.73300171,9.392000198
9/16/2026 10:38,746.117981,76.9980011,9.593999863
9/16/2026 10:43,510.2680054,92.47899628,7.881000042
9/16/2026 10:48,607.1069946,90.29599762,9.154999733
9/16/2026 10:53,960.7329712,79.10199738,12.69099998
9/16/2026 10:58,477.4970093,85.77600098,6.840000153
9/16/2026 11:03,206.1580048,85.76599884,2.953000069
9/16/2026 11:08,191.4149933,87.08899689,2.78399992
9/16/2026 11:13,200.4810028,83.91500092,2.809999943
9/16/2026 11:18,462.7640076,62.59999847,4.837999821
9/16/2026 11:23,429.17099,63.20000076,4.53000021
9/16/2026 11:28,806.2559814,101.7099991,13.69499969
9/16/2026 11:33,708.1489868,75.31900024,8.906999588
9/16/2026 11:38,344.3039856,81.84400177,4.705999851
9/16/2026 11:43,1061.104004,85.28199768,15.11200047
9/16/2026 11:48,273.9440002,88.28800201,4.039000034
9/16/2026 11:53,213.4230042,87.43299866,3.115999937
9/16/2026 11:58,221.8370056,88.11599731,3.263999939
9/16/2026 12:03,291.7030029,87.68599701,4.271999836
9/16/2026 12:08,175.8710022,88.92099762,2.611999989
9/16/2026 12:13,135.6869965,87.09100342,1.97300005
9/16/2026 12:18,198.3309937,88.10900116,2.917999983
9/16/2026 12:23,180.2310028,87.0039978,2.618999958
9/16/2026 12:28,199.8589935,89.96800232,3.003000021
9/16/2026 12:33,181.3150024,86.94599915,2.632999897
9/16/2026 12:38,360.4089966,73.05400085,4.396999836
9/16/2026 12:43,1058.20105,94.49900055,16.70000076
9/16/2026 12:49,292.7099915,86.16200256,4.211999893
9/16/2026 12:54,206.6889954,87.70600128,3.02699995
9/16/2026 12:59,156.0559998,89.28800201,2.326999903
9/16/2026 13:04,219.397995,89.25800323,3.269999981
9/16/2026 13:09,279.6270142,92.22399902,4.30700016
9/16/2026 13:14,251.8540039,91.61000061,3.852999926
9/16/2026 13:19,223.6459961,92.69499969,3.461999893
9/16/2026 13:42,248.5980072,89.41699982,3.711999893
9/16/2026 13:47,269.82901,90.16400146,4.063000202
9/16/2026 13:52,227.4170074,89.07099915,3.382999897
9/16/2026 13:57,221.3939972,86.77300262,3.207999945
9/16/2026 14:02,212.2350006,88.42099762,3.134000063
9/16/2026 14:07,384.3359985,85.74199677,5.502999783
9/16/2026 14:12,342.4320068,97.89600372,5.59800005
9/16/2026 14:17,335.7929993,88.99900055,4.991000175
9/16/2026 14:22,286.0509949,89.12999725,4.257999897
9/16/2026 14:27,245.0870056,90.45600128,3.701999903
9/16/2026 14:32,240.5610046,94.00499725,3.77699995
9/16/2026 14:37,356.6640015,87.94499969,5.237999916
9/16/2026 14:42,500.6900024,66.9469986,5.59800005
9/16/2026 14:47,425.9630127,90.14499664,6.413000107
9/16/2026 14:52,330.6000061,79.57099915,4.393000126
9/16/2026 14:57,350.4429932,85.73200226,5.017000198
9/16/2026 15:02,530.822998,56.5340004,5.012000084
9/16/2026 15:07,391.8410034,74.09200287,4.84800005
9/16/2026 15:12,229.8450012,86.18900299,3.308000088
9/16/2026 15:17,222.6380005,86.08999634,3.200999975
9/16/2026 15:22,161.4459991,88.0019989,2.372999907
9/16/2026 15:27,223.8540039,95.14700317,3.556999922
9/16/2026 15:32,223.7850037,92.26899719,3.447999954
9/16/2026 15:37,175.4329987,90.91300201,2.664000034
9/16/2026 15:42,153.4530029,89.94400024,2.305000067
9/16/2026 15:47,136.2689972,90.22000122,2.052999973
9/16/2026 15:52,116.0339966,90.09899902,1.746000051
9/16/2026 15:58,70.23300171,87.34300232,1.024000049
9/16/2026 16:03,43.15999985,78.45899963,0.565999985
9/16/2026 16:08,52.08000183,83.94300079,0.730000019
9/16/2026 16:13,56.18299866,84.02300262,0.787999988
9/16/2026 16:18,58.61899948,86.06700134,0.842999995
9/16/2026 16:23,47.69100189,83.74700165,0.666999996
9/16/2026 16:28,47.25299835,81.03399658,0.638999999
9/16/2026 16:33,33.87900162,81.72100067,0.462000012
9/16/2026 16:38,38.72499847,83.18800354,0.537999988
9/16/2026 16:43,38.3409996,81.81500244,0.523999989
9/16/2026 16:48,30.44300079,74.07900238,0.377000004
9/16/2026 16:53,34.09600067,78.19100189,0.444999993
9/16/2026 16:58,24.76300049,74.55999756,0.307999998
9/16/2026 17:03,16.83200073,61.0019989,0.171000004
9/16/2026 17:08,14.31299973,72.70999908,0.173999995
9/16/2026 17:13,13.97299957,0.101000004,0
9/16/2026 17:18,13.10900021,0.037999999,0
9/16/2026 17:23,13.41699982,0.096000001,0
9/16/2026 17:28,14.54399967,0.122000001,0
9/16/2026 17:33,20.6989994,28.93600082,0.100000001
9/16/2026 17:38,20.17700005,66.46499634,0.224000007
9/16/2026 17:43,19.98600006,65.60299683,0.218999997
9/16/2026 17:48,17.25900078,55.61700058,0.159999996
9/16/2026 17:53,18.97500038,60.32099915,0.191
9/16/2026 17:58,22.57900047,75.69300079,0.284999996
9/16/2026 18:03,18.33799934,61.34700012,0.187999994
9/16/2026 18:08,15.17599964,61.54399872,0.156000003
9/16/2026 18:13,14.9289999,0.086999997,0
9/16/2026 18:19,12.44299984,0.066,0
9/16/2026 18:24,14.80500031,0.090000004,0
9/16/2026 18:29,10.81599998,-0.01,0
9/16/2026 18:34,5.643000126,-0.287,0
9/16/2026 18:39,6.081999779,-0.180999994,0
9/16/2026 18:44,5.559000015,-0.179000005,0
9/16/2026 18:49,4.755000114,-0.301999986,0
9/16/2026 18:54,3.325000048,-0.541000009,0
9/16/2026 18:59,3.45600009,-0.407999992,0
9/16/2026 19:04,2.697999954,-0.509000003,0
9/16/2026 19:09,2.482000113,-0.760999978,0
9/16/2026 19:14,2.628999949,-0.565999985,0
9/16/2026 19:19,1.447999954,-1.287999988,0
9/16/2026 19:24,1.039999962,-1.559999943,0
9/16/2026 19:29,1.223999977,-1.322999954,0
9/16/2026 19:34,1.457999945,-1.092000008,0
9/16/2026 19:39,1.072000027,-1.534999967,0
9/16/2026 19:44,0.194999993,-8.034999847,0
9/16/2026 19:54,,,0
9/16/2026 20:04,,,0
9/16/2026 20:14,,,0
9/16/2026 20:24,,,0
9/16/2026 20:34,,,0
9/16/2026 20:45,,,0
9/16/2026 20:55,,,0
9/16/2026 21:05,,,0
9/16/2026 21:15,,,0
9/16/2026 21:25,,,0
9/16/2026 21:35,,,0
9/16/2026 21:45,,,0
9/16/2026 21:55,,,0
9/17/2026 4:05,,,0
9/17/2026 4:15,,,0
9/17/2026 4:25,,,0
9/17/2026 4:35,,,0
9/17/2026 4:45,,,0
9/17/2026 4:55,,,0
9/17/2026 5:05,,,0
9/17/2026 5:15,,,0
9/17/2026 5:25,,,0
9/17/2026 5:36,,,0
9/17/2026 5:41,,,0
9/17/2026 5:46,,,0
9/17/2026 5:51,,,0
9/17/2026 5:56,,,0
9/17/2026 6:01,,,0
9/17/2026 6:06,,,0
9/17/2026 6:11,,,0
9/17/2026 6:16,,,0
9/17/2026 6:21,,,0
9/17/2026 6:26,,,0
9/17/2026 6:31,,,0
9/17/2026 6:36,,,0
9/17/2026 6:41,,,0
9/17/2026 6:46,,,0
9/17/2026 6:51,,,0
9/17/2026 6:56,,,0
9/17/2026 7:01,,,0
9/17/2026 7:06,,,0
9/17/2026 7:11,,,0
9/17/2026 7:16,,,0
9/17/2026 7:21,8.274999619,-0.119000003,0
9/17/2026 7:26,11.84000015,-0.013,0
9/17/2026 7:31,16.62100029,0.075000003,0
9/17/2026 7:36,27.97500038,4.633999825,0.022
9/17/2026 7:41,57.01300049,10.79300022,0.103
9/17/2026 7:46,79.11699677,11.40200043,0.150999993
9/17/2026 7:51,98.14800262,15.36400032,0.252000004
9/17/2026 7:56,117.5930023,18.4090004,0.361999989
9/17/2026 8:02,136.0370026,20.23999977,0.460000008
9/17/2026 8:07,155.8970032,22.51600075,0.586000025
9/17/2026 8:12,177.5039978,24.97200012,0.74000001
9/17/2026 8:17,196.423996,26.31699944,0.862999976
9/17/2026 8:22,219.0449982,28.29500008,1.034999967
9/17/2026 8:27,242.4109955,31.24399948,1.264999986
9/17/2026 8:32,236.8939972,34.72000122,1.373999953
9/17/2026 8:37,290.5119934,35.63499832,1.728999972
9/17/2026 8:42,321.8070068,37.97299957,2.040999889
9/17/2026 8:47,348.8829956,40.49900055,2.359999895
9/17/2026 8:52,375.3959961,42.75400162,2.680000067
9/17/2026 8:57,395.7810059,44.28099823,2.927000046
9/17/2026 9:02,170.2890015,46.79100037,1.33099997
9/17/2026 9:07,391.1419983,46.75999832,3.053999901
9/17/2026 9:12,427.3930054,50.00600052,3.569000006
9/17/2026 9:17,425.45401,51.94599915,3.690999985
9/17/2026 9:22,475.8179932,53.2480011,4.230999947
9/17/2026 9:27,497.25,54.77000046,4.547999859
9/17/2026 9:32,521.2789917,56.3219986,4.902999878
9/17/2026 9:37,550.9749756,57.94800186,5.331999779
9/17/2026 9:42,562.5079956,59.4109993,5.580999851
9/17/2026 9:47,588.434021,60.90399933,5.985000134
9/17/2026 9:52,595.8510132,61.6969986,6.138999939
9/17/2026 9:57,576.5300293,64.15399933,6.177000046
9/17/2026 10:02,639.1350098,64.77100372,6.913000107
9/17/2026 10:07,642.5939941,65.16300201,6.993000031
9/17/2026 10:12,674.59198,66.98300171,7.546000004
9/17/2026 10:17,664.8499756,68.02700043,7.552999973
9/17/2026 10:22,679.9680176,71.76699829,8.149000168
9/17/2026 10:28,719.2990112,69.89099884,8.395999908
9/17/2026 10:33,704.0089722,71.28800201,8.380999565
9/17/2026 10:38,699.9439697,72.56400299,8.482000351
9/17/2026 10:43,730.3289795,73.02500153,8.906000137
9/17/2026 10:48,760.2949829,73.84500122,9.376000404
9/17/2026 10:53,777.7719727,74.17500305,9.635000229
9/17/2026 10:58,799.2069702,75.44200134,10.06900024
9/17/2026 11:03,838.4400024,76.84400177,10.76000023
9/17/2026 11:08,866.0479736,75.38700104,10.90299988
9/17/2026 11:13,751.1950073,74.6289978,9.362000465
9/17/2026 11:18,740.6420288,58.10900116,7.186999798
9/17/2026 11:23,770.2860107,79.00299835,10.16300011
9/17/2026 11:28,798.4160156,79.81400299,10.6420002
9/17/2026 11:33,785.8400269,81.19100189,10.65499973
9/17/2026 11:38,846.164978,79.37999725,11.21700001
9/17/2026 11:43,833.3989868,84.65399933,11.78199959
9/17/2026 11:48,909.8029785,81.68800354,12.41100025
9/17/2026 11:53,838.2819824,83.73200226,11.72200012
9/17/2026 11:58,938.5120239,82.3690033,12.90999985
9/17/2026 12:03,851.7310181,84.05000305,11.95499992
9/17/2026 12:08,838.2290039,83.7990036,11.73099995
9/17/2026 12:13,860.1170044,83.9240036,12.05500031
9/17/2026 12:18,911.7030029,82.61699677,12.57900047
9/17/2026 12:23,969.3729858,82.50700378,13.35700035
9/17/2026 12:28,968.4069824,83.2539978,13.46399975
9/17/2026 12:33,796.7379761,89.91699982,11.96399975
9/17/2026 12:38,909.2689819,85.93299866,13.04899979
9/17/2026 12:43,986.9190063,84.30400085,13.89500046
9/17/2026 12:49,897.8109741,86.95899963,13.03800011
9/17/2026 12:54,856.4320068,87.58599854,12.52700043
9/17/2026 12:59,889.5230103,87.47699738,12.99499989
9/17/2026 13:04,857.2979736,87.65899658,12.55000019
9/17/2026 13:09,815.2800293,89.32700348,12.1619997
9/17/2026 13:14,866.3250122,88.50299835,12.8039999
9/17/2026 13:19,902.4749756,87.59899902,13.20199966
9/17/2026 13:42,914.414978,89.48899841,13.66600037
9/17/2026 13:47,998.2050171,86.18900299,14.36800003
9/17/2026 13:53,880.632019,88.2559967,12.97900009
9/17/2026 13:58,905.9569702,86.93800354,13.15299988
9/17/2026 14:03,834.9169922,86.30699921,12.0340004
9/17/2026 14:52,782.7219849,85.28600311,11.14799976
9/17/2026 15:14,822.2080078,9.62899971,1.322000027
9/17/2026 15:19,760.8880005,69.22399902,8.795999527
9/17/2026 15:24,748.4899902,69.91100311,8.73900032
9/17/2026 15:29,782.9169922,74.64700317,9.760000229
9/17/2026 15:34,782.3950195,74.46600342,9.729999542
9/17/2026 15:39,719.2269897,72.24500275,8.677000046
9/17/2026 15:44,613.1920166,73.69000244,7.546000004
9/17/2026 15:50,503.5020142,73.78299713,6.203999996
9/17/2026 15:55,498.9509888,74.13600159,6.177000046
9/17/2026 16:00,396.3009949,77.28500366,5.114999771
9/17/2026 16:05,318.9570007,77.54799652,4.131000042
9/17/2026 16:10,305.0690002,78.51999664,4
9/17/2026 16:15,331.1600037,77.72499847,4.297999859
9/17/2026 16:20,343.7730103,77.8239975,4.467999935
9/17/2026 16:25,350.8720093,76.01899719,4.453999996
9/17/2026 16:30,314.0820007,75.90699768,3.980999947
9/17/2026 16:35,353.8420105,72.23500061,4.268000126
9/17/2026 16:40,377.8770142,72.47100067,4.572999954
9/17/2026 16:45,360.2869873,68.68800354,4.132999897
9/17/2026 16:50,379.70401,69.15699768,4.385000229
9/17/2026 16:55,386.9330139,67.63600159,4.369999886
9/17/2026 17:00,324.2160034,69.23899841,3.749000072
9/17/2026 17:05,301.6199951,66.04299927,3.326999903
9/17/2026 17:10,279.4530029,69.60500336,3.247999907
9/17/2026 17:15,254.2339935,70.16400146,2.979000092
9/17/2026 17:20,283.2460022,67.06700134,3.171999931
9/17/2026 17:25,281.7080078,64.73200226,3.045000076
9/17/2026 17:30,265.1390076,63.44499969,2.809000015
9/17/2026 17:35,261.1860046,62.07899857,2.707999945
9/17/2026 17:40,278.3800049,60.96699905,2.834000111
9/17/2026 17:45,204.1609955,73.28900146,2.499000072
9/17/2026 17:50,149.1759949,68.32099915,1.702000022
9/17/2026 17:55,110.4810028,72.31099701,1.333999991
9/17/2026 18:00,79.20300293,76.7460022,1.014999986
9/17/2026 18:05,62.82699966,78.57700348,0.824000001
9/17/2026 18:10,53.91699982,79.29000092,0.713999987
9/17/2026 18:16,49.54100037,80.01100159,0.662
9/17/2026 18:21,42.71699905,82.88600159,0.591000021
9/17/2026 18:26,34.94100189,81.76799774,0.476999998
9/17/2026 18:31,29.3579998,62.39899826,0.305999994
9/17/2026 18:36,27.79100037,69.68099976,0.323000014
9/17/2026 18:41,26.32099915,70.06700134,0.307999998
9/17/2026 18:46,26.08300018,71.31199646,0.31099999
9/17/2026 18:51,24.98900032,66.55500031,0.277999997
9/17/2026 18:56,22.35199928,68.17700195,0.254000008
9/17/2026 19:01,20.29500008,60.22299957,0.203999996
9/17/2026 19:06,18.09300041,49.29299927,0.149000004
9/17/2026 19:11,16.02400017,52.37900162,0.140000001
9/17/2026 19:16,12.83399963,-0.013,0
9/17/2026 19:21,9.543000221,-0.075999998,0
9/17/2026 19:26,6.199999809,-0.231000006,0
9/17/2026 19:31,3.15199995,-0.418000013,0
9/17/2026 19:36,1.575000048,-0.921000004,0
9/17/2026 19:41,0.331999987,-6.5,0
9/17/2026 19:46,,,0
9/17/2026 19:51,,,0
9/17/2026 19:56,,,0
9/17/2026 20:01,,,0
9/17/2026 20:06,,,0
9/17/2026 20:11,,,0
9/17/2026 20:16,,,0
9/17/2026 20:21,,,0
9/17/2026 20:26,,,0
9/17/2026 20:31,,,0
9/17/2026 20:37,,,0
9/17/2026 20:42,,,0
9/17/2026 20:47,,,0
9/17/2026 20:52,,,0
9/17/2026 20:57,,,0
9/17/2026 21:02,,,0
9/17/2026 21:07,,,0
9/17/2026 21:12,,,0
9/17/2026 21:17,,,0
9/17/2026 21:22,,,0
9/17/2026 21:27,,,0
9/17/2026 21:32,,,0
9/17/2026 21:37,,,0
9/17/2026 21:42,,,0
9/17/2026 21:47,,,0
9/17/2026 21:52,,,0
9/17/2026 21:57,,,0
9/18/2026 4:05,,,0
9/18/2026 4:15,,,0
9/18/2026 4:25,,,0
9/18/2026 4:35,,,0
9/18/2026 4:45,,,0
9/18/2026 4:55,,,0
9/18/2026 5:05,,,0
9/18/2026 5:15,,,0
9/18/2026 5:25,,,0
9/18/2026 5:35,,,0
9/18/2026 5:41,,,0
9/18/2026 5:46,,,0
9/18/2026 5:51,,,0
9/18/2026 5:56,,,0
9/18/2026 6:01,,,0
9/18/2026 6:06,,,0
9/18/2026 6:11,,,0
9/18/2026 6:16,,,0
9/18/2026 6:21,,,0
9/18/2026 6:26,,,0
9/18/2026 6:31,,,0
9/18/2026 6:36,,,0
9/18/2026 6:41,,,0
9/18/2026 6:46,,,0
9/18/2026 6:51,,,0
9/18/2026 6:56,,,0
9/18/2026 7:01,,,0
9/18/2026 7:06,,,0
9/18/2026 7:11,,,0
9/18/2026 7:16,,,0
9/18/2026 7:21,4.539000034,-0.352999985,0
9/18/2026 7:26,5.626999855,-0.31400001,0
9/18/2026 7:31,7.80700016,-0.127000004,0
9/18/2026 7:36,10.94699955,-0.050999999,0
9/18/2026 7:41,15.02099991,-0.004,0
9/18/2026 7:46,17.86100006,0.104999997,0
9/18/2026 7:51,20.83499908,0.172999993,0.001
9/18/2026 7:56,24.58399963,11.00300026,0.045000002
9/18/2026 8:01,28.4489994,18.34600067,0.086999997
9/18/2026 8:07,31.31699944,20.26199913,0.105999999
9/18/2026 8:12,38.1629982,24.8560009,0.158000007
9/18/2026 8:17,46.35699844,27.05900002,0.209000006
9/18/2026 8:22,50.64400101,29.71800041,0.250999987
9/18/2026 8:27,57.41600037,32.67399979,0.312999994
9/18/2026 8:32,63.36500168,33.79600143,0.35800001
9/18/2026 8:37,64.70999908,35.95999908,0.388999999
9/18/2026 8:42,70.07099915,36.79600143,0.430999994
9/18/2026 8:47,73.8219986,39.41199875,0.486000001
9/18/2026 8:52,68.45899963,38.3219986,0.437999994
9/18/2026 8:57,63.94100189,36.41600037,0.388999999
9/18/2026 9:02,71.41000366,39.28300095,0.467999995
9/18/2026 9:07,85.21600342,42.28699875,0.601999998
9/18/2026 9:12,195.4960022,23.43899918,0.764999986
9/18/2026 9:17,489.0169983,43.18799973,3.52699995
9/18/2026 9:22,513.4879761,45.38600159,3.89199996
9/18/2026 9:27,546.6459961,48.14400101,4.394999981
9/18/2026 9:32,568.0180054,50.88899994,4.827000141
9/18/2026 9:37,595.0809937,53.66600037,5.333000183
9/18/2026 9:42,498.6749878,56.91799927,4.739999771
9/18/2026 9:47,533.9899902,59.19599915,5.278999805
9/18/2026 9:52,655.8530273,60.06499863,6.578999996
9/18/2026 9:57,694.9370117,60.19300079,6.986000061
9/18/2026 10:02,707.6660156,63.15000153,7.462999821
9/18/2026 10:07,739.552002,64.59600067,7.978000164
9/18/2026 10:12,794.973999,66.69799805,8.854999542
9/18/2026 10:17,833.1550293,67.40599823,9.37899971
9/18/2026 10:22,380.8869934,65.92700195,4.19299984
9/18/2026 10:28,452.4070129,93.59799957,7.072000027
9/18/2026 10:33,766.8150024,63.90000153,8.182999611
9/18/2026 10:38,776.2639771,71.84200287,9.312999725
9/18/2026 10:43,778.1710205,73.04699707,9.493000031
9/18/2026 10:48,790.2210083,74.34500122,9.81099987
9/18/2026 10:53,801.8909912,75.63400269,10.12899971
9/18/2026 10:58,815.3880005,76.77100372,10.45400047
9/18/2026 11:03,826.9810181,77.83799744,10.75
9/18/2026 11:08,840.6810303,78.47899628,11.01799965
9/18/2026 11:13,675.7620239,49.31600189,5.565000057
9/18/2026 11:18,357.677002,78.10199738,4.664999962
9/18/2026 11:23,473.5939941,117.1559982,9.265999794
9/18/2026 11:28,387.3139954,82.11499786,5.31099987
9/18/2026 11:33,1080.385986,80.93699646,14.60299969
9/18/2026 11:38,1075.025024,80.43099976,14.43999958
9/18/2026 11:43,669.0770264,121.8639984,13.61699963
9/18/2026 11:48,835.8800049,84.08399963,11.73700047
9/18/2026 11:53,973.5960083,83.66100311,13.60200024
9/18/2026 11:58,964.5609741,84.48000336,13.6079998
9/18/2026 12:03,965.6790161,85.04100037,13.71399975
9/18/2026 12:08,978.7349854,84.99900055,13.89299965
9/18/2026 12:13,1043.23999,83.84999847,14.6079998
9/18/2026 12:18,583.6939697,76.51499939,7.458000183
9/18/2026 12:23,363.2630005,103.3730011,6.270999908
9/18/2026 12:28,1159.470947,87.71900177,16.98500061
9/18/2026 12:33,1140.578003,85.09300232,16.20800018
9/18/2026 12:38,1207.871948,83.93599701,16.93099976
9/18/2026 12:43,376.1109924,90.00900269,5.653999805
9/18/2026 12:48,421.5809937,87.90399933,6.18900013
9/18/2026 12:54,1038.31897,84.22499847,14.60499954
9/18/2026 12:59,831.6309814,82.66600037,11.48099995
9/18/2026 13:04,484.7810059,89.12400055,7.215000153
9/18/2026 13:09,493.2860107,89.91899872,7.407000065
9/18/2026 13:14,368.5329895,90.5719986,5.573999882
9/18/2026 13:19,233.0050049,90.95800018,3.539000034
9/18/2026 13:43,310.5039978,90.98400116,4.717999935
9/18/2026 13:48,355.8609924,95.20200348,5.657999992
9/18/2026 13:53,352.177002,79.50900269,4.676000118
9/18/2026 13:58,518.0029907,88.5,7.656000137
9/18/2026 14:03,307.0939941,88.7009964,4.548999786
9/18/2026 14:08,239.75,89.19300079,3.571000099
9/18/2026 14:13,199.128006,86.91899872,2.890000105
9/18/2026 14:18,197.0240021,87.58000183,2.881999969
9/18/2026 14:23,185.9149933,88.37200165,2.743999958
9/18/2026 14:28,187.4869995,87.67700195,2.744999886
9/18/2026 14:33,182.6889954,86.26599884,2.631999969
9/18/2026 14:38,182.1809998,87.89399719,2.674000025
9/18/2026 14:43,167.4320068,88.58200073,2.476999998
9/18/2026 14:48,147.348999,85.23899841,2.096999884
9/18/2026 14:53,148.7819977,85.23000336,2.118000031
9/18/2026 14:58,160.6970062,84.51699829,2.267999887
9/18/2026 15:03,194.0269928,83.43900299,2.703999996
9/18/2026 15:08,207.7859955,84.33100128,2.926000118
9/18/2026 15:13,226.1410065,85.76599884,3.239000082
9/18/2026 15:18,216.4669952,84.77300262,3.065000057
9/18/2026 15:23,241.6790009,83.55400085,3.371999979
9/18/2026 15:28,267.9549866,83.82099915,3.750999928
9/18/2026 15:33,276.7990112,85.66699982,3.960000038
9/18/2026 15:38,229.1390076,83.41699982,3.191999912
9/18/2026 15:43,265.9129944,82.19000244,3.650000095
9/18/2026 15:48,219.0700073,85.8030014,3.138999939
9/18/2026 15:53,238.1430054,78.12200165,3.107000113
9/18/2026 15:58,258.4859924,81.57299805,3.520999908
9/18/2026 16:04,212.5850067,84.3259964,2.993999958
9/18/2026 16:09,790.5869751,69.34899902,9.156000137
9/18/2026 16:14,796.6489868,69.00299835,9.180000305
9/18/2026 16:19,411.4079895,56.49100113,3.881000042
9/18/2026 16:24,775.3099976,68.17299652,8.826999664
9/18/2026 16:29,276.6530151,75.61499786,3.493000031
9/18/2026 16:34,755.5469971,66.20200348,8.352999687
9/18/2026 16:39,229.2980042,79.21399689,3.032999992
9/18/2026 16:44,756.9530029,55.87900162,7.06400013
9/18/2026 16:49,460.0369873,103.2929993,7.93599987
9/18/2026 16:54,645.0900269,65.23500061,7.027999878
9/18/2026 16:59,270.1229858,92.46099854,4.171000004
9/18/2026 17:04,527.473999,54.82099915,4.828999996
9/18/2026 17:09,99.73000336,76.35199738,1.271999955
9/18/2026 17:14,471.25,44.44900131,3.497999907
9/18/2026 17:19,171.0939941,76.29000092,2.180000067
9/18/2026 17:24,442.4500122,55.88000107,4.129000187
9/18/2026 17:29,398.5840149,54.60100174,3.634000063
9/18/2026 17:34,373.0390015,53.0909996,3.306999922
9/18/2026 17:39,62.83599854,78.76100159,0.825999975
9/18/2026 17:44,60.12200165,77.64700317,0.779999971
9/18/2026 17:49,59.48899841,78.78199768,0.782999992
9/18/2026 17:54,78.02100372,73.33799744,0.95599997
9/18/2026 17:59,56.40800095,82.57499695,0.777999997
9/18/2026 18:04,48.72000122,78.81400299,0.640999973
9/18/2026 18:09,67.36399841,67.31600189,0.757000029
9/18/2026 18:14,153.322998,32.77899933,0.838999987
9/18/2026 18:19,184.8390045,41.86999893,1.292000055
9/18/2026 18:24,169.326004,40.34400177,1.141000032
9/18/2026 18:30,149.1809998,38.4109993,0.957000017
9/18/2026 18:35,129.0650024,37.69400024,0.811999977
9/18/2026 18:40,113.1210022,36.51599884,0.689999998
9/18/2026 18:45,95.52400208,35.76800156,0.57099998
9/18/2026 18:50,75.98600006,33.25099945,0.421999991
9/18/2026 18:55,27.71100044,74.37799835,0.344000012
9/18/2026 19:00,21.09499931,77.32299805,0.272000015
9/18/2026 19:05,16.61700058,69.47299957,0.193000004
9/18/2026 19:10,12.2510004,0.105999999,0
9/18/2026 19:15,9.111000061,-0.017999999,0
9/18/2026 19:20,7.446000099,-0.094999999,0
9/18/2026 19:25,4.632999897,-0.229000002,0
9/18/2026 19:30,2.381000042,-0.610000014,0
9/18/2026 19:35,0.774999976,-2.145999908,0
9/18/2026 19:45,,,0
9/18/2026 19:55,,,0
9/18/2026 20:05,,,0
9/18/2026 20:15,,,0
9/18/2026 20:25,,,0
9/18/2026 20:35,,,0
9/18/2026 20:45,,,0
9/18/2026 20:56,,,0
9/18/2026 21:01,,,0
9/18/2026 21:06,,,0
9/18/2026 21:11,,,0
9/18/2026 21:16,,,0
9/18/2026 21:21,,,0
9/18/2026 21:26,,,0
9/18/2026 21:31,,,0
9/18/2026 21:36,,,0
9/18/2026 21:41,,,0
9/18/2026 21:46,,,0
9/18/2026 21:51,,,0
9/18/2026 21:56,,,0
9/19/2026 4:05,,,0
9/19/2026 4:15,,,0
9/19/2026 4:25,,,0
9/19/2026 4:35,,,0
9/19/2026 4:45,,,0
9/19/2026 4:55,,,0
9/19/2026 5:05,,,0
9/19/2026 5:15,,,0
9/19/2026 5:25,,,0
9/19/2026 5:35,,,0
9/19/2026 5:41,,,0
9/19/2026 5:46,,,0
9/19/2026 5:51,,,0
9/19/2026 5:56,,,0
9/19/2026 6:01,,,0
9/19/2026 6:06,,,0
9/19/2026 6:11,,,0
9/19/2026 6:16,,,0
9/19/2026 6:21,,,0
9/19/2026 6:26,,,0
9/19/2026 6:31,,,0
9/19/2026 6:36,,,0
9/19/2026 6:41,,,0
9/19/2026 6:46,,,0
9/19/2026 6:51,,,0
9/19/2026 6:56,,,0
9/19/2026 7:01,,,0
9/19/2026 7:06,,,0
9/19/2026 7:11,,,0
9/19/2026 7:16,,,0
9/19/2026 7:21,6.388999939,-0.218999997,0
9/19/2026 7:26,8.248000145,-0.114,0
9/19/2026 7:31,10.45300007,-0.071000002,0
9/19/2026 7:36,14.40799999,0.026000001,0
9/19/2026 7:41,18.27000046,0.027000001,0
9/19/2026 7:46,50.82799911,7.460999966,0.063000001
9/19/2026 7:51,53.26599884,12.2869997,0.108999997
9/19/2026 7:56,100.3199997,13.21500015,0.221000001
9/19/2026 8:02,138.9309998,16.19099998,0.375999987
9/19/2026 8:07,162.9660034,18.69199944,0.509000003
9/19/2026 8:12,177.9149933,21.66300011,0.643999994
9/19/2026 8:17,192.4530029,24.1060009,0.774999976
9/19/2026 8:22,220.151001,27.34000015,1.004999995
9/19/2026 8:27,236.2610016,30.75099945,1.213000059
9/19/2026 8:32,259,32.34400177,1.399000049
9/19/2026 8:37,280.4110107,34.93000031,1.636000037
9/19/2026 8:42,302.0209961,37.33100128,1.883000016
9/19/2026 8:47,321.3739929,39.11299896,2.098999977
9/19/2026 8:52,341.2929993,42.7140007,2.434999943
9/19/2026 8:57,361.0629883,45.19800186,2.724999905
9/19/2026 9:02,382.7789917,47.31200027,3.023999929
9/19/2026 9:07,402.855011,49.1629982,3.308000088
9/19/2026 9:12,424.2390137,51.46699905,3.645999908
9/19/2026 9:17,444.0639954,53.66400146,3.980000019
9/19/2026 9:22,463.3349915,55.56299973,4.298999786
9/19/2026 9:27,484.2449951,57.32500076,4.636000156
9/19/2026 9:32,503.7399902,58.76100159,4.94299984
9/19/2026 9:37,522.3499756,60.43999863,5.271999836
9/19/2026 9:42,542.2930298,62.40399933,5.651000023
9/19/2026 9:47,560.6539917,63.3030014,5.927000046
9/19/2026 9:52,581.7910156,64.83799744,6.300000191
9/19/2026 9:57,600.8239746,66.19599915,6.642000198
9/19/2026 10:02,619.1409912,67.5059967,6.980000019
9/19/2026 10:07,635.526001,68.84200287,7.306000233
9/19/2026 10:12,654.427002,69.77799988,7.625999928
9/19/2026 10:17,672.4569702,70.96700287,7.96999979
9/19/2026 10:22,689.6660156,71.75900269,8.265000343
9/19/2026 10:28,707.2670288,72.78299713,8.597000122
9/19/2026 10:33,724.4639893,73.33499908,8.871999741
9/19/2026 10:38,741.1859741,74.47100067,9.218000412
9/19/2026 10:43,759.1469727,74.78099823,9.480999947
9/19/2026 10:48,776.4829712,75.89700317,9.842000008
9/19/2026 10:53,791.5490112,77.10900116,10.19299984
9/19/2026 10:58,807.5830078,77.96900177,10.51500034
9/19/2026 11:03,820.8950195,78.46099854,10.75599957
9/19/2026 11:08,836.9650269,79.12200165,11.05900002
9/19/2026 11:13,829.815979,82.25499725,11.39900017
9/19/2026 11:18,863.7789917,80.16699982,11.56400013
9/19/2026 11:23,875.34198,80.86499786,11.8210001
9/19/2026 11:28,887.4819946,81.89499664,12.13799953
9/19/2026 11:33,898.3300171,82.58300018,12.38899994
9/19/2026 11:38,908.9959717,83.61599731,12.69299984
9/19/2026 11:43,916.9260254,84.4509964,12.93200016
9/19/2026 11:48,926.8010254,84.87599945,13.13700008
9/19/2026 11:53,935.835022,84.89399719,13.26799965
9/19/2026 11:58,944.3460083,85.69799805,13.51500034
9/19/2026 12:03,951.7260132,85.82800293,13.64099979
9/19/2026 12:08,958.0830078,85.88300323,13.74100018
9/19/2026 12:13,964.7589722,86.40200043,13.92099953
9/19/2026 12:18,969.7670288,86.61499786,14.02700043
9/19/2026 12:23,974.8319702,87.28800201,14.21000004
9/19/2026 12:28,978.4849854,87.0759964,14.22900009
9/19/2026 12:33,979.5219727,87.44100189,14.3039999
9/19/2026 12:38,980.0029907,87.98899841,14.39999962
9/19/2026 12:43,978.8649902,88.29000092,14.43299961
9/19/2026 12:49,979.0739746,88.53399658,14.47599983
9/19/2026 12:54,976.9680176,88.92099762,14.50800037
9/19/2026 12:59,974.0460205,90.02400208,14.64400005
9/19/2026 13:04,974.2020264,90.56300354,14.73400021
9/19/2026 13:09,975.6729736,90.55699921,14.75500011
9/19/2026 13:14,961.5490112,90.88700104,14.59500027
9/19/2026 13:19,971.1069946,90.7440033,14.7159996
9/19/2026 13:43,966.8049927,89.8219986,14.50199986
9/19/2026 13:48,962.1010132,89.43499756,14.36999989
9/19/2026 13:53,958.9970093,88.88999939,14.23600006
9/19/2026 13:58,954.4130249,88.50800323,14.10700035
9/19/2026 14:03,949.4920044,87.80699921,13.92300034
9/19/2026 14:08,944.0670166,87.28600311,13.76099968
9/19/2026 14:13,935.4000244,86.89099884,13.57299995
9/19/2026 14:18,931.0219727,85.92099762,13.35900021
9/19/2026 14:23,923.664978,85.16799927,13.13700008
9/19/2026 14:28,916.9089966,84.42500305,12.92700005
9/19/2026 14:33,908.4500122,83.9260025,12.7329998
9/19/2026 14:38,899.6669922,83.47499847,12.54199982
9/19/2026 14:43,893.7969971,82.36399841,12.29399967
9/19/2026 14:48,885.289978,81.29100037,12.01799965
9/19/2026 14:53,867.2280273,80.40699768,11.64500046
9/19/2026 14:58,868.6450195,80.05699921,11.61299992
9/19/2026 15:03,866.4689941,78.93499756,11.42199993
9/19/2026 15:08,865.0209961,77.93900299,11.25899982
9/19/2026 15:13,775.1170044,77.92500305,10.08699989
9/19/2026 15:18,740.6740112,78.4280014,9.701000214
9/19/2026 15:23,816.1140137,76.51599884,10.42800045
9/19/2026 15:28,796.7219849,76.28900146,10.14999962
9/19/2026 15:33,775.4370117,78.13200378,10.11800003
9/19/2026 15:38,535.0709839,87.00700378,7.775000095
9/19/2026 15:43,733.1389771,75.29799652,9.218999863
9/19/2026 15:48,696.7150269,69.05699921,8.034999847
9/19/2026 15:53,743.4509888,72.83300018,9.043000221
9/19/2026 15:58,691.6829834,72.31099701,8.352999687
9/19/2026 16:03,650.8709717,69.61499786,7.566999912
9/19/2026 16:09,488.2590027,74.03199768,6.037000179
9/19/2026 16:14,336.2919922,71.93499756,4.039999962
9/19/2026 16:19,304.4339905,74.87000275,3.805999994
9/19/2026 16:24,299.7550049,73.36199951,3.671999931
9/19/2026 16:29,222.4049988,73.38700104,2.726000071
9/19/2026 16:34,478.3250122,68.57900238,5.478000164
9/19/2026 16:39,577.9650269,65.91899872,6.361999989
9/19/2026 16:44,583.4539795,65.98100281,6.428999901
9/19/2026 16:49,584.7620239,63.7120018,6.222000122
9/19/2026 16:54,534.4879761,63.04600143,5.626999855
9/19/2026 16:59,478.5140076,63.02500153,5.035999775
9/19/2026 17:04,475.2170105,60.64500046,4.813000202
9/19/2026 17:09,394.3789978,60.58000183,3.99000001
9/19/2026 17:14,267.57901,68.21700287,3.048000097
9/19/2026 17:19,234.503006,61.36199951,2.403000116
9/19/2026 17:24,253.2669983,58.36899948,2.469000101
9/19/2026 17:29,153.1470032,64.59600067,1.65199995
9/19/2026 17:34,128.8580017,65.20500183,1.402999997
9/19/2026 17:39,104.0459976,67.14399719,1.167000055
9/19/2026 17:44,132.8619995,62.47700119,1.386000037
9/19/2026 17:49,129.1329956,63.35200119,1.366000056
9/19/2026 17:54,159.6649933,57.23099899,1.526000023
9/19/2026 17:59,144.8650055,66.62999725,1.611999989
9/19/2026 18:04,105.3649979,68.71099854,1.208999991
9/19/2026 18:09,124.6699982,63.22999954,1.315999985
9/19/2026 18:14,110.8259964,66.2559967,1.225999951
9/19/2026 18:19,106.6220016,61.71699905,1.098999977
9/19/2026 18:24,109.6589966,59.9090004,1.097000003
9/19/2026 18:30,84.61299896,61.76399994,0.873000026
9/19/2026 18:35,65.52300262,67.01599884,0.73299998
9/19/2026 18:40,62.47200012,61.45199966,0.640999973
9/19/2026 18:45,50.37099838,58.01499939,0.488000005
9/19/2026 18:50,60.93199921,41.73199844,0.425000012
9/19/2026 18:55,32.18799973,60.83800125,0.326999992
9/19/2026 19:00,27.99399948,63.32799911,0.296000004
9/19/2026 19:05,23.83300018,63.21300125,0.252000004
9/19/2026 19:10,17.04899979,55.68799973,0.158999994
9/19/2026 19:15,12.93799973,0.039999999,0
9/19/2026 19:20,10.26399994,-0.044,0
9/19/2026 19:25,7.438000202,-0.108000003,0
9/19/2026 19:30,3.555000067,-0.335000008,0
9/19/2026 19:35,2.257999897,-0.783999979,0
9/19/2026 19:40,2.400000095,-0.81099999,0
9/19/2026 19:45,,,0
9/19/2026 19:55,,,0
9/19/2026 20:05,,,0
9/19/2026 20:15,,,0
9/19/2026 20:25,,,0
9/19/2026 20:35,,,0
9/19/2026 20:45,,,0
9/19/2026 20:56,,,0
9/19/2026 21:01,,,0
9/19/2026 21:06,,,0
9/19/2026 21:11,,,0
9/19/2026 21:16,,,0
9/19/2026 21:21,,,0
9/19/2026 21:26,,,0
9/19/2026 21:31,,,0
9/19/2026 21:36,,,0
9/19/2026 21:41,,,0
9/19/2026 21:46,,,0
9/19/2026 21:51,,,0
9/19/2026 21:56,,,0
9/20/2026 4:05,,,0
9/20/2026 4:15,,,0
9/20/2026 4:25,,,0
9/20/2026 4:35,,,0
9/20/2026 4:45,,,0
9/20/2026 4:55,,,0
9/20/2026 5:05,,,0
9/20/2026 5:15,,,0
9/20/2026 5:25,,,0
9/20/2026 5:35,,,0
9/20/2026 5:41,,,0
9/20/2026 5:46,,,0
9/20/2026 5:51,,,0
9/20/2026 5:56,,,0
9/20/2026 6:01,,,0
9/20/2026 6:06,,,0
9/20/2026 6:11,,,0
9/20/2026 6:16,,,0
9/20/2026 6:21,,,0
9/20/2026 6:26,,,0
9/20/2026 6:31,,,0
9/20/2026 6:36,,,0
9/20/2026 6:41,,,0
9/20/2026 6:46,,,0
9/20/2026 6:51,,,0
9/20/2026 6:56,,,0
9/20/2026 7:01,,,0
9/20/2026 7:06,,,0
9/20/2026 7:11,,,0
9/20/2026 7:16,,,0
9/20/2026 7:21,6.873000145,-0.197999999,0
9/20/2026 7:26,10.89400005,-0.086000003,0
9/20/2026 7:31,14.61400032,-0.011,0
9/20/2026 7:36,19.89299965,0.101000004,0
9/20/2026 7:41,46.7859993,10.79699993,0.083999999
9/20/2026 7:46,50.47399902,11.66499996,0.097999997
9/20/2026 7:51,68.59300232,15.12800026,0.172999993
9/20/2026 7:56,124.2060013,17.21299934,0.356999993
9/20/2026 8:02,110.2419968,20.27400017,0.372999996
9/20/2026 8:07,141.5650024,23.14800072,0.546999991
9/20/2026 8:12,188.1410065,25.68400002,0.806999981
9/20/2026 8:17,200.5820007,27.45199966,0.920000017
9/20/2026 8:22,221.7279968,30.07999992,1.113999963
9/20/2026 8:27,214.1190033,32.74300003,1.171000004
9/20/2026 8:32,235.0559998,35.12799835,1.378999949
9/20/2026 8:37,242.8370056,37.97499847,1.539999962
9/20/2026 8:42,287.7349854,39.6269989,1.904000044
9/20/2026 8:47,305.8970032,42.10499954,2.151000023
9/20/2026 8:52,302.9349976,45.39500046,2.296999931
9/20/2026 8:57,365.6109924,47.32400131,2.888999939
9/20/2026 9:02,399.2109985,49.3390007,3.289000034
9/20/2026 9:07,412.1130066,50.58599854,3.480999947
9/20/2026 9:12,423.9930115,52.75400162,3.734999895
9/20/2026 9:17,435.4719849,54.59000015,3.970000029
9/20/2026 9:22,328.2009888,57.23099899,3.137000084
9/20/2026 9:27,488.8150024,57.52399826,4.696000099
9/20/2026 9:32,508.6950073,59.7140007,5.072999954
9/20/2026 9:37,525.7550049,61.54600143,5.403999805
9/20/2026 9:42,537.1610107,63.79199982,5.72300005
9/20/2026 9:47,561.6849976,64.41999817,6.043000221
9/20/2026 9:52,580.0239868,66.36599731,6.427999973
9/20/2026 9:57,597.9110107,67.86199951,6.776000023
9/20/2026 10:02,615.664978,69.05999756,7.099999905
9/20/2026 10:07,632.8590088,70.62200165,7.464000225
9/20/2026 10:12,651.9500122,71.83000183,7.820000172
9/20/2026 10:17,670.0250244,72.98699951,8.166999817
9/20/2026 10:22,689.473999,74.00900269,8.522000313
9/20/2026 10:28,707.0479736,75.28600311,8.890000343
9/20/2026 10:33,726.5390015,75.85099792,9.203000069
9/20/2026 10:38,744.4749756,76.7440033,9.541000366
9/20/2026 10:43,764.3189697,77.63500214,9.909000397
9/20/2026 10:48,787.6820068,78.57299805,10.33600044
9/20/2026 10:53,784.6610107,79.25700378,10.38599968
9/20/2026 10:58,780.2620239,80.23300171,10.45499992
9/20/2026 11:03,777.3460083,78.81900024,10.23200035
9/20/2026 11:08,761.8740234,83.40699768,10.61200047
9/20/2026 11:13,696.5280151,84.25900269,9.800999641
9/20/2026 11:18,771.5579834,84.70300293,10.91399956
9/20/2026 11:23,751.8129883,84.84400177,10.65200043
9/20/2026 11:28,818.6599731,83.83399963,11.46199989
9/20/2026 11:33,762.9630127,84.65100098,10.78600025
9/20/2026 11:38,690.3839722,86.34999847,9.956000328
9/20/2026 11:43,707.9439697,84.5490036,9.99600029
9/20/2026 11:48,795.1900024,87.4940033,11.61900043
9/20/2026 11:53,826.2219849,87.16000366,12.02600002
9/20/2026 11:58,874.565979,86.06300354,12.56999969
9/20/2026 12:03,1004.390015,85.13999939,14.28100014
9/20/2026 12:08,709.5930176,85.32499695,10.11100006
9/20/2026 12:13,844.7750244,88.37599945,12.46800041
9/20/2026 12:18,889.2249756,81.70999908,12.13399982
9/20/2026 12:23,849.78302,92.35399628,13.10599995
9/20/2026 12:28,937.3499756,87.3239975,13.66899967
9/20/2026 12:33,919.2589722,88.1230011,13.52799988
9/20/2026 12:38,951.3250122,87.16200256,13.84799957
9/20/2026 12:43,915.3109741,88.19799805,13.48200035
9/20/2026 12:49,939.223999,89.0510025,13.96800041
9/20/2026 12:54,958.3649902,88.0490036,14.09200001
9/20/2026 12:59,952.0020142,88.8259964,14.12199974
9/20/2026 13:04,952.3930054,89.41999817,14.22200012
9/20/2026 13:09,923.9429932,89.46800232,13.80500031
9/20/2026 13:14,966.8109741,89.45600128,14.44299984
9/20/2026 13:19,938.6489868,89.69999695,14.06099987
9/20/2026 13:42,580.960022,80.03099823,7.764999866
9/20/2026 13:47,752.5750122,90.00700378,11.31200027
9/20/2026 13:52,859.4959717,86.73699951,12.44999981
9/20/2026 13:58,684.3889771,84.64299774,9.673999786
9/20/2026 14:03,743.065979,89.78099823,11.14099979
9/20/2026 14:08,902.8850098,86.17099762,12.99300003
9/20/2026 14:13,786.7360229,83.4980011,10.97000027
9/20/2026 14:18,665.3129883,85.74299622,9.527000427
9/20/2026 14:23,662.1740112,83.23300171,9.204000473
9/20/2026 14:28,395.0050049,87.17500305,5.750999928
9/20/2026 14:33,752.3709717,82.16899872,10.32400036
9/20/2026 14:38,816.3809814,92.82800293,12.65600014
9/20/2026 14:43,489.2369995,136.1849976,11.12699986
9/20/2026 14:48,344.9790039,97.8789978,5.638999939
9/20/2026 14:53,619.3170166,83.30500031,8.616000175
9/20/2026 14:58,565.4180298,104.4459991,9.862000465
9/20/2026 15:03,845.3859863,81.41200256,11.49400043
9/20/2026 15:08,665.40802,77.56099701,8.619000435
9/20/2026 15:13,377.5950012,80.29699707,5.063000202
9/20/2026 15:18,580.8049927,78.12400055,7.578000069
9/20/2026 15:23,255.7100067,82.64099884,3.529000044
9/20/2026 15:28,728.4290161,76.63500214,9.32199955
9/20/2026 15:33,613.9169922,76.97200012,7.890999794
9/20/2026 15:38,325.4580078,81.02100372,4.403999805
9/20/2026 15:43,237.4420013,85.26699829,3.381000042
9/20/2026 15:48,212.352005,86.69999695,3.075000048
9/20/2026 15:53,217.4810028,81.10900116,2.946000099
9/20/2026 15:58,645.8079834,66.39600372,7.160999775
9/20/2026 16:03,395.3420105,83.64199829,5.521999836
9/20/2026 16:08,220.6640015,82.82800293,3.052000046
9/20/2026 16:13,260.5929871,74.23799896,3.230999947
9/20/2026 16:19,204.1430054,85.31700134,2.90899992
9/20/2026 16:24,230.496994,77.78700256,2.993999958
9/20/2026 16:29,420.9710083,78.78600311,5.539000034
9/20/2026 16:34,488.7009888,65.85199738,5.374000072
9/20/2026 16:39,509.1109924,69.5019989,5.90899992
9/20/2026 16:44,349.1350098,65.24199677,3.803999901
9/20/2026 16:49,593.6740112,65.92299652,6.535999775
9/20/2026 16:54,435.427002,57.56999969,4.18599987
9/20/2026 16:59,214.3280029,71.41000366,2.555999994
9/20/2026 17:04,193.1470032,70.71299744,2.280999899
9/20/2026 17:09,229.0700073,65.6230011,2.50999999
9/20/2026 17:14,239.753006,94.6760025,3.790999889
9/20/2026 17:19,228.8209991,58.63299942,2.240999937
9/20/2026 17:24,393.75,56.95800018,3.744999886
9/20/2026 17:29,336.8389893,52.87599945,2.973999977
9/20/2026 17:34,326.1990051,54.15599823,2.950000048
9/20/2026 17:39,285.0409851,53.98899841,2.569999933
9/20/2026 17:44,294.6650085,52.73600006,2.595000029
9/20/2026 17:49,260.0339966,51.76399994,2.247999907
9/20/2026 17:54,275.1130066,48.00999832,2.20600009
9/20/2026 17:59,240.227005,48.79399872,1.957999945
9/20/2026 18:04,208.5220032,47.1629982,1.64199996
9/20/2026 18:09,199.8820038,47.10900116,1.572999954
9/20/2026 18:14,177.1900024,46.22600174,1.368000031
9/20/2026 18:19,160.7680054,44.55799866,1.19599998
9/20/2026 18:24,140.2550049,43.31900024,1.014999986
9/20/2026 18:29,134.5429993,42.78699875,0.961000025
9/20/2026 18:34,126.5940018,42.58599854,0.899999976
9/20/2026 18:39,67.95400238,55.15499878,0.625999987
9/20/2026 18:45,53.22999954,57.74100113,0.513000011
9/20/2026 18:50,44.79800034,56.93199921,0.425999999
9/20/2026 18:55,31.89500046,54.38600159,0.289999992
9/20/2026 19:00,27.4489994,67.43900299,0.308999985
9/20/2026 19:05,22.88999939,54.4620018,0.208000004
9/20/2026 19:10,15.97700024,61.91799927,0.165000007
9/20/2026 19:15,10.18400002,-0.014,0
9/20/2026 19:20,6.487999916,-0.228,0
9/20/2026 19:25,3.546999931,-0.379999995,0
9/20/2026 19:30,0.465999991,-4.173999786,0
9/20/2026 19:45,,,0
9/20/2026 19:55,,,0
9/20/2026 20:05,,,0
9/20/2026 20:15,,,0
9/20/2026 20:25,,,0
9/20/2026 20:35,,,0
9/20/2026 20:45,,,0
9/20/2026 20:55,,,0
9/20/2026 21:06,,,0
9/20/2026 21:11,,,0
9/20/2026 21:16,,,0
9/20/2026 21:21,,,0
9/20/2026 21:26,,,0
9/20/2026 21:31,,,0
9/20/2026 21:36,,,0
9/20/2026 21:41,,,0
9/20/2026 21:46,,,0
9/20/2026 21:51,,,0
9/20/2026 21:56,,,0
9/21/2026 4:05,,,0
9/21/2026 4:15,,,0
9/21/2026 4:25,,,0
9/21/2026 4:35,,,0
9/21/2026 4:45,,,0
9/21/2026 4:55,,,0
9/21/2026 5:05,,,0
9/21/2026 5:15,,,0
9/21/2026 5:25,,,0
9/21/2026 5:35,,,0
9/21/2026 5:41,,,0
9/21/2026 5:46,,,0
9/21/2026 5:51,,,0
9/21/2026 5:56,,,0
9/21/2026 6:01,,,0
9/21/2026 6:06,,,0
9/21/2026 6:11,,,0
9/21/2026 6:16,,,0
9/21/2026 6:21,,,0
9/21/2026 6:26,,,0
9/21/2026 6:31,,,0
9/21/2026 6:36,,,0
9/21/2026 6:41,,,0
9/21/2026 6:46,,,0
9/21/2026 6:51,,,0
9/21/2026 6:56,,,0
9/21/2026 7:01,,,0
9/21/2026 7:06,,,0
9/21/2026 7:11,,,0
9/21/2026 7:16,,,0
9/21/2026 7:21,6.778999805,-0.185000002,0
9/21/2026 7:26,12.38500023,-0.015,0
9/21/2026 7:31,16.47800064,0.017999999,0
9/21/2026 7:36,21.87000084,0.118000001,0
9/21/2026 7:41,28.79700089,10.25199986,0.048999999
9/21/2026 7:46,35.30500031,15.3409996,0.090000004
9/21/2026 7:51,57.5909996,17.3010006,0.165999994
9/21/2026 7:56,98.44799805,18.8390007,0.310000002
9/21/2026 8:02,108.0289993,21.81100082,0.393000007
9/21/2026 8:07,90.52999878,26.15399933,0.395000011
9/21/2026 8:12,168.7429962,25.47599983,0.717999995
9/21/2026 8:17,169.4329987,26.84600067,0.75999999
9/21/2026 8:22,182.9290009,28.27599907,0.864000022
9/21/2026 8:27,196.1759949,31.36199951,1.02699995
9/21/2026 8:32,245.6620026,33.56000137,1.376999974
9/21/2026 8:37,289.8859863,35.53099823,1.720000029
9/21/2026 8:42,247.6139984,38.87799835,1.60800004
9/21/2026 8:47,314.355011,41.05199814,2.154999971
9/21/2026 8:52,254.2310028,41.82300186,1.776000023
9/21/2026 8:57,249.2819977,47.3730011,1.972000003
9/21/2026 9:02,306.4660034,47.63299942,2.437999964
9/21/2026 9:07,270.3580017,49.61600113,2.24000001
9/21/2026 9:12,322,51.54000092,2.772000074
9/21/2026 9:17,351.6579895,50.60300064,2.971999884
9/21/2026 9:22,413.5849915,53.65100098,3.70600009
9/21/2026 9:27,310.8819885,56.14500046,2.914999962
9/21/2026 9:32,418.2479858,57.84700012,4.039999962
9/21/2026 9:37,372.9230042,59.63700104,3.713999987
9/21/2026 9:42,491.5289917,58.61500168,4.81099987
9/21/2026 9:47,400.4570007,61.08000183,4.085000038
9/21/2026 9:52,393.8770142,61.97200012,4.076000214
9/21/2026 9:57,451.1359863,62.08499908,4.677000046
9/21/2026 10:02,436.973999,67.66899872,4.938000202
9/21/2026 10:07,527.84198,65.21099854,5.748000145
9/21/2026 10:12,531.6550293,65.54100037,5.818999767
9/21/2026 10:17,653.3770142,68.52799988,7.477000237
9/21/2026 10:22,548.7369995,69.12200165,6.334000111
9/21/2026 10:28,614.1409912,68.38200378,7.013000011
9/21/2026 10:33,582.9530029,70.79699707,6.892000198
9/21/2026 10:38,637.2310181,71.29000092,7.586999893
9/21/2026 10:43,636.1690063,72.3690033,7.68900013
9/21/2026 10:48,590.8209839,74.42900085,7.343999863
9/21/2026 10:53,603.8720093,74.84799957,7.547999859
9/21/2026 10:58,637.3289795,75.24900055,8.008999825
9/21/2026 11:03,704.2639771,77.79499817,9.149999619
9/21/2026 11:08,730.6859741,77.84799957,9.498999596
9/21/2026 11:13,686.7529907,77.02400208,8.833999634
9/21/2026 11:18,671.8829956,78.75700378,8.836999893
9/21/2026 11:23,720.434021,77.68699646,9.347000122
9/21/2026 11:28,706.5689697,80.27400208,9.472000122
9/21/2026 11:33,837.4329834,80.73000336,11.28999996
9/21/2026 11:38,801.0380249,83.43599701,11.16100025
9/21/2026 11:43,701.1389771,82.52600098,9.663000107
9/21/2026 11:48,796.9760132,79.8030014,10.62100029
9/21/2026 11:53,781.492981,83.30500031,10.87199974
9/21/2026 11:58,854.9299927,84.21900177,12.02400017
9/21/2026 12:03,918.1409912,83.45999908,12.79699993
9/21/2026 12:08,906.8410034,83.80799866,12.69200039
9/21/2026 12:13,865.0460205,82.16999817,11.86999989
9/21/2026 12:18,839.3460083,87.43000031,12.25500011
9/21/2026 12:23,935.6329956,82.23999786,12.85000038
9/21/2026 12:28,891.1489868,84.87999725,12.63199997
9/21/2026 12:33,920.8140259,86.39299774,13.28499985
9/21/2026 12:38,930.7680054,86.72899628,13.48099995
9/21/2026 12:43,755.0460205,86.35800171,10.88899994
9/21/2026 12:49,970.1329956,85.55599976,13.86100006
9/21/2026 12:54,951.1129761,86.85800171,13.79599953
9/21/2026 12:59,978.9869995,86.11799622,14.07999992
9/21/2026 13:04,928.7730103,87.02899933,13.4989996
9/21/2026 13:09,964.1270142,87.9260025,14.15699959
9/21/2026 13:14,906.901001,88.16100311,13.35200024
9/21/2026 13:19,930.072998,89.8809967,13.96100044
9/21/2026 13:42,893.7919922,89.91899872,13.42199993
9/21/2026 13:47,871.257019,88.47000122,12.87199974
9/21/2026 13:52,924.1669922,86.45400238,13.34300041
9/21/2026 13:57,864.0369873,86.41699982,12.46899986
9/21/2026 14:02,853.1859741,87.83899689,12.51500034
9/21/2026 14:07,811.0880127,88.30699921,11.96100044
9/21/2026 14:12,795.085022,91.19400024,12.10900021
9/21/2026 14:17,856.0219727,86.21199799,12.32499981
9/21/2026 14:22,844.7659912,84.16999817,11.8739996
9/21/2026 14:27,894.6409912,82.14600372,12.27299976
9/21/2026 14:32,877.3099976,82.70300293,12.11699963
9/21/2026 14:37,847.0449829,82.41300201,11.65799999
9/21/2026 14:42,865.1409912,80.69200134,11.65799999
9/21/2026 14:47,864.6420288,80.89900208,11.68099976
9/21/2026 14:52,855.3070068,78.84200287,11.26099968
9/21/2026 14:57,840.401001,78.63999939,11.0369997
9/21/2026 15:02,797.3629761,78.89399719,10.50500011
9/21/2026 15:07,790.8499756,77.73500061,10.2670002
9/21/2026 15:12,784.2089844,75.89399719,9.93900013
9/21/2026 15:17,752.9719849,76.08699799,9.56799984
9/21/2026 15:22,674.8889771,82.40599823,9.288000107
9/21/2026 15:27,754.2540283,74.22100067,9.348999977
9/21/2026 15:32,771.4450073,74.20300293,9.56000042
9/21/2026 15:37,742.1459961,73.02200317,9.050000191
9/21/2026 15:42,692.1209717,73.45500183,8.489999771
9/21/2026 15:47,678.7930298,71.0530014,8.053999901
9/21/2026 15:53,600.1459961,73.81900024,7.397999763
9/21/2026 15:58,541.7670288,70.1289978,6.34499979
9/21/2026 16:03,642.1030273,70.58799744,7.568999767
9/21/2026 16:08,605.0540161,69.40299988,7.013000011
9/21/2026 16:13,496.4309998,71.57800293,5.934000015
9/21/2026 16:18,487.6849976,68.73300171,5.59800005
9/21/2026 16:23,462.5899963,67.6210022,5.223999977
9/21/2026 16:28,462.3930054,67.08000183,5.179999828
9/21/2026 16:33,454.375,65.13600159,4.94299984
9/21/2026 16:38,429.7510071,64.13200378,4.603000164
9/21/2026 16:43,341.8609924,69.88400269,3.99000001
9/21/2026 16:48,397.3370056,65.43599701,4.342000008
9/21/2026 16:53,340.4590149,61.08100128,3.47300005
9/21/2026 16:58,238.4629974,70.26799774,2.798000097
9/21/2026 17:03,228.9680023,70.43599701,2.693000078
9/21/2026 17:08,201.2059937,69.97499847,2.351000071
9/21/2026 17:13,195.4019928,69.70800018,2.275000095
9/21/2026 17:18,185.6629944,71.77100372,2.224999905
9/21/2026 17:23,201.026001,72.10900116,2.421000004
9/21/2026 17:28,175.477005,71.99700165,2.109999895
9/21/2026 17:33,171.5829926,70.93499756,2.032999992
9/21/2026 17:38,147.4730072,77.25900269,1.902999997
9/21/2026 17:43,160.6629944,71.2559967,1.911999941
9/21/2026 17:48,132.4230042,75.83000183,1.677000046
9/21/2026 17:53,120.8769989,75.05899811,1.514999986
9/21/2026 17:58,108.6620026,75.83699799,1.376000047
9/21/2026 18:03,96.98699951,74.85199738,1.212000012
9/21/2026 18:08,89.14499664,73.54100037,1.095000029
9/21/2026 18:14,87.79699707,68.74500275,1.008000016
9/21/2026 18:19,77.82900238,67.5739975,0.878000021
9/21/2026 18:24,73.66400146,63.99200058,0.787
9/21/2026 18:29,65.52200317,66.29100037,0.725000024
9/21/2026 18:34,59.8030014,68.34400177,0.683000028
9/21/2026 18:39,61.64599991,60.45100021,0.621999979
9/21/2026 18:44,55.6269989,58.49399948,0.542999983
9/21/2026 18:49,45.86899948,56.3429985,0.432000011
9/21/2026 18:54,33.47000122,57.74700165,0.323000014
9/21/2026 18:59,29.79899979,54.57400131,0.272000015
9/21/2026 19:04,23.74500084,64.30799866,0.254999995
9/21/2026 19:09,18.12100029,55.57899857,0.167999998
9/21/2026 19:14,13.68299961,0.008,0
9/21/2026 19:19,9.069999695,-0.083999999,0
9/21/2026 19:24,5.18599987,-0.264999986,0
9/21/2026 19:29,2.36500001,-0.782000005,0
9/21/2026 19:34,1.541000009,-0.920000017,0
9/21/2026 19:39,2.322000027,-0.635999978,0
9/21/2026 19:44,,,0
9/21/2026 19:54,,,0
9/21/2026 20:04,,,0
9/21/2026 20:14,,,0
9/21/2026 20:24,,,0
9/21/2026 20:34,,,0
9/21/2026 20:45,,,0
9/21/2026 20:55,,,0
9/21/2026 21:05,,,0
9/21/2026 21:15,,,0
9/21/2026 21:25,,,0
9/21/2026 21:35,,,0
9/21/2026 21:45,,,0
9/21/2026 21:55,,,0
9/22/2026 4:05,,,0
9/22/2026 4:15,,,0
9/22/2026 4:25,,,0
9/22/2026 4:35,,,0
9/22/2026 4:45,,,0
9/22/2026 4:55,,,0
9/22/2026 5:05,,,0
9/22/2026 5:15,,,0
9/22/2026 5:25,,,0
9/22/2026 5:36,,,0
9/22/2026 5:41,,,0
9/22/2026 5:46,,,0
9/22/2026 5:51,,,0
9/22/2026 5:56,,,0
9/22/2026 6:01,,,0
9/22/2026 6:06,,,0
9/22/2026 6:11,,,0
9/22/2026 6:16,,,0
9/22/2026 6:21,,,0
9/22/2026 6:26,,,0
9/22/2026 6:31,,,0
9/22/2026 6:36,,,0
9/22/2026 6:41,,,0
9/22/2026 6:46,,,0
9/22/2026 6:51,,,0
9/22/2026 6:56,,,0
9/22/2026 7:01,,,0
9/22/2026 7:06,,,0
9/22/2026 7:11,,,0
9/22/2026 7:16,,,0
9/22/2026 7:21,4.824999809,-0.272000015,0
9/22/2026 7:26,8.295999527,-0.116999999,0
9/22/2026 7:31,11.11100006,-0.035,0
9/22/2026 7:36,15.06299973,0.012,0
9/22/2026 7:41,50.80899811,7.843999863,0.067000002
9/22/2026 7:46,75.61699677,10.68200016,0.135000005
9/22/2026 7:51,92.82499695,14.05000019,0.217999995
9/22/2026 7:56,112.5699997,15.81900024,0.296999991
9/22/2026 8:02,132.5359955,19.22599983,0.425999999
9/22/2026 8:07,153.1190033,21.87199974,0.559000015
9/22/2026 8:12,174.7050018,23.71299934,0.691999972
9/22/2026 8:17,196.2480011,26.43899918,0.865999997
9/22/2026 8:22,216.8899994,28.77700043,1.042000055
9/22/2026 8:27,238.1040039,31.21199989,1.241000056
9/22/2026 8:32,259.9140015,33.16500092,1.440000057
9/22/2026 8:37,283.3970032,34.95000076,1.654000044
9/22/2026 8:42,304.4809875,37.09500122,1.886000037
9/22/2026 8:47,326.0440063,38.95899963,2.121000051
9/22/2026 8:52,347.1210022,41.04600143,2.378999949
9/22/2026 8:57,368.6029968,43.54499817,2.680999994
9/22/2026 9:02,389.3569946,45.53099823,2.960999966
9/22/2026 9:07,410.1210022,47.38399887,3.244999886
9/22/2026 9:12,431.8640137,49.52199936,3.572000027
9/22/2026 9:17,451.8959961,51.01800156,3.849999905
9/22/2026 9:22,472.7730103,53.08300018,4.190999985
9/22/2026 9:27,493.5029907,54.54199982,4.494999886
9/22/2026 9:32,514.1519775,56.01399994,4.809999943
9/22/2026 9:37,535.03302,57.7859993,5.163000107
9/22/2026 9:42,554.5620117,59.79600143,5.538000107
9/22/2026 9:47,574.5050049,61.04800034,5.856999874
9/22/2026 9:52,596.8590088,62.50699997,6.230000019
9/22/2026 9:57,615.6380005,64.14299774,6.59499979
9/22/2026 10:02,634.8590088,65.16999817,6.90899992
9/22/2026 10:07,653.7869873,67.13999939,7.330999851
9/22/2026 10:12,671.0620117,68.16600037,7.638999939
9/22/2026 10:17,690.3549805,69.18299866,7.975999832
9/22/2026 10:23,708.1140137,70.39299774,8.324000359
9/22/2026 10:28,727.552002,71.1230011,8.642000198
9/22/2026 10:33,745.8629761,72.1780014,8.989999771
9/22/2026 10:38,762.0960083,72.94200134,9.282999992
9/22/2026 10:43,779.8049927,73.6210022,9.586999893
9/22/2026 10:48,796.2260132,74.34799957,9.88599968
9/22/2026 10:53,810.3380127,75.26300049,10.18500042
9/22/2026 10:58,827.2620239,76.17199707,10.52299976
9/22/2026 11:03,842.6610107,77.04599762,10.84200001
9/22/2026 11:08,855.5059814,77.24199677,11.03600025
9/22/2026 11:13,868.5009766,77.90899658,11.30000019
9/22/2026 11:18,877.7789917,78.72000122,11.53899956
9/22/2026 11:23,893.84198,79.38300323,11.85000038
9/22/2026 11:28,903.8880005,80.35299683,12.12899971
9/22/2026 11:33,916.5419922,81.44400024,12.4659996
9/22/2026 11:38,930.3989868,81.86100006,12.71899986
9/22/2026 11:43,939.5629883,82.30200195,12.91399956
9/22/2026 11:48,949.8569946,82.93900299,13.15600014
9/22/2026 11:53,959.0089722,83.32099915,13.34399986
9/22/2026 11:58,967.1790161,83.74700165,13.52700043
9/22/2026 12:03,975.4000244,83.19400024,13.55200005
9/22/2026 12:08,981.617981,83.87200165,13.7489996
9/22/2026 12:13,989.4550171,83.89800262,13.86299992
9/22/2026 12:18,994.585022,83.90599823,13.93599987
9/22/2026 12:23,998.0319824,84.64900208,14.10900021
9/22/2026 12:28,1001.721985,84.85099792,14.19400024
9/22/2026 12:33,1003.143005,84.9260025,14.22700024
9/22/2026 12:38,1004.797974,85.41899872,14.33300018
9/22/2026 12:43,1005.426025,85.55599976,14.36499977
9/22/2026 12:49,1008.280029,86.09999847,14.49800014
9/22/2026 12:54,1005.383972,86.32900238,14.49499989
9/22/2026 12:59,1003.174988,86.80999756,14.54300022
9/22/2026 13:04,1005.565979,86.71099854,14.56099987
9/22/2026 13:09,1003.937012,87.05500031,14.59599972
9/22/2026 13:14,1000.234009,87.22699738,14.56999969
9/22/2026 13:19,1002.039001,87.35099792,14.61699963
9/22/2026 13:41,983.3989868,15.54399967,2.552999973
9/22/2026 13:46,979.0949707,15.57199955,2.546000004
9/22/2026 13:51,974.7069702,82.04199982,13.35499954
9/22/2026 13:57,969.0469971,82.26999664,13.31400013
9/22/2026 14:02,963.1259766,82.35199738,13.24600029
9/22/2026 14:07,959.875,82.29699707,13.19200039
9/22/2026 14:12,950.7299805,81.80400085,12.98799992
9/22/2026 14:17,945.9860229,81.79699707,12.92199993
9/22/2026 14:22,936.8460083,81.53500366,12.75599957
9/22/2026 14:27,927.5319824,80.81600189,12.51799965
9/22/2026 14:32,918.6110229,80.81500244,12.39799976
9/22/2026 14:37,910.2800293,79.67900085,12.11200047
9/22/2026 14:42,911.2819824,78.78099823,11.98900032
9/22/2026 14:47,900.0900269,78.55699921,11.80799961
9/22/2026 14:52,884.6710205,77.80500031,11.49499989
9/22/2026 14:57,873.8079834,77.09300232,11.25
9/22/2026 15:02,863.4689941,76.6989975,11.06000042
9/22/2026 15:07,851.7630005,75.51399994,10.74100018
9/22/2026 15:12,839.315979,74.89900208,10.49800014
9/22/2026 15:17,826.6530151,74.31199646,10.25899982
9/22/2026 15:22,815.2780151,73.60399628,10.02099991
9/22/2026 15:27,798.5250244,72.95500183,9.729000092
9/22/2026 15:32,787.2709961,72.44400024,9.524999619
9/22/2026 15:37,775.5020142,71.40599823,9.248000145
9/22/2026 15:42,761.2459717,70.71700287,8.989999771
9/22/2026 15:47,743.9229736,70.27500153,8.730999947
9/22/2026 15:52,727.8250122,69.90499878,8.496999741
9/22/2026 15:57,712.1229858,69.09300232,8.217000008
9/22/2026 16:02,696.40802,68.28600311,7.941999912
9/22/2026 16:07,682.2940063,67.39900208,7.679999828
9/22/2026 16:12,666.2860107,66.72000122,7.423999786
9/22/2026 16:17,651.1929932,65.66699982,7.140999794
9/22/2026 16:23,635.6149902,64.53199768,6.849999905
9/22/2026 16:28,617.4219971,63.54100037,6.552000046
9/22/2026 16:33,598.710022,62.71500015,6.270999908
9/22/2026 16:38,581.4829712,61.95299911,6.015999794
9/22/2026 16:43,564.059021,60.70500183,5.717999935
9/22/2026 16:48,544.9060059,59.5719986,5.421000004
9/22/2026 16:53,525.2020264,58.81200027,5.157999992
9/22/2026 16:58,501.5650024,57.5870018,4.823999882
9/22/2026 17:03,481.9100037,57.21900177,4.605000019
9/22/2026 17:08,459.9660034,56.21699905,4.31799984
9/22/2026 17:13,439.8410034,55.18600082,4.053999901
9/22/2026 17:18,417.9859924,54.47000122,3.802000046
9/22/2026 17:23,400.0090027,52.4090004,3.500999928
9/22/2026 17:28,377.5509949,52.03499985,3.280999899
9/22/2026 17:33,357.1380005,51.02399826,3.042999983
9/22/2026 17:38,335.7399902,49.72700119,2.788000107
9/22/2026 17:43,315.8900146,49.33100128,2.601999998
9/22/2026 17:48,295.2059937,47.13800049,2.323999882
9/22/2026 17:53,274.3200073,46.44499969,2.128000021
9/22/2026 17:58,253.1139984,45.29800034,1.914999962
9/22/2026 18:03,231.8059998,43.43600082,1.680999994
9/22/2026 18:08,211.5200043,42.94100189,1.51699996
9/22/2026 18:13,190.496994,40.96500015,1.302999973
9/22/2026 18:18,169.3970032,40.34799957,1.141000032
9/22/2026 18:23,150.9049988,35.61100006,0.897000015
9/22/2026 18:28,130.8370056,35.8429985,0.782999992
9/22/2026 18:33,113.6240005,34.16899872,0.648000002
9/22/2026 18:38,95.89800262,30.75600052,0.493000001
9/22/2026 18:44,78.72100067,29.87400055,0.393000007
9/22/2026 18:49,43.85800171,38.89699936,0.284999996
9/22/2026 18:54,17.56100082,79.72000122,0.233999997
9/22/2026 18:59,15.11699963,89.00900269,0.224999994
9/22/2026 19:04,12.63199997,64.9469986,0.136999995
9/22/2026 19:09,10.04599953,0.056000002,0
9/22/2026 19:14,7.592999935,-0.119000003,0
9/22/2026 19:19,5.382999897,-0.158999994,0
9/22/2026 19:24,3.201999903,-0.453000009,0
9/22/2026 19:29,1.266000032,-1.164000034,0
9/22/2026 19:34,,,0
9/22/2026 19:44,,,0
9/22/2026 19:54,,,0
9/22/2026 20:04,,,0
9/22/2026 20:14,,,0
9/22/2026 20:24,,,0
9/22/2026 20:34,,,0
9/22/2026 20:44,,,0
9/22/2026 20:54,,,0
9/22/2026 21:04,,,0
9/22/2026 21:15,,,0
9/22/2026 21:25,,,0
9/22/2026 21:35,,,0
9/22/2026 21:45,,,0
9/22/2026 21:55,,,0
9/23/2026 4:05,,,0
9/23/2026 4:15,,,0
9/23/2026 4:25,,,0
9/23/2026 4:35,,,0
9/23/2026 4:45,,,0
9/23/2026 4:55,,,0
9/23/2026 5:05,,,0
9/23/2026 5:15,,,0
9/23/2026 5:25,,,0
9/23/2026 5:36,,,0
9/23/2026 5:41,,,0
9/23/2026 5:46,,,0
9/23/2026 5:51,,,0
9/23/2026 5:56,,,0
9/23/2026 6:01,,,0
9/23/2026 6:06,,,0
9/23/2026 6:11,,,0
9/23/2026 6:16,,,0
9/23/2026 6:21,,,0
9/23/2026 6:26,,,0
9/23/2026 6:31,,,0
9/23/2026 6:36,,,0
9/23/2026 6:41,,,0
9/23/2026 6:46,,,0
9/23/2026 6:51,,,0
9/23/2026 6:56,,,0
9/23/2026 7:01,,,0
9/23/2026 7:06,,,0
9/23/2026 7:11,,,0
9/23/2026 7:16,,,0
9/23/2026 7:21,4.309000015,-0.411000013,0
9/23/2026 7:26,7.772999763,-0.163000003,0
9/23/2026 7:31,10.98700047,-0.017999999,0
9/23/2026 7:36,15.11999989,0.045000002,0
9/23/2026 7:41,48.56800079,8.671999931,0.07
9/23/2026 7:46,72.79299927,10.88000011,0.131999999
9/23/2026 7:51,91.15399933,13.62800026,0.207000002
9/23/2026 7:56,110.1070023,15.51399994,0.284999996
9/23/2026 8:02,128.7669983,18.59399986,0.400000006
9/23/2026 8:07,149.5410004,20.89100075,0.522000015
9/23/2026 8:12,170.5039978,22.99300003,0.654999971
9/23/2026 8:17,191.7649994,25.10899925,0.80400002
9/23/2026 8:22,214.2539978,27.82999992,0.995999992
9/23/2026 8:27,237.3500061,29.61000061,1.174000025
9/23/2026 8:32,258.3110046,32.22100067,1.389999986
9/23/2026 8:37,279.7829895,34.33800125,1.603999972
9/23/2026 8:42,302.571991,35.87900162,1.812999964
9/23/2026 8:47,321.9729919,38.40499878,2.065000057
9/23/2026 8:52,343.6059875,39.68799973,2.27699995
9/23/2026 8:57,363.572998,41.57500076,2.523999929
9/23/2026 9:02,384.9979858,43.65999985,2.806999922
9/23/2026 9:07,405.5360107,45.50400162,3.082000017
9/23/2026 9:12,426.644989,47.09999847,3.355999947
9/23/2026 9:17,449.6539917,48.59199905,3.648999929
9/23/2026 9:22,469.2009888,50.52500153,3.959000111
9/23/2026 9:27,490.6610107,52.2859993,4.28399992
9/23/2026 9:32,509.6749878,53.65200043,4.566999912
9/23/2026 9:37,528.3120117,54.99000168,4.852000237
9/23/2026 9:42,547.0239868,57.08200073,5.215000153
9/23/2026 9:47,565.1380005,58.49200058,5.519999981
9/23/2026 9:52,586.4639893,59.70000076,5.847000122
9/23/2026 9:57,605.8460083,61.26499939,6.198999882
9/23/2026 10:02,624.1829834,62.43299866,6.507999897
9/23/2026 10:07,641.9400024,64.28600311,6.892000198
9/23/2026 10:12,660.6740112,65.0759964,7.179999828
9/23/2026 10:17,678.8170166,66.85299683,7.578999996
9/23/2026 10:22,697.7880249,67.73300171,7.893000126
9/23/2026 10:28,713.4580078,68.78299713,8.194999695
9/23/2026 10:33,731.875,70.23200226,8.583999634
9/23/2026 10:38,748.6420288,71.45300293,8.932999611
9/23/2026 10:43,764.9050293,72.0039978,9.197999954
9/23/2026 10:48,781.0059814,73.07700348,9.531000137
9/23/2026 10:53,796.322998,73.94200134,9.833000183
9/23/2026 10:58,811.5280151,75.01799774,10.16699982
9/23/2026 11:03,827.914978,75.56800079,10.44799995
9/23/2026 11:08,841.9089966,76.2539978,10.72099972
9/23/2026 11:13,855.6389771,77.54499817,11.08100033
9/23/2026 11:18,870.2509766,78.16600037,11.35999966
9/23/2026 11:23,883.1290283,79.06700134,11.66100025
9/23/2026 11:28,894.7730103,79.26999664,11.84500027
9/23/2026 11:33,906.0770264,80.27500153,12.14700031
9/23/2026 11:38,914.5759888,81.29299927,12.41600037
9/23/2026 11:43,927.5949707,81.72200012,12.6590004
9/23/2026 11:48,936.0869751,82.40699768,12.88199997
9/23/2026 11:53,945.6569824,82.45899963,13.02200031
9/23/2026 11:58,954.6859741,82.90000153,13.21700001
9/23/2026 12:03,963.2860107,83.22399902,13.38799953
9/23/2026 12:08,971.5789795,83.04499817,13.47399998
9/23/2026 12:13,979.1599731,83.33499908,13.62699986
9/23/2026 12:18,983.6240234,83.46199799,13.71000004
9/23/2026 12:23,987.914978,83.83000183,13.83100033
9/23/2026 12:28,990.9630127,83.77799988,13.86400032
9/23/2026 12:33,992.4110107,84.10700226,13.93900013
9/23/2026 12:38,992.0250244,85.25800323,14.125
9/23/2026 12:43,993.9019775,85.51799774,14.19400024
9/23/2026 12:49,991.8829956,85.83599854,14.21800041
9/23/2026 12:54,989.9539795,86.22899628,14.25599957
9/23/2026 12:59,988.2479858,86.7539978,14.31799984
9/23/2026 13:04,989.0900269,86.53600311,14.29399967
9/23/2026 13:09,987.8289795,86.70600128,14.3039999
9/23/2026 13:14,987.822998,86.78500366,14.31700039
9/23/2026 13:19,985.7459717,87.31400299,14.3739996
9/23/2026 13:41,975.7650146,15.25800037,2.486000061
9/23/2026 13:46,970.7999878,15.18900013,2.461999893
9/23/2026 13:51,965.59198,16.49099922,2.65899992
9/23/2026 13:56,959.5969849,81.10099792,12.99699974
9/23/2026 14:02,951.0910034,81.44400024,12.93599987
9/23/2026 14:07,947,81.20999908,12.84300041
9/23/2026 14:12,942.1019897,81.15200043,12.76799965
9/23/2026 14:17,934.5670166,81.38800049,12.70199966
9/23/2026 14:22,926.4650269,80.76799774,12.49600029
9/23/2026 14:27,919.6900024,80.52100372,12.36699963
9/23/2026 14:32,912.2579956,79.65899658,12.13599968
9/23/2026 14:37,902.8259888,79.0039978,11.9119997
9/23/2026 14:42,893.5700073,78.31800079,11.68700027
9/23/2026 14:47,884.3179932,77.65299988,11.46800041
9/23/2026 14:52,874.5599976,77.01899719,11.2489996
9/23/2026 14:57,862.5369873,76.78199768,11.06000042
9/23/2026 15:02,852.5780029,75.9240036,10.81000042
9/23/2026 15:07,841.3870239,74.89099884,10.52299976
9/23/2026 15:12,827.5300293,74.27300262,10.26399994
9/23/2026 15:17,813.9520264,73.84799957,10.03800011
9/23/2026 15:22,799.723999,73.40799713,9.803999901
9/23/2026 15:27,786.7440186,72.6969986,9.550999641
9/23/2026 15:32,774.2189941,72.13700104,9.326999664
9/23/2026 15:37,761.2080078,70.87000275,9.008999825
9/23/2026 15:42,728.4050293,71,8.637000084
9/23/2026 15:47,735.4589844,69.3809967,8.520999908
9/23/2026 15:52,690.8270264,69.84100342,8.05700016
9/23/2026 15:57,669.348999,70.32900238,7.861000061
9/23/2026 16:02,699.8809814,68.44200134,7.999000072
9/23/2026 16:07,667.9680176,67.86499786,7.570000172
9/23/2026 16:12,669.2069702,64.6230011,7.222000122
9/23/2026 16:17,633.3670044,66.90200043,7.076000214
9/23/2026 16:23,614.7979736,64.46600342,6.618999958
9/23/2026 16:28,571.2990112,65.73699951,6.271999836
9/23/2026 16:33,571.4500122,61.32600021,5.853000164
9/23/2026 16:38,568.9069824,61.98099899,5.888999939
9/23/2026 16:43,550.3850098,60.5719986,5.566999912
9/23/2026 16:48,528.6300049,60.24900055,5.318999767
9/23/2026 16:53,509.9089966,58.97399902,5.021999836
9/23/2026 16:58,490.0599976,57.79999924,4.730000019
9/23/2026 17:03,467.5230103,57.64799881,4.500999928
9/23/2026 17:08,447.3389893,56.41699982,4.215000153
9/23/2026 17:13,424.9259949,55.44599915,3.934999943
9/23/2026 17:18,403.9609985,53.45700073,3.605999947
9/23/2026 17:23,390.6470032,52.73799896,3.440999985
9/23/2026 17:28,362.5020142,52.77700043,3.194999933
9/23/2026 17:33,341.1340027,51.75799942,2.948999882
9/23/2026 17:38,319.8370056,50.64099884,2.704999924
9/23/2026 17:43,300.8640137,49.13700104,2.469000101
9/23/2026 17:48,280.7330017,48.70800018,2.28399992
9/23/2026 17:53,260.6010132,47.06800079,2.048000097
9/23/2026 17:58,238.9369965,45.70100021,1.824000001
9/23/2026 18:03,217.8419952,44.64400101,1.623999953
9/23/2026 18:08,199.3809967,43.3030014,1.442000031
9/23/2026 18:13,175.8619995,40.69599915,1.195000052
9/23/2026 18:18,122.6910019,44.19300079,0.904999971
9/23/2026 18:23,54.18999863,67.65799713,0.611999989
9/23/2026 18:28,28.65399933,66.07700348,0.316000015
9/23/2026 18:33,106.3219986,31.22200012,0.55400002
9/23/2026 18:38,96.06700134,35.35800171,0.566999972
9/23/2026 18:43,88.78399658,37.01399994,0.549000025
9/23/2026 18:49,40.55500031,69.57099915,0.470999986
9/23/2026 18:54,38.92100143,69.68299866,0.453000009
9/23/2026 18:59,35.79899979,65.80899811,0.393000007
9/23/2026 19:04,26.97400093,68.91600037,0.310000002
9/23/2026 19:09,17.20499992,58.10599899,0.166999996
9/23/2026 19:14,10.63399982,-0.026000001,0
9/23/2026 19:19,6.660999775,-0.145999998,0
9/23/2026 19:24,3.798000097,-0.405999988,0
9/23/2026 19:29,1.511000037,-0.746999979,0
9/23/2026 19:34,,,0
9/23/2026 19:44,,,0
9/23/2026 19:54,,,0
9/23/2026 20:04,,,0
9/23/2026 20:14,,,0
9/23/2026 20:24,,,0
9/23/2026 20:34,,,0
9/23/2026 20:44,,,0
9/23/2026 20:54,,,0
9/23/2026 21:04,,,0
9/23/2026 21:15,,,0
9/23/2026 21:25,,,0
9/23/2026 21:35,,,0
9/23/2026 21:45,,,0
9/23/2026 21:55,,,0
9/24/2026 4:05,,,0
9/24/2026 4:15,,,0
9/24/2026 4:25,,,0
9/24/2026 4:35,,,0
9/24/2026 4:45,,,0
9/24/2026 4:55,,,0
9/24/2026 5:05,,,0
9/24/2026 5:15,,,0
9/24/2026 5:25,,,0
9/24/2026 5:36,,,0
9/24/2026 5:41,,,0
9/24/2026 5:46,,,0
9/24/2026 5:51,,,0
9/24/2026 5:56,,,0
9/24/2026 6:01,,,0
9/24/2026 6:06,,,0
9/24/2026 6:11,,,0
9/24/2026 6:16,,,0
9/24/2026 6:21,,,0
9/24/2026 6:26,,,0
9/24/2026 6:31,,,0
9/24/2026 6:36,,,0
9/24/2026 6:41,,,0
9/24/2026 6:46,,,0
9/24/2026 6:51,,,0
9/24/2026 6:56,,,0
9/24/2026 7:01,,,0
9/24/2026 7:06,,,0
9/24/2026 7:11,,,0
9/24/2026 7:16,,,0
9/24/2026 7:21,3.446000099,-0.342000008,0
9/24/2026 7:26,7.073999882,-0.238999993,0
9/24/2026 7:31,12.33399963,-0.050000001,0
9/24/2026 7:36,18.875,0.041000001,0
9/24/2026 7:41,26.02799988,0.116999999,0.001
9/24/2026 7:46,46.91400146,11.89400005,0.093000002
9/24/2026 7:51,53.75799942,15.44799995,0.138999999
9/24/2026 7:56,52.74700165,19.14100075,0.169
9/24/2026 8:02,101.4580002,19.59199905,0.331999987
9/24/2026 8:07,122.3649979,21.59700012,0.441000015
9/24/2026 8:12,152.177002,24.43300056,0.620999992
9/24/2026 8:17,166.2389984,28.12400055,0.781000018
9/24/2026 8:22,189.6959991,30.81500053,0.976000011
9/24/2026 8:27,151.8249969,33.63899994,0.852999985
9/24/2026 8:32,203.8329926,35.64500046,1.213000059
9/24/2026 8:37,252.5910034,37.9129982,1.598999977
9/24/2026 8:42,214.7089996,39.91999817,1.430999994
9/24/2026 8:47,161.5339966,47.81800079,1.289999962
9/24/2026 8:52,127.9120026,44.51499939,0.950999975
9/24/2026 8:57,170.1690063,46.34500122,1.317000031
9/24/2026 9:02,210.3950043,48.77099991,1.713999987
9/24/2026 9:07,229.5099945,51.56700134,1.975999951
9/24/2026 9:12,180.6329956,53.57400131,1.616000056
9/24/2026 9:17,197.5820007,54.39300156,1.794999957
9/24/2026 9:22,191.9700012,55.67399979,1.784999967
9/24/2026 9:27,170.1320038,57.46900177,1.633000016
9/24/2026 9:32,159.1750031,58.97100067,1.567999959
9/24/2026 9:37,160.2590027,59.79499817,1.600000024
9/24/2026 9:42,168.3820038,59.41199875,1.671000004
9/24/2026 9:47,188.7740021,61.13100052,1.927000046
9/24/2026 9:52,203.048996,60.6609993,2.056999922
9/24/2026 9:57,242.8619995,60.49100113,2.453000069
9/24/2026 10:02,225.5099945,62.93199921,2.369999886
9/24/2026 10:07,270.5159912,61.8429985,2.79399991
9/24/2026 10:12,267.9909973,64.82099915,2.901000023
9/24/2026 10:17,370.3869934,68.77500153,4.254000187
9/24/2026 10:23,415.9500122,65.18199921,4.527999878
9/24/2026 10:28,440.3529968,68.5490036,5.040999889
9/24/2026 10:33,494.6700134,66.48100281,5.492000103
9/24/2026 10:38,495.7330017,68.47299957,5.669000149
9/24/2026 10:43,513.2540283,71.50700378,6.129000187
9/24/2026 10:48,513.6170044,71.59999847,6.140999794
9/24/2026 10:53,507.5820007,71.46800232,6.058000088
9/24/2026 10:58,543.6879883,72.65899658,6.597000122
9/24/2026 11:03,401.0799866,74.40399933,4.984000206
9/24/2026 11:08,425.7770081,69.1210022,4.914999962
9/24/2026 11:13,338.4779968,73.26999664,4.142000198
9/24/2026 11:18,403.5610046,76.81300354,5.177000046
9/24/2026 11:23,366.2890015,76.51599884,4.681000233
9/24/2026 11:28,403.618988,79.20500183,5.339000225
9/24/2026 11:33,379.9389954,77.66000366,4.927999973
9/24/2026 11:38,410.4179993,79.77300262,5.467999935
9/24/2026 11:43,464.1109924,68.41100311,5.302000046
9/24/2026 11:48,537.9869995,78.47200012,7.050000191
9/24/2026 11:53,468.4219971,79.63700104,6.230000019
9/24/2026 11:58,557.632019,80.55200195,7.500999928
9/24/2026 12:03,476.3200073,82.25499725,6.543000221
9/24/2026 12:08,343.3250122,80.09700012,4.592000008
9/24/2026 12:13,319.7829895,79.43499756,4.242000103
9/24/2026 12:18,377.4989929,81.06900024,5.111000061
9/24/2026 12:23,440.303009,78.54599762,5.776000023
9/24/2026 12:28,440.2659912,81.05799866,5.960000038
9/24/2026 12:33,458.756012,88.3769989,6.770999908
9/24/2026 12:38,397.4030151,83.30200195,5.527999878
9/24/2026 12:43,307.8590088,82.4240036,4.237999916
9/24/2026 12:49,317.1619873,81.17900085,4.300000191
9/24/2026 12:54,295.8850098,26.43799973,1.305999994
9/24/2026 12:59,290.0899963,81.88400269,3.967000008
9/24/2026 13:04,383.6000061,87.38400269,5.59800005
9/24/2026 13:09,498.8160095,82.55999756,6.876999855
9/24/2026 13:14,351.3139954,83.63500214,4.907000065
9/24/2026 13:19,261.9110107,81.96900177,3.585000038
9/24/2026 13:42,355.9190063,81.24900055,4.828999996
9/24/2026 13:47,526.4559937,85.06400299,7.479000092
9/24/2026 13:52,432.3569946,83.85299683,6.054999828
9/24/2026 13:57,411.5969849,83.72699738,5.755000114
9/24/2026 14:02,311.0859985,81.91100311,4.255000114
9/24/2026 14:07,358.0740051,80.04299927,4.785999775
9/24/2026 14:12,359.0390015,81.68900299,4.897999763
9/24/2026 14:17,413.3139954,77.6309967,5.357999802
9/24/2026 14:22,542.0130005,82.72200012,7.487999916
9/24/2026 14:27,348.8330078,85.1760025,4.961999893
9/24/2026 14:32,340.5280151,81.62599945,4.642000198
9/24/2026 14:37,284.5419922,81.58999634,3.877000093
9/24/2026 14:42,230.8970032,81.34600067,3.137000084
9/24/2026 14:47,224.473999,51.86000061,1.944000006
9/24/2026 14:52,189.375,81.95500183,2.592000008
9/24/2026 14:57,138.4750061,83.72000122,1.93599999
9/24/2026 15:02,124.7409973,82.08899689,1.710000038
9/24/2026 15:07,127.3050003,79.90499878,1.699000001
9/24/2026 15:12,132.0460052,81.70800018,1.802000046
9/24/2026 15:17,138.848999,81.80200195,1.896999955
9/24/2026 15:22,129.1470032,79.59999847,1.717000008
9/24/2026 15:27,131.3589935,84.08699799,1.845000029
9/24/2026 15:32,115.1190033,83.41600037,1.603999972
9/24/2026 15:37,102.8430023,80.19999695,1.376999974
9/24/2026 15:43,90.45999908,80.41699982,1.215000033
9/24/2026 15:48,82.09999847,84.40399933,1.156999946
9/24/2026 15:53,69.75700378,82.54699707,0.962000012
9/24/2026 15:58,68,81.38600159,0.924000025
9/24/2026 16:03,60.02199936,82.54799652,0.827000022
9/24/2026 16:08,65.30599976,75.88800049,0.828000009
9/24/2026 16:13,61.72299957,81.64600372,0.842000008
9/24/2026 16:18,58.80799866,77.29299927,0.759000003
9/24/2026 16:23,63.20299911,83.03600311,0.875999987
9/24/2026 16:28,54.37400055,79.65899658,0.72299999
9/24/2026 16:33,58.03699875,82.32299805,0.797999978
9/24/2026 16:38,58.19599915,76.9960022,0.748000026
9/24/2026 16:43,49.16999817,78.00800323,0.640999973
9/24/2026 16:48,49.09600067,81.31300354,0.666999996
9/24/2026 16:53,45.44200134,77.91899872,0.591000021
9/24/2026 16:58,43.71699905,81.3730011,0.593999982
9/24/2026 17:03,38.86199951,73.51200104,0.476999998
9/24/2026 17:08,38.80699921,77.70700073,0.504000008
9/24/2026 17:13,38.25500107,76.01300049,0.486000001
9/24/2026 17:18,33.47900009,79.65399933,0.444999993
9/24/2026 17:23,29.89900017,73.06800079,0.36500001
9/24/2026 17:28,30.48500061,74.19400024,0.377999991
9/24/2026 17:33,29.59000015,69.6190033,0.344000012
9/24/2026 17:38,29.71800041,67.98699951,0.337000012
9/24/2026 17:43,26.87299919,71.70400238,0.321999997
9/24/2026 17:48,27.55900002,64.32800293,0.296000004
9/24/2026 17:53,29.9470005,73.51999664,0.368000001
9/24/2026 17:58,29.3029995,60.3409996,0.294999987
9/24/2026 18:04,27.06100082,72.78800201,0.328999996
9/24/2026 18:09,28.67700005,67.39700317,0.323000014
9/24/2026 18:14,30.79500008,68.1989975,0.351000011
9/24/2026 18:19,27.88199997,66.41000366,0.308999985
9/24/2026 18:24,21.23999977,46.7879982,0.165999994
9/24/2026 18:29,18.09799957,58.10300064,0.175999999
9/24/2026 18:34,14.49100018,0.037999999,0
9/24/2026 18:39,12.97399998,0.017000001,0
9/24/2026 18:44,12.21500015,-0.005,0
9/24/2026 18:49,9.732999802,-0.101000004,0
9/24/2026 18:54,7.498000145,-0.163000003,0
9/24/2026 18:59,6.375999928,-0.114,0
9/24/2026 19:04,4.414000034,-0.439999998,0
9/24/2026 19:09,2.969000101,-0.527999997,0
9/24/2026 19:14,1.707000017,-0.986000001,0
9/24/2026 19:19,0.88499999,-1.802999973,0
9/24/2026 19:24,0.261000007,-6.136000156,0
9/24/2026 19:34,,,0
9/24/2026 19:44,,,0
9/24/2026 19:54,,,0
9/24/2026 20:04,,,0
9/24/2026 20:14,,,0
9/24/2026 20:24,,,0
9/24/2026 20:35,,,0
9/24/2026 20:45,,,0
9/24/2026 20:55,,,0
9/24/2026 21:05,,,0
9/24/2026 21:15,,,0
9/24/2026 21:25,,,0
9/24/2026 21:35,,,0
9/24/2026 21:45,,,0
9/24/2026 21:55,,,0
9/25/2026 4:05,,,0
9/25/2026 4:15,,,0
9/25/2026 4:25,,,0
9/25/2026 4:35,,,0
9/25/2026 4:45,,,0
9/25/2026 4:55,,,0
9/25/2026 5:05,,,0
9/25/2026 5:15,,,0
9/25/2026 5:25,,,0
9/25/2026 5:36,,,0
9/25/2026 5:41,,,0
9/25/2026 5:46,,,0
9/25/2026 5:51,,,0
9/25/2026 5:56,,,0
9/25/2026 6:01,,,0
9/25/2026 6:06,,,0
9/25/2026 6:11,,,0
9/25/2026 6:16,,,0
9/25/2026 6:21,,,0
9/25/2026 6:26,,,0
9/25/2026 6:31,,,0
9/25/2026 6:36,,,0
9/25/2026 6:41,,,0
9/25/2026 6:46,,,0
9/25/2026 6:51,,,0
9/25/2026 6:56,,,0
9/25/2026 7:01,,,0
9/25/2026 7:06,,,0
9/25/2026 7:11,,,0
9/25/2026 7:16,,,0
9/25/2026 7:21,,,0
9/25/2026 7:26,,,0
9/25/2026 7:31,11.32999992,-0.082999997,0
9/25/2026 7:36,14.50599957,-0.045000002,0
9/25/2026 7:41,22.69400024,0.041999999,0
9/25/2026 7:46,38.16400146,9.031999588,0.057999998
9/25/2026 7:51,76.3769989,11.52999973,0.147
9/25/2026 7:56,97.91899872,14.76000023,0.240999997
9/25/2026 8:02,120.1299973,17.15399933,0.344000012
9/25/2026 8:07,115.6050034,20.42200089,0.393999994
9/25/2026 8:12,165.2109985,21.99200058,0.606999993
9/25/2026 8:17,170.5780029,24.67300034,0.703000009
9/25/2026 8:22,184.095993,25.94400024,0.797999978
9/25/2026 8:27,159.6109924,28.97699928,0.772000015
9/25/2026 8:32,209.9850006,30.80599976,1.080000043
9/25/2026 8:37,230.3589935,33.50299835,1.289000034
9/25/2026 8:42,257.9419861,33.59000015,1.447000027
9/25/2026 8:47,292.7369995,36.74200058,1.796000004
9/25/2026 8:52,316.5150146,38.48799896,2.03399992
9/25/2026 8:57,327.1950073,39.58100128,2.163000107
9/25/2026 9:02,355.1260071,42.5890007,2.526000023
9/25/2026 9:07,377.2120056,44.26200104,2.788000107
9/25/2026 9:12,407.7359924,46.33499908,3.154999971
9/25/2026 9:17,437.9790039,47.76300049,3.493000031
9/25/2026 9:22,456.1579895,48.93399811,3.727999926
9/25/2026 9:27,480.7579956,50.92499924,4.089000225
9/25/2026 9:32,471.480011,52.81999969,4.15899992
9/25/2026 9:37,524.7399902,54.45999908,4.771999836
9/25/2026 9:42,517.4500122,57.70199966,4.986000061
9/25/2026 9:47,518.0900269,58.14799881,5.031000137
9/25/2026 9:52,580.5310059,59.32600021,5.751999855
9/25/2026 9:57,570.9829712,63.56299973,6.06099987
9/25/2026 10:02,623.8460083,61.65000153,6.422999859
9/25/2026 10:07,635.0579834,63.54700089,6.738999844
9/25/2026 10:12,649.0349731,64.44499969,6.985000134
9/25/2026 10:17,656.6500244,66.07499695,7.245999813
9/25/2026 10:23,687.3740234,66.2539978,7.605000019
9/25/2026 10:28,686.0650024,68.58799744,7.857999802
9/25/2026 10:33,704.6149902,68.74099731,8.088999748
9/25/2026 10:38,738.9760132,69.22599792,8.543000221
9/25/2026 10:43,754.8209839,70.33200073,8.866000175
9/25/2026 10:48,769.8499756,71.25499725,9.161000252
9/25/2026 10:53,787.0900269,72.20700073,9.491000175
9/25/2026 10:58,802.4910278,72.90000153,9.770000458
9/25/2026 11:03,818.7750244,73.49199677,10.04899979
9/25/2026 11:08,834.9840088,74.56400299,10.39700031
9/25/2026 11:13,847.507019,75.44400024,10.67800045
9/25/2026 11:18,855.8120117,76.26699829,10.89999962
9/25/2026 11:23,871.2620239,77.22000122,11.23600006
9/25/2026 11:28,881.375,77.45800018,11.40100002
9/25/2026 11:33,892.7520142,78.54199982,11.71000004
9/25/2026 11:38,904.776001,79.49099731,12.01099968
9/25/2026 11:43,915.0020142,80.0510025,12.23200035
9/25/2026 11:48,899.1240234,80.44200134,12.07900047
9/25/2026 11:53,928.1119995,81.05000305,12.56200027
9/25/2026 11:58,938.2080078,81.58300018,12.78199959
9/25/2026 12:03,949.7730103,81.86599731,12.98499966
9/25/2026 12:08,946.9489746,82.01399994,12.97000027
9/25/2026 12:13,943.5440063,82.48899841,12.99800014
9/25/2026 12:18,964.1740112,82.87599945,13.34399986
9/25/2026 12:23,962.9349976,83.05000305,13.35499954
9/25/2026 12:28,961.8690186,84.03299713,13.49800014
9/25/2026 12:33,947.2160034,84.26599884,13.32999992
9/25/2026 12:38,964.2739868,84.51699829,13.60999966
9/25/2026 12:43,968.5709839,85.08100128,13.76200008
9/25/2026 12:49,962.5650024,84.85500336,13.64000034
9/25/2026 12:54,965.2869873,85.83699799,13.83699989
9/25/2026 12:59,965.8259888,85.90000153,13.85499954
9/25/2026 13:04,991.7329712,86.76300049,14.36999989
9/25/2026 13:09,976.2559814,90.49299622,14.75300026
9/25/2026 13:14,980.4249878,86.77999878,14.20899963
9/25/2026 13:19,973.6690063,86.82800293,14.11800003
9/25/2026 13:42,964.40802,85.55500031,13.77900028
9/25/2026 13:47,860.5620117,86.45500183,12.42500019
9/25/2026 13:52,903.5739746,88.19799805,13.30900002
9/25/2026 13:58,972.1610107,84.90299988,13.7840004
9/25/2026 14:03,887.3770142,85.45800018,12.66399956
9/25/2026 14:08,856.7589722,81.3259964,11.63599968
9/25/2026 14:13,940.6190186,83.48100281,13.11400032
9/25/2026 14:18,938.6870117,82.91200256,12.99699974
9/25/2026 14:23,893.0230103,82.35099792,12.28100014
9/25/2026 14:28,833.5999756,82.85099792,11.5340004
9/25/2026 14:33,898.2910156,80.71399689,12.1079998
9/25/2026 14:38,884.2589722,80.11199951,11.82999992
9/25/2026 14:43,859.4829712,79.59899902,11.42500019
9/25/2026 14:48,877.6970215,79.11599731,11.59599972
9/25/2026 14:53,861.473999,78.0510025,11.22900009
9/25/2026 14:58,852.0410156,77.23400116,10.98999977
9/25/2026 15:03,818.5969849,75.23999786,10.28600025
9/25/2026 15:08,801.5280151,75.81099701,10.14799976
9/25/2026 15:13,809.0579834,75.06500244,10.1420002
9/25/2026 15:18,800.5040283,74.46199799,9.954000473
9/25/2026 15:23,787.7150269,73.49199677,9.668000221
9/25/2026 15:28,774.3900146,72.65000153,9.395000458
9/25/2026 15:33,762.9370117,72.1309967,9.18999958
9/25/2026 15:38,743.5369873,71.32099915,8.855999947
9/25/2026 15:43,727.789978,70.77100372,8.602000237
9/25/2026 15:48,711.1439819,70.38200378,8.359000206
9/25/2026 15:53,697.6699829,69.89499664,8.144000053
9/25/2026 15:58,674.8209839,68.88400269,7.763000011
9/25/2026 16:03,663.492981,67.88999939,7.521999836
9/25/2026 16:08,653.1300049,67.12799835,7.322000027
9/25/2026 16:13,636.5819702,66.47799683,7.066999912
9/25/2026 16:18,618.507019,65.95400238,6.811999798
9/25/2026 16:24,608.3189697,64.38600159,6.540999889
9/25/2026 16:29,591.5780029,63.30099869,6.254000187
9/25/2026 16:34,570.5939941,62.73099899,5.978000164
9/25/2026 16:39,552.6900024,61.95700073,5.718999863
9/25/2026 16:44,533.3770142,60.6780014,5.40500021
9/25/2026 16:49,512.6099854,59.98799896,5.135000229
9/25/2026 16:54,494.8340149,58.33300018,4.821000099
9/25/2026 16:59,472.802002,57.63399887,4.551000118
9/25/2026 17:04,452.3089905,56.70800018,4.282999992
9/25/2026 17:09,429.3829956,56.01699829,4.017000198
9/25/2026 17:14,406.7090149,55.31600189,3.756999969
9/25/2026 17:19,383.6860046,54.04100037,3.463000059
9/25/2026 17:24,365.618988,52.98600006,3.234999895
9/25/2026 17:29,351.4299927,51.65000153,3.030999899
9/25/2026 17:34,328.7290039,50.97700119,2.799000025
9/25/2026 17:39,309.32901,49.86399841,2.575999975
9/25/2026 17:44,291.848999,48.52799988,2.36500001
9/25/2026 17:49,270.5929871,47.89400101,2.164000034
9/25/2026 17:54,248.5130005,46.86800003,1.945000052
9/25/2026 17:59,228.2890015,44.8390007,1.708999991
9/25/2026 18:04,207.5789948,43.58499908,1.511000037
9/25/2026 18:09,189.0870056,42.35300064,1.337000012
9/25/2026 18:14,168.3860016,39.56999969,1.113000035
9/25/2026 18:19,149.6109924,38.05199814,0.950999975
9/25/2026 18:24,130.1190033,37.06000137,0.805000007
9/25/2026 18:29,111.7969971,36.9620018,0.689999998
9/25/2026 18:34,95.43199921,34.55099869,0.550999999
9/25/2026 18:39,78.85500336,32.18399811,0.423999995
9/25/2026 18:45,59.68199921,31.4659996,0.31400001
9/25/2026 18:50,17.35899925,80.1190033,0.231999993
9/25/2026 18:55,14.37100029,74.11100006,0.178000003
9/25/2026 19:00,11.67399979,0.153999999,0
9/25/2026 19:05,8.845999718,0.057,0
9/25/2026 19:10,6.446000099,-0.126000002,0
9/25/2026 19:15,4.381999969,-0.298999995,0
9/25/2026 19:20,2.454999924,-0.569999993,0
9/25/2026 19:25,0.610000014,-2.752000093,0
9/25/2026 19:35,,,0
9/25/2026 19:45,,,0
9/25/2026 19:55,,,0
9/25/2026 20:05,,,0
9/25/2026 20:15,,,0
9/25/2026 20:25,,,0
9/25/2026 20:35,,,0
9/25/2026 20:45,,,0
9/25/2026 20:55,,,0
9/25/2026 21:05,,,0
9/25/2026 21:11,,,0
9/25/2026 21:16,,,0
9/25/2026 21:21,,,0
9/25/2026 21:26,,,0
9/25/2026 21:31,,,0
9/25/2026 21:36,,,0
9/25/2026 21:41,,,0
9/25/2026 21:46,,,0
9/25/2026 21:51,,,0
9/25/2026 21:56,,,0
9/26/2026 4:05,,,0
9/26/2026 4:15,,,0
9/26/2026 4:25,,,0
9/26/2026 4:35,,,0
9/26/2026 4:45,,,0
9/26/2026 4:55,,,0
9/26/2026 5:05,,,0
9/26/2026 5:15,,,0
9/26/2026 5:25,,,0
9/26/2026 5:36,,,0
9/26/2026 5:41,,,0
9/26/2026 5:46,,,0
9/26/2026 5:51,,,0
9/26/2026 5:56,,,0
9/26/2026 6:01,,,0
9/26/2026 6:06,,,0
9/26/2026 6:11,,,0
9/26/2026 6:16,,,0
9/26/2026 6:21,,,0
9/26/2026 6:26,,,0
9/26/2026 6:31,,,0
9/26/2026 6:36,,,0
9/26/2026 6:41,,,0
9/26/2026 6:46,,,0
9/26/2026 6:51,,,0
9/26/2026 6:56,,,0
9/26/2026 7:01,,,0
9/26/2026 7:06,,,0
9/26/2026 7:11,,,0
9/26/2026 7:16,,,0
9/26/2026 7:21,,,0
9/26/2026 7:26,,,0
9/26/2026 7:31,8.430999756,-0.109999999,0
9/26/2026 7:36,11.81799984,-0.022,0
9/26/2026 7:41,42.08800125,0.096000001,0.001
9/26/2026 7:46,64.16200256,8.788000107,0.093999997
9/26/2026 7:51,81.86000061,11.75500011,0.160999998
9/26/2026 7:57,98.21399689,15.16300011,0.248999998
9/26/2026 8:02,116.6029968,17.61300087,0.342999995
9/26/2026 8:07,142.4129944,19.52499962,0.463999987
9/26/2026 8:12,163.2109985,23.35199928,0.635999978
9/26/2026 8:17,183.6869965,24.98500061,0.765999973
9/26/2026 8:22,204.9579926,27.16600037,0.930000007
9/26/2026 8:27,226.1620026,29.6079998,1.118000031
9/26/2026 8:32,248.9750061,31.875,1.325000048
9/26/2026 8:37,272.1900024,34.13499832,1.552000046
9/26/2026 8:42,291.2730103,36.5719986,1.779000044
9/26/2026 8:47,312.6289978,39.15100098,2.04399991
9/26/2026 8:52,333.3590088,41.71500015,2.322000027
9/26/2026 8:57,355.4779968,43.60800171,2.588999987
9/26/2026 9:02,376.2640076,45.93500137,2.885999918
9/26/2026 9:07,398.6130066,47.89899826,3.188999891
9/26/2026 9:12,418.7409973,49.70600128,3.476000071
9/26/2026 9:17,439.0180054,51.58399963,3.782000065
9/26/2026 9:22,459.9360046,53.4280014,4.104000092
9/26/2026 9:27,479.4899902,54.54000092,4.367000103
9/26/2026 9:32,498.9979858,56.48600006,4.706999779
9/26/2026 9:37,519.7589722,58.86999893,5.110000134
9/26/2026 9:42,539.4940186,60.50799942,5.452000141
9/26/2026 9:47,559.5540161,61.47499847,5.744999886
9/26/2026 9:52,578.0579834,63.27700043,6.107999802
9/26/2026 9:57,596.598999,64.08499908,6.385000229
9/26/2026 10:02,616.3850098,66.27400208,6.822000027
9/26/2026 10:07,633.7109985,67.34200287,7.126999855
9/26/2026 10:12,651.7219849,68.65399933,7.472000122
9/26/2026 10:17,668.0930176,70.02700043,7.813000202
9/26/2026 10:23,686.4559937,70.625,8.095999718
9/26/2026 10:28,704.8049927,72.01000214,8.475999832
9/26/2026 10:33,722.1350098,72.98899841,8.802000046
9/26/2026 10:38,740.1950073,73.83399963,9.126999855
9/26/2026 10:43,756.4429932,74.31900024,9.387999535
9/26/2026 10:48,774.6420288,75.38200378,9.751999855
9/26/2026 10:53,787.2290039,76.15499878,10.01200008
9/26/2026 10:58,801.8060303,77.28800201,10.34899998
9/26/2026 11:03,814.3859863,77.78099823,10.57800007
9/26/2026 11:08,831.6290283,78.76599884,10.93900013
9/26/2026 11:13,844.7470093,79.35399628,11.19499969
9/26/2026 11:18,853.3709717,80.13999939,11.42099953
9/26/2026 11:23,869.934021,80.69400024,11.72299957
9/26/2026 11:28,881.1589966,81.90299988,12.05200005
9/26/2026 11:33,893.7940063,82.07099915,12.25
9/26/2026 11:38,901.1779785,83.05599976,12.5
9/26/2026 11:43,913.7230225,83.91300201,12.8039999
9/26/2026 11:48,922.2219849,84.30599976,12.98400021
9/26/2026 11:53,932.3439941,84.72100067,13.19099998
9/26/2026 11:58,941.4539795,84.75099945,13.32499981
9/26/2026 12:03,947.552002,85.20800018,13.4829998
9/26/2026 12:08,956.539978,84.68199921,13.52700043
9/26/2026 12:13,965.7680054,84.90699768,13.69400024
9/26/2026 12:18,974.6229858,85.0719986,13.84599972
9/26/2026 12:23,975.3209839,85.03500366,13.85000038
9/26/2026 12:28,975.697998,85.24099731,13.88899994
9/26/2026 12:33,977.1400146,84.57900238,13.80200005
9/26/2026 12:38,975.3569946,85.38999939,13.9090004
9/26/2026 12:44,974.1760254,85.23100281,13.86600018
9/26/2026 12:49,977.3809814,85.7460022,13.99600029
9/26/2026 12:54,978.0059814,86.23999786,14.08500004
9/26/2026 12:59,977.2059937,86.22699738,14.07199955
9/26/2026 13:04,977.1270142,86.45600128,14.1079998
9/26/2026 13:09,977.2020264,86.70500183,14.14999962
9/26/2026 13:14,975.3920288,86.83300018,14.14400005
9/26/2026 13:37,927.0789795,87.76100159,13.58699989
9/26/2026 13:42,971.5930176,85.66600037,13.89999962
9/26/2026 13:47,970.3629761,85.34200287,13.82999992
9/26/2026 13:52,945.1680298,85.55699921,13.50500011
9/26/2026 13:57,847.0670166,86.40399933,12.22299957
9/26/2026 14:02,973.4359741,83.66200256,13.60000038
9/26/2026 14:07,827.6959839,84.85399628,11.72900009
9/26/2026 14:12,965.5300293,82.9240036,13.37100029
9/26/2026 14:17,925.0460205,81.55699921,12.59899998
9/26/2026 14:22,897.3530273,76.09700012,11.40400028
9/26/2026 14:27,942.7290039,81.16500092,12.77799988
9/26/2026 14:32,906.0540161,80.04399872,12.11200047
9/26/2026 14:37,914.6719971,79.48799896,12.1420002
9/26/2026 14:42,908.9520264,79.16699982,12.0170002
9/26/2026 14:47,897.0250244,77.96700287,11.68000031
9/26/2026 14:52,855.6740112,77.45700073,11.06799984
9/26/2026 14:57,863.1970215,76.17299652,10.98099995
9/26/2026 15:02,777.8220215,76.2539978,9.904999733
9/26/2026 15:07,842.6370239,74.44599915,10.47599983
9/26/2026 15:12,808.4730225,74.44200134,10.05099964
9/26/2026 15:17,748.1270142,73.88200378,9.230999947
9/26/2026 15:22,799.2550049,73.58799744,9.82199955
9/26/2026 15:27,787.5410156,72.73200226,9.565999985
9/26/2026 15:32,636.1710205,72.64499664,7.717999935
9/26/2026 15:37,751.6409912,69.94000244,8.779000282
9/26/2026 15:42,744.1589966,69.69799805,8.661999702
9/26/2026 15:47,721.8259888,69.44499969,8.37100029
9/26/2026 15:52,708.5579834,68.28600311,8.079999924
9/26/2026 15:58,696.1459961,67.94300079,7.899000168
9/26/2026 16:03,683.4019775,67.29100037,7.679999828
9/26/2026 16:08,651.9379883,66.77899933,7.270999908
9/26/2026 16:13,648.151001,65.77600098,7.119999886
9/26/2026 16:18,629.1890259,65.0039978,6.829999924
9/26/2026 16:23,610.7940063,64.27300262,6.556000233
9/26/2026 16:28,592.164978,63.00500107,6.230999947
9/26/2026 16:33,572.651001,62.08000183,5.936999798
9/26/2026 16:38,552.6290283,61.02600098,5.631999969
9/26/2026 16:43,534.4320068,59.68700027,5.327000141
9/26/2026 16:48,513.1170044,59.5530014,5.103000164
9/26/2026 16:53,494.4020081,58.49900055,4.829999924
9/26/2026 16:58,474.8919983,56.99900055,4.519999981
9/26/2026 17:03,454.2090149,56.29800034,4.269999981
9/26/2026 17:08,434.6329956,55.33800125,4.017000198
9/26/2026 17:13,413.1499939,54.13999939,3.734999895
9/26/2026 17:18,392.9370117,53.27500153,3.496000051
9/26/2026 17:23,371.8859863,52.8370018,3.280999899
9/26/2026 17:28,350.7330017,51.24599838,3.002000093
9/26/2026 17:33,329.3649902,50.1269989,2.756999969
9/26/2026 17:38,309.2149963,49.09199905,2.535000086
9/26/2026 17:43,288.8800049,48.22100067,2.325999975
9/26/2026 17:48,267.8580017,46.52500153,2.08100009
9/26/2026 17:53,246.4170074,46.38399887,1.909000039
9/26/2026 17:58,226.4440002,44.77199936,1.692999959
9/26/2026 18:03,205.9470062,43.06200027,1.480999947
9/26/2026 18:08,186.1340027,42.10400009,1.309000015
9/26/2026 18:13,167.1179962,39.53499985,1.103000045
9/26/2026 18:18,147.0789948,37.91400146,0.930999994
9/26/2026 18:24,127.4400024,36.14199829,0.768999994
9/26/2026 18:29,109.9300003,33.20899963,0.610000014
9/26/2026 18:34,92.26899719,31.51000023,0.486000001
9/26/2026 18:39,75.83000183,32.07400131,0.405999988
9/26/2026 18:44,57.07899857,30.75200081,0.293000013
9/26/2026 18:49,16.56500053,79.77799988,0.221000001
9/26/2026 18:54,13.50300026,80.41200256,0.180999994
9/26/2026 18:59,10.57299995,0.155000001,0
9/26/2026 19:04,8.012999535,-0.035,0
9/26/2026 19:09,5.545000076,-0.082000002,0
9/26/2026 19:14,3.359999895,-0.27700001,0
9/26/2026 19:19,1.442000031,-0.908999979,0
9/26/2026 19:34,,,0
9/26/2026 19:44,,,0
9/26/2026 19:54,,,0
9/26/2026 20:04,,,0
9/26/2026 20:14,,,0
9/26/2026 20:24,,,0
9/26/2026 20:34,,,0
9/26/2026 20:45,,,0
9/26/2026 20:55,,,0
9/26/2026 21:05,,,0
9/26/2026 21:15,,,0
9/26/2026 21:25,,,0
9/26/2026 21:35,,,0
9/26/2026 21:45,,,0
9/26/2026 21:55,,,0
9/27/2026 4:05,,,0
9/27/2026 4:15,,,0
9/27/2026 4:25,,,0
9/27/2026 4:35,,,0
9/27/2026 4:45,,,0
9/27/2026 4:55,,,0
9/27/2026 5:05,,,0
9/27/2026 5:15,,,0
9/27/2026 5:25,,,0
9/27/2026 5:36,,,0
9/27/2026 5:41,,,0
9/27/2026 5:46,,,0
9/27/2026 5:51,,,0
9/27/2026 5:56,,,0
9/27/2026 6:01,,,0
9/27/2026 6:06,,,0
9/27/2026 6:11,,,0
9/27/2026 6:16,,,0
9/27/2026 6:21,,,0
9/27/2026 6:26,,,0
9/27/2026 6:31,,,0
9/27/2026 6:36,,,0
9/27/2026 6:41,,,0
9/27/2026 6:46,,,0
9/27/2026 6:51,,,0
9/27/2026 6:56,,,0
9/27/2026 7:01,,,0
9/27/2026 7:06,,,0
9/27/2026 7:11,,,0
9/27/2026 7:16,,,0
9/27/2026 7:21,,,0
9/27/2026 7:26,,,0
9/27/2026 7:31,7.677000046,-0.216999993,0
9/27/2026 7:36,10.92800045,-0.048,0
9/27/2026 7:41,34.61899948,0.082999997,0
9/27/2026 7:46,55.50500107,8.196000099,0.075999998
9/27/2026 7:51,72.65100098,11.30200005,0.136999995
9/27/2026 7:57,90.60700226,14.84300041,0.224999994
9/27/2026 8:02,110.4410019,17.53499985,0.323000014
9/27/2026 8:07,130.8079987,20.01099968,0.437000006
9/27/2026 8:12,150.2590027,22.79299927,0.572000027
9/27/2026 8:17,171.0330048,25.04100037,0.714999974
9/27/2026 8:22,192.0410004,27.77000046,0.890999973
9/27/2026 8:27,213.2940063,30.21699905,1.075999975
9/27/2026 8:32,234.4640045,32.26399994,1.263000011
9/27/2026 8:37,257.5429993,34.69200134,1.491999984
9/27/2026 8:42,277.230011,37.45199966,1.733999968
9/27/2026 8:47,297.6010132,40.04199982,1.99000001
9/27/2026 8:52,318.32901,42.09899902,2.237999916
9/27/2026 8:57,338.6700134,44.10100174,2.493999958
9/27/2026 9:02,359.4330139,45.85699844,2.753000021
9/27/2026 9:07,379.3120117,48.49000168,3.072000027
9/27/2026 9:12,400.4429932,50.76499939,3.394999981
9/27/2026 9:17,420.9729919,52.37400055,3.681999922
9/27/2026 9:22,441.8349915,54.40499878,4.013999939
9/27/2026 9:27,461.4830017,55.93899918,4.31099987
9/27/2026 9:32,481.4790039,57.73699951,4.642000198
9/27/2026 9:37,498.0769958,60.29999924,5.015999794
9/27/2026 9:42,516.059021,61.98300171,5.342000008
9/27/2026 9:47,535.7130127,63.73699951,5.702000141
9/27/2026 9:52,555.1370239,65.07099915,6.032999992
9/27/2026 9:57,575.0050049,66.86199951,6.420000076
9/27/2026 10:02,592.1140137,68.18900299,6.743000031
9/27/2026 10:07,610.71698,68.93000031,7.03000021
9/27/2026 10:12,630.0300293,70.61000061,7.428999901
9/27/2026 10:17,648.6329956,71.44499969,7.738999844
9/27/2026 10:23,667.1370239,72.52600098,8.079999924
9/27/2026 10:28,685.0980225,73.65499878,8.427000046
9/27/2026 10:33,702.6719971,74.61299896,8.755999565
9/27/2026 10:38,719.3759766,75.00499725,9.01099968
9/27/2026 10:43,735.8510132,76.26100159,9.37100029
9/27/2026 10:48,751.3950195,76.96199799,9.656999588
9/27/2026 10:53,766.4829712,77.47799683,9.916999817
9/27/2026 10:58,783.6480103,78.48300171,10.27099991
9/27/2026 11:03,796.3309937,79.54599762,10.57900047
9/27/2026 11:08,810.7600098,80.27400208,10.86900043
9/27/2026 11:13,822.7659912,81.3809967,11.18200016
9/27/2026 11:18,835.6959839,81.89900208,11.43000031
9/27/2026 11:23,848.9169922,82.65299988,11.71800041
9/27/2026 11:28,861.0499878,83.22699738,11.96800041
9/27/2026 11:33,873.7940063,83.36399841,12.16499996
9/27/2026 11:38,884.0469971,83.77600098,12.36800003
9/27/2026 11:43,893.9390259,83.68099976,12.49300003
9/27/2026 11:48,904.0150146,84.35900116,12.73600006
9/27/2026 11:53,913.1220093,84.88899994,12.94499969
9/27/2026 11:58,921.4680176,85.20700073,13.11200047
9/27/2026 12:03,928.3449707,85.11599731,13.1960001
9/27/2026 12:08,936.0319824,85.58100128,13.37800026
9/27/2026 12:13,944.6939697,85.98699951,13.56599998
9/27/2026 12:18,949.1489868,86.40399933,13.6960001
9/27/2026 12:23,954.4589844,86.3769989,13.76799965
9/27/2026 12:28,957.2949829,86.38400269,13.81000042
9/27/2026 12:33,956.6610107,86.51100159,13.8210001
9/27/2026 12:38,957.2579956,87.15499878,13.93299961
9/27/2026 12:44,959.1790161,86.93499756,13.92500019
9/27/2026 12:49,958.7919922,87.55699921,14.01900005
9/27/2026 12:54,956.6610107,88.09200287,14.07400036
9/27/2026 12:59,954.2540283,88.66899872,14.13000011
9/27/2026 13:04,954.5969849,88.58100128,14.12100029
9/27/2026 13:09,955.6820068,88.34700012,14.10000038
9/27/2026 13:14,955.177002,87.90499878,14.02200031
9/27/2026 13:37,941.1500244,87.88500214,13.81299973
9/27/2026 13:42,937.8969727,87.52300262,13.70899963
9/27/2026 13:47,933.5109863,87.08899689,13.57699966
9/27/2026 13:52,928.2030029,86.78700256,13.45300007
9/27/2026 13:57,922.7839966,85.89800262,13.23700047
9/27/2026 14:02,917.8720093,85.63400269,13.1260004
9/27/2026 14:07,911.4219971,85.06099701,12.94699955
9/27/2026 14:12,905.8510132,84.27600098,12.7489996
9/27/2026 14:17,899.2800293,83.02300262,12.46800041
9/27/2026 14:22,892.6890259,82.61599731,12.31599998
9/27/2026 14:27,884.151001,81.93499756,12.09799957
9/27/2026 14:32,875.3829956,81.23799896,11.8760004
9/27/2026 14:37,864.9439697,80.70600128,11.65799999
9/27/2026 14:42,857.2609863,80.14099884,11.47299957
9/27/2026 14:47,847.8430176,79.12200165,11.20300007
9/27/2026 14:52,838.2670288,77.87000275,10.90100002
9/27/2026 14:57,828.5910034,77.51200104,10.72599983
9/27/2026 15:02,817.1589966,76.89399719,10.49300003
9/27/2026 15:07,805.9910278,75.96900177,10.22500038
9/27/2026 15:12,791.5780029,75.56099701,9.98900032
9/27/2026 15:17,779.2109985,74.58200073,9.704999924
9/27/2026 15:22,767.4199829,73.63200378,9.437000275
9/27/2026 15:27,754.2609863,73.13800049,9.213000298
9/27/2026 15:32,741.9650269,72.21499634,8.947999954
9/27/2026 15:37,728.0809937,71.17700195,8.654000282
9/27/2026 15:43,712.664978,70.88899994,8.437000275
9/27/2026 15:48,698.7600098,70.21399689,8.19299984
9/27/2026 15:53,683.7069702,69.54100037,7.940000057
9/27/2026 15:58,668.348999,68.95200348,7.696000099
9/27/2026 16:03,653.3179932,67.52600098,7.367000103
9/27/2026 16:08,637.9130249,66.5059967,7.085000038
9/27/2026 16:13,620.9899902,65.81099701,6.824999809
9/27/2026 16:18,604.6469727,65.26599884,6.590000153
9/27/2026 16:23,587.7680054,64.11199951,6.293000221
9/27/2026 16:28,563.0800171,63.55799866,5.977000237
9/27/2026 16:33,549.7689819,62.55599976,5.743000031
9/27/2026 16:38,531.4920044,61.26699829,5.438000202
9/27/2026 16:43,512.3040161,60.94599915,5.214000225
9/27/2026 16:48,493.4580078,59.71500015,4.921000004
9/27/2026 16:53,474.4979858,58.94400024,4.671000004
9/27/2026 16:58,454.855011,57.8030014,4.390999794
9/27/2026 17:03,433.881012,57.04700089,4.133999825
9/27/2026 17:08,416.1340027,55.52399826,3.858999968
9/27/2026 17:13,395.1730042,55.02899933,3.631999969
9/27/2026 17:18,374.7969971,54.05500031,3.382999897
9/27/2026 17:23,355.7619934,52.64599991,3.128000021
9/27/2026 17:28,336.1300049,51.43799973,2.887000084
9/27/2026 17:33,314.6610107,51.31900024,2.697000027
9/27/2026 17:38,294.8110046,50.75400162,2.499000072
9/27/2026 17:43,272.9620056,49.36600113,2.25
9/27/2026 17:48,253.1679993,47.63100052,2.013999939
9/27/2026 17:53,233.4869995,46.52399826,1.81400001
9/27/2026 17:58,214.1100006,45.1780014,1.61500001
9/27/2026 18:03,192.8190002,44.03900146,1.417999983
9/27/2026 18:09,172.9689941,42.13199997,1.217000008
9/27/2026 18:14,153.8849945,40.15800095,1.031999946
9/27/2026 18:19,135.2369995,38.80899811,0.875999987
9/27/2026 18:24,117.4789963,38.47399902,0.754999995
9/27/2026 18:29,99.91999817,34.98799896,0.583999991
9/27/2026 18:34,83.82099915,34.56600189,0.483999997
9/27/2026 18:39,66.68099976,35.12400055,0.391000003
9/27/2026 18:44,43.59999847,38.93299866,0.282999992
9/27/2026 18:49,14.50399971,60.80099869,0.147
9/27/2026 18:54,9.800000191,0.081,0
9/27/2026 18:59,7.464000225,-0.068999998,0
9/27/2026 19:04,5.620999813,-0.109999999,0
9/27/2026 19:09,3.298000097,-0.421999991,0
9/27/2026 19:14,1.513000011,-0.984000027,0
9/27/2026 19:24,,,0
9/27/2026 19:34,,,0
9/27/2026 19:44,,,0
9/27/2026 19:54,,,0
9/27/2026 20:04,,,0
9/27/2026 20:14,,,0
9/27/2026 20:24,,,0
9/27/2026 20:35,,,0
9/27/2026 20:45,,,0
9/27/2026 20:55,,,0
9/27/2026 21:05,,,0
9/27/2026 21:15,,,0
9/27/2026 21:25,,,0
9/27/2026 21:35,,,0
9/27/2026 21:45,,,0
9/27/2026 21:55,,,0
9/28/2026 4:05,,,0
9/28/2026 4:15,,,0
9/28/2026 4:25,,,0
9/28/2026 4:35,,,0
9/28/2026 4:45,,,0
9/28/2026 4:55,,,0
9/28/2026 5:05,,,0
9/28/2026 5:15,,,0
9/28/2026 5:25,,,0
9/28/2026 5:36,,,0
9/28/2026 5:41,,,0
9/28/2026 5:46,,,0
9/28/2026 5:51,,,0
9/28/2026 5:56,,,0
9/28/2026 6:01,,,0
9/28/2026 6:06,,,0
9/28/2026 6:11,,,0
9/28/2026 6:16,,,0
9/28/2026 6:21,,,0
9/28/2026 6:26,,,0
9/28/2026 6:31,,,0
9/28/2026 6:36,,,0
9/28/2026 6:41,,,0
9/28/2026 6:46,,,0
9/28/2026 6:51,,,0
9/28/2026 6:56,,,0
9/28/2026 7:01,,,0
9/28/2026 7:06,,,0
9/28/2026 7:11,,,0
9/28/2026 7:16,,,0
9/28/2026 7:21,,,0
9/28/2026 7:26,,,0
9/28/2026 7:31,9.029999733,-0.094999999,0
9/28/2026 7:36,12.8380003,-0.028000001,0
9/28/2026 7:41,30.94199944,0.078000002,0
9/28/2026 7:46,48.39799881,7.755000114,0.063000001
9/28/2026 7:51,65.63800049,10.49300003,0.115000002
9/28/2026 7:57,83.55799866,13.77700043,0.192000002
9/28/2026 8:02,102.5169983,17.5909996,0.300999999
9/28/2026 8:07,122.2020035,20.21899986,0.412999988
9/28/2026 8:12,141.7550049,22.27499962,0.52700001
9/28/2026 8:17,162.0099945,24.64900017,0.666999996
9/28/2026 8:22,182.2489929,27.66200066,0.842000008
9/28/2026 8:27,200.845993,28.67900085,0.962000012
9/28/2026 8:32,168.9629974,31.59900093,0.89200002
9/28/2026 8:37,67.78700256,38.48799896,0.43599999
9/28/2026 8:42,89.02899933,41.39400101,0.61500001
9/28/2026 8:47,266.5939941,36.37400055,1.618999958
9/28/2026 8:52,306.5010071,40.67200089,2.082000017
9/28/2026 8:57,327.9700012,42.19400024,2.311000109
9/28/2026 9:02,319.57901,44.00099945,2.34800005
9/28/2026 9:07,368.6380005,46.72999954,2.877000093
9/28/2026 9:12,390.0270081,48.57099915,3.164000034
9/28/2026 9:17,409.7250061,50.84600067,3.479000092
9/28/2026 9:22,431.3850098,52.8390007,3.806999922
9/28/2026 9:27,450.7019958,54.97399902,4.138000011
9/28/2026 9:32,470.3819885,56.76200104,4.459000111
9/28/2026 9:37,489.8649902,58.3219986,4.770999908
9/28/2026 9:42,513.8549805,60.29399872,5.173999786
9/28/2026 9:47,519.6939697,62.44800186,5.420000076
9/28/2026 9:52,547.9520264,62.22499847,5.693999767
9/28/2026 9:57,538.3109741,64.98000336,5.842000008
9/28/2026 10:02,487.8770142,68.20899963,5.55700016
9/28/2026 10:07,543.6400146,66.14199829,6.005000114
9/28/2026 10:12,588.5180054,69.96600342,6.875999928
9/28/2026 10:17,633.9509888,69.91999817,7.40199995
9/28/2026 10:23,657.9819946,71.07499695,7.809999943
9/28/2026 10:28,679.5449829,72,8.170999527
9/28/2026 10:33,698.4379883,73.48000336,8.571000099
9/28/2026 10:38,718.6030273,74.13200378,8.895999908
9/28/2026 10:43,738.6160278,74.93199921,9.243000031
9/28/2026 10:48,716.5230103,75.80500031,9.071000099
9/28/2026 10:53,733.2150269,76.81900024,9.406000137
9/28/2026 10:58,743.7189941,77.68399811,9.647999763
9/28/2026 11:03,709.7440186,77.43399811,9.17800045
9/28/2026 11:08,642.3930054,79.84100342,8.56499958
9/28/2026 11:13,744.0620117,79.37599945,9.862999916
9/28/2026 11:18,773.2410278,79.88200378,10.31499958
9/28/2026 11:23,727.9310303,80.6190033,9.800000191
9/28/2026 11:28,866.9580078,81.60900116,11.81499958
9/28/2026 11:33,843.7819824,81.59500122,11.49800014
9/28/2026 11:38,667.1480103,90.41799927,10.07400036
9/28/2026 11:43,899.3709717,82.53500366,12.39599991
9/28/2026 11:48,879.9119873,83.7460022,12.30599976
9/28/2026 11:53,916.5869751,84.01100159,12.85999966
9/28/2026 11:58,919.7540283,84.42299652,12.96700001
9/28/2026 12:03,839.7459717,85.56999969,12
9/28/2026 12:08,917.8909912,84.72200012,12.98700047
9/28/2026 12:13,958.8449707,84.3769989,13.51099968
9/28/2026 12:18,948.6160278,85.05000305,13.47299957
9/28/2026 12:23,653.1660156,81.18399811,8.854999542
9/28/2026 12:28,848.2299805,83.77100372,11.86699963
9/28/2026 12:33,795.3519897,86.15200043,11.44299984
9/28/2026 12:38,827.6389771,86.64099884,11.97500038
9/28/2026 12:44,700.1729736,90.52600098,10.58500004
9/28/2026 12:49,732.2030029,88.90299988,10.87100029
9/28/2026 12:54,750.867981,88.97499847,11.15699959
9/28/2026 12:59,860.789978,87.0759964,12.5170002
9/28/2026 13:04,876.4429932,88.01100159,12.88199997
9/28/2026 13:09,868.3790283,89.95500183,13.04500008
9/28/2026 13:14,859.7160034,88.87999725,12.76099968
9/28/2026 13:37,911.7780151,87.95700073,13.39299965
9/28/2026 13:42,883.1749878,87.45300293,12.89799976
9/28/2026 13:47,912.6959839,86.73000336,13.21899986
9/28/2026 13:52,907.6829834,86.26499939,13.07600021
9/28/2026 13:57,900.6229858,86.16999817,12.96000004
9/28/2026 14:02,903.8859863,84.87999725,12.81299973
9/28/2026 14:07,888.2150269,84.27899933,12.5010004
9/28/2026 14:12,898.3179932,82.56199646,12.38599968
9/28/2026 14:17,894.3720093,81.70200348,12.20300007
9/28/2026 14:22,891.177002,80.80599976,12.02600002
9/28/2026 14:27,845.3189697,82.0019989,11.57600021
9/28/2026 14:32,862.1589966,79.78600311,11.48799992
9/28/2026 14:37,689.6229858,80.5019989,9.270999908
9/28/2026 14:42,745.4890137,80.47100067,10.01799965
9/28/2026 14:47,652.4180298,78.87400055,8.593999863
9/28/2026 14:52,652.0939941,79.33200073,8.638999939
9/28/2026 14:57,526.2119751,78.87599945,6.931000233
9/28/2026 15:02,622.5460205,77.42700195,8.050000191
9/28/2026 15:07,642.0159912,77.99199677,8.362000465
9/28/2026 15:12,532.2490234,82.12799835,7.300000191
9/28/2026 15:17,427.5130005,83.04599762,5.928999901
9/28/2026 15:22,474.7409973,75.1190033,5.955999851
9/28/2026 15:27,431.4320068,81.56099701,5.875999928
9/28/2026 15:32,444.6369934,76.91000366,5.710999966
9/28/2026 15:37,390.4899902,74.99199677,4.889999866
9/28/2026 15:43,287.9049988,78.22699738,3.760999918
9/28/2026 15:48,258.9169922,79.30699921,3.428999901
9/28/2026 15:53,495.8280029,73.30200195,6.070000172
9/28/2026 15:58,492.1170044,73.8259964,6.066999912
9/28/2026 16:03,342.6530151,75.03199768,4.294000149
9/28/2026 16:08,313.6719971,76.01999664,3.982000113
9/28/2026 16:13,351.4219971,73.2440033,4.298999786
9/28/2026 16:18,320.04599,73.50700378,3.928999901
9/28/2026 16:23,273.5119934,77.76999664,3.552000046
9/28/2026 16:28,266.9930115,75.96099854,3.387000084
9/28/2026 16:33,222.272995,75.34200287,2.796999931
9/28/2026 16:38,204.0059967,78.2539978,2.665999889
9/28/2026 16:43,182.4250031,81.20700073,2.473999977
9/28/2026 16:48,168.1620026,76.1969986,2.140000105
9/28/2026 16:53,165.522995,76.76699829,2.121999979
9/28/2026 16:58,144.3569946,76.7460022,1.850000024
9/28/2026 17:03,142.651001,76.52400208,1.822999954
9/28/2026 17:08,140.6139984,76.42299652,1.794999957
9/28/2026 17:13,163.322998,73.51799774,2.005000114
9/28/2026 17:18,148.8339996,75.02400208,1.86500001
9/28/2026 17:23,134.0659943,74.57700348,1.669999957
9/28/2026 17:28,119.8970032,78.95899963,1.58099997
9/28/2026 17:33,111.2750015,79.87999725,1.483999968
9/28/2026 17:38,106.8239975,80.76699829,1.440999985
9/28/2026 17:43,101.1389999,79.60600281,1.345000029
9/28/2026 17:48,96.25900269,76.4469986,1.228999972
9/28/2026 17:53,90.08499908,79.32499695,1.192999959
9/28/2026 17:58,83.61599731,73.44799805,1.026000023
9/28/2026 18:04,81.38300323,71.12000275,0.967000008
9/28/2026 18:09,83.49900055,76.20400238,1.062999964
9/28/2026 18:14,125.185997,57.14199829,1.195000052
9/28/2026 18:19,87.03500366,68.625,0.996999979
9/28/2026 18:24,97.70400238,59.50799942,0.971000016
9/28/2026 18:29,113.8130035,52.80500031,1.003999949
9/28/2026 18:34,65.81700134,67.29599762,0.74000001
9/28/2026 18:39,50.04000092,71.90499878,0.601000011
9/28/2026 18:44,37.75400162,71.24700165,0.449000001
9/28/2026 18:49,26.76000023,70.18599701,0.31400001
9/28/2026 18:54,17.26600075,59.40200043,0.171000004
9/28/2026 18:59,10.55099964,-0.025,0
9/28/2026 19:04,6.320000172,-0.142000005,0
9/28/2026 19:09,3.150000095,-0.386000007,0
9/28/2026 19:14,1.363999963,-1.077000022,0
9/28/2026 19:24,,,0
9/28/2026 19:34,,,0
9/28/2026 19:44,,,0
9/28/2026 19:54,,,0
9/28/2026 20:04,,,0
9/28/2026 20:14,,,0
9/28/2026 20:24,,,0
9/28/2026 20:35,,,0
9/28/2026 20:45,,,0
9/28/2026 20:55,,,0
9/28/2026 21:05,,,0
9/28/2026 21:15,,,0
9/28/2026 21:25,,,0
9/28/2026 21:35,,,0
9/28/2026 21:45,,,0
9/28/2026 21:55,,,0
9/29/2026 4:05,,,0
9/29/2026 4:15,,,0
9/29/2026 4:25,,,0
9/29/2026 4:35,,,0
9/29/2026 4:45,,,0
9/29/2026 4:55,,,0
9/29/2026 5:05,,,0
9/29/2026 5:15,,,0
9/29/2026 5:25,,,0
9/29/2026 5:36,,,0
9/29/2026 5:41,,,0
9/29/2026 5:46,,,0
9/29/2026 5:51,,,0
9/29/2026 5:56,,,0
9/29/2026 6:01,,,0
9/29/2026 6:06,,,0
9/29/2026 6:11,,,0
9/29/2026 6:16,,,0
9/29/2026 6:21,,,0
9/29/2026 6:26,,,0
9/29/2026 6:31,,,0
9/29/2026 6:36,,,0
9/29/2026 6:41,,,0
9/29/2026 6:46,,,0
9/29/2026 6:51,,,0
9/29/2026 6:56,,,0
9/29/2026 7:01,,,0
9/29/2026 7:06,,,0
9/29/2026 7:11,,,0
9/29/2026 7:16,,,0
9/29/2026 7:21,,,0
9/29/2026 7:26,,,0
9/29/2026 7:31,6.874000072,-0.206,0
9/29/2026 7:36,10.01500034,-0.111000001,0
9/29/2026 7:41,20.58200073,0.02,0
9/29/2026 7:46,38.97999954,5.866000175,0.037999999
9/29/2026 7:51,48.89500046,13.47200012,0.109999999
9/29/2026 7:57,85.09300232,17.04299927,0.241999999
9/29/2026 8:02,97.08000183,20.54599953,0.333000004
9/29/2026 8:07,88.61000061,24.87599945,0.368000001
9/29/2026 8:12,111.9690018,27.70199966,0.518000007
9/29/2026 8:17,173.404007,27.62400055,0.800000012
9/29/2026 8:22,207.1329956,29.78700066,1.029999971
9/29/2026 8:27,228.8240051,32.1590004,1.228999972
9/29/2026 8:32,247.901001,34.04600143,1.409000039
9/29/2026 8:37,260.5740051,36.68700027,1.595999956
9/29/2026 8:42,262.2229919,38.2840004,1.675999999
9/29/2026 8:47,184.7819977,41.25099945,1.273000002
9/29/2026 8:52,132.8170013,43.875,0.97299999
9/29/2026 8:57,192.0590057,44.45800018,1.425999999
9/29/2026 9:02,230.0800018,46.34600067,1.781000018
9/29/2026 9:07,372.8739929,46.88700104,2.920000076
9/29/2026 9:12,411.6789856,49.04800034,3.371999979
9/29/2026 9:17,421.2820129,51.22900009,3.604000092
9/29/2026 9:22,443.6640015,52.66600037,3.90199995
9/29/2026 9:27,490.144989,54.49900055,4.460999966
9/29/2026 9:32,514.7709961,56.33499908,4.842999935
9/29/2026 9:37,494.4689941,58.38499832,4.821000099
9/29/2026 9:42,434.1520081,60.72399902,4.402999878
9/29/2026 9:47,485.5570068,61.13499832,4.956999779
9/29/2026 9:52,518.2119751,63.56900024,5.500999928
9/29/2026 9:57,554.7609863,65.18599701,6.039000034
9/29/2026 10:02,556.0460205,66.7009964,6.193999767
9/29/2026 10:07,409.8980103,70.93599701,4.855999947
9/29/2026 10:12,418.4349976,69.88899994,4.883999825
9/29/2026 10:17,401.743988,72.04299927,4.833000183
9/29/2026 10:23,417.2690125,70.33599854,4.901000023
9/29/2026 10:28,495.3540039,73.45700073,6.077000141
9/29/2026 10:33,502.4129944,73.2480011,6.145999908
9/29/2026 10:38,506.1340027,74.15000153,6.267000198
9/29/2026 10:43,444.7990112,74.88500214,5.563000202
9/29/2026 10:48,419.2929993,76.26799774,5.340000153
9/29/2026 10:53,450.6990051,76.00800323,5.721000195
9/29/2026 10:58,528.651001,73.85700226,6.519999981
9/29/2026 11:03,665.1309814,76.79799652,8.531000137
9/29/2026 11:08,684.59198,77.60199738,8.871999741
9/29/2026 11:13,579.0100098,79.8239975,7.718999863
9/29/2026 11:18,581.2719727,78.98799896,7.668000221
9/29/2026 11:23,580.8060303,81.14900208,7.870999813
9/29/2026 11:28,576.8430176,81.39099884,7.84100008
9/29/2026 11:33,613.7919922,80.5039978,8.251999855
9/29/2026 11:38,583.4000244,83.94200134,8.17800045
9/29/2026 11:43,427.3169861,84.3010025,6.015999794
9/29/2026 11:48,265.2090149,82.02799988,3.632999897
9/29/2026 11:53,289.881012,81.97799683,3.969000101
9/29/2026 11:58,452.9379883,85.83300018,6.492000103
9/29/2026 12:03,610.2319946,84.53600311,8.614999771
9/29/2026 12:08,462.4549866,84.76799774,6.546999931
9/29/2026 12:13,442.5929871,90.75,6.708000183
9/29/2026 12:18,468.1069946,85.38300323,6.675000191
9/29/2026 12:23,440.4039917,87.48300171,6.434000015
9/29/2026 12:28,311.7969971,85.16300201,4.434000015
9/29/2026 12:33,450.0969849,84.98999786,6.388000011
9/29/2026 12:38,352.9060059,84.29199982,4.967999935
9/29/2026 12:44,434.0870056,84.02600098,6.09100008
9/29/2026 12:49,554.0770264,84.84500122,7.850999832
9/29/2026 12:54,605.21698,85.81300354,8.673000336
9/29/2026 12:59,707.4060059,86.05999756,10.16699982
9/29/2026 13:04,678.2459717,87.7480011,9.93900013
9/29/2026 13:09,625.8969727,86.06700134,8.99600029
9/29/2026 13:14,784.2410278,85.69100189,11.22299957
9/29/2026 13:37,654.3590088,83.96299744,9.175000191
9/29/2026 13:43,829.5739746,84.08399963,11.64900017
9/29/2026 13:48,791.7050171,85.38899994,11.28999996
9/29/2026 13:53,758.0980225,84.30999756,10.67399979
9/29/2026 13:58,655.6339722,84.66000366,9.269000053
9/29/2026 14:03,785.4890137,84.2460022,11.05099964
9/29/2026 14:08,787.3189697,84.34100342,11.08899975
9/29/2026 14:13,732.3209839,82.02300262,10.03100014
9/29/2026 14:18,701.1220093,81.03199768,9.487999916
9/29/2026 14:23,482.9030151,90.14800262,7.269999981
9/29/2026 14:28,639.7180176,77.20500183,8.248000145
9/29/2026 14:33,746.9349976,82.46199799,10.28600025
9/29/2026 14:38,578.8909912,84.45400238,8.164999962
9/29/2026 14:43,531.914978,82.64600372,7.34100008
9/29/2026 14:48,339.6700134,83.24199677,4.722000122
9/29/2026 14:53,262.3989868,82.14499664,3.599999905
9/29/2026 14:58,239.7480011,84.28600311,3.375
9/29/2026 15:03,231.0379944,84.06800079,3.243999958
9/29/2026 15:08,219.3540039,84.57800293,3.09800005
9/29/2026 15:13,215.5679932,84.41899872,3.039000034
9/29/2026 15:18,213.0709991,84.84899902,3.019000053
9/29/2026 15:23,219.1920013,84.46299744,3.092000008
9/29/2026 15:28,236.3390045,82.20500183,3.244999886
9/29/2026 15:33,196.7539978,85.09999847,2.796000004
9/29/2026 15:38,178.5509949,84.52700043,2.519999981
9/29/2026 15:43,167.4259949,84.52899933,2.362999916
9/29/2026 15:48,158.173996,84.66000366,2.236000061
9/29/2026 15:53,151.5279999,85.80899811,2.171000004
9/29/2026 15:58,147.1060028,85.63600159,2.104000092
9/29/2026 16:03,142.0559998,86.47699738,2.052000046
9/29/2026 16:09,142.2539978,83.19999695,1.976999998
9/29/2026 16:14,175.8350067,78.33499908,2.299999952
9/29/2026 16:19,185.6759949,78.23500061,2.426000118
9/29/2026 16:24,200.9060059,78.35900116,2.628999949
9/29/2026 16:29,233.8639984,77.03700256,3.009000063
9/29/2026 16:34,261.5010071,75.69200134,3.305999994
9/29/2026 16:39,292.2470093,73.68499756,3.595999956
9/29/2026 16:44,300.7000122,72.68399811,3.650000095
9/29/2026 16:49,168.9170074,83.69100189,2.361000061
9/29/2026 16:54,144.7169952,83.70500183,2.023000002
9/29/2026 16:59,125.5899963,83.0039978,1.741000056
9/29/2026 17:04,116.2529984,81.70300293,1.585999966
9/29/2026 17:09,127.4749985,75.78099823,1.613000035
9/29/2026 17:14,190.5319977,71.57700348,2.278000116
9/29/2026 17:19,208.3809967,67.03700256,2.332999945
9/29/2026 17:24,123.3740005,74.08999634,1.52699995
9/29/2026 17:29,104.9810028,74.73600006,1.309999943
9/29/2026 17:34,96.80999756,73.7440033,1.192000031
9/29/2026 17:39,87.61399841,75.38600159,1.103000045
9/29/2026 17:44,79.71700287,74.80000305,0.995999992
9/29/2026 17:49,72.74700165,76.11100006,0.925000012
9/29/2026 17:54,66.4240036,77.40000153,0.859000027
9/29/2026 17:59,61.18399811,75.65200043,0.773000002
9/29/2026 18:04,56.6780014,80.52899933,0.762000024
9/29/2026 18:09,51.99000168,78.07900238,0.677999973
9/29/2026 18:14,46.02600098,76.45300293,0.588
9/29/2026 18:19,38.1969986,75.85600281,0.483999997
9/29/2026 18:24,29.8010006,71.93099976,0.35800001
9/29/2026 18:30,22.50200081,71.69400024,0.268999994
9/29/2026 18:35,17.31699944,51.30799866,0.148000002
9/29/2026 18:40,14.09000015,0.017000001,0
9/29/2026 18:45,12.43299961,0.029999999,0
9/29/2026 18:50,11.66100025,-0.017999999,0
9/29/2026 18:55,7.468999863,-0.180999994,0
9/29/2026 19:00,4.550000191,-0.314999998,0
9/29/2026 19:05,2.631000042,-0.632000029,0
9/29/2026 19:10,0.777999997,-2.062999964,0
9/29/2026 19:25,,,0
9/29/2026 19:35,,,0
9/29/2026 19:45,,,0
9/29/2026 19:55,,,0
9/29/2026 20:05,,,0
9/29/2026 20:15,,,0
9/29/2026 20:25,,,0
9/29/2026 20:35,,,0
9/29/2026 20:45,,,0
9/29/2026 20:56,,,0
9/29/2026 21:01,,,0
9/29/2026 21:06,,,0
9/29/2026 21:11,,,0
9/29/2026 21:16,,,0
9/29/2026 21:21,,,0
9/29/2026 21:26,,,0
9/29/2026 21:31,,,0
9/29/2026 21:36,,,0
9/29/2026 21:41,,,0
9/29/2026 21:46,,,0
9/29/2026 21:51,,,0
9/29/2026 21:56,,,0
9/30/2026 4:00,0.449999988,-3.263000011,0
9/30/2026 4:05,,,0
9/30/2026 4:10,0.136999995,-9.43200016,0
9/30/2026 4:15,,,0
9/30/2026 4:20,0.340999991,-3.486000061,0
9/30/2026 4:25,,,0
9/30/2026 4:30,0.171000004,-8.826000214,0
9/30/2026 4:35,,,0
9/30/2026 4:40,0.222000003,-6.639999866,0
9/30/2026 4:45,,,0
9/30/2026 4:50,0.344999999,-4.422999859,0
9/30/2026 4:55,,,0
9/30/2026 5:05,,,0
9/30/2026 5:15,,,0
9/30/2026 5:25,,,0
9/30/2026 5:36,,,0
9/30/2026 5:41,,,0
9/30/2026 5:46,,,0
9/30/2026 5:51,,,0
9/30/2026 5:56,,,0
9/30/2026 6:01,,,0
9/30/2026 6:06,,,0
9/30/2026 6:11,,,0
9/30/2026 6:16,,,0
9/30/2026 6:21,,,0
9/30/2026 6:26,,,0
9/30/2026 6:31,,,0
9/30/2026 6:36,,,0
9/30/2026 6:41,,,0
9/30/2026 6:46,,,0
9/30/2026 6:51,,,0
9/30/2026 6:56,,,0
9/30/2026 7:01,,,0
9/30/2026 7:06,,,0
9/30/2026 7:11,,,0
9/30/2026 7:16,,,0
9/30/2026 7:21,,,0
9/30/2026 7:26,,,0
9/30/2026 7:31,5.639999866,-0.324000001,0
9/30/2026 7:36,8.557999611,-0.191,0
9/30/2026 7:41,13.39700031,-0.096000001,0
9/30/2026 7:46,16.71800041,-0.075000003,0
9/30/2026 7:51,7.923999786,-0.202000007,0
9/30/2026 7:57,4.40199995,-0.342000008,0
9/30/2026 8:02,6.889999866,-0.202000007,0
9/30/2026 8:07,11.28899956,-0.014,0
9/30/2026 8:12,17.53300095,0.108999997,0
9/30/2026 8:17,21.22699928,0.233999997,0.001
9/30/2026 8:22,24.48500061,15.83399963,0.064999998
9/30/2026 8:27,22.55200005,14.93799973,0.056000002
9/30/2026 8:32,27.22100067,21.97599983,0.100000001
9/30/2026 8:37,34.65599823,27.62299919,0.159999996
9/30/2026 8:42,35.46900177,27.41399956,0.162
9/30/2026 8:47,34.77700043,29.5170002,0.171000004
9/30/2026 8:52,36.05799866,31.75900078,0.191
9/30/2026 8:57,34.56600189,31.21800041,0.180000007
9/30/2026 9:02,41.42100143,34.58200073,0.238999993
9/30/2026 9:07,49.56800079,36.76100159,0.30399999
9/30/2026 9:12,57.54399872,39.95899963,0.384000003
9/30/2026 9:17,66.91899872,43.09000015,0.481999993
9/30/2026 9:22,78.95700073,45.15100098,0.595000029
9/30/2026 9:27,92.93399811,47.26800156,0.734000027
9/30/2026 9:32,108.7519989,47.21300125,0.856999993
9/30/2026 9:37,128.1119995,50.41999817,1.078999996
9/30/2026 9:42,143.8359985,52.22800064,1.254999995
9/30/2026 9:47,156.1790009,53.65100098,1.399000049
9/30/2026 9:52,155.7200012,55.26100159,1.437000036
9/30/2026 9:57,170.697998,56.22000122,1.603000045
9/30/2026 10:02,190.2189941,57.89500046,1.838999987
9/30/2026 10:07,177.4210052,59.16699982,1.753000021
9/30/2026 10:12,133.026001,60.27500153,1.338999987
9/30/2026 10:18,91.66200256,58.85699844,0.901000023
9/30/2026 10:23,82.27200317,55.70899963,0.764999986
9/30/2026 10:28,115.6080017,60.33599854,1.164999962
9/30/2026 10:33,163.2019958,60.7159996,1.654999971
9/30/2026 10:38,216.3699951,64.42199707,2.328000069
9/30/2026 10:43,173.1670074,63.64599991,1.840999961
9/30/2026 10:48,123.5270004,61.92900085,1.277999997
9/30/2026 10:53,111.8399963,63.44200134,1.184999943
9/30/2026 10:58,111.8860016,64.86199951,1.212000012
9/30/2026 11:03,89.46499634,64.04499817,0.957000017
9/30/2026 11:08,84.60700226,63.04999924,0.890999973
9/30/2026 11:13,101.0490036,64.99299622,1.097000003
9/30/2026 11:18,110.7910004,66.51499939,1.230999947
9/30/2026 11:23,116.2979965,66.89299774,1.299000025
9/30/2026 11:28,119.0459976,67.11199951,1.333999991
