Time,Irr,PR,Pmpp
2026-05-12 18:55:53,39.685001373291016,96.2509994506836,0.4740000069141388
2026-05-12 19:00:55,38.67399978637695,94.88700103759766,0.45500001311302185
2026-05-12 19:05:57,37.72600173950195,95.2959976196289,0.44600000977516174
2026-05-12 19:10:59,36.672000885009766,98.5479965209961,0.4480000138282776
2026-05-12 19:16:01,35.750999450683594,94.52200317382812,0.4189999997615814
2026-05-12 19:21:03,34.6150016784668,97.96199798583984,0.41999998688697815
2026-05-12 19:26:05,33.54100036621094,93.35600280761719,0.3880000114440918
2026-05-12 19:31:07,32.62699890136719,95.00900268554688,0.3840000033378601
2026-05-12 19:36:09,31.4950008392334,95.9469985961914,0.375
2026-05-12 19:41:11,30.43000030517578,97.7239990234375,0.36899998784065247
2026-05-12 19:46:13,29.145999908447266,97.26000213623047,0.35199999809265137
2026-05-12 19:51:15,27.9950008392334,96.66799926757812,0.335999995470047
2026-05-12 19:56:17,26.48900032043457,96.23699951171875,0.3160000145435333
2026-05-12 20:01:19,21.704999923706055,105.7020034790039,0.2840000092983246
2026-05-12 20:06:21,19.716999053955078,103.14800262451172,0.25200000405311584
2026-05-12 20:11:23,18.006999969482422,104.50900268554688,0.2329999953508377
2026-05-12 20:16:25,16.242000579833984,106.59100341796875,0.2150000035762787
2026-05-12 20:21:27,14.536999702453613,110.35299682617188,0.19900000095367432
2026-05-12 20:26:29,12.192000389099121,99.5999984741211,0.1509999930858612
2026-05-12 20:31:31,9.269000053405762,124.33100128173828,0.14300000667572021
2026-05-12 20:36:33,7.098999977111816,130.75999450683594,0.11500000208616257
2026-05-12 20:41:35,5.284999847412109,135.2729949951172,0.08900000154972076
2026-05-12 20:46:37,3.7100000381469727,1.1160000562667847,0.0010000000474974513
2026-05-12 20:51:39,2.4660000801086426,0.33899998664855957,0.0
2026-05-12 20:56:41,1.3550000190734863,0.21299999952316284,0.0
2026-05-13 06:02:32,1.3550000190734863,0.21299999952316284,0.0
2026-05-13 06:07:34,5.5269999504089355,0.25,0.0
2026-05-13 06:12:36,7.752999782562256,66.00800323486328,0.06300000101327896
2026-05-13 06:17:38,10.298999786376953,83.63700103759766,0.10700000077486038
2026-05-13 06:22:40,13.479000091552734,85.35700225830078,0.14300000667572021
2026-05-13 06:27:42,17.08300018310547,81.2969970703125,0.1720000058412552
2026-05-13 06:32:44,21.141000747680664,80.2959976196289,0.20999999344348907
2026-05-13 06:37:46,25.374000549316406,82.6520004272461,0.25999999046325684
2026-05-13 06:42:48,27.83300018310547,78.80500030517578,0.2720000147819519
2026-05-13 06:47:50,30.264999389648438,82.13899993896484,0.30799999833106995
2026-05-13 06:52:52,34.26300048828125,78.84300231933594,0.33500000834465027
2026-05-13 06:57:54,38.69499969482422,77.61000061035156,0.3720000088214874
2026-05-13 07:02:56,42.72200012207031,80.23999786376953,0.42500001192092896
2026-05-13 07:07:58,45.83000183105469,74.25399780273438,0.421999990940094
2026-05-13 07:13:00,44.70399856567383,80.00800323486328,0.4440000057220459
2026-05-13 07:18:02,45.65700149536133,79.59700012207031,0.45100000500679016
2026-05-13 07:23:04,48.21699905395508,83.8219985961914,0.5009999871253967
2026-05-13 07:28:06,66.10299682617188,61.96699905395508,0.5080000162124634
2026-05-13 07:33:08,153.2689971923828,26.243999481201172,0.49900001287460327
2026-05-13 07:38:10,170.03199768066406,24.42799949645996,0.5149999856948853
2026-05-13 07:43:12,195.43800354003906,49.152000427246094,1.190999984741211
2026-05-13 07:48:14,224.64199829101562,51.4109992980957,1.4320000410079956
2026-05-13 07:53:16,237.71400451660156,50.58700180053711,1.4910000562667847
2026-05-13 07:58:18,274.39300537109375,51.93299865722656,1.7669999599456787
2026-05-13 08:03:20,305.1440124511719,54.22600173950195,2.052000045776367
2026-05-13 08:08:22,329.9630126953125,50.03499984741211,2.046999931335449
2026-05-13 08:13:24,236.6540069580078,66.02200317382812,1.937000036239624
2026-05-13 08:18:26,292.0530090332031,57.23400115966797,2.072999954223633
2026-05-13 08:23:28,169.08799743652344,75.5739974975586,1.5850000381469727
2026-05-13 08:28:30,190.98500061035156,73.447998046875,1.7389999628067017
2026-05-13 08:33:32,220.1649932861328,70.5270004272461,1.9249999523162842
2026-05-13 08:38:34,272.3500061035156,104.37100219726562,3.5250000953674316
2026-05-13 08:43:36,516.2990112304688,60.28200149536133,3.8589999675750732
2026-05-13 08:48:38,234.23199462890625,65.69599914550781,1.9079999923706055
2026-05-13 08:53:40,228.16700744628906,68.81999969482422,1.9470000267028809
2026-05-13 08:58:42,390.0,62.630001068115234,3.0290000438690186
2026-05-13 09:03:44,302.0780029296875,67.98699951171875,2.546999931335449
2026-05-13 09:08:46,540.2080078125,64.61299896240234,4.328000068664551
2026-05-13 09:13:48,460.77301025390625,57.459999084472656,3.2829999923706055
2026-05-13 09:18:50,505.2239990234375,74.51499938964844,4.668000221252441
2026-05-13 09:23:52,439.7229919433594,65.43499755859375,3.568000078201294
2026-05-13 09:28:54,586.27001953125,67.52100372314453,4.908999919891357
2026-05-13 09:33:56,618.2009887695312,66.83300018310547,5.123000144958496
2026-05-13 09:38:58,638.4000244140625,71.99199676513672,5.698999881744385
2026-05-13 09:44:00,642.0689697265625,77.69000244140625,6.184999942779541
2026-05-13 09:49:02,680.7109985351562,63.60599899291992,5.36899995803833
2026-05-13 09:54:04,700.822998046875,62.875,5.464000225067139
2026-05-13 09:59:06,639.72802734375,73.30799865722656,5.815000057220459
2026-05-13 10:04:08,756.3499755859375,68.83300018310547,6.455999851226807
2026-05-13 10:09:10,735.1950073242188,69.69599914550781,6.354000091552734
2026-05-13 10:14:12,773.1060180664062,72.18399810791016,6.920000076293945
2026-05-13 10:19:13,775.7940063476562,72.38400268554688,6.9629998207092285
2026-05-13 10:24:15,775.8930053710938,75.15499877929688,7.230999946594238
2026-05-13 10:29:17,334.114013671875,130.63099670410156,5.4120001792907715
2026-05-13 10:34:19,211.4739990234375,89.78800201416016,2.3540000915527344
2026-05-13 10:39:21,404.09600830078125,60.459999084472656,3.0299999713897705
2026-05-13 10:44:23,263.81500244140625,88.5510025024414,2.8970000743865967
2026-05-13 10:49:25,228.29299926757812,86.83100128173828,2.4579999446868896
2026-05-13 10:54:27,187.65699768066406,87.0790023803711,2.0260000228881836
2026-05-13 10:59:29,142.76600646972656,86.31900024414062,1.527999997138977
2026-05-13 11:04:31,181.91099548339844,87.60700225830078,1.9759999513626099
2026-05-13 11:09:33,181.9949951171875,87.49700164794922,1.975000023841858
2026-05-13 11:14:35,170.17799377441406,86.927001953125,1.8339999914169312
2026-05-13 11:19:37,180.80499267578125,87.13800048828125,1.9539999961853027
2026-05-13 11:24:39,201.2779998779297,86.85399627685547,2.1679999828338623
2026-05-13 11:29:41,213.92599487304688,87.41300201416016,2.319000005722046
2026-05-13 11:34:43,254.14100646972656,87.20899963378906,2.747999906539917
2026-05-13 11:39:45,217.4239959716797,86.51699829101562,2.3329999446868896
2026-05-13 11:44:47,221.73300170898438,85.4520034790039,2.3489999771118164
2026-05-13 11:49:49,248.0500030517578,88.27300262451172,2.7149999141693115
2026-05-13 11:54:51,237.95399475097656,86.83300018310547,2.562000036239624
2026-05-13 11:59:53,258.0530090332031,85.38800048828125,2.7320001125335693
2026-05-13 12:04:55,436.19000244140625,83.02799987792969,4.491000175476074
2026-05-13 12:09:57,547.7529907226562,85.31800079345703,5.795000076293945
2026-05-13 12:14:59,375.3599853515625,86.0770034790039,4.00600004196167
2026-05-13 12:20:01,1341.5589599609375,80.4280014038086,13.380000114440918
2026-05-13 12:25:03,544.1530151367188,104.28700256347656,7.0370001792907715
2026-05-13 12:30:05,1344.39794921875,82.66699981689453,13.781000137329102
2026-05-13 12:35:07,632.4530029296875,71.27799987792969,5.590000152587891
2026-05-13 12:40:09,322.71099853515625,92.36699676513672,3.696000099182129
2026-05-13 12:45:11,271.83099365234375,88.95500183105469,2.997999906539917
2026-05-13 12:50:13,554.458984375,92.73300170898438,6.375999927520752
2026-05-13 12:55:15,423.8609924316406,90.62699890136719,4.763000011444092
2026-05-13 13:00:17,405.06500244140625,148.24400329589844,7.446000099182129
2026-05-13 13:05:19,1028.5870361328125,115.2040023803711,14.694000244140625
2026-05-13 13:10:21,376.114013671875,85.95800018310547,4.008999824523926
2026-05-13 13:15:23,299.6910095214844,92.97200012207031,3.4549999237060547
2026-05-13 13:20:25,1350.4019775390625,89.10800170898438,14.920999526977539
2026-05-13 13:44:08,279.84698486328125,91.66200256347656,3.180999994277954
2026-05-13 13:49:10,256.8269958496094,92.52100372314453,2.946000099182129
2026-05-13 13:54:12,199.74400329589844,89.3219985961914,2.2119998931884766
2026-05-13 13:59:14,267.15399169921875,92.27100372314453,3.056999921798706
2026-05-13 14:04:16,151.27499389648438,89.6729965209961,1.6820000410079956
2026-05-13 14:09:18,148.26300048828125,90.64900207519531,1.6670000553131104
2026-05-13 14:14:20,216.91400146484375,86.58499908447266,2.3289999961853027
2026-05-13 14:19:22,842.2470092773438,43.4119987487793,4.533999919891357
2026-05-13 14:24:24,638.4180297851562,78.68399810791016,6.229000091552734
2026-05-13 14:29:26,389.9219970703125,83.75399780273438,4.050000190734863
2026-05-13 14:34:28,370.9230041503906,85.62799835205078,3.937999963760376
2026-05-13 14:39:30,1088.8160400390625,92.88800048828125,12.541000366210938
2026-05-13 14:44:32,244.54400634765625,88.3479995727539,2.678999900817871
2026-05-13 14:49:34,339.125,90.37200164794922,3.799999952316284
2026-05-13 14:54:36,213.74200439453125,88.95500183105469,2.3580000400543213
2026-05-13 14:59:38,793.3599853515625,96.35399627685547,9.479000091552734
2026-05-13 15:04:40,265.4169921875,90.14900207519531,2.9670000076293945
2026-05-13 15:09:42,257.1520080566406,89.08200073242188,2.8410000801086426
2026-05-13 15:14:44,183.00799560546875,91.85700225830078,2.0850000381469727
2026-05-13 15:19:46,245.28199768066406,88.87699890136719,2.703000068664551
2026-05-13 15:24:48,284.42999267578125,103.55699920654297,3.6519999504089355
2026-05-13 15:29:50,192.15499877929688,87.15599822998047,2.0769999027252197
2026-05-13 15:34:52,200.16700744628906,86.7249984741211,2.1530001163482666
2026-05-13 15:39:54,963.1859741210938,44.154998779296875,5.27400016784668
2026-05-13 15:44:56,640.906982421875,97.21099853515625,7.72599983215332
2026-05-13 15:49:58,167.88999938964844,85.15499877929688,1.7730000019073486
2026-05-13 15:55:00,141.43299865722656,87.00900268554688,1.5260000228881836
2026-05-13 16:00:02,151.97500610351562,87.95899963378906,1.6579999923706055
2026-05-13 16:05:04,113.7969970703125,89.2239990234375,1.2589999437332153
2026-05-13 16:10:06,103.31900024414062,92.11100006103516,1.1799999475479126
2026-05-13 16:15:08,77.84700012207031,85.56099700927734,0.8259999752044678
2026-05-13 16:20:10,138.53700256347656,87.24600219726562,1.4989999532699585
2026-05-13 16:25:12,272.0480041503906,86.34300231933594,2.9130001068115234
2026-05-13 16:30:13,507.0480041503906,77.84600067138672,4.894000053405762
2026-05-13 16:35:15,316.6289978027344,74.03600311279297,2.9070000648498535
2026-05-13 16:40:17,172.72900390625,88.9209976196289,1.9049999713897705
2026-05-13 16:45:19,289.9339904785156,71.98699951171875,2.5880000591278076
2026-05-13 16:50:21,246.03399658203125,86.5260009765625,2.640000104904175
2026-05-13 16:55:23,275.12200927734375,84.00700378417969,2.865999937057495
2026-05-13 17:00:25,220.3730010986328,85.677001953125,2.3410000801086426
2026-05-13 17:05:27,169.75100708007812,86.30000305175781,1.8170000314712524
2026-05-13 17:10:29,271.24798583984375,96.22000122070312,3.2360000610351562
2026-05-13 17:15:31,187.9219970703125,86.37200164794922,2.013000011444092
2026-05-13 17:20:33,185.57699584960938,86.86599731445312,1.9989999532699585
2026-05-13 17:25:35,198.8179931640625,85.18599700927734,2.0999999046325684
2026-05-13 17:30:37,168.69700622558594,82.99500274658203,1.7359999418258667
2026-05-13 17:35:39,364.47100830078125,40.409000396728516,1.8259999752044678
2026-05-13 17:40:41,146.23500061035156,78.96099853515625,1.4320000410079956
2026-05-13 17:45:43,104.65899658203125,78.78900146484375,1.0230000019073486
2026-05-13 17:50:45,250.36300659179688,52.97999954223633,1.6449999809265137
2026-05-13 17:55:47,123.8030014038086,127.59700012207031,1.9589999914169312
2026-05-13 18:00:49,132.57400512695312,81.02300262451172,1.3320000171661377
2026-05-13 18:05:51,118.54199981689453,81.88800048828125,1.2039999961853027
2026-05-13 18:10:53,164.0590057373047,100.48999786376953,2.0439999103546143
2026-05-13 18:15:55,134.76800537109375,160.38299560546875,2.680000066757202
2026-05-13 18:20:57,154.20599365234375,150.36900329589844,2.875
2026-05-13 18:25:59,119.49700164794922,140.50599670410156,2.0820000171661377
2026-05-13 18:31:01,90.81800079345703,84.1449966430664,0.9480000138282776
2026-05-13 18:36:03,106.76799774169922,83.94599914550781,1.1109999418258667
2026-05-13 18:41:05,130.41400146484375,83.97100067138672,1.3580000400543213
2026-05-13 18:46:07,144.8209991455078,81.96900177001953,1.472000002861023
2026-05-13 18:51:09,135.95199584960938,81.75599670410156,1.378000020980835
2026-05-13 18:56:11,110.93699645996094,82.70800018310547,1.1380000114440918
2026-05-13 19:01:13,104.82099914550781,82.3290023803711,1.0700000524520874
2026-05-13 19:06:15,88.64600372314453,83.03199768066406,0.9129999876022339
2026-05-13 19:11:17,91.64800262451172,80.11199951171875,0.9100000262260437
2026-05-13 19:16:19,81.677001953125,78.9800033569336,0.800000011920929
2026-05-13 19:21:21,88.23500061035156,80.8759994506836,0.8849999904632568
2026-05-13 19:26:23,81.16100311279297,82.81900024414062,0.8330000042915344
2026-05-13 19:31:25,80.58699798583984,84.58899688720703,0.8450000286102295
2026-05-13 19:36:27,66.26100158691406,83.0270004272461,0.6819999814033508
2026-05-13 19:41:29,51.84199905395508,84.38400268554688,0.5419999957084656
2026-05-13 19:46:31,36.97100067138672,86.51899719238281,0.3970000147819519
2026-05-13 19:51:33,24.573999404907227,83.40799713134766,0.2540000081062317
2026-05-13 19:56:35,26.27899932861328,80.5790023803711,0.2630000114440918
2026-05-13 20:01:37,26.42300033569336,79.48600006103516,0.25999999046325684
2026-05-13 20:06:39,25.128999710083008,79.51799774169922,0.24799999594688416
2026-05-13 20:11:41,17.96299934387207,79.22200012207031,0.17599999904632568
2026-05-13 20:16:43,18.58300018310547,79.39099884033203,0.18299999833106995
2026-05-13 20:21:45,15.984000205993652,78.23999786376953,0.1550000011920929
2026-05-13 20:26:47,8.420999526977539,88.38300323486328,0.09200000017881393
2026-05-13 20:31:49,12.206000328063965,85.1449966430664,0.1289999932050705
2026-05-13 20:36:51,10.970999717712402,78.84300231933594,0.10700000077486038
2026-05-13 20:41:53,5.0289998054504395,4.7820000648498535,0.003000000026077032
2026-05-13 20:46:55,2.063999891281128,0.27399998903274536,0.0
2026-05-13 20:51:57,0.6859999895095825,0.11299999803304672,0.0
2026-05-14 06:01:48,0.6859999895095825,0.11299999803304672,0.0
2026-05-14 06:06:50,1.8700000047683716,0.1469999998807907,0.0
2026-05-14 06:11:52,3.7190001010894775,0.1850000023841858,0.0
2026-05-14 06:16:54,3.440000057220459,0.25699999928474426,0.0
2026-05-14 06:21:56,6.151000022888184,0.20499999821186066,0.0
2026-05-14 06:26:58,9.454000473022461,102.67400360107422,0.11999999731779099
2026-05-14 06:32:00,10.102999687194824,98.46900177001953,0.12300000339746475
2026-05-14 06:37:02,12.303999900817871,87.16699981689453,0.13300000131130219
2026-05-14 06:42:04,11.041999816894531,87.91799926757812,0.11999999731779099
2026-05-14 06:47:06,16.719999313354492,82.1729965209961,0.17000000178813934
2026-05-14 06:52:08,20.43400001525879,89.06199645996094,0.22599999606609344
2026-05-14 06:57:10,26.577999114990234,80.68099975585938,0.26600000262260437
2026-05-14 07:02:12,24.183000564575195,91.14099884033203,0.27300000190734863
2026-05-14 07:07:14,21.257999420166016,82.10600280761719,0.2160000056028366
2026-05-14 07:12:16,43.35300064086914,71.46199798583984,0.3840000033378601
2026-05-14 07:17:18,55.757999420166016,78.46800231933594,0.5429999828338623
2026-05-14 07:22:20,72.34700012207031,81.87999725341797,0.7350000143051147
2026-05-14 07:27:22,83.63200378417969,85.44599914550781,0.8859999775886536
2026-05-14 07:32:24,53.435001373291016,75.26499938964844,0.49900001287460327
2026-05-14 07:37:26,21.648000717163086,86.9010009765625,0.2329999953508377
2026-05-14 07:42:28,19.41900062561035,82.18399810791016,0.1979999989271164
2026-05-14 07:47:30,31.368999481201172,89.0469970703125,0.34599998593330383
2026-05-14 07:52:32,33.637001037597656,90.04399871826172,0.37599998712539673
2026-05-14 07:57:34,37.73899841308594,92.16100311279297,0.4309999942779541
2026-05-14 08:02:36,25.108999252319336,87.58699798583984,0.27300000190734863
2026-05-14 08:07:38,49.50199890136719,90.59300231933594,0.5559999942779541
2026-05-14 08:12:40,32.185001373291016,88.54900360107422,0.3529999852180481
2026-05-14 08:17:42,43.88100051879883,89.98600006103516,0.49000000953674316
2026-05-14 08:22:44,32.9119987487793,90.79100036621094,0.3709999918937683
2026-05-14 08:27:46,17.922000885009766,97.21399688720703,0.2160000056028366
2026-05-14 08:32:48,20.496000289916992,97.31900024414062,0.24699999392032623
2026-05-14 08:37:50,29.30699920654297,103.33999633789062,0.37599998712539673
2026-05-14 08:42:52,22.427000045776367,102.4749984741211,0.2849999964237213
2026-05-14 08:47:54,29.35099983215332,100.22599792480469,0.36500000953674316
2026-05-14 08:52:56,37.22999954223633,77.93800354003906,0.36000001430511475
2026-05-14 08:57:58,80.34300231933594,85.70899963378906,0.8539999723434448
2026-05-14 09:03:00,171.78700256347656,77.11399841308594,1.6430000066757202
2026-05-14 09:08:02,134.86199951171875,84.6510009765625,1.4160000085830688
2026-05-14 09:13:04,114.2490005493164,90.66300201416016,1.284000039100647
2026-05-14 09:18:06,72.74199676513672,89.87100219726562,0.8109999895095825
2026-05-14 09:23:08,91.04499816894531,91.4520034790039,1.031999945640564
2026-05-14 09:28:10,118.53700256347656,90.65399932861328,1.3320000171661377
2026-05-14 09:33:12,95.197998046875,84.69499969482422,1.0
2026-05-14 09:38:14,183.30099487304688,86.08899688720703,1.9570000171661377
2026-05-14 09:43:16,168.7729949951172,80.64099884033203,1.687999963760376
2026-05-14 09:48:17,220.4459991455078,85.26499938964844,2.3310000896453857
2026-05-14 09:53:19,125.50399780273438,93.44000244140625,1.4539999961853027
2026-05-14 09:58:21,130.91900634765625,88.90899658203125,1.4429999589920044
2026-05-14 10:03:23,217.88099670410156,87.30400085449219,2.3589999675750732
2026-05-14 10:08:25,224.71499633789062,84.31199645996094,2.3489999771118164
2026-05-14 10:13:27,237.26400756835938,85.49600219726562,2.515000104904175
2026-05-14 10:18:29,142.04100036621094,85.73799896240234,1.5099999904632568
2026-05-14 10:23:31,180.77499389648438,86.05000305175781,1.9290000200271606
2026-05-14 10:28:33,268.02301025390625,88.18399810791016,2.930999994277954
2026-05-14 10:33:35,335.66400146484375,82.58799743652344,3.437999963760376
2026-05-14 10:38:37,351.9519958496094,84.10800170898438,3.6710000038146973
2026-05-14 10:43:39,271.9179992675781,85.1780014038086,2.871999979019165
2026-05-14 10:48:41,510.65399169921875,53.24599838256836,3.371999979019165
2026-05-14 10:53:43,186.68600463867188,86.24299621582031,1.996000051498413
2026-05-14 10:58:45,148.70899963378906,89.9749984741211,1.659000039100647
2026-05-14 11:03:47,128.01600646972656,91.38300323486328,1.4509999752044678
2026-05-14 11:08:49,139.89300537109375,89.05899810791016,1.5449999570846558
2026-05-14 11:13:51,233.82899475097656,81.08300018310547,2.3510000705718994
2026-05-14 11:18:53,294.14599609375,84.5250015258789,3.0829999446868896
2026-05-14 11:23:55,336.802001953125,83.83399963378906,3.500999927520752
2026-05-14 11:28:57,341.1409912109375,82.80999755859375,3.503000020980835
2026-05-14 11:33:59,344.75201416015625,86.81300354003906,3.7109999656677246
2026-05-14 11:39:01,354.4049987792969,84.83699798583984,3.7279999256134033
2026-05-14 11:44:03,412.98699951171875,88.49500274658203,4.5320000648498535
2026-05-14 11:49:05,434.1860046386719,86.48699951171875,4.656000137329102
2026-05-14 11:54:07,1217.9840087890625,69.6259994506836,10.515999794006348
2026-05-14 11:59:09,273.9519958496094,87.4530029296875,2.9709999561309814
2026-05-14 12:04:11,206.6510009765625,89.2490005493164,2.2869999408721924
2026-05-14 12:09:13,178.56700134277344,89.10399627685547,1.9730000495910645
2026-05-14 12:14:15,163.9409942626953,87.61699676513672,1.781000018119812
2026-05-14 12:19:17,186.24200439453125,91.59700012207031,2.115000009536743
2026-05-14 12:24:19,200.9530029296875,89.5009994506836,2.2300000190734863
2026-05-14 12:29:21,199.70700073242188,88.9020004272461,2.2019999027252197
2026-05-14 12:34:23,194.99000549316406,89.5770034790039,2.1659998893737793
2026-05-14 12:39:25,162.4320068359375,89.40399932861328,1.8009999990463257
2026-05-14 12:44:27,158.49099731445312,90.30699920654297,1.774999976158142
2026-05-14 12:49:29,277.47900390625,83.16899871826172,2.861999988555908
2026-05-14 12:54:31,318.5780029296875,86.35900115966797,3.4110000133514404
2026-05-14 12:59:33,319.0929870605469,86.58399963378906,3.4260001182556152
2026-05-14 13:04:35,539.6179809570312,83.51899719238281,5.5879998207092285
2026-05-14 13:09:36,1048.510009765625,40.505001068115234,5.265999794006348
2026-05-14 13:14:38,513.166015625,85.01699829101562,5.409999847412109
2026-05-14 13:19:40,1365.737060546875,64.4489974975586,10.914999961853027
2026-05-14 13:43:28,419.7120056152344,86.875,4.520999908447266
2026-05-14 13:48:30,380.1260070800781,86.9530029296875,4.098999977111816
2026-05-14 13:53:32,295.65899658203125,77.10800170898438,2.8269999027252197
2026-05-14 13:58:34,302.18499755859375,88.10099792480469,3.3010001182556152
2026-05-14 14:03:36,450.8110046386719,89.99199676513672,5.031000137329102
2026-05-14 14:08:38,908.0800170898438,69.58699798583984,7.835999965667725
2026-05-14 14:13:40,668.8300170898438,75.85299682617188,6.290999889373779
2026-05-14 14:18:42,827.3619995117188,90.95099639892578,9.331000328063965
2026-05-14 14:23:44,1130.81103515625,88.05799865722656,12.347999572753906
2026-05-14 14:28:46,1150.9210205078125,84.20099639892578,12.017000198364258
2026-05-14 14:33:48,337.3580017089844,83.56400299072266,3.496000051498413
2026-05-14 14:38:50,252.88499450683594,93.93399810791016,2.946000099182129
2026-05-14 14:43:52,196.62399291992188,88.20800018310547,2.1510000228881836
2026-05-14 14:48:54,350.260986328125,86.83899688720703,3.7720000743865967
2026-05-14 14:53:56,988.1530151367188,74.93699645996094,9.182000160217285
2026-05-14 14:58:58,1057.968017578125,87.79499816894531,11.517999649047852
2026-05-14 15:04:00,670.1810302734375,95.01200103759766,7.895999908447266
2026-05-14 15:09:02,90.67400360107422,88.64700317382812,0.996999979019165
2026-05-14 15:14:04,180.48899841308594,79.2229995727539,1.7730000019073486
2026-05-14 15:19:06,214.58700561523438,85.71600341796875,2.2809998989105225
2026-05-14 15:24:08,192.7790069580078,91.41699981689453,2.184999942779541
2026-05-14 15:29:10,270.69500732421875,93.302001953125,3.131999969482422
2026-05-14 15:34:12,219.93800354003906,90.89800262451172,2.4790000915527344
2026-05-14 15:39:14,304.75,91.07599639892578,3.441999912261963
2026-05-14 15:44:16,537.0560302734375,85.11199951171875,5.668000221252441
2026-05-14 15:49:18,265.2820129394531,87.00599670410156,2.861999988555908
2026-05-14 15:54:20,434.7359924316406,88.78199768066406,4.785999774932861
2026-05-14 15:59:22,399.87701416015625,121.23400115966797,6.011000156402588
2026-05-14 16:04:23,535.2069702148438,71.35199737548828,4.735000133514404
2026-05-14 16:09:25,299.6000061035156,84.13600158691406,3.125999927520752
2026-05-14 16:14:27,248.6009979248047,87.70899963378906,2.7039999961853027
2026-05-14 16:19:29,280.7090148925781,87.4540023803711,3.0439999103546143
2026-05-14 16:24:31,270.135009765625,88.08599853515625,2.9509999752044678
2026-05-14 16:29:33,248.02499389648438,85.39299774169922,2.625999927520752
2026-05-14 16:34:35,261.3760070800781,85.6520004272461,2.7760000228881836
2026-05-14 16:39:37,402.5119934082031,76.53600311279297,3.819999933242798
2026-05-14 16:44:39,373.99798583984375,63.21200180053711,2.931999921798706
2026-05-14 16:49:41,287.3070068359375,85.5469970703125,3.0480000972747803
2026-05-14 16:54:43,275.0379943847656,83.90399932861328,2.861999988555908
2026-05-14 16:59:45,256.52099609375,83.98899841308594,2.671999931335449
2026-05-14 17:04:47,724.22900390625,70.4469985961914,6.326000213623047
2026-05-14 17:09:49,519.4769897460938,99.48899841308594,6.408999919891357
2026-05-14 17:14:51,307.1109924316406,70.177001953125,2.671999931335449
2026-05-14 17:19:53,322.7909851074219,66.4260025024414,2.6589999198913574
2026-05-14 17:24:55,222.5330047607422,85.3550033569336,2.3550000190734863
2026-05-14 17:29:57,580.3380126953125,66.90899658203125,4.815000057220459
2026-05-14 17:34:59,324.1969909667969,83.46299743652344,3.3550000190734863
2026-05-14 17:40:01,415.9360046386719,76.50499725341797,3.946000099182129
2026-05-14 17:45:03,161.718994140625,82.63999938964844,1.656999945640564
2026-05-14 17:50:05,179.3489990234375,74.21600341796875,1.6510000228881836
2026-05-14 17:55:07,116.81400299072266,88.34500122070312,1.2799999713897705
2026-05-14 18:00:09,102.25399780273438,87.25800323486328,1.1059999465942383
2026-05-14 18:05:11,101.3030014038086,88.20600128173828,1.1080000400543213
2026-05-14 18:10:13,50.01599884033203,89.05899810791016,0.5519999861717224
2026-05-14 18:15:15,13.586000442504883,101.60299682617188,0.17100000381469727
2026-05-14 18:20:17,32.069000244140625,94.23799896240234,0.375
2026-05-14 18:25:19,38.744998931884766,94.99800109863281,0.4560000002384186
2026-05-14 18:30:21,61.56800079345703,87.64299774169922,0.6690000295639038
2026-05-14 18:35:23,77.36199951171875,88.91100311279297,0.8529999852180481
2026-05-14 18:40:25,64.86199951171875,86.45600128173828,0.6949999928474426
2026-05-14 18:45:27,57.67499923706055,82.49600219726562,0.5899999737739563
2026-05-14 18:50:29,48.400001525878906,86.61699676513672,0.5199999809265137
2026-05-14 18:55:31,59.66400146484375,86.15299987792969,0.6370000243186951
2026-05-14 19:00:33,65.86499786376953,81.64800262451172,0.6669999957084656
2026-05-14 19:05:35,89.93800354003906,82.0719985961914,0.9150000214576721
2026-05-14 19:10:37,94.18699645996094,80.81400299072266,0.9440000057220459
2026-05-14 19:15:39,68.23200225830078,82.66200256347656,0.6990000009536743
2026-05-14 19:20:41,48.75199890136719,85.61199951171875,0.5180000066757202
2026-05-14 19:25:43,49.819000244140625,86.5,0.5339999794960022
2026-05-14 19:30:45,40.78900146484375,85.1760025024414,0.4309999942779541
2026-05-14 19:35:47,33.095001220703125,94.03700256347656,0.38600000739097595
2026-05-14 19:40:49,31.937999725341797,92.1760025024414,0.36500000953674316
2026-05-14 19:45:51,28.611000061035156,88.41500091552734,0.3140000104904175
2026-05-14 19:50:53,29.106000900268555,84.93299865722656,0.3070000112056732
2026-05-14 19:55:55,24.886999130249023,93.30500030517578,0.2879999876022339
2026-05-14 20:00:57,23.09000015258789,99.66899871826172,0.2849999964237213
2026-05-14 20:05:59,19.9060001373291,91.34300231933594,0.22499999403953552
2026-05-14 20:11:00,17.499000549316406,95.76000213623047,0.20800000429153442
2026-05-14 20:16:02,16.363000869750977,99.30400085449219,0.20100000500679016
2026-05-14 20:21:04,16.17099952697754,92.93800354003906,0.1860000044107437
2026-05-14 20:26:06,15.274999618530273,98.24500274658203,0.1860000044107437
2026-05-14 20:31:08,13.42199993133545,96.6719970703125,0.16099999845027924
2026-05-14 20:36:10,11.055999755859375,92.65299987792969,0.12700000405311584
2026-05-14 20:41:12,8.517000198364258,83.26599884033203,0.08799999952316284
2026-05-14 20:46:14,6.895999908447266,16.266000747680664,0.014000000432133675
2026-05-14 20:51:16,4.376999855041504,0.18000000715255737,0.0
2026-05-14 20:56:18,1.034999966621399,0.22300000488758087,0.0
2026-05-15 06:00:04,1.034999966621399,0.22300000488758087,0.0
2026-05-15 06:05:06,1.7710000276565552,0.19599999487400055,0.0
2026-05-15 06:10:08,3.177000045776367,0.2150000035762787,0.0
2026-05-15 06:15:10,4.3429999351501465,0.17800000309944153,0.0
2026-05-15 06:20:12,5.46999979019165,0.17900000512599945,0.0
2026-05-15 06:25:14,6.9029998779296875,41.96099853515625,0.035999998450279236
2026-05-15 06:30:16,8.468999862670898,78.37200164794922,0.0820000022649765
2026-05-15 06:35:18,11.833000183105469,87.51399993896484,0.12800000607967377
2026-05-15 06:40:20,14.229000091552734,81.79299926757812,0.14399999380111694
2026-05-15 06:45:22,14.673999786376953,76.427001953125,0.13899999856948853
2026-05-15 06:50:24,16.365999221801758,94.85099792480469,0.19200000166893005
2026-05-15 06:55:26,17.52899932861328,91.39600372314453,0.19900000095367432
2026-05-15 07:00:28,19.482999801635742,82.9729995727539,0.20000000298023224
2026-05-15 07:05:30,21.104000091552734,96.9530029296875,0.2540000081062317
2026-05-15 07:10:32,22.128000259399414,87.91400146484375,0.2409999966621399
2026-05-15 07:15:34,21.729999542236328,91.59100341796875,0.24699999392032623
2026-05-15 07:20:36,21.509000778198242,93.677001953125,0.25
2026-05-15 07:25:38,22.11400032043457,87.21900177001953,0.23899999260902405
2026-05-15 07:30:40,22.506999969482422,81.52200317382812,0.2280000001192093
2026-05-15 07:35:42,24.847999572753906,92.80500030517578,0.28600001335144043
2026-05-15 07:40:44,29.34600067138672,95.8499984741211,0.3490000069141388
2026-05-15 07:45:46,32.448001861572266,89.66400146484375,0.3610000014305115
2026-05-15 07:50:48,36.08700180053711,88.81700134277344,0.3970000147819519
2026-05-15 07:55:50,37.99300003051758,90.04100036621094,0.42399999499320984
2026-05-15 08:00:52,40.165000915527344,87.69999694824219,0.43700000643730164
2026-05-15 08:05:54,42.62200164794922,86.91999816894531,0.45899999141693115
2026-05-15 08:10:56,47.387001037597656,88.73200225830078,0.5210000276565552
2026-05-15 08:15:58,52.27000045776367,93.29000091552734,0.6050000190734863
2026-05-15 08:21:00,52.33599853515625,94.21199798583984,0.6110000014305115
2026-05-15 08:26:02,50.68600082397461,92.78500366210938,0.5830000042915344
2026-05-15 08:31:04,51.54999923706055,90.9229965209961,0.5809999704360962
2026-05-15 08:36:06,55.56999969482422,95.0469970703125,0.6549999713897705
2026-05-15 08:41:08,64.4020004272461,97.39299774169922,0.777999997138977
2026-05-15 08:46:10,69.36000061035156,92.52200317382812,0.7960000038146973
2026-05-15 08:51:12,71.02200317382812,96.14299774169922,0.847000002861023
2026-05-15 08:56:14,77.30500030517578,95.07499694824219,0.9110000133514404
2026-05-15 09:01:16,79.36699676513672,95.5199966430664,0.9399999976158142
2026-05-15 09:06:18,65.93599700927734,92.0479965209961,0.753000020980835
2026-05-15 09:11:20,54.880001068115234,92.78800201416016,0.6309999823570251
2026-05-15 09:16:22,46.452999114990234,92.11199951171875,0.531000018119812
2026-05-15 09:21:24,43.29800033569336,89.7030029296875,0.4819999933242798
2026-05-15 09:26:26,47.46500015258789,87.9229965209961,0.5170000195503235
2026-05-15 09:31:28,52.9900016784668,83.86100006103516,0.5509999990463257
2026-05-15 09:36:30,67.74199676513672,89.35299682617188,0.7509999871253967
2026-05-15 09:41:32,81.40299987792969,90.83399963378906,0.9169999957084656
2026-05-15 09:46:34,64.48899841308594,91.55999755859375,0.7319999933242798
2026-05-15 09:51:36,55.757999420166016,88.3479995727539,0.6110000014305115
2026-05-15 09:56:37,65.69599914550781,91.47000122070312,0.7450000047683716
2026-05-15 10:01:39,88.18099975585938,94.19999694824219,1.0299999713897705
2026-05-15 10:06:41,83.375,92.12899780273438,0.9520000219345093
2026-05-15 10:11:43,54.81800079345703,92.39199829101562,0.628000020980835
2026-05-15 10:16:45,44.96699905395508,89.06400299072266,0.4970000088214874
2026-05-15 10:21:47,46.266998291015625,86.06900024414062,0.49399998784065247
2026-05-15 10:26:49,50.42900085449219,92.5510025024414,0.5789999961853027
2026-05-15 10:31:51,47.7760009765625,93.83999633789062,0.5559999942779541
2026-05-15 10:36:53,34.81700134277344,97.90799713134766,0.4230000078678131
2026-05-15 10:41:55,36.11000061035156,89.68900299072266,0.4020000100135803
2026-05-15 10:46:57,62.196998596191406,88.07499694824219,0.6790000200271606
2026-05-15 10:51:59,86.3949966430664,93.75800323486328,1.003999948501587
2026-05-15 10:57:01,110.75399780273438,89.61199951171875,1.2309999465942383
2026-05-15 11:02:03,155.3260040283203,89.08799743652344,1.715999960899353
2026-05-15 11:07:05,198.68099975585938,91.49800109863281,2.253999948501587
2026-05-15 11:12:07,228.8300018310547,90.39700317382812,2.565000057220459
2026-05-15 11:17:09,198.5330047607422,90.4540023803711,2.2269999980926514
2026-05-15 11:22:11,125.60700225830078,88.70999908447266,1.3819999694824219
2026-05-15 11:27:13,91.47000122070312,91.04399871826172,1.0329999923706055
2026-05-15 11:32:15,85.9469985961914,93.8759994506836,1.0
2026-05-15 11:37:17,102.13700103759766,94.82599639892578,1.2009999752044678
2026-05-15 11:42:19,139.67799377441406,91.35600280761719,1.5820000171661377
2026-05-15 11:47:21,200.57400512695312,90.20500183105469,2.24399995803833
2026-05-15 11:52:23,244.70399475097656,89.94400024414062,2.7290000915527344
2026-05-15 11:57:25,259.6369934082031,89.51000213623047,2.881999969482422
2026-05-15 12:02:27,239.22500610351562,87.51599884033203,2.5959999561309814
2026-05-15 12:07:29,189.35400390625,87.11599731445312,2.0450000762939453
2026-05-15 12:12:31,224.656005859375,86.4540023803711,2.4079999923706055
2026-05-15 12:17:33,251.47000122070312,87.49199676513672,2.7279999256134033
2026-05-15 12:22:35,291.3940124511719,87.33399963378906,3.1559998989105225
2026-05-15 12:27:37,247.44900512695312,86.41000366210938,2.6510000228881836
2026-05-15 12:32:39,557.8170166015625,77.8740005493164,5.38700008392334
2026-05-15 12:37:41,889.1749877929688,82.02799987792969,9.043999671936035
2026-05-15 12:42:43,1001.7969970703125,80.04399871826172,9.942999839782715
2026-05-15 12:47:45,1003.3189697265625,84.63800048828125,10.529999732971191
2026-05-15 12:52:47,665.7269897460938,85.1240005493164,7.0269999504089355
2026-05-15 12:57:49,685.1909790039062,97.64399719238281,8.295999526977539
2026-05-15 13:02:51,590.593994140625,78.77899932861328,5.769000053405762
2026-05-15 13:07:53,678.510009765625,87.54900360107422,7.366000175476074
2026-05-15 13:12:55,635.291015625,90.78700256347656,7.1519999504089355
2026-05-15 13:17:57,749.3870239257812,79.51000213623047,7.388000011444092
2026-05-15 13:22:59,1044.6190185546875,85.80799865722656,11.114999771118164
2026-05-15 13:46:33,117.11799621582031,91.46600341796875,1.3279999494552612
2026-05-15 13:51:35,72.52999877929688,98.56800079345703,0.8859999775886536
2026-05-15 13:56:37,72.38899993896484,103.65699768066406,0.9300000071525574
2026-05-15 14:01:39,77.8740005493164,101.09100341796875,0.9760000109672546
2026-05-15 14:06:41,79.50199890136719,97.26000213623047,0.9589999914169312
2026-05-15 14:11:43,143.89500427246094,91.62200164794922,1.6349999904632568
2026-05-15 14:16:45,218.83700561523438,90.4260025024414,2.4539999961853027
2026-05-15 14:21:47,1208.7449951171875,84.96099853515625,12.734000205993652
2026-05-15 14:26:49,1151.8170166015625,79.23100280761719,11.315999984741211
2026-05-15 14:31:51,491.031005859375,74.84200286865234,4.557000160217285
2026-05-15 14:36:53,952.6190185546875,102.33499908447266,12.088000297546387
2026-05-15 14:41:55,1151.4239501953125,84.99600219726562,12.135000228881836
2026-05-15 14:46:57,1102.5389404296875,85.32499694824219,11.664999961853027
2026-05-15 14:51:59,993.7899780273438,90.93599700927734,11.206000328063965
2026-05-15 14:57:01,1010.6240234375,87.6500015258789,10.984000205993652
2026-05-15 15:02:03,1092.6839599609375,86.92400360107422,11.777999877929688
2026-05-15 15:07:05,1142.4200439453125,87.78199768066406,12.4350004196167
2026-05-15 15:12:07,347.5530090332031,92.78500366210938,3.999000072479248
2026-05-15 15:17:09,1139.583984375,48.32099914550781,6.828000068664551
2026-05-15 15:22:11,1198.7340087890625,87.74700164794922,13.043000221252441
2026-05-15 15:27:13,542.5670166015625,102.822998046875,6.918000221252441
2026-05-15 15:32:15,366.4429931640625,93.23699951171875,4.236999988555908
2026-05-15 15:37:17,322.8800048828125,96.73999786376953,3.872999906539917
2026-05-15 15:42:19,220.93299865722656,98.25599670410156,2.691999912261963
2026-05-15 15:47:21,311.8110046386719,96.63999938964844,3.736999988555908
2026-05-15 15:52:23,863.3189697265625,57.652000427246094,6.171999931335449
2026-05-15 15:57:25,772.8480224609375,112.03500366210938,10.737000465393066
2026-05-15 16:02:27,766.5330200195312,95.6500015258789,9.092000007629395
2026-05-15 16:07:29,919.3599853515625,81.23400115966797,9.26099967956543
2026-05-15 16:12:31,907.927001953125,81.70899963378906,9.199000358581543
2026-05-15 16:17:33,757.2410278320312,84.38600158691406,7.923999786376953
2026-05-15 16:22:35,877.9819946289062,80.00700378417969,8.710000038146973
2026-05-15 16:27:37,863.125,79.65899658203125,8.526000022888184
2026-05-15 16:32:39,877.4450073242188,78.54199981689453,8.545999526977539
2026-05-15 16:37:41,206.5469970703125,92.40599822998047,2.367000102996826
2026-05-15 16:42:43,88.58300018310547,89.26899719238281,0.9810000061988831
2026-05-15 16:47:45,107.8010025024414,81.75599670410156,1.093000054359436
2026-05-15 16:52:47,731.6890258789062,75.7509994506836,6.873000144958496
2026-05-15 16:57:49,758.8870239257812,74.63400268554688,7.0229997634887695
2026-05-15 17:02:51,675.197998046875,76.41100311279297,6.396999835968018
2026-05-15 17:07:53,130.17100524902344,92.10900115966797,1.4869999885559082
2026-05-15 17:12:55,139.5679931640625,92.04299926757812,1.593000054359436
2026-05-15 17:17:57,120.427001953125,92.6760025024414,1.3839999437332153
2026-05-15 17:22:59,128.23300170898438,93.46499633789062,1.4859999418258667
2026-05-15 17:28:01,122.18499755859375,94.19400024414062,1.4270000457763672
2026-05-15 17:33:03,99.59100341796875,92.50499725341797,1.1419999599456787
2026-05-15 17:38:04,103.50599670410156,94.99199676513672,1.218999981880188
2026-05-15 17:43:06,99.7490005493164,92.13899993896484,1.1399999856948853
2026-05-15 17:48:08,97.81500244140625,90.34200286865234,1.0959999561309814
2026-05-15 17:53:10,87.4739990234375,92.33200073242188,1.0019999742507935
2026-05-15 17:58:12,85.58899688720703,93.43099975585938,0.9919999837875366
2026-05-15 18:03:14,86.38899993896484,92.36100006103516,0.9890000224113464
2026-05-15 18:08:16,86.83399963378906,93.05599975585938,1.0019999742507935
2026-05-15 18:13:18,91.59300231933594,89.67400360107422,1.0180000066757202
2026-05-15 18:18:20,93.14700317382812,90.1259994506836,1.0410000085830688
2026-05-15 18:23:22,98.53900146484375,89.35900115966797,1.0920000076293945
2026-05-15 18:28:24,89.28900146484375,85.96299743652344,0.9520000219345093
2026-05-15 18:33:26,76.41100311279297,90.9010009765625,0.8610000014305115
2026-05-15 18:38:28,61.49700164794922,87.83300018310547,0.6700000166893005
2026-05-15 18:43:30,59.60200119018555,86.2229995727539,0.6370000243186951
2026-05-15 18:48:32,72.11000061035156,84.98300170898438,0.7599999904632568
2026-05-15 18:53:34,70.35099792480469,89.0739974975586,0.7770000100135803
2026-05-15 18:58:36,66.89800262451172,82.25,0.6819999814033508
2026-05-15 19:03:38,54.97100067138672,91.65599822998047,0.625
2026-05-15 19:08:40,50.8849983215332,87.75299835205078,0.5540000200271606
2026-05-15 19:13:42,47.05400085449219,90.94400024414062,0.531000018119812
2026-05-15 19:18:44,41.27899932861328,90.76100158691406,0.4650000035762787
2026-05-15 19:23:46,46.875,93.15599822998047,0.5410000085830688
2026-05-15 19:28:48,36.768001556396484,95.29499816894531,0.4339999854564667
2026-05-15 19:33:50,15.631999969482422,94.60299682617188,0.18299999833106995
2026-05-15 19:38:52,11.126999855041504,91.86299896240234,0.12700000405311584
2026-05-15 19:43:54,11.010000228881836,105.8759994506836,0.14499999582767487
2026-05-15 19:48:56,13.618000030517578,101.03099822998047,0.17100000381469727
2026-05-15 19:53:58,30.69700050354004,88.97599792480469,0.33899998664855957
2026-05-15 19:59:00,42.28099822998047,86.88500213623047,0.4560000002384186
2026-05-15 20:04:02,36.04800033569336,87.15899658203125,0.38999998569488525
2026-05-15 20:09:04,36.3129997253418,86.24400329589844,0.3880000114440918
2026-05-15 20:14:06,26.464000701904297,81.7030029296875,0.2680000066757202
2026-05-15 20:19:08,25.24799919128418,83.1969985961914,0.25999999046325684
2026-05-15 20:24:10,18.777999877929688,83.14399719238281,0.1940000057220459
2026-05-15 20:29:12,11.600000381469727,99.5989990234375,0.14300000667572021
2026-05-15 20:34:14,7.784999847412109,93.16699981689453,0.09000000357627869
2026-05-15 20:39:16,4.934999942779541,34.34600067138672,0.020999999716877937
2026-05-15 20:44:18,2.2880001068115234,0.43799999356269836,0.0
2026-05-15 20:49:20,0.8410000205039978,0.5239999890327454,0.0
2026-05-15 20:54:22,0.4959999918937683,0.16300000250339508,0.0
2026-05-16 05:59:20,0.4959999918937683,0.16300000250339508,0.0
2026-05-16 06:04:22,8.305999755859375,0.14499999582767487,0.0
2026-05-16 06:09:24,9.767000198364258,25.10700035095215,0.029999999329447746
2026-05-16 06:14:26,10.906999588012695,71.43800354003906,0.09700000286102295
2026-05-16 06:19:28,12.711000442504883,78.2509994506836,0.12300000339746475
2026-05-16 06:24:30,14.609999656677246,75.31500244140625,0.13600000739097595
2026-05-16 06:29:32,16.47100067138672,77.86900329589844,0.1589999943971634
2026-05-16 06:34:34,18.702999114990234,81.72899627685547,0.1899999976158142
2026-05-16 06:39:36,21.104000091552734,80.04199981689453,0.20900000631809235
2026-05-16 06:44:38,23.033000946044922,80.72100067138672,0.23100000619888306
2026-05-16 06:49:40,25.099000930786133,85.072998046875,0.26499998569488525
2026-05-16 06:54:42,27.18199920654297,76.35399627685547,0.25699999928474426
2026-05-16 06:59:44,29.240999221801758,86.00299835205078,0.31200000643730164
2026-05-16 07:04:46,31.83300018310547,82.50700378417969,0.32600000500679016
2026-05-16 07:09:48,33.05099868774414,83.23600006103516,0.3409999907016754
2026-05-16 07:14:50,34.50699996948242,84.1729965209961,0.36000001430511475
2026-05-16 07:19:52,36.090999603271484,84.52999877929688,0.3779999911785126
2026-05-16 07:24:54,37.104000091552734,87.23400115966797,0.4009999930858612
2026-05-16 07:29:56,39.137001037597656,91.52100372314453,0.4440000057220459
2026-05-16 07:34:58,42.05500030517578,89.7959976196289,0.46799999475479126
2026-05-16 07:40:00,45.08100128173828,89.00399780273438,0.49799999594688416
2026-05-16 07:45:02,47.10900115966797,91.55699920654297,0.5350000262260437
2026-05-16 07:50:04,47.215999603271484,89.81099700927734,0.5260000228881836
2026-05-16 07:55:06,47.63399887084961,92.67900085449219,0.546999990940094
2026-05-16 08:00:08,46.25400161743164,90.35600280761719,0.5180000066757202
2026-05-16 08:05:10,45.74599838256836,92.76899719238281,0.5260000228881836
2026-05-16 08:10:12,45.643001556396484,91.60099792480469,0.5180000066757202
2026-05-16 08:15:14,46.097999572753906,93.23300170898438,0.5329999923706055
2026-05-16 08:20:16,48.768001556396484,92.50399780273438,0.5590000152587891
2026-05-16 08:25:18,50.130001068115234,94.33599853515625,0.5860000252723694
2026-05-16 08:30:20,52.08700180053711,96.23300170898438,0.621999979019165
2026-05-16 08:35:22,49.57699966430664,92.36100006103516,0.5680000185966492
2026-05-16 08:40:24,55.6510009765625,94.18299865722656,0.6499999761581421
2026-05-16 08:45:26,63.81700134277344,95.56099700927734,0.7559999823570251
2026-05-16 08:50:28,78.9990005493164,90.552001953125,0.8870000243186951
2026-05-16 08:55:30,103.45800018310547,90.92900085449219,1.1670000553131104
2026-05-16 09:00:32,125.0739974975586,90.70999908447266,1.406999945640564
2026-05-16 09:05:34,141.46400451660156,91.94599914550781,1.6130000352859497
2026-05-16 09:10:36,165.08999633789062,89.56600189208984,1.8339999914169312
2026-05-16 09:15:38,187.1929931640625,89.56099700927734,2.0789999961853027
2026-05-16 09:20:40,187.01699829101562,88.38800048828125,2.049999952316284
2026-05-16 09:25:42,167.31700134277344,89.88999938964844,1.8650000095367432
2026-05-16 09:30:44,159.0540008544922,90.8030014038086,1.7910000085830688
2026-05-16 09:35:46,165.5019989013672,91.38899993896484,1.8760000467300415
2026-05-16 09:40:48,190.11000061035156,90.25399780273438,2.128000020980835
2026-05-16 09:45:50,205.3260040283203,91.3499984741211,2.3259999752044678
2026-05-16 09:50:52,220.6529998779297,90.85800170898438,2.4860000610351562
2026-05-16 09:55:54,224.68600463867188,90.18299865722656,2.513000011444092
2026-05-16 10:00:56,234.10499572753906,90.33999633789062,2.621999979019165
2026-05-16 10:05:58,263.7349853515625,89.35800170898438,2.921999931335449
2026-05-16 10:11:00,295.135986328125,87.58100128173828,3.2049999237060547
2026-05-16 10:16:02,333.3030090332031,87.14199829101562,3.6019999980926514
2026-05-16 10:21:04,347.989013671875,87.37899780273438,3.7699999809265137
2026-05-16 10:26:06,409.7349853515625,85.99700164794922,4.36899995803833
2026-05-16 10:31:08,465.72601318359375,85.66200256347656,4.947000026702881
2026-05-16 10:36:09,433.49700927734375,85.24600219726562,4.581999778747559
2026-05-16 10:41:11,365.36700439453125,87.39199829101562,3.9590001106262207
2026-05-16 10:46:13,357.5220031738281,86.6240005493164,3.8399999141693115
2026-05-16 10:51:15,351.5679931640625,87.50800323486328,3.815000057220459
2026-05-16 10:56:17,331.177001953125,86.75299835205078,3.562999963760376
2026-05-16 11:01:19,312.5459899902344,86.58399963378906,3.3559999465942383
2026-05-16 11:06:21,319.47698974609375,86.32099914550781,3.4200000762939453
2026-05-16 11:11:23,260.989990234375,87.08699798583984,2.818000078201294
2026-05-16 11:16:25,312.67999267578125,89.91799926757812,3.4860000610351562
2026-05-16 11:21:27,315.84698486328125,88.98799896240234,3.484999895095825
2026-05-16 11:26:29,296.6579895019531,87.03299713134766,3.2019999027252197
2026-05-16 11:31:31,444.37701416015625,80.71600341796875,4.447999954223633
2026-05-16 11:36:33,403.2799987792969,88.3759994506836,4.419000148773193
2026-05-16 11:41:35,424.5369873046875,87.48300170898438,4.605000019073486
2026-05-16 11:46:37,458.37298583984375,88.61499786376953,5.0370001792907715
2026-05-16 11:51:39,651.7670288085938,85.08300018310547,6.875999927520752
2026-05-16 11:56:41,662.0960083007812,86.51000213623047,7.1020002365112305
2026-05-16 12:01:43,813.3809814453125,85.88999938964844,8.663000106811523
2026-05-16 12:06:45,565.9819946289062,85.45800018310547,5.998000144958496
2026-05-16 12:11:47,594.7540283203125,92.4010009765625,6.815000057220459
2026-05-16 12:16:49,465.77398681640625,84.65299987792969,4.888999938964844
2026-05-16 12:21:51,762.155029296875,95.8550033569336,9.059000015258789
2026-05-16 12:26:53,651.1610107421875,96.28700256347656,7.775000095367432
2026-05-16 12:31:55,1289.364990234375,80.78399658203125,12.916000366210938
2026-05-16 12:36:57,603.7620239257812,92.70700073242188,6.940999984741211
2026-05-16 12:41:59,451.8450012207031,89.35399627685547,5.00600004196167
2026-05-16 12:47:01,1486.79296875,83.66100311279297,15.423999786376953
2026-05-16 12:52:03,1373.3260498046875,86.67900085449219,14.76099967956543
2026-05-16 12:57:05,1166.7060546875,90.5199966430664,13.095999717712402
2026-05-16 13:02:07,598.2059936523438,101.9530029296875,7.563000202178955
2026-05-16 13:07:09,1214.697021484375,94.79399871826172,14.277999877929688
2026-05-16 13:12:11,1217.9449462890625,94.41799926757812,14.258999824523926
2026-05-16 13:17:13,1191.9019775390625,95.06500244140625,14.050000190734863
2026-05-16 13:22:15,1179.7669677734375,96.4540023803711,14.109999656677246
2026-05-16 13:45:58,1250.7679443359375,96.94999694824219,15.03600025177002
2026-05-16 13:51:00,1307.237060546875,95.84400177001953,15.53600025177002
2026-05-16 13:56:01,290.385986328125,101.61900329589844,3.6589999198913574
2026-05-16 14:01:03,1314.001953125,98.31500244140625,16.018999099731445
2026-05-16 14:06:05,1199.68896484375,98.23400115966797,14.61299991607666
2026-05-16 14:11:07,623.301025390625,139.3769989013672,10.772000312805176
2026-05-16 14:16:09,1247.9169921875,99.5009994506836,15.397000312805176
2026-05-16 14:21:11,177.7530059814453,102.98400115966797,2.2699999809265137
2026-05-16 14:26:13,181.89300537109375,102.64399719238281,2.315000057220459
2026-05-16 14:31:15,191.76699829101562,102.60099792480469,2.440000057220459
2026-05-16 14:36:17,246.55099487304688,103.00599670410156,3.1489999294281006
2026-05-16 14:41:19,612.5280151367188,126.072998046875,9.576000213623047
2026-05-16 14:46:21,291.2130126953125,99.72000122070312,3.6010000705718994
2026-05-16 14:51:23,226.49899291992188,102.55799865722656,2.880000114440918
2026-05-16 14:56:25,208.1580047607422,101.90499877929688,2.630000114440918
2026-05-16 15:01:27,163.80999755859375,100.11199951171875,2.0339999198913574
2026-05-16 15:06:29,151.43499755859375,99.3949966430664,1.8660000562667847
2026-05-16 15:11:31,174.46499633789062,100.58100128173828,2.1760001182556152
2026-05-16 15:16:33,334.5870056152344,107.39299774169922,4.455999851226807
2026-05-16 15:21:35,1172.5989990234375,95.9020004272461,13.944000244140625
2026-05-16 15:26:37,627.1090087890625,69.375,5.394999980926514
2026-05-16 15:31:39,209.4770050048828,104.73699951171875,2.7209999561309814
2026-05-16 15:36:41,199.88099670410156,104.70999908447266,2.5950000286102295
2026-05-16 15:41:43,141.3419952392578,104.12000274658203,1.8250000476837158
2026-05-16 15:46:45,123.27799987792969,100.91799926757812,1.5429999828338623
2026-05-16 15:51:47,117.88999938964844,100.67400360107422,1.472000002861023
2026-05-16 15:56:49,121.5770034790039,99.52999877929688,1.5
2026-05-16 16:01:51,127.41300201416016,96.59300231933594,1.5260000228881836
2026-05-16 16:06:53,154.93499755859375,92.48799896240234,1.7769999504089355
2026-05-16 16:11:55,305.1679992675781,109.84300231933594,4.1570000648498535
2026-05-16 16:16:57,354.77899169921875,87.15599822998047,3.8340001106262207
2026-05-16 16:21:59,892.3359985351562,89.49400329589844,9.902000427246094
2026-05-16 16:27:01,748.3150024414062,94.2770004272461,8.748000144958496
2026-05-16 16:32:03,925.1110229492188,86.34100341796875,9.904999732971191
2026-05-16 16:37:05,195.05099487304688,95.65399932861328,2.313999891281128
2026-05-16 16:42:07,812.3380126953125,78.67400360107422,7.925000190734863
2026-05-16 16:47:09,186.21499633789062,97.11799621582031,2.243000030517578
2026-05-16 16:52:11,150.5330047607422,98.4520034790039,1.8380000591278076
2026-05-16 16:57:13,126.72699737548828,99.95500183105469,1.5709999799728394
2026-05-16 17:02:15,233.64999389648438,87.56600189208984,2.5369999408721924
2026-05-16 17:07:17,651.8469848632812,81.59100341796875,6.59499979019165
2026-05-16 17:12:19,160.7790069580078,145.843994140625,2.9079999923706055
2026-05-16 17:17:21,134.2740020751953,96.25499725341797,1.6030000448226929
2026-05-16 17:22:23,148.51699829101562,98.0479965209961,1.805999994277954
2026-05-16 17:27:25,158.0070037841797,97.47899627685547,1.909999966621399
2026-05-16 17:32:27,183.7760009765625,94.74500274658203,2.1589999198913574
2026-05-16 17:37:29,165.06500244140625,96.93900299072266,1.9839999675750732
2026-05-16 17:42:31,182.5489959716797,96.66999816894531,2.187999963760376
2026-05-16 17:47:33,187.64999389648438,97.89399719238281,2.2780001163482666
2026-05-16 17:52:35,170.54400634765625,99.53900146484375,2.1050000190734863
2026-05-16 17:57:37,134.23699951171875,96.53199768066406,1.6069999933242798
2026-05-16 18:02:39,102.60299682617188,97.63200378417969,1.2419999837875366
2026-05-16 18:07:40,84.34300231933594,97.3499984741211,1.0180000066757202
2026-05-16 18:12:42,68.33599853515625,95.63899993896484,0.8100000023841858
2026-05-16 18:17:44,58.68299865722656,99.43399810791016,0.7239999771118164
2026-05-16 18:22:46,58.090999603271484,96.23100280761719,0.6930000185966492
2026-05-16 18:27:48,58.297000885009766,97.95899963378906,0.7080000042915344
2026-05-16 18:32:50,53.32099914550781,98.09700012207031,0.6489999890327454
2026-05-16 18:37:52,50.340999603271484,102.25499725341797,0.6380000114440918
2026-05-16 18:42:54,47.551998138427734,99.83300018310547,0.5889999866485596
2026-05-16 18:47:56,46.85499954223633,98.09100341796875,0.5699999928474426
2026-05-16 18:52:58,50.77299880981445,94.97100067138672,0.5979999899864197
2026-05-16 18:58:00,55.89799880981445,94.91100311279297,0.6579999923706055
2026-05-16 19:03:02,52.500999450683594,97.65399932861328,0.6359999775886536
2026-05-16 19:08:04,48.448001861572266,97.71299743652344,0.5870000123977661
2026-05-16 19:13:06,48.08000183105469,98.61599731445312,0.5879999995231628
2026-05-16 19:18:08,45.24599838256836,97.6729965209961,0.5479999780654907
2026-05-16 19:23:10,43.582000732421875,93.71600341796875,0.5059999823570251
2026-05-16 19:28:12,42.89799880981445,96.33999633789062,0.5120000243186951
2026-05-16 19:33:14,42.60100173950195,92.48899841308594,0.48899999260902405
2026-05-16 19:38:16,43.30500030517578,94.00199890136719,0.5049999952316284
2026-05-16 19:43:18,39.72600173950195,95.66799926757812,0.47099998593330383
2026-05-16 19:48:20,35.479000091552734,90.89199829101562,0.4000000059604645
2026-05-16 19:53:22,32.45500183105469,97.47100067138672,0.3919999897480011
2026-05-16 19:58:24,34.11899948120117,89.08100128173828,0.37700000405311584
2026-05-16 20:03:26,28.756999969482422,94.01799774169922,0.33500000834465027
2026-05-16 20:08:28,25.08099937438965,86.27999877929688,0.2680000066757202
2026-05-16 20:13:30,23.014999389648438,94.84700012207031,0.2709999978542328
2026-05-16 20:18:32,21.84000015258789,91.46099853515625,0.24799999594688416
2026-05-16 20:23:34,18.49799919128418,82.83300018310547,0.1899999976158142
2026-05-16 20:28:36,16.645000457763672,93.71800231933594,0.19300000369548798
2026-05-16 20:33:38,14.86400032043457,86.56900024414062,0.1599999964237213
2026-05-16 20:38:40,11.557999610900879,95.26499938964844,0.13699999451637268
2026-05-16 20:43:42,9.359999656677246,87.85600280761719,0.10199999809265137
2026-05-16 20:48:44,6.544000148773193,20.020000457763672,0.01600000075995922
2026-05-16 20:53:46,3.76200008392334,0.27300000190734863,0.0
2026-05-16 20:58:48,2.11899995803833,0.26899999380111694,0.0
2026-05-17 06:03:36,2.11899995803833,0.26899999380111694,0.0
2026-05-17 06:08:38,7.609000205993652,117.30500030517578,0.11100000143051147
2026-05-17 06:13:40,9.401000022888184,120.25800323486328,0.14000000059604645
2026-05-17 06:18:42,11.717000007629395,136.5959930419922,0.1979999989271164
2026-05-17 06:23:44,14.409000396728516,108.52200317382812,0.1940000057220459
2026-05-17 06:28:46,17.29800033569336,109.16100311279297,0.23399999737739563
2026-05-17 06:33:48,20.03700065612793,106.31900024414062,0.2639999985694885
2026-05-17 06:38:50,21.93600082397461,115.08899688720703,0.31299999356269836
2026-05-17 06:43:52,24.791000366210938,105.73500061035156,0.32499998807907104
2026-05-17 06:48:54,26.959999084472656,107.23400115966797,0.3580000102519989
2026-05-17 06:53:56,28.91900062561035,101.84700012207031,0.36500000953674316
2026-05-17 06:58:58,30.53499984741211,107.68299865722656,0.40799999237060547
2026-05-17 07:04:00,32.74700164794922,103.96299743652344,0.421999990940094
2026-05-17 07:09:02,34.39799880981445,108.97799682617188,0.4650000035762787
2026-05-17 07:14:04,36.345001220703125,103.12100219726562,0.4650000035762787
2026-05-17 07:19:06,38.277000427246094,108.28600311279297,0.5139999985694885
2026-05-17 07:24:08,40.18899917602539,101.72899627685547,0.5070000290870667
2026-05-17 07:29:10,42.43899917602539,102.14199829101562,0.5379999876022339
2026-05-17 07:34:12,142.56700134277344,32.1619987487793,0.5690000057220459
2026-05-17 07:39:14,154.85299682617188,29.972000122070312,0.5759999752044678
2026-05-17 07:44:16,199.3489990234375,37.64799880981445,0.9309999942779541
2026-05-17 07:49:18,212.6790008544922,54.207000732421875,1.4299999475479126
2026-05-17 07:54:20,234.70899963378906,57.91699981689453,1.6859999895095825
2026-05-17 07:59:22,258.2669982910156,59.95800018310547,1.9199999570846558
2026-05-17 08:04:24,282.2330017089844,60.78499984741211,2.127000093460083
2026-05-17 08:09:26,303.7900085449219,63.79499816894531,2.4030001163482666
2026-05-17 08:14:28,340.48199462890625,64.34500122070312,2.7170000076293945
2026-05-17 08:19:30,360.5509948730469,67.46600341796875,3.0160000324249268
2026-05-17 08:24:32,390.5920104980469,68.3219985961914,3.309000015258789
2026-05-17 08:29:34,373.9129943847656,71.2040023803711,3.3010001182556152
2026-05-17 08:34:36,448.9419860839844,71.21299743652344,3.9639999866485596
2026-05-17 08:39:38,485.2980041503906,72.2699966430664,4.348999977111816
2026-05-17 08:44:40,512.281005859375,71.86699676513672,4.565000057220459
2026-05-17 08:49:42,497.8160095214844,73.38300323486328,4.53000020980835
2026-05-17 08:54:44,417.69000244140625,75.625,3.9170000553131104
2026-05-17 08:59:46,305.45098876953125,79.18599700927734,2.999000072479248
2026-05-17 09:04:48,352.02301025390625,82.60800170898438,3.6059999465942383
2026-05-17 09:09:50,356.4230041503906,76.97599792480469,3.4019999504089355
2026-05-17 09:14:52,314.15301513671875,85.9260025024414,3.3469998836517334
2026-05-17 09:19:54,295.0509948730469,81.81800079345703,2.993000030517578
2026-05-17 09:24:56,288.2449951171875,82.28600311279297,2.940999984741211
2026-05-17 09:29:58,454.35198974609375,79.24800109863281,4.465000152587891
2026-05-17 09:34:59,423.989013671875,84.50499725341797,4.442999839782715
2026-05-17 09:40:01,363.2250061035156,81.64700317382812,3.677000045776367
2026-05-17 09:45:03,318.80499267578125,82.3740005493164,3.25600004196167
2026-05-17 09:50:05,445.7760009765625,81.60700225830078,4.511000156402588
2026-05-17 09:55:07,549.9769897460938,80.61299896240234,5.498000144958496
2026-05-17 10:00:09,673.6209716796875,79.20600128173828,6.616000175476074
2026-05-17 10:05:11,611.8510131835938,81.0199966430664,6.146999835968018
2026-05-17 10:10:13,550.7630004882812,81.6719970703125,5.578000068664551
2026-05-17 10:15:15,525.35302734375,82.91699981689453,5.4019999504089355
2026-05-17 10:20:17,639.8079833984375,76.48799896240234,6.067999839782715
2026-05-17 10:25:19,613.531005859375,78.697998046875,5.986999988555908
2026-05-17 10:30:21,676.6649780273438,81.24500274658203,6.816999912261963
2026-05-17 10:35:23,810.2449951171875,79.3030014038086,7.9679999351501465
2026-05-17 10:40:25,806.3569946289062,83.53199768066406,8.35200023651123
2026-05-17 10:45:27,752.8590087890625,79.58200073242188,7.428999900817871
2026-05-17 10:50:29,837.8670043945312,83.97799682617188,8.725000381469727
2026-05-17 10:55:31,845.958984375,84.74800109863281,8.890000343322754
2026-05-17 11:00:33,851.2340087890625,84.5530014038086,8.925000190734863
2026-05-17 11:05:35,918.385986328125,84.2239990234375,9.590999603271484
2026-05-17 11:10:37,945.43701171875,84.56999969482422,9.913999557495117
2026-05-17 11:15:39,953.0059814453125,86.54199981689453,10.22700023651123
2026-05-17 11:20:41,966.3140258789062,87.06199645996094,10.432000160217285
2026-05-17 11:25:43,983.1220092773438,87.95999908447266,10.722999572753906
2026-05-17 11:30:45,991.3619995117188,88.73799896240234,10.909000396728516
2026-05-17 11:35:47,1000.43701171875,89.70600128173828,11.128000259399414
2026-05-17 11:40:49,1014.89599609375,90.5199966430664,11.392000198364258
2026-05-17 11:45:51,1022.2490234375,91.65499877929688,11.618000030517578
2026-05-17 11:50:53,1044.6259765625,91.78099822998047,11.888999938964844
2026-05-17 11:55:55,1051.508056640625,92.86399841308594,12.107999801635742
2026-05-17 12:00:57,1023.9149780273438,94.08599853515625,11.946000099182129
2026-05-17 12:05:59,1014.5009765625,95.0739974975586,11.960000038146973
2026-05-17 12:11:01,1123.2430419921875,94.08000183105469,13.104000091552734
2026-05-17 12:16:03,1040.3499755859375,97.02400207519531,12.515999794006348
2026-05-17 12:21:05,744.6829833984375,90.7020034790039,8.375
2026-05-17 12:26:07,1101.8609619140625,97.48899841308594,13.319999694824219
2026-05-17 12:31:09,1129.06494140625,96.96199798583984,13.574999809265137
2026-05-17 12:36:11,1159.2750244140625,99.01899719238281,14.234000205993652
2026-05-17 12:41:13,1004.166015625,96.98600006103516,12.076000213623047
2026-05-17 12:46:15,925.97900390625,100.68000030517578,11.5600004196167
2026-05-17 12:51:17,842.2470092773438,99.72100067138672,10.414999961853027
2026-05-17 12:56:19,886.6060180664062,99.44300079345703,10.932999610900879
2026-05-17 13:01:21,868.39501953125,104.28299713134766,11.229000091552734
2026-05-17 13:06:23,602.8909912109375,106.24299621582031,7.942999839782715
2026-05-17 13:11:25,593.3870239257812,98.6969985961914,7.26200008392334
2026-05-17 13:16:27,690.7849731445312,100.5250015258789,8.611000061035156
2026-05-17 13:21:29,799.426025390625,105.21800231933594,10.430000305175781
2026-05-17 13:45:07,485.67999267578125,103.96399688720703,6.261000156402588
2026-05-17 13:50:09,500.6969909667969,103.09200286865234,6.401000022888184
2026-05-17 13:55:11,483.552001953125,102.98999786376953,6.175000190734863
2026-05-17 14:00:13,465.3210144042969,102.96199798583984,5.940999984741211
2026-05-17 14:05:15,501.3169860839844,103.15899658203125,6.413000106811523
2026-05-17 14:10:17,630.1329956054688,102.29100036621094,7.993000030517578
2026-05-17 14:15:19,637.6290283203125,102.8219985961914,8.130000114440918
2026-05-17 14:20:21,768.4749755859375,102.927001953125,9.807999610900879
2026-05-17 14:25:23,761.72998046875,103.23600006103516,9.75100040435791
2026-05-17 14:30:25,593.7529907226562,103.03900146484375,7.585999965667725
2026-05-17 14:35:27,595.5250244140625,102.69400024414062,7.583000183105469
2026-05-17 14:40:29,573.6690063476562,101.67400360107422,7.232999801635742
2026-05-17 14:45:31,521.697998046875,103.74500274658203,6.710999965667725
2026-05-17 14:50:33,502.9259948730469,101.1500015258789,6.308000087738037
2026-05-17 14:55:35,628.02099609375,103.09500122070312,8.027999877929688
2026-05-17 15:00:37,615.885986328125,101.5770034790039,7.756999969482422
2026-05-17 15:05:39,609.531005859375,100.23799896240234,7.576000213623047
2026-05-17 15:10:41,502.46600341796875,102.75499725341797,6.4019999504089355
2026-05-17 15:15:43,478.70599365234375,101.47599792480469,6.02400016784668
2026-05-17 15:20:45,488.9389953613281,101.54900360107422,6.1570000648498535
2026-05-17 15:25:47,409.7829895019531,104.46399688720703,5.308000087738037
2026-05-17 15:30:49,426.8299865722656,101.56199645996094,5.375
2026-05-17 15:35:51,378.54901123046875,102.58000183105469,4.815000057220459
2026-05-17 15:40:53,313.2139892578125,101.125,3.927999973297119
2026-05-17 15:45:55,396.3089904785156,98.38700103759766,4.835000038146973
2026-05-17 15:50:57,378.427001953125,99.99800109863281,4.691999912261963
2026-05-17 15:55:59,514.5759887695312,94.93000030517578,6.057000160217285
2026-05-17 16:01:01,797.208984375,93.20700073242188,9.21399974822998
2026-05-17 16:06:03,856.3289794921875,90.8740005493164,9.64900016784668
2026-05-17 16:11:05,815.5980224609375,89.66500091552734,9.067999839782715
2026-05-17 16:16:07,794.10498046875,89.38400268554688,8.802000045776367
2026-05-17 16:21:09,779.64599609375,88.79299926757812,8.583999633789062
2026-05-17 16:26:11,774.635009765625,88.01300048828125,8.454000473022461
2026-05-17 16:31:13,402.7149963378906,94.83200073242188,4.736000061035156
2026-05-17 16:36:15,806.8709716796875,86.44999694824219,8.64900016784668
2026-05-17 16:41:17,759.4310302734375,87.4469985961914,8.234999656677246
2026-05-17 16:46:19,675.1859741210938,85.58499908447266,7.164999961853027
2026-05-17 16:51:21,654.3660278320312,84.64900207519531,6.86899995803833
2026-05-17 16:56:22,640.0889892578125,82.60600280761719,6.557000160217285
2026-05-17 17:01:24,623.1179809570312,81.65399932861328,6.309000015258789
2026-05-17 17:06:26,606.1740112304688,81.06600189208984,6.0929999351501465
2026-05-17 17:11:28,592.14599609375,79.46600341796875,5.835000038146973
2026-05-17 17:16:30,587.343994140625,78.25599670410156,5.698999881744385
2026-05-17 17:21:32,581.8880004882812,77.72799682617188,5.607999801635742
2026-05-17 17:26:34,456.13299560546875,93.97599792480469,5.315000057220459
2026-05-17 17:31:36,444.1189880371094,72.02100372314453,3.9660000801086426
2026-05-17 17:36:38,392.52099609375,74.83200073242188,3.6419999599456787
2026-05-17 17:41:40,440.7300109863281,66.49099731445312,3.634000062942505
2026-05-17 17:46:42,478.635009765625,75.41699981689453,4.47599983215332
2026-05-17 17:51:44,412.2690124511719,75.33799743652344,3.8510000705718994
2026-05-17 17:56:46,252.6540069580078,111.4540023803711,3.492000102996826
2026-05-17 18:01:48,252.63499450683594,52.52199935913086,1.6449999809265137
2026-05-17 18:06:50,102.48200225830078,255.80099487304688,3.250999927520752
2026-05-17 18:11:52,78.72000122070312,301.89801025390625,2.947000026702881
2026-05-17 18:16:54,66.62899780273438,292.8030090332031,2.4189999103546143
2026-05-17 18:21:56,52.244998931884766,355.49200439453125,2.302999973297119
2026-05-17 18:26:58,50.95500183105469,331.01300048828125,2.0910000801086426
2026-05-17 18:32:00,51.698001861572266,306.1650085449219,1.9630000591278076
2026-05-17 18:37:02,48.125,112.05999755859375,0.6690000295639038
2026-05-17 18:42:04,46.90999984741211,109.84600067138672,0.6389999985694885
2026-05-17 18:47:06,46.01100158691406,111.13700103759766,0.6340000033378601
2026-05-17 18:52:08,45.207000732421875,110.50299835205078,0.6190000176429749
2026-05-17 18:57:10,46.481998443603516,105.3740005493164,0.6069999933242798
2026-05-17 19:02:12,47.36000061035156,104.43000030517578,0.6129999756813049
2026-05-17 19:07:14,49.270999908447266,105.62300109863281,0.6449999809265137
2026-05-17 19:12:16,54.58700180053711,103.15299987792969,0.6980000138282776
2026-05-17 19:17:18,53.39799880981445,105.91300201416016,0.7009999752044678
2026-05-17 19:22:20,44.641998291015625,109.81099700927734,0.6079999804496765
2026-05-17 19:27:22,39.80099868774414,104.93699645996094,0.5180000066757202
2026-05-17 19:32:24,37.14699935913086,111.21299743652344,0.5120000243186951
2026-05-17 19:37:26,35.33300018310547,102.072998046875,0.44699999690055847
2026-05-17 19:42:28,31.864999771118164,107.89900207519531,0.4259999990463257
2026-05-17 19:47:30,27.461000442504883,116.09200286865234,0.39500001072883606
2026-05-17 19:52:32,24.941999435424805,116.01100158691406,0.35899999737739563
2026-05-17 19:57:34,22.69499969482422,125.77400207519531,0.3540000021457672
2026-05-17 20:02:36,20.905000686645508,118.24400329589844,0.3070000112056732
2026-05-17 20:07:38,19.204999923706055,113.2760009765625,0.27000001072883606
2026-05-17 20:12:40,18.19499969482422,118.54000091552734,0.2669999897480011
2026-05-17 20:17:42,16.232999801635742,119.89399719238281,0.2409999966621399
2026-05-17 20:22:44,15.098999977111816,116.572998046875,0.21799999475479126
2026-05-17 20:27:46,12.86400032043457,127.0530014038086,0.2029999941587448
2026-05-17 20:32:48,10.375,117.78900146484375,0.15199999511241913
2026-05-17 20:37:50,8.112000465393066,106.94200134277344,0.1080000028014183
2026-05-17 20:42:52,6.006999969482422,117.09200286865234,0.08699999749660492
2026-05-17 20:47:54,4.113999843597412,0.3490000069141388,0.0
2026-05-17 20:52:56,2.806999921798706,0.33000001311302185,0.0
2026-05-17 20:57:58,1.687000036239624,0.36800000071525574,0.0
2026-05-17 21:03:00,0.7200000286102295,0.2770000100135803,0.0
2026-05-18 06:01:50,0.7200000286102295,0.2770000100135803,0.0
2026-05-18 06:06:52,2.234999895095825,0.164000004529953,0.0
2026-05-18 06:11:54,3.8989999294281006,0.23899999260902405,0.0
2026-05-18 06:16:56,3.687000036239624,0.2460000067949295,0.0
2026-05-18 06:21:58,3.9769999980926514,0.20000000298023224,0.0
2026-05-18 06:27:00,6.185999870300293,0.2370000034570694,0.0
2026-05-18 06:32:02,6.414000034332275,32.33399963378906,0.026000000536441803
2026-05-18 06:37:04,4.64900016784668,0.3019999861717224,0.0
2026-05-18 06:42:06,4.242000102996826,0.25600001215934753,0.0
2026-05-18 06:47:08,4.494999885559082,0.21400000154972076,0.0
2026-05-18 06:52:10,6.145999908447266,30.614999771118164,0.023000000044703484
2026-05-18 06:57:12,10.76099967956543,116.7959976196289,0.15600000321865082
2026-05-18 07:02:14,11.062999725341797,113.4530029296875,0.15600000321865082
2026-05-18 07:07:16,14.430000305175781,109.82599639892578,0.19699999690055847
2026-05-18 07:12:18,11.545000076293945,109.18000030517578,0.15600000321865082
2026-05-18 07:17:20,8.944000244140625,127.88099670410156,0.1420000046491623
2026-05-18 07:22:22,7.988999843597412,126.5739974975586,0.125
2026-05-18 07:27:24,7.769000053405762,110.32599639892578,0.10599999874830246
2026-05-18 07:32:26,9.553999900817871,86.70500183105469,0.10300000011920929
2026-05-18 07:37:28,11.668999671936035,108.38999938964844,0.15700000524520874
2026-05-18 07:42:30,23.816999435424805,102.80000305175781,0.30399999022483826
2026-05-18 07:47:32,41.49300003051758,95.95700073242188,0.49399998784065247
2026-05-18 07:52:34,43.99100112915039,97.78900146484375,0.5329999923706055
2026-05-18 07:57:36,43.867000579833984,96.1729965209961,0.5230000019073486
2026-05-18 08:02:38,56.354000091552734,101.26599884033203,0.7080000042915344
2026-05-18 08:07:40,43.02199935913086,101.31800079345703,0.5410000085830688
2026-05-18 08:12:42,26.76300048828125,103.76899719238281,0.3440000116825104
2026-05-18 08:17:44,23.88599967956543,108.12100219726562,0.3199999928474426
2026-05-18 08:22:46,26.64699935913086,109.98200225830078,0.3630000054836273
2026-05-18 08:27:48,39.56999969482422,111.302001953125,0.5460000038146973
2026-05-18 08:32:50,26.2189998626709,112.34700012207031,0.36500000953674316
2026-05-18 08:37:52,22.525999069213867,114.60099792480469,0.3199999928474426
2026-05-18 08:42:54,21.882999420166016,120.85900115966797,0.328000009059906
2026-05-18 08:47:56,13.149999618530273,120.56099700927734,0.19699999690055847
2026-05-18 08:52:57,16.325000762939453,116.33499908447266,0.23499999940395355
2026-05-18 08:57:59,30.246999740600586,120.03299713134766,0.44999998807907104
2026-05-18 09:03:01,66.7020034790039,97.88400268554688,0.8100000023841858
2026-05-18 09:08:03,94.36100006103516,103.6259994506836,1.2130000591278076
2026-05-18 09:13:05,103.66600036621094,105.26100158691406,1.3530000448226929
2026-05-18 09:18:07,77.97899627685547,102.82499694824219,0.9940000176429749
2026-05-18 09:23:09,73.7229995727539,106.72899627685547,0.9760000109672546
2026-05-18 09:28:11,63.6879997253418,105.4520034790039,0.8330000042915344
2026-05-18 09:33:13,69.44499969482422,105.48300170898438,0.9079999923706055
2026-05-18 09:38:15,76.03199768066406,101.73699951171875,0.9589999914169312
2026-05-18 09:43:17,46.500999450683594,109.5250015258789,0.6320000290870667
2026-05-18 09:48:19,33.874000549316406,111.54900360107422,0.4690000116825104
2026-05-18 09:53:21,26.792999267578125,117.11699676513672,0.3889999985694885
2026-05-18 09:58:23,29.371000289916992,108.75499725341797,0.3959999978542328
2026-05-18 10:03:25,43.191001892089844,110.48699951171875,0.5920000076293945
2026-05-18 10:08:27,41.685001373291016,109.875,0.5680000185966492
2026-05-18 10:13:29,38.91400146484375,109.2300033569336,0.5270000100135803
2026-05-18 10:18:31,37.25,113.89900207519531,0.5260000228881836
2026-05-18 10:23:33,38.15800094604492,116.27300262451172,0.550000011920929
2026-05-18 10:28:35,24.238000869750977,113.21199798583984,0.3400000035762787
2026-05-18 10:33:37,20.996999740600586,121.86299896240234,0.31700000166893005
2026-05-18 10:38:39,47.7599983215332,118.43900299072266,0.7009999752044678
2026-05-18 10:43:41,104.96700286865234,113.0979995727539,1.472000002861023
2026-05-18 10:48:43,69.58399963378906,104.2300033569336,0.8989999890327454
2026-05-18 10:53:45,52.013999938964844,113.12000274658203,0.7300000190734863
2026-05-18 10:58:47,53.577999114990234,111.31900024414062,0.7400000095367432
2026-05-18 11:03:49,51.09000015258789,112.99199676513672,0.7160000205039978
2026-05-18 11:08:51,32.27399826049805,121.83699798583984,0.4880000054836273
2026-05-18 11:13:53,21.360000610351562,112.49199676513672,0.2980000078678131
2026-05-18 11:18:55,23.89699935913086,115.66200256347656,0.34299999475479126
2026-05-18 11:23:57,16.79800033569336,123.28099822998047,0.25699999928474426
2026-05-18 11:28:59,13.770999908447266,110.34500122070312,0.18799999356269836
2026-05-18 11:34:01,24.257999420166016,119.96800231933594,0.3610000014305115
2026-05-18 11:39:03,39.02399826049805,114.56300354003906,0.5540000200271606
2026-05-18 11:44:05,33.40599822998047,105.93000030517578,0.4390000104904175
2026-05-18 11:49:07,53.37799835205078,107.28900146484375,0.7099999785423279
2026-05-18 11:54:09,82.70899963378906,109.15399932861328,1.11899995803833
2026-05-18 11:59:11,94.2969970703125,110.31800079345703,1.2899999618530273
2026-05-18 12:04:13,131.6219940185547,107.28299713134766,1.7510000467300415
2026-05-18 12:09:15,283.9859924316406,106.90799713134766,3.765000104904175
2026-05-18 12:14:17,370.24700927734375,120.9729995727539,5.553999900817871
2026-05-18 12:19:19,215.93099975585938,95.37899780273438,2.553999900817871
2026-05-18 12:24:21,365.4540100097656,99.04000091552734,4.48799991607666
2026-05-18 12:29:23,332.11700439453125,96.71299743652344,3.9830000400543213
2026-05-18 12:34:25,306.8389892578125,102.23300170898438,3.890000104904175
2026-05-18 12:39:26,196.18499755859375,102.78500366210938,2.5
2026-05-18 12:44:28,223.67100524902344,101.87200164794922,2.825000047683716
2026-05-18 12:49:30,406.9419860839844,100.22899627685547,5.058000087738037
2026-05-18 12:54:32,780.447998046875,122.77300262451172,11.880999565124512
2026-05-18 12:59:34,467.4129943847656,98.4800033569336,5.708000183105469
2026-05-18 13:04:36,925.8880004882812,97.50199890136719,11.194000244140625
2026-05-18 13:09:38,1098.5989990234375,95.08799743652344,12.954000473022461
2026-05-18 13:14:40,1085.7530517578125,96.94400024414062,13.052000045776367
2026-05-18 13:19:42,1005.1950073242188,99.61299896240234,12.416000366210938
2026-05-18 13:43:16,543.1409912109375,96.94300079345703,6.5289998054504395
2026-05-18 13:48:18,340.6289978027344,97.51300048828125,4.11899995803833
2026-05-18 13:53:20,213.4029998779297,102.81400299072266,2.7209999561309814
2026-05-18 13:58:22,166.5050048828125,103.552001953125,2.138000011444092
2026-05-18 14:03:24,167.26400756835938,105.83000183105469,2.194999933242798
2026-05-18 14:08:26,132.19000244140625,106.14800262451172,1.7400000095367432
2026-05-18 14:13:28,121.8290023803711,107.66699981689453,1.6260000467300415
2026-05-18 14:18:30,86.1510009765625,110.74800109863281,1.1829999685287476
2026-05-18 14:23:32,62.433998107910156,121.56900024414062,0.9409999847412109
2026-05-18 14:28:34,52.18299865722656,118.84500122070312,0.7689999938011169
2026-05-18 14:33:36,65.32099914550781,117.81300354003906,0.9539999961853027
2026-05-18 14:38:38,98.48200225830078,109.77400207519531,1.340999960899353
2026-05-18 14:43:40,177.177001953125,99.53399658203125,2.187000036239624
2026-05-18 14:48:42,211.03799438476562,104.07099914550781,2.7230000495910645
2026-05-18 14:53:44,235.7100067138672,104.92400360107422,3.066999912261963
2026-05-18 14:58:46,710.4340209960938,107.48999786376953,9.468999862670898
2026-05-18 15:03:48,495.406005859375,126.83499908447266,7.791999816894531
2026-05-18 15:08:50,395.6960144042969,100.60700225830078,4.935999870300293
2026-05-18 15:13:52,277.19500732421875,103.53399658203125,3.559000015258789
2026-05-18 15:18:54,432.72198486328125,165.96200561523438,8.904999732971191
2026-05-18 15:23:56,1074.0689697265625,89.10900115966797,11.868000030517578
2026-05-18 15:28:58,378.3590087890625,74.22200012207031,3.4820001125335693
2026-05-18 15:34:00,284.4960021972656,102.31600189208984,3.6089999675750732
2026-05-18 15:39:02,531.5380249023438,100.6780014038086,6.636000156402588
2026-05-18 15:44:04,266.8500061035156,100.78099822998047,3.3350000381469727
2026-05-18 15:49:06,252.0229949951172,100.88800048828125,3.1530001163482666
2026-05-18 15:54:08,196.25799560546875,99.26799774169922,2.4159998893737793
2026-05-18 15:59:10,118.12300109863281,97.59700012207031,1.4299999475479126
2026-05-18 16:04:12,94.51399993896484,105.4020004272461,1.2350000143051147
2026-05-18 16:09:14,73.81500244140625,103.77899932861328,0.949999988079071
2026-05-18 16:14:16,40.6349983215332,117.19499969482422,0.5910000205039978
2026-05-18 16:19:18,24.756999969482422,114.5530014038086,0.35199999809265137
2026-05-18 16:24:20,25.969999313354492,112.77100372314453,0.3630000054836273
2026-05-18 16:29:22,38.474998474121094,113.86900329589844,0.5429999828338623
2026-05-18 16:34:24,79.91799926757812,110.3239974975586,1.093000054359436
2026-05-18 16:39:26,135.79400634765625,105.11900329589844,1.7699999809265137
2026-05-18 16:44:28,148.60299682617188,108.41799926757812,1.9980000257492065
2026-05-18 16:49:30,93.42400360107422,102.99700164794922,1.1929999589920044
2026-05-18 16:54:32,59.21799850463867,106.2239990234375,0.7799999713897705
2026-05-18 16:59:34,50.35900115966797,103.83000183105469,0.6480000019073486
2026-05-18 17:04:36,45.28900146484375,108.2760009765625,0.6079999804496765
2026-05-18 17:09:38,41.57699966430664,104.48699951171875,0.5389999747276306
2026-05-18 17:14:40,56.77299880981445,101.75299835205078,0.7160000205039978
2026-05-18 17:19:42,134.7519989013672,104.06300354003906,1.7389999628067017
2026-05-18 17:24:44,98.87300109863281,98.46299743652344,1.2070000171661377
2026-05-18 17:29:46,51.4010009765625,102.71499633789062,0.6549999713897705
2026-05-18 17:34:48,40.78900146484375,105.95500183105469,0.5360000133514404
2026-05-18 17:39:50,21.878999710083008,103.10399627685547,0.2800000011920929
2026-05-18 17:44:52,14.29699993133545,126.02200317382812,0.22300000488758087
2026-05-18 17:49:54,12.038999557495117,101.46900177001953,0.1509999930858612
2026-05-18 17:54:56,12.130000114440918,131.27999877929688,0.19699999690055847
2026-05-18 17:59:58,15.314000129699707,113.47799682617188,0.2150000035762787
2026-05-18 18:05:00,20.493999481201172,115.83699798583984,0.2939999997615814
2026-05-18 18:10:02,26.256000518798828,110.47699737548828,0.36000001430511475
2026-05-18 18:15:04,42.43899917602539,97.27400207519531,0.5120000243186951
2026-05-18 18:20:06,67.10600280761719,101.28700256347656,0.8429999947547913
2026-05-18 18:25:07,74.11499786376953,101.69999694824219,0.9350000023841858
2026-05-18 18:30:09,121.56099700927734,106.33300018310547,1.6030000448226929
2026-05-18 18:35:11,133.1219940185547,97.82499694824219,1.6150000095367432
2026-05-18 18:40:13,103.91799926757812,94.43199920654297,1.2170000076293945
2026-05-18 18:45:15,79.49299621582031,95.98500061035156,0.9459999799728394
2026-05-18 18:50:17,75.8489990234375,94.13600158691406,0.8849999904632568
2026-05-18 18:55:19,60.999000549316406,100.55400085449219,0.7609999775886536
2026-05-18 19:00:21,54.86899948120117,99.24600219726562,0.675000011920929
2026-05-18 19:05:23,51.275001525878906,100.54900360107422,0.6389999985694885
2026-05-18 19:10:25,49.02199935913086,96.75199890136719,0.5879999995231628
2026-05-18 19:15:27,57.18600082397461,94.06700134277344,0.6669999957084656
2026-05-18 19:20:29,65.552001953125,94.6259994506836,0.7689999938011169
2026-05-18 19:25:31,60.36800003051758,95.4520034790039,0.7149999737739563
2026-05-18 19:30:33,52.05699920654297,96.93099975585938,0.6259999871253967
2026-05-18 19:35:35,34.138999938964844,97.17400360107422,0.41100001335144043
2026-05-18 19:40:37,29.246000289916992,98.63700103759766,0.3580000102519989
2026-05-18 19:45:39,46.292999267578125,96.8550033569336,0.5559999942779541
2026-05-18 19:50:41,22.76300048828125,90.697998046875,0.25600001215934753
2026-05-18 19:55:43,20.05500030517578,105.08100128173828,0.26100000739097595
2026-05-18 20:00:45,18.680999755859375,89.6969985961914,0.20800000429153442
2026-05-18 20:05:47,27.29800033569336,92.62100219726562,0.3140000104904175
2026-05-18 20:10:49,26.95800018310547,99.31700134277344,0.3319999873638153
2026-05-18 20:15:51,18.60300064086914,87.74600219726562,0.20200000703334808
2026-05-18 20:20:53,15.638999938964844,90.00399780273438,0.17499999701976776
2026-05-18 20:25:55,17.319000244140625,99.71900177001953,0.21400000154972076
2026-05-18 20:30:57,20.733999252319336,94.89099884033203,0.24400000274181366
2026-05-18 20:35:59,16.687999725341797,93.66200256347656,0.1940000057220459
2026-05-18 20:41:01,10.866000175476074,113.5780029296875,0.15299999713897705
2026-05-18 20:46:03,7.567999839782715,118.13300323486328,0.11100000143051147
2026-05-18 20:51:05,5.952000141143799,36.349998474121094,0.027000000700354576
2026-05-18 20:56:07,4.098999977111816,0.28200000524520874,0.0
2026-05-18 21:01:09,2.125999927520752,0.16300000250339508,0.0
2026-05-19 05:50:59,2.125999927520752,0.16300000250339508,0.0
2026-05-19 05:56:01,2.7769999504089355,0.22300000488758087,0.0
2026-05-19 06:01:03,4.085000038146973,0.23399999737739563,0.0
2026-05-19 06:06:05,5.664000034332275,0.20900000631809235,0.0
2026-05-19 06:11:07,8.711000442504883,30.559999465942383,0.032999999821186066
2026-05-19 06:16:09,11.4350004196167,84.01399993896484,0.11900000274181366
2026-05-19 06:21:11,13.269000053405762,90.30400085449219,0.14900000393390656
2026-05-19 06:26:13,16.464000701904297,80.01100158691406,0.16300000250339508
2026-05-19 06:31:15,18.843000411987305,103.32099914550781,0.2409999966621399
2026-05-19 06:36:17,24.413999557495117,93.96700286865234,0.2840000092983246
2026-05-19 06:41:19,32.73400115966797,87.18599700927734,0.3540000021457672
2026-05-19 06:46:21,42.209999084472656,87.15599822998047,0.4560000002384186
2026-05-19 06:51:23,43.14099884033203,88.02400207519531,0.47099998593330383
2026-05-19 06:56:25,50.249000549316406,89.18599700927734,0.5559999942779541
2026-05-19 07:01:27,53.55400085449219,89.45899963378906,0.593999981880188
2026-05-19 07:06:29,58.96500015258789,85.68000030517578,0.6259999871253967
2026-05-19 07:11:31,59.979000091552734,90.47899627685547,0.6729999780654907
2026-05-19 07:16:33,66.73600006103516,90.22699737548828,0.746999979019165
2026-05-19 07:21:35,60.59199905395508,89.5479965209961,0.6729999780654907
2026-05-19 07:26:37,70.55999755859375,88.8479995727539,0.7770000100135803
2026-05-19 07:31:39,82.25499725341797,87.56700134277344,0.8930000066757202
2026-05-19 07:36:41,84.28299713134766,87.78399658203125,0.9169999957084656
2026-05-19 07:41:43,59.13100051879883,95.6449966430664,0.7009999752044678
2026-05-19 07:46:45,82.01599884033203,91.8550033569336,0.9340000152587891
2026-05-19 07:51:47,77.88600158691406,88.89299774169922,0.859000027179718
2026-05-19 07:56:49,96.77300262451172,92.25399780273438,1.1069999933242798
2026-05-19 08:01:51,118.20800018310547,91.6780014038086,1.343999981880188
2026-05-19 08:06:53,132.4459991455078,85.94999694824219,1.4119999408721924
2026-05-19 08:11:55,166.0019989013672,84.48500061035156,1.7389999628067017
2026-05-19 08:16:57,152.61000061035156,89.8030014038086,1.6990000009536743
2026-05-19 08:21:59,131.3990020751953,88.96800231933594,1.4500000476837158
2026-05-19 08:27:01,130.57400512695312,92.20899963378906,1.4930000305175781
2026-05-19 08:32:03,149.3990020751953,89.27200317382812,1.6540000438690186
2026-05-19 08:37:05,168.27000427246094,86.97200012207031,1.815000057220459
2026-05-19 08:42:07,247.2550048828125,78.43199920654297,2.4049999713897705
2026-05-19 08:47:09,258.260986328125,76.25399780273438,2.441999912261963
2026-05-19 08:52:11,287.1499938964844,79.37100219726562,2.8259999752044678
2026-05-19 08:57:13,273.7300109863281,85.60299682617188,2.9059998989105225
2026-05-19 09:02:15,199.5019989013672,90.48600006103516,2.23799991607666
2026-05-19 09:07:17,252.9010009765625,87.59500122070312,2.746999979019165
2026-05-19 09:12:18,282.00201416015625,92.66000366210938,3.240000009536743
2026-05-19 09:17:20,330.9549865722656,81.7300033569336,3.3540000915527344
2026-05-19 09:22:22,408.177001953125,85.1500015258789,4.309999942779541
2026-05-19 09:27:24,375.81500244140625,87.65499877929688,4.085000038146973
2026-05-19 09:32:26,466.57598876953125,96.09600067138672,5.559999942779541
2026-05-19 09:37:28,362.27899169921875,89.1240005493164,4.004000186920166
2026-05-19 09:42:30,481.614013671875,88.36799621582031,5.2769999504089355
2026-05-19 09:47:32,378.6719970703125,87.87899780273438,4.125999927520752
2026-05-19 09:52:34,379.10198974609375,89.08899688720703,4.188000202178955
2026-05-19 09:57:36,380.8890075683594,87.54199981689453,4.135000228881836
2026-05-19 10:02:38,298.9389953613281,92.60800170898438,3.433000087738037
2026-05-19 10:07:40,274.2699890136719,94.01499938964844,3.197000026702881
2026-05-19 10:12:42,282.5169982910156,93.70600128173828,3.2829999923706055
2026-05-19 10:17:44,246.39700317382812,94.71700286865234,2.8940000534057617
2026-05-19 10:22:46,254.72500610351562,94.56400299072266,2.986999988555908
2026-05-19 10:27:48,273.3349914550781,94.4219970703125,3.200000047683716
2026-05-19 10:32:50,307.4330139160156,94.1449966430664,3.5889999866485596
2026-05-19 10:37:52,256.7170104980469,94.83899688720703,3.0190000534057617
2026-05-19 10:42:54,244.06900024414062,95.94999694824219,2.9040000438690186
2026-05-19 10:47:56,248.093994140625,96.24700164794922,2.9609999656677246
2026-05-19 10:52:58,276.5270080566406,95.41500091552734,3.2720000743865967
2026-05-19 10:58:00,346.54901123046875,95.05999755859375,4.085000038146973
2026-05-19 11:03:02,388.7909851074219,93.78800201416016,4.521999835968018
2026-05-19 11:08:04,420.0429992675781,91.36299896240234,4.758999824523926
2026-05-19 11:13:06,435.3389892578125,89.62300109863281,4.8379998207092285
2026-05-19 11:18:08,356.7030029296875,91.15599822998047,4.0320000648498535
2026-05-19 11:23:10,471.3299865722656,91.3239974975586,5.336999893188477
2026-05-19 11:28:12,630.8870239257812,90.8280029296875,7.105000019073486
2026-05-19 11:33:14,589.9769897460938,90.8499984741211,6.645999908447266
2026-05-19 11:38:16,646.677001953125,89.27200317382812,7.158999919891357
2026-05-19 11:43:18,697.5789794921875,91.37799835205078,7.9039998054504395
2026-05-19 11:48:20,694.4940185546875,93.17900085449219,8.02400016784668
2026-05-19 11:53:22,326.9989929199219,92.55799865722656,3.753000020980835
2026-05-19 11:58:24,639.47900390625,89.28399658203125,7.079999923706055
2026-05-19 12:03:26,761.6820068359375,92.65599822998047,8.75100040435791
2026-05-19 12:08:28,782.072998046875,94.63099670410156,9.177000045776367
2026-05-19 12:13:30,603.3369750976562,96.45600128173828,7.216000080108643
2026-05-19 12:18:32,428.5050048828125,97.0,5.1539998054504395
2026-05-19 12:23:34,509.6990051269531,98.11199951171875,6.201000213623047
2026-05-19 12:28:36,586.5280151367188,95.98200225830078,6.980999946594238
2026-05-19 12:33:38,673.4349975585938,96.56900024414062,8.064000129699707
2026-05-19 12:38:40,582.1849975585938,105.06999969482422,7.585000038146973
2026-05-19 12:43:42,533.0590209960938,94.39399719238281,6.238999843597412
2026-05-19 12:48:44,755.156982421875,102.25399780273438,9.574999809265137
2026-05-19 12:53:46,875.1680297851562,97.63700103759766,10.595999717712402
2026-05-19 12:58:48,452.45001220703125,95.62699890136719,5.364999771118164
2026-05-19 13:03:50,564.5579833984375,105.03600311279297,7.353000164031982
2026-05-19 13:08:52,553.4450073242188,98.12200164794922,6.734000205993652
2026-05-19 13:13:54,496.6419982910156,106.44100189208984,6.554999828338623
2026-05-19 13:18:56,558.5440063476562,100.00599670410156,6.926000118255615
2026-05-19 13:23:58,467.2070007324219,99.00900268554688,5.736000061035156
2026-05-19 13:47:37,284.9630126953125,98.18199920654297,3.4690001010894775
2026-05-19 13:52:39,233.1580047607422,99.85800170898438,2.88700008392334
2026-05-19 13:57:41,199.99099731445312,102.53199768066406,2.5429999828338623
2026-05-19 14:02:43,153.64100646972656,102.88200378417969,1.9600000381469727
2026-05-19 14:07:45,126.02100372314453,105.08000183105469,1.6419999599456787
2026-05-19 14:12:47,110.677001953125,107.38200378417969,1.4739999771118164
2026-05-19 14:17:49,107.78700256347656,109.21499633789062,1.4600000381469727
2026-05-19 14:22:51,113.65699768066406,107.1719970703125,1.5099999904632568
2026-05-19 14:27:53,125.33899688720703,106.61199951171875,1.656999945640564
2026-05-19 14:32:55,147.12899780273438,107.36799621582031,1.9589999914169312
2026-05-19 14:37:57,180.08900451660156,105.00800323486328,2.3450000286102295
2026-05-19 14:42:59,196.56700134277344,105.447998046875,2.569999933242798
2026-05-19 14:48:01,194.78399658203125,101.63999938964844,2.4549999237060547
2026-05-19 14:53:03,264.15301513671875,101.0790023803711,3.311000108718872
2026-05-19 14:58:05,465.02899169921875,96.48600006103516,5.564000129699707
2026-05-19 15:03:07,649.9249877929688,96.02999877929688,7.738999843597412
2026-05-19 15:08:09,540.9920043945312,98.45999908447266,6.605000019073486
2026-05-19 15:13:11,573.3359985351562,96.93399810791016,6.890999794006348
2026-05-19 15:18:13,506.60699462890625,96.59200286865234,6.067999839782715
2026-05-19 15:23:15,507.6409912109375,96.05699920654297,6.046999931335449
2026-05-19 15:28:17,407.36199951171875,104.625,5.284999847412109
2026-05-19 15:33:19,315.7170104980469,99.26399993896484,3.885999917984009
2026-05-19 15:38:21,261.9909973144531,99.25299835205078,3.2239999771118164
2026-05-19 15:43:23,236.27999877929688,97.68800354003906,2.861999988555908
2026-05-19 15:48:25,213.7209930419922,98.0250015258789,2.5980000495910645
2026-05-19 15:53:27,204.88699340820312,98.23500061035156,2.496000051498413
2026-05-19 15:58:29,183.61599731445312,99.01899719238281,2.255000114440918
2026-05-19 16:03:31,167.27999877929688,98.11399841308594,2.0350000858306885
2026-05-19 16:08:33,196.47500610351562,98.9739990234375,2.4110000133514404
2026-05-19 16:13:35,200.51499938964844,99.45999908447266,2.4730000495910645
2026-05-19 16:18:37,215.5500030517578,98.6709976196289,2.63700008392334
2026-05-19 16:23:38,195.75999450683594,98.2300033569336,2.384000062942505
2026-05-19 16:28:40,178.40199279785156,98.0770034790039,2.1700000762939453
2026-05-19 16:33:42,159.74400329589844,98.01699829101562,1.9420000314712524
2026-05-19 16:38:44,162.76800537109375,99.01699829101562,1.9980000257492065
2026-05-19 17:01:03,190.8820037841797,96.13200378417969,2.2750000953674316
2026-05-19 17:06:05,189.46099853515625,94.9280014038086,2.2300000190734863
2026-05-19 17:11:07,211.66600036621094,94.53500366210938,2.4809999465942383
2026-05-19 17:16:09,258.86199951171875,94.31099700927734,3.0269999504089355
2026-05-19 17:22:47,255.9219970703125,94.8270034790039,3.009000062942505
2026-05-19 17:27:49,220.427001953125,92.41600036621094,2.5260000228881836
2026-05-19 17:32:51,225.08099365234375,89.60299682617188,2.500999927520752
2026-05-19 17:37:53,442.7359924316406,78.03299713134766,4.283999919891357
2026-05-19 17:42:55,346.5050048828125,59.930999755859375,2.575000047683716
2026-05-19 17:47:57,304.3919982910156,90.24700164794922,3.4059998989105225
2026-05-19 17:52:59,194.09800720214844,87.10700225830078,2.0969998836517334
2026-05-19 17:58:01,156.09100341796875,89.89199829101562,1.7400000095367432
2026-05-19 18:03:03,143.343994140625,92.59300231933594,1.6460000276565552
2026-05-19 18:08:05,154.41400146484375,93.322998046875,1.7869999408721924
2026-05-19 18:16:38,163.98599243164062,102.4530029296875,2.0829999446868896
2026-05-19 18:21:40,128.3730010986328,158.72500610351562,2.5269999504089355
2026-05-19 18:26:43,121.52200317382812,157.68099975585938,2.375999927520752
2026-05-19 18:31:45,116.60099792480469,135.45700073242188,1.9589999914169312
2026-05-19 18:36:47,94.78600311279297,93.74199676513672,1.1019999980926514
2026-05-19 18:41:49,89.7509994506836,92.99400329589844,1.034999966621399
2026-05-19 18:46:51,96.0250015258789,95.21099853515625,1.1339999437332153
2026-05-19 18:51:53,92.10299682617188,95.94400024414062,1.0959999561309814
2026-05-19 18:56:55,76.98999786376953,93.22699737548828,0.8899999856948853
2026-05-19 19:01:57,73.58899688720703,96.70800018310547,0.8820000290870667
2026-05-19 19:06:59,56.75400161743164,90.02200317382812,0.6340000033378601
2026-05-19 19:12:01,78.01799774169922,90.34700012207031,0.8740000128746033
2026-05-19 19:17:03,76.1510009765625,95.13999938964844,0.8980000019073486
2026-05-19 19:22:05,61.99300003051758,96.9749984741211,0.7450000047683716
2026-05-19 19:27:07,49.09700012207031,96.01200103759766,0.5849999785423279
2026-05-19 19:32:09,44.257999420166016,90.02400207519531,0.49399998784065247
2026-05-19 19:37:11,39.446998596191406,94.66799926757812,0.46299999952316284
2026-05-19 19:42:13,33.7140007019043,93.84100341796875,0.3919999897480011
2026-05-19 19:47:15,38.084999084472656,94.28299713134766,0.4449999928474426
2026-05-19 19:52:17,38.92300033569336,89.05599975585938,0.4300000071525574
2026-05-19 19:57:19,39.31700134277344,95.2249984741211,0.46399998664855957
2026-05-19 20:02:21,36.20100021362305,95.01799774169922,0.4269999861717224
2026-05-19 20:07:23,33.17300033569336,93.73899841308594,0.38600000739097595
2026-05-19 20:12:25,30.820999145507812,95.14700317382812,0.36399999260902405
2026-05-19 20:17:27,28.231000900268555,102.13400268554688,0.3580000102519989
2026-05-19 20:22:29,25.08799934387207,93.7760009765625,0.2919999957084656
2026-05-19 20:27:31,21.368000030517578,98.6259994506836,0.26100000739097595
2026-05-19 20:32:33,16.933000564575195,95.5510025024414,0.20100000500679016
2026-05-19 20:37:35,13.342000007629395,97.052001953125,0.16099999845027924
2026-05-19 20:42:37,10.987000465393066,89.40899658203125,0.12200000137090683
2026-05-19 20:47:39,8.494000434875488,119.8280029296875,0.12600000202655792
2026-05-19 20:52:41,5.550000190734863,21.749000549316406,0.014999999664723873
2026-05-19 20:57:43,3.3259999752044678,0.2720000147819519,0.0
2026-05-19 21:02:45,1.6779999732971191,0.21400000154972076,0.0
2026-05-20 05:50:11,1.6779999732971191,0.21400000154972076,0.0
2026-05-20 05:55:13,2.438999891281128,0.15800000727176666,0.0
2026-05-20 06:00:15,4.5279998779296875,0.2290000021457672,0.0
2026-05-20 06:05:18,7.085999965667725,0.2759999930858612,0.0
2026-05-20 06:10:20,7.4079999923706055,15.194999694824219,0.014000000432133675
2026-05-20 06:15:22,11.04699993133545,64.67400360107422,0.08900000154972076
2026-05-20 06:20:24,13.312000274658203,90.47799682617188,0.14900000393390656
2026-05-20 06:25:26,20.01099967956543,92.61900329589844,0.23000000417232513
2026-05-20 06:30:28,22.409000396728516,90.90399932861328,0.2529999911785126
2026-05-20 06:35:30,25.878999710083008,83.65699768066406,0.2680000066757202
2026-05-20 06:40:32,32.86899948120117,89.12899780273438,0.3630000054836273
2026-05-20 06:45:34,40.70199966430664,82.97000122070312,0.4189999997615814
2026-05-20 06:50:36,46.22600173950195,84.18900299072266,0.4830000102519989
2026-05-20 06:55:38,46.74700164794922,89.01899719238281,0.515999972820282
2026-05-20 07:00:40,51.845001220703125,84.74299621582031,0.5450000166893005
2026-05-20 07:05:42,62.42300033569336,91.56300354003906,0.7089999914169312
2026-05-20 07:10:44,70.86399841308594,90.4540023803711,0.7950000166893005
2026-05-20 07:15:46,75.31400299072266,91.41300201416016,0.8539999723434448
2026-05-20 07:20:48,87.1449966430664,87.27300262451172,0.9430000185966492
2026-05-20 07:25:50,90.77300262451172,88.26799774169922,0.9940000176429749
2026-05-20 07:30:52,91.04900360107422,87.59200286865234,0.9890000224113464
2026-05-20 07:35:54,98.14199829101562,75.05799865722656,0.9129999876022339
2026-05-20 07:40:56,116.16000366210938,63.34600067138672,0.9120000004768372
2026-05-20 07:45:58,144.9600067138672,57.8650016784668,1.0399999618530273
2026-05-20 07:51:00,145.5290069580078,73.32499694824219,1.3229999542236328
2026-05-20 07:56:02,238.72900390625,69.59300231933594,2.059999942779541
2026-05-20 08:01:04,186.31500244140625,77.13700103759766,1.781999945640564
2026-05-20 08:06:06,166.968994140625,78.73500061035156,1.6299999952316284
2026-05-20 08:11:08,159.07899475097656,79.23200225830078,1.562999963760376
2026-05-20 08:16:10,147.8419952392578,83.0469970703125,1.5219999551773071
2026-05-20 08:21:12,181.50399780273438,82.41400146484375,1.8550000190734863
2026-05-20 08:26:14,300.3429870605469,73.88600158691406,2.752000093460083
2026-05-20 08:31:16,276.7860107421875,69.40799713134766,2.381999969482422
2026-05-20 08:36:18,311.0740051269531,75.9520034790039,2.930000066757202
2026-05-20 08:41:20,319.0060119628906,76.73300170898438,3.0350000858306885
2026-05-20 08:46:22,266.875,84.18699645996094,2.7860000133514404
2026-05-20 08:51:24,264.8320007324219,77.72699737548828,2.552000045776367
2026-05-20 08:56:26,404.8710021972656,73.88500213623047,3.7090001106262207
2026-05-20 09:01:28,379.2430114746094,76.17900085449219,3.5820000171661377
2026-05-20 09:06:30,467.8169860839844,76.71800231933594,4.449999809265137
2026-05-20 09:11:32,580.2899780273438,72.61199951171875,5.224999904632568
2026-05-20 09:16:34,636.3770141601562,75.21099853515625,5.934999942779541
2026-05-20 09:21:36,493.1310119628906,79.3010025024414,4.848999977111816
2026-05-20 09:26:38,464.5740051269531,80.12200164794922,4.616000175476074
2026-05-20 09:31:40,447.85101318359375,83.66799926757812,4.645999908447266
2026-05-20 09:36:42,386.9849853515625,82.94100189208984,3.9800000190734863
2026-05-20 09:41:44,379.9339904785156,86.52100372314453,4.076000213623047
2026-05-20 09:46:46,351.4580078125,84.45600128173828,3.680999994277954
2026-05-20 09:51:48,312.12298583984375,89.44400024414062,3.4619998931884766
2026-05-20 09:56:50,333.9469909667969,87.99299621582031,3.6440000534057617
2026-05-20 10:01:52,485.66900634765625,79.3479995727539,4.7789998054504395
2026-05-20 10:06:54,659.4719848632812,80.0530014038086,6.546000003814697
2026-05-20 10:11:56,631.1199951171875,85.38600158691406,6.682000160217285
2026-05-20 10:16:58,288.5899963378906,88.02200317382812,3.1500000953674316
2026-05-20 10:22:00,324.3999938964844,84.8030014038086,3.4110000133514404
2026-05-20 10:27:02,573.4990234375,61.63399887084961,4.382999897003174
2026-05-20 10:32:04,216.2259979248047,89.25399780273438,2.3929998874664307
2026-05-20 10:37:06,323.7300109863281,81.18699645996094,3.259000062942505
2026-05-20 10:42:08,886.8569946289062,81.64199829101562,8.977999687194824
2026-05-20 10:47:10,827.5859985351562,91.74500274658203,9.414999961853027
2026-05-20 10:52:12,1008.3820190429688,86.58999633789062,10.82699966430664
2026-05-20 10:57:14,423.5790100097656,91.06900024414062,4.7829999923706055
2026-05-20 11:02:16,412.06201171875,82.33000183105469,4.206999778747559
2026-05-20 11:07:18,574.5280151367188,101.06800079345703,7.199999809265137
2026-05-20 11:12:20,947.280029296875,84.2699966430664,9.89900016784668
2026-05-20 11:17:22,937.14697265625,86.30500030517578,10.029000282287598
2026-05-20 11:22:24,969.7990112304688,86.2249984741211,10.369000434875488
2026-05-20 11:27:26,1042.10302734375,82.4229965209961,10.651000022888184
2026-05-20 11:32:28,550.8909912109375,123.25499725341797,8.420000076293945
2026-05-20 11:37:30,1180.8409423828125,85.13200378417969,12.46500015258789
2026-05-20 11:42:32,1115.197998046875,88.74400329589844,12.272000312805176
2026-05-20 11:47:34,490.74700927734375,106.65599822998047,6.489999771118164
2026-05-20 11:52:36,470.40899658203125,101.55699920654297,5.923999786376953
2026-05-20 11:57:38,1150.491943359375,86.16500091552734,12.291999816894531
2026-05-20 12:02:40,574.2990112304688,129.99200439453125,9.256999969482422
2026-05-20 12:07:42,467.0379943847656,100.05599975585938,5.794000148773193
2026-05-20 12:12:44,435.760009765625,99.78399658203125,5.392000198364258
2026-05-20 12:17:46,497.6340026855469,104.25800323486328,6.433000087738037
2026-05-20 12:22:48,540.5919799804688,92.86000061035156,6.224999904632568
2026-05-20 12:27:50,799.1669921875,46.39799880981445,4.5980000495910645
2026-05-20 12:32:52,1235.8330078125,94.29399871826172,14.449999809265137
2026-05-20 12:37:54,411.77099609375,109.55500030517578,5.593999862670898
2026-05-20 12:42:56,451.3280029296875,104.50399780273438,5.848999977111816
2026-05-20 12:47:59,935.541015625,50.21099853515625,5.824999809265137
2026-05-20 12:53:01,1222.9990234375,98.99700164794922,15.012999534606934
2026-05-20 12:58:03,1274.6309814453125,99.9729995727539,15.800999641418457
2026-05-20 13:03:05,477.56298828125,95.30500030517578,5.644000053405762
2026-05-20 13:08:07,572.6400146484375,122.07099914550781,8.668000221252441
2026-05-20 13:13:09,1185.10400390625,102.92900085449219,15.12600040435791
2026-05-20 13:18:11,1107.720947265625,103.26899719238281,14.1850004196167
2026-05-20 13:23:13,1139.2640380859375,104.16899871826172,14.715999603271484
2026-05-20 13:46:55,292.9209899902344,110.03900146484375,3.996999979019165
2026-05-20 13:51:57,282.52301025390625,111.54000091552734,3.9079999923706055
2026-05-20 13:56:59,1127.7049560546875,109.08699798583984,15.253999710083008
2026-05-20 14:02:01,1107.22705078125,107.05599975585938,14.697999954223633
2026-05-20 14:07:03,1164.31298828125,109.9000015258789,15.866999626159668
2026-05-20 14:12:05,1141.1519775390625,107.91600036621094,15.270000457763672
2026-05-20 14:17:07,1155.10205078125,106.68599700927734,15.281000137329102
2026-05-20 14:22:09,263.6050109863281,113.76200103759766,3.7190001010894775
2026-05-20 14:27:11,1182.43896484375,104.19599914550781,15.277999877929688
2026-05-20 14:32:13,209.5279998779297,111.39299774169922,2.8940000534057617
2026-05-20 14:37:15,237.4510040283203,102.43199920654297,3.0160000324249268
2026-05-20 14:42:17,711.8790283203125,31.964000701904297,2.822000026702881
2026-05-20 14:43:01,262.7179870605469,85.94000244140625,3.7850000858306885
2026-05-21 09:37:35,262.7179870605469,85.94000244140625,3.7850000858306885
2026-05-21 09:42:42,558.6329956054688,86.87699890136719,6.01800012588501
2026-05-21 09:47:59,643.4509887695312,86.5979995727539,6.908999919891357
2026-05-21 10:00:51,677.3419799804688,89.1729965209961,7.489999771118164
2026-05-21 10:04:42,693.6339721679688,88.83399963378906,7.640999794006348
2026-05-21 10:05:32,696.322021484375,88.45800018310547,7.638000011444092
2026-05-21 10:21:12,651.760009765625,92.3280029296875,7.461999893188477
2026-05-21 10:21:24,668.708984375,89.15799713134766,7.39300012588501
2026-05-21 10:21:48,690.9869995117188,88.96299743652344,7.623000144958496
2026-05-21 10:26:50,724.7310180664062,91.25599670410156,8.201000213623047
2026-05-21 10:31:52,733.9520263671875,91.08499908447266,8.289999961853027
2026-05-21 10:36:54,724.3569946289062,92.4020004272461,8.300000190734863
2026-05-21 10:41:56,772.6829833984375,92.6969985961914,8.881999969482422
2026-05-21 10:46:58,768.510009765625,94.4739990234375,9.003000259399414
2026-05-21 10:52:00,823.9730224609375,93.33999633789062,9.536999702453613
2026-05-21 10:57:02,843.2730102539062,93.23200225830078,9.74899959564209
2026-05-21 11:02:04,899.0579833984375,93.18000030517578,10.387999534606934
2026-05-21 11:07:06,865.8880004882812,91.73300170898438,9.848999977111816
2026-05-21 11:12:08,886.7429809570312,95.12200164794922,10.458999633789062
2026-05-21 11:17:10,925.4329833984375,95.85600280761719,11.0
2026-05-21 11:22:12,844.3469848632812,96.052001953125,10.057000160217285
2026-05-21 11:27:14,927.3330078125,96.85800170898438,11.137999534606934
2026-05-21 11:32:16,922.2030029296875,98.49600219726562,11.262999534606934
2026-05-21 11:37:18,921.0700073242188,92.0979995727539,10.519000053405762
2026-05-21 11:42:20,917.3489990234375,102.44200134277344,11.652999877929688
2026-05-21 11:47:22,967.8419799804688,98.53800201416016,11.826000213623047
2026-05-21 11:52:24,967.4400024414062,101.06500244140625,12.12399959564209
2026-05-21 11:57:26,1025.5889892578125,101.01499938964844,12.845999717712402
2026-05-21 12:02:28,1062.6839599609375,100.3759994506836,13.22700023651123
2026-05-21 12:07:30,915.2429809570312,107.36599731445312,12.1850004196167
2026-05-21 12:12:32,979.1729736328125,104.34500122070312,12.668999671936035
2026-05-21 12:17:34,1014.281005859375,105.58499908447266,13.279999732971191
2026-05-21 12:22:36,1036.1810302734375,107.83599853515625,13.854999542236328
2026-05-21 12:27:38,1035.47705078125,108.7249984741211,13.960000038146973
2026-05-21 12:32:40,1063.1729736328125,109.0770034790039,14.380000114440918
2026-05-21 12:37:42,984.5369873046875,109.86100006103516,13.411999702453613
2026-05-21 12:42:44,1025.866943359375,110.802001953125,14.095000267028809
2026-05-21 12:47:46,995.6179809570312,110.99299621582031,13.70300006866455
2026-05-21 12:52:48,1038.6190185546875,113.21800231933594,14.581000328063965
2026-05-21 12:57:50,1056.612060546875,109.19100189208984,14.305999755859375
2026-05-21 13:02:52,1026.77197265625,111.90799713134766,14.248000144958496
2026-05-21 13:07:54,1071.06494140625,108.53299713134766,14.414999961853027
2026-05-21 13:12:56,1058.001953125,110.93000030517578,14.553000450134277
2026-05-21 13:17:58,1065.7550048828125,111.97100067138672,14.79699993133545
2026-05-21 13:23:00,923.6500244140625,116.99500274658203,13.399999618530273
2026-05-21 13:46:43,937.2789916992188,107.1760025024414,12.456000328063965
2026-05-21 13:51:45,1061.3399658203125,110.08999633789062,14.48799991607666
2026-05-21 13:56:47,1014.9530029296875,110.07099914550781,13.852999687194824
2026-05-21 14:01:49,980.4660034179688,113.96900177001953,13.855999946594238
2026-05-21 14:06:51,1030.2099609375,111.00199890136719,14.180000305175781
2026-05-21 14:11:53,1060.89501953125,111.48400115966797,14.666000366210938
2026-05-21 14:16:55,1026.7509765625,111.49500274658203,14.194999694824219
2026-05-21 14:21:57,1020.0869750976562,111.94400024414062,14.15999984741211
2026-05-21 14:26:59,1011.614013671875,111.88099670410156,14.034000396728516
2026-05-21 14:32:01,988.9349975585938,115.31999969482422,14.140999794006348
2026-05-21 14:37:03,1028.407958984375,114.40799713134766,14.59000015258789
2026-05-21 14:42:05,968.5709838867188,116.04199981689453,13.937000274658203
2026-05-21 14:47:07,960.0230102539062,115.11599731445312,13.704000473022461
2026-05-21 14:52:09,989.7260131835938,112.90299987792969,13.855999946594238
2026-05-21 14:57:11,977.802978515625,110.89399719238281,13.446000099182129
2026-05-21 15:02:13,985.0349731445312,110.77100372314453,13.529999732971191
2026-05-21 15:07:15,956.7789916992188,110.02899932861328,13.053999900817871
2026-05-21 15:12:17,891.9019775390625,108.15299987792969,11.961000442504883
2026-05-21 15:17:19,945.7579956054688,108.35700225830078,12.706999778747559
2026-05-21 15:22:21,908.52099609375,106.90399932861328,12.043000221252441
2026-05-21 15:27:23,910.8159790039062,106.64199829101562,12.043999671936035
2026-05-21 15:32:25,832.468994140625,107.65599822998047,11.11299991607666
2026-05-21 15:37:27,761.9860229492188,102.91699981689453,9.723999977111816
2026-05-21 15:42:29,796.4459838867188,106.68000030517578,10.53600025177002
2026-05-21 15:47:31,829.8909912109375,108.08699798583984,11.123000144958496
2026-05-21 15:52:33,737.2020263671875,105.96600341796875,9.687000274658203
2026-05-21 15:57:34,657.0969848632812,106.7249984741211,8.696000099182129
2026-05-21 16:02:36,458.0589904785156,106.76899719238281,6.064000129699707
2026-05-21 16:07:38,452.0069885253906,106.302001953125,5.958000183105469
2026-05-21 16:12:40,556.5139770507812,105.26499938964844,7.263999938964844
2026-05-21 16:17:42,689.4409790039062,100.41200256347656,8.583999633789062
2026-05-21 16:22:44,581.0059814453125,103.90799713134766,7.486000061035156
2026-05-21 16:27:46,726.552978515625,100.43499755859375,9.04800033569336
2026-05-21 16:32:48,763.5590209960938,95.20700073242188,9.013999938964844
2026-05-21 16:37:50,739.406982421875,96.62799835205078,8.859000205993652
2026-05-21 16:42:52,709.3939819335938,97.60399627685547,8.586000442504883
2026-05-21 16:47:54,669.3989868164062,95.71900177001953,7.945000171661377
2026-05-21 16:52:56,643.5590209960938,97.51300048828125,7.7820000648498535
2026-05-21 16:57:58,635.39697265625,92.81099700927734,7.313000202178955
2026-05-21 17:03:00,581.7119750976562,94.23300170898438,6.796999931335449
2026-05-21 17:08:02,629.3920288085938,91.4729995727539,7.138999938964844
2026-05-21 17:13:04,567.1610107421875,90.61799621582031,6.373000144958496
2026-05-21 17:18:06,493.7030029296875,92.59200286865234,5.668000221252441
2026-05-21 17:23:08,543.7830200195312,87.96800231933594,5.932000160217285
2026-05-21 17:28:10,425.54400634765625,89.03199768066406,4.697999954223633
2026-05-21 17:33:12,512.4869995117188,86.58100128173828,5.501999855041504
2026-05-21 17:38:14,490.78900146484375,85.17500305175781,5.184000015258789
2026-05-21 17:43:16,424.5369873046875,90.27200317382812,4.751999855041504
2026-05-21 17:48:18,456.2969970703125,84.52300262451172,4.7820000648498535
2026-05-21 17:53:20,429.572998046875,81.8550033569336,4.360000133514404
2026-05-21 17:58:22,427.6910095214844,81.07099914550781,4.300000190734863
2026-05-21 18:03:24,157.60000610351562,199.1009979248047,3.8910000324249268
2026-05-21 18:08:26,87.53800201416016,326.62298583984375,3.5450000762939453
2026-05-21 18:13:28,83.73300170898438,310.18701171875,3.2209999561309814
2026-05-21 18:18:30,79.72100067138672,298.0920104980469,2.947000026702881
2026-05-21 18:23:32,76.37899780273438,288.0780029296875,2.7279999256134033
2026-05-21 18:28:34,72.97599792480469,265.6969909667969,2.4040000438690186
2026-05-21 18:33:36,68.83200073242188,118.76300048828125,1.0140000581741333
2026-05-21 18:38:38,67.42400360107422,119.56999969482422,1.0
2026-05-21 18:43:40,67.46299743652344,122.04399871826172,1.0210000276565552
2026-05-21 18:48:42,61.90599822998047,117.22100067138672,0.8999999761581421
2026-05-21 18:53:44,56.0369987487793,119.16000366210938,0.828000009059906
2026-05-21 18:58:46,50.584999084472656,122.36399841308594,0.7680000066757202
2026-05-21 19:03:48,50.52299880981445,116.3759994506836,0.7289999723434448
2026-05-21 19:08:50,50.11899948120117,119.08399963378906,0.7400000095367432
2026-05-21 19:13:52,46.37900161743164,123.18299865722656,0.7080000042915344
2026-05-21 19:18:54,45.566001892089844,119.6780014038086,0.6759999990463257
2026-05-21 19:23:56,46.97100067138672,121.125,0.7049999833106995
2026-05-21 19:28:58,46.724998474121094,119.02899932861328,0.6899999976158142
2026-05-21 19:34:00,44.9900016784668,118.41999816894531,0.6610000133514404
2026-05-21 19:39:02,42.44300079345703,118.62300109863281,0.6240000128746033
2026-05-21 19:44:03,40.887001037597656,120.05599975585938,0.609000027179718
2026-05-21 19:49:05,37.946998596191406,123.62200164794922,0.5820000171661377
2026-05-21 19:54:07,36.03200149536133,125.9749984741211,0.5630000233650208
2026-05-21 19:59:09,34.696998596191406,123.98500061035156,0.5329999923706055
2026-05-21 20:04:11,32.04800033569336,126.75900268554688,0.5040000081062317
2026-05-21 20:09:13,27.547000885009766,139.66799926757812,0.47699999809265137
2026-05-21 20:14:15,25.30500030517578,135.7989959716797,0.4259999990463257
2026-05-21 20:19:17,23.506000518798828,136.59300231933594,0.39800000190734863
2026-05-21 20:24:19,22.503000259399414,125.59300231933594,0.3499999940395355
2026-05-21 20:29:21,21.66200065612793,139.17300415039062,0.37400001287460327
2026-05-21 20:34:23,19.46299934387207,127.20500183105469,0.3070000112056732
2026-05-21 20:39:25,16.150999069213867,131.46299743652344,0.2630000114440918
2026-05-21 20:44:27,13.4399995803833,140.69400024414062,0.23399999737739563
2026-05-21 20:49:29,10.843000411987305,118.11699676513672,0.1589999943971634
2026-05-21 20:54:31,8.064000129699707,150.1820068359375,0.15000000596046448
2026-05-21 20:59:33,5.59499979019165,137.90199279785156,0.09600000083446503
2026-05-21 21:04:35,3.6619999408721924,0.29100000858306885,0.0
2026-05-22 05:52:34,3.6619999408721924,0.29100000858306885,0.0
2026-05-22 05:57:36,5.367000102996826,0.29600000381469727,0.0
2026-05-22 06:02:38,7.789999961853027,109.64399719238281,0.10599999874830246
2026-05-22 06:07:40,10.055999755859375,101.4260025024414,0.12600000202655792
2026-05-22 06:12:42,12.42300033569336,131.77099609375,0.2029999941587448
2026-05-22 06:17:44,14.878000259399414,138.10299682617188,0.2549999952316284
2026-05-22 06:22:46,17.29400062561035,118.88899993896484,0.2549999952316284
2026-05-22 06:27:48,19.798999786376953,130.7570037841797,0.32100000977516174
2026-05-22 06:32:50,22.92300033569336,107.46900177001953,0.3050000071525574
2026-05-22 06:37:52,24.639999389648438,119.15899658203125,0.36399999260902405
2026-05-22 06:42:54,26.843000411987305,113.99500274658203,0.3790000081062317
2026-05-22 06:47:56,28.820999145507812,121.39900207519531,0.4339999854564667
2026-05-22 06:52:58,30.503000259399414,114.28900146484375,0.4320000112056732
2026-05-22 06:58:00,32.43000030517578,116.22799682617188,0.46700000762939453
2026-05-22 07:03:02,33.941001892089844,111.93800354003906,0.47099998593330383
2026-05-22 07:08:04,35.638999938964844,115.37699890136719,0.5099999904632568
2026-05-22 07:13:06,37.45600128173828,111.53900146484375,0.5180000066757202
2026-05-22 07:18:08,38.928001403808594,116.71099853515625,0.5630000233650208
2026-05-22 07:23:10,40.481998443603516,112.572998046875,0.5649999976158142
2026-05-22 07:28:12,41.979000091552734,115.23899841308594,0.6000000238418579
2026-05-22 07:33:14,43.45399856567383,118.26399993896484,0.6370000243186951
2026-05-22 07:38:16,153.89300537109375,33.22800064086914,0.6340000033378601
2026-05-22 07:43:18,189.77099609375,26.788000106811523,0.6299999952316284
2026-05-22 07:48:20,208.1300048828125,32.98400115966797,0.8510000109672546
2026-05-22 07:53:22,224.05499267578125,70.16100311279297,1.9490000009536743
2026-05-22 07:58:24,244.1280059814453,69.58300018310547,2.1059999465942383
2026-05-22 08:03:26,262.3089904785156,71.18099975585938,2.315000057220459
2026-05-22 08:08:28,281.75799560546875,72.54100036621094,2.5339999198913574
2026-05-22 08:13:30,299.2049865722656,73.80500030517578,2.73799991607666
2026-05-22 08:18:32,316.90301513671875,75.93800354003906,2.9839999675750732
2026-05-22 08:23:34,335.13800048828125,77.87999725341797,3.2360000610351562
2026-05-22 08:28:36,353.2049865722656,79.44599914550781,3.4800000190734863
2026-05-22 08:33:38,372.3059997558594,79.7490005493164,3.681999921798706
2026-05-22 08:38:40,391.45098876953125,80.48799896240234,3.9070000648498535
2026-05-22 08:43:42,411.0329895019531,81.08699798583984,4.132999897003174
2026-05-22 08:48:44,430.37701416015625,81.77400207519531,4.363999843597412
2026-05-22 08:53:46,452.4020080566406,82.177001953125,4.610000133514404
2026-05-22 08:58:48,470.78900146484375,82.9010009765625,4.840000152587891
2026-05-22 09:03:50,488.0299987792969,84.53600311279297,5.116000175476074
2026-05-22 09:08:52,507.6300048828125,85.03700256347656,5.353000164031982
2026-05-22 09:13:54,527.593017578125,85.84600067138672,5.616000175476074
2026-05-22 09:18:56,543.3759765625,87.26899719238281,5.880000114440918
2026-05-22 09:23:57,563.655029296875,87.45800018310547,6.11299991607666
2026-05-22 09:28:59,581.447021484375,87.81800079345703,6.331999778747559
2026-05-22 09:34:01,599.9660034179688,87.51000213623047,6.510000228881836
2026-05-22 09:39:03,616.8369750976562,89.20800018310547,6.822999954223633
2026-05-22 09:44:05,638.614990234375,89.51000213623047,7.0879998207092285
2026-05-22 09:49:07,652.3309936523438,91.22200012207031,7.379000186920166
2026-05-22 09:54:09,672.8070068359375,91.23400115966797,7.611000061035156
2026-05-22 09:59:11,688.6489868164062,92.2040023803711,7.874000072479248
2026-05-22 10:04:13,706.3179931640625,92.30400085449219,8.083999633789062
2026-05-22 10:09:15,722.9509887695312,92.36299896240234,8.279999732971191
2026-05-22 10:14:17,741.2589721679688,93.28700256347656,8.574999809265137
2026-05-22 10:19:19,758.5490112304688,93.28600311279297,8.77400016784668
2026-05-22 10:24:21,777.3300170898438,93.83300018310547,9.043999671936035
2026-05-22 10:29:23,792.3270263671875,94.54000091552734,9.288000106811523
2026-05-22 10:34:25,807.8720092773438,95.47000122070312,9.564000129699707
2026-05-22 10:39:27,823.4290161132812,96.06099700927734,9.807999610900879
2026-05-22 10:44:29,837.8740234375,97.03700256347656,10.081999778747559
2026-05-22 11:03:04,892.0230102539062,98.58100128173828,10.904000282287598
2026-05-22 11:08:06,906.9169921875,98.78900146484375,11.109999656677246
2026-05-22 11:13:08,918.9190063476562,99.30599975585938,11.315999984741211
2026-05-22 11:18:10,931.0079956054688,99.97000122070312,11.541000366210938
2026-05-22 11:23:12,941.7780151367188,100.6259994506836,11.75100040435791
2026-05-22 11:28:14,955.2479858398438,100.43299865722656,11.895999908447266
2026-05-22 11:33:16,965.3510131835938,101.71199798583984,12.175000190734863
2026-05-22 11:38:18,976.7589721679688,103.01399993896484,12.47700023651123
2026-05-22 11:43:20,987.0009765625,103.73799896240234,12.696000099182129
2026-05-22 11:48:22,997.2780151367188,104.10600280761719,12.87399959564209
2026-05-22 11:53:23,1007.2849731445312,104.69300079345703,13.07699966430664
2026-05-22 11:58:25,1017.3619995117188,105.13400268554688,13.262999534606934
2026-05-22 12:03:27,1021.25,106.4530029296875,13.480999946594238
2026-05-22 12:08:29,1029.447021484375,107.88300323486328,13.770999908447266
2026-05-22 12:13:31,1029.6710205078125,109.44300079345703,13.973999977111816
2026-05-22 12:18:33,1040.7979736328125,109.5999984741211,14.145000457763672
2026-05-22 12:23:35,1040.633056640625,110.9209976196289,14.312999725341797
2026-05-22 12:28:37,1049.43994140625,111.19999694824219,14.470000267028809
2026-05-22 12:33:39,1053.5980224609375,112.34100341796875,14.677000045776367
2026-05-22 12:38:41,1047.4610595703125,114.33699798583984,14.85099983215332
2026-05-22 12:43:43,1048.8759765625,115.93399810791016,15.07800006866455
2026-05-22 12:48:45,1053.89697265625,116.06700134277344,15.168000221252441
2026-05-22 12:53:47,1052.177978515625,116.86299896240234,15.246999740600586
2026-05-22 12:58:49,1052.9560546875,117.91100311279297,15.395000457763672
2026-05-22 13:03:51,1047.1500244140625,119.1520004272461,15.472000122070312
2026-05-22 13:08:53,1051.9150390625,118.23699951171875,15.42300033569336
2026-05-22 13:13:55,1052.281005859375,118.2020034790039,15.42300033569336
2026-05-22 13:18:57,1050.6490478515625,118.39700317382812,15.425000190734863
2026-05-22 13:23:59,1054.3590087890625,119.08799743652344,15.569999694824219
2026-05-22 13:47:38,1040.239990234375,115.33100128173828,14.87600040435791
2026-05-22 13:52:40,1024.1070556640625,116.0989990234375,14.743000030517578
2026-05-22 13:57:42,1032.116943359375,116.91200256347656,14.963000297546387
2026-05-22 14:02:44,1007.5919799804688,116.37699890136719,14.539999961853027
2026-05-22 14:07:45,1012.4249877929688,118.26699829101562,14.847000122070312
2026-05-22 14:12:47,988.135009765625,120.3740005493164,14.74899959564209
2026-05-22 14:17:49,1003.1430053710938,117.30500030517578,14.592000007629395
2026-05-22 14:22:51,1011.072021484375,118.08899688720703,14.805000305175781
2026-05-22 14:27:53,991.2570190429688,117.98500061035156,14.501999855041504
2026-05-22 14:32:55,995.3259887695312,118.39600372314453,14.61299991607666
2026-05-22 14:37:57,992.2650146484375,117.44400024414062,14.449999809265137
2026-05-22 14:42:59,944.3930053710938,117.58000183105469,13.769000053405762
2026-05-22 14:48:01,966.0050048828125,118.04399871826172,14.140000343322754
2026-05-22 14:53:03,953.3099975585938,118.16200256347656,13.968000411987305
2026-05-22 14:58:05,917.8629760742188,117.46499633789062,13.369000434875488
2026-05-22 15:03:07,879.8510131835938,116.70500183105469,12.732999801635742
2026-05-22 15:08:09,913.6530151367188,116.64199829101562,13.21500015258789
2026-05-22 15:13:11,903.7420043945312,116.09500122070312,13.010000228881836
2026-05-22 15:18:13,922.5980224609375,113.5530014038086,12.991000175476074
2026-05-22 15:23:15,870.1170043945312,114.01399993896484,12.302000045776367
2026-05-22 15:28:17,857.9929809570312,115.86100006103516,12.32699966430664
2026-05-22 15:33:19,786.1420288085938,117.26699829101562,11.430999755859375
2026-05-22 15:38:21,855.6380004882812,111.44599914550781,11.824000358581543
2026-05-22 15:43:23,840.4000244140625,104.75599670410156,10.916999816894531
2026-05-22 15:48:25,857.2369995117188,109.95899963378906,11.687999725341797
2026-05-22 15:53:27,837.1220092773438,109.13700103759766,11.329000473022461
2026-05-22 15:58:29,817.2849731445312,108.08599853515625,10.954000473022461
2026-05-22 16:03:31,813.1729736328125,105.86100006103516,10.673999786376953
2026-05-22 16:08:33,753.6389770507812,105.6240005493164,9.871000289916992
2026-05-22 16:13:35,668.5670166015625,108.04499816894531,8.956999778747559
2026-05-22 16:18:37,765.5089721679688,103.33300018310547,9.809000015258789
2026-05-22 16:23:39,742.5579833984375,103.96299743652344,9.572999954223633
2026-05-22 16:28:41,697.2750244140625,103.91100311279297,8.984000205993652
2026-05-22 16:33:43,691.5540161132812,100.87300109863281,8.649999618530273
2026-05-22 16:38:45,606.4959716796875,101.61599731445312,7.642000198364258
2026-05-22 16:43:47,627.541015625,102.63200378417969,7.986000061035156
2026-05-22 16:48:49,507.7070007324219,104.81099700927734,6.5980000495910645
2026-05-22 16:53:51,590.5989990234375,97.23500061035156,7.120999813079834
2026-05-22 16:58:53,516.1829833984375,99.91699981689453,6.394999980926514
2026-05-22 17:03:55,373.37799072265625,104.93699645996094,4.857999801635742
2026-05-22 17:08:57,458.4460144042969,100.3489990234375,5.704999923706055
2026-05-22 17:13:59,403.42401123046875,98.3740005493164,4.921000003814697
2026-05-22 17:19:01,393.1929931640625,96.18299865722656,4.690000057220459
2026-05-22 17:24:03,429.83099365234375,95.89700317382812,5.111000061035156
2026-05-22 17:29:05,364.40899658203125,96.5979995727539,4.364999771118164
2026-05-22 17:34:07,328.39300537109375,95.08699798583984,3.871999979019165
2026-05-22 17:39:09,326.5090026855469,95.26899719238281,3.8570001125335693
2026-05-22 17:44:11,340.2510070800781,92.53800201416016,3.9040000438690186
2026-05-22 17:49:13,311.0220031738281,94.39199829101562,3.640000104904175
2026-05-22 17:54:15,304.760986328125,90.61299896240234,3.4240000247955322
2026-05-22 17:59:17,301.4469909667969,95.44000244140625,3.566999912261963
2026-05-22 18:04:19,129.1300048828125,200.2519989013672,3.2060000896453857
2026-05-22 18:09:21,119.38500213623047,215.5780029296875,3.190999984741211
2026-05-22 18:14:23,115.69100189208984,238.29100036621094,3.4179999828338623
2026-05-22 18:19:25,108.57599639892578,234.30799865722656,3.1549999713897705
2026-05-22 18:24:27,100.31999969482422,224.61099243164062,2.7939999103546143
2026-05-22 18:29:29,89.35800170898438,155.40499877929688,1.722000002861023
2026-05-22 18:34:31,84.98999786376953,120.1259994506836,1.2660000324249268
2026-05-22 18:39:32,80.43900299072266,116.95700073242188,1.1670000553131104
2026-05-22 18:44:34,76.89099884033203,119.17900085449219,1.1360000371932983
2026-05-22 18:49:36,71.65899658203125,120.87000274658203,1.0740000009536743
2026-05-22 18:54:38,67.42400360107422,119.59300231933594,1.0
2026-05-22 18:59:40,64.59700012207031,119.37999725341797,0.9559999704360962
2026-05-22 19:04:42,62.465999603271484,121.94999694824219,0.9449999928474426
2026-05-22 19:09:44,60.46900177001953,124.93900299072266,0.9369999766349792
2026-05-22 19:14:46,58.04100036621094,118.78299713134766,0.8550000190734863
2026-05-22 19:19:48,55.25299835205078,123.96099853515625,0.8489999771118164
2026-05-22 19:24:50,50.777000427246094,126.23100280761719,0.7950000166893005
2026-05-22 19:29:52,47.01499938964844,127.76499938964844,0.7450000047683716
2026-05-22 19:34:54,44.05500030517578,116.66999816894531,0.6370000243186951
2026-05-22 19:39:56,42.233001708984375,123.06999969482422,0.6449999809265137
2026-05-22 19:44:58,40.090999603271484,127.0780029296875,0.6320000290870667
2026-05-22 19:50:00,37.152000427246094,130.7949981689453,0.6029999852180481
2026-05-22 19:55:02,34.55799865722656,123.95099639892578,0.531000018119812
2026-05-22 20:00:04,32.45899963378906,123.4260025024414,0.4970000088214874
2026-05-22 20:05:06,29.958999633789062,119.93099975585938,0.44600000977516174
2026-05-22 20:10:08,25.177000045776367,145.6719970703125,0.45500001311302185
2026-05-22 20:15:10,22.954999923706055,144.10899353027344,0.4099999964237213
2026-05-22 20:20:12,19.791000366210938,153.2239990234375,0.37599998712539673
2026-05-22 20:25:14,16.726999282836914,157.36399841308594,0.32600000500679016
2026-05-22 20:30:16,13.87399959564209,161.40899658203125,0.27799999713897705
2026-05-22 20:35:18,11.38700008392334,151.03599548339844,0.21299999952316284
2026-05-22 20:40:20,9.675000190734863,156.0760040283203,0.18700000643730164
2026-05-22 20:45:22,7.736999988555908,166.20399475097656,0.1589999943971634
2026-05-22 20:50:24,5.428999900817871,163.76600646972656,0.10999999940395355
2026-05-22 20:55:26,3.687000036239624,16.9689998626709,0.00800000037997961
2026-05-22 21:00:28,2.1010000705718994,0.38499999046325684,0.0
2026-05-22 21:05:30,0.890999972820282,0.6380000114440918,0.0
2026-05-22 21:10:32,0.13300000131130219,0.19699999690055847,0.0
2026-05-23 05:51:43,0.13300000131130219,0.19699999690055847,0.0
2026-05-23 05:56:45,5.6479997634887695,0.30000001192092896,0.0
2026-05-23 06:01:47,7.888000011444092,82.86000061035156,0.08100000023841858
2026-05-23 06:06:49,9.89900016784668,123.28500366210938,0.1509999930858612
2026-05-23 06:11:51,11.687000274658203,107.3489990234375,0.15600000321865082
2026-05-23 06:16:53,14.196999549865723,106.76200103759766,0.18799999356269836
2026-05-23 06:21:55,16.16900062561035,125.28900146484375,0.25099998712539673
2026-05-23 06:26:57,18.013999938964844,116.66699981689453,0.26100000739097595
2026-05-23 06:31:59,20.993999481201172,119.04399871826172,0.3100000023841858
2026-05-23 06:37:01,24.53499984741211,110.73400115966797,0.3370000123977661
2026-05-23 06:42:03,27.722999572753906,114.86299896240234,0.39500001072883606
2026-05-23 06:47:05,29.45599937438965,115.56400299072266,0.421999990940094
2026-05-23 06:52:07,31.482999801635742,115.49199676513672,0.45100000500679016
2026-05-23 06:57:09,33.4010009765625,111.0260009765625,0.46000000834465027
2026-05-23 07:02:11,34.665000915527344,110.71600341796875,0.47600001096725464
2026-05-23 07:07:13,37.08100128173828,112.85299682617188,0.5189999938011169
2026-05-23 07:12:15,38.95800018310547,118.25399780273438,0.5709999799728394
2026-05-23 07:17:17,41.15399932861328,108.18599700927734,0.5519999861717224
2026-05-23 07:22:19,43.5629997253418,106.9010009765625,0.5770000219345093
2026-05-23 07:27:21,45.566001892089844,109.6520004272461,0.6200000047683716
2026-05-23 07:32:23,46.9900016784668,107.92400360107422,0.6290000081062317
2026-05-23 07:37:25,66.23300170898438,83.7300033569336,0.6880000233650208
2026-05-23 07:42:27,186.3730010986328,31.36199951171875,0.7250000238418579
2026-05-23 07:47:29,193.08299255371094,30.385000228881836,0.7269999980926514
2026-05-23 07:52:31,229.20700073242188,67.13999938964844,1.9079999923706055
2026-05-23 07:57:33,247.89700317382812,68.08300018310547,2.0929999351501465
2026-05-23 08:02:35,265.4580078125,69.68599700927734,2.2939999103546143
2026-05-23 08:07:37,191.8990020751953,75.86900329589844,1.8049999475479126
2026-05-23 08:12:39,309.7650146484375,71.21700286865234,2.7360000610351562
2026-05-23 08:17:41,254.83200073242188,76.0989990234375,2.4049999713897705
2026-05-23 08:22:43,333.739013671875,74.62100219726562,3.0880000591278076
2026-05-23 08:27:45,365.2019958496094,76.02400207519531,3.443000078201294
2026-05-23 08:32:47,388.56201171875,75.70800018310547,3.6480000019073486
2026-05-23 08:37:49,391.364990234375,78.41200256347656,3.805000066757202
2026-05-23 08:42:51,422.5870056152344,77.31099700927734,4.051000118255615
2026-05-23 08:47:53,408.8160095214844,80.45899963378906,4.078999996185303
2026-05-23 08:52:55,445.8399963378906,77.98300170898438,4.310999870300293
2026-05-23 08:57:57,456.5169982910156,82.53299713134766,4.671999931335449
2026-05-23 09:02:58,481.8009948730469,83.26499938964844,4.974999904632568
2026-05-23 09:08:00,483.322998046875,84.2229995727539,5.047999858856201
2026-05-23 09:13:02,539.2319946289062,84.177001953125,5.627999782562256
2026-05-23 09:18:04,501.96600341796875,86.23200225830078,5.367000102996826
2026-05-23 09:23:06,551.9949951171875,86.63899993896484,5.929999828338623
2026-05-23 09:28:08,586.9210205078125,87.14299774169922,6.3420000076293945
2026-05-23 09:33:10,577.8350219726562,87.96399688720703,6.302999973297119
2026-05-23 09:38:12,563.8099975585938,88.23799896240234,6.169000148773193
2026-05-23 09:43:14,546.27197265625,91.125,6.172999858856201
2026-05-23 09:48:16,561.4400024414062,89.48200225830078,6.230000019073486
2026-05-23 09:53:18,578.7059936523438,91.25499725341797,6.547999858856201
2026-05-23 09:58:20,626.7379760742188,91.80400085449219,7.135000228881836
2026-05-23 10:03:22,614.6580200195312,93.0780029296875,7.093999862670898
2026-05-23 10:08:24,659.3070068359375,93.62000274658203,7.6539998054504395
2026-05-23 10:13:26,683.3599853515625,93.95099639892578,7.960999965667725
2026-05-23 10:18:28,734.6240234375,93.93900299072266,8.557000160217285
2026-05-23 10:23:30,764.8389892578125,94.427001953125,8.954999923706055
2026-05-23 10:28:32,806.4500122070312,94.73799896240234,9.473999977111816
2026-05-23 10:33:34,816.9739990234375,95.52899932861328,9.677000045776367
2026-05-23 10:38:36,830.3090209960938,95.74099731445312,9.857000350952148
2026-05-23 10:43:38,807.7119750976562,97.85299682617188,9.800999641418457
2026-05-23 10:48:40,855.2969970703125,97.10900115966797,10.298999786376953
2026-05-23 10:53:42,867.8150024414062,97.8479995727539,10.529000282287598
2026-05-23 10:58:44,881.8079833984375,98.29299926757812,10.748000144958496
2026-05-23 11:03:46,895.5499877929688,98.73300170898438,10.96399974822998
2026-05-23 11:08:48,907.5499877929688,99.61499786376953,11.210000038146973
2026-05-23 11:13:50,919.68701171875,99.3740005493164,11.333000183105469
2026-05-23 11:18:52,930.4299926757812,100.79000091552734,11.628999710083008
2026-05-23 11:23:54,940.072998046875,102.0459976196289,11.895000457763672
2026-05-23 11:28:56,952.5989990234375,102.41300201416016,12.097000122070312
2026-05-23 11:33:58,965.4219970703125,103.01599884033203,12.331999778747559
2026-05-23 11:39:00,975.9929809570312,102.58000183105469,12.414999961853027
2026-05-23 11:44:02,985.802978515625,103.9219970703125,12.70300006866455
2026-05-23 11:49:04,994.3770141601562,104.65899658203125,12.904999732971191
2026-05-23 11:54:06,1003.1190185546875,104.4219970703125,12.98900032043457
2026-05-23 11:59:08,1009.1539916992188,106.15499877929688,13.284000396728516
2026-05-23 12:04:10,1013.0469970703125,107.75700378417969,13.53600025177002
2026-05-23 12:09:12,1024.384033203125,107.98300170898438,13.715999603271484
2026-05-23 12:14:14,1031.072021484375,108.36399841308594,13.854999542236328
2026-05-23 12:19:16,1037.385009765625,109.67500305175781,14.107999801635742
2026-05-23 12:24:18,1038.77294921875,110.95899963378906,14.291999816894531
2026-05-23 12:29:20,1043.8310546875,112.3499984741211,14.541999816894531
2026-05-23 12:34:22,1046.0479736328125,113.54499816894531,14.727999687194824
2026-05-23 12:39:24,1049.9539794921875,113.9260025024414,14.833000183105469
2026-05-23 12:44:26,1050.1070556640625,114.5469970703125,14.916000366210938
2026-05-23 12:49:28,1047.7900390625,115.947998046875,15.0649995803833
2026-05-23 12:54:30,1051.6639404296875,116.31300354003906,15.168000221252441
2026-05-23 12:59:32,1051.43505859375,116.97899627685547,15.25100040435791
2026-05-23 13:04:34,1046.0040283203125,117.7699966430664,15.274999618530273
2026-05-23 13:09:36,1050.1070556640625,117.40799713134766,15.288000106811523
2026-05-23 13:14:38,1049.844970703125,117.56600189208984,15.305000305175781
2026-05-23 13:19:40,1050.258056640625,118.10299682617188,15.380999565124512
2026-05-23 13:43:17,1044.3590087890625,112.69499969482422,14.593999862670898
2026-05-23 13:48:19,1039.4859619140625,114.08300018310547,14.704999923706055
2026-05-23 13:53:21,1041.0699462890625,114.33399963378906,14.760000228881836
2026-05-23 13:58:23,1033.489990234375,115.20800018310547,14.763999938964844
2026-05-23 14:03:25,1025.8380126953125,115.96600341796875,14.75100040435791
2026-05-23 14:08:27,1025.5860595703125,116.29299926757812,14.788999557495117
2026-05-23 14:13:29,1018.5579833984375,117.0260009765625,14.779999732971191
2026-05-23 14:18:31,1010.6079711914062,117.83000183105469,14.765999794006348
2026-05-23 14:23:33,1005.739013671875,117.63600158691406,14.670999526977539
2026-05-23 14:28:35,899.6510009765625,122.28399658203125,13.642000198364258
2026-05-23 14:33:37,983.8880004882812,117.4489974975586,14.329000473022461
2026-05-23 14:38:39,983.5469970703125,117.49099731445312,14.329000473022461
2026-05-23 14:43:41,978.7449951171875,116.74400329589844,14.168999671936035
2026-05-23 14:48:43,971.14501953125,117.41200256347656,14.138999938964844
2026-05-23 14:53:45,961.0289916992188,117.12799835205078,13.958000183105469
2026-05-23 14:58:47,950.3289794921875,116.91000366210938,13.777000427246094
2026-05-23 15:03:48,934.114013671875,116.38099670410156,13.479999542236328
2026-05-23 15:08:50,932.2009887695312,115.3219985961914,13.329999923706055
2026-05-23 15:13:52,912.948974609375,115.08999633789062,13.029000282287598
2026-05-23 15:18:54,891.8720092773438,114.6259994506836,12.677000045776367
2026-05-23 15:23:56,889.3170166015625,114.07599639892578,12.579999923706055
2026-05-23 15:28:58,861.6209716796875,113.62000274658203,12.138999938964844
2026-05-23 15:34:00,818.75,113.29100036621094,11.501999855041504
2026-05-23 15:39:02,818.6079711914062,112.33200073242188,11.402999877929688
2026-05-23 15:44:04,814.0709838867188,110.24199676513672,11.128000259399414
2026-05-23 15:49:06,814.114013671875,110.76000213623047,11.180999755859375
2026-05-23 15:54:08,817.4739990234375,109.99199676513672,11.149999618530273
2026-05-23 15:59:10,768.6329956054688,109.19200134277344,10.406999588012695
2026-05-23 16:04:12,773.0260009765625,106.98400115966797,10.255000114440918
2026-05-23 16:09:14,723.7650146484375,106.11199951171875,9.52299976348877
2026-05-23 16:14:16,680.698974609375,103.9749984741211,8.776000022888184
2026-05-23 16:19:18,693.1890258789062,106.5770034790039,9.16100025177002
2026-05-23 16:24:20,709.4929809570312,103.90299987792969,9.140999794006348
2026-05-23 16:29:22,673.3829956054688,104.64199829101562,8.73799991607666
2026-05-23 16:34:24,582.9669799804688,102.47799682617188,7.4079999923706055
2026-05-23 16:39:26,653.8629760742188,100.70500183105469,8.164999961853027
2026-05-23 16:44:28,626.7949829101562,99.79900360107422,7.756999969482422
2026-05-23 16:49:30,658.5260009765625,99.25,8.104000091552734
2026-05-23 16:54:32,619.0579833984375,98.58599853515625,7.567999839782715
2026-05-23 16:59:34,617.4010009765625,97.33599853515625,7.452000141143799
2026-05-23 17:04:36,559.031005859375,95.62000274658203,6.627999782562256
2026-05-23 17:09:38,575.0380249023438,93.71099853515625,6.682000160217285
2026-05-23 17:14:40,560.1649780273438,93.72799682617188,6.510000228881836
2026-05-23 17:19:42,526.4730224609375,92.60399627685547,6.045000076293945
2026-05-23 17:24:44,508.98699951171875,91.33699798583984,5.764999866485596
2026-05-23 17:29:46,493.4700012207031,90.54299926757812,5.539999961853027
2026-05-23 17:34:48,473.9750061035156,88.76000213623047,5.2170000076293945
2026-05-23 17:39:50,450.60101318359375,88.29299926757812,4.933000087738037
2026-05-23 17:44:52,433.12701416015625,86.69100189208984,4.656000137329102
2026-05-23 17:49:54,411.7030029296875,85.24800109863281,4.3520002365112305
2026-05-23 17:54:56,390.3269958496094,81.97599792480469,3.9679999351501465
2026-05-23 17:59:58,332.7309875488281,91.91400146484375,3.7920000553131104
2026-05-23 18:05:00,56.194000244140625,509.0419921875,3.546999931335449
2026-05-23 18:10:02,54.75699996948242,480.8179931640625,3.265000104904175
2026-05-23 18:15:04,54.117000579833984,448.5480041503906,3.009999990463257
2026-05-23 18:20:06,53.01900100708008,416.67498779296875,2.739000082015991
2026-05-23 18:25:08,52.89400100708008,379.3789978027344,2.48799991607666
2026-05-23 18:30:10,52.60100173950195,140.89100646972656,0.9190000295639038
2026-05-23 18:35:12,51.05400085449219,132.72500610351562,0.8399999737739563
2026-05-23 18:40:14,48.88199996948242,136.26499938964844,0.8259999752044678
2026-05-23 18:45:16,47.862998962402344,138.06300354003906,0.8190000057220459
2026-05-23 18:50:18,47.483001708984375,133.20899963378906,0.7839999794960022
2026-05-23 18:55:20,46.426998138427734,129.5489959716797,0.7459999918937683
2026-05-23 19:00:22,44.928001403808594,131.22999572753906,0.7310000061988831
2026-05-23 19:05:24,44.500999450683594,126.47699737548828,0.6980000138282776
2026-05-23 19:10:26,43.71699905395508,128.58299255371094,0.6970000267028809
2026-05-23 19:15:28,42.78200149536133,130.26699829101562,0.6909999847412109
2026-05-23 19:20:30,41.4739990234375,129.61099243164062,0.6669999957084656
2026-05-23 19:25:32,40.020999908447266,132.29100036621094,0.656000018119812
2026-05-23 19:30:34,38.92599868774414,127.54299926757812,0.6159999966621399
2026-05-23 19:35:36,37.4900016784668,133.5590057373047,0.6209999918937683
2026-05-23 19:40:38,36.03200149536133,134.86300659179688,0.6029999852180481
2026-05-23 19:45:40,34.47100067138672,124.08799743652344,0.5299999713897705
2026-05-23 19:50:41,33.05400085449219,134.6219940185547,0.5519999861717224
2026-05-23 19:55:43,31.527000427246094,136.0540008544922,0.5320000052452087
2026-05-23 20:00:45,30.121000289916992,133.6580047607422,0.49900001287460327
2026-05-23 20:05:47,27.85099983215332,138.21099853515625,0.47699999809265137
2026-05-23 20:10:49,23.45599937438965,138.6529998779297,0.40299999713897705
2026-05-23 20:15:51,21.134000778198242,142.6540069580078,0.37400001287460327
2026-05-23 20:20:53,19.288999557495117,142.88400268554688,0.34200000762939453
2026-05-23 20:25:55,17.368999481201172,159.8350067138672,0.3440000116825104
2026-05-23 20:30:57,15.649999618530273,153.23699951171875,0.296999990940094
2026-05-23 20:35:59,13.661999702453613,154.43899536132812,0.2619999945163727
2026-05-23 20:41:01,11.359999656677246,152.76699829101562,0.2150000035762787
2026-05-23 20:46:03,9.265999794006348,183.67599487304688,0.210999995470047
2026-05-23 20:51:05,7.361999988555908,160.77099609375,0.1469999998807907
2026-05-23 20:56:07,5.421999931335449,199.13400268554688,0.1340000033378601
2026-05-23 21:01:09,3.6730000972747803,38.47600173950195,0.017999999225139618
2026-05-23 21:06:11,2.3359999656677246,0.3370000123977661,0.0
2026-05-23 21:11:13,0.9990000128746033,0.1720000058412552,0.0
2026-05-24 05:50:51,0.9990000128746033,0.1720000058412552,0.0
2026-05-24 05:55:53,5.638999938964844,0.5630000233650208,0.0
2026-05-24 06:00:55,7.48799991607666,108.91100311279297,0.10100000351667404
2026-05-24 06:05:57,9.51099967956543,137.38400268554688,0.16200000047683716
2026-05-24 06:10:59,11.625,117.28099822998047,0.16899999976158142
2026-05-24 06:16:01,13.812999725341797,114.21299743652344,0.19599999487400055
2026-05-24 06:21:03,16.26099967956543,117.10700225830078,0.23600000143051147
2026-05-24 06:26:05,18.7450008392334,120.38800048828125,0.2800000011920929
2026-05-24 06:31:07,22.513999938964844,107.1760025024414,0.29899999499320984
2026-05-24 06:36:09,24.354999542236328,109.20600128173828,0.33000001311302185
2026-05-24 06:41:11,26.584999084472656,113.2770004272461,0.37299999594688416
2026-05-24 06:46:13,28.413999557495117,112.73799896240234,0.3970000147819519
2026-05-24 06:51:15,30.333999633789062,112.09400177001953,0.421999990940094
2026-05-24 06:56:17,32.257999420166016,114.66300201416016,0.45899999141693115
2026-05-24 07:01:19,33.83399963378906,112.01300048828125,0.4699999988079071
2026-05-24 07:06:21,35.44499969482422,111.052001953125,0.4880000054836273
2026-05-24 07:11:23,37.29399871826172,113.49299621582031,0.5249999761581421
2026-05-24 07:16:25,38.76599884033203,116.83300018310547,0.5619999766349792
2026-05-24 07:21:27,40.130001068115234,114.71499633789062,0.5709999799728394
2026-05-24 07:26:29,41.39899826049805,116.02200317382812,0.5960000157356262
2026-05-24 07:31:31,42.70600128173828,113.83200073242188,0.6029999852180481
2026-05-24 07:36:33,44.70399856567383,116.2030029296875,0.6439999938011169
2026-05-24 07:41:35,183.2689971923828,27.841999053955078,0.6330000162124634
2026-05-24 07:46:37,200.8719940185547,25.211999893188477,0.628000020980835
2026-05-24 07:51:39,218.63800048828125,53.67499923706055,1.4550000429153442
2026-05-24 07:56:41,236.94400024414062,66.33699798583984,1.9490000009536743
2026-05-24 08:01:43,256.427001953125,68.22799682617188,2.1689999103546143
2026-05-24 08:06:45,274.0799865722656,69.21499633789062,2.3519999980926514
2026-05-24 08:11:47,293.1700134277344,69.7959976196289,2.5369999408721924
2026-05-24 08:16:49,312.4960021972656,71.59100341796875,2.7739999294281006
2026-05-24 08:21:51,331.3210144042969,73.4990005493164,3.0199999809265137
2026-05-24 08:26:53,348.8940124511719,75.72799682617188,3.2760000228881836
2026-05-24 08:31:55,366.6449890136719,76.26599884033203,3.4670000076293945
2026-05-24 08:36:57,384.5329895019531,78.12999725341797,3.7249999046325684
2026-05-24 08:41:59,405.7439880371094,78.7750015258789,3.9630000591278076
2026-05-24 08:47:01,424.52099609375,78.5739974975586,4.136000156402588
2026-05-24 08:52:03,445.54998779296875,79.9739990234375,4.418000221252441
2026-05-24 08:57:05,465.781005859375,81.23600006103516,4.691999912261963
2026-05-24 09:02:07,485.2640075683594,81.96299743652344,4.932000160217285
2026-05-24 09:07:09,505.9859924316406,82.73400115966797,5.190999984741211
2026-05-24 09:12:11,524.6420288085938,83.43699645996094,5.427999973297119
2026-05-24 09:17:13,544.0479736328125,84.73999786376953,5.7170000076293945
2026-05-24 09:22:15,561.7230224609375,86.0459976196289,5.993000030517578
2026-05-24 09:27:17,584.9810180664062,85.74700164794922,6.21999979019165
2026-05-24 09:32:19,602.7589721679688,86.49199676513672,6.465000152587891
2026-05-24 09:37:20,622.0159912109375,87.13099670410156,6.71999979019165
2026-05-24 09:42:22,639.3759765625,88.01200103759766,6.978000164031982
2026-05-24 09:47:24,654.2739868164062,89.37100219726562,7.250999927520752
2026-05-24 09:52:26,671.7869873046875,89.56700134277344,7.460999965667725
2026-05-24 09:57:28,689.583984375,90.82599639892578,7.765999794006348
2026-05-24 10:02:30,708.6400146484375,90.63400268554688,7.964000225067139
2026-05-24 10:07:32,723.343994140625,91.61699676513672,8.218000411987305
2026-05-24 10:12:34,739.2109985351562,92.45999908447266,8.475000381469727
2026-05-24 10:17:36,756.8070068359375,92.30599975585938,8.661999702453613
2026-05-24 10:22:38,773.8150024414062,93.322998046875,8.954999923706055
2026-05-24 10:27:40,790.5570068359375,93.81800079345703,9.196999549865723
2026-05-24 10:32:42,806.4019775390625,94.43199920654297,9.442999839782715
2026-05-24 10:37:44,821.6669921875,95.50299835205078,9.729999542236328
2026-05-24 10:42:46,838.6649780273438,95.68699645996094,9.951000213623047
2026-05-24 10:47:48,854.9760131835938,96.26100158691406,10.204999923706055
2026-05-24 10:52:50,871.1019897460938,96.54199981689453,10.428000450134277
2026-05-24 10:57:52,883.5089721679688,97.73799896240234,10.708000183105469
2026-05-24 11:02:54,895.4829711914062,98.28099822998047,10.913000106811523
2026-05-24 11:07:56,908.177978515625,98.93199920654297,11.140999794006348
2026-05-24 11:12:58,919.8740234375,99.26899719238281,11.322999954223633
2026-05-24 11:18:00,932.344970703125,100.14700317382812,11.57800006866455
2026-05-24 11:23:02,945.14501953125,100.60600280761719,11.791000366210938
2026-05-24 11:28:04,956.2310180664062,101.6500015258789,12.053000450134277
2026-05-24 11:33:06,966.0590209960938,101.72100067138672,12.1850004196167
2026-05-24 11:38:08,976.9010009765625,102.16799926757812,12.37600040435791
2026-05-24 11:43:10,987.7119750976562,103.55000305175781,12.682000160217285
2026-05-24 11:48:12,995.9730224609375,103.8290023803711,12.822999954223633
2026-05-24 11:53:14,1004.8569946289062,105.34500122070312,13.12600040435791
2026-05-24 11:58:16,1015.9219970703125,105.75599670410156,13.322999954223633
2026-05-24 12:03:18,1023.6820068359375,106.59500122070312,13.531000137329102
2026-05-24 12:08:20,1028.7750244140625,107.54000091552734,13.718999862670898
2026-05-24 12:13:22,1040.532958984375,107.30999755859375,13.845999717712402
2026-05-24 12:18:24,1043.6500244140625,109.15799713134766,14.12600040435791
2026-05-24 12:23:26,1043.3299560546875,109.7969970703125,14.204999923706055
2026-05-24 12:28:28,1049.552001953125,111.10099792480469,14.458999633789062
2026-05-24 12:33:30,1053.9219970703125,110.9729995727539,14.503000259399414
2026-05-24 12:38:32,1047.52001953125,113.44599914550781,14.736000061035156
2026-05-24 12:43:34,1062.697021484375,113.5770034790039,14.965999603271484
2026-05-24 12:48:36,1056.4090576171875,114.1719970703125,14.956000328063965
2026-05-24 12:53:38,1064.155029296875,114.55500030517578,15.116000175476074
2026-05-24 12:58:40,1060.8590087890625,115.74700164794922,15.22599983215332
2026-05-24 13:03:42,1059.115966796875,116.38500213623047,15.28499984741211
2026-05-24 13:08:44,1060.873046875,116.24099731445312,15.291000366210938
2026-05-24 13:13:46,1063.64794921875,115.84300231933594,15.279000282287598
2026-05-24 13:18:48,1062.262939453125,116.53600311279297,15.350000381469727
2026-05-24 13:23:50,1064.35205078125,116.4520034790039,15.369000434875488
2026-05-24 13:47:27,1058.66796875,110.91600036621094,14.5600004196167
2026-05-24 13:52:29,1056.612060546875,111.84700012207031,14.654000282287598
2026-05-24 13:57:31,1050.0780029296875,112.90499877929688,14.701000213623047
2026-05-24 14:02:33,1046.4940185546875,113.24299621582031,14.694999694824219
2026-05-24 14:07:35,1042.9439697265625,114.27200317382812,14.777999877929688
2026-05-24 14:12:37,1035.10205078125,114.58000183105469,14.706999778747559
2026-05-24 14:17:39,1037.9110107421875,114.01300048828125,14.673999786376953
2026-05-24 14:22:41,1027.9449462890625,114.13800048828125,14.548999786376953
2026-05-24 14:27:43,1023.7069702148438,114.14099884033203,14.48900032043457
2026-05-24 14:32:45,1015.489990234375,114.1240005493164,14.371000289916992
2026-05-24 14:37:47,1007.2109985351562,114.88700103759766,14.348999977111816
2026-05-24 14:42:49,1001.583984375,115.13400268554688,14.298999786376953
2026-05-24 14:47:51,994.030029296875,114.56700134277344,14.121999740600586
2026-05-24 14:52:53,983.9019775390625,114.37100219726562,13.954000473022461
2026-05-24 14:57:55,971.9290161132812,113.51599884033203,13.680999755859375
2026-05-24 15:02:56,957.1950073242188,113.20800018310547,13.437000274658203
2026-05-24 15:07:58,945.5889892578125,112.18000030517578,13.152999877929688
2026-05-24 15:13:00,935.0059814453125,111.84700012207031,12.968000411987305
2026-05-24 15:18:02,914.8909912109375,112.28299713134766,12.73799991607666
2026-05-24 15:23:04,901.9219970703125,111.0510025024414,12.420000076293945
2026-05-24 15:28:06,892.052978515625,110.24800109863281,12.194999694824219
2026-05-24 15:33:08,879.4719848632812,109.1780014038086,11.906000137329102
2026-05-24 15:38:10,869.0349731445312,109.0,11.746000289916992
2026-05-24 15:43:12,851.9450073242188,108.5199966430664,11.46399974822998
2026-05-24 15:48:14,835.7780151367188,108.40799713134766,11.234999656677246
2026-05-24 15:53:16,817.5700073242188,107.96199798583984,10.944999694824219
2026-05-24 15:58:18,802.0980224609375,106.87999725341797,10.630000114440918
2026-05-24 16:03:20,794.0640258789062,105.63099670410156,10.401000022888184
2026-05-24 16:08:22,786.1069946289062,103.7030029296875,10.109000205993652
2026-05-24 16:13:24,767.6229858398438,102.50299835205078,9.756999969482422
2026-05-24 16:18:26,751.9219970703125,102.19200134277344,9.527999877929688
2026-05-24 16:23:28,728.2930297851562,102.11100006103516,9.220999717712402
2026-05-24 16:28:30,714.56201171875,101.61199951171875,9.003000259399414
2026-05-24 16:33:32,698.2030029296875,100.1760025024414,8.67300033569336
2026-05-24 16:38:34,675.3049926757812,99.46700286865234,8.329000473022461
2026-05-24 16:43:36,664.6719970703125,97.61699676513672,8.045999526977539
2026-05-24 16:48:38,645.469970703125,96.61000061035156,7.73199987411499
2026-05-24 16:53:40,623.7210083007812,95.86299896240234,7.414000034332275
2026-05-24 16:58:42,604.0889892578125,94.46800231933594,7.076000213623047
2026-05-24 17:03:44,593.31201171875,93.78399658203125,6.900000095367432
2026-05-24 17:08:46,570.0250244140625,93.16799926757812,6.585000038146973
2026-05-24 17:13:48,547.2249755859375,92.51499938964844,6.2779998779296875
2026-05-24 17:18:50,526.6719970703125,91.6780014038086,5.986999988555908
2026-05-24 17:23:52,510.0830078125,89.92900085449219,5.688000202178955
2026-05-24 17:28:54,488.22601318359375,89.60399627685547,5.425000190734863
2026-05-24 17:33:56,467.906005859375,87.53700256347656,5.078999996185303
2026-05-24 17:38:58,445.81298828125,87.30999755859375,4.827000141143799
2026-05-24 17:44:00,425.7550048828125,86.26100158691406,4.553999900817871
2026-05-24 17:49:02,407.89300537109375,85.01699829101562,4.300000190734863
2026-05-24 17:54:04,388.6579895019531,83.59300231933594,4.0289998054504395
2026-05-24 17:59:06,357.4859924316406,83.94100189208984,3.7209999561309814
2026-05-24 18:04:08,76.37699890136719,367.17999267578125,3.4769999980926514
2026-05-24 18:09:10,73.72100067138672,354.760009765625,3.243000030517578
2026-05-24 18:14:12,71.66600036621094,340.177001953125,3.0230000019073486
2026-05-24 18:19:14,69.76200103759766,319.00799560546875,2.759999990463257
2026-05-24 18:24:16,67.9749984741211,297.6080017089844,2.509000062942505
2026-05-24 18:29:18,66.53700256347656,133.51699829101562,1.1019999980926514
2026-05-24 18:34:20,64.1780014038086,123.08100128173828,0.9789999723434448
2026-05-24 18:39:22,62.5369987487793,123.61299896240234,0.9589999914169312
2026-05-24 18:44:24,60.560001373291016,120.50299835205078,0.9049999713897705
2026-05-24 18:49:26,58.229000091552734,121.97599792480469,0.8809999823570251
2026-05-24 18:54:28,56.106998443603516,125.74299621582031,0.875
2026-05-24 18:59:30,54.5620002746582,123.00900268554688,0.8320000171661377
2026-05-24 19:04:32,52.641998291015625,126.64900207519531,0.8270000219345093
2026-05-24 19:09:34,51.01900100708008,128.55999755859375,0.8130000233650208
2026-05-24 19:14:35,49.766998291015625,125.947998046875,0.7770000100135803
2026-05-24 19:19:37,48.12799835205078,121.48400115966797,0.7250000238418579
2026-05-24 19:24:39,46.14899826049805,128.64300537109375,0.7360000014305115
2026-05-24 19:29:41,44.65800094604492,121.60600280761719,0.6729999780654907
2026-05-24 19:34:43,43.150001525878906,127.60900115966797,0.6830000281333923
2026-05-24 19:39:45,41.750999450683594,128.41700744628906,0.6650000214576721
2026-05-24 19:44:47,39.946998596191406,129.10000610351562,0.6389999985694885
2026-05-24 19:49:49,38.44900131225586,124.83300018310547,0.5950000286102295
2026-05-24 19:54:51,36.87200164794922,124.05799865722656,0.5669999718666077
2026-05-24 19:59:53,34.736000061035156,123.24700164794922,0.531000018119812
2026-05-24 20:04:55,32.25600051879883,132.51199340820312,0.5299999713897705
2026-05-24 20:09:57,28.677000045776367,136.10499572753906,0.48399999737739563
2026-05-24 20:14:59,26.47100067138672,132.7429962158203,0.4359999895095825
2026-05-24 20:20:01,24.04800033569336,134.30299377441406,0.4000000059604645
2026-05-24 20:25:03,21.878999710083008,134.25,0.36399999260902405
2026-05-24 20:30:05,19.30699920654297,136.7220001220703,0.3269999921321869
2026-05-24 20:35:07,15.972999572753906,144.4510040283203,0.28600001335144043
2026-05-24 20:40:09,13.633999824523926,161.031005859375,0.2720000147819519
2026-05-24 20:45:11,11.470000267028809,133.28599548339844,0.1899999976158142
2026-05-24 20:50:13,8.11400032043457,177.2259979248047,0.17800000309944153
2026-05-24 20:55:15,5.448999881744385,189.56399536132812,0.12800000607967377
2026-05-24 21:00:17,3.11299991607666,52.63100051879883,0.019999999552965164
2026-05-24 21:05:19,1.934000015258789,0.34200000762939453,0.0
2026-05-24 21:10:21,0.6489999890327454,0.19900000095367432,0.0
2026-05-25 05:49:58,0.6489999890327454,0.19900000095367432,0.0
2026-05-25 05:55:00,7.163000106811523,21.4950008392334,0.01899999938905239
2026-05-25 06:00:02,9.458000183105469,92.1449966430664,0.1080000028014183
2026-05-25 06:05:04,12.753000259399414,82.14600372314453,0.12999999523162842
2026-05-25 06:10:06,16.187000274658203,94.5770034790039,0.1899999976158142
2026-05-25 06:15:08,20.283000946044922,91.2239990234375,0.2290000021457672
2026-05-25 06:20:10,23.82900047302246,102.53800201416016,0.30300000309944153
2026-05-25 06:25:12,27.69499969482422,96.9739990234375,0.3330000042915344
2026-05-25 06:30:14,32.0369987487793,95.59400177001953,0.3799999952316284
2026-05-25 06:35:16,36.70199966430664,96.93800354003906,0.4410000145435333
2026-05-25 06:40:18,40.42499923706055,96.19000244140625,0.4819999933242798
2026-05-25 06:45:20,43.26599884033203,98.27799987792969,0.5270000100135803
2026-05-25 06:50:22,46.3380012512207,100.93099975585938,0.5799999833106995
2026-05-25 06:55:24,49.32600021362305,93.36599731445312,0.5709999799728394
2026-05-25 07:00:26,52.847999572753906,95.19000244140625,0.6240000128746033
2026-05-25 07:05:28,56.33399963378906,96.24400329589844,0.671999990940094
2026-05-25 07:10:30,60.013999938964844,93.40599822998047,0.6949999928474426
2026-05-25 07:15:32,63.29399871826172,95.88300323486328,0.753000020980835
2026-05-25 07:20:34,67.23899841308594,96.11100006103516,0.8009999990463257
2026-05-25 07:25:36,71.5999984741211,92.38500213623047,0.8199999928474426
2026-05-25 07:30:38,76.78199768066406,92.2750015258789,0.8790000081062317
2026-05-25 07:35:40,82.02999877929688,94.06700134277344,0.9570000171661377
2026-05-25 07:40:42,133.33900451660156,60.67900085449219,1.003000020980835
2026-05-25 07:45:44,172.09100341796875,46.44200134277344,0.9909999966621399
2026-05-25 07:50:46,181.6230010986328,49.21699905395508,1.1080000400543213
2026-05-25 07:55:48,203.1999969482422,71.5989990234375,1.8040000200271606
2026-05-25 08:00:50,221.56100463867188,70.50700378417969,1.937000036239624
2026-05-25 08:05:52,237.29400634765625,71.46700286865234,2.1029999256134033
2026-05-25 08:10:54,268.00201416015625,71.63099670410156,2.380000114440918
2026-05-25 08:15:56,288.93499755859375,72.96800231933594,2.614000082015991
2026-05-25 08:20:58,309.7550048828125,74.68499755859375,2.86899995803833
2026-05-25 08:26:00,310.239990234375,76.09100341796875,2.927000045776367
2026-05-25 08:31:02,341.36700439453125,76.91600036621094,3.25600004196167
2026-05-25 08:36:04,359.7690124511719,77.38400268554688,3.4519999027252197
2026-05-25 08:41:06,376.3890075683594,78.81600189208984,3.677999973297119
2026-05-25 08:46:08,395.29400634765625,79.61399841308594,3.9019999504089355
2026-05-25 08:51:10,413.89300537109375,80.09200286865234,4.111000061035156
2026-05-25 08:56:12,433.906005859375,80.5780029296875,4.335000038146973
2026-05-25 09:01:14,449.59100341796875,81.5270004272461,4.545000076293945
2026-05-25 09:06:15,473.510986328125,81.77799987792969,4.802000045776367
2026-05-25 09:11:17,491.7919921875,82.91799926757812,5.057000160217285
2026-05-25 09:16:19,487.0060119628906,85.93299865722656,5.189000129699707
2026-05-25 09:21:21,524.9190063476562,84.78600311279297,5.519000053405762
2026-05-25 09:26:23,535.3189697265625,84.64800262451172,5.61899995803833
2026-05-25 09:31:25,537.6320190429688,86.36000061035156,5.756999969482422
2026-05-25 09:36:27,567.0289916992188,86.24600219726562,6.064000129699707
2026-05-25 09:41:29,592.9920043945312,87.2239990234375,6.414000034332275
2026-05-25 09:46:31,614.10498046875,87.54100036621094,6.665999889373779
2026-05-25 09:51:33,625.9439697265625,88.47200012207031,6.867000102996826
2026-05-25 09:56:35,633.302978515625,89.26599884033203,7.010000228881836
2026-05-25 10:01:37,652.781005859375,90.26300048828125,7.306000232696533
2026-05-25 10:06:39,672.5419921875,90.4990005493164,7.546999931335449
2026-05-25 10:11:41,688.3729858398438,91.29299926757812,7.793000221252441
2026-05-25 10:16:43,703.9409790039062,91.3239974975586,7.9720001220703125
2026-05-25 10:21:45,721.3779907226562,92.81800079345703,8.303000450134277
2026-05-25 10:26:47,740.6790161132812,92.76899719238281,8.520000457763672
2026-05-25 10:31:49,757.8790283203125,93.08799743652344,8.748000144958496
2026-05-25 10:36:51,772.166015625,94.04499816894531,9.005000114440918
2026-05-25 10:41:53,789.469970703125,95.11499786376953,9.310999870300293
2026-05-25 10:46:55,806.3150024414062,95.65799713134766,9.564000129699707
2026-05-25 10:51:57,820.9229736328125,95.60900115966797,9.732000350952148
2026-05-25 10:56:59,833.6909790039062,96.18299865722656,9.942999839782715
2026-05-25 11:02:01,846.2169799804688,97.16500091552734,10.196000099182129
2026-05-25 11:07:03,859.6389770507812,97.50199890136719,10.392999649047852
2026-05-25 11:12:05,872.8590087890625,97.88200378417969,10.593999862670898
2026-05-25 11:17:07,885.2529907226562,98.31099700927734,10.791999816894531
2026-05-25 11:22:09,895.094970703125,98.5999984741211,10.944000244140625
2026-05-25 11:27:11,905.1929931640625,99.4530029296875,11.163000106811523
2026-05-25 11:32:13,918.406982421875,100.6240005493164,11.458999633789062
2026-05-25 11:37:15,927.823974609375,101.28800201416016,11.652999877929688
2026-05-25 11:42:17,940.875,101.9800033569336,11.89799976348877
2026-05-25 11:47:19,949.5910034179688,103.22200012207031,12.154000282287598
2026-05-25 11:52:21,956.4710083007812,104.22599792480469,12.361000061035156
2026-05-25 11:57:23,963.051025390625,104.50800323486328,12.479999542236328
2026-05-25 12:02:25,975.1199951171875,104.43199920654297,12.626999855041504
2026-05-25 12:07:27,984.1829833984375,104.30500030517578,12.729000091552734
2026-05-25 12:12:29,991.0700073242188,105.77899932861328,12.99899959564209
2026-05-25 12:17:31,996.7789916992188,106.79000091552734,13.199000358581543
2026-05-25 12:22:33,985.3330078125,107.62999725341797,13.149999618530273
2026-05-25 12:27:35,1008.3590087890625,108.58499908447266,13.57699966430664
2026-05-25 12:32:37,1006.0659790039062,109.51799774169922,13.663000106811523
2026-05-25 12:37:39,1022.1069946289062,110.16899871826172,13.963000297546387
2026-05-25 12:42:41,1008.6489868164062,111.70099639892578,13.970999717712402
2026-05-25 12:47:42,1011.8150024414062,112.63600158691406,14.131999969482422
2026-05-25 12:52:44,1015.4879760742188,113.48699951171875,14.289999961853027
2026-05-25 12:57:46,1017.760009765625,113.81600189208984,14.36400032043457
2026-05-25 13:02:48,1016.8319702148438,114.49099731445312,14.435999870300293
2026-05-25 13:07:50,1016.2509765625,115.0250015258789,14.494999885559082
2026-05-25 13:12:52,1019.5150146484375,115.14299774169922,14.555999755859375
2026-05-25 13:17:54,1015.114013671875,115.552001953125,14.545000076293945
2026-05-25 13:22:56,1017.5289916992188,116.01799774169922,14.637999534606934
2026-05-25 13:46:31,1007.3419799804688,110.36499786376953,13.78600025177002
2026-05-25 13:51:33,1007.823974609375,110.75499725341797,13.840999603271484
2026-05-25 13:56:35,998.9390258789062,111.1760025024414,13.770999908447266
2026-05-25 14:01:37,986.56201171875,111.52400207519531,13.642999649047852
2026-05-25 14:06:39,989.7579956054688,111.98300170898438,13.744000434875488
2026-05-25 14:11:41,987.968017578125,112.00299835205078,13.720999717712402
2026-05-25 14:16:43,986.8480224609375,112.34200286865234,13.746999740600586
2026-05-25 14:21:45,977.52001953125,113.0739974975586,13.706000328063965
2026-05-25 14:26:47,977.10400390625,113.59300231933594,13.762999534606934
2026-05-25 14:31:49,974.1229858398438,113.61299896240234,13.722999572753906
2026-05-25 14:36:51,968.3469848632812,113.51899719238281,13.630999565124512
2026-05-25 14:41:53,962.5440063476562,113.5260009765625,13.550000190734863
2026-05-25 14:46:55,951.8099975585938,113.82099914550781,13.434000015258789
2026-05-25 14:51:57,939.8330078125,114.0009994506836,13.28600025177002
2026-05-25 14:56:59,931.9769897460938,114.01599884033203,13.175999641418457
2026-05-25 15:02:01,921.9219970703125,113.41699981689453,12.965999603271484
2026-05-25 15:07:03,909.510986328125,112.84200286865234,12.72599983215332
2026-05-25 15:12:05,887.7940063476562,112.00199890136719,12.329999923706055
2026-05-25 15:17:07,880.9530029296875,112.0199966430664,12.237000465393066
2026-05-25 15:22:09,872.5549926757812,111.0199966430664,12.01200008392334
2026-05-25 15:27:11,859.7620239257812,110.56900024414062,11.788000106811523
2026-05-25 15:32:13,852.9439697265625,109.78399658203125,11.611000061035156
2026-05-25 15:37:15,841.81298828125,108.61900329589844,11.338000297546387
2026-05-25 15:42:17,827.552001953125,108.56600189208984,11.140999794006348
2026-05-25 15:47:19,816.1439819335938,107.18499755859375,10.847000122070312
2026-05-25 15:52:21,800.7020263671875,106.24600219726562,10.548999786376953
2026-05-25 15:57:23,788.8779907226562,105.23999786376953,10.295000076293945
2026-05-25 16:02:25,777.073974609375,104.60299682617188,10.079000473022461
2026-05-25 16:07:27,763.1859741210938,103.18599700927734,9.765000343322754
2026-05-25 16:12:29,744.6510009765625,102.98699951171875,9.510000228881836
2026-05-25 16:17:31,727.0449829101562,102.26100158691406,9.218999862670898
2026-05-25 16:22:33,706.7249755859375,101.4000015258789,8.88599967956543
2026-05-25 16:27:35,690.218994140625,101.13400268554688,8.656000137329102
2026-05-25 16:32:37,669.7069702148438,100.85299682617188,8.375
2026-05-25 16:37:39,656.4710083007812,99.50800323486328,8.100000381469727
2026-05-25 16:42:41,641.2940063476562,98.43199920654297,7.827000141143799
2026-05-25 16:47:43,630.0,96.05500030517578,7.504000186920166
2026-05-25 16:52:44,604.1690063476562,96.81900024414062,7.252999782562256
2026-05-25 16:57:46,586.9869995117188,95.43299865722656,6.946000099182129
2026-05-25 17:02:48,576.9869995117188,94.69400024414062,6.775000095367432
2026-05-25 17:07:50,556.5280151367188,92.84100341796875,6.4070000648498535
2026-05-25 17:12:52,534.0020141601562,93.19200134277344,6.171000003814697
2026-05-25 17:17:54,512.906982421875,92.44000244140625,5.879000186920166
2026-05-25 17:22:56,494.77301025390625,91.125,5.591000080108643
2026-05-25 17:27:58,476.8550109863281,89.6780014038086,5.302999973297119
2026-05-25 17:33:00,454.9989929199219,89.01300048828125,5.021999835968018
2026-05-25 17:38:02,434.15301513671875,87.75700378417969,4.723999977111816
2026-05-25 17:43:04,414.27099609375,87.26100158691406,4.482999801635742
2026-05-25 17:48:06,397.30999755859375,85.98799896240234,4.236000061035156
2026-05-25 17:53:08,377.7669982910156,85.46499633789062,4.002999782562256
2026-05-25 17:58:10,351.1470031738281,84.677001953125,3.687000036239624
2026-05-25 18:03:12,92.0250015258789,300.2969970703125,3.427000045776367
2026-05-25 18:08:14,88.75,293.864013671875,3.2339999675750732
2026-05-25 18:13:16,85.55000305175781,287.9729919433594,3.055000066757202
2026-05-25 18:18:18,82.87100219726562,268.2770080566406,2.756999969482422
2026-05-25 18:23:20,79.6780014038086,255.02699279785156,2.5199999809265137
2026-05-25 18:28:22,78.04100036621094,129.06300354003906,1.2489999532699585
2026-05-25 18:33:24,75.81900024414062,119.00199890136719,1.11899995803833
2026-05-25 18:38:26,72.86399841308594,117.39099884033203,1.0609999895095825
2026-05-25 18:43:28,70.75900268554688,118.94400024414062,1.0440000295639038
2026-05-25 18:48:30,68.89399719238281,116.37899780273438,0.9940000176429749
2026-05-25 18:53:32,65.73899841308594,121.59100341796875,0.9909999966621399
2026-05-25 18:58:34,64.36599731445312,117.51799774169922,0.9380000233650208
2026-05-25 19:03:36,62.23500061035156,120.61699676513672,0.9309999942779541
2026-05-25 19:08:38,59.4630012512207,123.23400115966797,0.9089999794960022
2026-05-25 19:13:40,57.3390007019043,117.89800262451172,0.8379999995231628
2026-05-25 19:18:42,55.255001068115234,118.0469970703125,0.8090000152587891
2026-05-25 19:23:44,53.16600036621094,124.20800018310547,0.8190000057220459
2026-05-25 19:28:46,50.73400115966797,122.7509994506836,0.7720000147819519
2026-05-25 19:33:48,48.233001708984375,121.052001953125,0.7239999771118164
2026-05-25 19:38:50,46.1349983215332,122.20899963378906,0.6990000009536743
2026-05-25 19:43:52,43.87900161743164,125.88800048828125,0.6850000023841858
2026-05-25 19:48:54,41.57699966430664,127.24299621582031,0.656000018119812
2026-05-25 19:53:56,39.28900146484375,124.35800170898438,0.6060000061988831
2026-05-25 19:58:58,36.8390007019043,122.36799621582031,0.5590000152587891
2026-05-25 20:04:00,34.27399826049805,125.98100280761719,0.5350000262260437
2026-05-25 20:09:02,31.309999465942383,125.69100189208984,0.4880000054836273
2026-05-25 20:14:04,27.735000610351562,130.83900451660156,0.44999998807907104
2026-05-25 20:19:06,25.142000198364258,133.48199462890625,0.41600000858306885
2026-05-25 20:24:08,22.461999893188477,130.05999755859375,0.3619999885559082
2026-05-25 20:29:10,19.67099952697754,133.61099243164062,0.32600000500679016
2026-05-25 20:34:12,17.03700065612793,146.7989959716797,0.3100000023841858
2026-05-25 20:39:14,14.369999885559082,143.46099853515625,0.25600001215934753
2026-05-25 20:44:16,11.718999862670898,157.35000610351562,0.2290000021457672
2026-05-25 20:49:18,9.09000015258789,162.32200622558594,0.18299999833106995
2026-05-25 20:54:20,6.866000175476074,187.60800170898438,0.1599999964237213
2026-05-25 20:59:22,4.926000118255615,206.35299682617188,0.12600000202655792
2026-05-25 21:04:24,2.9670000076293945,41.47100067138672,0.014999999664723873
2026-05-25 21:09:26,1.5770000219345093,0.23600000143051147,0.0
2026-05-26 05:49:04,1.5770000219345093,0.23600000143051147,0.0
2026-05-26 05:54:06,5.567999839782715,0.21299999952316284,0.0
2026-05-26 05:59:08,7.861000061035156,78.14199829101562,0.07599999755620956
2026-05-26 06:04:10,10.395000457763672,97.5790023803711,0.12600000202655792
2026-05-26 06:09:12,13.232000350952148,102.78099822998047,0.16899999976158142
2026-05-26 06:14:14,16.075000762939453,99.40599822998047,0.1979999989271164
2026-05-26 06:19:16,19.583999633789062,92.48100280761719,0.22499999403953552
2026-05-26 06:24:18,22.64699935913086,100.7030029296875,0.28299999237060547
2026-05-26 06:29:20,25.83099937438965,84.98200225830078,0.2720000147819519
2026-05-26 06:34:22,29.301000595092773,99.31900024414062,0.3610000014305115
2026-05-26 06:39:24,32.404998779296875,96.76000213623047,0.3889999985694885
2026-05-26 06:44:26,35.374000549316406,102.1719970703125,0.4480000138282776
2026-05-26 06:49:28,38.24700164794922,91.71600341796875,0.4350000023841858
2026-05-26 06:54:30,41.12699890136719,90.40899658203125,0.460999995470047
2026-05-26 06:59:32,43.858001708984375,97.00599670410156,0.527999997138977
2026-05-26 07:04:34,46.887001037597656,94.97599792480469,0.5519999861717224
2026-05-26 07:09:36,49.66400146484375,93.8010025024414,0.578000009059906
2026-05-26 07:14:38,52.54899978637695,92.16699981689453,0.6010000109672546
2026-05-26 07:19:40,55.28499984741211,96.34600067138672,0.6600000262260437
2026-05-26 07:24:42,58.16899871826172,94.31999969482422,0.6800000071525574
2026-05-26 07:29:44,61.21099853515625,94.5009994506836,0.7170000076293945
2026-05-26 07:34:46,64.94499969482422,94.95999908447266,0.7649999856948853
2026-05-26 07:39:48,80.47100067138672,81.71600341796875,0.8149999976158142
2026-05-26 07:44:50,177.0540008544922,39.17900085449219,0.8600000143051147
2026-05-26 07:49:52,133.07699584960938,53.292999267578125,0.8790000081062317
2026-05-26 07:54:54,210.61900329589844,66.66100311279297,1.7410000562667847
2026-05-26 07:59:56,227.94700622558594,67.21700286865234,1.899999976158142
2026-05-26 08:04:58,245.5570068359375,68.46600341796875,2.0850000381469727
2026-05-26 08:10:00,264.1969909667969,70.51100158691406,2.309999942779541
2026-05-26 08:15:02,282.2900085449219,70.2030029296875,2.4570000171661377
2026-05-26 08:20:04,298.47698974609375,72.39099884033203,2.678999900817871
2026-05-26 08:25:06,315.3280029296875,73.10299682617188,2.8580000400543213
2026-05-26 08:30:08,333.6390075683594,74.44100189208984,3.0799999237060547
2026-05-26 08:35:10,351.64300537109375,76.197998046875,3.322999954223633
2026-05-26 08:40:12,370.75201416015625,76.93499755859375,3.5369999408721924
2026-05-26 08:45:14,388.22601318359375,77.56300354003906,3.7339999675750732
2026-05-26 08:50:16,411.5929870605469,78.01000213623047,3.9809999465942383
2026-05-26 08:55:18,431.3580017089844,78.52999877929688,4.199999809265137
2026-05-26 09:00:20,447.5769958496094,80.93599700927734,4.492000102996826
2026-05-26 09:05:22,466.4209899902344,80.47100067138672,4.6539998054504395
2026-05-26 09:10:24,484.24700927734375,81.10199737548828,4.869999885559082
2026-05-26 09:15:26,502.84600830078125,82.49400329589844,5.144000053405762
2026-05-26 09:20:27,522.427001953125,82.98999786376953,5.375999927520752
2026-05-26 09:25:29,537.9500122070312,84.19200134277344,5.616000175476074
2026-05-26 09:30:31,556.7059936523438,84.36599731445312,5.823999881744385
2026-05-26 09:35:33,574.2579956054688,85.33399963378906,6.076000213623047
2026-05-26 09:40:35,591.8469848632812,86.06700134277344,6.315999984741211
2026-05-26 09:45:37,608.697021484375,86.58699798583984,6.534999847412109
2026-05-26 09:50:39,627.2689819335938,87.3489990234375,6.794000148773193
2026-05-26 09:55:41,643.0800170898438,87.89600372314453,7.008999824523926
2026-05-26 10:00:43,661.0859985351562,88.83599853515625,7.2820000648498535
2026-05-26 10:05:45,675.1129760742188,89.88099670410156,7.52400016784668
2026-05-26 10:10:47,696.0800170898438,89.73699951171875,7.745999813079834
2026-05-26 10:15:49,710.802001953125,90.24400329589844,7.953999996185303
2026-05-26 10:20:51,728.3040161132812,90.66400146484375,8.187999725341797
2026-05-26 10:25:53,742.47998046875,91.39700317382812,8.414999961853027
2026-05-26 10:30:55,759.7009887695312,92.05000305175781,8.670999526977539
2026-05-26 10:35:57,772.8590087890625,92.52300262451172,8.866999626159668
2026-05-26 10:40:59,786.9970092773438,94.20800018310547,9.192999839782715
2026-05-26 10:46:01,801.5789794921875,94.56300354003906,9.39900016784668
2026-05-26 10:51:03,815.8989868164062,94.69400024414062,9.579999923706055
2026-05-26 10:56:05,831.5440063476562,93.5719985961914,9.64799976348877
2026-05-26 11:01:07,844.6929931640625,95.71199798583984,10.024999618530273
2026-05-26 11:06:09,856.4569702148438,96.052001953125,10.201000213623047
2026-05-26 11:11:11,868.0549926757812,96.64199829101562,10.402000427246094
2026-05-26 11:16:13,879.0130004882812,96.88800048828125,10.560999870300293
2026-05-26 11:21:15,890.0800170898438,97.66200256347656,10.779000282287598
2026-05-26 11:26:17,902.7039794921875,98.0739974975586,10.977999687194824
2026-05-26 11:31:19,914.1389770507812,99.12100219726562,11.236000061035156
2026-05-26 11:36:21,923.8619995117188,99.4540023803711,11.392999649047852
2026-05-26 11:41:23,932.1010131835938,100.55599975585938,11.621999740600586
2026-05-26 11:46:25,942.2470092773438,101.33200073242188,11.84000015258789
2026-05-26 11:51:27,951.1929931640625,101.14800262451172,11.930000305175781
2026-05-26 11:56:29,961.52197265625,101.85600280761719,12.144000053405762
2026-05-26 12:01:31,969.06298828125,102.8270034790039,12.355999946594238
2026-05-26 12:06:33,977.5590209960938,103.56500244140625,12.553999900817871
2026-05-26 12:11:35,985.0650024414062,103.71399688720703,12.668000221252441
2026-05-26 12:16:37,988.2379760742188,105.18299865722656,12.888999938964844
2026-05-26 12:21:39,994.8690185546875,105.27799987792969,12.987000465393066
2026-05-26 12:26:41,999.6849975585938,105.76200103759766,13.109999656677246
2026-05-26 12:31:43,1002.06201171875,107.35299682617188,13.33899974822998
2026-05-26 12:36:45,1006.2559814453125,107.78900146484375,13.449000358581543
2026-05-26 12:41:47,1008.6400146484375,108.07499694824219,13.517000198364258
2026-05-26 12:46:49,1010.3670043945312,109.41000366210938,13.706999778747559
2026-05-26 12:51:51,1014.1389770507812,109.90799713134766,13.821000099182129
2026-05-26 12:56:53,1014.2739868164062,111.69000244140625,14.04699993133545
2026-05-26 13:01:55,1008.9140014648438,111.79499816894531,13.986000061035156
2026-05-26 13:06:57,1010.0339965820312,112.5530014038086,14.097000122070312
2026-05-26 13:11:59,1009.7830200195312,112.44200134277344,14.079000473022461
2026-05-26 13:17:01,1009.0880126953125,113.0739974975586,14.14900016784668
2026-05-26 13:22:03,1007.6160278320312,113.83499908447266,14.222999572753906
2026-05-26 13:45:43,997.3790283203125,108.78600311279297,13.454000473022461
2026-05-26 13:50:45,994.447998046875,109.33999633789062,13.482999801635742
2026-05-26 13:55:47,991.4860229492188,109.73400115966797,13.491000175476074
2026-05-26 14:00:49,987.8779907226562,110.6709976196289,13.557000160217285
2026-05-26 14:05:51,984.3770141601562,111.08300018310547,13.559000015258789
2026-05-26 14:10:53,979.156982421875,111.19499969482422,13.50100040435791
2026-05-26 14:15:55,975.0650024414062,111.3280029296875,13.460000038146973
2026-05-26 14:20:57,971.8699951171875,111.18399810791016,13.39900016784668
2026-05-26 14:25:59,965.52001953125,111.87100219726562,13.394000053405762
2026-05-26 14:31:01,958.60302734375,111.50599670410156,13.253999710083008
2026-05-26 14:36:03,949.4450073242188,111.66600036621094,13.147000312805176
2026-05-26 14:41:05,941.4970092773438,112.10299682617188,13.088000297546387
2026-05-26 14:46:07,935.4580078125,112.01100158691406,12.993000030517578
2026-05-26 14:51:09,924.7730102539062,111.65499877929688,12.803999900817871
2026-05-26 14:56:11,916.3729858398438,111.78600311279297,12.70199966430664
2026-05-26 15:01:13,908.0390014648438,111.00299835205078,12.49899959564209
2026-05-26 15:06:15,899.3829956054688,110.58399963378906,12.333000183105469
2026-05-26 15:11:17,887.4219970703125,110.00700378417969,12.104999542236328
2026-05-26 15:16:19,877.1190185546875,109.6500015258789,11.925999641418457
2026-05-26 15:21:21,866.6669921875,108.9469985961914,11.708000183105469
2026-05-26 15:26:23,855.5250244140625,108.63300323486328,11.52400016784668
2026-05-26 15:31:25,842.9600219726562,108.10399627685547,11.300000190734863
2026-05-26 15:36:27,830.9920043945312,107.2249984741211,11.048999786376953
2026-05-26 15:41:29,822.4299926757812,106.04199981689453,10.814000129699707
2026-05-26 15:46:31,805.343994140625,106.28800201416016,10.61400032043457
2026-05-26 15:51:33,794.2219848632812,105.20600128173828,10.361000061035156
2026-05-26 15:56:35,778.0850219726562,104.26799774169922,10.0600004196167
2026-05-26 16:01:37,765.2960205078125,103.0719985961914,9.781000137329102
2026-05-26 16:06:39,759.5020141601562,101.66100311279297,9.574000358581543
2026-05-26 16:11:41,743.0469970703125,100.50800323486328,9.26099967956543
2026-05-26 16:16:43,722.0369873046875,100.59600067138672,9.006999969482422
2026-05-26 16:21:45,703.4010009765625,100.4000015258789,8.756999969482422
2026-05-26 16:26:47,685.2550048828125,99.86000061035156,8.484999656677246
2026-05-26 16:31:49,666.7570190429688,98.7760009765625,8.166999816894531
2026-05-26 16:36:51,654.2860107421875,98.18299865722656,7.966000080108643
2026-05-26 16:41:53,642.7680053710938,95.45899963378906,7.607999801635742
2026-05-26 16:46:55,630.1010131835938,94.68199920654297,7.3979997634887695
2026-05-26 16:51:57,604.5689697265625,94.70999908447266,7.099999904632568
2026-05-26 16:56:59,591.2050170898438,93.83599853515625,6.879000186920166
2026-05-26 17:02:01,580.3980102539062,92.01200103759766,6.622000217437744
2026-05-26 17:07:03,565.3389892578125,91.0510025024414,6.382999897003174
2026-05-26 17:12:05,539.22900390625,91.24600219726562,6.10099983215332
2026-05-26 17:17:07,523.9099731445312,90.61799621582031,5.88700008392334
2026-05-26 17:22:09,468.5580139160156,90.32599639892578,5.248000144958496
2026-05-26 17:27:11,482.53900146484375,88.7969970703125,5.313000202178955
2026-05-26 17:32:13,311.0469970703125,92.87799835205078,3.5820000171661377
2026-05-26 17:37:15,211.60499572753906,97.51399993896484,2.559000015258789
2026-05-26 17:42:17,111.44499969482422,110.80899810791016,1.531000018119812
2026-05-26 17:47:19,144.85899353027344,114.33300018310547,2.053999900817871
2026-05-26 17:52:21,72.0270004272461,120.56199645996094,1.0770000219345093
2026-05-26 17:57:22,69.38300323486328,121.4229965209961,1.0449999570846558
2026-05-26 18:02:24,57.62099838256836,127.72200012207031,0.9129999876022339
2026-05-26 18:07:26,55.810001373291016,121.93499755859375,0.843999981880188
2026-05-26 18:12:28,59.487998962402344,113.71900177001953,0.8389999866485596
2026-05-26 18:17:30,66.15299987792969,118.15299987792969,0.968999981880188
2026-05-26 18:22:32,62.47100067138672,117.38500213623047,0.9089999794960022
2026-05-26 18:27:34,61.040000915527344,118.84600067138672,0.8999999761581421
2026-05-26 18:32:36,61.7760009765625,121.37999725341797,0.9300000071525574
2026-05-26 18:37:38,59.279998779296875,119.3550033569336,0.8769999742507935
2026-05-26 18:42:40,59.50600051879883,122.88800048828125,0.9070000052452087
2026-05-26 18:47:42,62.9900016784668,120.427001953125,0.9409999847412109
2026-05-26 18:52:44,64.26300048828125,119.26399993896484,0.949999988079071
2026-05-26 18:57:46,63.71799850463867,119.5530014038086,0.9449999928474426
2026-05-26 19:02:48,62.516998291015625,117.37999725341797,0.9100000262260437
2026-05-26 19:07:50,61.62099838256836,120.21700286865234,0.9190000295639038
2026-05-26 19:12:52,59.85100173950195,119.947998046875,0.8899999856948853
2026-05-26 19:17:54,57.637001037597656,116.93399810791016,0.8360000252723694
2026-05-26 19:22:56,54.81800079345703,119.69499969482422,0.8140000104904175
2026-05-26 19:27:58,52.073001861572266,117.84400177001953,0.7609999775886536
2026-05-26 19:33:00,49.40999984741211,114.55899810791016,0.7020000219345093
2026-05-26 19:38:02,45.28200149536133,121.5009994506836,0.6819999814033508
2026-05-26 19:43:04,44.26300048828125,120.25,0.6600000262260437
2026-05-26 19:48:06,46.0,115.64800262451172,0.6600000262260437
2026-05-26 19:53:08,46.736000061035156,111.71399688720703,0.6470000147819519
2026-05-26 19:58:10,45.88600158691406,112.1780014038086,0.6380000114440918
2026-05-26 20:03:12,43.499000549316406,111.54199981689453,0.6019999980926514
2026-05-26 20:08:14,39.611000061035156,115.05699920654297,0.5649999976158142
2026-05-26 20:13:16,35.582000732421875,113.02100372314453,0.49900001287460327
2026-05-26 20:18:18,32.244998931884766,109.4209976196289,0.43799999356269836
2026-05-26 20:23:20,29.155000686645508,119.36699676513672,0.4320000112056732
2026-05-26 20:28:22,25.67300033569336,123.98200225830078,0.39500001072883606
2026-05-26 20:33:24,22.538999557495117,113.76599884033203,0.3179999887943268
2026-05-26 20:38:26,20.388999938964844,125.0260009765625,0.3160000145435333
2026-05-26 20:43:28,18.21299934387207,115.68299865722656,0.26100000739097595
2026-05-26 20:48:30,14.694999694824219,132.73599243164062,0.24199999868869781
2026-05-26 20:53:32,11.335000038146973,110.98600006103516,0.15600000321865082
2026-05-26 20:58:34,8.10099983215332,140.3070068359375,0.14100000262260437
2026-05-26 21:03:36,5.4629998207092285,94.46700286865234,0.06400000303983688
2026-05-26 21:08:38,3.509000062942505,0.23800000548362732,0.0
2026-05-26 21:13:40,2.191999912261963,0.1850000023841858,0.0
2026-05-27 05:53:13,2.191999912261963,0.1850000023841858,0.0
2026-05-27 05:58:15,6.425000190734863,34.05699920654297,0.027000000700354576
2026-05-27 06:03:17,8.89799976348877,87.71199798583984,0.09700000286102295
2026-05-27 06:08:19,12.23799991607666,91.5979995727539,0.13899999856948853
2026-05-27 06:13:21,15.972999572753906,86.62100219726562,0.1720000058412552
2026-05-27 06:18:23,18.8700008392334,90.53099822998047,0.21199999749660492
2026-05-27 06:23:25,22.27400016784668,90.03800201416016,0.24899999797344208
2026-05-27 06:28:27,26.538999557495117,94.31500244140625,0.3100000023841858
2026-05-27 06:33:29,31.440000534057617,83.77400207519531,0.3269999921321869
2026-05-27 06:38:30,34.47100067138672,91.76899719238281,0.3919999897480011
2026-05-27 06:43:32,37.869998931884766,88.87300109863281,0.4169999957084656
2026-05-27 06:48:34,39.48099899291992,89.91600036621094,0.4399999976158142
2026-05-27 06:53:36,38.78900146484375,90.95899963378906,0.43700000643730164
2026-05-27 06:58:38,41.56100082397461,95.72699737548828,0.49300000071525574
2026-05-27 07:03:40,45.9379997253418,89.23300170898438,0.5080000162124634
2026-05-27 07:08:42,48.4370002746582,93.61900329589844,0.5619999766349792
2026-05-27 07:13:44,51.26599884033203,91.88600158691406,0.5839999914169312
2026-05-27 07:18:46,53.88199996948242,90.77300262451172,0.6060000061988831
2026-05-27 07:23:48,56.375,91.95500183105469,0.6430000066757202
2026-05-27 07:28:50,59.46699905395508,93.35199737548828,0.6880000233650208
2026-05-27 07:33:52,62.992000579833984,91.56300354003906,0.7149999737739563
2026-05-27 07:38:54,65.87699890136719,88.28299713134766,0.7210000157356262
2026-05-27 07:43:56,179.66400146484375,35.483001708984375,0.7910000085830688
2026-05-27 07:48:58,196.76100158691406,33.625999450683594,0.8199999928474426
2026-05-27 07:54:00,213.88600158691406,50.36800003051758,1.3359999656677246
2026-05-27 07:59:02,230.2989959716797,62.91400146484375,1.7970000505447388
2026-05-27 08:04:04,247.65499877929688,65.43299865722656,2.009000062942505
2026-05-27 08:09:06,266.0369873046875,67.10900115966797,2.2139999866485596
2026-05-27 08:14:08,282.9049987792969,67.75,2.377000093460083
2026-05-27 08:19:10,301.1199951171875,69.71199798583984,2.6029999256134033
2026-05-27 08:24:12,319.0509948730469,71.1719970703125,2.815999984741211
2026-05-27 08:29:14,337.1820068359375,72.11399841308594,3.015000104904175
2026-05-27 08:34:16,354.90301513671875,73.38700103759766,3.2300000190734863
2026-05-27 08:39:18,373.68701171875,74.75199890136719,3.4639999866485596
2026-05-27 08:44:20,392.0639953613281,75.6510009765625,3.677999973297119
2026-05-27 08:49:22,408.8179931640625,76.5979995727539,3.882999897003174
2026-05-27 08:54:24,428.0480041503906,77.1259994506836,4.093999862670898
2026-05-27 08:59:26,447.7669982910156,79.10600280761719,4.392000198364258
2026-05-27 09:04:28,464.8819885253906,79.39900207519531,4.577000141143799
2026-05-27 09:09:30,483.0419921875,79.36799621582031,4.754000186920166
2026-05-27 09:14:32,501.2300109863281,80.60199737548828,5.010000228881836
2026-05-27 09:19:34,519.7620239257812,81.76399993896484,5.269999980926514
2026-05-27 09:24:36,538.4089965820312,82.31500244140625,5.495999813079834
2026-05-27 09:29:38,557.7550048828125,82.86299896240234,5.730999946594238
2026-05-27 09:34:40,573.4669799804688,83.49700164794922,5.936999797821045
2026-05-27 09:39:42,592.18701171875,84.2249984741211,6.184999942779541
2026-05-27 09:44:44,611.4829711914062,85.63800048828125,6.493000030517578
2026-05-27 09:49:46,632.6329956054688,85.31300354003906,6.691999912261963
2026-05-27 09:54:48,650.60302734375,86.12999725341797,6.948999881744385
2026-05-27 09:59:50,663.4879760742188,86.73999786376953,7.136000156402588
2026-05-27 10:04:52,682.06201171875,87.08100128173828,7.364999771118164
2026-05-27 10:09:54,696.614013671875,87.83699798583984,7.586999893188477
2026-05-27 10:14:56,716.4210205078125,87.43800354003906,7.76800012588501
2026-05-27 10:19:58,733.1290283203125,88.31700134277344,8.029000282287598
2026-05-27 10:25:00,749.4879760742188,89.0739974975586,8.277999877929688
2026-05-27 10:30:02,765.9290161132812,90.75,8.619000434875488
2026-05-27 10:35:04,780.3460083007812,91.1719970703125,8.821999549865723
2026-05-27 10:40:06,793.0029907226562,91.87000274658203,9.034000396728516
2026-05-27 10:45:08,811.1090087890625,91.96600341796875,9.25
2026-05-27 10:50:10,821.2890014648438,92.57599639892578,9.428000450134277
2026-05-27 10:52:44,829.2659912109375,92.7249984741211,9.53499984741211
2026-05-27 10:57:46,847.3510131835938,93.52100372314453,9.826000213623047
2026-05-27 11:02:48,856.14599609375,94.1050033569336,9.989999771118164
2026-05-27 11:07:50,872.7470092773438,94.29199981689453,10.204000473022461
2026-05-27 11:12:52,890.989990234375,94.7030029296875,10.463000297546387
2026-05-27 11:27:55,919.7680053710938,0.7879999876022339,0.09000000357627869
2026-05-27 12:49:24,1014.4340209960938,133.51100158691406,16.79400062561035
2026-05-27 12:54:26,1022.7999877929688,133.39700317382812,16.917999267578125
2026-05-27 12:59:28,1017.7830200195312,133.33799743652344,16.827999114990234
2026-05-27 13:04:30,1024.511962890625,131.07000732421875,16.650999069213867
2026-05-27 13:09:32,1015.7369995117188,132.4250030517578,16.679000854492188
2026-05-27 13:14:34,1021.4329833984375,131.552001953125,16.66200065612793
2026-05-27 13:19:36,1007.8699951171875,129.77499389648438,16.2189998626709
2026-05-27 13:24:38,1012.6389770507812,129.3459930419922,16.242000579833984
2026-05-27 13:47:15,1005.6270141601562,19.16200065612793,2.3889999389648438
2026-05-27 13:52:17,1003.718994140625,107.04499816894531,13.322999954223633
2026-05-27 13:57:19,1002.1829833984375,111.2040023803711,13.819000244140625
2026-05-27 14:02:21,1008.2789916992188,111.78199768066406,13.97599983215332
2026-05-27 14:07:23,990.6380004882812,112.91000366210938,13.869999885559082
2026-05-27 14:12:25,975.5130004882812,114.89199829101562,13.89799976348877
2026-05-27 14:23:42,971.1810302734375,125.33599853515625,15.093999862670898
2026-05-27 15:09:53,898.6480102539062,129.968994140625,14.482999801635742
2026-05-27 15:16:48,886.9169921875,14.739999771118164,1.621000051498413
2026-05-27 15:31:29,848.22900390625,121.02100372314453,12.729000091552734
2026-05-27 15:55:09,821.5369873046875,106.89600372314453,10.890000343322754
2026-05-27 16:07:09,783.6480102539062,112.41600036621094,10.923999786376953
2026-05-27 16:12:11,768.760986328125,113.18299865722656,10.788999557495117
2026-05-27 16:17:13,747.4169921875,112.11699676513672,10.390999794006348
2026-05-27 16:22:15,728.31298828125,110.90699768066406,10.015999794006348
2026-05-27 16:27:17,703.4580078125,109.2959976196289,9.534000396728516
2026-05-27 16:32:19,684.5360107421875,107.67900085449219,9.140000343322754
2026-05-27 16:37:21,665.56298828125,106.46499633789062,8.786999702453613
2026-05-27 16:42:23,654.176025390625,105.57499694824219,8.564000129699707
2026-05-27 16:47:25,639.6300048828125,103.59400177001953,8.215999603271484
2026-05-27 16:52:27,618.1690063476562,103.18900299072266,7.909999847412109
2026-05-27 16:57:29,612.7789916992188,102.19100189208984,7.764999866485596
2026-05-27 17:02:31,597.8629760742188,99.4729995727539,7.374000072479248
2026-05-27 17:07:33,573.6749877929688,98.95099639892578,7.039000034332275
2026-05-27 17:12:35,545.1610107421875,97.79199981689453,6.611000061035156
2026-05-27 17:17:37,527.489990234375,96.32599639892578,6.301000118255615
2026-05-27 17:22:39,515.8619995117188,96.08799743652344,6.145999908447266
2026-05-27 17:27:41,500.1650085449219,94.33200073242188,5.85099983215332
2026-05-27 17:32:43,480.5870056152344,92.30400085449219,5.500999927520752
2026-05-27 17:37:45,462.2510070800781,91.72000122070312,5.256999969482422
2026-05-27 17:42:47,440.2149963378906,90.38800048828125,4.934000015258789
2026-05-27 17:47:49,422.0270080566406,87.86599731445312,4.5980000495910645
2026-05-27 17:52:51,404.2650146484375,87.18499755859375,4.369999885559082
2026-05-27 17:57:53,301.1470031738281,110.74099731445312,4.135000228881836
2026-05-27 18:02:55,91.97699737548828,341.34600830078125,3.8929998874664307
2026-05-27 18:07:57,87.4739990234375,332.6319885253906,3.6080000400543213
2026-05-27 18:12:59,79.0469970703125,337.35699462890625,3.306999921798706
2026-05-27 18:18:01,73.21900177001953,331.8089904785156,3.013000011444092
2026-05-27 18:23:03,70.21499633789062,315.5530090332031,2.746999979019165
2026-05-27 18:28:04,67.8270034790039,126.67900085449219,1.065000057220459
2026-05-27 18:33:06,64.76300048828125,126.82099914550781,1.0180000066757202
2026-05-27 18:38:08,63.0880012512207,127.97599792480469,1.0010000467300415
2026-05-27 18:43:10,60.94599914550781,123.08100128173828,0.9300000071525574
2026-05-27 18:48:12,59.28200149536133,127.13400268554688,0.9350000023841858
2026-05-27 18:53:14,57.71200180053711,128.7550048828125,0.9210000038146973
2026-05-27 18:58:16,55.334999084472656,128.71200561523438,0.8830000162124634
2026-05-27 19:03:18,53.7869987487793,125.90499877929688,0.8399999737739563
2026-05-27 19:08:20,52.81800079345703,124.24800109863281,0.8140000104904175
2026-05-27 19:13:22,52.11199951171875,124.4280014038086,0.8040000200271606
2026-05-27 19:18:24,51.310001373291016,117.447998046875,0.746999979019165
2026-05-27 19:23:26,49.527000427246094,129.2760009765625,0.7940000295639038
2026-05-27 19:28:28,47.525001525878906,129.71499633789062,0.7639999985694885
2026-05-27 19:33:30,46.082000732421875,130.0780029296875,0.7429999709129333
2026-05-27 19:38:32,44.07099914550781,126.73600006103516,0.6930000185966492
2026-05-27 19:43:34,41.909000396728516,124.76000213623047,0.6480000019073486
2026-05-27 19:48:36,40.08700180053711,128.94500732421875,0.640999972820282
2026-05-27 19:53:38,38.28300094604492,129.82699584960938,0.6159999966621399
2026-05-27 19:58:40,36.42100143432617,130.24200439453125,0.5879999995231628
2026-05-27 20:03:42,34.3129997253418,126.12300109863281,0.5370000004768372
2026-05-27 20:08:44,32.01599884033203,132.33900451660156,0.5249999761581421
2026-05-27 20:13:46,27.465999603271484,129.90899658203125,0.44200000166893005
2026-05-27 20:18:48,24.617000579833984,130.21600341796875,0.3970000147819519
2026-05-27 20:23:50,22.625999450683594,139.60499572753906,0.3919999897480011
2026-05-27 20:28:52,20.239999771118164,151.09100341796875,0.3790000081062317
2026-05-27 20:33:54,18.11400032043457,146.07699584960938,0.328000009059906
2026-05-27 20:38:56,15.807999610900879,143.57699584960938,0.2809999883174896
2026-05-27 20:43:58,13.480999946594238,163.052001953125,0.27300000190734863
2026-05-27 20:49:00,11.300999641418457,170.802001953125,0.23899999260902405
2026-05-27 20:54:02,9.121999740600586,158.4080047607422,0.17900000512599945
2026-05-27 20:59:04,6.8429999351501465,168.51499938964844,0.14300000667572021
2026-05-27 21:04:06,5.000999927520752,131.82000732421875,0.0820000022649765
2026-05-27 21:09:08,2.8340001106262207,0.2409999966621399,0.0
2026-05-27 21:14:10,1.3049999475479126,0.25699999928474426,0.0
2026-05-28 05:52:14,1.3049999475479126,0.25699999928474426,0.0
2026-05-28 05:57:16,6.697000026702881,61.70899963378906,0.050999999046325684
2026-05-28 06:02:18,9.105999946594238,83.63300323486328,0.09399999678134918
2026-05-28 06:07:20,11.630000114440918,106.21299743652344,0.15299999713897705
2026-05-28 06:12:22,14.26099967956543,93.7300033569336,0.16599999368190765
2026-05-28 06:17:24,17.055999755859375,92.62300109863281,0.19599999487400055
2026-05-28 06:22:26,19.990999221801758,90.52200317382812,0.2240000069141388
2026-05-28 06:27:28,22.7450008392334,92.88600158691406,0.2619999945163727
2026-05-28 06:32:30,26.062000274658203,90.06800079345703,0.29100000858306885
2026-05-28 06:37:32,28.93000030517578,90.31900024414062,0.3240000009536743
2026-05-28 06:42:34,31.329999923706055,87.39600372314453,0.3400000035762787
2026-05-28 06:47:36,33.874000549316406,86.35399627685547,0.3630000054836273
2026-05-28 06:52:38,36.42100143432617,87.74199676513672,0.3959999978542328
2026-05-28 06:57:40,38.49399948120117,87.56199645996094,0.4180000126361847
2026-05-28 07:02:42,40.84299850463867,84.1050033569336,0.4259999990463257
2026-05-28 07:07:44,42.97600173950195,89.51300048828125,0.47699999809265137
2026-05-28 07:12:46,45.387001037597656,86.4469985961914,0.4869999885559082
2026-05-28 07:17:48,47.790000915527344,88.35900115966797,0.5239999890327454
2026-05-28 07:22:50,49.94499969482422,88.79000091552734,0.550000011920929
2026-05-28 07:27:52,52.16699981689453,91.49600219726562,0.5920000076293945
2026-05-28 07:32:54,54.25400161743164,90.58200073242188,0.609000027179718
2026-05-28 07:37:56,56.4640007019043,90.31600189208984,0.6320000290870667
2026-05-28 07:42:58,127.31400299072266,41.67900085449219,0.6579999923706055
2026-05-28 07:48:00,192.2030029296875,28.5,0.6790000200271606
2026-05-28 07:53:02,208.75399780273438,28.211000442504883,0.7300000190734863
2026-05-28 07:58:04,226.07400512695312,57.417999267578125,1.6100000143051147
2026-05-28 08:03:06,244.26600646972656,59.446998596191406,1.8009999990463257
2026-05-28 08:08:08,260.57598876953125,60.76100158691406,1.9630000591278076
2026-05-28 08:13:10,276.9049987792969,61.0880012512207,2.0980000495910645
2026-05-28 08:18:12,295.7449951171875,62.14799880981445,2.2790000438690186
2026-05-28 08:23:14,313.6499938964844,64.77899932861328,2.5190000534057617
2026-05-28 08:28:16,332.63800048828125,66.00800323486328,2.7230000495910645
2026-05-28 08:33:18,350.4330139160156,67.91500091552734,2.9509999752044678
2026-05-28 08:38:20,371.12200927734375,69.06800079345703,3.177999973297119
2026-05-28 08:43:22,389.5610046386719,71.25199890136719,3.441999912261963
2026-05-28 08:48:24,403.2659912109375,72.1719970703125,3.6089999675750732
2026-05-28 08:53:25,421.72601318359375,72.30400085449219,3.7809998989105225
2026-05-28 08:58:27,443.56298828125,76.072998046875,4.184000015258789
2026-05-28 09:03:29,479.0580139160156,74.99500274658203,4.454999923706055
2026-05-28 09:08:31,486.4620056152344,74.45099639892578,4.491000175476074
2026-05-28 09:13:33,467.70098876953125,77.38300323486328,4.48799991607666
2026-05-28 09:18:35,544.385986328125,78.4229965209961,5.294000148773193
2026-05-28 09:23:37,472.1300048828125,81.03299713134766,4.74399995803833
2026-05-28 09:28:39,537.31201171875,80.69000244140625,5.375999927520752
2026-05-28 09:47:38,641.364990234375,88.58100128173828,7.045000076293945
2026-05-28 09:52:40,655.4879760742188,88.8759994506836,7.223999977111816
2026-05-28 09:57:42,630.7949829101562,90.1520004272461,7.052000045776367
2026-05-28 10:39:06,805.6909790039062,103.1969985961914,10.3100004196167
2026-05-28 10:44:08,812.9190063476562,103.05799865722656,10.387999534606934
2026-05-28 12:03:18,988.4429931640625,108.86900329589844,13.343999862670898
2026-05-28 12:08:20,998.0070190429688,113.5780029296875,14.055999755859375
2026-05-28 12:13:22,1008.2990112304688,113.11699676513672,14.142999649047852
2026-05-28 12:18:24,1012.8209838867188,113.1449966430664,14.210000038146973
2026-05-28 12:23:26,1017.2739868164062,113.47000122070312,14.312999725341797
2026-05-28 12:28:28,1020.2670288085938,114.30400085449219,14.461000442504883
2026-05-28 12:33:30,1022.875,114.43299865722656,14.513999938964844
2026-05-28 12:38:32,1026.3790283203125,114.70099639892578,14.597999572753906
2026-05-28 12:43:34,1028.2490234375,115.26599884033203,14.696999549865723
2026-05-28 12:48:36,1027.9129638671875,115.6989974975586,14.746999740600586
2026-05-28 12:53:38,1031.237060546875,114.8290023803711,14.684000015258789
2026-05-28 12:58:40,1026.0040283203125,115.74800109863281,14.72599983215332
2026-05-28 13:03:42,1030.833984375,115.4749984741211,14.760000228881836
2026-05-28 13:08:44,1035.7640380859375,115.22899627685547,14.798999786376953
2026-05-28 13:13:46,1032.8299560546875,115.88999938964844,14.842000007629395
2026-05-28 13:18:48,1037.3160400390625,115.1259994506836,14.807999610900879
2026-05-28 13:23:50,1035.6319580078125,114.43800354003906,14.696000099182129
2026-05-28 17:25:29,511.2659912109375,82.18499755859375,5.210000038146973
2026-05-28 17:25:55,292.54400634765625,55.762001037597656,2.0230000019073486
2026-05-29 08:09:46,292.54400634765625,55.762001037597656,2.0230000019073486
2026-05-29 08:14:48,310.3699951171875,58.09199905395508,2.2360000610351562
2026-05-29 08:19:50,329.3489990234375,59.76900100708008,2.440999984741211
2026-05-29 08:24:52,348.5710144042969,61.67900085449219,2.6659998893737793
2026-05-29 08:29:54,369.24798583984375,63.124000549316406,2.890000104904175
2026-05-29 08:34:57,385.4419860839844,65.60399627685547,3.135999917984009
2026-05-29 08:39:59,406.0140075683594,65.86199951171875,3.315999984741211
2026-05-29 08:45:01,424.67401123046875,67.65299987792969,3.562999963760376
2026-05-29 08:50:03,444.20599365234375,69.1729965209961,3.809999942779541
2026-05-29 08:55:05,465.5589904785156,69.98799896240234,4.039999961853027
2026-05-29 09:00:07,484.05499267578125,72.39099884033203,4.34499979019165
2026-05-29 09:05:09,504.48199462890625,72.44599914550781,4.5320000648498535
2026-05-29 09:10:11,522.5689697265625,73.7239990234375,4.7769999504089355
2026-05-29 09:15:13,541.1630249023438,75.21900177001953,5.046999931335449
2026-05-29 09:20:16,564.3150024414062,76.02899932861328,5.320000171661377
2026-05-29 09:25:18,580.5460205078125,76.8030014038086,5.5289998054504395
2026-05-29 09:30:20,600.1900024414062,78.10399627685547,5.813000202178955
2026-05-29 09:35:22,616.8569946289062,79.10600280761719,6.051000118255615
2026-05-29 09:40:24,633.7369995117188,80.25,6.306000232696533
2026-05-29 09:45:26,651.989013671875,81.68099975585938,6.604000091552734
2026-05-29 09:50:28,668.3330078125,83.0989990234375,6.88700008392334
2026-05-29 09:55:30,688.3200073242188,83.7249984741211,7.145999908447266
2026-05-29 10:00:32,704.989990234375,84.40899658203125,7.379000186920166
2026-05-29 10:05:35,721.968017578125,85.3270034790039,7.638999938964844
2026-05-29 10:10:37,738.0009765625,86.93000030517578,7.954999923706055
2026-05-29 10:15:39,753.6799926757812,87.9530029296875,8.220000267028809
2026-05-29 10:20:41,773.8289794921875,87.88600158691406,8.432999610900879
2026-05-29 10:25:43,790.9140014648438,88.4209976196289,8.67199993133545
2026-05-29 10:30:45,806.4149780273438,89.02899932861328,8.902000427246094
2026-05-29 11:26:43,957.7689819335938,95.76499938964844,11.373000144958496
2026-05-29 11:30:22,965.3499755859375,96.2490005493164,11.520999908447266
2026-05-29 11:34:07,974.9210205078125,96.51899719238281,11.668000221252441
2026-05-29 11:38:48,985.4329833984375,95.48899841308594,11.668000221252441
2026-05-29 11:39:15,985.4329833984375,95.48899841308594,11.668000221252441
2026-05-29 11:44:52,995.5130004882812,97.62300109863281,12.050999641418457
2026-05-29 11:50:19,1002.5460205078125,96.93800354003906,12.050999641418457
2026-05-29 11:54:05,1008.6719970703125,96.3489990234375,12.050999641418457
2026-05-29 11:55:17,1014.218994140625,95.8219985961914,12.050999641418457
2026-05-29 11:55:47,1015.0330200195312,95.74500274658203,12.050999641418457
2026-05-29 11:56:09,1015.0330200195312,95.74500274658203,12.050999641418457
2026-05-29 11:56:30,1015.85400390625,95.66799926757812,12.050999641418457
2026-05-29 12:01:03,1020.7249755859375,95.21199798583984,12.050999641418457
2026-05-29 12:01:42,1021.7030029296875,95.12000274658203,12.050999641418457
2026-05-29 12:05:48,1020.2030029296875,95.26000213623047,12.050999641418457
2026-05-29 12:08:27,1032.718017578125,94.10600280761719,12.050999641418457
2026-05-29 12:09:21,1032.654052734375,94.11199951171875,12.050999641418457
2026-05-29 12:09:44,1032.654052734375,94.11199951171875,12.050999641418457
2026-05-29 12:09:58,1033.552001953125,94.02999877929688,12.050999641418457
2026-05-29 12:11:16,1035.7850341796875,93.8270034790039,12.050999641418457
2026-05-29 12:12:01,1035.927001953125,100.41500091552734,12.89900016784668
2026-05-29 12:17:03,1042.9840087890625,100.34300231933594,12.97700023651123
2026-05-29 12:22:05,1047.010009765625,101.59500122070312,13.1899995803833
2026-05-29 12:27:07,1050.6190185546875,102.03399658203125,13.293000221252441
2026-05-29 12:32:10,1054.0250244140625,102.54199981689453,13.402000427246094
2026-05-29 12:37:12,1056.66796875,103.31400299072266,13.536999702453613
2026-05-29 12:42:14,1061.1929931640625,104.14800262451172,13.704999923706055
2026-05-29 12:47:16,1061.1800537109375,105.0530014038086,13.824000358581543
2026-05-29 12:52:18,1065.5379638671875,104.4489974975586,13.800000190734863
2026-05-29 12:57:20,1063.7740478515625,105.03700256347656,13.854999542236328
2026-05-29 13:02:22,1063.2139892578125,105.5,13.909000396728516
2026-05-29 13:10:52,1063.0350341796875,105.51799774169922,13.909000396728516
2026-05-29 13:11:20,1062.72705078125,105.54900360107422,13.909000396728516
2026-05-29 13:11:58,1063.4150390625,105.4800033569336,13.909000396728516
2026-05-29 17:13:43,567.7369995117188,197.57200622558594,13.909000396728516
2026-05-29 17:16:26,557.3140258789062,201.26699829101562,13.909000396728516
2026-05-29 17:19:17,545.0809936523438,205.78399658203125,13.909000396728516
2026-05-29 17:20:12,543.656982421875,79.80999755859375,5.380000114440918
2026-05-29 17:20:19,542.7009887695312,79.81800079345703,5.370999813079834
2026-05-29 17:20:26,542.7009887695312,79.62000274658203,5.357999801635742
2026-05-29 17:20:33,542.7009887695312,79.57099914550781,5.355000019073486
2026-05-29 17:20:40,542.7009887695312,79.4209976196289,5.34499979019165
2026-05-29 17:34:11,488.1839904785156,77.03800201416016,4.663000106811523
2026-05-29 17:35:46,479.5220031738281,76.83799743652344,4.568999767303467
2026-05-29 17:36:33,478.2099914550781,76.09100341796875,4.51200008392334
2026-05-29 17:41:36,458.6700134277344,74.63400268554688,4.244999885559082
2026-05-29 17:46:38,439.1499938964844,74.05400085449219,4.0329999923706055
2026-05-29 17:51:40,421.4549865722656,72.72799682617188,3.8010001182556152
2026-05-29 17:56:42,348.14599609375,81.8010025024414,3.5309998989105225
2026-05-29 18:01:44,54.79499816894531,485.7799987792969,3.3010001182556152
2026-05-29 18:06:46,53.375999450683594,464.1860046386719,3.072000026702881
2026-05-29 18:11:48,51.98899841308594,445.4670104980469,2.871999979019165
2026-05-29 18:16:50,51.41299819946289,409.5069885253906,2.6110000610351562
2026-05-29 18:21:53,50.25600051879883,388.54998779296875,2.4210000038146973
2026-05-29 18:26:55,49.742000579833984,106.87100219726562,0.6589999794960022
2026-05-29 18:31:57,49.05799865722656,109.76699829101562,0.6679999828338623
2026-05-29 18:36:59,47.8380012512207,109.78399658203125,0.6510000228881836
2026-05-29 18:42:01,46.60599899291992,112.5770034790039,0.6510000228881836
2026-05-29 18:47:03,45.810001373291016,107.98999786376953,0.6129999756813049
2026-05-29 18:52:05,44.90299987792969,114.0199966430664,0.6349999904632568
2026-05-29 18:57:07,44.04999923706055,111.33300018310547,0.6079999804496765
2026-05-29 19:02:09,43.09700012207031,111.46399688720703,0.5960000157356262
2026-05-29 19:07:12,42.196998596191406,113.48300170898438,0.593999981880188
2026-05-29 19:12:14,41.2869987487793,111.78600311279297,0.5720000267028809
2026-05-29 19:17:16,40.22200012207031,109.4280014038086,0.5460000038146973
2026-05-29 19:22:18,39.18600082397461,108.56400299072266,0.527999997138977
2026-05-29 19:27:20,38.04100036621094,114.41300201416016,0.5400000214576721
2026-05-29 19:32:22,36.94900131225586,112.625,0.515999972820282
2026-05-29 19:37:24,35.22700119018555,114.51300048828125,0.5
2026-05-29 19:42:26,34.292999267578125,107.04299926757812,0.45500001311302185
2026-05-29 19:47:29,33.51499938964844,119.31600189208984,0.4959999918937683
2026-05-29 19:52:31,29.742000579833984,117.81700134277344,0.4350000023841858
2026-05-29 19:57:33,28.618999481201172,119.41500091552734,0.42399999499320984
2026-05-29 20:02:35,28.506999969482422,117.15399932861328,0.414000004529953
2026-05-29 20:07:37,26.70199966430664,118.05599975585938,0.39100000262260437
2026-05-29 20:12:39,23.225000381469727,124.39700317382812,0.3580000102519989
2026-05-29 20:17:41,21.434999465942383,113.40899658203125,0.3009999990463257
2026-05-29 20:22:43,20.106000900268555,129.947998046875,0.3240000009536743
2026-05-29 20:27:45,18.364999771118164,121.41500091552734,0.2759999930858612
2026-05-29 20:32:47,16.086999893188477,133.47300720214844,0.26600000262260437
2026-05-29 20:37:50,13.456000328063965,132.49200439453125,0.22100000083446503
2026-05-29 20:42:52,10.42300033569336,152.8000030517578,0.19699999690055847
2026-05-29 20:47:54,8.027000427246094,147.75599670410156,0.1469999998807907
2026-05-29 20:52:56,5.959000110626221,176.00999450683594,0.12999999523162842
2026-05-29 20:57:58,4.552999973297119,53.34199905395508,0.029999999329447746
2026-05-29 21:03:00,3.134000062942505,0.34299999475479126,0.0
2026-05-29 21:08:02,1.7760000228881836,0.42100000381469727,0.0
2026-05-29 21:13:04,0.8429999947547913,0.20200000703334808,0.0
2026-05-30 05:41:12,0.8429999947547913,0.20200000703334808,0.0
2026-05-30 05:46:15,1.9630000591278076,0.2709999978542328,0.0
2026-05-30 05:51:17,4.2769999504089355,0.1889999955892563,0.0
2026-05-30 05:56:19,6.40500020980835,0.1720000058412552,0.0
2026-05-30 06:01:21,9.777999877929688,60.75899887084961,0.07400000095367432
2026-05-30 06:06:23,12.611000061035156,72.27999877929688,0.11299999803304672
2026-05-30 06:11:25,16.232999801635742,75.02400207519531,0.1509999930858612
2026-05-30 06:16:27,20.135000228881836,68.33699798583984,0.17100000381469727
2026-05-30 06:21:29,24.417999267578125,76.33000183105469,0.23100000619888306
2026-05-30 06:26:32,28.070999145507812,72.25800323486328,0.25200000405311584
2026-05-30 06:31:34,32.01599884033203,75.26300048828125,0.29899999499320984
2026-05-30 06:36:36,35.86899948120117,71.9010009765625,0.3199999928474426
2026-05-30 06:41:38,39.611000061035156,74.00700378417969,0.36399999260902405
2026-05-30 06:46:40,43.96799850463867,73.37899780273438,0.4000000059604645
2026-05-30 06:51:42,48.448001861572266,76.92500305175781,0.4620000123977661
2026-05-30 06:56:44,53.36199951171875,77.88200378417969,0.5149999856948853
2026-05-30 07:01:46,57.6870002746582,75.71299743652344,0.5419999957084656
2026-05-30 07:06:49,61.25299835205078,76.30899810791016,0.5799999833106995
2026-05-30 07:11:51,64.25900268554688,75.87000274658203,0.6050000190734863
2026-05-30 07:16:53,68.04299926757812,76.25299835205078,0.6430000066757202
2026-05-30 07:21:55,72.44300079345703,76.4990005493164,0.6869999766349792
2026-05-30 07:26:57,77.11499786376953,77.40899658203125,0.7400000095367432
2026-05-30 07:31:59,82.49099731445312,78.31600189208984,0.8009999990463257
2026-05-30 07:37:01,89.9209976196289,75.77100372314453,0.8450000286102295
2026-05-30 07:42:03,99.21600341796875,73.23600006103516,0.9010000228881836
2026-05-30 07:47:05,117.31300354003906,72.28700256347656,1.0520000457763672
2026-05-30 07:52:07,119.70500183105469,72.0979995727539,1.0700000524520874
2026-05-30 07:57:10,120.0459976196289,76.64199829101562,1.1410000324249268
2026-05-30 08:02:12,138.2449951171875,73.9749984741211,1.2680000066757202
2026-05-30 08:07:14,152.281005859375,72.66000366210938,1.371999979019165
2026-05-30 08:12:16,183.19700622558594,72.95600128173828,1.656999945640564
2026-05-30 08:17:18,207.30299377441406,74.14900207519531,1.906000018119812
2026-05-30 08:22:20,248.48300170898438,72.302001953125,2.2279999256134033
2026-05-30 08:27:22,289.9110107421875,70.04199981689453,2.5179998874664307
2026-05-30 08:32:24,289.3009948730469,73.76799774169922,2.6459999084472656
2026-05-30 08:37:26,318.49798583984375,72.26300048828125,2.8540000915527344
2026-05-30 08:42:29,300.2349853515625,73.7699966430664,2.746000051498413
2026-05-30 08:47:31,338.8380126953125,73.12899780273438,3.072999954223633
2026-05-30 08:52:33,341.8190002441406,73.23200225830078,3.1040000915527344
2026-05-30 08:57:35,397.4930114746094,72.85700225830078,3.5910000801086426
2026-05-30 09:02:37,368.1929931640625,75.24800109863281,3.436000108718872
2026-05-30 09:07:39,331.9729919433594,75.55699920654297,3.109999895095825
2026-05-30 09:12:41,354.5409851074219,77.02999877929688,3.385999917984009
2026-05-30 09:17:43,432.6470031738281,75.3550033569336,4.043000221252441
2026-05-30 09:22:45,453.51800537109375,76.57599639892578,4.306000232696533
2026-05-30 09:27:48,496.80499267578125,73.68499755859375,4.539000034332275
2026-05-30 09:32:50,444.52099609375,77.03399658203125,4.245999813079834
2026-05-30 09:37:52,539.7940063476562,76.0999984741211,5.093999862670898
2026-05-30 09:42:54,432.989990234375,83.46600341796875,4.480999946594238
2026-05-30 09:47:56,571.156982421875,77.20899963378906,5.4679999351501465
2026-05-30 09:52:58,556.176025390625,78.98699951171875,5.447000026702881
2026-05-30 09:58:00,584.5969848632812,79.55799865722656,5.767000198364258
2026-05-30 10:03:02,637.0399780273438,79.5979995727539,6.288000106811523
2026-05-30 10:08:05,531.2550048828125,81.63500213623047,5.377999782562256
2026-05-30 10:13:07,584.4639892578125,80.79900360107422,5.855999946594238
2026-05-30 10:18:09,592.7849731445312,81.1259994506836,5.9629998207092285
2026-05-30 10:23:11,714.1010131835938,81.28900146484375,7.197999954223633
2026-05-30 10:28:13,807.1409912109375,80.31199645996094,8.038000106811523
2026-05-30 10:33:15,759.2410278320312,81.8280029296875,7.703999996185303
2026-05-30 10:38:17,801.9149780273438,81.45999908447266,8.100000381469727
2026-05-30 10:43:19,870.9910278320312,80.7979965209961,8.72599983215332
2026-05-30 10:48:21,830.1939697265625,80.95099639892578,8.333000183105469
2026-05-30 10:53:24,779.8720092773438,90.9219970703125,8.793000221252441
2026-05-30 10:58:26,750.4180297851562,82.02799987792969,7.632999897003174
2026-05-30 11:03:28,811.8629760742188,80.5510025024414,8.109000205993652
2026-05-30 11:08:30,726.4140014648438,88.2300033569336,7.947000026702881
2026-05-30 11:13:32,738.9329833984375,87.92900085449219,8.057000160217285
2026-05-30 11:18:34,647.0170288085938,89.91000366210938,7.214000225067139
2026-05-30 11:23:36,772.8179931640625,87.5510025024414,8.390000343322754
2026-05-30 11:28:38,788.0269775390625,87.18599700927734,8.519000053405762
2026-05-30 11:33:40,800.4959716796875,88.56099700927734,8.791000366210938
2026-05-30 11:38:42,852.2990112304688,89.44999694824219,9.454000473022461
2026-05-30 11:43:44,917.2219848632812,87.75499725341797,9.980999946594238
2026-05-30 11:48:46,949.3489990234375,88.8499984741211,10.458999633789062
2026-05-30 11:53:49,897.0260009765625,89.10399627685547,9.91100025177002
2026-05-30 11:58:51,878.1849975585938,88.95999908447266,9.687000274658203
2026-05-30 12:03:53,841.4310302734375,88.98100280761719,9.284000396728516
2026-05-30 12:08:55,818.2249755859375,92.58999633789062,9.394000053405762
2026-05-30 12:13:57,903.0650024414062,91.30400085449219,10.223999977111816
2026-05-30 12:18:59,959.8330078125,90.26399993896484,10.743000030517578
2026-05-30 12:24:01,938.052978515625,91.88700103759766,10.687999725341797
2026-05-30 12:29:03,976.030029296875,90.89600372314453,11.00100040435791
2026-05-30 12:34:05,994.2769775390625,91.53500366210938,11.28499984741211
2026-05-30 12:39:08,1027.5179443359375,91.64399719238281,11.677000045776367
2026-05-30 12:44:10,1010.5830078125,93.02799987792969,11.657999992370605
2026-05-30 12:49:12,1016.7750244140625,93.88400268554688,11.836999893188477
2026-05-30 12:54:14,1041.98095703125,93.96700286865234,12.140999794006348
2026-05-30 12:59:16,1017.9910278320312,95.0780029296875,12.001999855041504
2026-05-30 13:04:18,1004.030029296875,95.90399932861328,11.9399995803833
2026-05-30 13:09:20,1005.1589965820312,95.79499816894531,11.9399995803833
2026-05-30 13:14:22,1009.0469970703125,96.60199737548828,12.086999893188477
2026-05-30 13:19:24,1041.72802734375,96.4010009765625,12.45300006866455
2026-05-30 13:24:26,1053.9610595703125,96.39600372314453,12.597999572753906
2026-05-30 13:46:52,1037.2340087890625,18.67099952697754,2.4010000228881836
2026-05-30 13:51:54,1035.0350341796875,20.177000045776367,2.5899999141693115
2026-05-30 13:56:56,1032.9580078125,87.4229965209961,11.197999954223633
2026-05-30 14:01:58,1009.8720092773438,88.74700164794922,11.11299991607666
2026-05-30 14:07:00,948.9299926757812,90.3280029296875,10.628999710083008
2026-05-30 14:12:02,972.0,90.22699737548828,10.875
2026-05-30 14:17:04,950.39501953125,90.81400299072266,10.70199966430664
2026-05-30 14:22:06,959.6110229492188,91.89900207519531,10.9350004196167
2026-05-30 14:27:09,864.656982421875,92.9530029296875,9.965999603271484
2026-05-30 14:32:11,726.4229736328125,93.1719970703125,8.392999649047852
2026-05-30 14:37:13,845.9569702148438,93.0999984741211,9.765999794006348
2026-05-30 14:42:15,795.6530151367188,92.04399871826172,9.081000328063965
2026-05-30 14:47:17,792.0399780273438,95.72100067138672,9.401000022888184
2026-05-30 14:52:19,699.7650146484375,97.56999969482422,8.465999603271484
2026-05-30 14:57:21,577.2109985351562,93.26599884033203,6.675000190734863
2026-05-30 15:02:23,564.739013671875,96.92400360107422,6.7870001792907715
2026-05-30 15:07:25,695.6619873046875,94.23699951171875,8.128999710083008
2026-05-30 15:12:28,805.801025390625,90.74099731445312,9.067000389099121
2026-05-30 15:17:30,319.6940002441406,57.54199981689453,2.2809998989105225
2026-06-01 08:12:56,319.6940002441406,57.54199981689453,2.2809998989105225
2026-06-01 08:17:58,334.135009765625,57.60200119018555,2.38700008392334
2026-06-01 08:23:00,344.281005859375,59.56399917602539,2.5429999828338623
2026-06-01 08:28:02,361.02398681640625,60.132999420166016,2.691999912261963
2026-06-01 08:33:04,377.6730041503906,61.43199920654297,2.877000093460083
2026-06-01 08:38:07,395.614013671875,62.37099838256836,3.059999942779541
2026-06-01 08:43:09,412.8059997558594,63.263999938964844,3.23799991607666
2026-06-01 08:48:11,431.0580139160156,64.34400177001953,3.438999891281128
2026-06-01 08:53:13,446.7919921875,64.58499908447266,3.578000068664551
2026-06-01 08:58:15,477.927001953125,65.97599792480469,3.9100000858306885
2026-06-01 09:03:17,499.5950012207031,48.92900085449219,3.0309998989105225
2026-06-01 09:08:19,524.322021484375,66.9729995727539,4.354000091552734
2026-06-01 09:13:21,497.1820068359375,72.56999969482422,4.473999977111816
2026-06-01 09:18:24,504.24700927734375,77.46399688720703,4.843999862670898
2026-06-01 09:23:26,552.1439819335938,69.2969970703125,4.74399995803833
2026-06-01 09:28:28,607.1929931640625,69.41600036621094,5.22599983215332
2026-06-01 09:33:30,499.01300048828125,78.63500213623047,4.866000175476074
2026-06-01 09:38:32,613.5360107421875,59.20899963378906,4.505000114440918
2026-06-01 09:43:34,641.6430053710938,71.98699951171875,5.728000164031982
2026-06-01 09:48:36,631.5180053710938,72.85900115966797,5.704999923706055
2026-06-01 09:53:38,695.0969848632812,72.88600158691406,6.2820000648498535
2026-06-01 09:58:41,681.02197265625,72.66799926757812,6.13700008392334
2026-06-01 10:03:43,693.4290161132812,74.32599639892578,6.390999794006348
2026-06-01 10:08:45,698.6190185546875,73.9739990234375,6.4079999923706055
2026-06-01 10:13:47,657.31201171875,76.88899993896484,6.267000198364258
2026-06-01 10:18:49,562.5900268554688,79.86000061035156,5.571000099182129
2026-06-01 10:23:51,755.0579833984375,75.74400329589844,7.0920000076293945
2026-06-01 10:28:53,731.447021484375,78.04399871826172,7.078999996185303
2026-06-01 10:33:55,697.302978515625,77.39099884033203,6.691999912261963
2026-06-01 10:38:58,690.06201171875,78.28500366210938,6.698999881744385
2026-06-01 10:44:00,720.2130126953125,79.16100311279297,7.070000171661377
2026-06-01 10:49:02,761.7369995117188,77.65499877929688,7.335000038146973
2026-06-01 10:54:04,303.8380126953125,84.69499969482422,3.190999984741211
2026-06-01 10:59:06,569.9500122070312,75.1780014038086,5.313000202178955
2026-06-01 11:04:08,861.5859985351562,79.48600006103516,8.491999626159668
2026-06-01 11:09:10,795.7260131835938,78.25700378417969,7.7220001220703125
2026-06-01 11:14:13,918.8049926757812,76.86399841308594,8.756999969482422
2026-06-01 11:19:15,812.7379760742188,75.47599792480469,7.605999946594238
2026-06-01 11:24:17,827.93798828125,83.0469970703125,8.526000022888184
2026-06-01 11:29:19,972.06201171875,76.21600341796875,9.187000274658203
2026-06-01 11:34:21,1052.3289794921875,80.14299774169922,10.458000183105469
2026-06-01 11:39:23,883.448974609375,88.33899688720703,9.677000045776367
2026-06-01 11:44:25,961.89697265625,81.23799896240234,9.6899995803833
2026-06-01 11:49:27,985.4400024414062,83.16500091552734,10.161999702453613
2026-06-01 11:54:29,1056.0439453125,81.5979995727539,10.6850004196167
2026-06-01 11:59:32,1033.552001953125,81.17500305175781,10.402999877929688
2026-06-01 12:04:34,980.10498046875,82.08799743652344,9.97599983215332
2026-06-01 12:09:36,904.9530029296875,83.88999938964844,9.413999557495117
2026-06-01 12:14:38,999.739013671875,83.39099884033203,10.338000297546387
2026-06-01 12:19:40,659.5590209960938,102.5479965209961,8.38700008392334
2026-06-01 12:24:42,1046.198974609375,85.37200164794922,11.074999809265137
2026-06-01 12:29:44,1046.85498046875,85.81700134277344,11.140000343322754
2026-06-01 12:34:46,1001.1610107421875,88.30799865722656,10.963000297546387
2026-06-01 12:39:49,1020.4730224609375,86.24400329589844,10.913000106811523
2026-06-01 12:44:51,1055.7459716796875,86.3759994506836,11.307999610900879
2026-06-01 12:49:53,1057.7320556640625,86.73500061035156,11.37600040435791
2026-06-01 12:54:55,1071.489990234375,85.947998046875,11.418999671936035
2026-06-01 12:59:57,1025.8189697265625,87.08599853515625,11.07699966430664
2026-06-01 13:04:59,1074.5830078125,88.02100372314453,11.729000091552734
2026-06-01 13:10:01,416.7409973144531,94.94100189208984,4.906000137329102
2026-06-01 13:15:03,977.0900268554688,89.91600036621094,10.894000053405762
2026-06-01 13:20:06,974.7979736328125,89.61799621582031,10.833000183105469
2026-06-01 13:25:08,986.6900024414062,90.2750015258789,11.045000076293945
2026-06-01 13:47:46,1035.0009765625,19.250999450683594,2.4709999561309814
2026-06-01 13:52:48,1037.14501953125,19.83099937438965,2.549999952316284
2026-06-01 13:57:50,1038.155029296875,84.91500091552734,10.930999755859375
2026-06-01 14:02:52,1024.6810302734375,87.45800018310547,11.112000465393066
2026-06-01 14:07:54,1019.4140014648438,86.36399841308594,10.916999816894531
2026-06-01 14:12:56,1011.583984375,87.68000030517578,10.998000144958496
2026-06-01 14:17:58,1021.9149780273438,88.1780014038086,11.173999786376953
2026-06-01 14:23:01,1006.2130126953125,88.12200164794922,10.994999885559082
2026-06-01 14:28:03,1001.8579711914062,89.00199890136719,11.057000160217285
2026-06-01 14:33:05,1013.2529907226562,87.86100006103516,11.038999557495117
2026-06-01 14:38:07,984.0390014648438,87.45899963378906,10.67199993133545
2026-06-01 14:43:09,982.4660034179688,87.33200073242188,10.638999938964844
2026-06-01 14:48:11,972.2420043945312,88.43000030517578,10.66100025177002
2026-06-01 14:53:13,957.2210083007812,88.94599914550781,10.557000160217285
2026-06-01 14:58:16,941.7440185546875,87.81300354003906,10.253999710083008
2026-06-01 15:03:18,933.9290161132812,88.79199981689453,10.282999992370605
2026-06-01 15:08:20,933.2730102539062,87.01799774169922,10.069999694824219
2026-06-01 15:13:22,924.1649780273438,82.24199676513672,9.425000190734863
2026-06-01 15:18:24,930.9140014648438,85.18000030517578,9.833000183105469
2026-06-01 15:23:26,906.593994140625,85.11100006103516,9.567999839782715
2026-06-01 15:28:28,899.31201171875,83.70700073242188,9.335000038146973
2026-06-01 15:33:30,889.0670166015625,82.13500213623047,9.055000305175781
2026-06-01 15:38:33,873.1840209960938,81.38300323486328,8.812000274658203
2026-06-01 15:43:35,861.656982421875,80.94599914550781,8.64900016784668
2026-06-01 15:48:37,844.6010131835938,80.86000061035156,8.468000411987305
2026-06-01 15:53:39,834.1190185546875,80.1050033569336,8.28499984741211
2026-06-01 15:58:41,818.3779907226562,78.81800079345703,7.998000144958496
2026-06-01 16:03:43,747.9110107421875,75.4280014038086,6.994999885559082
2026-06-01 16:08:45,588.0980224609375,83.23699951171875,6.070000171661377
2026-06-01 16:13:48,705.218017578125,80.74199676513672,7.060999870300293
2026-06-01 16:18:50,781.8309936523438,79.197998046875,7.677999973297119
2026-06-01 16:23:52,691.2960205078125,83.31199645996094,7.142000198364258
2026-06-01 16:28:54,698.4979858398438,77.7750015258789,6.736000061035156
2026-06-01 16:33:56,734.7219848632812,76.5270004272461,6.9720001220703125
2026-06-01 16:38:58,705.801025390625,76.23799896240234,6.671999931335449
2026-06-01 16:44:00,680.530029296875,76.83000183105469,6.482999801635742
2026-06-01 16:49:02,658.7789916992188,73.45500183105469,6.0
2026-06-01 16:54:05,656.0570068359375,73.34600067138672,5.9670000076293945
2026-06-01 16:59:07,648.7680053710938,72.00599670410156,5.793000221252441
2026-06-01 17:04:09,579.4559936523438,71.25900268554688,5.119999885559082
2026-06-01 17:09:11,568.5369873046875,70.73200225830078,4.986999988555908
2026-06-01 17:14:13,578.2540283203125,70.60800170898438,5.063000202178955
2026-06-01 17:19:15,558.176025390625,69.42500305175781,4.804999828338623
2026-06-01 17:24:17,535.4509887695312,69.3280029296875,4.603000164031982
2026-06-01 17:29:19,448.9389953613281,76.44999694824219,4.25600004196167
2026-06-01 17:34:22,497.0830078125,67.78900146484375,4.177999973297119
2026-06-01 17:39:24,474.2330017089844,66.23699951171875,3.8949999809265137
2026-06-01 17:44:26,436.281005859375,67.96600341796875,3.677000045776367
2026-06-01 17:49:28,425.2139892578125,65.79399871826172,3.4690001010894775
2026-06-01 17:54:30,131.1840057373047,105.53800201416016,1.7170000076293945
2026-06-01 17:59:32,66.80000305175781,101.36699676513672,0.8399999737739563
2026-06-01 18:04:34,67.3010025024414,209.4510040283203,1.7480000257492065
2026-06-01 18:09:36,67.6709976196289,310.46600341796875,2.6050000190734863
2026-06-01 18:14:39,62.89799880981445,104.95800018310547,0.8190000057220459
2026-06-01 18:19:41,57.62699890136719,92.69100189208984,0.6620000004768372
2026-06-01 18:24:43,56.137001037597656,96.14700317382812,0.6690000295639038
2026-06-01 18:29:45,57.974998474121094,100.19599914550781,0.7200000286102295
2026-06-01 18:34:47,57.40800094604492,94.11399841308594,0.6700000166893005
2026-06-01 18:39:49,53.14500045776367,93.6520004272461,0.6169999837875366
2026-06-01 18:44:51,55.13600158691406,92.56400299072266,0.6330000162124634
2026-06-01 18:49:53,62.138999938964844,82.66300201416016,0.6370000243186951
2026-06-01 18:54:56,87.12899780273438,87.03700256347656,0.9399999976158142
2026-06-01 18:59:58,80.71800231933594,89.20600128173828,0.8930000066757202
2026-06-01 19:05:00,83.70700073242188,90.81300354003906,0.9430000185966492
2026-06-01 19:10:02,76.29299926757812,88.41999816894531,0.8360000252723694
2026-06-01 19:15:04,72.72699737548828,86.71199798583984,0.7820000052452087
2026-06-01 19:20:06,64.9209976196289,83.53700256347656,0.671999990940094
2026-06-01 19:25:08,68.01300048828125,83.97200012207031,0.7080000042915344
2026-06-01 19:30:10,69.96099853515625,84.0989990234375,0.7300000190734863
2026-06-01 19:35:12,68.2969970703125,87.10700225830078,0.7379999756813049
2026-06-01 19:40:15,62.26300048828125,83.4540023803711,0.6439999938011169
2026-06-01 19:45:17,52.59000015258789,87.68900299072266,0.5720000267028809
2026-06-01 19:50:19,46.72200012207031,90.11000061035156,0.5220000147819519
2026-06-01 19:55:21,42.560001373291016,91.96399688720703,0.48500001430511475
2026-06-01 20:00:23,37.95899963378906,94.29199981689453,0.4440000057220459
2026-06-01 20:05:25,31.104000091552734,96.41899871826172,0.3720000088214874
2026-06-01 20:10:27,28.746000289916992,96.13400268554688,0.34299999475479126
2026-06-01 20:15:30,25.461000442504883,101.05699920654297,0.3190000057220459
2026-06-01 20:20:32,22.240999221801758,99.16300201416016,0.27300000190734863
2026-06-01 20:25:34,20.21500015258789,109.90599822998047,0.2750000059604645
2026-06-01 20:30:36,18.781999588012695,96.31999969482422,0.2240000069141388
2026-06-01 20:35:38,16.690000534057617,92.58100128173828,0.19200000166893005
2026-06-01 20:40:40,14.354000091552734,104.19999694824219,0.1850000023841858
2026-06-01 20:45:42,11.39900016784668,119.47599792480469,0.16899999976158142
2026-06-01 20:50:44,9.755000114440918,105.2699966430664,0.12700000405311584
2026-06-01 20:55:47,7.736999988555908,111.2760009765625,0.10700000077486038
2026-06-01 21:00:49,5.920000076293945,105.572998046875,0.07699999958276749
2026-06-01 21:05:51,4.561999797821045,38.32899856567383,0.02199999988079071
2026-06-01 21:10:53,2.6670000553131104,0.3659999966621399,0.0
2026-06-01 21:15:55,1.2209999561309814,0.3310000002384186,0.0
2026-06-01 21:20:57,0.257999986410141,0.18000000715255737,0.0
2026-06-02 05:39:04,0.257999986410141,0.18000000715255737,0.0
2026-06-02 05:44:07,1.7510000467300415,0.17599999904632568,0.0
2026-06-02 05:49:09,3.0179998874664307,0.10899999737739563,0.0
2026-06-02 05:54:11,4.500999927520752,0.18799999356269836,0.0
2026-06-02 05:59:13,6.40500020980835,0.23399999737739563,0.0
2026-06-02 06:04:15,9.291000366210938,82.46600341796875,0.0949999988079071
2026-06-02 06:09:17,12.038999557495117,71.14700317382812,0.10599999874830246
2026-06-02 06:14:19,12.678999900817871,71.81300354003906,0.11299999803304672
2026-06-02 06:19:21,14.930000305175781,78.37000274658203,0.14499999582767487
2026-06-02 06:24:24,17.18899917602539,77.8010025024414,0.16599999368190765
2026-06-02 06:29:26,17.652999877929688,80.0009994506836,0.17499999701976776
2026-06-02 06:34:28,18.729000091552734,68.08499908447266,0.15800000727176666
2026-06-02 06:39:30,19.56100082397461,76.38999938964844,0.1850000023841858
2026-06-02 06:44:32,19.94499969482422,77.18000030517578,0.19099999964237213
2026-06-02 06:49:34,27.735000610351562,74.41000366210938,0.25600001215934753
2026-06-02 06:54:36,35.470001220703125,78.46199798583984,0.3449999988079071
2026-06-02 06:59:38,41.77799987792969,72.8270034790039,0.37700000405311584
2026-06-02 07:04:41,38.20600128173828,73.48799896240234,0.3479999899864197
2026-06-02 07:09:43,48.67300033569336,74.22799682617188,0.4480000138282776
2026-06-02 07:14:45,55.797000885009766,74.67500305175781,0.5170000195503235
2026-06-02 07:19:47,62.87799835205078,76.13300323486328,0.593999981880188
2026-06-02 07:24:49,73.20500183105469,72.6510009765625,0.6589999794960022
2026-06-02 07:29:51,90.77300262451172,73.29000091552734,0.824999988079071
2026-06-02 07:34:53,98.34300231933594,77.16999816894531,0.9409999847412109
2026-06-02 07:39:56,102.2969970703125,75.78199768066406,0.9610000252723694
2026-06-02 07:44:58,119.15499877929688,74.26300048828125,1.097000002861023
2026-06-02 07:50:00,101.11100006103516,77.1520004272461,0.9670000076293945
2026-06-02 07:55:02,87.51300048828125,75.7300033569336,0.8220000267028809
2026-06-02 08:00:04,80.50199890136719,78.51300048828125,0.7839999794960022
2026-06-02 08:05:06,83.76699829101562,80.5780029296875,0.8370000123977661
2026-06-02 08:10:08,99.71700286865234,82.38600158691406,1.0190000534057617
2026-06-02 08:15:11,95.8030014038086,80.67500305175781,0.9580000042915344
2026-06-02 08:20:13,79.82599639892578,82.05799865722656,0.8119999766349792
2026-06-02 08:25:15,91.10600280761719,83.4010009765625,0.9419999718666077
2026-06-02 08:30:17,119.22100067138672,79.12000274658203,1.1699999570846558
2026-06-02 08:35:19,185.88099670410156,68.71800231933594,1.5839999914169312
2026-06-02 08:40:21,144.2469940185547,79.4990005493164,1.4220000505447388
2026-06-02 08:45:23,164.802001953125,77.89199829101562,1.5920000076293945
2026-06-02 08:50:25,226.33299255371094,67.96600341796875,1.906999945640564
2026-06-02 08:55:28,122.58699798583984,84.15399932861328,1.2790000438690186
2026-06-02 09:00:30,128.1490020751953,80.57599639892578,1.2799999713897705
2026-06-02 09:05:32,98.66699981689453,85.75800323486328,1.0490000247955322
2026-06-02 09:10:34,95.46099853515625,85.57499694824219,1.0130000114440918
2026-06-02 09:15:36,86.35700225830078,81.67500305175781,0.875
2026-06-02 09:20:38,133.10400390625,83.76200103759766,1.3819999694824219
2026-06-02 09:25:40,143.40899658203125,82.52899932861328,1.468000054359436
2026-06-02 09:30:42,222.67999267578125,85.39900207519531,2.3580000400543213
2026-06-02 09:35:45,333.3299865722656,74.59300231933594,3.0829999446868896
2026-06-02 09:40:47,322.13299560546875,76.71499633789062,3.063999891281128
2026-06-02 09:45:49,175.4029998779297,87.7509994506836,1.909000039100647
2026-06-02 09:50:51,134.32699584960938,86.04299926757812,1.4329999685287476
2026-06-02 09:55:53,146.99400329589844,78.06500244140625,1.4229999780654907
2026-06-02 10:00:55,177.1790008544922,97.16500091552734,2.134999990463257
2026-06-02 10:05:57,674.656005859375,53.840999603271484,4.504000186920166
2026-06-02 10:10:59,287.7300109863281,82.55500030517578,2.944999933242798
2026-06-02 10:16:01,291.4309997558594,83.59400177001953,3.0209999084472656
2026-06-02 10:21:04,286.56201171875,96.76200103759766,3.437999963760376
2026-06-02 10:26:06,962.85498046875,42.51900100708008,5.077000141143799
2026-06-02 10:31:08,291.10400390625,80.08000183105469,2.8910000324249268
2026-06-02 10:36:10,669.1630249023438,71.16600036621094,5.90500020980835
2026-06-02 10:41:12,935.8289794921875,72.84600067138672,8.45300006866455
2026-06-02 10:46:14,555.3350219726562,75.27999877929688,5.184000015258789
2026-06-02 10:51:16,836.6380004882812,83.55500030517578,8.668000221252441
2026-06-02 10:56:18,967.8670043945312,72.26599884033203,8.67300033569336
2026-06-02 11:01:21,470.9440002441406,110.51300048828125,6.453999996185303
2026-06-02 11:06:23,774.3610229492188,69.72599792480469,6.695000171661377
2026-06-02 11:11:25,294.7409973144531,87.4219970703125,3.194999933242798
2026-06-02 11:16:27,365.1199951171875,85.52100372314453,3.871999979019165
2026-06-02 11:21:29,363.35101318359375,88.08599853515625,3.9690001010894775
2026-06-02 11:26:31,282.2720031738281,87.03399658203125,3.0460000038146973
2026-06-02 11:31:33,293.54901123046875,87.01799774169922,3.1670000553131104
2026-06-02 11:36:36,229.16799926757812,89.00700378417969,2.5290000438690186
2026-06-02 11:41:38,250.14199829101562,85.99500274658203,2.6670000553131104
2026-06-02 11:46:40,301.83099365234375,87.23999786376953,3.265000104904175
2026-06-02 11:51:42,296.5260009765625,87.16400146484375,3.2049999237060547
2026-06-02 11:56:44,286.6969909667969,87.18299865722656,3.0989999771118164
2026-06-02 12:01:46,365.7099914550781,86.7699966430664,3.934999942779541
2026-06-02 12:06:48,253.81500244140625,90.53700256347656,2.8489999771118164
2026-06-02 12:11:50,175.52699279785156,86.56999969482422,1.8839999437332153
2026-06-02 12:16:53,155.13800048828125,88.28299713134766,1.6979999542236328
2026-06-02 12:21:55,187.5590057373047,85.54499816894531,1.9900000095367432
2026-06-02 12:26:57,225.10899353027344,88.88999938964844,2.4809999465942383
2026-06-02 12:31:59,211.18600463867188,87.0739974975586,2.2799999713897705
2026-06-02 12:37:01,243.09300231933594,86.68599700927734,2.61299991607666
2026-06-02 12:42:03,358.072998046875,88.25299835205078,3.9189999103546143
2026-06-02 12:47:05,358.5169982910156,87.78299713134766,3.9030001163482666
2026-06-02 12:52:08,292.2149963378906,88.38099670410156,3.2019999027252197
2026-06-02 12:57:10,243.06100463867188,88.80899810791016,2.677000045776367
2026-06-02 13:02:12,255.2729949951172,90.18499755859375,2.8550000190734863
2026-06-02 13:07:14,179.7259979248047,89.43699645996094,1.9930000305175781
2026-06-02 13:12:16,105.19499969482422,93.44000244140625,1.218999981880188
2026-06-02 13:17:18,46.500999450683594,104.41400146484375,0.6019999980926514
2026-06-02 13:22:20,30.315000534057617,106.60299682617188,0.4009999930858612
2026-06-02 13:45:59,322.8590087890625,98.44300079345703,3.940999984741211
2026-06-02 13:51:01,188.34300231933594,87.18599700927734,2.0360000133514404
2026-06-02 13:56:03,93.63400268554688,87.35399627685547,1.0140000581741333
2026-06-02 14:01:05,59.374000549316406,87.9489974975586,0.6480000019073486
2026-06-02 14:06:07,38.82500076293945,90.67900085449219,0.43700000643730164
2026-06-02 14:11:09,8.25100040435791,87.53600311279297,0.09000000357627869
2026-06-02 14:16:11,11.666999816894531,123.38600158691406,0.17900000512599945
2026-06-02 14:21:14,18.673999786376953,119.93699645996094,0.27799999713897705
2026-06-02 14:26:16,58.426998138427734,90.81600189208984,0.6579999923706055
2026-06-02 14:31:18,131.50900268554688,93.77400207519531,1.5290000438690186
2026-06-02 14:36:20,111.44000244140625,95.47899627685547,1.319000005722046
2026-06-02 14:41:22,104.68099975585938,89.95500183105469,1.1679999828338623
2026-06-02 14:46:24,141.74200439453125,89.42400360107422,1.5720000267028809
2026-06-02 14:51:26,223.90199279785156,89.92400360107422,2.496999979019165
2026-06-02 14:56:28,370.5870056152344,95.9520034790039,4.408999919891357
2026-06-02 15:01:31,303.4700012207031,86.45099639892578,3.253000020980835
2026-06-02 15:06:33,662.2449951171875,86.10700225830078,7.071000099182129
2026-06-02 15:11:35,676.6400146484375,86.49800109863281,7.256999969482422
2026-06-02 15:16:37,476.5870056152344,84.8759994506836,5.015999794006348
2026-06-02 15:21:39,517.0789794921875,85.7760009765625,5.5
2026-06-02 15:26:41,525.18701171875,84.7229995727539,5.517000198364258
2026-06-02 15:31:43,426.18701171875,88.18000030517578,4.659999847412109
2026-06-02 15:36:45,250.6009979248047,87.74800109863281,2.7269999980926514
2026-06-02 15:41:48,238.62399291992188,90.10700225830078,2.6659998893737793
2026-06-02 15:46:50,211.49899291992188,91.41500091552734,2.3970000743865967
2026-06-02 15:51:52,169.177001953125,89.58799743652344,1.878999948501587
2026-06-02 15:56:54,112.56700134277344,86.86499786376953,1.2120000123977661
2026-06-02 16:01:56,182.0050048828125,89.63500213623047,2.0230000019073486
2026-06-02 16:06:58,247.69400024414062,90.0270004272461,2.765000104904175
2026-06-02 16:12:00,331.8489990234375,87.33899688720703,3.5940001010894775
2026-06-02 16:17:03,319.9469909667969,89.36299896240234,3.5450000762939453
2026-06-02 16:22:05,232.7729949951172,85.10299682617188,2.4560000896453857
2026-06-02 16:27:07,255.7899932861328,88.16799926757812,2.796999931335449
2026-06-02 16:32:09,277.5589904785156,91.31300354003906,3.1429998874664307
2026-06-02 16:37:11,171.9429931640625,86.90499877929688,1.8530000448226929
2026-06-02 16:42:13,145.25,87.72599792480469,1.5800000429153442
2026-06-02 16:47:15,238.2220001220703,87.59400177001953,2.5869998931884766
2026-06-02 16:52:17,107.95899963378906,93.66200256347656,1.253999948501587
2026-06-02 16:57:19,85.48600006103516,88.1050033569336,0.9340000152587891
2026-06-02 17:02:22,127.30500030517578,93.52799987792969,1.4759999513626099
2026-06-02 17:07:24,100.94200134277344,92.41799926757812,1.156999945640564
2026-06-02 17:12:26,115.80999755859375,91.98400115966797,1.3209999799728394
2026-06-02 17:17:28,141.61099243164062,90.96800231933594,1.597000002861023
2026-06-02 17:22:30,174.80499267578125,90.65899658203125,1.965000033378601
2026-06-02 17:27:32,61.797000885009766,91.5270004272461,0.7009999752044678
2026-06-02 17:32:34,43.981998443603516,93.28900146484375,0.5090000033378601
2026-06-02 17:37:36,24.618999481201172,108.20500183105469,0.33000001311302185
2026-06-02 17:42:39,13.371000289916992,96.36599731445312,0.1599999964237213
2026-06-02 17:47:41,13.397000312805176,111.59700012207031,0.1850000023841858
2026-06-02 17:52:43,14.0,90.00700378417969,0.15600000321865082
2026-06-02 17:57:45,10.043000221252441,125.91899871826172,0.15700000524520874
2026-06-02 18:02:47,16.437000274658203,110.35600280761719,0.22499999403953552
2026-06-02 18:07:49,23.783000946044922,103.21600341796875,0.30399999022483826
2026-06-02 18:12:51,26.242000579833984,101.36799621582031,0.33000001311302185
2026-06-02 18:17:53,34.79499816894531,91.23899841308594,0.39399999380111694
2026-06-02 18:22:56,52.696998596191406,90.4489974975586,0.5910000205039978
2026-06-02 18:27:58,64.23500061035156,89.69300079345703,0.7139999866485596
2026-06-02 18:33:00,69.34600067138672,90.41799926757812,0.7770000100135803
2026-06-02 18:38:02,80.01599884033203,88.64299774169922,0.8799999952316284
2026-06-02 18:43:04,83.19100189208984,85.67900085449219,0.8840000033378601
2026-06-02 18:48:06,81.71199798583984,87.97699737548828,0.890999972820282
2026-06-02 18:53:08,54.689998626708984,85.37899780273438,0.5789999961853027
2026-06-02 18:58:10,50.992000579833984,82.79399871826172,0.5239999890327454
2026-06-02 19:03:12,66.375,85.63500213623047,0.7049999833106995
2026-06-02 19:08:15,75.72899627685547,84.13500213623047,0.7900000214576721
2026-06-02 19:13:17,67.59300231933594,84.83699798583984,0.7110000252723694
2026-06-02 19:18:19,73.82599639892578,87.95600128173828,0.8050000071525574
2026-06-02 19:23:21,72.0,85.3290023803711,0.7620000243186951
2026-06-02 19:28:23,68.64900207519531,84.7249984741211,0.7210000157356262
2026-06-02 19:33:25,67.34600067138672,86.02200317382812,0.7179999947547913
2026-06-02 19:38:27,58.58700180053711,87.53500366210938,0.6359999775886536
2026-06-02 19:43:29,43.207000732421875,85.79100036621094,0.46000000834465027
2026-06-02 19:48:32,43.01300048828125,83.68699645996094,0.44600000977516174
2026-06-02 19:53:34,38.29899978637695,88.4000015258789,0.41999998688697815
2026-06-02 19:58:36,18.993999481201172,89.0260009765625,0.20999999344348907
2026-06-02 20:03:38,8.223999977111816,114.99700164794922,0.11699999868869781
2026-06-02 20:08:40,10.390999794006348,111.72799682617188,0.14399999380111694
2026-06-02 20:13:42,7.497000217437744,126.27899932861328,0.11699999868869781
2026-06-02 20:18:44,2.3359999656677246,0.33000001311302185,0.0
2026-06-02 20:23:46,3.2750000953674316,0.28999999165534973,0.0
2026-06-02 20:28:49,6.488999843597412,40.80699920654297,0.032999999821186066
2026-06-02 20:33:51,5.84499979019165,29.020999908447266,0.020999999716877937
2026-06-02 20:38:53,16.663000106811523,85.9739990234375,0.17800000309944153
2026-06-02 20:43:55,23.382999420166016,84.83399963378906,0.2460000067949295
2026-06-02 20:48:57,25.073999404907227,79.0790023803711,0.2460000067949295
2026-06-02 20:53:59,22.92099952697754,68.55000305175781,0.19499999284744263
2026-06-02 20:59:01,18.736000061035156,72.75700378417969,0.16899999976158142
2026-06-02 21:04:04,7.7829999923706055,39.487998962402344,0.03799999877810478
2026-06-02 21:09:06,5.801000118255615,0.17299999296665192,0.0
2026-06-02 21:14:08,4.946000099182129,0.18000000715255737,0.0
2026-06-02 21:19:10,1.5750000476837158,0.2280000001192093,0.0
2026-06-03 05:44:00,1.5750000476837158,0.2280000001192093,0.0
2026-06-03 05:49:02,3.3459999561309814,0.25699999928474426,0.0
2026-06-03 05:54:04,6.105000019073486,0.20200000703334808,0.0
2026-06-03 05:59:06,7.697999954223633,30.1560001373291,0.028999999165534973
2026-06-03 06:04:09,9.489999771118164,67.28299713134766,0.07900000363588333
2026-06-03 06:09:11,7.433000087738037,58.36800003051758,0.05400000140070915
2026-06-03 06:14:13,13.972999572753906,74.4739990234375,0.1289999932050705
2026-06-03 06:19:15,25.048999786376953,72.84700012207031,0.22599999606609344
2026-06-03 06:24:17,29.329999923706055,67.65599822998047,0.2460000067949295
2026-06-03 06:29:19,24.650999069213867,78.98400115966797,0.2409999966621399
2026-06-03 06:34:21,20.027000427246094,83.6760025024414,0.20800000429153442
2026-06-03 06:39:24,17.357999801635742,88.10600280761719,0.1899999976158142
2026-06-03 06:44:26,14.656000137329102,85.54399871826172,0.1550000011920929
2026-06-03 06:49:28,11.972999572753906,90.05599975585938,0.1340000033378601
2026-06-03 06:54:30,9.569999694824219,67.7969970703125,0.07999999821186066
2026-06-03 06:59:32,11.864999771118164,91.48899841308594,0.13500000536441803
2026-06-03 07:04:34,15.951000213623047,82.60600280761719,0.16300000250339508
2026-06-03 07:09:36,21.25,89.23300170898438,0.23499999940395355
2026-06-03 07:14:38,30.60099983215332,74.2750015258789,0.28200000524520874
2026-06-03 07:19:41,26.350000381469727,83.76699829101562,0.27399998903274536
2026-06-03 07:24:43,27.19099998474121,84.7969970703125,0.28600001335144043
2026-06-03 07:29:45,36.847999572753906,79.49199676513672,0.3630000054836273
2026-06-03 07:34:47,47.52199935913086,71.91000366210938,0.42399999499320984
2026-06-03 07:39:49,48.20600128173828,76.8550033569336,0.45899999141693115
2026-06-03 07:44:51,48.64699935913086,82.33499908447266,0.4970000088214874
2026-06-03 07:49:53,49.81100082397461,77.12899780273438,0.47600001096725464
2026-06-03 07:54:55,40.196998596191406,86.54499816894531,0.4309999942779541
2026-06-03 07:59:58,74.26100158691406,80.76599884033203,0.7440000176429749
2026-06-03 08:05:00,78.8550033569336,83.81900024414062,0.8199999928474426
2026-06-03 08:10:02,68.75199890136719,85.58000183105469,0.7300000190734863
2026-06-03 08:15:04,81.38500213623047,83.10099792480469,0.8389999866485596
2026-06-03 08:20:06,87.11100006103516,87.77100372314453,0.9480000138282776
2026-06-03 08:25:08,92.07099914550781,82.82499694824219,0.9459999799728394
2026-06-03 08:30:10,106.91200256347656,78.12699890136719,1.0360000133514404
2026-06-03 08:35:12,125.4219970703125,75.10900115966797,1.1679999828338623
2026-06-03 08:40:15,110.76000213623047,77.24600219726562,1.0609999895095825
2026-06-03 08:45:17,67.06300354003906,83.64299774169922,0.6959999799728394
2026-06-03 08:50:19,57.08599853515625,81.40899658203125,0.5759999752044678
2026-06-03 08:55:21,71.47200012207031,81.76100158691406,0.7250000238418579
2026-06-03 09:00:23,45.51100158691406,83.52200317382812,0.47099998593330383
2026-06-03 09:05:25,47.362998962402344,80.08100128173828,0.4699999988079071
2026-06-03 09:10:27,58.893001556396484,81.06500244140625,0.5920000076293945
2026-06-03 09:15:29,67.1760025024414,80.61699676513672,0.671999990940094
2026-06-03 09:20:32,50.10499954223633,79.5999984741211,0.4950000047683716
2026-06-03 09:25:34,58.28300094604492,79.31500244140625,0.5730000138282776
2026-06-03 09:30:36,46.54600143432617,80.06700134277344,0.4620000123977661
2026-06-03 09:35:38,43.387001037597656,83.48300170898438,0.4490000009536743
2026-06-03 09:40:40,49.12900161743164,83.15499877929688,0.5070000290870667
2026-06-03 09:45:42,49.46699905395508,80.11699676513672,0.4909999966621399
2026-06-03 09:50:44,58.479000091552734,81.93199920654297,0.593999981880188
2026-06-03 09:55:46,56.54199981689453,82.05799865722656,0.574999988079071
2026-06-03 10:00:48,52.82099914550781,80.74700164794922,0.5289999842643738
2026-06-03 10:05:51,50.67399978637695,74.947998046875,0.47099998593330383
2026-06-03 10:10:53,61.27299880981445,82.34400177001953,0.6259999871253967
2026-06-03 10:15:55,51.834999084472656,75.94200134277344,0.4880000054836273
2026-06-03 10:20:57,59.4900016784668,82.81099700927734,0.6110000014305115
2026-06-03 10:25:59,66.14600372314453,81.11699676513672,0.6650000214576721
2026-06-03 10:31:01,61.915000915527344,78.35299682617188,0.6019999980926514
2026-06-03 10:36:03,139.24600219726562,84.39099884033203,1.4570000171661377
2026-06-03 10:41:06,101.00299835205078,80.32099914550781,1.00600004196167
2026-06-03 10:46:08,137.66200256347656,80.46700286865234,1.3739999532699585
2026-06-03 10:51:10,132.98699951171875,81.68000030517578,1.347000002861023
2026-06-03 10:56:12,190.093994140625,80.24800109863281,1.8919999599456787
2026-06-03 11:01:14,174.05499267578125,79.63400268554688,1.718999981880188
2026-06-03 11:06:16,174.45700073242188,77.69999694824219,1.680999994277954
2026-06-03 11:11:18,143.72799682617188,85.35299682617188,1.5210000276565552
2026-06-03 11:16:21,135.16299438476562,84.08999633789062,1.409000039100647
2026-06-03 11:21:23,100.9530029296875,85.08200073242188,1.065000057220459
2026-06-03 11:26:25,85.85600280761719,87.38500213623047,0.9300000071525574
2026-06-03 11:31:27,79.11499786376953,82.43499755859375,0.8090000152587891
2026-06-03 11:36:29,105.27799987792969,83.85900115966797,1.0950000286102295
2026-06-03 11:41:31,127.01899719238281,83.90699768066406,1.3220000267028809
2026-06-03 11:46:33,234.05299377441406,85.71499633789062,2.48799991607666
2026-06-03 11:51:35,333.1090087890625,92.96900177001953,3.8399999141693115
2026-06-03 11:56:38,218.24200439453125,82.62699890136719,2.2360000610351562
2026-06-03 12:01:40,207.2530059814453,83.48799896240234,2.1459999084472656
2026-06-03 12:06:42,445.2139892578125,84.05599975585938,4.639999866485596
2026-06-03 12:11:44,434.2669982910156,82.22100067138672,4.427999973297119
2026-06-03 12:16:46,238.093994140625,85.05899810791016,2.510999917984009
2026-06-03 12:21:48,212.48699951171875,82.177001953125,2.1649999618530273
2026-06-03 12:26:50,1237.2779541015625,80.11199951171875,12.291000366210938
2026-06-03 12:31:52,239.4949951171875,82.4520034790039,2.4489998817443848
2026-06-03 12:36:55,272.2170104980469,78.64099884033203,2.6549999713897705
2026-06-03 12:41:57,222.3260040283203,84.74500274658203,2.3359999656677246
2026-06-03 12:46:59,270.58099365234375,84.08300018310547,2.821000099182129
2026-06-03 12:52:01,423.4289855957031,84.322998046875,4.427000045776367
2026-06-03 12:57:03,379.2959899902344,81.20600128173828,3.819000005722046
2026-06-03 13:02:05,1213.2559814453125,79.61599731445312,11.977999687194824
2026-06-03 13:07:07,1164.56005859375,79.80899810791016,11.524999618530273
2026-06-03 13:12:09,1216.718017578125,79.125,11.937999725341797
2026-06-03 13:17:12,337.5539855957031,79.66699981689453,3.3350000381469727
2026-06-03 13:22:14,559.6849975585938,79.51399993896484,5.51800012588501
2026-06-03 13:44:46,1121.4329833984375,4.441999912261963,0.6179999709129333
2026-06-03 13:49:49,392.57501220703125,72.80899810791016,3.5439999103546143
2026-06-03 13:54:51,552.9190063476562,188.1060028076172,12.897000312805176
2026-06-03 13:59:53,245.08799743652344,81.59400177001953,2.4800000190734863
2026-06-03 14:04:55,1188.6309814453125,80.49400329589844,11.86400032043457
2026-06-03 14:09:57,238.9739990234375,84.91000366210938,2.5160000324249268
2026-06-03 14:14:59,769.8720092773438,84.375,8.055000305175781
2026-06-03 14:20:01,238.13900756835938,81.56099700927734,2.4079999923706055
2026-06-03 14:25:03,1213.6180419921875,81.48100280761719,12.26200008392334
2026-06-03 14:30:06,231.71200561523438,82.72599792480469,2.377000093460083
2026-06-03 14:35:08,1213.428955078125,82.81099700927734,12.460000038146973
2026-06-03 14:40:10,228.3699951171875,82.08999633789062,2.325000047683716
2026-06-03 14:45:12,260.3609924316406,90.37000274658203,2.9179999828338623
2026-06-03 14:50:14,254.2270050048828,83.6510009765625,2.63700008392334
2026-06-03 14:55:16,274.3630065917969,77.69300079345703,2.6429998874664307
2026-06-03 15:00:18,962.5050048828125,95.30799865722656,11.375
2026-06-03 15:05:20,1024.9300537109375,78.81500244140625,10.017000198364258
2026-06-03 15:10:22,367.3940124511719,240.89100646972656,10.973999977111816
2026-06-03 15:15:25,972.4429931640625,79.02999877929688,9.529999732971191
2026-06-03 15:20:27,972.2100219726562,79.9209976196289,9.635000228881836
2026-06-03 15:25:29,860.0869750976562,78.70700073242188,8.394000053405762
2026-06-03 15:30:31,238.26300048828125,82.63700103759766,2.440999984741211
2026-06-03 15:35:33,193.63400268554688,83.98500061035156,2.0169999599456787
2026-06-03 15:40:35,210.71099853515625,85.02799987792969,2.2219998836517334
2026-06-03 15:45:37,246.81300354003906,81.29100036621094,2.48799991607666
2026-06-03 15:50:39,773.0650024414062,80.0,7.669000148773193
2026-06-03 15:55:42,290.2030029296875,83.70700073242188,3.01200008392334
2026-06-03 16:00:44,672.6959838867188,83.9729995727539,7.005000114440918
2026-06-03 16:05:46,272.635009765625,75.28399658203125,2.5450000762939453
2026-06-03 16:10:48,206.09800720214844,83.0739974975586,2.122999906539917
2026-06-03 16:15:50,212.97799682617188,86.72899627685547,2.2899999618530273
2026-06-03 16:20:52,209.31700134277344,83.80999755859375,2.174999952316284
2026-06-03 16:25:54,198.59300231933594,81.90499877929688,2.0169999599456787
2026-06-03 16:30:56,244.70599365234375,74.89299774169922,2.2730000019073486
2026-06-03 16:35:59,221.67300415039062,81.47200012207031,2.239000082015991
2026-06-03 16:41:01,210.04299926757812,82.20999908447266,2.1410000324249268
2026-06-03 16:46:03,201.00799560546875,80.53700256347656,2.006999969482422
2026-06-03 16:51:05,318.7590026855469,76.927001953125,3.0409998893737793
2026-06-03 16:56:07,167.35699462890625,79.92500305175781,1.659000039100647
2026-06-03 17:01:09,203.67100524902344,83.63200378417969,2.111999988555908
2026-06-03 17:06:11,170.8300018310547,79.26399993896484,1.6790000200271606
2026-06-03 17:11:13,177.6020050048828,80.43199920654297,1.7710000276565552
2026-06-03 17:16:16,157.6230010986328,78.80999755859375,1.5399999618530273
2026-06-03 17:21:18,267.9679870605469,77.93000030517578,2.5889999866485596
2026-06-03 17:26:20,195.37399291992188,81.41400146484375,1.972000002861023
2026-06-03 17:31:22,196.17599487304688,72.22200012207031,1.7569999694824219
2026-06-03 17:36:24,272.12799072265625,53.696998596191406,1.812000036239624
2026-06-03 17:41:26,243.23699951171875,59.159000396728516,1.784000039100647
2026-06-03 17:46:28,121.88300323486328,79.8479995727539,1.2070000171661377
2026-06-03 17:51:30,433.3529968261719,61.33599853515625,3.2960000038146973
2026-06-03 17:56:33,133.00100708007812,172.41700744628906,2.8440001010894775
2026-06-03 18:01:35,95.18599700927734,255.3679962158203,3.0139999389648438
2026-06-03 18:06:37,86.6259994506836,243.50100708007812,2.615999937057495
2026-06-03 18:11:39,78.36100006103516,275.6889953613281,2.678999900817871
2026-06-03 18:16:41,71.55899810791016,244.447998046875,2.1689999103546143
2026-06-03 18:21:43,70.75900268554688,198.9250030517578,1.7450000047683716
2026-06-03 18:26:45,73.0989990234375,82.5009994506836,0.7480000257492065
2026-06-03 18:31:47,64.95099639892578,85.3489990234375,0.6869999766349792
2026-06-03 18:36:50,54.99700164794922,83.51200103759766,0.5699999928474426
2026-06-03 18:41:52,49.606998443603516,85.48899841308594,0.5260000228881836
2026-06-03 18:46:54,47.62300109863281,86.56199645996094,0.5109999775886536
2026-06-03 18:51:56,47.23400115966797,85.30400085449219,0.5
2026-06-03 18:56:58,45.84000015258789,83.59300231933594,0.4749999940395355
2026-06-03 19:02:00,44.86600112915039,85.29100036621094,0.4749999940395355
2026-06-03 19:07:02,44.18299865722656,86.5270004272461,0.4740000069141388
2026-06-03 19:12:04,43.54100036621094,85.33399963378906,0.460999995470047
2026-06-03 19:17:07,42.952999114990234,82.37899780273438,0.4390000104904175
2026-06-03 19:22:09,43.222999572753906,81.65299987792969,0.43799999356269836
2026-06-03 19:27:11,42.68600082397461,84.65599822998047,0.4480000138282776
2026-06-03 19:32:13,44.61399841308594,83.81400299072266,0.46399998664855957
2026-06-03 19:37:15,49.63199996948242,83.50599670410156,0.5139999985694885
2026-06-03 19:42:17,58.33100128173828,83.53500366210938,0.6039999723434448
2026-06-03 19:47:19,60.505001068115234,81.69300079345703,0.6129999756813049
2026-06-03 19:52:21,59.95199966430664,84.1520004272461,0.6259999871253967
2026-06-03 19:57:24,58.51900100708008,78.06099700927734,0.5659999847412109
2026-06-03 20:02:26,57.39699935913086,77.46600341796875,0.5509999990463257
2026-06-03 20:07:28,54.145999908447266,81.62000274658203,0.5479999780654907
2026-06-03 20:12:30,49.6870002746582,81.79499816894531,0.5040000081062317
2026-06-03 20:17:32,42.53300094604492,84.6050033569336,0.44600000977516174
2026-06-03 20:22:34,36.82099914550781,86.572998046875,0.39500001072883606
2026-06-03 20:27:36,31.111000061035156,89.10600280761719,0.3440000116825104
2026-06-03 20:32:39,26.391000747680664,88.75599670410156,0.28999999165534973
2026-06-03 20:37:41,22.197999954223633,91.83499908447266,0.2529999911785126
2026-06-03 20:42:43,18.22599983215332,98.41200256347656,0.22200000286102295
2026-06-03 20:47:45,14.72599983215332,94.73500061035156,0.17299999296665192
2026-06-03 20:52:47,12.07800006866455,113.00700378417969,0.16899999976158142
2026-06-03 20:57:49,9.668999671936035,103.0739974975586,0.12399999797344208
2026-06-03 21:02:51,6.285999774932861,119.76000213623047,0.09300000220537186
2026-06-03 21:07:53,4.205999851226807,37.630001068115234,0.019999999552965164
2026-06-03 21:12:56,2.953000068664551,0.28299999237060547,0.0
2026-06-03 21:17:58,1.3730000257492065,0.1809999942779541,0.0
2026-06-04 05:42:54,1.3730000257492065,0.1809999942779541,0.0
2026-06-04 05:47:56,5.822999954223633,0.17399999499320984,0.0
2026-06-04 05:52:58,7.098999977111816,0.1850000023841858,0.0
2026-06-04 05:58:00,9.142999649047852,29.69700050354004,0.03400000184774399
2026-06-04 06:03:02,11.687000274658203,57.96900177001953,0.08399999886751175
2026-06-04 06:08:04,11.769000053405762,59.21099853515625,0.0860000029206276
2026-06-04 06:13:06,18.381999969482422,76.13899993896484,0.17399999499320984
2026-06-04 06:18:08,19.75200080871582,71.6760025024414,0.17599999904632568
2026-06-04 06:23:11,23.048999786376953,69.2229995727539,0.1979999989271164
2026-06-04 06:28:13,28.090999603271484,72.10800170898438,0.25099998712539673
2026-06-04 06:33:15,28.856000900268555,67.8280029296875,0.24300000071525574
2026-06-04 06:38:17,28.680999755859375,68.35099792480469,0.24300000071525574
2026-06-04 06:43:19,28.985000610351562,70.5719985961914,0.2540000081062317
2026-06-04 06:48:21,32.92100143432617,63.020999908447266,0.25699999928474426
2026-06-04 06:53:23,39.54499816894531,75.84100341796875,0.3720000088214874
2026-06-04 06:58:25,41.40999984741211,70.87200164794922,0.36399999260902405
2026-06-04 07:03:27,46.1510009765625,74.62000274658203,0.4269999861717224
2026-06-04 07:08:30,38.37699890136719,70.92900085449219,0.33799999952316284
2026-06-04 07:13:32,52.612998962402344,75.87100219726562,0.4950000047683716
2026-06-04 07:18:34,78.06900024414062,75.06800079345703,0.7269999980926514
2026-06-04 07:23:36,78.76799774169922,75.76899719238281,0.7400000095367432
2026-06-04 07:28:38,49.67100143432617,76.54499816894531,0.47099998593330383
2026-06-04 07:33:40,74.10399627685547,79.72699737548828,0.7329999804496765
2026-06-04 07:38:42,57.941001892089844,78.81900024414062,0.5659999847412109
2026-06-04 07:43:44,53.52000045776367,79.50299835205078,0.527999997138977
2026-06-04 07:48:47,53.88999938964844,77.45800018310547,0.5180000066757202
2026-06-04 07:53:49,60.266998291015625,81.45500183105469,0.609000027179718
2026-06-04 07:58:51,52.516998291015625,83.22899627685547,0.5419999957084656
2026-06-04 08:03:53,78.38899993896484,77.4229965209961,0.753000020980835
2026-06-04 08:08:55,76.6449966430664,86.09500122070312,0.8180000185966492
2026-06-04 08:13:57,62.67399978637695,83.4219970703125,0.6480000019073486
2026-06-04 08:18:59,63.25699996948242,81.01200103759766,0.6349999904632568
2026-06-04 08:24:02,69.18599700927734,81.53900146484375,0.699999988079071
2026-06-04 08:29:04,62.4370002746582,81.74400329589844,0.6330000162124634
2026-06-04 08:34:06,78.7969970703125,82.23200225830078,0.8029999732971191
2026-06-04 08:39:08,112.24700164794922,79.98999786376953,1.1130000352859497
2026-06-04 08:44:10,146.8730010986328,78.9540023803711,1.437999963760376
2026-06-04 08:49:12,213.58200073242188,75.63600158691406,2.003000020980835
2026-06-04 08:54:14,146.67999267578125,80.91000366210938,1.472000002861023
2026-06-04 08:59:16,150.8090057373047,75.14900207519531,1.4049999713897705
2026-06-04 09:04:18,161.75799560546875,78.97899627685547,1.5839999914169312
2026-06-04 09:09:21,156.98500061035156,78.85199737548828,1.534999966621399
2026-06-04 09:14:23,159.1750030517578,79.92400360107422,1.5779999494552612
2026-06-04 09:19:25,182.8249969482422,78.75199890136719,1.784999966621399
2026-06-04 09:24:27,217.09300231933594,76.14399719238281,2.049999952316284
2026-06-04 09:29:29,202.27200317382812,76.85299682617188,1.9279999732971191
2026-06-04 09:34:31,148.6490020751953,78.66000366210938,1.4500000476837158
2026-06-04 09:39:33,193.1820068359375,78.2979965209961,1.8760000467300415
2026-06-04 09:44:35,381.7919921875,72.08899688720703,3.4130001068115234
2026-06-04 09:49:37,315.5090026855469,76.03600311279297,2.9749999046325684
2026-06-04 09:54:39,200.968994140625,78.88400268554688,1.965999960899353
2026-06-04 09:59:42,228.72000122070312,79.427001953125,2.253000020980835
2026-06-04 10:04:44,302.65399169921875,82.99800109863281,3.115000009536743
2026-06-04 10:09:46,253.60000610351562,74.98799896240234,2.3580000400543213
2026-06-04 10:14:48,212.8979949951172,79.03900146484375,2.0869998931884766
2026-06-04 10:19:50,359.4649963378906,85.53199768066406,3.812000036239624
2026-06-04 10:24:52,301.67999267578125,77.59300231933594,2.9030001163482666
2026-06-04 10:29:54,308.4110107421875,80.03900146484375,3.061000108718872
2026-06-04 10:34:56,272.5870056152344,81.00299835205078,2.73799991607666
2026-06-04 10:39:58,239.64300537109375,82.64399719238281,2.4560000896453857
2026-06-04 10:45:01,179.43800354003906,82.60099792480469,1.8380000591278076
2026-06-04 10:50:03,124.35199737548828,83.58799743652344,1.2890000343322754
2026-06-04 10:55:05,81.09500122070312,84.9540023803711,0.8539999723434448
2026-06-04 11:00:07,84.41600036621094,87.4729995727539,0.9160000085830688
2026-06-04 11:05:09,123.83999633789062,84.88899993896484,1.3040000200271606
2026-06-04 11:10:11,187.89300537109375,83.12100219726562,1.937000036239624
2026-06-04 11:15:13,389.4649963378906,80.96800231933594,3.9100000858306885
2026-06-04 11:20:15,563.5130004882812,79.3010025024414,5.540999889373779
2026-06-04 11:25:17,263.7330017089844,79.96600341796875,2.615000009536743
2026-06-04 11:30:19,459.906005859375,109.0790023803711,6.2210001945495605
2026-06-04 11:35:22,340.0249938964844,86.84200286865234,3.6619999408721924
2026-06-04 11:40:24,279.0899963378906,83.26799774169922,2.881999969482422
2026-06-04 11:45:26,157.49899291992188,83.7699966430664,1.6360000371932983
2026-06-04 11:50:28,175.27099609375,86.8239974975586,1.8869999647140503
2026-06-04 11:55:30,123.9540023803711,86.38200378417969,1.3279999494552612
2026-06-04 12:00:32,88.73799896240234,88.16799926757812,0.9700000286102295
2026-06-04 12:05:34,59.33700180053711,89.2959976196289,0.6570000052452087
2026-06-04 12:10:37,60.10499954223633,90.17400360107422,0.671999990940094
2026-06-04 12:15:39,73.45800018310547,92.23999786376953,0.8399999737739563
2026-06-04 12:20:41,62.196998596191406,90.60800170898438,0.6990000009536743
2026-06-04 12:25:43,75.43299865722656,90.2300033569336,0.843999981880188
2026-06-04 12:30:45,81.78700256347656,87.89099884033203,0.890999972820282
2026-06-04 12:35:47,114.64900207519531,84.4209976196289,1.2000000476837158
2026-06-04 12:40:49,133.1060028076172,89.68000030517578,1.4800000190734863
2026-06-04 12:45:51,109.41300201416016,86.90899658203125,1.1790000200271606
2026-06-04 12:50:54,109.552001953125,89.9990005493164,1.2230000495910645
2026-06-04 12:55:56,144.7729949951172,88.5270004272461,1.5889999866485596
2026-06-04 13:00:58,188.81300354003906,86.2249984741211,2.0190000534057617
2026-06-04 13:06:00,125.21099853515625,87.20500183105469,1.3539999723434448
2026-06-04 13:11:02,136.9669952392578,88.74299621582031,1.5069999694824219
2026-06-04 13:16:04,161.177001953125,88.88600158691406,1.7760000228881836
2026-06-04 13:21:06,119.697998046875,89.71499633789062,1.3320000171661377
2026-06-04 13:26:08,135.04800415039062,90.34500122070312,1.5130000114440918
2026-06-04 13:48:42,38.058998107910156,1.0809999704360962,0.004999999888241291
2026-06-04 13:53:44,77.95999908447266,93.43599700927734,0.902999997138977
2026-06-04 13:58:46,93.1520004272461,94.31500244140625,1.0889999866485596
2026-06-04 14:03:48,96.05899810791016,94.83100128173828,1.1299999952316284
2026-06-04 14:08:50,99.56099700927734,92.31199645996094,1.1399999856948853
2026-06-04 14:13:53,108.36799621582031,93.57099914550781,1.2569999694824219
2026-06-04 14:18:55,116.99400329589844,91.80000305175781,1.3320000171661377
2026-06-04 14:23:57,120.13500213623047,90.83300018310547,1.3530000448226929
2026-06-04 14:28:59,117.52899932861328,91.67400360107422,1.3359999656677246
2026-06-04 14:34:01,105.02899932861328,91.96299743652344,1.1979999542236328
2026-06-04 14:39:03,103.44000244140625,93.08000183105469,1.194000005722046
2026-06-04 14:44:05,102.89600372314453,92.81999969482422,1.184000015258789
2026-06-04 14:49:07,104.43699645996094,93.5979995727539,1.2120000123977661
2026-06-04 14:54:09,104.45500183105469,95.02100372314453,1.2309999465942383
2026-06-04 14:59:12,86.59200286865234,94.61000061035156,1.0160000324249268
2026-06-04 15:04:14,75.6050033569336,94.13600158691406,0.8830000162124634
2026-06-04 15:09:16,61.757999420166016,96.26100158691406,0.7369999885559082
2026-06-04 15:14:18,60.196998596191406,95.61799621582031,0.7139999866485596
2026-06-04 15:19:20,54.875,99.81999969482422,0.6790000200271606
2026-06-04 15:24:22,49.84000015258789,99.11900329589844,0.6129999756813049
2026-06-04 15:29:24,51.176998138427734,100.06999969482422,0.6349999904632568
2026-06-04 15:34:26,50.75699996948242,97.1989974975586,0.6119999885559082
2026-06-04 15:39:28,55.79899978637695,95.71399688720703,0.6620000004768372
2026-06-04 15:44:30,50.55500030517578,93.96700286865234,0.5889999866485596
2026-06-04 15:49:33,49.84700012207031,93.71900177001953,0.5789999961853027
2026-06-04 15:54:35,50.180999755859375,94.93199920654297,0.5910000205039978
2026-06-04 15:59:37,50.744998931884766,92.55500030517578,0.5820000171661377
2026-06-04 16:04:39,66.35099792480469,92.83100128173828,0.7639999985694885
2026-06-04 16:09:41,62.22600173950195,92.09700012207031,0.7110000252723694
2026-06-04 16:14:43,63.24599838256836,94.56500244140625,0.7419999837875366
2026-06-04 16:19:45,73.51699829101562,93.68699645996094,0.8539999723434448
2026-06-04 16:24:47,77.3280029296875,90.45099639892578,0.8669999837875366
2026-06-04 16:29:49,64.16000366210938,88.81400299072266,0.7070000171661377
2026-06-04 16:34:52,69.6500015258789,91.11399841308594,0.7870000004768372
2026-06-04 16:39:54,60.04600143432617,89.25700378417969,0.6650000214576721
2026-06-04 16:44:56,62.249000549316406,93.08499908447266,0.718999981880188
2026-06-04 16:49:58,55.49700164794922,94.80899810791016,0.6520000100135803
2026-06-04 16:55:00,55.61800003051758,93.47899627685547,0.6449999809265137
2026-06-04 17:00:02,55.55699920654297,94.33599853515625,0.6499999761581421
2026-06-04 17:05:04,54.61899948120117,93.70899963378906,0.6349999904632568
2026-06-04 17:10:06,56.42499923706055,92.28700256347656,0.6460000276565552
2026-06-04 17:15:08,61.04899978637695,94.40899658203125,0.7149999737739563
2026-06-04 17:20:10,57.4900016784668,91.73600006103516,0.6539999842643738
2026-06-04 17:25:13,51.98400115966797,87.74800109863281,0.5659999847412109
2026-06-04 17:30:15,46.505001068115234,83.85900115966797,0.48399999737739563
2026-06-04 17:35:17,55.790000915527344,91.93299865722656,0.6359999775886536
2026-06-04 17:40:19,52.58100128173828,86.71600341796875,0.5649999976158142
2026-06-04 17:45:21,49.02399826049805,92.04100036621094,0.5600000023841858
2026-06-04 17:50:23,44.4370002746582,83.94300079345703,0.46299999952316284
2026-06-04 17:55:25,44.06399917602539,90.5479965209961,0.4950000047683716
2026-06-04 18:00:27,35.483001708984375,94.10299682617188,0.414000004529953
2026-06-04 18:05:29,23.760000228881836,92.61699676513672,0.27300000190734863
2026-06-04 18:10:31,26.548999786376953,90.47599792480469,0.2980000078678131
2026-06-04 18:15:34,30.31100082397461,88.36900329589844,0.3319999873638153
2026-06-04 18:20:36,16.795000076293945,88.69000244140625,0.1850000023841858
2026-06-04 18:25:38,15.586000442504883,93.7020034790039,0.1809999942779541
2026-06-04 18:30:40,16.673999786376953,89.5989990234375,0.1850000023841858
2026-06-04 18:35:42,16.490999221801758,92.65899658203125,0.1889999955892563
2026-06-04 18:40:44,14.11400032043457,80.62699890136719,0.14100000262260437
2026-06-04 18:45:46,20.06999969482422,102.04299926757812,0.2540000081062317
2026-06-04 18:50:48,18.55500030517578,99.05599975585938,0.2280000001192093
2026-06-04 18:55:50,19.743999481201172,87.19400024414062,0.21299999952316284
2026-06-04 19:00:52,14.809000015258789,93.61000061035156,0.1720000058412552
2026-06-04 19:05:54,16.743000030517578,95.33799743652344,0.1979999989271164
2026-06-04 19:10:56,20.893999099731445,96.97200012207031,0.25099998712539673
2026-06-04 19:15:59,19.309999465942383,90.8550033569336,0.21799999475479126
2026-06-04 19:21:01,19.6299991607666,82.86000061035156,0.20200000703334808
2026-06-04 19:26:03,22.224000930786133,94.87899780273438,0.26100000739097595
2026-06-04 19:31:05,22.687999725341797,88.99400329589844,0.25
2026-06-04 19:36:07,18.54199981689453,86.74600219726562,0.19900000095367432
2026-06-04 19:41:09,17.878999710083008,89.81199645996094,0.19900000095367432
2026-06-04 19:46:11,18.718000411987305,97.71099853515625,0.22699999809265137
2026-06-04 19:51:13,14.597999572753906,85.25299835205078,0.15399999916553497
2026-06-04 19:56:16,13.95199966430664,91.88099670410156,0.1589999943971634
2026-06-04 20:01:18,10.317999839782715,90.46199798583984,0.11599999666213989
2026-06-04 20:06:20,9.215999603271484,89.51799774169922,0.10199999809265137
2026-06-04 20:11:22,11.00100040435791,92.50399780273438,0.12600000202655792
2026-06-04 20:16:24,11.506999969482422,90.49199676513672,0.1289999932050705
2026-06-04 20:21:26,8.96500015258789,95.3550033569336,0.10599999874830246
2026-06-04 20:26:28,9.746000289916992,95.91100311279297,0.11599999666213989
2026-06-04 20:31:30,6.795000076293945,90.9229965209961,0.07699999958276749
2026-06-04 20:36:33,3.5789999961853027,0.18000000715255737,0.0
2026-06-04 20:41:35,4.459000110626221,0.22200000286102295,0.0
2026-06-04 20:46:37,4.741000175476074,0.16699999570846558,0.0
2026-06-04 20:51:39,2.6630001068115234,0.22100000083446503,0.0
2026-06-04 20:56:41,2.7820000648498535,0.18000000715255737,0.0
2026-06-04 21:01:43,2.1489999294281006,0.22599999606609344,0.0
2026-06-04 21:06:45,1.1820000410079956,0.17399999499320984,0.0
2026-06-04 21:11:47,0.6830000281333923,0.08100000023841858,0.0
2026-06-04 21:16:49,0.3269999921321869,0.40400001406669617,0.0
2026-06-04 21:21:51,0.28600001335144043,0.17499999701976776,0.0
2026-06-05 05:42:44,0.28600001335144043,0.17499999701976776,0.0
2026-06-05 05:47:46,1.319000005722046,0.21699999272823334,0.0
2026-06-05 05:52:49,1.7389999628067017,0.14399999380111694,0.0
2026-06-05 05:57:51,3.007999897003174,0.17000000178813934,0.0
2026-06-05 06:02:53,3.3510000705718994,0.12099999934434891,0.0
2026-06-05 06:07:55,4.548999786376953,0.17299999296665192,0.0
2026-06-05 06:12:57,6.110000133514404,0.20600000023841858,0.0
2026-06-05 06:17:59,10.208000183105469,76.3550033569336,0.09700000286102295
2026-06-05 06:23:01,13.470999717712402,66.30699920654297,0.11100000143051147
2026-06-05 06:28:03,14.800000190734863,71.41000366210938,0.13099999725818634
2026-06-05 06:33:05,15.130999565124512,63.340999603271484,0.11900000274181366
2026-06-05 06:38:08,14.282999992370605,70.822998046875,0.125
2026-06-05 06:43:10,15.218000411987305,73.44400024414062,0.13899999856948853
2026-06-05 06:48:12,15.79699993133545,77.14399719238281,0.1509999930858612
2026-06-05 06:53:14,19.268999099731445,75.9280014038086,0.1809999942779541
2026-06-05 06:58:16,23.966999053955078,72.0510025024414,0.21400000154972076
2026-06-05 07:03:18,32.46200180053711,73.79000091552734,0.296999990940094
2026-06-05 07:08:20,31.968000411987305,74.89800262451172,0.296999990940094
2026-06-05 07:13:22,41.40599822998047,72.51699829101562,0.3720000088214874
2026-06-05 07:18:24,48.39500045776367,73.2249984741211,0.4390000104904175
2026-06-05 07:23:27,41.27799987792969,73.29199981689453,0.375
2026-06-05 07:28:29,31.823999404907227,73.87200164794922,0.2919999957084656
2026-06-05 07:33:31,31.615999221801758,76.92400360107422,0.3019999861717224
2026-06-05 07:38:33,35.446998596191406,78.52400207519531,0.3449999988079071
2026-06-05 07:43:35,30.43899917602539,78.53299713134766,0.29600000381469727
2026-06-05 07:48:37,30.229000091552734,83.09600067138672,0.3109999895095825
2026-06-05 07:53:39,37.74700164794922,83.6989974975586,0.3919999897480011
2026-06-05 07:58:41,42.784000396728516,81.75499725341797,0.4339999854564667
2026-06-05 08:03:43,36.5989990234375,78.61499786376953,0.3569999933242798
2026-06-05 08:08:45,42.707000732421875,76.68800354003906,0.4059999883174896
2026-06-05 08:13:48,86.802001953125,77.72799682617188,0.8370000123977661
2026-06-05 08:18:50,118.1709976196289,74.34100341796875,1.0889999866485596
2026-06-05 08:23:52,128.7449951171875,74.26200103759766,1.1859999895095825
2026-06-05 08:28:54,128.0050048828125,72.87699890136719,1.156999945640564
2026-06-05 08:33:56,226.03900146484375,73.16400146484375,2.0510001182556152
2026-06-05 08:38:58,143.17300415039062,69.9530029296875,1.2419999837875366
2026-06-05 08:44:00,134.3730010986328,74.2969970703125,1.2380000352859497
2026-06-05 08:49:02,122.56900024414062,73.72000122070312,1.1200000047683716
2026-06-05 08:54:04,204.12600708007812,72.40299987792969,1.8329999446868896
2026-06-05 08:59:07,247.4669952392578,73.45600128173828,2.253999948501587
2026-06-05 09:04:09,350.8890075683594,70.29900360107422,3.059000015258789
2026-06-05 09:09:11,666.2329711914062,64.10399627685547,5.296000003814697
2026-06-05 09:14:13,437.3139953613281,56.779998779296875,3.0789999961853027
2026-06-05 09:19:15,212.5709991455078,72.89099884033203,1.9210000038146973
2026-06-05 09:24:17,162.76600646972656,75.42400360107422,1.5219999551773071
2026-06-05 09:29:19,181.44500732421875,71.18299865722656,1.6019999980926514
2026-06-05 09:34:21,266.48699951171875,72.41799926757812,2.3929998874664307
2026-06-05 09:39:23,259.9949951171875,76.00800323486328,2.450000047683716
2026-06-05 09:44:25,223.26400756835938,80.38899993896484,2.2260000705718994
2026-06-05 09:49:27,192.5970001220703,75.29199981689453,1.7979999780654907
2026-06-05 09:54:30,218.7790069580078,77.85600280761719,2.111999988555908
2026-06-05 09:59:32,256.41400146484375,76.60099792480469,2.436000108718872
2026-06-05 10:04:34,324.24798583984375,75.54000091552734,3.0369999408721924
2026-06-05 10:09:36,387.79400634765625,73.80500030517578,3.5490000247955322
2026-06-05 10:14:38,331.697998046875,75.40799713134766,3.1019999980926514
2026-06-05 10:19:40,363.0790100097656,73.33999633789062,3.302000045776367
2026-06-05 10:24:42,288.08099365234375,74.94400024414062,2.677000045776367
2026-06-05 10:29:44,259.7510070800781,76.74800109863281,2.4719998836517334
2026-06-05 10:34:46,287.0899963378906,77.39399719238281,2.755000114440918
2026-06-05 10:39:49,423.8330078125,72.63500213623047,3.816999912261963
2026-06-05 10:44:51,933.0650024414062,48.88999938964844,5.6570000648498535
2026-06-05 10:49:53,636.010986328125,51.79499816894531,4.085000038146973
2026-06-05 10:54:55,1071.6390380859375,59.1349983215332,7.857999801635742
2026-06-05 10:59:57,573.1630249023438,97.48400115966797,6.927999973297119
2026-06-05 11:04:59,394.8940124511719,75.99600219726562,3.7209999561309814
2026-06-05 11:10:01,367.81500244140625,76.9010009765625,3.506999969482422
2026-06-05 11:15:03,290.0069885253906,77.79299926757812,2.7980000972747803
2026-06-05 11:20:05,342.9739990234375,77.65299987792969,3.302999973297119
2026-06-05 11:25:07,302.29901123046875,78.02100372314453,2.924999952316284
2026-06-05 11:30:10,428.60101318359375,77.55999755859375,4.122000217437744
2026-06-05 11:35:12,628.47802734375,76.10099792480469,5.931000232696533
2026-06-05 11:40:14,467.74200439453125,75.6050033569336,4.385000228881836
2026-06-05 11:45:16,652.6790161132812,75.01399993896484,6.071000099182129
2026-06-05 11:50:18,702.718017578125,80.45800018310547,7.011000156402588
2026-06-05 11:55:20,1158.635009765625,71.27200317382812,10.239999771118164
2026-06-05 12:00:22,965.2069702148438,76.23100280761719,9.12399959564209
2026-06-05 12:05:24,879.8829956054688,75.13400268554688,8.196999549865723
2026-06-05 12:10:26,1043.4649658203125,71.1259994506836,9.20300006866455
2026-06-05 12:15:29,1015.5570068359375,73.65299987792969,9.274999618530273
2026-06-05 12:20:31,1030.2540283203125,74.197998046875,9.479000091552734
2026-06-05 12:25:33,1088.9239501953125,74.63700103759766,10.07800006866455
2026-06-05 12:30:35,1014.8809814453125,75.48600006103516,9.5
2026-06-05 12:35:37,1168.8179931640625,74.5459976196289,10.803999900817871
2026-06-05 12:40:39,1159.259033203125,69.6449966430664,10.01099967956543
2026-06-05 12:45:41,1170.7889404296875,76.44100189208984,11.097999572753906
2026-06-05 12:50:43,930.3569946289062,87.9469985961914,10.145999908447266
2026-06-05 12:55:45,627.864990234375,81.58399963378906,6.3520002365112305
2026-06-05 13:00:48,954.1170043945312,109.14299774169922,12.913000106811523
2026-06-05 13:05:50,583.5360107421875,60.29499816894531,4.36299991607666
2026-06-05 13:10:52,598.5709838867188,167.42300415039062,12.427000045776367
2026-06-05 13:15:54,1155.5660400390625,76.54499816894531,10.968000411987305
2026-06-05 13:20:56,1138.41796875,80.3740005493164,11.345999717712402
2026-06-05 13:25:58,1159.0860595703125,79.46900177001953,11.42199993133545
2026-06-05 13:49:34,394.4639892578125,83.2760009765625,4.072999954223633
2026-06-05 13:54:36,480.22900390625,83.4990005493164,4.9720001220703125
2026-06-05 13:59:38,548.93701171875,85.42900085449219,5.815000057220459
2026-06-05 14:04:40,456.5539855957031,81.45899963378906,4.611999988555908
2026-06-05 14:09:43,1294.824951171875,76.90299987792969,12.347000122070312
2026-06-05 14:14:45,1097.7159423828125,80.55400085449219,10.96500015258789
2026-06-05 14:19:47,1181.261962890625,53.57899856567383,7.8480000495910645
2026-06-05 14:24:49,250.19200134277344,85.5510025024414,2.6540000438690186
2026-06-05 14:29:51,241.88099670410156,85.2509994506836,2.556999921798706
2026-06-05 14:34:53,252.78900146484375,84.2030029296875,2.6389999389648438
2026-06-05 14:39:55,267.7349853515625,84.49600219726562,2.805000066757202
2026-06-05 14:44:57,294.2510070800781,83.87100219726562,3.059999942779541
2026-06-05 14:50:00,341.97698974609375,83.32099914550781,3.5329999923706055
2026-06-05 14:55:02,735.8380126953125,78.1510009765625,7.13100004196167
2026-06-05 15:00:04,739.5910034179688,86.59400177001953,7.940999984741211
2026-06-05 15:05:06,646.1370239257812,108.24099731445312,8.67199993133545
2026-06-05 15:10:08,712.7269897460938,80.00199890136719,7.070000171661377
2026-06-05 15:15:10,1015.4240112304688,78.1259994506836,9.836999893188477
2026-06-05 15:20:12,918.14599609375,77.677001953125,8.843999862670898
2026-06-05 15:25:14,926.3270263671875,76.05400085449219,8.736000061035156
2026-06-05 15:30:17,786.6259765625,80.5999984741211,7.861999988555908
2026-06-05 15:35:19,729.9359741210938,76.4010009765625,6.914999961853027
2026-06-05 15:40:21,888.6170043945312,76.08799743652344,8.383999824523926
2026-06-05 15:45:23,785.6090087890625,88.13600158691406,8.586000442504883
2026-06-05 15:50:25,862.6740112304688,79.93699645996094,8.550999641418457
2026-06-05 15:55:27,369.14300537109375,78.07099914550781,3.5739998817443848
2026-06-05 16:00:29,406.62200927734375,79.69100189208984,4.01800012588501
2026-06-05 16:05:31,770.4110107421875,76.05400085449219,7.265999794006348
2026-06-05 16:10:34,796.5969848632812,76.927001953125,7.598999977111816
2026-06-05 16:15:36,859.0969848632812,72.13999938964844,7.684999942779541
2026-06-05 16:20:38,274.27899169921875,79.98999786376953,2.7200000286102295
2026-06-05 16:25:40,275.2909851074219,79.47100067138672,2.7130000591278076
2026-06-05 16:30:42,349.85101318359375,81.12699890136719,3.5190000534057617
2026-06-05 16:35:44,275.0849914550781,81.45600128173828,2.7790000438690186
2026-06-05 16:40:46,255.90199279785156,81.3499984741211,2.5810000896453857
2026-06-05 16:45:49,212.9759979248047,83.54199981689453,2.2060000896453857
2026-06-05 16:50:51,202.51199340820312,82.34200286865234,2.068000078201294
2026-06-05 16:55:53,189.7830047607422,81.63600158691406,1.9210000038146973
2026-06-05 17:00:55,190.3979949951172,78.32099914550781,1.8489999771118164
2026-06-05 17:05:57,249.1060028076172,78.99299621582031,2.440000057220459
2026-06-05 17:10:59,392.6629943847656,75.05400085449219,3.6540000438690186
2026-06-05 17:16:01,635.666015625,68.3550033569336,5.388000011444092
2026-06-05 17:21:03,600.97802734375,68.4219970703125,5.098999977111816
2026-06-05 17:26:06,170.93499755859375,77.16200256347656,1.6360000371932983
2026-06-05 17:31:08,142.16099548339844,77.81900024414062,1.371999979019165
2026-06-05 17:36:10,138.84100341796875,75.98799896240234,1.3079999685287476
2026-06-05 17:41:12,132.8979949951172,79.18499755859375,1.3049999475479126
2026-06-05 17:46:14,144.6580047607422,75.26499938964844,1.350000023841858
2026-06-05 17:51:16,134.19000244140625,81.5459976196289,1.3569999933242798
2026-06-05 17:56:18,129.53599548339844,80.4729995727539,1.2929999828338623
2026-06-05 18:01:20,116.67900085449219,81.56099700927734,1.1799999475479126
2026-06-05 18:06:23,106.4749984741211,82.68699645996094,1.0920000076293945
2026-06-05 18:11:25,99.26399993896484,80.10600280761719,0.9860000014305115
2026-06-05 18:16:27,109.48300170898438,79.46099853515625,1.0789999961853027
2026-06-05 18:21:29,119.34400177001953,79.3219985961914,1.1740000247955322
2026-06-05 18:26:31,116.05500030517578,79.72000122070312,1.1469999551773071
2026-06-05 18:31:33,108.27400207519531,79.58599853515625,1.069000005722046
2026-06-05 18:36:35,112.875,78.6969985961914,1.1009999513626099
2026-06-05 18:41:37,94.4729995727539,79.54299926757812,0.9319999814033508
2026-06-05 18:46:40,93.84500122070312,80.15599822998047,0.9330000281333923
2026-06-05 18:51:42,84.48200225830078,80.84400177001953,0.847000002861023
2026-06-05 18:56:44,85.16300201416016,80.59700012207031,0.8510000109672546
2026-06-05 19:01:46,74.35900115966797,78.66200256347656,0.7250000238418579
2026-06-05 19:06:48,69.01300048828125,81.35099792480469,0.6959999799728394
2026-06-05 19:11:50,51.222999572753906,85.53299713134766,0.5429999828338623
2026-06-05 19:16:52,45.979000091552734,83.37000274658203,0.4749999940395355
2026-06-05 19:21:54,48.09600067138672,85.56400299072266,0.5099999904632568
2026-06-05 19:26:57,40.65599822998047,88.02100372314453,0.4440000057220459
2026-06-05 19:31:59,40.792999267578125,86.98600006103516,0.4399999976158142
2026-06-05 19:37:01,37.358001708984375,91.1709976196289,0.421999990940094
2026-06-05 19:42:03,36.290000915527344,90.13300323486328,0.4059999883174896
2026-06-05 19:47:05,34.39799880981445,91.95500183105469,0.3919999897480011
2026-06-05 19:52:07,31.341999053955078,87.44000244140625,0.3400000035762787
2026-06-05 19:57:09,29.9060001373291,89.58399963378906,0.3319999873638153
2026-06-05 20:02:11,32.314998626708984,85.65499877929688,0.34299999475479126
2026-06-05 20:07:14,28.23900032043457,95.41799926757812,0.33399999141693115
2026-06-05 20:12:16,26.250999450683594,85.80000305175781,0.27900001406669617
2026-06-05 20:17:18,25.134000778198242,89.77400207519531,0.2800000011920929
2026-06-05 20:22:20,23.631999969482422,88.4990005493164,0.2590000033378601
2026-06-05 20:27:22,22.006999969482422,92.9729995727539,0.2540000081062317
2026-06-05 20:32:24,19.07200050354004,102.94400024414062,0.24300000071525574
2026-06-05 20:37:26,16.37299919128418,103.822998046875,0.210999995470047
2026-06-05 20:42:28,14.223999977111816,103.4010009765625,0.18199999630451202
2026-06-05 20:47:31,13.781000137329102,90.29900360107422,0.15399999916553497
2026-06-05 20:52:33,11.321000099182129,93.79499816894531,0.13199999928474426
2026-06-05 20:57:35,9.29800033569336,80.56099700927734,0.09300000220537186
2026-06-05 21:02:37,8.144000053405762,117.6500015258789,0.11900000274181366
2026-06-05 21:07:39,5.767000198364258,123.13200378417969,0.08799999952316284
2026-06-05 21:12:41,4.0929999351501465,39.53499984741211,0.019999999552965164
2026-06-05 21:17:43,2.6500000953674316,0.3050000071525574,0.0
2026-06-05 21:22:45,1.5360000133514404,0.1469999998807907,0.0
2026-06-06 05:42:34,1.5360000133514404,0.1469999998807907,0.0
2026-06-06 05:47:36,4.263999938964844,0.16599999368190765,0.0
2026-06-06 05:52:38,5.357999801635742,0.16899999976158142,0.0
2026-06-06 05:57:40,6.64300012588501,0.2540000081062317,0.0
2026-06-06 06:02:42,9.890000343322754,76.9520034790039,0.09399999678134918
2026-06-06 06:07:44,12.836999893188477,75.7509994506836,0.12099999934434891
2026-06-06 06:12:46,14.836999893188477,81.6719970703125,0.15000000596046448
2026-06-06 06:17:48,14.354000091552734,86.00399780273438,0.15299999713897705
2026-06-06 06:22:50,13.904000282287598,80.10399627685547,0.1379999965429306
2026-06-06 06:27:53,13.218000411987305,77.1240005493164,0.12600000202655792
2026-06-06 06:32:55,16.17099952697754,76.24199676513672,0.15299999713897705
2026-06-06 06:37:57,24.77899932861328,71.38500213623047,0.21899999678134918
2026-06-06 06:42:59,38.05699920654297,72.01699829101562,0.3400000035762787
2026-06-06 06:48:01,54.034000396728516,76.20600128173828,0.5109999775886536
2026-06-06 06:53:03,62.33599853515625,74.23799896240234,0.5740000009536743
2026-06-06 06:58:05,63.17300033569336,75.77200317382812,0.593999981880188
2026-06-06 07:03:07,61.01499938964844,75.31800079345703,0.5699999928474426
2026-06-06 07:08:09,61.994998931884766,73.0510025024414,0.5619999766349792
2026-06-06 07:13:11,69.65599822998047,77.74600219726562,0.671999990940094
2026-06-06 07:18:14,76.447998046875,79.0530014038086,0.7490000128746033
2026-06-06 07:23:16,72.95099639892578,76.19400024414062,0.6890000104904175
2026-06-06 07:28:18,77.38700103759766,76.84400177001953,0.7369999885559082
2026-06-06 07:33:20,86.8499984741211,76.18699645996094,0.8199999928474426
2026-06-06 07:38:22,87.50900268554688,77.0989990234375,0.8370000123977661
2026-06-06 07:43:24,93.33499908447266,75.87899780273438,0.878000020980835
2026-06-06 07:48:26,109.18099975585938,74.86799621582031,1.0140000581741333
2026-06-06 07:53:28,114.08000183105469,74.90699768066406,1.059999942779541
2026-06-06 07:58:30,120.26699829101562,71.40699768066406,1.065000057220459
2026-06-06 08:03:33,113.11499786376953,76.7239990234375,1.0759999752044678
2026-06-06 08:08:35,119.50900268554688,77.67900085449219,1.1510000228881836
2026-06-06 08:13:37,144.93899536132812,75.30000305175781,1.3530000448226929
2026-06-06 08:18:39,152.447998046875,78.41000366210938,1.4819999933242798
2026-06-06 08:23:41,156.82699584960938,76.01499938964844,1.4780000448226929
2026-06-06 08:28:43,194.7949981689453,67.71499633789062,1.6360000371932983
2026-06-06 08:33:45,166.56199645996094,74.52400207519531,1.5390000343322754
2026-06-06 08:38:47,247.2050018310547,67.5009994506836,2.069000005722046
2026-06-06 08:43:49,246.33799743652344,80.99700164794922,2.4739999771118164
2026-06-06 08:48:51,183.4949951171875,72.64700317382812,1.652999997138977
2026-06-06 08:53:53,459.197998046875,57.63999938964844,3.2820000648498535
2026-06-06 08:58:56,355.57000732421875,74.21900177001953,3.2720000743865967
2026-06-06 09:03:58,162.01600646972656,75.86599731445312,1.5240000486373901
2026-06-06 09:09:00,186.91000366210938,74.91799926757812,1.7359999418258667
2026-06-06 09:14:02,282.09100341796875,73.51100158691406,2.571000099182129
2026-06-06 09:19:04,372.5830078125,73.875,3.4130001068115234
2026-06-06 09:24:06,243.25900268554688,76.60600280761719,2.311000108718872
2026-06-06 09:29:08,204.51400756835938,77.58499908447266,1.968000054359436
2026-06-06 09:34:10,232.3679962158203,79.13400268554688,2.2799999713897705
2026-06-06 09:39:13,260.8030090332031,76.33100128173828,2.4690001010894775
2026-06-06 09:44:15,332.9169921875,75.07099914550781,3.0989999771118164
2026-06-06 09:49:17,354.22198486328125,75.61100006103516,3.321000099182129
2026-06-06 09:54:19,428.3699951171875,67.41200256347656,3.5810000896453857
2026-06-06 09:59:21,246.18099975585938,79.68599700927734,2.433000087738037
2026-06-06 10:04:23,259.56298828125,79.4489974975586,2.556999921798706
2026-06-06 10:09:25,252.6739959716797,78.53700256347656,2.4609999656677246
2026-06-06 10:14:27,349.2139892578125,77.41100311279297,3.3519999980926514
2026-06-06 10:19:29,490.802001953125,75.63200378417969,4.603000164031982
2026-06-06 10:24:31,409.2909851074219,74.97599792480469,3.805000066757202
2026-06-06 10:29:34,489.49700927734375,75.44200134277344,4.578999996185303
2026-06-06 10:34:36,682.5780029296875,74.28800201416016,6.288000106811523
2026-06-06 10:39:38,444.2099914550781,79.57099914550781,4.382999897003174
2026-06-06 10:44:40,436.3269958496094,77.4260025024414,4.189000129699707
2026-06-06 10:49:42,526.3270263671875,75.01200103759766,4.895999908447266
2026-06-06 10:54:44,654.3679809570312,80.05000305175781,6.494999885559082
2026-06-06 10:59:46,985.5250244140625,69.28900146484375,8.467000007629395
2026-06-06 11:04:48,953.4990234375,69.16999816894531,8.178000450134277
2026-06-06 11:09:50,946.822998046875,70.3239974975586,8.255999565124512
2026-06-06 11:14:52,936.9829711914062,70.76399993896484,8.222000122070312
2026-06-06 11:19:55,936.7109985351562,71.2490005493164,8.276000022888184
2026-06-06 11:24:57,943.5659790039062,71.91200256347656,8.413999557495117
2026-06-06 11:29:59,951.3809814453125,72.5739974975586,8.562000274658203
2026-06-06 11:35:01,962.0910034179688,73.15599822998047,8.727999687194824
2026-06-06 11:40:03,970.6329956054688,73.43299865722656,8.838000297546387
2026-06-06 11:45:05,979.1890258789062,73.73799896240234,8.95300006866455
2026-06-06 11:50:07,980.64501953125,74.66600036621094,9.079000473022461
2026-06-06 11:55:09,985.7349853515625,75.22200012207031,9.194000244140625
2026-06-06 12:00:11,993.6409912109375,75.2699966430664,9.27400016784668
2026-06-06 12:05:13,988.0159912109375,76.29199981689453,9.347000122070312
2026-06-06 12:10:15,1000.4320068359375,76.01699829101562,9.430000305175781
2026-06-06 12:15:17,1005.906005859375,76.11100006103516,9.494000434875488
2026-06-06 12:20:20,1015.2780151367188,76.71099853515625,9.656999588012695
2026-06-06 12:25:22,1016.6099853515625,78.21499633789062,9.859999656677246
2026-06-06 12:30:24,1023.3619995117188,79.16799926757812,10.045999526977539
2026-06-06 12:35:26,1024.6080322265625,79.13300323486328,10.053999900817871
2026-06-06 12:40:28,1023.4010009765625,79.83000183105469,10.130999565124512
2026-06-06 12:45:30,1027.5699462890625,80.98400115966797,10.319000244140625
2026-06-06 12:50:32,1023.7130126953125,81.65499877929688,10.364999771118164
2026-06-06 12:55:34,1030.708984375,82.07099914550781,10.48900032043457
2026-06-06 13:00:36,1028.1390380859375,82.75599670410156,10.550999641418457
2026-06-06 13:05:38,1027.5450439453125,83.03399658203125,10.579999923706055
2026-06-06 13:10:41,1027.4239501953125,82.79000091552734,10.54699993133545
2026-06-06 13:15:43,1025.26904296875,83.38300323486328,10.60099983215332
2026-06-06 13:20:45,1027.72998046875,84.53800201416016,10.77299976348877
2026-06-06 13:25:47,1020.385986328125,85.45500183105469,10.812000274658203
2026-06-06 13:48:21,1019.4810180664062,19.222000122070312,2.430000066757202
2026-06-06 13:53:23,1019.4580078125,19.316999435424805,2.441999912261963
2026-06-06 13:58:25,1015.301025390625,77.97799682617188,9.817000389099121
2026-06-06 14:03:27,1012.9119873046875,80.13999938964844,10.065999984741211
2026-06-06 14:08:29,1011.822021484375,80.68599700927734,10.123000144958496
2026-06-06 14:13:31,1005.1409912109375,81.12200164794922,10.111000061035156
2026-06-06 14:18:34,1001.844970703125,80.93000030517578,10.053999900817871
2026-06-06 14:23:36,1006.9249877929688,81.06300354003906,10.121000289916992
2026-06-06 14:28:38,1028.7900390625,81.35900115966797,10.378999710083008
2026-06-06 14:33:40,1019.5659790039062,81.50499725341797,10.303999900817871
2026-06-06 14:38:42,1147.0970458984375,79.22599792480469,11.269000053405762
2026-06-06 14:43:44,1078.3680419921875,77.44999694824219,10.355999946594238
2026-06-06 14:48:46,402.2130126953125,83.98999786376953,4.189000129699707
2026-06-06 14:53:48,290.95098876953125,85.68099975585938,3.0910000801086426
2026-06-06 14:58:50,651.4650268554688,119.33699798583984,9.640000343322754
2026-06-06 15:03:53,523.9569702148438,110.85299682617188,7.202000141143799
2026-06-06 15:08:55,1178.5419921875,80.81600189208984,11.8100004196167
2026-06-06 15:13:57,1018.1279907226562,52.96799850463867,6.686999797821045
2026-06-06 15:18:59,736.5869750976562,80.46900177001953,7.349999904632568
2026-06-06 15:24:01,1193.93798828125,77.83399963378906,11.52299976348877
2026-06-06 15:29:03,1051.89599609375,84.3740005493164,11.005000114440918
2026-06-06 15:34:05,1109.634033203125,77.01100158691406,10.595999717712402
2026-06-06 15:39:07,1008.0640258789062,76.77200317382812,9.595999717712402
2026-06-06 15:44:09,1082.9189453125,75.76599884033203,10.173999786376953
2026-06-06 15:49:11,402.802001953125,83.45700073242188,4.168000221252441
2026-06-06 15:54:14,708.7139892578125,83.0260009765625,7.296000003814697
2026-06-06 15:59:16,376.53900146484375,90.19499969482422,4.210999965667725
2026-06-06 16:04:18,476.8429870605469,74.35299682617188,4.395999908447266
2026-06-06 16:09:20,375.4010009765625,81.21800231933594,3.7809998989105225
2026-06-06 16:14:22,325.9949951171875,81.21099853515625,3.2829999923706055
2026-06-06 16:19:24,271.46099853515625,86.88400268554688,2.924999952316284
2026-06-06 16:24:26,280.91900634765625,83.89900207519531,2.9230000972747803
2026-06-06 16:29:28,356.9490051269531,84.87999725341797,3.756999969482422
2026-06-06 16:34:30,371.62701416015625,83.27999877929688,3.8380000591278076
2026-06-06 16:39:32,254.36700439453125,83.25700378417969,2.625999927520752
2026-06-06 16:44:34,275.50201416015625,81.76100158691406,2.7929999828338623
2026-06-06 16:49:37,378.0780029296875,74.53500366210938,3.49399995803833
2026-06-06 16:54:39,613.969970703125,69.4000015258789,5.283999919891357
2026-06-06 16:59:41,621.4669799804688,73.2969970703125,5.6479997634887695
2026-06-06 17:04:43,560.677978515625,62.61399841308594,4.353000164031982
2026-06-06 17:09:45,312.0849914550781,66.91200256347656,2.5889999866485596
2026-06-06 17:14:47,153.73500061035156,83.9000015258789,1.5989999771118164
2026-06-06 17:19:49,141.37399291992188,85.7300033569336,1.503000020980835
2026-06-06 17:24:51,165.55799865722656,86.302001953125,1.7719999551773071
2026-06-06 17:29:53,165.7830047607422,85.26699829101562,1.753000020980835
2026-06-06 17:34:56,141.1540069580078,90.5479965209961,1.5850000381469727
2026-06-06 17:39:58,116.13899993896484,91.74099731445312,1.3209999799728394
2026-06-06 17:45:00,180.11399841308594,77.68299865722656,1.7350000143051147
2026-06-06 17:50:02,264.4670104980469,71.927001953125,2.3589999675750732
2026-06-06 17:55:04,319.39898681640625,97.1719970703125,3.8489999771118164
2026-06-06 18:00:06,185.95399475097656,116.11299896240234,2.677000045776367
2026-06-06 18:05:08,174.1999969482422,135.07000732421875,2.9179999828338623
2026-06-06 18:10:10,133.93899536132812,116.12200164794922,1.9290000200271606
2026-06-06 18:15:12,104.74700164794922,147.9510040283203,1.9220000505447388
2026-06-06 18:20:15,99.98400115966797,84.8290023803711,1.0520000457763672
2026-06-06 18:25:17,128.99899291992188,85.08999633789062,1.3609999418258667
2026-06-06 18:30:19,129.4510040283203,82.45899963378906,1.3240000009536743
2026-06-06 18:35:21,129.80099487304688,81.19200134277344,1.3070000410079956
2026-06-06 18:40:23,120.42500305175781,81.81800079345703,1.222000002861023
2026-06-06 18:45:25,114.177001953125,82.40299987792969,1.1670000553131104
2026-06-06 18:50:27,100.24199676513672,83.32599639892578,1.0360000133514404
2026-06-06 18:55:29,84.5780029296875,83.18099975585938,0.871999979019165
2026-06-06 19:00:31,78.36299896240234,78.89900207519531,0.7670000195503235
2026-06-06 19:05:34,101.697998046875,81.83799743652344,1.031999945640564
2026-06-06 19:10:36,126.5260009765625,79.40499877929688,1.246000051498413
2026-06-06 19:15:38,113.51699829101562,77.89199829101562,1.0959999561309814
2026-06-06 19:20:40,99.01899719238281,81.23799896240234,0.996999979019165
2026-06-06 19:25:42,103.13500213623047,78.0530014038086,0.9980000257492065
2026-06-06 19:30:44,81.13099670410156,81.63400268554688,0.8209999799728394
2026-06-06 19:35:46,79.9520034790039,79.14600372314453,0.7850000262260437
2026-06-06 19:40:48,80.45500183105469,80.56700134277344,0.8040000200271606
2026-06-06 19:45:51,70.9280014038086,82.05599975585938,0.722000002861023
2026-06-06 19:50:53,67.47000122070312,78.94200134277344,0.6600000262260437
2026-06-06 19:55:55,60.49100112915039,78.65499877929688,0.5899999737739563
2026-06-06 20:00:57,62.0620002746582,77.07499694824219,0.5929999947547913
2026-06-06 20:05:59,62.29899978637695,80.87999725341797,0.625
2026-06-06 20:11:01,56.47999954223633,79.53199768066406,0.5569999814033508
2026-06-06 20:16:03,37.01900100708008,84.61799621582031,0.3880000114440918
2026-06-06 20:21:05,32.132999420166016,86.8489990234375,0.34599998593330383
2026-06-06 20:26:07,27.41900062561035,85.13600158691406,0.289000004529953
2026-06-06 20:31:09,23.648000717163086,87.02300262451172,0.2549999952316284
2026-06-06 20:36:11,18.084999084472656,94.55699920654297,0.21199999749660492
2026-06-06 20:41:13,14.850000381469727,113.62200164794922,0.20900000631809235
2026-06-06 20:46:16,12.59000015258789,105.76000213623047,0.16500000655651093
2026-06-06 20:51:18,10.736000061035156,120.64099884033203,0.16099999845027924
2026-06-06 20:56:20,8.736000061035156,118.53399658203125,0.12800000607967377
2026-06-06 21:01:22,6.968999862670898,143.07400512695312,0.12399999797344208
2026-06-06 21:06:24,5.364999771118164,127.38600158691406,0.08500000089406967
2026-06-06 21:11:26,3.755000114440918,34.89799880981445,0.01600000075995922
2026-06-06 21:16:28,2.4649999141693115,0.2160000056028366,0.0
2026-06-06 21:21:30,1.284999966621399,0.12200000137090683,0.0
2026-06-07 05:41:21,1.284999966621399,0.12200000137090683,0.0
2026-06-07 05:46:23,2.7360000610351562,0.12700000405311584,0.0
2026-06-07 05:51:25,3.6070001125335693,0.1979999989271164,0.0
2026-06-07 05:56:27,5.041999816894531,0.23399999737739563,0.0
2026-06-07 06:01:29,6.025000095367432,0.17499999701976776,0.0
2026-06-07 06:06:31,11.895999908447266,55.70800018310547,0.0820000022649765
2026-06-07 06:11:33,11.432999610900879,67.88099670410156,0.09600000083446503
2026-06-07 06:16:35,11.73900032043457,73.79000091552734,0.10700000077486038
2026-06-07 06:21:37,15.817000389099121,72.89900207519531,0.14300000667572021
2026-06-07 06:26:39,18.618999481201172,61.75,0.14300000667572021
2026-06-07 06:31:42,25.62299919128418,69.9800033569336,0.22200000286102295
2026-06-07 06:36:44,30.783000946044922,68.8290023803711,0.2630000114440918
2026-06-07 06:41:46,34.974998474121094,62.8380012512207,0.27300000190734863
2026-06-07 06:46:48,35.47200012207031,72.6719970703125,0.3199999928474426
2026-06-07 06:51:50,51.85100173950195,63.62200164794922,0.4090000092983246
2026-06-07 06:56:52,60.361000061035156,67.34300231933594,0.5040000081062317
2026-06-07 07:01:54,62.48899841308594,68.85800170898438,0.5339999794960022
2026-06-07 07:06:56,70.4530029296875,66.33000183105469,0.5789999961853027
2026-06-07 07:11:58,84.27899932861328,68.4520034790039,0.7149999737739563
2026-06-07 07:17:00,81.52200317382812,68.22100067138672,0.6899999976158142
2026-06-07 07:22:02,89.74199676513672,69.12799835205078,0.7689999938011169
2026-06-07 07:27:05,106.83200073242188,69.10600280761719,0.9150000214576721
2026-06-07 07:32:07,101.08100128173828,69.50199890136719,0.8709999918937683
2026-06-07 07:37:09,85.8740005493164,68.19000244140625,0.7260000109672546
2026-06-07 07:42:11,103.28700256347656,70.89600372314453,0.9079999923706055
2026-06-07 07:47:13,104.66500091552734,67.73200225830078,0.8790000081062317
2026-06-07 07:52:15,111.4219970703125,70.0989990234375,0.968999981880188
2026-06-07 07:57:17,123.5270004272461,70.08899688720703,1.0740000009536743
2026-06-07 08:02:19,127.76499938964844,70.89399719238281,1.1230000257492065
2026-06-07 08:07:21,153.52699279785156,68.46900177001953,1.3029999732971191
2026-06-07 08:12:23,157.0989990234375,67.04199981689453,1.305999994277954
2026-06-07 08:17:25,152.9709930419922,70.90699768066406,1.3450000286102295
2026-06-07 08:22:28,143.6479949951172,68.38300323486328,1.218000054359436
2026-06-07 08:27:30,151.05799865722656,68.78199768066406,1.2879999876022339
2026-06-07 08:32:32,174.49099731445312,71.4209976196289,1.5449999570846558
2026-06-07 08:37:34,279.22698974609375,65.7300033569336,2.2760000228881836
2026-06-07 08:42:36,445.197998046875,60.249000549316406,3.3259999752044678
2026-06-07 08:47:38,478.5830078125,62.40800094604492,3.7039999961853027
2026-06-07 08:52:40,474.61700439453125,58.939998626708984,3.4690001010894775
2026-06-07 08:57:42,479.9930114746094,59.6150016784668,3.5480000972747803
2026-06-07 09:02:44,493.89599609375,61.0629997253418,3.740000009536743
2026-06-07 09:07:47,304.8550109863281,98.072998046875,3.7070000171661377
2026-06-07 09:12:49,557.0349731445312,62.23500061035156,4.298999786376953
2026-06-07 09:17:51,575.844970703125,57.34299850463867,4.09499979019165
2026-06-07 09:22:53,590.593994140625,63.33100128173828,4.638000011444092
2026-06-07 09:27:55,583.6640014648438,63.486000061035156,4.59499979019165
2026-06-07 09:32:57,564.6430053710938,61.154998779296875,4.2820000648498535
2026-06-07 09:37:59,219.20700073242188,69.29399871826172,1.8839999437332153
2026-06-07 09:43:01,511.79400634765625,78.12200164794922,4.958000183105469
2026-06-07 09:48:03,562.0800170898438,65.27999877929688,4.550000190734863
2026-06-07 09:53:05,747.301025390625,54.18000030517578,5.020999908447266
2026-06-07 09:58:07,416.5660095214844,73.78399658203125,3.811000108718872
2026-06-07 10:03:10,334.3380126953125,68.97200012207031,2.8589999675750732
2026-06-07 10:08:12,320.2699890136719,76.40899658203125,3.0339999198913574
2026-06-07 10:13:14,231.91099548339844,78.06400299072266,2.244999885559082
2026-06-07 10:18:16,300.46600341796875,74.78299713134766,2.7860000133514404
2026-06-07 10:23:18,289.3169860839844,108.23500061035156,3.882999897003174
2026-06-07 10:28:20,589.8189697265625,72.36900329589844,5.293000221252441
2026-06-07 10:33:22,677.3280029296875,76.50299835205078,6.425000190734863
2026-06-07 10:38:24,810.02099609375,72.33599853515625,7.265999794006348
2026-06-07 10:43:26,767.3489990234375,73.43099975585938,6.986999988555908
2026-06-07 10:48:28,878.0269775390625,70.24199676513672,7.6479997634887695
2026-06-07 10:53:30,871.0789794921875,70.08999633789062,7.571000099182129
2026-06-07 10:58:33,897.5089721679688,70.3949966430664,7.834000110626221
2026-06-07 11:03:35,892.4619750976562,70.76899719238281,7.831999778747559
2026-06-07 11:08:37,914.4400024414062,71.3219985961914,8.086999893188477
2026-06-07 11:13:39,939.47998046875,70.96900177001953,8.267999649047852
2026-06-07 11:18:41,589.8300170898438,70.04100036621094,5.123000144958496
2026-06-07 11:23:43,1013.7260131835938,71.77300262451172,9.022000312805176
2026-06-07 11:28:45,1000.97802734375,72.35199737548828,8.979999542236328
2026-06-07 11:33:47,907.1729736328125,74.01300048828125,8.326000213623047
2026-06-07 11:38:49,1054.1800537109375,72.06999969482422,9.420999526977539
2026-06-07 11:43:51,980.2080078125,71.62000274658203,8.704999923706055
2026-06-07 11:48:54,1031.928955078125,73.27200317382812,9.37600040435791
2026-06-07 11:53:56,1003.68701171875,76.1050033569336,9.472000122070312
2026-06-07 11:58:58,1029.7740478515625,75.58000183105469,9.651000022888184
2026-06-07 12:04:00,1006.302978515625,76.03500366210938,9.48799991607666
2026-06-07 12:09:02,1029.675048828125,76.65599822998047,9.786999702453613
2026-06-07 12:14:04,1008.343017578125,78.09200286865234,9.763999938964844
2026-06-07 12:19:06,996.2150268554688,80.26000213623047,9.914999961853027
2026-06-07 12:24:08,1027.012939453125,79.12699890136719,10.07699966430664
2026-06-07 12:29:10,1016.7529907226562,80.6969985961914,10.173999786376953
2026-06-07 12:34:12,1047.68896484375,80.90399932861328,10.51099967956543
2026-06-07 12:39:15,1011.0089721679688,81.33499908447266,10.196999549865723
2026-06-07 12:44:17,1039.5849609375,82.14099884033203,10.58899974822998
2026-06-07 12:49:19,1040.405029296875,83.53500366210938,10.777000427246094
2026-06-07 12:54:21,1055.68701171875,83.50900268554688,10.932000160217285
2026-06-07 12:59:23,1052.47998046875,85.18199920654297,11.116999626159668
2026-06-07 13:04:25,1023.52001953125,85.16000366210938,10.807999610900879
2026-06-07 13:09:27,1055.9630126953125,84.84100341796875,11.109000205993652
2026-06-07 13:14:29,1054.5909423828125,84.78500366210938,11.086999893188477
2026-06-07 13:19:31,1053.926025390625,85.83999633789062,11.218000411987305
2026-06-07 13:24:34,1070.259033203125,86.03099822998047,11.416999816894531
2026-06-07 13:47:21,1043.259033203125,19.451000213623047,2.5160000324249268
2026-06-07 13:52:23,1047.3740234375,19.857999801635742,2.5789999961853027
2026-06-07 13:57:25,1041.6409912109375,79.27100372314453,10.23900032043457
2026-06-07 14:02:27,1038.27197265625,81.1729965209961,10.451000213623047
2026-06-07 14:07:29,1029.6820068359375,82.22899627685547,10.49899959564209
2026-06-07 14:12:32,1027.198974609375,82.21499633789062,10.472000122070312
2026-06-07 14:17:34,1025.47705078125,82.65399932861328,10.510000228881836
2026-06-07 14:22:36,1014.5830078125,83.04299926757812,10.446999549865723
2026-06-07 14:27:38,964.7860107421875,86.56500244140625,10.355999946594238
2026-06-07 14:32:40,1004.0659790039062,82.96600341796875,10.329999923706055
2026-06-07 14:37:42,990.6129760742188,83.80500030517578,10.293999671936035
2026-06-07 14:42:44,985.6019897460938,83.06400299072266,10.152000427246094
2026-06-07 14:47:46,972.2130126953125,83.0790023803711,10.015000343322754
2026-06-07 14:52:48,965.9660034179688,82.86599731445312,9.925999641418457
2026-06-07 14:57:51,953.14501953125,82.88099670410156,9.795999526977539
2026-06-07 15:02:53,950.2899780273438,82.37699890136719,9.706999778747559
2026-06-07 15:07:55,940.1580200195312,82.03099822998047,9.562999725341797
2026-06-07 15:12:57,930.2990112304688,81.56900024414062,9.40999984741211
2026-06-07 15:17:59,921.1129760742188,80.94300079345703,9.244999885559082
2026-06-07 15:23:01,909.7459716796875,80.89700317382812,9.12600040435791
2026-06-07 15:28:03,892.6320190429688,81.26899719238281,8.994999885559082
2026-06-07 15:33:05,884.5579833984375,79.66899871826172,8.73900032043457
2026-06-07 15:38:07,872.8109741210938,80.08899688720703,8.668000221252441
2026-06-07 15:43:10,857.8989868164062,79.67400360107422,8.47599983215332
2026-06-07 15:48:12,844.5339965820312,79.60399627685547,8.336000442504883
2026-06-07 15:53:14,830.2899780273438,79.0199966430664,8.13599967956543
2026-06-07 15:58:16,814.344970703125,78.66600036621094,7.943999767303467
2026-06-07 16:03:18,803.989013671875,77.61900329589844,7.73799991607666
2026-06-07 16:08:20,789.885986328125,76.70600128173828,7.513000011444092
2026-06-07 16:13:22,772.8179931640625,76.53800201416016,7.335000038146973
2026-06-07 16:18:24,759.8670043945312,75.6969985961914,7.131999969482422
2026-06-07 16:23:26,742.5809936523438,75.31400299072266,6.934999942779541
2026-06-07 16:28:29,723.4860229492188,74.93399810791016,6.7220001220703125
2026-06-07 16:33:31,703.969970703125,74.66799926757812,6.51800012588501
2026-06-07 16:38:33,695.0349731445312,72.52300262451172,6.25
2026-06-07 16:43:35,675.5750122070312,72.8489990234375,6.103000164031982
2026-06-07 16:48:37,646.2830200195312,72.32599639892578,5.796000003814697
2026-06-07 16:53:39,644.0390014648438,71.49199676513672,5.709000110626221
2026-06-07 16:58:41,614.1209716796875,71.947998046875,5.479000091552734
2026-06-07 17:03:43,591.3619995117188,70.2770004272461,5.1529998779296875
2026-06-07 17:08:45,584.64501953125,69.31700134277344,5.025000095367432
2026-06-07 17:13:48,559.72998046875,70.01499938964844,4.859000205993652
2026-06-07 17:18:50,547.0029907226562,68.39199829101562,4.638999938964844
2026-06-07 17:23:52,517.197998046875,67.57099914550781,4.334000110626221
2026-06-07 17:28:54,519.4190063476562,65.2750015258789,4.203999996185303
2026-06-07 17:33:56,485.3489990234375,66.25499725341797,3.986999988555908
2026-06-07 17:38:58,464.9419860839844,66.14900207519531,3.813999891281128
2026-06-07 17:44:00,447.7919921875,64.64900207519531,3.5899999141693115
2026-06-07 17:49:02,372.6830139160156,65.3270034790039,3.0190000534057617
2026-06-07 17:54:05,367.7170104980469,69.20500183105469,3.1559998989105225
2026-06-07 17:59:07,70.43699645996094,341.5820007324219,2.9830000400543213
2026-06-07 18:04:09,68.09600067138672,330.968994140625,2.7950000762939453
2026-06-07 18:09:11,66.50299835205078,319.11199951171875,2.631999969482422
2026-06-07 18:14:13,65.34100341796875,296.99200439453125,2.4059998989105225
2026-06-07 18:19:15,63.50899887084961,261.81201171875,2.062000036239624
2026-06-07 18:24:17,62.96900177001953,91.28600311279297,0.7129999995231628
2026-06-07 18:29:19,61.17900085449219,91.68399810791016,0.6959999799728394
2026-06-07 18:34:21,60.1510009765625,88.60600280761719,0.6610000133514404
2026-06-07 18:39:23,57.77399826049805,90.52899932861328,0.6489999890327454
2026-06-07 18:44:25,57.902000427246094,90.4739990234375,0.6499999761581421
2026-06-07 18:49:28,56.72200012207031,90.53600311279297,0.6370000243186951
2026-06-07 18:54:30,54.79999923706055,90.91200256347656,0.6179999709129333
2026-06-07 18:59:32,54.42599868774414,91.69599914550781,0.6190000176429749
2026-06-07 19:04:34,52.77000045776367,87.08200073242188,0.5699999928474426
2026-06-07 19:09:36,51.36000061035156,89.53500366210938,0.5699999928474426
2026-06-07 19:14:38,50.09600067138672,87.64600372314453,0.5440000295639038
2026-06-07 19:19:40,48.55400085449219,87.072998046875,0.5239999890327454
2026-06-07 19:24:42,47.14500045776367,89.49600219726562,0.5230000019073486
2026-06-07 19:29:44,45.39899826049805,89.98100280761719,0.5070000290870667
2026-06-07 19:34:46,43.8650016784668,88.37799835205078,0.48100000619888306
2026-06-07 19:39:49,42.00199890136719,90.26699829101562,0.4699999988079071
2026-06-07 19:44:51,40.69300079345703,92.62899780273438,0.46700000762939453
2026-06-07 19:49:53,38.077999114990234,90.22899627685547,0.4259999990463257
2026-06-07 19:54:55,36.1510009765625,92.02400207519531,0.4129999876022339
2026-06-07 19:59:57,35.13399887084961,90.03600311279297,0.3919999897480011
2026-06-07 20:04:59,33.22999954223633,89.49600219726562,0.36899998784065247
2026-06-07 20:10:01,31.128999710083008,92.49800109863281,0.3569999933242798
2026-06-07 20:15:03,28.74799919128418,94.47100067138672,0.3370000123977661
2026-06-07 20:20:05,24.906999588012695,93.83599853515625,0.28999999165534973
2026-06-07 20:25:08,22.297000885009766,101.67500305175781,0.2809999883174896
2026-06-07 20:30:10,20.565000534057617,95.35800170898438,0.24300000071525574
2026-06-07 20:35:12,17.788999557495117,101.60299682617188,0.2240000069141388
2026-06-07 20:40:14,15.142999649047852,103.5260009765625,0.1940000057220459
2026-06-07 20:45:16,13.26200008392334,93.68499755859375,0.15399999916553497
2026-06-07 20:50:18,10.99899959564209,103.60800170898438,0.14100000262260437
2026-06-07 20:55:20,10.151000022888184,104.38600158691406,0.13099999725818634
2026-06-07 21:00:22,8.053000450134277,122.0530014038086,0.12200000137090683
2026-06-07 21:05:24,6.638000011444092,120.68199920654297,0.0989999994635582
2026-06-07 21:10:27,4.7820000648498535,33.91899871826172,0.019999999552965164
2026-06-07 21:15:29,2.8510000705718994,0.3930000066757202,0.0
2026-06-07 21:20:31,1.2109999656677246,0.5460000038146973,0.0
2026-06-07 21:25:33,0.32199999690055847,0.17000000178813934,0.0
2026-06-08 05:41:06,0.32199999690055847,0.17000000178813934,0.0
2026-06-08 05:46:08,5.486000061035156,0.16099999845027924,0.0
2026-06-08 05:51:10,7.867000102996826,26.645999908447266,0.026000000536441803
2026-06-08 05:56:12,10.664999961853027,63.249000549316406,0.08399999886751175
2026-06-08 06:01:14,13.380999565124512,77.41100311279297,0.12800000607967377
2026-06-08 06:06:16,16.613000869750977,75.05699920654297,0.1550000011920929
2026-06-08 06:11:18,20.409000396728516,65.89199829101562,0.16699999570846558
2026-06-08 06:16:20,25.048999786376953,77.83100128173828,0.24199999868869781
2026-06-08 06:21:22,28.610000610351562,67.34500122070312,0.23899999260902405
2026-06-08 06:26:25,32.88199996948242,72.16600036621094,0.2939999997615814
2026-06-08 06:31:27,39.582000732421875,75.11799621582031,0.36899998784065247
2026-06-08 06:36:29,48.013999938964844,75.62100219726562,0.44999998807907104
2026-06-08 06:41:31,51.28900146484375,76.52999877929688,0.4869999885559082
2026-06-08 06:46:33,55.965999603271484,74.93499755859375,0.5199999809265137
2026-06-08 06:51:35,58.70600128173828,75.6729965209961,0.5509999990463257
2026-06-08 06:56:37,59.84199905395508,70.74299621582031,0.5249999761581421
2026-06-08 07:01:39,59.95399856567383,75.60099792480469,0.5619999766349792
2026-06-08 07:06:42,62.69499969482422,72.96199798583984,0.5669999718666077
2026-06-08 07:11:44,68.34600067138672,72.21900177001953,0.6119999885559082
2026-06-08 07:16:46,72.08200073242188,72.16999816894531,0.6449999809265137
2026-06-08 07:21:48,78.5530014038086,72.9219970703125,0.7099999785423279
2026-06-08 07:26:50,101.19300079345703,71.69300079345703,0.8999999761581421
2026-06-08 07:31:52,104.2490005493164,73.83000183105469,0.9539999961853027
2026-06-08 07:36:54,107.5790023803711,72.74099731445312,0.9700000286102295
2026-06-08 07:41:56,93.95500183105469,73.16100311279297,0.8519999980926514
2026-06-08 07:46:58,77.0719985961914,72.96099853515625,0.6970000267028809
2026-06-08 07:52:00,68.51699829101562,75.13899993896484,0.6380000114440918
2026-06-08 07:57:03,206.8800048828125,28.218000411987305,0.7239999771118164
2026-06-08 08:02:05,200.88499450683594,38.233001708984375,0.9520000219345093
2026-06-08 08:07:07,255.7550048828125,55.3120002746582,1.753999948501587
2026-06-08 08:12:09,250.79400634765625,56.20100021362305,1.7480000257492065
2026-06-08 08:17:11,253.7760009765625,58.867000579833984,1.8519999980926514
2026-06-08 08:22:13,327.5950012207031,57.49700164794922,2.3359999656677246
2026-06-08 08:27:15,338.2799987792969,57.87699890136719,2.427999973297119
2026-06-08 08:32:17,324.1300048828125,58.56800079345703,2.3540000915527344
2026-06-08 08:37:19,331.2460021972656,61.54100036621094,2.5280001163482666
2026-06-08 08:42:22,382.1099853515625,59.85200119018555,2.8359999656677246
2026-06-08 08:47:24,388.8909912109375,63.334999084472656,3.053999900817871
2026-06-08 08:52:26,446.4530029296875,62.597999572753906,3.4649999141693115
2026-06-08 08:57:28,455.38299560546875,62.25600051879883,3.515000104904175
2026-06-08 09:02:30,420.7860107421875,68.36199951171875,3.566999912261963
2026-06-08 09:07:32,480.1709899902344,65.41000366210938,3.8949999809265137
2026-06-08 09:12:34,491.54998779296875,67.05899810791016,4.086999893188477
2026-06-08 09:17:36,450.6470031738281,66.91200256347656,3.739000082015991
2026-06-08 09:22:38,545.2550048828125,65.89299774169922,4.454999923706055
2026-06-08 09:27:41,520.7219848632812,66.75399780273438,4.309999942779541
2026-06-08 09:32:43,589.093017578125,66.48100280761719,4.855999946594238
2026-06-08 09:37:45,554.64599609375,67.83300018310547,4.664999961853027
2026-06-08 09:42:47,590.0479736328125,71.15399932861328,5.205999851226807
2026-06-08 09:47:49,689.1110229492188,69.31400299072266,5.922999858856201
2026-06-08 09:52:51,568.0250244140625,68.96299743652344,4.85699987411499
2026-06-08 09:57:53,572.27197265625,72.93199920654297,5.175000190734863
2026-06-08 10:02:55,600.2100219726562,72.31199645996094,5.381999969482422
2026-06-08 10:07:57,564.6240234375,71.91799926757812,5.034999847412109
2026-06-08 10:12:59,643.2639770507812,71.61399841308594,5.711999893188477
2026-06-08 10:18:02,577.9420166015625,82.37699890136719,5.9039998054504395
2026-06-08 10:23:04,556.0869750976562,75.99500274658203,5.239999771118164
2026-06-08 10:28:06,530.6740112304688,75.72899627685547,4.982999801635742
2026-06-08 10:33:08,535.7349853515625,71.71499633789062,4.763999938964844
2026-06-08 10:38:10,626.8870239257812,74.81999969482422,5.815999984741211
2026-06-08 10:43:12,535.7050170898438,74.73400115966797,4.964000225067139
2026-06-08 10:48:14,635.9600219726562,73.44499969482422,5.791999816894531
2026-06-08 10:53:16,619.3070068359375,75.96600341796875,5.834000110626221
2026-06-08 10:58:18,698.7059936523438,81.12799835205078,7.0289998054504395
2026-06-08 11:03:20,686.7659912109375,80.40499877929688,6.8470001220703125
2026-06-08 11:08:23,623.655029296875,73.9540023803711,5.718999862670898
2026-06-08 11:13:25,682.2990112304688,74.32499694824219,6.288000106811523
2026-06-08 11:18:27,966.3359985351562,75.16400146484375,9.006999969482422
2026-06-08 11:23:29,987.9180297851562,74.91699981689453,9.177000045776367
2026-06-08 11:28:31,777.93798828125,76.60099792480469,7.388999938964844
2026-06-08 11:33:33,649.4400024414062,81.06600189208984,6.5279998779296875
2026-06-08 11:38:35,534.1300048828125,81.36399841308594,5.388999938964844
2026-06-08 11:43:37,695.3599853515625,78.88400268554688,6.802000045776367
2026-06-08 11:48:39,701.7659912109375,78.65299987792969,6.843999862670898
2026-06-08 11:53:42,869.031982421875,82.08899688720703,8.845999717712402
2026-06-08 11:58:44,763.0260009765625,79.0250015258789,7.4770002365112305
2026-06-08 12:03:46,734.406982421875,86.55000305175781,7.881999969482422
2026-06-08 12:08:48,834.27001953125,86.87100219726562,8.987000465393066
2026-06-08 12:13:50,726.4210205078125,85.77300262451172,7.72599983215332
2026-06-08 12:18:52,663.4929809570312,83.16300201416016,6.8420000076293945
2026-06-08 12:23:54,491.57000732421875,85.26699829101562,5.197000026702881
2026-06-08 12:28:56,454.34100341796875,82.88300323486328,4.670000076293945
2026-06-08 12:33:58,513.4810180664062,84.58899688720703,5.386000156402588
2026-06-08 12:39:00,565.5250244140625,81.01699829101562,5.681000232696533
2026-06-08 12:44:03,476.6099853515625,83.9020004272461,4.959000110626221
2026-06-08 12:49:05,467.72900390625,83.61900329589844,4.849999904632568
2026-06-08 12:54:07,434.22198486328125,83.8949966430664,4.517000198364258
2026-06-08 12:59:09,427.7869873046875,86.89900207519531,4.610000133514404
2026-06-08 13:04:11,386.82501220703125,84.19400024414062,4.038000106811523
2026-06-08 13:09:13,313.6390075683594,84.45500183105469,3.2850000858306885
2026-06-08 13:14:15,292.80499267578125,83.23799896240234,3.0220000743865967
2026-06-08 13:19:17,319.1470031738281,84.21499633789062,3.3329999446868896
2026-06-08 13:24:19,388.072998046875,82.87799835205078,3.98799991607666
2026-06-08 13:46:53,302.47100830078125,5.577000141143799,0.20900000631809235
2026-06-08 13:51:55,264.7149963378906,84.73799896240234,2.7820000648498535
2026-06-08 13:56:57,271.4469909667969,85.48999786376953,2.878000020980835
2026-06-08 14:01:59,360.1440124511719,83.28399658203125,3.7190001010894775
2026-06-08 14:07:01,411.9179992675781,110.4739990234375,5.64300012588501
2026-06-08 14:12:03,332.6969909667969,84.96499633789062,3.505000114440918
2026-06-08 14:17:05,900.7860107421875,68.07099914550781,7.603000164031982
2026-06-08 14:22:08,516.2969970703125,82.45099639892578,5.2789998054504395
2026-06-08 14:27:10,649.8060302734375,83.01100158691406,6.689000129699707
2026-06-08 14:32:12,367.8399963378906,84.97699737548828,3.875999927520752
2026-06-08 14:37:14,269.83099365234375,84.88500213623047,2.8399999141693115
2026-06-08 14:42:16,400.9490051269531,70.40499877929688,3.5
2026-06-08 14:47:18,216.11700439453125,90.78800201416016,2.433000087738037
2026-06-08 14:52:20,108.38899993896484,92.79499816894531,1.246999979019165
2026-06-08 14:57:22,52.314998626708984,92.13400268554688,0.5979999899864197
2026-06-08 15:02:24,27.058000564575195,101.23200225830078,0.3400000035762787
2026-06-08 15:07:26,26.184999465942383,118.21199798583984,0.3840000033378601
2026-06-08 15:12:29,30.47800064086914,121.67500305175781,0.46000000834465027
2026-06-08 15:17:31,30.183000564575195,114.19300079345703,0.4269999861717224
2026-06-08 15:22:33,41.73500061035156,104.12899780273438,0.5389999747276306
2026-06-08 15:27:35,62.14099884033203,98.2239990234375,0.7570000290870667
2026-06-08 15:32:37,66.96299743652344,95.13099670410156,0.7900000214576721
2026-06-08 15:37:39,60.91899871826172,95.88200378417969,0.7239999771118164
2026-06-08 15:42:41,63.016998291015625,95.01000213623047,0.7419999837875366
2026-06-08 15:47:44,87.822998046875,94.30799865722656,1.0269999504089355
2026-06-08 15:52:46,73.99099731445312,92.71399688720703,0.8510000109672546
2026-06-08 15:57:48,64.79299926757812,95.1719970703125,0.7649999856948853
2026-06-08 16:02:50,82.21700286865234,86.62100219726562,0.8830000162124634
2026-06-08 16:07:52,164.5030059814453,86.59500122070312,1.7660000324249268
2026-06-08 16:12:54,206.11000061035156,88.72799682617188,2.2679998874664307
2026-06-08 16:17:56,237.0970001220703,86.26100158691406,2.5360000133514404
2026-06-08 16:22:58,296.49798583984375,82.53199768066406,3.0339999198913574
2026-06-08 16:28:01,421.9729919433594,82.20800018310547,4.301000118255615
2026-06-08 16:33:03,347.1449890136719,82.16100311279297,3.5369999408721924
2026-06-08 16:38:05,235.0590057373047,86.13200378417969,2.510999917984009
2026-06-08 16:43:07,147.30499267578125,85.81999969482422,1.5679999589920044
2026-06-08 16:48:09,126.34200286865234,87.73899841308594,1.375
2026-06-08 16:53:11,119.91300201416016,87.8499984741211,1.305999994277954
2026-06-08 16:58:13,97.53800201416016,89.79900360107422,1.0859999656677246
2026-06-08 17:03:15,73.37100219726562,90.2770004272461,0.8209999799728394
2026-06-08 17:08:18,68.58999633789062,95.41100311279297,0.8109999895095825
2026-06-08 17:13:20,52.736000061035156,90.61900329589844,0.5929999947547913
2026-06-08 17:18:22,50.28799819946289,95.11699676513672,0.5929999947547913
2026-06-08 17:23:24,48.569000244140625,97.14299774169922,0.5849999785423279
2026-06-08 17:28:26,44.064998626708984,100.26000213623047,0.5479999780654907
2026-06-08 17:33:28,40.6349983215332,99.88300323486328,0.503000020980835
2026-06-08 17:38:30,40.28799819946289,102.66899871826172,0.5130000114440918
2026-06-08 17:43:32,44.95100021362305,100.62699890136719,0.5609999895095825
2026-06-08 17:48:35,40.349998474121094,105.18800354003906,0.5260000228881836
2026-06-08 17:53:37,33.21099853515625,87.2979965209961,0.36000001430511475
2026-06-08 17:58:39,35.28200149536133,99.01300048828125,0.43299999833106995
2026-06-08 18:03:41,50.14400100708008,96.60199737548828,0.6010000109672546
2026-06-08 18:08:43,64.65699768066406,93.55799865722656,0.75
2026-06-08 18:13:45,52.10300064086914,92.45899963378906,0.597000002861023
2026-06-08 18:18:47,41.685001373291016,96.66799926757812,0.5
2026-06-08 18:23:49,30.216999053955078,100.88099670410156,0.3779999911785126
2026-06-08 18:28:52,27.695999145507812,98.62799835205078,0.33899998664855957
2026-06-08 18:33:54,24.906999588012695,111.54399871826172,0.3449999988079071
2026-06-08 18:38:56,21.014999389648438,112.84600067138672,0.2939999997615814
2026-06-08 18:43:58,22.731000900268555,111.87699890136719,0.3149999976158142
2026-06-08 18:49:00,25.604999542236328,111.64700317382812,0.3540000021457672
2026-06-08 18:54:02,38.577999114990234,100.7490005493164,0.4819999933242798
2026-06-08 18:59:04,63.63199996948242,95.28800201416016,0.7519999742507935
2026-06-08 19:04:06,69.59300231933594,92.1050033569336,0.7950000166893005
2026-06-08 19:09:09,51.111000061035156,90.7959976196289,0.574999988079071
2026-06-08 19:14:11,40.19200134277344,91.43800354003906,0.4560000002384186
2026-06-08 19:19:13,32.119998931884766,89.9800033569336,0.3580000102519989
2026-06-08 19:24:15,35.80500030517578,89.26300048828125,0.3959999978542328
2026-06-08 19:29:17,41.87900161743164,93.31199645996094,0.48500001430511475
2026-06-08 19:34:19,45.41899871826172,89.51499938964844,0.5040000081062317
2026-06-08 19:39:21,32.14899826049805,96.93199920654297,0.38600000739097595
2026-06-08 19:44:23,23.937999725341797,88.85299682617188,0.2639999985694885
2026-06-08 19:49:25,15.78499984741211,104.63999938964844,0.20499999821186066
2026-06-08 19:54:28,7.815000057220459,103.39800262451172,0.10000000149011612
2026-06-08 19:59:30,4.677999973297119,31.594999313354492,0.017999999225139618
2026-06-08 20:04:32,4.973999977111816,0.25999999046325684,0.0
2026-06-08 20:09:34,6.948999881744385,113.36599731445312,0.09799999743700027
2026-06-08 20:14:36,11.512999534606934,110.61799621582031,0.15800000727176666
2026-06-08 20:19:38,14.902999877929688,93.8550033569336,0.17299999296665192
2026-06-08 20:24:40,12.840999603271484,93.73200225830078,0.14900000393390656
2026-06-08 20:29:42,12.517000198364258,96.63400268554688,0.15000000596046448
2026-06-08 20:34:44,9.336000442504883,97.57099914550781,0.11299999803304672
2026-06-08 20:39:47,4.15500020980835,0.21199999749660492,0.0
2026-06-08 20:44:49,2.746999979019165,0.20600000023841858,0.0
2026-06-08 20:49:51,7.336999893188477,0.18400000035762787,0.0
2026-06-08 20:54:53,9.98900032043457,83.21700286865234,0.10300000011920929
2026-06-08 20:59:55,6.232999801635742,19.62700080871582,0.014999999664723873
2026-06-08 21:04:57,5.090000152587891,0.20200000703334808,0.0
2026-06-08 21:09:59,1.9980000257492065,0.13199999928474426,0.0
2026-06-08 21:15:01,1.4789999723434448,0.2680000066757202,0.0
2026-06-08 21:20:03,0.4869999885559082,0.4830000102519989,0.0
2026-06-08 21:25:05,0.24799999594688416,0.1509999930858612,0.0
2026-06-09 05:40:48,0.24799999594688416,0.1509999930858612,0.0
2026-06-09 05:45:50,0.7730000019073486,0.07100000232458115,0.0
2026-06-09 05:50:52,1.4539999961853027,0.20499999821186066,0.0
2026-06-09 05:55:54,3.499000072479248,0.16300000250339508,0.0
2026-06-09 06:00:56,6.015999794006348,0.14000000059604645,0.0
2026-06-09 06:05:59,9.60200023651123,47.74399948120117,0.05700000002980232
2026-06-09 06:11:01,12.829999923706055,66.86499786376953,0.10599999874830246
2026-06-09 06:16:03,11.343999862670898,61.89500045776367,0.08699999749660492
2026-06-09 06:21:05,12.788999557495117,76.58999633789062,0.12099999934434891
2026-06-09 06:26:07,14.70199966430664,72.63999938964844,0.13199999928474426
2026-06-09 06:31:09,15.005999565124512,70.25599670410156,0.13099999725818634
2026-06-09 06:36:11,10.847999572753906,64.39600372314453,0.08699999749660492
2026-06-09 06:41:13,12.319999694824219,78.70500183105469,0.11999999731779099
2026-06-09 06:46:15,20.292999267578125,74.0260009765625,0.1860000044107437
2026-06-09 06:51:18,17.597999572753906,83.10800170898438,0.1809999942779541
2026-06-09 06:56:20,23.808000564575195,63.83599853515625,0.18799999356269836
2026-06-09 07:01:22,27.006000518798828,69.0770034790039,0.23100000619888306
2026-06-09 07:06:24,33.143001556396484,66.0999984741211,0.2720000147819519
2026-06-09 07:11:26,42.229000091552734,71.95999908447266,0.37700000405311584
2026-06-09 07:16:28,48.91699981689453,75.70800018310547,0.45899999141693115
2026-06-09 07:21:30,48.426998138427734,76.1449966430664,0.4569999873638153
2026-06-09 07:26:32,51.422000885009766,74.00399780273438,0.47200000286102295
2026-06-09 07:31:34,47.40599822998047,75.49800109863281,0.4440000057220459
2026-06-09 07:36:37,49.979000091552734,78.46199798583984,0.4860000014305115
2026-06-09 07:41:39,53.8650016784668,76.53399658203125,0.5109999775886536
2026-06-09 07:46:41,40.89099884033203,74.81300354003906,0.3790000081062317
2026-06-09 07:51:43,46.529998779296875,77.6259994506836,0.4480000138282776
2026-06-09 07:56:45,59.64899826049805,78.12699890136719,0.578000009059906
2026-06-09 08:01:47,65.73300170898438,76.94599914550781,0.6269999742507935
2026-06-09 08:06:49,74.34500122070312,77.94599914550781,0.718999981880188
2026-06-09 08:11:51,73.2229995727539,76.44999694824219,0.6940000057220459
2026-06-09 08:16:53,77.66400146484375,77.37100219726562,0.7450000047683716
2026-06-09 08:21:56,94.58100128173828,75.94999694824219,0.890999972820282
2026-06-09 08:26:58,116.33399963378906,78.20099639892578,1.128000020980835
2026-06-09 08:32:00,125.92500305175781,77.43699645996094,1.2089999914169312
2026-06-09 08:37:02,116.58699798583984,75.9229965209961,1.0980000495910645
2026-06-09 08:42:04,89.45099639892578,79.7020034790039,0.8840000033378601
2026-06-09 08:47:06,77.62300109863281,81.33200073242188,0.7829999923706055
2026-06-09 08:52:08,69.94499969482422,80.05599975585938,0.6940000057220459
2026-06-09 08:57:10,95.88800048828125,80.41500091552734,0.9559999704360962
2026-06-09 09:02:13,87.88999938964844,81.875,0.8920000195503235
2026-06-09 09:07:15,123.39700317382812,80.21600341796875,1.2269999980926514
2026-06-09 09:12:17,190.3470001220703,80.7770004272461,1.906999945640564
2026-06-09 09:17:19,182.6510009765625,84.25499725341797,1.9079999923706055
2026-06-09 09:22:21,162.1510009765625,80.53700256347656,1.61899995803833
2026-06-09 09:27:23,164.4499969482422,81.85399627685547,1.6690000295639038
2026-06-09 09:32:25,180.75,82.58300018310547,1.8509999513626099
2026-06-09 09:37:27,136.69000244140625,83.15599822998047,1.409000039100647
2026-06-09 09:42:29,144.31100463867188,78.13899993896484,1.3980000019073486
2026-06-09 09:47:32,225.50599670410156,81.01499938964844,2.265000104904175
2026-06-09 09:52:34,250.62399291992188,79.40699768066406,2.4679999351501465
2026-06-09 09:57:36,261.1440124511719,96.92500305175781,3.1389999389648438
2026-06-09 10:02:38,216.61000061035156,81.43599700927734,2.187000036239624
2026-06-09 10:07:40,225.2100067138672,80.38999938964844,2.244999885559082
2026-06-09 10:12:42,201.11300659179688,83.03399658203125,2.071000099182129
2026-06-09 10:17:44,154.81399536132812,82.99099731445312,1.593000054359436
2026-06-09 10:22:47,130.9739990234375,77.25,1.2549999952316284
2026-06-09 10:27:49,169.65899658203125,82.1729965209961,1.7289999723434448
2026-06-09 10:32:51,170.61900329589844,80.16600036621094,1.6959999799728394
2026-06-09 10:37:53,208.98699951171875,82.36699676513672,2.134999990463257
2026-06-09 10:42:55,185.52499389648438,84.46600341796875,1.9429999589920044
2026-06-09 10:47:57,133.552001953125,83.73500061035156,1.3869999647140503
2026-06-09 10:52:59,126.18499755859375,84.43099975585938,1.3209999799728394
2026-06-09 10:58:01,113.62300109863281,81.17500305175781,1.1440000534057617
2026-06-09 11:03:04,140.218994140625,83.84700012207031,1.4579999446868896
2026-06-09 11:08:06,140.92999267578125,83.49400329589844,1.4589999914169312
2026-06-09 11:13:08,164.85899353027344,86.4219970703125,1.7669999599456787
2026-06-09 11:18:10,156.38400268554688,85.84500122070312,1.6649999618530273
2026-06-09 11:23:12,150.39500427246094,83.71900177001953,1.5609999895095825
2026-06-09 11:28:14,119.23699951171875,81.15399932861328,1.2000000476837158
2026-06-09 11:33:16,140.01800537109375,83.80599975585938,1.4550000429153442
2026-06-09 11:38:18,229.87899780273438,78.79299926757812,2.246000051498413
2026-06-09 11:43:21,332.78900146484375,76.7239990234375,3.1659998893737793
2026-06-09 11:48:23,325.02398681640625,73.70700073242188,2.9709999561309814
2026-06-09 11:53:25,321.2909851074219,89.0,3.5460000038146973
2026-06-09 11:58:27,354.9389953613281,100.40899658203125,4.419000148773193
2026-06-09 12:03:29,312.6189880371094,82.4990005493164,3.197999954223633
2026-06-09 12:08:31,294.71099853515625,83.44599914550781,3.0490000247955322
2026-06-09 12:13:33,521.2780151367188,71.9469985961914,4.651000022888184
2026-06-09 12:18:35,321.6780090332031,82.14399719238281,3.2769999504089355
2026-06-09 12:23:37,275.7300109863281,81.80599975585938,2.796999931335449
2026-06-09 12:28:40,271.8739929199219,83.29000091552734,2.808000087738037
2026-06-09 12:33:42,323.47900390625,83.28700256347656,3.3410000801086426
2026-06-09 12:38:44,242.23300170898438,81.06300354003906,2.434999942779541
2026-06-09 12:43:46,259.75799560546875,82.072998046875,2.6440000534057617
2026-06-09 12:48:48,306.40899658203125,77.72200012207031,2.953000068664551
2026-06-09 12:53:50,901.3989868164062,73.04399871826172,8.163999557495117
2026-06-09 12:58:52,498.8089904785156,86.46800231933594,5.3480000495910645
2026-06-09 13:03:55,531.4580078125,76.70999908447266,5.054999828338623
2026-06-09 13:08:57,694.35400390625,84.35299682617188,7.263000011444092
2026-06-09 13:13:59,410.14898681640625,83.41300201416016,4.242000102996826
2026-06-09 13:19:01,703.3920288085938,69.64700317382812,6.074999809265137
2026-06-09 13:24:03,693.3209838867188,83.45099639892578,7.173999786376953
2026-06-09 13:46:40,832.5260009765625,15.79699993133545,1.63100004196167
2026-06-09 13:51:42,778.1530151367188,79.125,7.635000228881836
2026-06-09 13:56:45,838.385986328125,78.32599639892578,8.142999649047852
2026-06-09 14:01:47,795.5910034179688,79.51899719238281,7.84499979019165
2026-06-09 14:06:49,750.1810302734375,83.21800231933594,7.741000175476074
2026-06-09 14:11:51,775.0700073242188,73.68599700927734,7.081999778747559
2026-06-09 14:16:53,782.9619750976562,80.27200317382812,7.793000221252441
2026-06-09 14:21:55,788.698974609375,81.03800201416016,7.925000190734863
2026-06-09 14:26:57,762.6929931640625,81.25,7.684000015258789
2026-06-09 14:31:59,671.1680297851562,86.73400115966797,7.2179999351501465
2026-06-09 14:37:02,658.9630126953125,64.87999725341797,5.301000118255615
2026-06-09 14:42:04,731.4310302734375,81.33899688720703,7.376999855041504
2026-06-09 14:47:06,326.39801025390625,81.81400299072266,3.311000108718872
2026-06-09 14:52:08,436.6650085449219,83.13899993896484,4.501999855041504
2026-06-09 14:57:10,539.8259887695312,74.84300231933594,5.010000228881836
2026-06-09 15:02:12,457.30499267578125,97.16999816894531,5.510000228881836
2026-06-09 15:07:14,316.614990234375,81.06800079345703,3.183000087738037
2026-06-09 15:12:16,630.2969970703125,66.68299865722656,5.211999893188477
2026-06-09 15:17:19,347.64599609375,89.37799835205078,3.8529999256134033
2026-06-09 15:22:21,263.7510070800781,82.4800033569336,2.697999954223633
2026-06-09 15:27:23,303.7510070800781,83.1729965209961,3.132999897003174
2026-06-09 15:32:25,539.4099731445312,76.06300354003906,5.0879998207092285
2026-06-09 15:37:27,419.1629943847656,81.13200378417969,4.2170000076293945
2026-06-09 15:42:29,440.4849853515625,80.93499755859375,4.421000003814697
2026-06-09 15:47:31,366.26300048828125,84.85800170898438,3.8540000915527344
2026-06-09 15:52:34,392.70098876953125,77.32499694824219,3.765000104904175
2026-06-09 15:57:36,424.54400634765625,81.60600280761719,4.296000003814697
2026-06-09 16:02:38,351.81500244140625,80.10700225830078,3.494999885559082
2026-06-09 16:07:40,300.03900146484375,80.48899841308594,2.994999885559082
2026-06-09 16:12:42,281.510986328125,81.95700073242188,2.8610000610351562
2026-06-09 16:17:44,275.4469909667969,86.71900177001953,2.9619998931884766
2026-06-09 16:22:46,289.4219970703125,76.8489990234375,2.757999897003174
2026-06-09 16:27:48,256.1619873046875,83.53600311279297,2.6530001163482666
2026-06-09 16:32:51,266.12298583984375,80.6760025024414,2.6619999408721924
2026-06-09 16:37:53,158.75,82.34600067138672,1.621000051498413
2026-06-09 16:42:55,149.81300354003906,82.96199798583984,1.5410000085830688
2026-06-09 16:47:57,125.64099884033203,82.1449966430664,1.2799999713897705
2026-06-09 16:52:59,110.15499877929688,82.7249984741211,1.1299999952316284
2026-06-09 16:58:01,108.21499633789062,82.8219985961914,1.1109999418258667
2026-06-09 17:03:03,93.6500015258789,83.7020034790039,0.972000002861023
2026-06-09 17:08:05,98.63800048828125,85.24400329589844,1.0429999828338623
2026-06-09 17:13:08,101.25700378417969,86.0530014038086,1.0800000429153442
2026-06-09 17:18:10,107.89700317382812,83.55899810791016,1.1180000305175781
2026-06-09 17:23:12,119.17900085449219,84.677001953125,1.2510000467300415
2026-06-09 17:28:14,154.81700134277344,85.38600158691406,1.6390000581741333
2026-06-09 17:33:16,133.84500122070312,85.04000091552734,1.4110000133514404
2026-06-09 17:38:18,117.33699798583984,86.85900115966797,1.2640000581741333
2026-06-09 17:43:20,101.53399658203125,83.54900360107422,1.0520000457763672
2026-06-09 17:48:23,95.03299713134766,84.98300170898438,1.0010000467300415
2026-06-09 17:53:25,88.56900024414062,85.22200012207031,0.9359999895095825
2026-06-09 17:58:27,85.03299713134766,82.0459976196289,0.8650000095367432
2026-06-09 18:03:29,96.55999755859375,84.7699966430664,1.0149999856948853
2026-06-09 18:08:31,109.85600280761719,83.33399963378906,1.1349999904632568
2026-06-09 18:13:33,124.427001953125,83.08799743652344,1.281999945640564
2026-06-09 18:18:35,122.67400360107422,84.76399993896484,1.2890000343322754
2026-06-09 18:23:37,122.08200073242188,81.70600128173828,1.2369999885559082
2026-06-09 18:28:40,123.12200164794922,82.37699890136719,1.2580000162124634
2026-06-09 18:33:42,114.60800170898438,82.89299774169922,1.1779999732971191
2026-06-09 18:38:44,102.0780029296875,84.01200103759766,1.062999963760376
2026-06-09 18:43:46,83.21099853515625,84.9229965209961,0.8759999871253967
2026-06-09 18:48:48,63.7869987487793,85.33200073242188,0.675000011920929
2026-06-09 18:53:50,57.50899887084961,85.06500244140625,0.6069999933242798
2026-06-09 18:58:52,56.888999938964844,82.11499786376953,0.5789999961853027
2026-06-09 19:03:54,59.542999267578125,84.20500183105469,0.621999979019165
2026-06-09 19:08:57,54.82099914550781,82.48899841308594,0.5609999895095825
2026-06-09 19:13:59,50.2400016784668,83.56199645996094,0.5210000276565552
2026-06-09 19:19:01,41.862998962402344,82.09300231933594,0.4259999990463257
2026-06-09 19:24:03,38.33399963378906,82.84700012207031,0.39399999380111694
2026-06-09 19:29:05,33.4630012512207,80.29499816894531,0.3330000042915344
2026-06-09 19:34:07,30.149999618530273,79.71499633789062,0.2980000078678131
2026-06-09 19:39:09,29.327999114990234,85.33899688720703,0.3100000023841858
2026-06-09 19:44:11,26.253999710083008,81.06900024414062,0.2639999985694885
2026-06-09 19:49:14,27.018999099731445,85.302001953125,0.28600001335144043
2026-06-09 19:54:16,26.104999542236328,78.62799835205078,0.2549999952316284
2026-06-09 19:59:18,29.121999740600586,87.25700378417969,0.3149999976158142
2026-06-09 20:04:20,28.21299934387207,85.4739990234375,0.29899999499320984
2026-06-09 20:09:22,27.45800018310547,80.6969985961914,0.2750000059604645
2026-06-09 20:14:24,20.729000091552734,93.12100219726562,0.23899999260902405
2026-06-09 20:19:26,17.94700050354004,78.10199737548828,0.17399999499320984
2026-06-09 20:24:28,17.426000595092773,83.00399780273438,0.17900000512599945
2026-06-09 20:29:30,16.9689998626709,84.30799865722656,0.1770000010728836
2026-06-09 20:34:32,13.456000328063965,86.30699920654297,0.14399999380111694
2026-06-09 20:39:34,12.208000183105469,99.2509994506836,0.15000000596046448
2026-06-09 20:44:36,12.59000015258789,92.12300109863281,0.14399999380111694
2026-06-09 20:49:39,10.102999687194824,92.29199981689453,0.11599999666213989
2026-06-09 20:54:41,7.749000072479248,73.72000122070312,0.07100000232458115
2026-06-09 20:59:43,5.2779998779296875,28.31399917602539,0.01899999938905239
2026-06-09 21:04:45,3.359999895095825,0.164000004529953,0.0
2026-06-09 21:09:47,2.443000078201294,0.2329999953508377,0.0
2026-06-09 21:14:49,2.009000062942505,0.23800000548362732,0.0
2026-06-09 21:19:51,1.2269999980926514,0.23000000417232513,0.0
2026-06-09 21:24:53,1.1200000047683716,0.14900000393390656,0.0
2026-06-10 05:40:31,1.1200000047683716,0.14900000393390656,0.0
2026-06-10 05:45:33,1.9520000219345093,0.21699999272823334,0.0
2026-06-10 05:50:35,4.934999942779541,0.22300000488758087,0.0
2026-06-10 05:55:37,7.252999782562256,0.2370000034570694,0.0
2026-06-10 06:00:39,8.164999961853027,24.011999130249023,0.024000000208616257
2026-06-10 06:05:41,10.364999771118164,71.177001953125,0.09099999815225601
2026-06-10 06:10:43,11.652999877929688,63.974998474121094,0.09200000017881393
2026-06-10 06:15:45,14.440999984741211,71.3479995727539,0.12800000607967377
2026-06-10 06:20:47,14.086999893188477,67.82499694824219,0.11800000071525574
2026-06-10 06:25:49,20.424999237060547,67.33899688720703,0.17100000381469727
2026-06-10 06:30:52,20.93000030517578,71.08499908447266,0.18400000035762787
2026-06-10 06:35:54,15.744000434875488,65.26200103759766,0.12700000405311584
2026-06-10 06:40:56,10.821000099182129,73.23699951171875,0.09799999743700027
2026-06-10 06:45:58,10.510000228881836,92.85199737548828,0.12099999934434891
2026-06-10 06:51:00,10.071000099182129,73.40499877929688,0.09200000017881393
2026-06-10 06:56:02,10.746999740600586,72.83799743652344,0.09700000286102295
2026-06-10 07:01:04,16.530000686645508,82.8489990234375,0.17000000178813934
2026-06-10 07:06:06,17.94700050354004,73.8479995727539,0.164000004529953
2026-06-10 07:11:08,22.69300079345703,75.33599853515625,0.21199999749660492
2026-06-10 07:16:11,28.452999114990234,72.94599914550781,0.25699999928474426
2026-06-10 07:21:13,41.0989990234375,74.802001953125,0.38100001215934753
2026-06-10 07:26:15,45.59299850463867,75.38700103759766,0.4259999990463257
2026-06-10 07:31:17,30.402000427246094,74.7509994506836,0.28200000524520874
2026-06-10 07:36:19,31.52899932861328,73.81700134277344,0.289000004529953
2026-06-10 07:41:21,53.832000732421875,74.64600372314453,0.49799999594688416
2026-06-10 07:46:23,65.26399993896484,75.90599822998047,0.6140000224113464
2026-06-10 07:51:25,60.80500030517578,77.47599792480469,0.5839999914169312
2026-06-10 07:56:27,62.944000244140625,76.60399627685547,0.5979999899864197
2026-06-10 08:01:29,75.08599853515625,75.29900360107422,0.7009999752044678
2026-06-10 08:06:31,70.31099700927734,74.88400268554688,0.652999997138977
2026-06-10 08:11:33,72.52300262451172,77.56900024414062,0.6980000138282776
2026-06-10 08:16:36,83.3270034790039,78.5790023803711,0.8119999766349792
2026-06-10 08:21:38,84.84300231933594,77.2760009765625,0.8130000233650208
2026-06-10 08:26:40,79.697998046875,79.00599670410156,0.781000018119812
2026-06-10 08:31:42,84.0270004272461,78.59500122070312,0.8190000057220459
2026-06-10 08:36:44,95.60900115966797,77.08699798583984,0.9139999747276306
2026-06-10 08:41:46,91.7030029296875,73.9219970703125,0.8410000205039978
2026-06-10 08:46:48,125.09700012207031,75.87300109863281,1.1770000457763672
2026-06-10 08:51:50,140.18699645996094,74.91100311279297,1.3020000457763672
2026-06-10 08:56:52,161.37600708007812,75.23699951171875,1.50600004196167
2026-06-10 09:01:55,172.42100524902344,76.60900115966797,1.6380000114440918
2026-06-10 09:06:57,163.44200134277344,75.58300018310547,1.531999945640564
2026-06-10 09:11:59,189.33700561523438,75.48100280761719,1.7719999551773071
2026-06-10 09:17:01,192.7429962158203,77.93000030517578,1.8630000352859497
2026-06-10 09:22:03,165.33299255371094,77.09600067138672,1.5809999704360962
2026-06-10 09:27:05,163.67300415039062,77.10600280761719,1.565000057220459
2026-06-10 09:32:07,155.00799560546875,78.00800323486328,1.4989999532699585
2026-06-10 09:37:09,154.34300231933594,76.46900177001953,1.4639999866485596
2026-06-10 09:42:11,155.08299255371094,77.9990005493164,1.5
2026-06-10 09:47:13,160.52000427246094,77.91100311279297,1.5509999990463257
2026-06-10 09:52:16,184.2949981689453,75.25499725341797,1.7200000286102295
2026-06-10 09:57:18,235.70700073242188,75.43000030517578,2.2049999237060547
2026-06-10 10:02:20,258.20599365234375,75.63099670410156,2.421999931335449
2026-06-10 10:07:22,311.7869873046875,82.10800170898438,3.1740000247955322
2026-06-10 10:12:24,221.95799255371094,78.0469970703125,2.1480000019073486
2026-06-10 10:17:26,195.4530029296875,77.43699645996094,1.8769999742507935
2026-06-10 10:22:28,192.36300659179688,78.43800354003906,1.871000051498413
2026-06-10 10:27:30,195.26600646972656,79.54199981689453,1.9259999990463257
2026-06-10 10:32:32,191.64100646972656,78.91999816894531,1.875
2026-06-10 10:37:34,205.59800720214844,79.71399688720703,2.0320000648498535
2026-06-10 10:42:36,235.33299255371094,79.5469970703125,2.321000099182129
2026-06-10 10:47:39,273.3489990234375,80.16600036621094,2.7170000076293945
2026-06-10 10:52:41,294.03399658203125,78.69300079345703,2.86899995803833
2026-06-10 10:57:43,307.35699462890625,79.37100219726562,3.0250000953674316
2026-06-10 11:02:45,253.8509979248047,78.81999969482422,2.4809999465942383
2026-06-10 11:07:47,220.1439971923828,83.09300231933594,2.2679998874664307
2026-06-10 11:12:49,192.19900512695312,80.83699798583984,1.9270000457763672
2026-06-10 11:17:51,202.4709930419922,82.48200225830078,2.071000099182129
2026-06-10 11:22:53,221.322998046875,80.53800201416016,2.2100000381469727
2026-06-10 11:27:56,269.2229919433594,82.80799865722656,2.7639999389648438
2026-06-10 11:32:58,197.5330047607422,81.98200225830078,2.007999897003174
2026-06-10 11:38:00,161.08799743652344,80.47100067138672,1.6069999933242798
2026-06-10 11:43:02,140.61000061035156,80.84600067138672,1.409999966621399
2026-06-10 11:48:04,161.66099548339844,83.03299713134766,1.6640000343322754
2026-06-10 11:53:06,172.0749969482422,84.99400329589844,1.8140000104904175
2026-06-10 11:58:08,152.968994140625,80.78600311279297,1.531999945640564
2026-06-10 12:03:10,138.13900756835938,84.7020034790039,1.4509999752044678
2026-06-10 12:08:12,125.75299835205078,85.4530029296875,1.3320000171661377
2026-06-10 12:13:14,131.2899932861328,85.06999969482422,1.3849999904632568
2026-06-10 12:18:16,88.7020034790039,87.30599975585938,0.9599999785423279
2026-06-10 12:23:18,93.60700225830078,82.8759994506836,0.9620000123977661
2026-06-10 12:28:21,174.40199279785156,87.0790023803711,1.8830000162124634
2026-06-10 12:33:23,185.91099548339844,90.84400177001953,2.0940001010894775
2026-06-10 12:38:25,134.3040008544922,89.63700103759766,1.4930000305175781
2026-06-10 12:43:27,95.79399871826172,89.82099914550781,1.0670000314712524
2026-06-10 12:48:29,77.46600341796875,91.9530029296875,0.8830000162124634
2026-06-10 12:53:31,70.86100006103516,96.00199890136719,0.843999981880188
2026-06-10 12:58:33,64.83699798583984,94.66000366210938,0.7609999775886536
2026-06-10 13:03:35,80.50299835205078,92.99400329589844,0.9279999732971191
2026-06-10 13:08:37,89.58899688720703,90.89900207519531,1.0099999904632568
2026-06-10 13:13:39,110.21399688720703,90.33499908447266,1.2350000143051147
2026-06-10 13:18:42,130.26100158691406,90.48200225830078,1.4609999656677246
2026-06-10 13:23:44,138.97799682617188,89.822998046875,1.5479999780654907
2026-06-10 13:47:26,268.0979919433594,82.99800109863281,2.759000062942505
2026-06-10 13:52:28,306.0979919433594,81.55799865722656,3.0959999561309814
2026-06-10 13:57:30,635.7529907226562,81.76399993896484,6.446000099182129
2026-06-10 14:02:32,956.864013671875,78.1520004272461,9.27299976348877
2026-06-10 14:07:34,501.7439880371094,84.95600128173828,5.285999774932861
2026-06-10 14:12:37,651.8670043945312,56.25199890136719,4.546999931335449
2026-06-10 14:17:39,324.14599609375,78.38600158691406,3.1510000228881836
2026-06-10 14:22:41,306.2969970703125,78.0250015258789,2.9630000591278076
2026-06-10 14:27:43,361.8290100097656,80.1729965209961,3.5969998836517334
2026-06-10 14:32:45,495.0190124511719,77.62100219726562,4.764999866485596
2026-06-10 14:37:47,469.10400390625,82.13500213623047,4.7779998779296875
2026-06-10 14:42:49,446.4429931640625,78.47699737548828,4.343999862670898
2026-06-10 14:47:51,856.1530151367188,41.222999572753906,4.375999927520752
2026-06-10 14:52:53,197.63699340820312,77.26200103759766,1.8930000066757202
2026-06-10 14:57:55,162.41400146484375,83.83899688720703,1.687999963760376
2026-06-10 15:02:58,146.51199340820312,85.95800018310547,1.562000036239624
2026-06-10 15:08:00,167.7050018310547,85.76799774169922,1.784000039100647
2026-06-10 15:13:02,172.31100463867188,81.73100280761719,1.746000051498413
2026-06-10 15:18:04,174.67999267578125,82.13800048828125,1.7790000438690186
2026-06-10 15:23:06,215.31399536132812,79.25299835205078,2.115999937057495
2026-06-10 15:28:08,240.33799743652344,80.14399719238281,2.388000011444092
2026-06-10 15:33:10,298.364990234375,80.2979965209961,2.9709999561309814
2026-06-10 15:38:12,280.8710021972656,79.93699645996094,2.7839999198913574
2026-06-10 15:43:14,236.7050018310547,80.10800170898438,2.3510000705718994
2026-06-10 15:48:16,240.26300048828125,81.06500244140625,2.4149999618530273
2026-06-10 15:53:18,217.58200073242188,80.18900299072266,2.1640000343322754
2026-06-10 15:58:21,226.7729949951172,78.79499816894531,2.2160000801086426
2026-06-10 16:03:23,507.66900634765625,58.448001861572266,3.678999900817871
2026-06-10 16:08:25,271.1499938964844,77.16300201416016,2.5940001010894775
2026-06-10 16:13:27,274.9549865722656,77.91899871826172,2.6570000648498535
2026-06-10 16:18:29,307.17498779296875,77.79100036621094,2.9630000591278076
2026-06-10 16:23:31,897.2069702148438,63.81800079345703,7.099999904632568
2026-06-10 16:28:33,379.2749938964844,74.177001953125,3.489000082015991
2026-06-10 16:33:35,492.31298828125,98.75399780273438,6.0289998054504395
2026-06-10 16:38:37,920.8410034179688,67.74700164794922,7.736000061035156
2026-06-10 16:43:40,864.2329711914062,67.15299987792969,7.196000099182129
2026-06-10 16:48:42,887.010009765625,65.83799743652344,7.241000175476074
2026-06-10 16:53:44,887.0560302734375,66.59700012207031,7.324999809265137
2026-06-10 16:58:46,222.18699645996094,81.3270034790039,2.240999937057495
2026-06-10 17:03:48,308.6809997558594,63.7130012512207,2.438999891281128
2026-06-10 17:08:50,213.45799255371094,80.91899871826172,2.1419999599456787
2026-06-10 17:13:52,204.84100341796875,78.19000244140625,1.9859999418258667
2026-06-10 17:18:54,266.1390075683594,74.91400146484375,2.4719998836517334
2026-06-10 17:23:56,276.1759948730469,78.75,2.697000026702881
2026-06-10 17:28:59,207.86700439453125,80.05999755859375,2.063999891281128
2026-06-10 17:34:01,135.3419952392578,80.00299835205078,1.343000054359436
2026-06-10 17:39:03,153.9250030517578,72.46900177001953,1.3830000162124634
2026-06-10 17:44:05,627.301025390625,60.50199890136719,4.705999851226807
2026-06-10 17:49:07,500.5710144042969,58.72200012207031,3.6449999809265137
2026-06-10 17:54:09,444.1780090332031,56.472999572753906,3.109999895095825
2026-06-10 17:59:11,64.85900115966797,357.6570129394531,2.875999927520752
2026-06-10 18:04:14,66.6259994506836,329.21600341796875,2.7200000286102295
2026-06-10 18:09:16,76.60800170898438,289.11700439453125,2.746000051498413
2026-06-10 18:14:18,71.58200073242188,95.91000366210938,0.8510000109672546
2026-06-10 18:19:20,114.33799743652344,93.58799743652344,1.3270000219345093
2026-06-10 18:24:22,93.9280014038086,86.98899841308594,1.0130000114440918
2026-06-10 18:29:24,60.28799819946289,82.34300231933594,0.6159999966621399
2026-06-10 18:34:26,64.99700164794922,83.51000213623047,0.6729999780654907
2026-06-10 18:39:28,68.26499938964844,84.0780029296875,0.7120000123977661
2026-06-10 18:44:30,62.297000885009766,84.76599884033203,0.6549999713897705
2026-06-10 18:49:32,50.9370002746582,86.80699920654297,0.5479999780654907
2026-06-10 18:54:35,38.53499984741211,89.29299926757812,0.4269999861717224
2026-06-10 18:59:37,36.40700149536133,86.3290023803711,0.38999998569488525
2026-06-10 19:04:39,64.4209976196289,85.53800201416016,0.6830000281333923
2026-06-10 19:09:41,84.08699798583984,81.21700286865234,0.847000002861023
2026-06-10 19:14:43,72.94400024414062,79.89600372314453,0.7229999899864197
2026-06-10 19:19:45,69.55799865722656,76.55599975585938,0.6600000262260437
2026-06-10 19:24:47,67.38300323486328,81.66400146484375,0.6819999814033508
2026-06-10 19:29:49,60.27899932861328,77.06500244140625,0.5759999752044678
2026-06-10 19:34:51,58.125999450683594,73.02799987792969,0.5260000228881836
2026-06-10 19:39:53,59.08599853515625,74.73500061035156,0.5479999780654907
2026-06-10 19:44:56,54.058998107910156,74.69499969482422,0.5009999871253967
2026-06-10 19:49:58,56.91899871826172,75.63400268554688,0.5339999794960022
2026-06-10 19:55:00,47.05099868774414,76.51100158691406,0.44600000977516174
2026-06-10 20:00:02,38.63100051879883,78.1240005493164,0.37400001287460327
2026-06-10 20:05:04,35.4010009765625,76.66799926757812,0.3370000123977661
2026-06-10 20:10:06,35.2869987487793,77.4749984741211,0.33899998664855957
2026-06-10 20:15:08,38.880001068115234,77.21700286865234,0.3720000088214874
2026-06-10 20:20:10,31.520000457763672,80.60399627685547,0.3149999976158142
2026-06-10 20:25:12,26.37700080871582,81.48899841308594,0.2669999897480011
2026-06-10 20:30:15,24.14699935913086,74.00599670410156,0.22200000286102295
2026-06-10 20:35:17,21.922000885009766,76.97699737548828,0.20900000631809235
2026-06-10 20:40:19,20.089000701904297,78.1449966430664,0.19499999284744263
2026-06-10 20:45:21,15.737000465393066,86.28800201416016,0.1679999977350235
2026-06-10 20:50:23,12.045999526977539,80.54100036621094,0.11999999731779099
2026-06-10 20:55:25,8.090999603271484,85.36299896240234,0.0860000029206276
2026-06-10 21:00:27,6.980999946594238,40.191001892089844,0.03500000014901161
2026-06-10 21:05:29,6.089000225067139,21.437000274658203,0.01600000075995922
2026-06-10 21:10:31,4.5329999923706055,0.20900000631809235,0.0
2026-06-10 21:15:33,2.190000057220459,0.2669999897480011,0.0
2026-06-10 21:20:36,1.402999997138977,0.2720000147819519,0.0
2026-06-10 21:25:38,0.45899999141693115,0.2240000069141388,0.0
2026-06-11 05:40:11,0.45899999141693115,0.2240000069141388,0.0
2026-06-11 05:45:13,1.531000018119812,0.07199999690055847,0.0
2026-06-11 05:50:16,2.1010000705718994,0.10499999672174454,0.0
2026-06-11 05:55:18,3.127000093460083,0.20499999821186066,0.0
2026-06-11 06:00:20,4.2829999923706055,0.17399999499320984,0.0
2026-06-11 06:05:22,5.675000190734863,0.20600000023841858,0.0
2026-06-11 06:10:24,8.210000038146973,67.99400329589844,0.0689999982714653
2026-06-11 06:15:26,12.857000350952148,75.43900299072266,0.11999999731779099
2026-06-11 06:20:28,14.468999862670898,81.3489990234375,0.1459999978542328
2026-06-11 06:25:30,15.770999908447266,73.85299682617188,0.14399999380111694
2026-06-11 06:30:32,18.746999740600586,76.2699966430664,0.1770000010728836
2026-06-11 06:35:35,20.902999877929688,85.24099731445312,0.22100000083446503
2026-06-11 06:40:37,23.78700065612793,82.2490005493164,0.24300000071525574
2026-06-11 06:45:39,31.702999114990234,76.1240005493164,0.29899999499320984
2026-06-11 06:50:41,33.055999755859375,75.21499633789062,0.30799999833106995
2026-06-11 06:55:43,32.99399948120117,79.90299987792969,0.3269999921321869
2026-06-11 07:00:45,31.843000411987305,79.41999816894531,0.3140000104904175
2026-06-11 07:05:47,33.909000396728516,78.11599731445312,0.328000009059906
2026-06-11 07:10:49,36.66699981689453,76.8489990234375,0.3490000069141388
2026-06-11 07:15:51,38.823001861572266,76.00700378417969,0.3659999966621399
2026-06-11 07:20:54,39.4379997253418,75.27200317382812,0.36800000071525574
2026-06-11 07:25:56,40.097999572753906,77.12799835205078,0.382999986410141
2026-06-11 07:30:58,41.54999923706055,75.12200164794922,0.3869999945163727
2026-06-11 07:36:00,44.32500076293945,78.0530014038086,0.42899999022483826
2026-06-11 07:41:02,44.319000244140625,77.8280029296875,0.42800000309944153
2026-06-11 07:46:04,45.391998291015625,79.36499786376953,0.44699999690055847
2026-06-11 07:51:06,51.41400146484375,70.68900299072266,0.45100000500679016
2026-06-11 07:56:08,250.41099548339844,16.429000854492188,0.5099999904632568
2026-06-11 08:01:10,281.9630126953125,18.176000595092773,0.6349999904632568
2026-06-11 08:06:13,296.3789978027344,49.79499816894531,1.8300000429153442
2026-06-11 08:11:15,316.593994140625,49.65299987792969,1.9490000009536743
2026-06-11 08:16:17,328.3919982910156,49.775001525878906,2.0269999504089355
2026-06-11 08:21:19,353.1610107421875,50.66899871826172,2.2190001010894775
2026-06-11 08:26:21,360.6029968261719,50.125999450683594,2.240999937057495
2026-06-11 08:31:23,391.718994140625,51.78200149536133,2.515000104904175
2026-06-11 08:36:25,408.6860046386719,51.52899932861328,2.6110000610351562
2026-06-11 08:41:27,413.5820007324219,53.88199996948242,2.763000011444092
2026-06-11 08:46:29,73.46700286865234,73.24800109863281,0.6669999957084656
2026-06-11 08:51:31,462.19000244140625,55.87699890136719,3.2019999027252197
2026-06-11 08:56:34,137.33900451660156,74.39900207519531,1.2669999599456787
2026-06-11 09:01:36,135.08299255371094,70.75499725341797,1.184999942779541
2026-06-11 09:06:38,143.21099853515625,72.43599700927734,1.2860000133514404
2026-06-11 09:11:40,194.7449951171875,68.7020034790039,1.659000039100647
2026-06-11 09:16:42,214.26499938964844,70.41100311279297,1.871000051498413
2026-06-11 09:21:44,224.84300231933594,69.70999908447266,1.944000005722046
2026-06-11 09:26:46,229.322998046875,67.25299835205078,1.9119999408721924
2026-06-11 09:31:48,330.885009765625,47.53099822998047,1.9500000476837158
2026-06-11 09:36:50,248.61700439453125,70.59200286865234,2.1760001182556152
2026-06-11 09:41:52,211.08299255371094,82.20700073242188,2.1519999504089355
2026-06-11 09:46:55,210.7949981689453,68.72899627685547,1.7960000038146973
2026-06-11 09:51:57,180.5030059814453,74.8479995727539,1.6749999523162842
2026-06-11 09:56:59,127.88700103759766,76.00399780273438,1.2050000429153442
2026-06-11 10:02:01,140.03199768066406,72.98200225830078,1.2669999599456787
2026-06-11 10:07:03,172.9459991455078,75.89600372314453,1.628000020980835
2026-06-11 10:12:05,411.13800048828125,67.65599822998047,3.4489998817443848
2026-06-11 10:17:07,313.4809875488281,79.4280014038086,3.0880000591278076
2026-06-11 10:22:09,174.5760040283203,73.6500015258789,1.593999981880188
2026-06-11 10:27:12,205.8419952392578,74.5979995727539,1.9040000438690186
2026-06-11 10:32:14,194.447998046875,75.73200225830078,1.8259999752044678
2026-06-11 10:37:16,164.77000427246094,80.27300262451172,1.6399999856948853
2026-06-11 10:42:18,147.5449981689453,75.4729995727539,1.38100004196167
2026-06-11 10:47:20,174.79299926757812,78.3499984741211,1.6979999542236328
2026-06-11 10:52:22,179.36199951171875,77.48899841308594,1.7230000495910645
2026-06-11 10:57:24,227.5290069580078,73.38700103759766,2.071000099182129
2026-06-11 11:02:26,993.4310302734375,49.60300064086914,6.110000133514404
2026-06-11 11:07:29,1091.3480224609375,65.79299926757812,8.904000282287598
2026-06-11 11:12:31,684.281005859375,67.8949966430664,5.761000156402588
2026-06-11 11:17:33,817.0560302734375,51.95100021362305,5.263000011444092
2026-06-11 11:22:35,348.2449951171875,68.56199645996094,2.9609999656677246
2026-06-11 11:27:37,1197.6219482421875,67.8290023803711,10.072999954223633
2026-06-11 11:32:39,287.3389892578125,76.05400085449219,2.7100000381469727
2026-06-11 11:37:41,254.38299560546875,77.14099884033203,2.433000087738037
2026-06-11 11:42:43,1109.988037109375,67.98799896240234,9.357999801635742
2026-06-11 11:47:46,312.56500244140625,72.2979965209961,2.802000045776367
2026-06-11 11:52:48,190.91700744628906,77.12699890136719,1.8259999752044678
2026-06-11 11:57:50,167.36199951171875,74.9990005493164,1.555999994277954
2026-06-11 12:02:52,205.81700134277344,76.3499984741211,1.9490000009536743
2026-06-11 12:07:54,266.6130065917969,77.27100372314453,2.555000066757202
2026-06-11 12:12:56,1265.5059814453125,71.40299987792969,11.204999923706055
2026-06-11 12:17:58,1164.9029541015625,70.6500015258789,10.204999923706055
2026-06-11 12:23:00,618.0020141601562,104.4010009765625,8.0
2026-06-11 12:28:02,302.2860107421875,77.68699645996094,2.9119999408721924
2026-06-11 12:33:05,220.15499877929688,79.7770004272461,2.177999973297119
2026-06-11 12:38:07,179.18899536132812,79.18199920654297,1.7589999437332153
2026-06-11 12:43:09,164.82699584960938,78.76699829101562,1.6100000143051147
2026-06-11 12:48:11,179.00100708007812,80.56099700927734,1.7879999876022339
2026-06-11 12:53:13,244.52699279785156,79.98799896240234,2.424999952316284
2026-06-11 12:58:15,295.0409851074219,79.4800033569336,2.9079999923706055
2026-06-11 13:03:17,1209.883056640625,76.00800323486328,11.402999877929688
2026-06-11 13:08:19,1039.64794921875,86.48300170898438,11.14900016784668
2026-06-11 13:13:21,1183.31201171875,74.45099639892578,10.923999786376953
2026-06-11 13:18:24,329.2300109863281,86.1969985961914,3.5190000534057617
2026-06-11 13:23:26,209.43800354003906,78.60900115966797,2.0420000553131104
2026-06-11 13:46:09,374.62200927734375,6.796000003814697,0.3160000145435333
2026-06-11 13:51:11,324.27899169921875,108.30999755859375,4.355000019073486
2026-06-11 13:56:13,197.43499755859375,75.94100189208984,1.8589999675750732
2026-06-11 14:01:15,211.8990020751953,75.77200317382812,1.9910000562667847
2026-06-11 14:06:17,320.3609924316406,76.24700164794922,3.0290000438690186
2026-06-11 14:11:20,1189.2550048828125,78.49500274658203,11.574999809265137
2026-06-11 14:16:22,1224.302001953125,74.85399627685547,11.36400032043457
2026-06-11 14:21:24,1316.2650146484375,66.60399627685547,10.871000289916992
2026-06-11 14:26:26,1159.33203125,70.88600158691406,10.1899995803833
2026-06-11 14:31:28,1177.9110107421875,74.59500122070312,10.895000457763672
2026-06-11 14:36:30,857.2589721679688,98.17400360107422,10.435999870300293
2026-06-11 14:41:32,307.031005859375,78.13200378417969,2.9749999046325684
2026-06-11 14:46:34,1246.7359619140625,75.59200286865234,11.685999870300293
2026-06-11 14:51:37,351.92498779296875,77.75,3.3929998874664307
2026-06-11 14:56:39,223.48800659179688,79.83499908447266,2.2119998931884766
2026-06-11 15:01:41,203.72300720214844,80.89600372314453,2.0439999103546143
2026-06-11 15:06:43,203.28900146484375,79.5780029296875,2.00600004196167
2026-06-11 15:11:45,243.92599487304688,80.04399871826172,2.4210000038146973
2026-06-11 15:16:47,273.2340087890625,78.97899627685547,2.6760001182556152
2026-06-11 15:21:49,1141.5770263671875,71.74299621582031,10.156000137329102
2026-06-11 15:26:51,1128.8179931640625,75.04199981689453,10.503999710083008
2026-06-11 15:31:54,205.87399291992188,78.50800323486328,2.003999948501587
2026-06-11 15:36:56,151.29600524902344,77.43800354003906,1.4529999494552612
2026-06-11 15:41:58,170.2969970703125,77.16500091552734,1.628999948501587
2026-06-11 15:47:00,236.4409942626953,79.4209976196289,2.3289999961853027
2026-06-11 15:52:02,204.09800720214844,78.6760025024414,1.9910000562667847
2026-06-11 15:57:04,193.95399475097656,80.00900268554688,1.9240000247955322
2026-06-11 16:02:06,159.91799926757812,78.3270034790039,1.5529999732971191
2026-06-11 16:07:08,162.74099731445312,76.90599822998047,1.5520000457763672
2026-06-11 16:12:10,145.86500549316406,59.847999572753906,1.0820000171661377
2026-06-11 16:17:13,527.5430297851562,70.75700378417969,4.629000186920166
2026-06-11 16:22:15,283.73699951171875,69.33399963378906,2.438999891281128
2026-06-11 16:27:17,174.21499633789062,80.23500061035156,1.7330000400543213
2026-06-11 16:32:19,179.59800720214844,77.51699829101562,1.7259999513626099
2026-06-11 16:37:21,229.58900451660156,72.46600341796875,2.062999963760376
2026-06-11 16:42:23,202.5989990234375,74.0770034790039,1.8609999418258667
2026-06-11 16:47:25,167.37399291992188,77.33599853515625,1.6050000190734863
2026-06-11 16:52:27,374.6700134277344,75.69999694824219,3.5169999599456787
2026-06-11 16:57:30,171.72799682617188,76.88500213623047,1.6369999647140503
2026-06-11 17:02:32,167.68699645996094,76.27799987792969,1.5859999656677246
2026-06-11 17:07:34,195.58399963378906,78.72899627685547,1.909000039100647
2026-06-11 17:12:36,206.49400329589844,76.99800109863281,1.972000002861023
2026-06-11 17:17:38,208.50100708007812,75.07599639892578,1.940999984741211
2026-06-11 17:22:40,187.09500122070312,74.68000030517578,1.7330000400543213
2026-06-11 17:27:42,144.6510009765625,75.94999694824219,1.3619999885559082
2026-06-11 17:32:44,156.03700256347656,74.41999816894531,1.440000057220459
2026-06-11 17:37:46,204.36000061035156,73.03299713134766,1.8509999513626099
2026-06-11 17:42:49,186.9219970703125,77.6969985961914,1.8009999990463257
2026-06-11 17:47:51,251.82899475097656,70.24700164794922,2.194000005722046
2026-06-11 17:52:53,174.24899291992188,79.54399871826172,1.718999981880188
2026-06-11 17:57:55,142.25599670410156,72.9280014038086,1.2860000133514404
2026-06-11 18:02:57,192.93699645996094,119.0199966430664,2.8469998836517334
2026-06-11 18:07:59,182.8820037841797,104.22100067138672,2.36299991607666
2026-06-11 18:13:01,157.60899353027344,74.0989990234375,1.4479999542236328
2026-06-11 18:18:03,114.61900329589844,76.40399932861328,1.0859999656677246
2026-06-11 18:23:06,112.27400207519531,76.47100067138672,1.065000057220459
2026-06-11 18:28:08,121.08200073242188,77.54399871826172,1.1640000343322754
2026-06-11 18:33:10,126.01599884033203,77.91200256347656,1.2170000076293945
2026-06-11 18:38:12,111.82099914550781,76.95500183105469,1.0670000314712524
2026-06-11 18:43:14,103.47000122070312,75.54399871826172,0.968999981880188
2026-06-11 18:48:16,81.03099822998047,76.6780014038086,0.7699999809265137
2026-06-11 18:53:18,83.94999694824219,75.34400177001953,0.7839999794960022
2026-06-11 18:58:20,86.49600219726562,77.1969985961914,0.828000009059906
2026-06-11 19:03:23,80.28299713134766,77.50700378417969,0.7720000147819519
2026-06-11 19:08:25,82.66100311279297,78.31700134277344,0.8029999732971191
2026-06-11 19:13:27,93.53099822998047,75.65499877929688,0.8769999742507935
2026-06-11 19:18:29,73.84500122070312,76.85299682617188,0.7039999961853027
2026-06-11 19:23:31,75.80799865722656,76.56300354003906,0.7200000286102295
2026-06-11 19:28:33,71.99099731445312,76.7300033569336,0.6850000023841858
2026-06-11 19:33:35,88.96900177001953,77.80899810791016,0.8579999804496765
2026-06-11 19:38:37,71.66600036621094,76.99600219726562,0.6840000152587891
2026-06-11 19:43:40,56.61000061035156,76.34200286865234,0.5360000133514404
2026-06-11 19:48:42,51.75899887084961,75.11299896240234,0.4819999933242798
2026-06-11 19:53:44,51.606998443603516,75.45899963378906,0.4830000102519989
2026-06-11 19:58:46,49.09600067138672,78.2959976196289,0.47699999809265137
2026-06-11 20:03:48,40.92300033569336,81.0719985961914,0.41100001335144043
2026-06-11 20:08:50,28.70599937438965,79.13700103759766,0.28200000524520874
2026-06-11 20:13:52,27.99799919128418,79.57499694824219,0.2759999930858612
2026-06-11 20:18:54,33.57699966430664,74.36100006103516,0.3100000023841858
2026-06-11 20:23:57,34.53499984741211,76.9280014038086,0.32899999618530273
2026-06-11 20:28:59,26.76799964904785,78.43099975585938,0.25999999046325684
2026-06-11 20:34:01,20.363000869750977,82.84600067138672,0.20900000631809235
2026-06-11 20:39:03,14.904999732971191,82.45800018310547,0.15199999511241913
2026-06-11 20:44:05,11.8100004196167,104.63099670410156,0.15299999713897705
2026-06-11 20:49:07,9.822999954223633,115.3010025024414,0.14000000059604645
2026-06-11 20:54:09,9.777000427246094,88.0719985961914,0.10700000077486038
2026-06-11 20:59:11,8.336000442504883,98.86499786376953,0.10199999809265137
2026-06-11 21:04:14,8.543999671936035,79.08799743652344,0.08399999886751175
2026-06-11 21:09:16,5.966000080108643,26.143999099731445,0.01899999938905239
2026-06-11 21:14:18,3.1500000953674316,0.2370000034570694,0.0
2026-06-11 21:19:20,1.7369999885559082,0.24699999392032623,0.0
2026-06-11 21:24:22,0.8989999890327454,0.25699999928474426,0.0
2026-06-12 05:40:46,0.8989999890327454,0.25699999928474426,0.0
2026-06-12 05:45:49,1.2089999914169312,0.2370000034570694,0.0
2026-06-12 05:50:51,2.1050000190734863,0.18799999356269836,0.0
2026-06-12 05:55:53,2.500999927520752,0.15199999511241913,0.0
2026-06-12 06:00:55,3.4170000553131104,0.13600000739097595,0.0
2026-06-12 06:05:57,4.692999839782715,0.18299999833106995,0.0
2026-06-12 06:10:59,4.339000225067139,0.23100000619888306,0.0
2026-06-12 06:16:01,5.767000198364258,0.19499999284744263,0.0
2026-06-12 06:21:03,6.639999866485596,30.128999710083008,0.02500000037252903
2026-06-12 06:26:05,5.182000160217285,0.18299999833106995,0.0
2026-06-12 06:31:07,6.294000148773193,0.23800000548362732,0.0
2026-06-12 06:36:10,9.045000076293945,81.63300323486328,0.09200000017881393
2026-06-12 06:41:12,14.39799976348877,64.09200286865234,0.11400000005960464
2026-06-12 06:46:14,15.819000244140625,66.83100128173828,0.13099999725818634
2026-06-12 06:51:16,14.609999656677246,70.47699737548828,0.12800000607967377
2026-06-12 06:56:18,15.71399974822998,68.45700073242188,0.13300000131130219
2026-06-12 07:01:20,14.109999656677246,72.95700073242188,0.12800000607967377
2026-06-12 07:06:22,15.0649995803833,69.51599884033203,0.12999999523162842
2026-06-12 07:11:24,17.631999969482422,70.15899658203125,0.15299999713897705
2026-06-12 07:16:26,21.790000915527344,72.59600067138672,0.19599999487400055
2026-06-12 07:21:29,31.499000549316406,69.40399932861328,0.2709999978542328
2026-06-12 07:26:31,41.01499938964844,70.66200256347656,0.35899999737739563
2026-06-12 07:31:33,37.39400100708008,68.4000015258789,0.31700000166893005
2026-06-12 07:36:35,33.62699890136719,73.03600311279297,0.3050000071525574
2026-06-12 07:41:37,29.499000549316406,64.29499816894531,0.23499999940395355
2026-06-12 07:46:39,44.926998138427734,70.65799713134766,0.39399999380111694
2026-06-12 07:51:41,70.43000030517578,76.01699829101562,0.6639999747276306
2026-06-12 07:56:43,61.33700180053711,72.46199798583984,0.5509999990463257
2026-06-12 08:01:45,55.93600082397461,76.36000061035156,0.5299999713897705
2026-06-12 08:06:48,46.98699951171875,77.29299926757812,0.44999998807907104
2026-06-12 08:11:50,50.47100067138672,73.5459976196289,0.46000000834465027
2026-06-12 08:16:52,52.15999984741211,77.58000183105469,0.5019999742507935
2026-06-12 08:21:54,51.2400016784668,75.22599792480469,0.4779999852180481
2026-06-12 08:26:56,46.321998596191406,76.58100128173828,0.4399999976158142
2026-06-12 08:31:58,47.40999984741211,77.1709976196289,0.45399999618530273
2026-06-12 08:37:00,67.94300079345703,76.14099884033203,0.640999972820282
2026-06-12 08:42:02,75.86299896240234,76.26399993896484,0.7170000076293945
2026-06-12 08:47:04,82.36299896240234,77.95899963378906,0.7960000038146973
2026-06-12 08:52:06,67.9219970703125,75.91699981689453,0.6389999985694885
2026-06-12 08:57:09,91.9530029296875,78.49700164794922,0.8949999809265137
2026-06-12 09:02:11,85.87699890136719,76.71800231933594,0.8169999718666077
2026-06-12 09:07:13,84.41400146484375,78.77799987792969,0.824999988079071
2026-06-12 09:12:15,70.83699798583984,77.927001953125,0.6840000152587891
2026-06-12 09:17:17,63.40299987792969,80.73999786376953,0.6349999904632568
2026-06-12 09:22:19,76.44300079345703,78.99199676513672,0.7490000128746033
2026-06-12 09:27:21,88.00499725341797,78.80500030517578,0.8600000143051147
2026-06-12 09:32:23,99.31700134277344,79.3290023803711,0.9769999980926514
2026-06-12 09:37:25,101.59300231933594,78.427001953125,0.9879999756813049
2026-06-12 09:42:28,103.43099975585938,78.64199829101562,1.0089999437332153
2026-06-12 09:47:30,112.03399658203125,78.927001953125,1.0959999561309814
2026-06-12 09:52:32,127.05799865722656,73.3290023803711,1.1549999713897705
2026-06-12 09:57:34,144.70399475097656,77.46900177001953,1.3899999856948853
2026-06-12 10:02:36,190.9669952392578,75.86499786376953,1.7960000038146973
2026-06-12 10:07:38,215.61399841308594,77.8499984741211,2.0810000896453857
2026-06-12 10:12:40,166.5229949951172,78.09500122070312,1.6130000352859497
2026-06-12 10:17:42,155.94500732421875,76.5739974975586,1.4809999465942383
2026-06-12 10:22:44,179.0489959716797,76.66899871826172,1.7020000219345093
2026-06-12 10:27:46,182.39300537109375,77.28500366210938,1.7480000257492065
2026-06-12 10:32:48,185.93600463867188,78.99299621582031,1.8209999799728394
2026-06-12 10:37:51,158.62899780273438,79.17900085449219,1.5570000410079956
2026-06-12 10:42:53,157.16600036621094,79.49700164794922,1.5490000247955322
2026-06-12 10:47:55,137.47900390625,79.89099884033203,1.3619999885559082
2026-06-12 10:52:57,149.3939971923828,81.16999816894531,1.503999948501587
2026-06-12 10:57:59,150.10299682617188,80.28199768066406,1.49399995803833
2026-06-12 11:03:01,171.4459991455078,79.63899993896484,1.6929999589920044
2026-06-12 11:08:03,192.3470001220703,79.26699829101562,1.8910000324249268
2026-06-12 11:13:05,172.26300048828125,80.27300262451172,1.715000033378601
2026-06-12 11:18:07,221.27099609375,78.56500244140625,2.1559998989105225
2026-06-12 11:23:10,170.2480010986328,79.01499938964844,1.6679999828338623
2026-06-12 11:28:12,162.40699768066406,78.58599853515625,1.5829999446868896
2026-06-12 11:33:14,163.24099731445312,79.17500305175781,1.6030000448226929
2026-06-12 11:38:16,171.4239959716797,77.72599792480469,1.6519999504089355
2026-06-12 11:43:18,181.73500061035156,78.32099914550781,1.7649999856948853
2026-06-12 11:48:20,206.04200744628906,78.97899627685547,2.0179998874664307
2026-06-12 11:53:22,200.072998046875,77.07499694824219,1.9119999408721924
2026-06-12 11:58:24,225.80799865722656,77.26599884033203,2.1630001068115234
2026-06-12 12:03:26,246.02099609375,76.13999938964844,2.322999954223633
2026-06-12 12:08:29,383.031005859375,78.9260025024414,3.749000072479248
2026-06-12 12:13:31,309.6910095214844,77.52300262451172,2.9769999980926514
2026-06-12 12:18:33,612.9819946289062,74.97699737548828,5.698999881744385
2026-06-12 12:23:35,466.6789855957031,81.44200134277344,4.7129998207092285
2026-06-12 12:28:37,409.3810119628906,77.40799713134766,3.928999900817871
2026-06-12 12:33:39,535.1290283203125,73.7239990234375,4.892000198364258
2026-06-12 12:38:41,645.7429809570312,76.375,6.114999771118164
2026-06-12 12:43:43,624.385986328125,75.13200378417969,5.816999912261963
2026-06-12 12:48:45,603.0150146484375,76.55000305175781,5.723999977111816
2026-06-12 12:53:48,994.5070190429688,63.69200134277344,7.854000091552734
2026-06-12 12:58:50,498.6610107421875,78.58200073242188,4.859000205993652
2026-06-12 13:03:52,350.99700927734375,80.51499938964844,3.503999948501587
2026-06-12 13:08:54,322.0979919433594,78.76000213623047,3.1459999084472656
2026-06-12 13:13:56,329.8080139160156,79.73600006103516,3.260999917984009
2026-06-12 13:18:58,345.864013671875,80.20999908447266,3.440000057220459
2026-06-12 13:24:00,404.0140075683594,79.64299774169922,3.990000009536743
2026-06-12 13:46:40,354.6059875488281,6.571000099182129,0.289000004529953
2026-06-12 13:51:42,395.0350036621094,81.28399658203125,3.9820001125335693
2026-06-12 13:56:45,327.6940002441406,78.77799987792969,3.2009999752044678
2026-06-12 14:01:47,357.864013671875,88.95099639892578,3.947000026702881
2026-06-12 14:06:49,362.49798583984375,80.47000122070312,3.617000102996826
2026-06-12 14:11:51,259.2590026855469,81.69499969482422,2.625999927520752
2026-06-12 14:16:53,246.0800018310547,77.0780029296875,2.3519999980926514
2026-06-12 14:21:55,266.2900085449219,76.9229965209961,2.5399999618530273
2026-06-12 14:26:57,284.14898681640625,78.50599670410156,2.7660000324249268
2026-06-12 14:31:59,247.406005859375,77.6709976196289,2.382999897003174
2026-06-12 14:37:01,216.32699584960938,77.21800231933594,2.071000099182129
2026-06-12 14:42:03,246.58099365234375,79.15399932861328,2.4200000762939453
2026-06-12 14:47:05,213.3209991455078,78.1989974975586,2.069000005722046
2026-06-12 14:52:08,220.02099609375,77.00599670410156,2.1010000705718994
2026-06-12 14:57:10,256.64599609375,76.8219985961914,2.444999933242798
2026-06-12 15:02:12,324.3810119628906,79.21299743652344,3.186000108718872
2026-06-12 15:07:14,232.39500427246094,77.0,2.2190001010894775
2026-06-12 15:12:16,186.5030059814453,77.12899780273438,1.784000039100647
2026-06-12 15:17:18,220.92799377441406,79.5459976196289,2.178999900817871
2026-06-12 15:22:20,234.91200256347656,76.6050033569336,2.2309999465942383
2026-06-12 15:27:22,285.2619934082031,73.47100067138672,2.5989999771118164
2026-06-12 15:32:24,552.1849975585938,66.76599884033203,4.572000026702881
2026-06-12 15:37:27,380.7309875488281,77.12899780273438,3.6410000324249268
2026-06-12 15:42:29,253.6320037841797,80.14900207519531,2.5209999084472656
2026-06-12 15:47:31,227.08999633789062,81.62999725341797,2.2990000247955322
2026-06-12 15:52:33,663.3909912109375,61.137001037597656,5.0289998054504395
2026-06-12 15:57:35,247.9949951171875,78.68599700927734,2.4200000762939453
2026-06-12 16:02:37,185.52000427246094,77.83699798583984,1.7910000085830688
2026-06-12 16:07:39,200.6959991455078,79.29100036621094,1.9730000495910645
2026-06-12 16:12:41,178.45899963378906,78.65899658203125,1.7410000562667847
2026-06-12 16:17:43,169.88800048828125,79.28099822998047,1.6699999570846558
2026-06-12 16:22:45,184.19000244140625,79.65599822998047,1.819000005722046
2026-06-12 16:27:47,239.68699645996094,80.04199981689453,2.378999948501587
2026-06-12 16:32:50,235.04100036621094,77.11100006103516,2.246999979019165
2026-06-12 16:37:52,227.6750030517578,79.23600006103516,2.236999988555908
2026-06-12 16:42:54,237.64300537109375,77.92900085449219,2.2960000038146973
2026-06-12 16:47:56,242.76300048828125,78.43399810791016,2.3610000610351562
2026-06-12 16:52:58,257.09698486328125,76.19400024414062,2.428999900817871
2026-06-12 16:58:00,250.51400756835938,76.91899871826172,2.3889999389648438
2026-06-12 17:03:02,166.91799926757812,77.88999938964844,1.6119999885559082
2026-06-12 17:08:04,170.03900146484375,77.28700256347656,1.6299999952316284
2026-06-12 17:13:06,170.6719970703125,77.37000274658203,1.6369999647140503
2026-06-12 17:18:09,138.3040008544922,79.58999633789062,1.3650000095367432
2026-06-12 17:23:11,110.54199981689453,80.61699676513672,1.1050000190734863
2026-06-12 17:28:13,109.78299713134766,78.427001953125,1.0679999589920044
2026-06-12 17:33:15,118.49700164794922,78.06199645996094,1.1469999551773071
2026-06-12 17:38:17,166.32699584960938,75.14900207519531,1.5499999523162842
2026-06-12 17:43:19,208.2259979248047,82.05799865722656,2.11899995803833
2026-06-12 17:48:21,196.46600341796875,78.00399780273438,1.899999976158142
2026-06-12 17:53:23,183.98199462890625,74.58200073242188,1.7009999752044678
2026-06-12 17:58:25,182.593994140625,75.4229965209961,1.7079999446868896
2026-06-12 18:03:27,201.37600708007812,75.2959976196289,1.8799999952316284
2026-06-12 18:08:30,190.86500549316406,75.9000015258789,1.7960000038146973
2026-06-12 18:13:32,168.3820037841797,78.59600067138672,1.6410000324249268
2026-06-12 18:18:34,159.927001953125,74.02999877929688,1.468000054359436
2026-06-12 18:23:36,170.55299377441406,74.29499816894531,1.5709999799728394
2026-06-12 18:28:38,155.1269989013672,73.88600158691406,1.4210000038146973
2026-06-12 18:33:40,144.93299865722656,74.4739990234375,1.3380000591278076
2026-06-12 18:38:42,137.01400756835938,74.5270004272461,1.2660000324249268
2026-06-12 18:43:44,130.18299865722656,74.64600372314453,1.2050000429153442
2026-06-12 18:48:46,126.09400177001953,75.27999877929688,1.1770000457763672
2026-06-12 18:53:48,129.4010009765625,76.46800231933594,1.2269999980926514
2026-06-12 18:58:50,114.13899993896484,77.18199920654297,1.0920000076293945
2026-06-12 19:03:53,95.91300201416016,77.59300231933594,0.9229999780654907
2026-06-12 19:08:55,97.95899963378906,78.10600280761719,0.9490000009536743
2026-06-12 19:13:57,87.36499786376953,77.51599884033203,0.8399999737739563
2026-06-12 19:18:59,82.56900024414062,77.54399871826172,0.7940000295639038
2026-06-12 19:24:01,78.91200256347656,78.54100036621094,0.7689999938011169
2026-06-12 19:29:03,79.74199676513672,76.52899932861328,0.7570000290870667
2026-06-12 19:34:05,74.7770004272461,75.55000305175781,0.7009999752044678
2026-06-12 19:39:07,63.59299850463867,74.21600341796875,0.5849999785423279
2026-06-12 19:44:09,65.71399688720703,73.8239974975586,0.6019999980926514
2026-06-12 19:49:11,66.58200073242188,76.25399780273438,0.6299999952316284
2026-06-12 19:54:13,55.49700164794922,69.51399993896484,0.4779999852180481
2026-06-12 19:59:16,55.34199905395508,73.58699798583984,0.5049999952316284
2026-06-12 20:04:18,47.595001220703125,80.86900329589844,0.47699999809265137
2026-06-12 20:09:20,47.07699966430664,75.83499908447266,0.4429999887943268
2026-06-12 20:14:22,31.583999633789062,86.96399688720703,0.3409999907016754
2026-06-12 20:19:24,25.797000885009766,81.36000061035156,0.25999999046325684
2026-06-12 20:24:26,27.496999740600586,79.56800079345703,0.2709999978542328
2026-06-12 20:29:28,22.624000549316406,83.56900024414062,0.23399999737739563
2026-06-12 20:34:30,20.992000579833984,85.66699981689453,0.22300000488758087
2026-06-12 20:39:32,20.985000610351562,86.88800048828125,0.22599999606609344
2026-06-12 20:44:35,21.01099967956543,83.4010009765625,0.21699999272823334
2026-06-12 20:49:37,13.269000053405762,91.28600311279297,0.15000000596046448
2026-06-12 20:54:39,14.465999603271484,91.84600067138672,0.16500000655651093
2026-06-12 20:59:41,12.178000450134277,92.61100006103516,0.14000000059604645
2026-06-12 21:04:43,9.024999618530273,90.27200317382812,0.10100000351667404
2026-06-12 21:09:45,5.710000038146973,22.60700035095215,0.01600000075995922
2026-06-12 21:14:47,3.697999954223633,0.26499998569488525,0.0
2026-06-12 21:19:49,2.6010000705718994,0.1860000044107437,0.0
2026-06-12 21:24:51,1.6749999523162842,0.18400000035762787,0.0
2026-06-13 05:40:21,1.6749999523162842,0.18400000035762787,0.0
2026-06-13 05:45:24,5.396999835968018,0.19200000166893005,0.0
2026-06-13 05:50:26,7.599999904632568,20.242000579833984,0.01899999938905239
2026-06-13 05:55:28,10.777000427246094,67.7750015258789,0.09099999815225601
2026-06-13 06:00:30,13.904000282287598,61.0620002746582,0.10499999672174454
2026-06-13 06:05:32,15.866999626159668,53.577999114990234,0.10499999672174454
2026-06-13 06:10:34,13.24899959564209,67.19100189208984,0.10999999940395355
2026-06-13 06:15:36,13.147000312805176,78.45099639892578,0.12800000607967377
2026-06-13 06:20:38,19.655000686645508,73.14800262451172,0.17800000309944153
2026-06-13 06:25:40,31.51300048828125,66.9229965209961,0.2619999945163727
2026-06-13 06:30:43,35.95399856567383,63.64699935913086,0.2840000092983246
2026-06-13 06:35:45,36.79100036621094,69.33499908447266,0.3160000145435333
2026-06-13 06:40:47,44.180999755859375,67.04900360107422,0.367000013589859
2026-06-13 06:45:49,43.08599853515625,68.00900268554688,0.3630000054836273
2026-06-13 06:50:51,48.880001068115234,65.88400268554688,0.39899998903274536
2026-06-13 06:55:53,49.65299987792969,67.5260009765625,0.41600000858306885
2026-06-13 07:00:55,44.89400100708008,68.1760025024414,0.3799999952316284
2026-06-13 07:05:57,46.303001403808594,68.99099731445312,0.3959999978542328
2026-06-13 07:10:59,42.81399917602539,68.97699737548828,0.3659999966621399
2026-06-13 07:16:01,44.137001037597656,70.31300354003906,0.38499999046325684
2026-06-13 07:21:03,45.790000915527344,69.95700073242188,0.3970000147819519
2026-06-13 07:26:05,48.04100036621094,72.4229965209961,0.4309999942779541
2026-06-13 07:31:08,49.01100158691406,72.13200378417969,0.43799999356269836
2026-06-13 07:36:10,50.42399978637695,65.1760025024414,0.40799999237060547
2026-06-13 07:41:12,52.4900016784668,70.72200012207031,0.46000000834465027
2026-06-13 07:46:14,54.21699905395508,71.34500122070312,0.47999998927116394
2026-06-13 07:51:16,58.020999908447266,67.34100341796875,0.48399999737739563
2026-06-13 07:56:18,229.6020050048828,17.566999435424805,0.5
2026-06-13 08:01:20,246.1280059814453,17.173999786376953,0.5239999890327454
2026-06-13 08:06:22,261.1860046386719,41.49599838256836,1.343999981880188
2026-06-13 08:11:24,277.8630065917969,47.35100173950195,1.63100004196167
2026-06-13 08:16:27,296.4570007324219,48.99100112915039,1.8009999990463257
2026-06-13 08:21:29,313.9339904785156,49.46900177001953,1.9259999990463257
2026-06-13 08:26:31,331.73699951171875,49.7140007019043,2.0450000762939453
2026-06-13 08:31:33,349.2640075683594,50.83599853515625,2.2019999027252197
2026-06-13 08:36:35,366.91400146484375,51.763999938964844,2.3550000190734863
2026-06-13 08:41:37,387.7049865722656,53.040000915527344,2.549999952316284
2026-06-13 08:46:39,407.2969970703125,53.68199920654297,2.7109999656677246
2026-06-13 08:51:41,425.35101318359375,55.00600051879883,2.9010000228881836
2026-06-13 08:56:43,443.3689880371094,55.32899856567383,3.0420000553131104
2026-06-13 09:01:45,462.6990051269531,56.823001861572266,3.259999990463257
2026-06-13 09:06:48,487.5570068359375,56.22200012207031,3.3989999294281006
2026-06-13 09:11:50,507.6340026855469,57.632999420166016,3.628000020980835
2026-06-13 09:16:52,524.926025390625,58.8489990234375,3.8310000896453857
2026-06-13 09:21:54,544.6079711914062,58.27799987792969,3.936000108718872
2026-06-13 09:26:56,563.52001953125,58.143001556396484,4.063000202178955
2026-06-13 09:31:58,577.239013671875,58.83700180053711,4.210999965667725
2026-06-13 09:37:00,596.9099731445312,59.27199935913086,4.38700008392334
2026-06-13 09:42:02,613.625,60.2400016784668,4.584000110626221
2026-06-13 09:47:04,631.6530151367188,60.51100158691406,4.739999771118164
2026-06-13 09:52:06,649.0029907226562,61.5629997253418,4.953999996185303
2026-06-13 09:57:08,665.5549926757812,62.154998779296875,5.130000114440918
2026-06-13 10:02:10,680.708984375,62.7130012512207,5.293000221252441
2026-06-13 10:07:13,698.4210205078125,63.12200164794922,5.4670000076293945
2026-06-13 10:12:15,715.4420166015625,63.665000915527344,5.6479997634887695
2026-06-13 10:17:17,732.85302734375,64.26100158691406,5.840000152587891
2026-06-13 10:22:19,747.7650146484375,64.52400207519531,5.982999801635742
2026-06-13 10:27:21,763.5540161132812,65.01899719238281,6.156000137329102
2026-06-13 10:32:23,779.969970703125,65.19499969482422,6.304999828338623
2026-06-13 10:37:25,793.8350219726562,65.87200164794922,6.484000205993652
2026-06-13 10:42:27,806.4619750976562,66.33499908447266,6.633999824523926
2026-06-13 10:47:30,819.593017578125,66.97000122070312,6.806000232696533
2026-06-13 10:52:32,837.5889892578125,66.9739990234375,6.955999851226807
2026-06-13 10:57:34,852.8270263671875,67.83300018310547,7.172999858856201
2026-06-13 11:02:36,863.4149780273438,67.802001953125,7.258999824523926
2026-06-13 11:07:38,877.7969970703125,68.18499755859375,7.421999931335449
2026-06-13 11:12:40,891.1500244140625,69.04100036621094,7.629000186920166
2026-06-13 11:17:42,905.9450073242188,69.6709976196289,7.827000141143799
2026-06-13 11:22:44,872.10302734375,72.08100128173828,7.795000076293945
2026-06-13 11:27:47,928.7260131835938,70.7959976196289,8.152999877929688
2026-06-13 11:32:49,941.1610107421875,70.47699737548828,8.225000381469727
2026-06-13 11:37:51,949.0449829101562,71.0719985961914,8.36400032043457
2026-06-13 11:42:53,959.0009765625,71.95899963378906,8.557000160217285
2026-06-13 11:47:55,968.7379760742188,72.41000366210938,8.697999954223633
2026-06-13 11:52:57,973.7260131835938,73.27100372314453,8.847000122070312
2026-06-13 11:57:59,984.14599609375,73.92400360107422,9.020999908447266
2026-06-13 12:03:01,990.1510009765625,74.43499755859375,9.138999938964844
2026-06-13 12:08:04,998.0659790039062,75.53700256347656,9.347999572753906
2026-06-13 12:13:06,1007.1179809570312,76.12000274658203,9.505999565124512
2026-06-13 12:18:08,998.8889770507812,76.78199768066406,9.510000228881836
2026-06-13 12:23:10,1016.9650268554688,77.43599700927734,9.765000343322754
2026-06-13 12:28:12,1020.927978515625,78.63999938964844,9.954999923706055
2026-06-13 12:33:14,1027.7049560546875,79.28800201416016,10.104000091552734
2026-06-13 12:38:16,1032.5579833984375,78.90499877929688,10.102999687194824
2026-06-13 12:43:18,1030.39501953125,80.30000305175781,10.260000228881836
2026-06-13 12:48:21,1032.571044921875,81.5989990234375,10.447999954223633
2026-06-13 12:53:23,1035.1199951171875,81.96299743652344,10.520000457763672
2026-06-13 12:58:25,1029.3199462890625,82.44000244140625,10.522000312805176
2026-06-13 13:03:27,1028.2969970703125,83.15699768066406,10.602999687194824
2026-06-13 13:08:29,1035.6490478515625,83.31300354003906,10.699000358581543
2026-06-13 13:13:31,1033.741943359375,83.0719985961914,10.64900016784668
2026-06-13 13:18:33,1030.1190185546875,83.56300354003906,10.673999786376953
2026-06-13 13:23:36,1029.051025390625,84.42900085449219,10.77299976348877
2026-06-13 13:46:23,1035.26904296875,19.007999420166016,2.440000057220459
2026-06-13 13:51:25,970.4630126953125,79.42400360107422,9.557999610900879
2026-06-13 13:56:27,1020.5009765625,80.302001953125,10.161999702453613
2026-06-13 14:01:29,1016.010986328125,80.8239974975586,10.182999610900879
2026-06-13 14:06:32,1017.8150024414062,81.06800079345703,10.232000350952148
2026-06-13 14:11:34,909.6110229492188,83.21199798583984,9.38599967956543
2026-06-13 14:16:36,990.375,83.01499938964844,10.194999694824219
2026-06-13 14:21:38,990.9099731445312,82.61299896240234,10.151000022888184
2026-06-13 14:26:40,979.2139892578125,83.90599822998047,10.187999725341797
2026-06-13 14:31:42,928.7130126953125,81.83899688720703,9.425000190734863
2026-06-13 14:36:44,944.552978515625,83.70600128173828,9.803999900817871
2026-06-13 14:41:46,974.1370239257812,82.28399658203125,9.939000129699707
2026-06-13 14:46:49,947.947021484375,83.6259994506836,9.829999923706055
2026-06-13 14:51:51,948.1439819335938,83.20700073242188,9.782999992370605
2026-06-13 14:56:53,935.2979736328125,83.64299774169922,9.701000213623047
2026-06-13 15:01:55,943.2269897460938,79.96600341796875,9.352999687194824
2026-06-13 15:06:57,943.3049926757812,84.06999969482422,9.833999633789062
2026-06-13 15:11:59,947.4630126953125,83.53399658203125,9.814000129699707
2026-06-13 15:17:01,875.2249755859375,82.80799865722656,8.987000465393066
2026-06-13 15:22:03,901.6799926757812,82.78399658203125,9.255999565124512
2026-06-13 15:27:05,905.6069946289062,82.29100036621094,9.241000175476074
2026-06-13 15:32:08,881.625,81.40599822998047,8.89900016784668
2026-06-13 15:37:10,869.6589965820312,82.30799865722656,8.87600040435791
2026-06-13 15:42:12,868.6649780273438,81.56099700927734,8.78499984741211
2026-06-13 15:47:14,854.2689819335938,80.89900207519531,8.569999694824219
2026-06-13 15:52:16,839.448974609375,80.42900085449219,8.371999740600586
2026-06-13 15:57:18,813.6300048828125,79.61199951171875,8.031999588012695
2026-06-13 16:02:20,757.1179809570312,81.63600158691406,7.664000034332275
2026-06-13 16:07:22,785.3989868164062,79.64700317382812,7.756999969482422
2026-06-13 16:12:24,788.2030029296875,79.06800079345703,7.728000164031982
2026-06-13 16:17:27,737.823974609375,77.98799896240234,7.135000228881836
2026-06-13 16:22:29,680.1370239257812,76.5260009765625,6.453999996185303
2026-06-13 16:27:31,674.177978515625,78.77400207519531,6.585000038146973
2026-06-13 16:32:33,662.7930297851562,79.33599853515625,6.519999980926514
2026-06-13 16:37:35,565.5170288085938,77.62100219726562,5.442999839782715
2026-06-13 16:42:37,492.2099914550781,75.4260025024414,4.604000091552734
2026-06-13 16:47:39,481.9289855957031,80.38300323486328,4.803999900817871
2026-06-13 16:52:41,385.4419860839844,79.20800018310547,3.7860000133514404
2026-06-13 16:57:43,229.81900024414062,84.60399627685547,2.4110000133514404
2026-06-13 17:02:46,261.4649963378906,81.13099670410156,2.630000114440918
2026-06-13 17:07:48,288.7909851074219,90.83899688720703,3.253000020980835
2026-06-13 17:12:50,388.8500061035156,83.3030014038086,4.017000198364258
2026-06-13 17:17:52,389.86700439453125,85.60600280761719,4.138000011444092
2026-06-13 17:22:54,421.2619934082031,75.91799926757812,3.9660000801086426
2026-06-13 17:27:56,418.6730041503906,74.86100006103516,3.885999917984009
2026-06-13 17:32:58,383.7550048828125,74.59300231933594,3.549999952316284
2026-06-13 17:38:00,407.8009948730469,73.49600219726562,3.7170000076293945
2026-06-13 17:43:03,326.5169982910156,73.80000305175781,2.98799991607666
2026-06-13 17:48:05,302.86199951171875,74.29299926757812,2.7899999618530273
2026-06-13 17:53:07,327.1839904785156,74.625,3.0280001163482666
2026-06-13 17:58:09,188.4320068359375,89.48799896240234,2.0910000801086426
2026-06-13 18:03:11,176.53700256347656,93.38099670410156,2.0439999103546143
2026-06-13 18:08:13,178.71800231933594,121.76200103759766,2.697999954223633
2026-06-13 18:13:15,163.83399963378906,104.4219970703125,2.121000051498413
2026-06-13 18:18:17,157.78500366210938,109.5739974975586,2.1440000534057617
2026-06-13 18:23:19,158.17599487304688,85.9229965209961,1.684999942779541
2026-06-13 18:28:21,152.81399536132812,83.2509994506836,1.5779999494552612
2026-06-13 18:33:24,143.67300415039062,84.43399810791016,1.503999948501587
2026-06-13 18:38:26,131.00599670410156,85.22899627685547,1.3849999904632568
2026-06-13 18:43:28,119.61399841308594,83.63600158691406,1.2400000095367432
2026-06-13 18:48:30,109.5250015258789,84.1240005493164,1.1419999599456787
2026-06-13 18:53:32,104.42500305175781,85.0719985961914,1.1019999980926514
2026-06-13 18:58:34,103.01899719238281,85.26499938964844,1.0889999866485596
2026-06-13 19:03:36,101.50599670410156,84.87300109863281,1.0679999589920044
2026-06-13 19:08:38,100.1259994506836,85.01399993896484,1.055999994277954
2026-06-13 19:13:40,95.4469985961914,84.31700134277344,0.9980000257492065
2026-06-13 19:18:42,86.98500061035156,84.12899780273438,0.9070000052452087
2026-06-13 19:23:45,82.80699920654297,84.87799835205078,0.871999979019165
2026-06-13 19:28:47,73.81500244140625,88.51899719238281,0.8100000023841858
2026-06-13 19:33:49,69.11100006103516,84.97200012207031,0.7279999852180481
2026-06-13 19:38:51,66.08499908447266,84.9010009765625,0.6959999799728394
2026-06-13 19:43:53,63.25699996948242,85.71700286865234,0.671999990940094
2026-06-13 19:48:55,56.92100143432617,83.98500061035156,0.5929999947547913
2026-06-13 19:53:57,53.73699951171875,86.06900024414062,0.5740000009536743
2026-06-13 19:58:59,55.12200164794922,86.81800079345703,0.5929999947547913
2026-06-13 20:04:01,51.62300109863281,85.45700073242188,0.546999990940094
2026-06-13 20:09:04,42.862998962402344,88.86399841308594,0.47200000286102295
2026-06-13 20:14:06,39.30699920654297,90.75299835205078,0.44200000166893005
2026-06-13 20:19:08,36.55799865722656,93.2770004272461,0.4230000078678131
2026-06-13 20:24:10,31.983999252319336,95.95500183105469,0.38100001215934753
2026-06-13 20:29:12,26.354000091552734,95.01200103759766,0.3100000023841858
2026-06-13 20:34:14,22.610000610351562,89.44599914550781,0.25099998712539673
2026-06-13 20:39:16,19.89299964904785,90.96800231933594,0.2240000069141388
2026-06-13 20:44:18,18.288000106811523,104.95700073242188,0.23800000548362732
2026-06-13 20:49:21,16.523000717163086,102.19999694824219,0.20900000631809235
2026-06-13 20:54:23,15.069999694824219,103.47599792480469,0.19300000369548798
2026-06-13 20:59:25,13.407999992370605,101.26699829101562,0.1679999977350235
2026-06-13 21:04:27,11.184000015258789,95.45999908447266,0.13199999928474426
2026-06-13 21:09:29,8.557999610900879,89.4800033569336,0.0949999988079071
2026-06-13 21:14:31,5.738999843597412,94.6449966430664,0.06700000166893005
2026-06-13 21:19:33,3.7690000534057617,0.25999999046325684,0.0
2026-06-13 21:24:35,3.2090001106262207,0.24699999392032623,0.0
2026-06-13 21:29:37,1.4290000200271606,0.14100000262260437,0.0
2026-06-14 05:39:54,1.4290000200271606,0.14100000262260437,0.0
2026-06-14 05:44:56,8.119000434875488,22.145999908447266,0.02199999988079071
2026-06-14 05:49:59,10.70199966430664,73.01200103759766,0.09700000286102295
2026-06-14 05:55:01,13.71399974822998,69.26399993896484,0.11800000071525574
2026-06-14 06:00:03,16.945999145507812,67.03700256347656,0.14100000262260437
2026-06-14 06:05:05,20.797000885009766,61.257999420166016,0.15800000727176666
2026-06-14 06:10:07,24.277999877929688,74.30999755859375,0.2240000069141388
2026-06-14 06:15:09,27.422000885009766,69.81900024414062,0.2370000034570694
2026-06-14 06:20:11,30.045000076293945,69.3239974975586,0.257999986410141
2026-06-14 06:25:13,34.0260009765625,68.79000091552734,0.28999999165534973
2026-06-14 06:30:15,34.01900100708008,69.66699981689453,0.2939999997615814
2026-06-14 06:35:17,31.31399917602539,74.03099822998047,0.28700000047683716
2026-06-14 06:40:19,31.583999633789062,75.34400177001953,0.29499998688697815
2026-06-14 06:45:21,33.18600082397461,75.80699920654297,0.31200000643730164
2026-06-14 06:50:24,36.30400085449219,74.6449966430664,0.335999995470047
2026-06-14 06:55:26,37.24599838256836,76.78099822998047,0.35499998927116394
2026-06-14 07:00:28,40.07500076293945,75.45700073242188,0.375
2026-06-14 07:05:30,43.70500183105469,76.572998046875,0.41499999165534973
2026-06-14 07:10:32,47.45600128173828,74.93900299072266,0.4410000145435333
2026-06-14 07:15:34,50.96500015258789,73.1449966430664,0.4620000123977661
2026-06-14 07:20:36,54.52899932861328,74.88400268554688,0.5059999823570251
2026-06-14 07:25:38,59.275001525878906,73.51499938964844,0.5400000214576721
2026-06-14 07:30:40,64.03900146484375,75.09700012207031,0.5960000157356262
2026-06-14 07:35:42,66.11199951171875,75.35099792480469,0.6179999709129333
2026-06-14 07:40:44,67.15899658203125,73.39299774169922,0.6110000014305115
2026-06-14 07:45:47,69.10600280761719,76.50499725341797,0.656000018119812
2026-06-14 07:50:49,71.05599975585938,74.23100280761719,0.6539999842643738
2026-06-14 07:55:51,248.63099670410156,22.139999389648438,0.6830000281333923
2026-06-14 08:00:53,265.44500732421875,21.023000717163086,0.6919999718666077
2026-06-14 08:05:55,291.66900634765625,37.263999938964844,1.3480000495910645
2026-06-14 08:10:57,309.7690124511719,54.38399887084961,2.0889999866485596
2026-06-14 08:15:59,326.5190124511719,55.51499938964844,2.247999906539917
2026-06-14 08:21:01,344.7929992675781,55.619998931884766,2.378000020980835
2026-06-14 08:26:03,367.46600341796875,55.81399917602539,2.5429999828338623
2026-06-14 08:31:06,393.0379943847656,57.14899826049805,2.7850000858306885
2026-06-14 08:36:08,400.99798583984375,59.79999923706055,2.9730000495910645
2026-06-14 08:41:10,426.8819885253906,60.27799987792969,3.190999984741211
2026-06-14 08:46:12,447.2460021972656,60.97200012207031,3.38100004196167
2026-06-14 08:51:14,464.5419921875,62.029998779296875,3.572999954223633
2026-06-14 08:56:16,488.5530090332031,62.42499923706055,3.7820000648498535
2026-06-14 09:01:18,504.260986328125,63.73699951171875,3.984999895095825
2026-06-14 09:06:20,522.427001953125,63.875999450683594,4.138000011444092
2026-06-14 09:11:23,543.656982421875,65.1050033569336,4.388999938964844
2026-06-14 09:16:25,551.8350219726562,67.86900329589844,4.644000053405762
2026-06-14 09:21:27,567.166015625,66.16600036621094,4.6529998779296875
2026-06-14 09:26:29,584.6420288085938,66.41799926757812,4.815000057220459
2026-06-14 09:31:31,612.1829833984375,66.8489990234375,5.074999809265137
2026-06-14 09:36:33,614.2239990234375,67.36599731445312,5.13100004196167
2026-06-14 09:41:35,632.8460083007812,68.13700103759766,5.3470001220703125
2026-06-14 09:46:37,654.4530029296875,69.11699676513672,5.609000205993652
2026-06-14 09:51:39,638.2490234375,68.72899627685547,5.439000129699707
2026-06-14 09:56:41,686.416015625,69.84600067138672,5.945000171661377
2026-06-14 10:01:43,701.9249877929688,70.40599822998047,6.127999782562256
2026-06-14 10:06:46,712.708984375,71.14700317382812,6.288000106811523
2026-06-14 10:11:48,726.3289794921875,71.43099975585938,6.433000087738037
2026-06-14 10:16:50,746.5189819335938,71.69300079345703,6.63700008392334
2026-06-14 10:21:52,763.2269897460938,72.61599731445312,6.872000217437744
2026-06-14 10:26:54,762.5900268554688,72.5459976196289,6.860000133514404
2026-06-14 10:31:56,794.39697265625,72.83200073242188,7.173999786376953
2026-06-14 10:36:58,812.5460205078125,73.37100219726562,7.39300012588501
2026-06-14 10:42:00,821.0130004882812,72.7760009765625,7.408999919891357
2026-06-14 10:47:02,817.8510131835938,74.20099639892578,7.525000095367432
2026-06-14 10:52:04,845.47900390625,74.802001953125,7.8420000076293945
2026-06-14 10:57:07,869.6959838867188,75.15399932861328,8.104999542236328
2026-06-14 11:02:09,883.1859741210938,75.64299774169922,8.284000396728516
2026-06-14 11:07:11,898.4550170898438,75.89399719238281,8.454999923706055
2026-06-14 11:12:13,910.9849853515625,76.33699798583984,8.623000144958496
2026-06-14 11:17:15,902.573974609375,77.1709976196289,8.63700008392334
2026-06-14 11:22:17,937.2639770507812,76.9020004272461,8.937999725341797
2026-06-14 11:27:19,945.7509765625,77.46800231933594,9.085000038146973
2026-06-14 11:32:21,953.6389770507812,77.697998046875,9.187999725341797
2026-06-14 11:37:23,965.6389770507812,78.375,9.385000228881836
2026-06-14 11:42:25,975.1539916992188,78.6449966430664,9.510000228881836
2026-06-14 11:47:27,987.35302734375,79.21499633789062,9.697999954223633
2026-06-14 11:52:30,993.906005859375,80.09300231933594,9.871000289916992
2026-06-14 11:57:32,1000.3670043945312,80.1719970703125,9.944999694824219
2026-06-14 12:02:34,1009.14697265625,80.22599792480469,10.038999557495117
2026-06-14 12:07:36,1019.3330078125,81.1259994506836,10.253999710083008
2026-06-14 12:12:38,1024.0999755859375,81.87100219726562,10.397000312805176
2026-06-14 12:17:40,1021.8289794921875,82.052001953125,10.397000312805176
2026-06-14 12:22:42,1042.2559814453125,83.74700164794922,10.822999954223633
2026-06-14 12:27:44,1030.5369873046875,84.4520034790039,10.791999816894531
2026-06-14 12:32:46,1037.0400390625,84.6780014038086,10.888999938964844
2026-06-14 12:37:48,1040.35595703125,85.25,10.998000144958496
2026-06-14 12:42:51,1053.22998046875,86.00399780273438,11.232000350952148
2026-06-14 12:47:53,1046.0849609375,87.98100280761719,11.411999702453613
2026-06-14 12:52:55,1067.20703125,88.39700317382812,11.697999954223633
2026-06-14 12:57:57,1063.72998046875,87.0739974975586,11.484999656677246
2026-06-14 13:02:59,1042.4210205078125,88.28900146484375,11.411999702453613
2026-06-14 13:08:01,1044.5059814453125,89.13500213623047,11.545000076293945
2026-06-14 13:13:03,1041.27001953125,89.08999633789062,11.503000259399414
2026-06-14 13:18:05,1043.135986328125,89.16300201416016,11.532999992370605
2026-06-14 13:23:07,1050.3929443359375,89.11299896240234,11.607000350952148
2026-06-14 13:28:10,1062.927978515625,88.92900085449219,11.720999717712402
2026-06-14 13:51:55,1037.54296875,87.8219985961914,11.298999786376953
2026-06-14 13:56:57,1041.2939453125,87.00499725341797,11.234000205993652
2026-06-14 14:01:59,1035.675048828125,86.98500061035156,11.170999526977539
2026-06-14 14:07:01,1030.886962890625,86.84700012207031,11.10200023651123
2026-06-14 14:12:03,1027.0489501953125,87.5999984741211,11.156000137329102
2026-06-14 14:17:05,1020.8179931640625,87.81600189208984,11.116000175476074
2026-06-14 14:22:07,1019.593994140625,87.0270004272461,11.003000259399414
2026-06-14 14:27:10,1008.1060180664062,87.86599731445312,10.984000205993652
2026-06-14 14:32:12,1002.1389770507812,88.68699645996094,11.020999908447266
2026-06-14 14:37:14,996.989990234375,89.25700378417969,11.03499984741211
2026-06-14 14:42:16,987.0540161132812,89.68299865722656,10.97700023651123
2026-06-14 14:47:18,979.6799926757812,88.64099884033203,10.767999649047852
2026-06-14 14:52:20,976.4569702148438,87.76100158691406,10.62600040435791
2026-06-14 14:57:22,963.8469848632812,88.71399688720703,10.602999687194824
2026-06-14 15:02:24,954.27001953125,88.39700317382812,10.460000038146973
2026-06-14 15:07:26,944.7269897460938,87.75299835205078,10.279999732971191
2026-06-14 15:12:29,937.4030151367188,87.52200317382812,10.17300033569336
2026-06-14 15:17:31,926.1900024414062,87.36299896240234,10.032999992370605
2026-06-14 15:22:33,915.0469970703125,86.0790023803711,9.767000198364258
2026-06-14 15:27:35,903.68701171875,86.33699798583984,9.675000190734863
2026-06-14 15:32:37,895.6290283203125,86.16100311279297,9.569000244140625
2026-06-14 15:37:39,880.3889770507812,85.22200012207031,9.303999900817871
2026-06-14 15:42:41,866.010986328125,84.9530029296875,9.123000144958496
2026-06-14 15:47:43,851.218017578125,84.67500305175781,8.937999725341797
2026-06-14 15:52:45,837.8809814453125,85.48999786376953,8.881999969482422
2026-06-14 15:57:48,823.364990234375,84.72799682617188,8.651000022888184
2026-06-14 16:02:50,812.77001953125,83.94100189208984,8.460000038146973
2026-06-14 16:07:52,796.3309936523438,83.53199768066406,8.248000144958496
2026-06-14 16:12:54,783.406005859375,82.93900299072266,8.057000160217285
2026-06-14 16:17:56,767.9290161132812,81.86399841308594,7.795000076293945
2026-06-14 16:22:58,752.3090209960938,81.37300109863281,7.591000080108643
2026-06-14 16:28:00,736.2769775390625,80.37200164794922,7.3379998207092285
2026-06-14 16:33:02,719.552001953125,79.66000366210938,7.107999801635742
2026-06-14 16:38:04,703.7689819335938,78.24800109863281,6.828000068664551
2026-06-14 16:43:06,686.31298828125,78.03199768066406,6.640999794006348
2026-06-14 16:48:09,668.8629760742188,77.53600311279297,6.431000232696533
2026-06-14 16:53:11,652.0960083007812,76.9749984741211,6.223999977111816
2026-06-14 16:58:13,635.4010009765625,75.86000061035156,5.9770002365112305
2026-06-14 17:03:15,617.875,74.85399627685547,5.735000133514404
2026-06-14 17:08:17,595.655029296875,74.2770004272461,5.486000061035156
2026-06-14 17:13:19,578.218994140625,73.1500015258789,5.244999885559082
2026-06-14 17:18:21,559.2410278320312,72.90299987792969,5.054999828338623
2026-06-14 17:23:23,542.3679809570312,72.56900024414062,4.88100004196167
2026-06-14 17:28:26,521.47802734375,71.63500213623047,4.631999969482422
2026-06-14 17:33:28,504.9590148925781,70.70899963378906,4.427000045776367
2026-06-14 17:38:30,485.9700012207031,68.7490005493164,4.14300012588501
2026-06-14 17:43:32,468.5740051269531,67.77400207519531,3.937999963760376
2026-06-14 17:48:34,449.4169921875,66.80999755859375,3.7230000495910645
2026-06-14 17:53:36,429.20001220703125,66.78199768066406,3.553999900817871
2026-06-14 17:58:38,78.06199645996094,342.14300537109375,3.312000036239624
2026-06-14 18:03:40,46.209999084472656,544.6290283203125,3.121000051498413
2026-06-14 18:08:43,45.92900085449219,515.2100219726562,2.934000015258789
2026-06-14 18:13:45,45.85599899291992,478.5880126953125,2.7209999561309814
2026-06-14 18:18:47,45.76900100708008,414.8659973144531,2.3550000190734863
2026-06-14 18:23:49,45.53799819946289,103.427001953125,0.5839999914169312
2026-06-14 18:28:51,44.665000915527344,104.23500061035156,0.5770000219345093
2026-06-14 18:33:53,44.117000579833984,100.95500183105469,0.5519999861717224
2026-06-14 18:38:55,43.35300064086914,97.74600219726562,0.5249999761581421
2026-06-14 18:43:57,43.49700164794922,100.66799926757812,0.5429999828338623
2026-06-14 18:48:59,42.86399841308594,96.93000030517578,0.5149999856948853
2026-06-14 18:54:02,41.99100112915039,100.54000091552734,0.5230000019073486
2026-06-14 18:59:04,41.119998931884766,98.9260025024414,0.5040000081062317
2026-06-14 19:04:06,40.71500015258789,99.51000213623047,0.5019999742507935
2026-06-14 19:09:08,39.74599838256836,97.91899871826172,0.4830000102519989
2026-06-14 19:14:10,39.375,98.83999633789062,0.4830000102519989
2026-06-14 19:19:12,38.301998138427734,98.97200012207031,0.4699999988079071
2026-06-14 19:24:14,37.630001068115234,100.87799835205078,0.47099998593330383
2026-06-14 19:29:16,36.59199905395508,99.7509994506836,0.453000009059906
2026-06-14 19:34:18,35.71699905395508,100.64099884033203,0.44600000977516174
2026-06-14 19:39:21,34.94200134277344,100.322998046875,0.4350000023841858
2026-06-14 19:44:23,34.37900161743164,102.19400024414062,0.4359999895095825
2026-06-14 19:49:25,33.55400085449219,100.99299621582031,0.41999998688697815
2026-06-14 19:54:27,32.64699935913086,104.02100372314453,0.42100000381469727
2026-06-14 19:59:29,31.69099998474121,102.00599670410156,0.4009999930858612
2026-06-14 20:04:31,30.98699951171875,97.93499755859375,0.37599998712539673
2026-06-14 20:09:33,29.849000930786133,98.90499877929688,0.3659999966621399
2026-06-14 20:14:35,28.201000213623047,108.93800354003906,0.38100001215934753
2026-06-14 20:19:37,25.937000274658203,109.85399627685547,0.3529999852180481
2026-06-14 20:24:40,21.743000030517578,115.85199737548828,0.31200000643730164
2026-06-14 20:29:42,20.232999801635742,110.6500015258789,0.27799999713897705
2026-06-14 20:34:44,18.895000457763672,112.64700317382812,0.2639999985694885
2026-06-14 20:39:46,18.10700035095215,122.6240005493164,0.2750000059604645
2026-06-14 20:44:48,16.642000198364258,123.18299865722656,0.2540000081062317
2026-06-14 20:49:50,15.54699993133545,110.53099822998047,0.21299999952316284
2026-06-14 20:54:52,13.618000030517578,119.02799987792969,0.20100000500679016
2026-06-14 20:59:54,11.185999870300293,120.6729965209961,0.16699999570846558
2026-06-14 21:04:57,8.977999687194824,138.46600341796875,0.15399999916553497
2026-06-14 21:09:59,6.953000068664551,145.6510009765625,0.12600000202655792
2026-06-14 21:15:01,4.958000183105469,129.49400329589844,0.07999999821186066
2026-06-14 21:20:03,3.2049999237060547,0.9110000133514404,0.0
2026-06-14 21:25:05,1.6950000524520874,0.5329999923706055,0.0
2026-06-14 21:30:07,0.4909999966621399,0.15700000524520874,0.0
2026-06-15 05:40:25,0.4909999966621399,0.15700000524520874,0.0
2026-06-15 05:45:27,5.171000003814697,0.23399999737739563,0.0
2026-06-15 05:50:29,7.066999912261963,55.13999938964844,0.04800000041723251
2026-06-15 05:55:31,8.817000389099121,98.40599822998047,0.1080000028014183
2026-06-15 06:00:33,11.11299991607666,83.7030029296875,0.11500000208616257
2026-06-15 06:05:35,13.243000030517578,79.69100189208984,0.13099999725818634
2026-06-15 06:10:37,16.020999908447266,79.08300018310547,0.15700000524520874
2026-06-15 06:15:39,18.250999450683594,80.68499755859375,0.18299999833106995
2026-06-15 06:20:41,20.926000595092773,78.22899627685547,0.2029999941587448
2026-06-15 06:25:44,23.9950008392334,79.70099639892578,0.2370000034570694
2026-06-15 06:30:46,26.513999938964844,80.36199951171875,0.2639999985694885
2026-06-15 06:35:48,29.118000030517578,75.33300018310547,0.2720000147819519
2026-06-15 06:40:50,30.756999969482422,80.6259994506836,0.3070000112056732
2026-06-15 06:45:52,32.612998962402344,79.61499786376953,0.32199999690055847
2026-06-15 06:50:54,35.01900100708008,75.0999984741211,0.32600000500679016
2026-06-15 06:55:56,36.35900115966797,80.25299835205078,0.3619999885559082
2026-06-15 07:00:58,38.06399917602539,82.40499877929688,0.3889999985694885
2026-06-15 07:06:00,39.9379997253418,77.26599884033203,0.382999986410141
2026-06-15 07:11:03,41.44499969482422,76.64600372314453,0.39399999380111694
2026-06-15 07:16:05,42.856998443603516,85.44499969482422,0.45399999618530273
2026-06-15 07:21:07,44.46900177001953,83.0770034790039,0.4580000042915344
2026-06-15 07:26:09,46.2859992980957,82.34100341796875,0.4729999899864197
2026-06-15 07:31:11,48.15800094604492,80.57599639892578,0.48100000619888306
2026-06-15 07:36:13,49.750999450683594,76.84600067138672,0.4740000069141388
2026-06-15 07:41:15,51.430999755859375,83.77999877929688,0.5339999794960022
2026-06-15 07:46:17,53.007999420166016,78.80500030517578,0.5180000066757202
2026-06-15 07:51:19,54.32500076293945,82.91699981689453,0.5590000152587891
2026-06-15 07:56:22,233.1840057373047,19.517000198364258,0.5640000104904175
2026-06-15 08:01:24,249.54299926757812,18.7189998626709,0.5789999961853027
2026-06-15 08:06:26,268.54901123046875,38.18899917602539,1.2719999551773071
2026-06-15 08:11:28,284.79998779296875,54.53499984741211,1.9259999990463257
2026-06-15 08:16:30,303.7330017089844,55.25899887084961,2.0810000896453857
2026-06-15 08:21:32,320.2829895019531,57.37699890136719,2.2790000438690186
2026-06-15 08:26:34,341.4469909667969,57.17499923706055,2.4210000038146973
2026-06-15 08:31:36,364.8630065917969,58.39500045776367,2.6419999599456787
2026-06-15 08:36:38,380.80499267578125,60.310001373291016,2.8480000495910645
2026-06-15 08:41:40,396.7860107421875,61.0890007019043,3.00600004196167
2026-06-15 08:46:42,414.1650085449219,61.98699951171875,3.183000087738037
2026-06-15 08:51:45,430.2699890136719,63.10300064086914,3.367000102996826
2026-06-15 08:56:47,448.4530029296875,64.20700073242188,3.569999933242798
2026-06-15 09:01:49,464.6189880371094,65.7020034790039,3.7850000858306885
2026-06-15 09:06:51,485.718994140625,65.85600280761719,3.9660000801086426
2026-06-15 09:11:53,503.8789978027344,66.9280014038086,4.182000160217285
2026-06-15 09:16:55,522.6669921875,70.06300354003906,4.540999889373779
2026-06-15 09:21:57,542.155029296875,68.23200225830078,4.586999893188477
2026-06-15 09:26:59,566.1510009765625,68.10700225830078,4.781000137329102
2026-06-15 09:32:01,582.1649780273438,68.64099884033203,4.954999923706055
2026-06-15 09:37:03,600.3839721679688,69.68099975585938,5.188000202178955
2026-06-15 09:42:06,626.9650268554688,70.22200012207031,5.459000110626221
2026-06-15 09:47:08,636.06201171875,71.36499786376953,5.629000186920166
2026-06-15 09:52:10,650.0020141601562,71.86399841308594,5.791999816894531
2026-06-15 09:57:12,680.4569702148438,72.2509994506836,6.0960001945495605
2026-06-15 10:02:14,690.7130126953125,72.53800201416016,6.2129998207092285
2026-06-15 10:07:16,738.56201171875,72.03199768066406,6.5970001220703125
2026-06-15 10:12:18,757.0079956054688,72.86799621582031,6.840000152587891
2026-06-15 10:17:20,770.344970703125,74.1449966430664,7.083000183105469
2026-06-15 10:22:22,782.9600219726562,74.2490005493164,7.209000110626221
2026-06-15 10:27:24,798.958984375,74.62300109863281,7.39300012588501
2026-06-15 10:32:26,832.4959716796875,74.33000183105469,7.672999858856201
2026-06-15 10:37:29,826.31298828125,75.55799865722656,7.742000102996826
2026-06-15 10:42:31,815.051025390625,76.11199951171875,7.691999912261963
2026-06-15 10:47:33,829.6480102539062,76.7770004272461,7.8979997634887695
2026-06-15 10:52:35,842.7680053710938,76.93399810791016,8.039999961853027
2026-06-15 10:57:37,856.5280151367188,77.77899932861328,8.26099967956543
2026-06-15 11:02:39,867.7050170898438,77.2699966430664,8.314000129699707
2026-06-15 11:07:41,883.3699951171875,77.64700317382812,8.505000114440918
2026-06-15 11:12:43,885.0009765625,79.19000244140625,8.6899995803833
2026-06-15 11:17:45,904.385986328125,79.89099884033203,8.958999633789062
2026-06-15 11:22:47,921.7899780273438,79.41799926757812,9.07800006866455
2026-06-15 11:27:50,933.1500244140625,79.84300231933594,9.23900032043457
2026-06-15 11:32:52,953.9910278320312,79.58799743652344,9.414999961853027
2026-06-15 11:37:54,962.6420288085938,80.16300201416016,9.569000244140625
2026-06-15 11:42:56,976.718017578125,80.18000030517578,9.711000442504883
2026-06-15 11:47:58,977.8790283203125,80.35900115966797,9.744000434875488
2026-06-15 11:53:00,993.885009765625,81.04499816894531,9.98799991607666
2026-06-15 11:58:02,990.22900390625,81.83599853515625,10.048999786376953
2026-06-15 12:03:04,1003.9539794921875,82.69400024414062,10.295000076293945
2026-06-15 12:08:06,1011.7349853515625,82.98799896240234,10.41100025177002
2026-06-15 12:13:09,1011.3670043945312,83.927001953125,10.524999618530273
2026-06-15 12:18:11,1016.1859741210938,84.52200317382812,10.649999618530273
2026-06-15 12:23:13,1035.5689697265625,84.7770004272461,10.88599967956543
2026-06-15 12:28:15,1045.3480224609375,86.37300109863281,11.196000099182129
2026-06-15 12:33:17,1031.5860595703125,43.59000015258789,5.576000213623047
2026-06-15 12:38:19,1027.2939453125,87.4520034790039,11.140000343322754
2026-06-15 12:43:21,1032.7769775390625,88.72699737548828,11.36299991607666
2026-06-15 12:48:23,1033.345947265625,89.88999938964844,11.517999649047852
2026-06-15 12:53:25,1037.8809814453125,90.70800018310547,11.673999786376953
2026-06-15 12:58:28,1040.7540283203125,89.322998046875,11.527000427246094
2026-06-15 13:03:30,1025.8580322265625,91.11000061035156,11.59000015258789
2026-06-15 13:08:32,1044.0899658203125,90.89700317382812,11.767999649047852
2026-06-15 13:13:34,1051.8310546875,90.927001953125,11.859000205993652
2026-06-15 13:18:36,1032.1829833984375,91.04199981689453,11.652000427246094
2026-06-15 13:23:38,1024.1190185546875,91.37699890136719,11.604000091552734
2026-06-15 13:47:25,1044.095947265625,87.92400360107422,11.383000373840332
2026-06-15 13:52:27,1022.3070068359375,89.20700073242188,11.307999610900879
2026-06-15 13:57:29,1013.6420288085938,89.80999755859375,11.288000106811523
2026-06-15 14:02:31,1009.9630126953125,90.3489990234375,11.3149995803833
2026-06-15 14:07:33,1002.4849853515625,89.09400177001953,11.074999809265137
2026-06-15 14:12:35,1014.9219970703125,88.35700225830078,11.119999885559082
2026-06-15 14:17:38,1005.0609741210938,90.6240005493164,11.293999671936035
2026-06-15 14:22:40,995.4609985351562,91.31500244140625,11.272000312805176
2026-06-15 14:27:42,986.6500244140625,91.58999633789062,11.206000328063965
2026-06-15 14:32:44,986.4110107421875,91.96700286865234,11.24899959564209
2026-06-15 14:37:46,988.2310180664062,91.8280029296875,11.253000259399414
2026-06-15 14:42:48,1003.0609741210938,87.28399658203125,10.855999946594238
2026-06-15 14:47:50,983.2139892578125,90.1709976196289,10.993000030517578
2026-06-15 14:52:52,969.4509887695312,90.81600189208984,10.916999816894531
2026-06-15 14:57:54,955.8729858398438,90.88099670410156,10.772000312805176
2026-06-15 15:02:56,942.18701171875,89.2229995727539,10.423999786376953
2026-06-15 15:07:59,916.4550170898438,88.64800262451172,10.074000358581543
2026-06-15 15:13:01,925.1890258789062,88.55699920654297,10.15999984741211
2026-06-15 15:18:03,763.0330200195312,87.29499816894531,8.260000228881836
2026-06-15 15:23:05,752.8980102539062,91.53199768066406,8.545000076293945
2026-06-15 15:28:07,843.4149780273438,85.31500244140625,8.92300033569336
2026-06-15 15:33:09,802.833984375,85.20899963378906,8.482999801635742
2026-06-15 15:38:11,826.833984375,91.6989974975586,9.402000427246094
2026-06-15 15:43:13,830.9970092773438,89.21399688720703,9.192999839782715
2026-06-15 15:48:15,837.72900390625,87.0719985961914,9.045000076293945
2026-06-15 15:53:17,780.5260009765625,90.80000305175781,8.788000106811523
2026-06-15 15:58:19,775.0770263671875,87.0459976196289,8.366000175476074
2026-06-15 16:03:22,792.0689697265625,83.9530029296875,8.246000289916992
2026-06-15 16:08:24,748.64501953125,81.88700103759766,7.6020002365112305
2026-06-15 16:13:26,767.8099975585938,83.89199829101562,7.986999988555908
2026-06-15 16:18:28,755.1110229492188,82.4260025024414,7.7179999351501465
2026-06-15 16:23:30,743.7940063476562,81.68499755859375,7.533999919891357
2026-06-15 16:28:32,724.1810302734375,81.46199798583984,7.315000057220459
2026-06-15 16:33:34,673.8930053710938,78.02100372314453,6.519999980926514
2026-06-15 16:38:36,483.5539855957031,82.4800033569336,4.946000099182129
2026-06-15 16:43:38,552.8270263671875,83.6780014038086,5.736000061035156
2026-06-15 16:48:40,355.8349914550781,84.55899810791016,3.7309999465942383
2026-06-15 16:53:43,391.9020080566406,84.71700286865234,4.117000102996826
2026-06-15 16:58:45,470.12701416015625,79.322998046875,4.624000072479248
2026-06-15 17:03:47,414.31298828125,87.19000244140625,4.479000091552734
2026-06-15 17:08:49,310.1709899902344,91.15299987792969,3.50600004196167
2026-06-15 17:13:51,285.6709899902344,91.17500305175781,3.2300000190734863
2026-06-15 17:18:53,501.0190124511719,70.12899780273438,4.35699987411499
2026-06-15 17:23:55,403.0169982910156,80.97799682617188,4.046999931335449
2026-06-15 17:28:57,323.6210021972656,80.39199829101562,3.2260000705718994
2026-06-15 17:33:59,486.37298583984375,73.26699829101562,4.419000148773193
2026-06-15 17:39:01,467.81500244140625,72.19599914550781,4.188000202178955
2026-06-15 17:44:04,477.2569885253906,70.5,4.171999931335449
2026-06-15 17:49:06,387.0509948730469,65.73400115966797,3.1549999713897705
2026-06-15 17:54:08,420.2569885253906,69.23600006103516,3.6080000400543213
2026-06-15 17:59:10,90.7699966430664,295.3909912109375,3.325000047683716
2026-06-15 18:04:12,79.83300018310547,314.78900146484375,3.115999937057495
2026-06-15 18:09:14,75.52100372314453,309.6000061035156,2.8989999294281006
2026-06-15 18:14:16,73.64600372314453,295.0530090332031,2.694000005722046
2026-06-15 18:19:18,70.13300323486328,242.58399963378906,2.109999895095825
2026-06-15 18:24:20,70.45700073242188,98.43699645996094,0.8600000143051147
2026-06-15 18:29:22,67.01899719238281,96.46199798583984,0.8019999861717224
2026-06-15 18:34:25,61.07500076293945,101.94000244140625,0.7720000147819519
2026-06-15 18:39:27,60.59199905395508,93.72000122070312,0.7039999961853027
2026-06-15 18:44:29,70.10399627685547,93.55999755859375,0.8130000233650208
2026-06-15 18:49:31,73.48799896240234,94.27799987792969,0.859000027179718
2026-06-15 18:54:33,66.21700286865234,95.5260009765625,0.7839999794960022
2026-06-15 18:59:35,60.45000076293945,96.09700012207031,0.7200000286102295
2026-06-15 19:04:37,57.05400085449219,94.89199829101562,0.6710000038146973
2026-06-15 19:09:39,55.391998291015625,97.71099853515625,0.6710000038146973
2026-06-15 19:14:41,54.99399948120117,95.54499816894531,0.6520000100135803
2026-06-15 19:19:43,53.814998626708984,95.79299926757812,0.6389999985694885
2026-06-15 19:24:46,54.32600021362305,96.9020004272461,0.652999997138977
2026-06-15 19:29:48,50.154998779296875,99.4260025024414,0.6179999709129333
2026-06-15 19:34:50,52.85300064086914,95.7760009765625,0.628000020980835
2026-06-15 19:39:52,51.05099868774414,96.08799743652344,0.6079999804496765
2026-06-15 19:44:54,51.95399856567383,96.71700286865234,0.6230000257492065
2026-06-15 19:49:56,53.89099884033203,95.28099822998047,0.6370000243186951
2026-06-15 19:54:58,54.47100067138672,95.9469985961914,0.6480000019073486
2026-06-15 20:00:00,51.26599884033203,95.98699951171875,0.6100000143051147
2026-06-15 20:05:02,47.97700119018555,94.83499908447266,0.5640000104904175
2026-06-15 20:10:05,43.707000732421875,95.86100006103516,0.5199999809265137
2026-06-15 20:15:07,44.992000579833984,95.60600280761719,0.5329999923706055
2026-06-15 20:20:09,41.71699905395508,91.84600067138672,0.4749999940395355
2026-06-15 20:25:11,32.58700180053711,99.5979995727539,0.4020000100135803
2026-06-15 20:30:13,28.031999588012695,101.82099914550781,0.3540000021457672
2026-06-15 20:35:15,27.24799919128418,91.3280029296875,0.3089999854564667
2026-06-15 20:40:17,24.992000579833984,105.37300109863281,0.3269999921321869
2026-06-15 20:45:19,22.82900047302246,99.49700164794922,0.28200000524520874
2026-06-15 20:50:22,21.768999099731445,103.322998046875,0.27900001406669617
2026-06-15 20:55:24,17.538000106811523,101.81600189208984,0.22100000083446503
2026-06-15 21:00:26,15.92199993133545,99.44599914550781,0.19599999487400055
2026-06-15 21:05:28,12.954999923706055,109.19599914550781,0.17499999701976776
2026-06-15 21:10:30,7.89900016784668,100.72899627685547,0.0989999994635582
2026-06-15 21:15:32,4.697000026702881,50.03200149536133,0.028999999165534973
2026-06-15 21:20:34,3.303999900817871,0.23100000619888306,0.0
2026-06-15 21:25:36,1.3389999866485596,0.3149999976158142,0.0
2026-06-15 21:30:38,0.1120000034570694,0.12700000405311584,0.0
2026-06-16 05:39:52,0.1120000034570694,0.12700000405311584,0.0
2026-06-16 05:44:54,3.0329999923706055,0.16899999976158142,0.0
2026-06-16 05:49:57,4.008999824523926,0.11100000143051147,0.0
2026-06-16 05:54:59,5.706999778747559,0.17599999904632568,0.0
2026-06-16 06:00:01,8.079999923706055,41.893001556396484,0.041999999433755875
2026-06-16 06:05:03,11.918000221252441,68.7959976196289,0.10199999809265137
2026-06-16 06:10:05,14.289999961853027,82.64099884033203,0.1459999978542328
2026-06-16 06:15:07,19.993999481201172,69.54000091552734,0.1720000058412552
2026-06-16 06:20:09,21.490999221801758,72.96099853515625,0.1940000057220459
2026-06-16 06:25:11,23.15399932861328,68.31400299072266,0.19599999487400055
2026-06-16 06:30:13,26.16699981689453,65.6449966430664,0.21299999952316284
2026-06-16 06:35:16,28.22599983215332,75.00499725341797,0.2630000114440918
2026-06-16 06:40:18,31.881000518798828,72.20800018310547,0.2849999964237213
2026-06-16 06:45:20,34.132999420166016,78.7979965209961,0.33399999141693115
2026-06-16 06:50:22,37.3650016784668,77.27200317382812,0.3580000102519989
2026-06-16 06:55:24,42.249000549316406,80.04499816894531,0.4189999997615814
2026-06-16 07:00:26,49.55699920654297,78.447998046875,0.4819999933242798
2026-06-16 07:05:28,55.71699905395508,77.2490005493164,0.5339999794960022
2026-06-16 07:10:30,56.54600143432617,76.7969970703125,0.5379999876022339
2026-06-16 07:15:32,60.077999114990234,80.07599639892578,0.597000002861023
2026-06-16 07:20:34,64.22899627685547,80.51899719238281,0.640999972820282
2026-06-16 07:25:36,68.66699981689453,79.21499633789062,0.6740000247955322
2026-06-16 07:30:39,79.92500305175781,75.9280014038086,0.7519999742507935
2026-06-16 07:35:41,91.56999969482422,76.41200256347656,0.8679999709129333
2026-06-16 07:40:43,94.87200164794922,76.12899780273438,0.8960000276565552
2026-06-16 07:45:45,101.43499755859375,76.22100067138672,0.9589999914169312
2026-06-16 07:50:47,109.78500366210938,72.55400085449219,0.9879999756813049
2026-06-16 07:55:49,112.14399719238281,69.01100158691406,0.9599999785423279
2026-06-16 08:00:51,184.5489959716797,51.20500183105469,1.1720000505447388
2026-06-16 08:05:53,170.13699340820312,63.04199981689453,1.3300000429153442
2026-06-16 08:10:55,137.95899963378906,77.93000030517578,1.3329999446868896
2026-06-16 08:15:58,110.3219985961914,84.10800170898438,1.1510000228881836
2026-06-16 08:21:00,98.43900299072266,86.31900024414062,1.0540000200271606
2026-06-16 08:26:02,92.2770004272461,85.96099853515625,0.984000027179718
2026-06-16 08:31:04,117.322998046875,85.12100219726562,1.2380000352859497
2026-06-16 08:36:06,174.8090057373047,82.6709976196289,1.7920000553131104
2026-06-16 08:41:08,185.85400390625,80.40799713134766,1.8530000448226929
2026-06-16 08:46:10,395.8970031738281,68.78600311279297,3.377000093460083
2026-06-16 08:51:12,416.0320129394531,69.53900146484375,3.5869998931884766
2026-06-16 08:56:14,384.7950134277344,71.27400207519531,3.4010000228881836
2026-06-16 09:01:16,332.4020080566406,103.9489974975586,4.284999847412109
2026-06-16 09:06:19,505.7829895019531,65.10900115966797,4.083000183105469
2026-06-16 09:11:21,509.7650146484375,72.38200378417969,4.574999809265137
2026-06-16 09:16:23,447.75799560546875,76.0719985961914,4.223999977111816
2026-06-16 09:21:25,346.0660095214844,81.58300018310547,3.500999927520752
2026-06-16 09:26:27,263.4100036621094,86.48500061035156,2.825000047683716
2026-06-16 09:31:29,284.135009765625,83.68099975585938,2.947999954223633
2026-06-16 09:36:31,233.16099548339844,88.4990005493164,2.559000015258789
2026-06-16 09:41:33,189.26600646972656,88.27999877929688,2.072000026702881
2026-06-16 09:46:35,264.6109924316406,84.41400146484375,2.7699999809265137
2026-06-16 09:51:37,228.3769989013672,88.9530029296875,2.5190000534057617
2026-06-16 09:56:39,236.84800720214844,89.85700225830078,2.6389999389648438
2026-06-16 10:01:42,208.73800659179688,90.91899871826172,2.3529999256134033
2026-06-16 10:06:44,181.8719940185547,92.0199966430664,2.075000047683716
2026-06-16 10:11:46,180.79200744628906,91.64900207519531,2.055000066757202
2026-06-16 10:16:48,132.5330047607422,101.6719970703125,1.6710000038146973
2026-06-16 10:21:50,80.04299926757812,95.5199966430664,0.9480000138282776
2026-06-16 10:26:52,72.77100372314453,94.81600189208984,0.8560000061988831
2026-06-16 10:31:54,99.64800262451172,88.87799835205078,1.0980000495910645
2026-06-16 10:36:56,194.21299743652344,87.63099670410156,2.109999895095825
2026-06-16 10:41:59,168.802001953125,94.49099731445312,1.9780000448226929
2026-06-16 10:47:01,170.2030029296875,92.5770034790039,1.9539999961853027
2026-06-16 10:52:03,187.5760040283203,92.3219985961914,2.1470000743865967
2026-06-16 10:57:05,185.9409942626953,93.41699981689453,2.1540000438690186
2026-06-16 11:02:07,207.10400390625,92.35299682617188,2.371999979019165
2026-06-16 11:07:09,737.8400268554688,80.61799621582031,7.375999927520752
2026-06-16 11:12:11,260.6929931640625,90.177001953125,2.9149999618530273
2026-06-16 11:17:13,322.0979919433594,88.47599792480469,3.5339999198913574
2026-06-16 11:22:15,389.93798828125,89.9540023803711,4.349999904632568
2026-06-16 11:27:17,396.2510070800781,101.12699890136719,4.968999862670898
2026-06-16 11:32:19,371.2590026855469,88.05000305175781,4.052999973297119
2026-06-16 11:37:22,392.07501220703125,84.3239974975586,4.099999904632568
2026-06-16 11:42:24,626.6630249023438,80.05599975585938,6.2210001945495605
2026-06-16 11:47:26,1061.5150146484375,78.8550033569336,10.380000114440918
2026-06-16 11:52:28,999.7420043945312,80.63999938964844,9.996999740600586
2026-06-16 11:57:30,942.9730224609375,82.26100158691406,9.619000434875488
2026-06-16 12:02:32,345.47900390625,87.23200225830078,3.736999988555908
2026-06-16 12:07:34,1040.510009765625,81.61799621582031,10.531000137329102
2026-06-16 12:12:36,1007.4169921875,82.9800033569336,10.366000175476074
2026-06-16 12:17:38,984.9349975585938,84.00800323486328,10.260000228881836
2026-06-16 12:22:41,865.1539916992188,87.10900115966797,9.345000267028809
2026-06-16 12:27:43,902.239990234375,87.26300048828125,9.762999534606934
2026-06-16 12:32:45,768.8159790039062,89.43000030517578,8.526000022888184
2026-06-16 12:37:47,911.6409912109375,86.99299621582031,9.833999633789062
2026-06-16 12:42:49,1036.7039794921875,87.947998046875,11.305999755859375
2026-06-16 12:47:51,1017.52197265625,89.34700012207031,11.27299976348877
2026-06-16 12:52:53,963.7630004882812,88.69300079345703,10.598999977111816
2026-06-16 12:57:55,998.0050048828125,88.95700073242188,11.008999824523926
2026-06-16 13:02:57,995.5059814453125,89.39700317382812,11.03499984741211
2026-06-16 13:07:59,995.8579711914062,91.00700378417969,11.23799991607666
2026-06-16 13:13:01,1004.3060302734375,92.28500366210938,11.493000030517578
2026-06-16 13:18:03,1014.8870239257812,91.5,11.515000343322754
2026-06-16 13:23:06,982.5170288085938,93.6760025024414,11.413000106811523
2026-06-16 13:28:08,1047.717041015625,91.66500091552734,11.909000396728516
2026-06-16 13:50:45,1051.094970703125,18.792999267578125,2.4489998817443848
2026-06-16 13:55:47,1036.1619873046875,86.22799682617188,11.079000473022461
2026-06-16 14:00:49,1033.01904296875,86.74600219726562,11.112000465393066
2026-06-16 14:05:52,1022.7449951171875,86.02100372314453,10.909000396728516
2026-06-16 14:10:54,1011.041015625,86.06400299072266,10.789999961853027
2026-06-16 14:15:56,1014.4530029296875,86.4280014038086,10.871999740600586
2026-06-16 14:20:58,995.7210083007812,87.77400207519531,10.836999893188477
2026-06-16 14:26:00,982.64697265625,88.60700225830078,10.79699993133545
2026-06-16 14:31:02,985.89501953125,87.70099639892578,10.722000122070312
2026-06-16 14:36:04,951.6409912109375,87.6989974975586,10.348999977111816
2026-06-16 14:41:06,986.0499877929688,88.41000366210938,10.8100004196167
2026-06-16 14:46:08,981.5289916992188,88.39900207519531,10.758999824523926
2026-06-16 14:51:10,971.2579956054688,87.6449966430664,10.555999755859375
2026-06-16 14:56:13,1044.375,86.13700103759766,11.154999732971191
2026-06-16 15:01:15,713.7509765625,93.89900207519531,8.310999870300293
2026-06-16 15:06:17,315.552001953125,91.41600036621094,3.5769999027252197
2026-06-16 15:11:19,303.4129943847656,96.8949966430664,3.6449999809265137
2026-06-16 15:16:21,506.83099365234375,91.58699798583984,5.75600004196167
2026-06-16 15:21:23,410.99200439453125,107.01399993896484,5.453999996185303
2026-06-16 15:26:25,290.3500061035156,91.48400115966797,3.2939999103546143
2026-06-16 15:31:27,304.2650146484375,91.49800109863281,3.4519999027252197
2026-06-16 15:36:29,290.5329895019531,90.48999786376953,3.259999990463257
2026-06-16 15:41:31,293.36700439453125,92.07599639892578,3.3489999771118164
2026-06-16 15:46:33,303.39801025390625,91.96399688720703,3.4600000381469727
2026-06-16 15:51:36,292.3059997558594,92.53600311279297,3.3540000915527344
2026-06-16 15:56:38,301.88800048828125,93.23899841308594,3.490000009536743
2026-06-16 16:01:40,274.05499267578125,92.31600189208984,3.13700008392334
2026-06-16 16:06:42,237.01300048828125,92.44000244140625,2.7170000076293945
2026-06-16 16:11:44,246.218994140625,91.90599822998047,2.805999994277954
2026-06-16 16:16:46,331.9849853515625,95.74500274658203,3.940999984741211
2026-06-16 16:21:48,429.3580017089844,78.39099884033203,4.173999786376953
2026-06-16 16:26:50,198.25399780273438,99.02799987792969,2.434000015258789
2026-06-16 16:31:53,155.50900268554688,92.6719970703125,1.7869999408721924
2026-06-16 16:36:55,193.90899658203125,92.1760025024414,2.2160000801086426
2026-06-16 16:41:57,218.91200256347656,94.46399688720703,2.563999891281128
2026-06-16 16:46:59,196.68600463867188,95.53900146484375,2.3299999237060547
2026-06-16 16:52:01,167.0399932861328,95.48100280761719,1.9780000448226929
2026-06-16 16:57:03,162.2310028076172,95.4469985961914,1.9199999570846558
2026-06-16 17:02:05,152.38299560546875,95.57499694824219,1.805999994277954
2026-06-16 17:07:07,126.55999755859375,94.90599822998047,1.4889999628067017
2026-06-16 17:12:09,111.50299835205078,96.84500122070312,1.3389999866485596
2026-06-16 17:17:11,104.99500274658203,96.18900299072266,1.2519999742507935
2026-06-16 17:22:14,103.00700378417969,98.3030014038086,1.25600004196167
2026-06-16 17:27:16,120.41000366210938,96.89099884033203,1.4470000267028809
2026-06-16 17:32:18,118.1050033569336,98.02799987792969,1.4359999895095825
2026-06-16 17:37:20,110.85399627685547,95.2249984741211,1.309000015258789
2026-06-16 17:42:22,96.98300170898438,95.48100280761719,1.1480000019073486
2026-06-16 17:47:24,82.46499633789062,96.85399627685547,0.9900000095367432
2026-06-16 17:52:26,74.11199951171875,95.822998046875,0.8809999823570251
2026-06-16 17:57:28,61.790000915527344,93.86599731445312,0.718999981880188
2026-06-16 18:02:30,53.70500183105469,93.5999984741211,0.6230000257492065
2026-06-16 18:07:32,47.691001892089844,94.7979965209961,0.5609999895095825
2026-06-16 18:12:35,51.4010009765625,97.19999694824219,0.6200000047683716
2026-06-16 18:17:37,66.95099639892578,96.45600128173828,0.8009999990463257
2026-06-16 18:22:39,80.1729965209961,95.08399963378906,0.9449999928474426
2026-06-16 18:27:41,75.88600158691406,95.86699676513672,0.9020000100135803
2026-06-16 18:32:43,76.06400299072266,93.34200286865234,0.8799999952316284
2026-06-16 18:37:45,82.32099914550781,94.70899963378906,0.9670000076293945
2026-06-16 18:42:47,71.5199966430664,96.2030029296875,0.8529999852180481
2026-06-16 18:47:49,63.50199890136719,91.93299865722656,0.7239999771118164
2026-06-16 18:52:52,62.2859992980957,90.01300048828125,0.6949999928474426
2026-06-16 18:57:54,65.55699920654297,91.02400207519531,0.7400000095367432
2026-06-16 19:02:56,69.93800354003906,90.2300033569336,0.7829999923706055
2026-06-16 19:07:58,73.52200317382812,88.77400207519531,0.8090000152587891
2026-06-16 19:13:00,72.31300354003906,92.47799682617188,0.8289999961853027
2026-06-16 19:18:02,73.35099792480469,91.61499786376953,0.8330000042915344
2026-06-16 19:23:04,76.71900177001953,89.59500122070312,0.8519999980926514
2026-06-16 19:28:06,79.63500213623047,90.81099700927734,0.8970000147819519
2026-06-16 19:33:08,75.81800079345703,90.375,0.8500000238418579
2026-06-16 19:38:10,69.93399810791016,88.13999938964844,0.7639999985694885
2026-06-16 19:43:13,63.6150016784668,87.60600280761719,0.6909999847412109
2026-06-16 19:48:15,59.0620002746582,86.51100158691406,0.6340000033378601
2026-06-16 19:53:17,54.71500015258789,89.28199768066406,0.6060000061988831
2026-06-16 19:58:19,57.66600036621094,88.21399688720703,0.6309999823570251
2026-06-16 20:03:21,52.77899932861328,88.84100341796875,0.5809999704360962
2026-06-16 20:08:23,49.87900161743164,88.26899719238281,0.5460000038146973
2026-06-16 20:13:25,46.9010009765625,87.822998046875,0.5109999775886536
2026-06-16 20:18:27,45.42399978637695,88.05400085449219,0.4959999918937683
2026-06-16 20:23:29,37.21099853515625,91.7699966430664,0.4230000078678131
2026-06-16 20:28:31,30.527999877929688,91.47200012207031,0.34599998593330383
2026-06-16 20:33:34,25.753000259399414,87.33699798583984,0.27900001406669617
2026-06-16 20:38:36,21.716999053955078,95.00800323486328,0.25600001215934753
2026-06-16 20:43:38,17.274999618530273,96.2490005493164,0.20600000023841858
2026-06-16 20:48:40,14.569000244140625,93.35700225830078,0.16899999976158142
2026-06-16 20:53:42,11.970000267028809,103.0719985961914,0.15299999713897705
2026-06-16 20:58:44,9.937000274658203,103.6240005493164,0.12800000607967377
2026-06-16 21:03:46,6.985000133514404,112.01499938964844,0.09700000286102295
2026-06-16 21:08:48,4.741000175476074,0.28299999237060547,0.0
2026-06-16 21:13:50,3.0309998989105225,0.2070000022649765,0.0
2026-06-16 21:18:52,2.1050000190734863,0.35600000619888306,0.0
2026-06-16 21:23:54,1.434999942779541,0.25600001215934753,0.0
2026-06-16 21:28:57,0.7749999761581421,0.15199999511241913,0.0
2026-06-17 05:40:19,0.7749999761581421,0.15199999511241913,0.0
2026-06-17 05:45:21,5.809999942779541,0.17100000381469727,0.0
2026-06-17 05:50:23,8.218999862670898,20.6200008392334,0.020999999716877937
2026-06-17 05:55:25,10.984999656677246,61.22800064086914,0.08299999684095383
2026-06-17 06:00:27,13.84000015258789,53.797000885009766,0.09200000017881393
2026-06-17 06:05:29,16.155000686645508,58.89799880981445,0.11800000071525574
2026-06-17 06:10:31,19.614999771118164,62.88800048828125,0.15299999713897705
2026-06-17 06:15:33,23.999000549316406,63.6510009765625,0.1889999955892563
2026-06-17 06:20:36,27.777999877929688,64.42900085449219,0.22200000286102295
2026-06-17 06:25:38,32.816001892089844,67.27400207519531,0.27399998903274536
2026-06-17 06:30:40,36.64500045776367,61.03499984741211,0.2770000100135803
2026-06-17 06:35:42,43.39799880981445,66.72100067138672,0.35899999737739563
2026-06-17 06:40:44,47.882999420166016,66.03199768066406,0.3919999897480011
2026-06-17 06:45:46,51.39400100708008,70.03600311279297,0.44600000977516174
2026-06-17 06:50:48,54.47100067138672,67.98500061035156,0.45899999141693115
2026-06-17 06:55:50,58.266998291015625,69.10399627685547,0.49900001287460327
2026-06-17 07:00:52,62.39799880981445,69.38800048828125,0.5370000004768372
2026-06-17 07:05:55,67.87200164794922,69.83899688720703,0.5879999995231628
2026-06-17 07:10:57,74.49400329589844,69.1259994506836,0.6389999985694885
2026-06-17 07:15:59,76.39099884033203,70.3949966430664,0.6669999957084656
2026-06-17 07:21:01,78.94200134277344,72.28900146484375,0.7080000042915344
2026-06-17 07:26:03,86.52799987792969,70.59300231933594,0.7570000290870667
2026-06-17 07:31:05,94.31500244140625,70.64199829101562,0.8259999752044678
2026-06-17 07:36:07,99.33000183105469,73.01399993896484,0.8989999890327454
2026-06-17 07:41:09,104.00700378417969,71.18000030517578,0.9179999828338623
2026-06-17 07:46:11,109.16799926757812,71.09500122070312,0.9620000123977661
2026-06-17 07:51:13,114.22599792480469,70.31800079345703,0.9959999918937683
2026-06-17 07:56:15,131.68899536132812,60.819000244140625,0.9929999709129333
2026-06-17 08:01:17,191.38499450683594,43.12099838256836,1.0230000019073486
2026-06-17 08:06:20,184.91400146484375,54.832000732421875,1.2569999694824219
2026-06-17 08:11:22,134.75399780273438,114.29100036621094,1.909999966621399
2026-06-17 08:16:24,283.4989929199219,51.21799850463867,1.8009999990463257
2026-06-17 08:21:26,297.927001953125,60.334999084472656,2.2290000915527344
2026-06-17 08:26:28,366.3039855957031,58.75,2.6689999103546143
2026-06-17 08:31:30,240.85000610351562,64.06800079345703,1.9129999876022339
2026-06-17 08:36:32,413.4830017089844,59.94900131225586,3.0739998817443848
2026-06-17 08:41:34,170.19900512695312,73.09200286865234,1.5429999828338623
2026-06-17 08:46:36,206.51800537109375,73.20600128173828,1.875
2026-06-17 08:51:39,264.22601318359375,71.31199645996094,2.3359999656677246
2026-06-17 08:56:41,258.77301025390625,71.13500213623047,2.2829999923706055
2026-06-17 09:01:43,304.7430114746094,70.30999755859375,2.6570000648498535
2026-06-17 09:06:45,472.55999755859375,67.82599639892578,3.9739999771118164
2026-06-17 09:11:47,307.3169860839844,72.94000244140625,2.7799999713897705
2026-06-17 09:16:49,527.2249755859375,70.61100006103516,4.616000175476074
2026-06-17 09:21:51,537.4130249023438,67.90399932861328,4.525000095367432
2026-06-17 09:26:53,553.6160278320312,67.80500030517578,4.65500020980835
2026-06-17 09:31:55,559.1909790039062,68.48799896240234,4.749000072479248
2026-06-17 09:36:58,572.072998046875,69.48600006103516,4.928999900817871
2026-06-17 09:42:00,598.677001953125,69.98899841308594,5.196000099182129
2026-06-17 09:47:02,553.7369995117188,71.77300262451172,4.927999973297119
2026-06-17 09:52:04,630.6740112304688,71.1719970703125,5.565999984741211
2026-06-17 09:57:06,648.2100219726562,73.10299682617188,5.875999927520752
2026-06-17 10:02:08,654.614990234375,73.2490005493164,5.946000099182129
2026-06-17 10:07:10,595.885986328125,73.68299865722656,5.443999767303467
2026-06-17 10:12:12,696.2470092773438,73.48699951171875,6.34499979019165
2026-06-17 10:17:14,684.655029296875,74.41100311279297,6.316999912261963
2026-06-17 10:22:16,737.5059814453125,74.72000122070312,6.833000183105469
2026-06-17 10:27:18,793.0419921875,59.65700149536133,5.867000102996826
2026-06-17 10:32:21,792.7130126953125,75.18399810791016,7.389999866485596
2026-06-17 10:37:23,611.5999755859375,68.33000183105469,5.182000160217285
2026-06-17 10:42:25,802.2540283203125,76.552001953125,7.614999771118164
2026-06-17 10:47:27,804.302001953125,75.52400207519531,7.5320000648498535
2026-06-17 10:52:29,784.405029296875,75.5469970703125,7.3480000495910645
2026-06-17 10:57:31,786.0960083007812,79.91500091552734,7.789999961853027
2026-06-17 11:02:33,778.8870239257812,78.24800109863281,7.557000160217285
2026-06-17 11:07:35,771.7990112304688,78.55500030517578,7.51800012588501
2026-06-17 11:12:37,778.3820190429688,80.03900146484375,7.724999904632568
2026-06-17 11:17:39,911.4879760742188,78.8759994506836,8.914999961853027
2026-06-17 11:22:42,892.5250244140625,79.60099792480469,8.8100004196167
2026-06-17 11:27:44,914.1069946289062,79.21199798583984,8.979000091552734
2026-06-17 11:32:46,901.7899780273438,79.80000305175781,8.92300033569336
2026-06-17 11:37:48,889.2479858398438,80.69100189208984,8.89799976348877
2026-06-17 11:42:50,908.4210205078125,80.93399810791016,9.116999626159668
2026-06-17 11:47:52,954.5419921875,81.46299743652344,9.642000198364258
2026-06-17 11:52:54,960.6079711914062,82.26200103759766,9.798999786376953
2026-06-17 11:57:56,930.1389770507812,83.40299987792969,9.619000434875488
2026-06-17 12:02:58,969.844970703125,84.14900207519531,10.119999885559082
2026-06-17 12:08:00,831.6320190429688,101.15299987792969,10.430999755859375
2026-06-17 12:13:03,994.43701171875,84.697998046875,10.444000244140625
2026-06-17 12:18:05,1003.1179809570312,84.86599731445312,10.555999755859375
2026-06-17 12:23:07,1005.406005859375,85.65399932861328,10.678999900817871
2026-06-17 12:28:09,1002.9650268554688,87.7699966430664,10.916000366210938
2026-06-17 12:33:11,1012.6240234375,88.86199951171875,11.157999992370605
2026-06-17 12:38:13,1020.7340087890625,88.78900146484375,11.23799991607666
2026-06-17 12:43:15,1006.4819946289062,89.60099792480469,11.182999610900879
2026-06-17 12:48:17,1026.2540283203125,90.43399810791016,11.508000373840332
2026-06-17 12:53:19,1069.8900146484375,89.84300231933594,11.918999671936035
2026-06-17 12:58:21,1064.14599609375,89.48600006103516,11.807999610900879
2026-06-17 13:03:24,1103.7740478515625,90.52899932861328,12.390000343322754
2026-06-17 13:08:26,1145.4310302734375,89.2969970703125,12.682999610900879
2026-06-17 13:13:28,1128.0849609375,90.3290023803711,12.635000228881836
2026-06-17 13:18:30,1126.31298828125,90.7300033569336,12.67199993133545
2026-06-17 13:23:32,974.9229736328125,98.68699645996094,11.930000305175781
2026-06-17 13:28:34,1114.7469482421875,92.00499725341797,12.718000411987305
2026-06-17 13:52:13,1109.10205078125,89.3489990234375,12.288000106811523
2026-06-17 13:57:15,1080.656005859375,86.75499725341797,11.625
2026-06-17 14:02:17,1111.52001953125,91.02999877929688,12.54699993133545
2026-06-17 14:07:19,1092.3719482421875,92.51000213623047,12.531000137329102
2026-06-17 14:12:21,1092.6400146484375,91.57099914550781,12.406999588012695
2026-06-17 14:17:23,1082.4200439453125,91.78700256347656,12.319999694824219
2026-06-17 14:22:25,1014.1950073242188,99.0719985961914,12.458999633789062
2026-06-17 14:27:28,1100.137939453125,93.33200073242188,12.732000350952148
2026-06-17 14:32:30,1035.625,94.36799621582031,12.118000030517578
2026-06-17 14:37:32,1012.8250122070312,94.71499633789062,11.895000457763672
2026-06-17 14:42:34,832.1430053710938,100.39399719238281,10.359000205993652
2026-06-17 14:47:36,887.0830078125,95.08300018310547,10.458999633789062
2026-06-17 14:52:38,976.1810302734375,89.86100006103516,10.876999855041504
2026-06-17 14:57:40,952.510009765625,93.58599853515625,11.053999900817871
2026-06-17 15:02:42,1029.3070068359375,94.93399810791016,12.116999626159668
2026-06-17 15:07:44,233.45399475097656,100.05699920654297,2.8959999084472656
2026-06-17 15:12:47,203.72999572753906,102.68699645996094,2.5940001010894775
2026-06-17 15:17:49,174.8979949951172,100.01200103759766,2.1689999103546143
2026-06-17 15:22:51,231.83799743652344,111.54299926757812,3.2070000171661377
2026-06-17 15:27:53,181.29800415039062,101.60099792480469,2.2839999198913574
2026-06-17 15:32:55,186.88900756835938,98.56199645996094,2.2839999198913574
2026-06-17 15:37:57,908.7520141601562,74.94200134277344,8.444999694824219
2026-06-17 15:42:59,218.9669952392578,100.22799682617188,2.7209999561309814
2026-06-17 15:48:01,171.54600524902344,99.7239990234375,2.121000051498413
2026-06-17 15:53:03,207.5919952392578,96.16200256347656,2.4749999046325684
2026-06-17 15:58:05,243.3350067138672,98.37100219726562,2.9679999351501465
2026-06-17 16:03:07,277.5060119628906,86.5719985961914,2.9790000915527344
2026-06-17 16:08:10,189.95700073242188,98.7760009765625,2.3269999027252197
2026-06-17 16:13:12,208.55799865722656,95.60099792480469,2.4719998836517334
2026-06-17 16:18:14,823.6179809570312,87.21299743652344,8.906999588012695
2026-06-17 16:23:16,459.00299072265625,139.1300048828125,7.919000148773193
2026-06-17 16:28:18,436.0369873046875,37.119998931884766,2.006999969482422
2026-06-17 16:33:20,691.3489990234375,84.97699737548828,7.284999847412109
2026-06-17 16:38:22,675.1270141601562,83.52799987792969,6.993000030517578
2026-06-17 16:43:24,577.8590087890625,40.15700149536133,2.877000093460083
2026-06-17 16:48:26,650.2239990234375,81.3290023803711,6.557000160217285
2026-06-17 16:53:29,646.7930297851562,80.92900085449219,6.491000175476074
2026-06-17 16:58:31,107.20800018310547,100.21299743652344,1.3320000171661377
2026-06-17 17:03:33,285.01300048828125,150.56399536132812,5.321000099182129
2026-06-17 17:08:35,622.6079711914062,79.69300079345703,6.1529998779296875
2026-06-17 17:13:37,566.7269897460938,77.64700317382812,5.456999778747559
2026-06-17 17:18:39,100.0780029296875,97.072998046875,1.2050000429153442
2026-06-17 17:23:41,470.385986328125,72.64800262451172,4.236999988555908
2026-06-17 17:28:43,514.3060302734375,76.86100006103516,4.9019999504089355
2026-06-17 17:33:45,479.53900146484375,74.9209976196289,4.454999923706055
2026-06-17 17:38:47,461.718994140625,74.31999969482422,4.255000114440918
2026-06-17 17:43:49,263.9429931640625,36.926998138427734,1.2089999914169312
2026-06-17 17:48:52,186.17599487304688,158.58700561523438,3.6610000133514404
2026-06-17 17:53:54,303.0790100097656,47.066001892089844,1.7690000534057617
2026-06-17 17:58:56,137.3769989013672,204.0540008544922,3.4760000705718994
2026-06-17 18:03:58,83.4530029296875,123.77999877929688,1.281000018119812
2026-06-17 18:09:00,84.98100280761719,284.8999938964844,3.002000093460083
2026-06-17 18:14:02,88.82099914550781,252.9929962158203,2.7860000133514404
2026-06-17 18:19:04,99.73500061035156,213.01300048828125,2.634000062942505
2026-06-17 18:24:06,91.43800354003906,103.1240005493164,1.1690000295639038
2026-06-17 18:29:08,91.26899719238281,99.75499725341797,1.128999948501587
2026-06-17 18:34:11,71.81300354003906,98.36699676513672,0.8759999871253967
2026-06-17 18:39:13,60.79999923706055,102.60900115966797,0.7739999890327454
2026-06-17 18:44:15,56.15800094604492,101.78299713134766,0.7089999914169312
2026-06-17 18:49:17,55.0629997253418,105.04000091552734,0.7170000076293945
2026-06-17 18:54:19,50.90999984741211,106.58100128173828,0.6729999780654907
2026-06-17 18:59:21,48.38600158691406,102.5459976196289,0.6150000095367432
2026-06-17 19:04:23,48.141998291015625,106.80799865722656,0.6380000114440918
2026-06-17 19:09:25,50.82699966430664,99.78800201416016,0.6290000081062317
2026-06-17 19:14:27,49.79999923706055,101.15399932861328,0.625
2026-06-17 19:19:29,48.21799850463867,102.06700134277344,0.6100000143051147
2026-06-17 19:24:31,46.165000915527344,103.01000213623047,0.5899999737739563
2026-06-17 19:29:34,44.770999908447266,103.58699798583984,0.574999988079071
2026-06-17 19:34:36,43.207000732421875,100.91899871826172,0.5410000085830688
2026-06-17 19:39:38,42.066001892089844,97.70500183105469,0.5099999904632568
2026-06-17 19:44:40,40.66299819946289,99.22000122070312,0.5
2026-06-17 19:49:42,38.89799880981445,104.56300354003906,0.5040000081062317
2026-06-17 19:54:44,37.49700164794922,101.69400024414062,0.4729999899864197
2026-06-17 19:59:46,36.08700180053711,104.8280029296875,0.4690000116825104
2026-06-17 20:04:48,34.277000427246094,101.10099792480469,0.4300000071525574
2026-06-17 20:09:50,32.766998291015625,107.91000366210938,0.43799999356269836
2026-06-17 20:14:53,31.08099937438965,105.17400360107422,0.4050000011920929
2026-06-17 20:19:55,29.05699920654297,103.69000244140625,0.37400001287460327
2026-06-17 20:24:57,24.479999542236328,116.322998046875,0.3529999852180481
2026-06-17 20:29:59,22.618999481201172,118.80599975585938,0.3330000042915344
2026-06-17 20:35:01,20.702999114990234,114.85700225830078,0.29499998688697815
2026-06-17 20:40:03,18.93600082397461,114.47000122070312,0.26899999380111694
2026-06-17 20:45:05,17.170000076293945,124.03800201416016,0.2639999985694885
2026-06-17 20:50:07,15.28499984741211,117.5260009765625,0.22300000488758087
2026-06-17 20:55:09,13.33899974822998,120.3479995727539,0.19900000095367432
2026-06-17 21:00:12,11.45300006866455,120.08200073242188,0.17100000381469727
2026-06-17 21:05:14,9.430000305175781,126.23100280761719,0.14800000190734863
2026-06-17 21:10:16,7.427000045776367,144.24200439453125,0.13300000131130219
2026-06-17 21:15:18,5.626999855041504,178.2989959716797,0.12399999797344208
2026-06-17 21:20:20,3.940999984741211,19.916000366210938,0.009999999776482582
2026-06-17 21:25:22,2.3550000190734863,0.4050000011920929,0.0
2026-06-17 21:30:24,0.7929999828338623,0.28200000524520874,0.0
2026-06-18 05:40:42,0.7929999828338623,0.28200000524520874,0.0
2026-06-18 05:45:45,5.440000057220459,0.21799999475479126,0.0
2026-06-18 05:50:47,7.51200008392334,51.9370002746582,0.04800000041723251
2026-06-18 05:55:49,9.75100040435791,74.25599670410156,0.09000000357627869
2026-06-18 06:00:51,11.59000015258789,79.65899658203125,0.11400000005960464
2026-06-18 06:05:53,13.256999969482422,72.37999725341797,0.11900000274181366
2026-06-18 06:10:55,15.022000312805176,75.19100189208984,0.14000000059604645
2026-06-18 06:15:57,17.4060001373291,75.3479995727539,0.16300000250339508
2026-06-18 06:20:59,20.718000411987305,78.46499633789062,0.20200000703334808
2026-06-18 06:26:01,24.510000228881836,71.87000274658203,0.21799999475479126
2026-06-18 06:31:03,26.5939998626709,74.54299926757812,0.2460000067949295
2026-06-18 06:36:06,27.82900047302246,75.8270034790039,0.2619999945163727
2026-06-18 06:41:08,30.820999145507812,74.64199829101562,0.2849999964237213
2026-06-18 06:46:10,32.57099914550781,75.86900329589844,0.3059999942779541
2026-06-18 06:51:12,34.21799850463867,74.21700286865234,0.3149999976158142
2026-06-18 06:56:14,36.38999938964844,75.5999984741211,0.3409999907016754
2026-06-18 07:01:16,38.349998474121094,79.39099884033203,0.3779999911785126
2026-06-18 07:06:18,40.37900161743164,73.79399871826172,0.36899998784065247
2026-06-18 07:11:20,42.20800018310547,77.46499633789062,0.4050000011920929
2026-06-18 07:16:22,44.084999084472656,78.24099731445312,0.42800000309944153
2026-06-18 07:21:24,45.95500183105469,78.2490005493164,0.44600000977516174
2026-06-18 07:26:26,47.34199905395508,81.53199768066406,0.4790000021457672
2026-06-18 07:31:29,48.7859992980957,79.7030029296875,0.4819999933242798
2026-06-18 07:36:31,50.678001403808594,81.85199737548828,0.5139999985694885
2026-06-18 07:41:33,52.40700149536133,79.1760025024414,0.5149999856948853
2026-06-18 07:46:35,54.104000091552734,81.37100219726562,0.5460000038146973
2026-06-18 07:51:37,55.611000061035156,80.62699890136719,0.5559999942779541
2026-06-18 07:56:39,199.6820068359375,23.176000595092773,0.5740000009536743
2026-06-18 08:01:41,238.78199768066406,20.582000732421875,0.609000027179718
2026-06-18 08:06:43,255.73899841308594,27.604000091552734,0.875
2026-06-18 08:11:45,271.5660095214844,55.67599868774414,1.875
2026-06-18 08:16:48,290.2569885253906,55.641998291015625,2.003000020980835
2026-06-18 08:21:50,308.16900634765625,56.67499923706055,2.1659998893737793
2026-06-18 08:26:52,327.3919982910156,57.96900177001953,2.3529999256134033
2026-06-18 08:31:54,344.3089904785156,58.47700119018555,2.496999979019165
2026-06-18 08:36:56,363.30499267578125,60.52899932861328,2.7269999980926514
2026-06-18 08:41:58,379.4909973144531,61.97200012207031,2.9159998893737793
2026-06-18 08:47:00,396.7699890136719,62.875999450683594,3.0929999351501465
2026-06-18 08:52:02,414.4410095214844,64.00299835205078,3.2890000343322754
2026-06-18 08:57:04,433.84600830078125,66.43900299072266,3.5739998817443848
2026-06-18 09:02:06,451.4809875488281,66.68000030517578,3.7330000400543213
2026-06-18 09:07:09,470.62200927734375,67.48300170898438,3.937999963760376
2026-06-18 09:12:11,489.322998046875,68.6520004272461,4.165999889373779
2026-06-18 09:17:13,506.89599609375,72.55799865722656,4.560999870300293
2026-06-18 09:22:15,523.3060302734375,69.61199951171875,4.517000198364258
2026-06-18 09:27:17,547.2249755859375,69.70099639892578,4.730000019073486
2026-06-18 09:32:19,562.416015625,70.69499969482422,4.929999828338623
2026-06-18 09:37:21,579.1110229492188,70.93000030517578,5.0929999351501465
2026-06-18 09:42:23,594.010986328125,72.24500274658203,5.321000099182129
2026-06-18 09:47:25,610.708984375,73.12100219726562,5.5370001792907715
2026-06-18 09:52:27,628.10400390625,73.29199981689453,5.708000183105469
2026-06-18 09:57:30,643.22998046875,74.29199981689453,5.926000118255615
2026-06-18 10:02:32,659.7869873046875,74.85900115966797,6.124000072479248
2026-06-18 10:07:34,675.875,75.68599700927734,6.3429999351501465
2026-06-18 10:12:36,692.1589965820312,75.9800033569336,6.520999908447266
2026-06-18 10:17:38,708.6240234375,76.30899810791016,6.704999923706055
2026-06-18 10:22:40,725.791015625,76.7509994506836,6.9070000648498535
2026-06-18 10:27:42,741.9420166015625,77.0530014038086,7.089000225067139
2026-06-18 10:32:44,758.6060180664062,77.34100341796875,7.275000095367432
2026-06-18 10:37:46,773.9299926757812,78.04499816894531,7.489999771118164
2026-06-18 10:42:49,788.833984375,78.00299835205078,7.630000114440918
2026-06-18 10:47:51,804.677001953125,78.58999633789062,7.8420000076293945
2026-06-18 10:52:53,816.489990234375,79.18000030517578,8.017000198364258
2026-06-18 10:57:55,830.1019897460938,79.02799987792969,8.135000228881836
2026-06-18 11:02:57,845.0670166015625,79.28099822998047,8.307999610900879
2026-06-18 11:07:59,856.322021484375,79.79900360107422,8.472999572753906
2026-06-18 11:13:01,869.718994140625,80.93499755859375,8.727999687194824
2026-06-18 11:18:03,883.5430297851562,80.96399688720703,8.869999885559082
2026-06-18 11:23:05,893.3309936523438,82.65899658203125,9.156000137329102
2026-06-18 11:28:07,904.9580078125,82.56600189208984,9.265000343322754
2026-06-18 11:33:10,916.5130004882812,83.45899963378906,9.484999656677246
2026-06-18 11:38:12,926.60498046875,83.51799774169922,9.595999717712402
2026-06-18 11:43:14,937.0239868164062,84.03299713134766,9.763999938964844
2026-06-18 11:48:16,945.0189819335938,84.47200012207031,9.89900016784668
2026-06-18 11:53:18,957.2659912109375,84.74600219726562,10.059000015258789
2026-06-18 11:58:20,964.10302734375,84.76599884033203,10.133999824523926
2026-06-18 12:03:22,973.833984375,85.0260009765625,10.267000198364258
2026-06-18 12:08:24,982.6539916992188,86.68399810791016,10.562000274658203
2026-06-18 12:13:26,991.2050170898438,87.77400207519531,10.788000106811523
2026-06-18 12:18:29,998.0,88.71499633789062,10.979000091552734
2026-06-18 12:23:31,1001.5819702148438,89.56099700927734,11.123000144958496
2026-06-18 12:28:33,1009.6699829101562,89.49700164794922,11.204999923706055
2026-06-18 12:33:35,1012.7769775390625,90.66300201416016,11.38599967956543
2026-06-18 12:38:37,1014.3519897460938,91.76899719238281,11.543000221252441
2026-06-18 12:43:39,1018.5469970703125,92.44300079345703,11.675999641418457
2026-06-18 12:48:41,1022.0960083007812,93.51300048828125,11.85200023651123
2026-06-18 12:53:43,1024.177978515625,94.08300018310547,11.947999954223633
2026-06-18 12:58:45,1024.8499755859375,94.2239990234375,11.973999977111816
2026-06-18 13:03:48,1024.1650390625,94.90599822998047,12.053000450134277
2026-06-18 13:08:50,1026.01904296875,94.91799926757812,12.076000213623047
2026-06-18 13:13:52,1025.9189453125,95.3949966430664,12.13599967956543
2026-06-18 13:18:54,1027.3929443359375,95.77200317382812,12.201000213623047
2026-06-18 13:23:56,1026.197998046875,96.01399993896484,12.218000411987305
2026-06-18 13:28:58,1027.47900390625,96.18099975585938,12.253999710083008
2026-06-18 13:52:40,1024.72998046875,91.33799743652344,11.605999946594238
2026-06-18 13:57:42,1022.4710083007812,92.03800201416016,11.668999671936035
2026-06-18 14:02:44,1021.27099609375,92.26799774169922,11.6850004196167
2026-06-18 14:07:46,1019.426025390625,92.69200134277344,11.717000007629395
2026-06-18 14:12:48,1016.5440063476562,93.49800109863281,11.78600025177002
2026-06-18 14:17:50,1012.8350219726562,93.75900268554688,11.774999618530273
2026-06-18 14:22:52,1006.4299926757812,94.41000366210938,11.781999588012695
2026-06-18 14:27:54,1000.60302734375,94.1709976196289,11.684000015258789
2026-06-18 14:32:57,994.77001953125,94.23600006103516,11.62399959564209
2026-06-18 14:37:59,986.6859741210938,94.88300323486328,11.609000205993652
2026-06-18 14:43:01,977.051025390625,95.31800079345703,11.54800033569336
2026-06-18 14:48:03,971.4310302734375,95.0770034790039,11.45300006866455
2026-06-18 14:53:05,962.8109741210938,94.60600280761719,11.295000076293945
2026-06-18 14:58:07,952.1710205078125,94.01200103759766,11.100000381469727
2026-06-18 15:03:09,937.1729736328125,94.60900115966797,10.994000434875488
2026-06-18 15:08:11,928.344970703125,93.78399658203125,10.795999526977539
2026-06-18 15:13:13,921.8400268554688,93.03199768066406,10.633999824523926
2026-06-18 15:18:16,909.208984375,92.88300323486328,10.472000122070312
2026-06-18 15:23:18,899.5859985351562,92.47699737548828,10.315999984741211
2026-06-18 15:28:20,886.7630004882812,92.11499786376953,10.128999710083008
2026-06-18 15:33:22,875.8699951171875,91.75499725341797,9.96500015258789
2026-06-18 15:38:24,867.4219970703125,91.14399719238281,9.803000450134277
2026-06-18 15:43:26,853.1370239257812,90.74700164794922,9.600000381469727
2026-06-18 15:48:28,836.6400146484375,90.53700256347656,9.392999649047852
2026-06-18 15:53:30,823.7059936523438,89.91100311279297,9.182999610900879
2026-06-18 15:58:32,808.3250122070312,89.24199676513672,8.944999694824219
2026-06-18 16:03:34,798.6669921875,87.76399993896484,8.692000389099121
2026-06-18 16:08:37,781.2130126953125,87.61599731445312,8.487000465393066
2026-06-18 16:13:39,763.9550170898438,87.51300048828125,8.289999961853027
2026-06-18 16:18:41,748.1420288085938,86.75499725341797,8.04800033569336
2026-06-18 16:23:43,736.427001953125,86.61900329589844,7.909999847412109
2026-06-18 16:28:45,718.5009765625,86.14600372314453,7.675000190734863
2026-06-18 16:33:47,700.7410278320312,84.93299865722656,7.380000114440918
2026-06-18 16:38:49,685.625,84.26000213623047,7.164000034332275
2026-06-18 16:43:51,668.9210205078125,83.87699890136719,6.956999778747559
2026-06-18 16:48:53,651.677978515625,83.10299682617188,6.715000152587891
2026-06-18 16:53:56,633.9509887695312,82.61900329589844,6.494999885559082
2026-06-18 16:58:58,615.7919921875,81.73799896240234,6.241000175476074
2026-06-18 17:04:00,600.3419799804688,80.75399780273438,6.01200008392334
2026-06-18 17:09:02,577.72998046875,79.84400177001953,5.71999979019165
2026-06-18 17:14:04,559.6959838867188,79.31999969482422,5.505000114440918
2026-06-18 17:19:06,541.344970703125,78.09200286865234,5.242000102996826
2026-06-18 17:24:08,522.7249755859375,77.09300231933594,4.997000217437744
2026-06-18 17:29:10,503.3919982910156,76.35700225830078,4.765999794006348
2026-06-18 17:34:12,484.92498779296875,75.60199737548828,4.546000003814697
2026-06-18 17:39:15,466.218994140625,74.98300170898438,4.335000038146973
2026-06-18 17:44:17,445.7760009765625,73.56999969482422,4.066999912261963
2026-06-18 17:49:19,427.62298583984375,72.51499938964844,3.8450000286102295
2026-06-18 17:54:21,409.32501220703125,72.3550033569336,3.671999931335449
2026-06-18 17:59:23,69.05400085449219,398.8659973144531,3.4149999618530273
2026-06-18 18:04:25,61.56700134277344,421.47900390625,3.2179999351501465
2026-06-18 18:09:27,60.073001861572266,405.9859924316406,3.0239999294281006
2026-06-18 18:14:29,59.069000244140625,386.1549987792969,2.828000068664551
2026-06-18 18:19:32,58.516998291015625,298.52801513671875,2.1659998893737793
2026-06-18 18:24:34,57.66899871826172,109.08799743652344,0.7799999713897705
2026-06-18 18:29:36,56.60599899291992,107.51599884033203,0.7549999952316284
2026-06-18 18:34:38,55.665000915527344,103.22799682617188,0.7129999995231628
2026-06-18 18:39:40,54.73500061035156,106.22200012207031,0.7210000157356262
2026-06-18 18:44:42,53.755001068115234,102.27200317382812,0.6819999814033508
2026-06-18 18:49:44,52.66299819946289,106.15799713134766,0.6930000185966492
2026-06-18 18:54:46,51.685001373291016,104.05699920654297,0.6669999957084656
2026-06-18 18:59:49,50.72200012207031,104.4530029296875,0.6570000052452087
2026-06-18 19:04:51,49.61800003051758,107.13700103759766,0.6589999794960022
2026-06-18 19:09:53,48.777000427246094,102.4800033569336,0.6200000047683716
2026-06-18 19:14:55,48.007999420166016,101.4489974975586,0.6039999723434448
2026-06-18 19:19:57,46.98099899291992,103.52200317382812,0.6029999852180481
2026-06-18 19:24:59,45.74599838256836,106.5479965209961,0.6039999723434448
2026-06-18 19:30:01,44.47100067138672,104.71199798583984,0.5770000219345093
2026-06-18 19:35:03,43.439998626708984,108.08699798583984,0.5820000171661377
2026-06-18 19:40:05,42.255001068115234,106.16400146484375,0.5559999942779541
2026-06-18 19:45:07,40.83700180053711,108.8239974975586,0.5509999990463257
2026-06-18 19:50:09,39.0369987487793,109.64199829101562,0.531000018119812
2026-06-18 19:55:12,37.94499969482422,108.29000091552734,0.5099999904632568
2026-06-18 20:00:14,36.71900177001953,113.08799743652344,0.5149999856948853
2026-06-18 20:05:16,35.14099884033203,111.9749984741211,0.4880000054836273
2026-06-18 20:10:18,33.8390007019043,106.56999969482422,0.44699999690055847
2026-06-18 20:15:20,32.49100112915039,114.29499816894531,0.46000000834465027
2026-06-18 20:20:22,28.823999404907227,108.98600006103516,0.38999998569488525
2026-06-18 20:25:24,25.582000732421875,117.0530014038086,0.3709999918937683
2026-06-18 20:30:26,23.906999588012695,115.63400268554688,0.34299999475479126
2026-06-18 20:35:28,22.44300079345703,114.6760025024414,0.3190000057220459
2026-06-18 20:40:31,20.406999588012695,118.39600372314453,0.30000001192092896
2026-06-18 20:45:33,18.437000274658203,121.86499786376953,0.27900001406669617
2026-06-18 20:50:35,16.43899917602539,121.02300262451172,0.24699999392032623
2026-06-18 20:55:37,14.282999992370605,117.43299865722656,0.20800000429153442
2026-06-18 21:00:39,12.26099967956543,127.73300170898438,0.1940000057220459
2026-06-18 21:05:41,10.11400032043457,132.2830047607422,0.16599999368190765
2026-06-18 21:10:43,8.11400032043457,136.7790069580078,0.1379999965429306
2026-06-18 21:15:45,6.289999961853027,136.41700744628906,0.10599999874830246
2026-06-18 21:20:47,4.171000003814697,26.625,0.014000000432133675
2026-06-18 21:25:50,2.244999885559082,0.44699999690055847,0.0
2026-06-18 21:30:52,0.8410000205039978,0.15000000596046448,0.0
2026-06-19 05:40:04,0.8410000205039978,0.15000000596046448,0.0
2026-06-19 05:45:06,8.152999877929688,0.1550000011920929,0.0
2026-06-19 05:50:08,11.78600025177002,48.45199966430664,0.07100000232458115
2026-06-19 05:55:10,14.064000129699707,48.823001861572266,0.08500000089406967
2026-06-19 06:00:12,15.013999938964844,56.790000915527344,0.10599999874830246
2026-06-19 06:05:14,17.812999725341797,58.05500030517578,0.12800000607967377
2026-06-19 06:10:16,22.302000045776367,58.61899948120117,0.16200000047683716
2026-06-19 06:15:18,28.288000106811523,65.64800262451172,0.23000000417232513
2026-06-19 06:20:20,35.48500061035156,64.3479995727539,0.28299999237060547
2026-06-19 06:25:22,41.986000061035156,67.88200378417969,0.3529999852180481
2026-06-19 06:30:25,42.801998138427734,68.77899932861328,0.36500000953674316
2026-06-19 06:35:27,44.98400115966797,69.02999877929688,0.38499999046325684
2026-06-19 06:40:29,45.409000396728516,72.74099731445312,0.4099999964237213
2026-06-19 06:45:31,44.28499984741211,72.13500213623047,0.3959999978542328
2026-06-19 06:50:33,43.040000915527344,70.74500274658203,0.3779999911785126
2026-06-19 06:55:35,40.058998107910156,75.69599914550781,0.37599998712539673
2026-06-19 07:00:37,44.91999816894531,72.65799713134766,0.4050000011920929
2026-06-19 07:05:39,55.737998962402344,78.3219985961914,0.5410000085830688
2026-06-19 07:10:41,62.85100173950195,80.54499816894531,0.628000020980835
2026-06-19 07:15:43,69.18599700927734,79.09500122070312,0.6790000200271606
2026-06-19 07:20:46,72.91999816894531,81.72100067138672,0.7390000224113464
2026-06-19 07:25:48,75.38300323486328,80.16100311279297,0.7490000128746033
2026-06-19 07:30:50,77.77100372314453,80.05400085449219,0.7720000147819519
2026-06-19 07:35:52,80.37000274658203,82.08599853515625,0.8180000185966492
2026-06-19 07:40:54,84.43099975585938,81.81600189208984,0.8569999933242798
2026-06-19 07:45:56,91.6520004272461,80.6709976196289,0.9169999957084656
2026-06-19 07:50:58,98.5199966430664,82.83899688720703,1.0119999647140503
2026-06-19 07:56:00,115.5530014038086,73.85399627685547,1.0579999685287476
2026-06-19 08:01:02,126.41400146484375,70.39399719238281,1.1030000448226929
2026-06-19 08:06:04,125.1729965209961,77.68800354003906,1.2059999704360962
2026-06-19 08:11:07,135.5030059814453,78.9990005493164,1.3270000219345093
2026-06-19 08:16:09,172.6699981689453,75.9530029296875,1.6260000467300415
2026-06-19 08:21:11,201.14500427246094,74.90699768066406,1.8680000305175781
2026-06-19 08:26:13,234.56900024414062,73.94200134277344,2.1510000228881836
2026-06-19 08:31:15,256.03900146484375,73.41100311279297,2.3310000896453857
2026-06-19 08:36:17,251.39999389648438,71.39800262451172,2.2260000705718994
2026-06-19 08:41:19,420.15301513671875,70.04299926757812,3.6489999294281006
2026-06-19 08:46:21,439.96099853515625,72.08699798583984,3.933000087738037
2026-06-19 08:51:23,423.2569885253906,72.96299743652344,3.8289999961853027
2026-06-19 08:56:26,479.3609924316406,71.9000015258789,4.27400016784668
2026-06-19 09:01:28,516.3109741210938,71.69499969482422,4.590000152587891
2026-06-19 09:06:30,500.0010070800781,72.54900360107422,4.498000144958496
2026-06-19 09:11:32,477.54400634765625,74.73400115966797,4.425000190734863
2026-06-19 09:16:34,451.20001220703125,78.4489974975586,4.388999938964844
2026-06-19 09:21:36,522.2030029296875,74.85800170898438,4.8470001220703125
2026-06-19 09:26:38,597.885986328125,74.00800323486328,5.486999988555908
2026-06-19 09:31:40,633.0260009765625,73.94300079345703,5.803999900817871
2026-06-19 09:36:42,660.1939697265625,74.43800354003906,6.093999862670898
2026-06-19 09:41:44,682.4210205078125,75.41699981689453,6.381999969482422
2026-06-19 09:46:46,692.89599609375,75.94100189208984,6.525000095367432
2026-06-19 09:51:49,692.3519897460938,77.13800048828125,6.622000217437744
2026-06-19 09:56:51,666.5189819335938,76.45700073242188,6.318999767303467
2026-06-19 10:01:53,646.177978515625,82.8499984741211,6.638000011444092
2026-06-19 10:06:55,655.3330078125,79.24700164794922,6.440000057220459
2026-06-19 10:11:57,573.4910278320312,83.00599670410156,5.9029998779296875
2026-06-19 10:16:59,747.5830078125,78.0250015258789,7.232999801635742
2026-06-19 10:22:01,548.8660278320312,78.21600341796875,5.322999954223633
2026-06-19 10:27:03,675.1580200195312,81.052001953125,6.785999774932861
2026-06-19 10:32:05,671.2020263671875,81.63800048828125,6.795000076293945
2026-06-19 10:37:07,659.1110229492188,81.66699981689453,6.675000190734863
2026-06-19 10:42:10,685.8300170898438,79.93099975585938,6.797999858856201
2026-06-19 10:47:12,771.3389892578125,81.33599853515625,7.7789998054504395
2026-06-19 10:52:14,785.9819946289062,81.75399780273438,7.9679999351501465
2026-06-19 10:57:16,782.3270263671875,84.78199768066406,8.225000381469727
2026-06-19 11:02:18,787.6209716796875,84.24800109863281,8.227999687194824
2026-06-19 11:07:20,833.68701171875,83.36000061035156,8.618000030517578
2026-06-19 11:12:22,846.5900268554688,83.99800109863281,8.817999839782715
2026-06-19 11:17:24,864.6480102539062,83.81099700927734,8.986000061035156
2026-06-19 11:22:26,876.3790283203125,85.16899871826172,9.255000114440918
2026-06-19 11:27:28,708.3610229492188,86.56199645996094,7.603000164031982
2026-06-19 11:32:31,896.8729858398438,85.77999877929688,9.539999961853027
2026-06-19 11:37:33,902.9439697265625,86.44499969482422,9.678999900817871
2026-06-19 11:42:35,914.5700073242188,86.85199737548828,9.850000381469727
2026-06-19 11:47:37,925.0170288085938,86.75800323486328,9.951000213623047
2026-06-19 11:52:39,930.3729858398438,87.68499755859375,10.116000175476074
2026-06-19 11:57:41,939.27099609375,88.1500015258789,10.267000198364258
2026-06-19 12:02:43,944.6859741210938,89.12300109863281,10.4399995803833
2026-06-19 12:07:45,955.1829833984375,89.26699829101562,10.572999954223633
2026-06-19 12:12:47,962.7839965820312,88.88200378417969,10.611000061035156
2026-06-19 12:17:50,969.8809814453125,89.51000213623047,10.765000343322754
2026-06-19 12:22:52,976.68798828125,90.49500274658203,10.960000038146973
2026-06-19 12:27:54,979.9030151367188,91.12000274658203,11.071999549865723
2026-06-19 12:32:56,981.1530151367188,92.10800170898438,11.206000328063965
2026-06-19 12:37:58,988.5050048828125,91.76799774169922,11.248000144958496
2026-06-19 12:43:00,991.4240112304688,92.05500030517578,11.317000389099121
2026-06-19 12:48:02,990.72998046875,93.18699645996094,11.447999954223633
2026-06-19 12:53:04,994.3599853515625,94.05599975585938,11.597000122070312
2026-06-19 12:58:06,995.10498046875,93.98799896240234,11.597999572753906
2026-06-19 13:03:08,993.4509887695312,95.29399871826172,11.73900032043457
2026-06-19 13:08:10,993.447021484375,95.62699890136719,11.779999732971191
2026-06-19 13:13:13,992.9849853515625,95.98899841308594,11.819000244140625
2026-06-19 13:18:15,993.844970703125,97.09300231933594,11.96500015258789
2026-06-19 13:23:17,991.72802734375,98.1989974975586,12.076000213623047
2026-06-19 13:28:19,991.3579711914062,98.53399658203125,12.11299991607666
2026-06-19 13:51:14,986.5999755859375,18.867000579833984,2.308000087738037
2026-06-19 13:56:16,981.6389770507812,83.95099639892578,10.218999862670898
2026-06-19 14:01:18,979.9569702148438,87.47100067138672,10.628999710083008
2026-06-19 14:06:20,975.8880004882812,89.72799682617188,10.857999801635742
2026-06-19 14:11:22,970.8140258789062,91.06500244140625,10.961999893188477
2026-06-19 14:16:24,966.06298828125,92.5,11.081000328063965
2026-06-19 14:21:26,962.0,92.76699829101562,11.065999984741211
2026-06-19 14:26:28,958.8389892578125,92.41899871826172,10.98799991607666
2026-06-19 14:31:30,955.8699951171875,92.77899932861328,10.996999740600586
2026-06-19 14:36:33,949.281982421875,93.25399780273438,10.97700023651123
2026-06-19 14:41:35,945.072998046875,92.95800018310547,10.894000053405762
2026-06-19 14:46:37,934.64501953125,93.05599975585938,10.78499984741211
2026-06-19 14:51:39,929.239990234375,94.11799621582031,10.845000267028809
2026-06-19 14:56:41,922.5419921875,94.08999633789062,10.762999534606934
2026-06-19 15:01:43,915.18701171875,94.18800354003906,10.689000129699707
2026-06-19 15:06:45,907.7869873046875,93.68099975585938,10.545000076293945
2026-06-19 15:11:47,900.4869995117188,92.97799682617188,10.381999969482422
2026-06-19 15:16:49,895.0800170898438,92.80899810791016,10.300999641418457
2026-06-19 15:21:52,886.8259887695312,92.43299865722656,10.164999961853027
2026-06-19 15:26:54,876.6420288085938,92.1449966430664,10.015999794006348
2026-06-19 15:31:56,863.5330200195312,91.8499984741211,9.835000038146973
2026-06-19 15:36:58,860.6010131835938,91.3290023803711,9.746000289916992
2026-06-19 15:42:00,845.27001953125,90.5989990234375,9.496000289916992
2026-06-19 15:47:02,834.7990112304688,89.66000366210938,9.281000137329102
2026-06-19 15:52:04,813.2429809570312,90.38500213623047,9.114999771118164
2026-06-19 15:57:06,830.1190185546875,88.43099975585938,9.102999687194824
2026-06-19 16:02:08,826.8889770507812,87.2030029296875,8.940999984741211
2026-06-19 16:07:10,822.5650024414062,88.29900360107422,9.005999565124512
2026-06-19 16:12:13,834.8049926757812,87.12200164794922,9.017999649047852
2026-06-19 16:17:15,844.260986328125,86.96399688720703,9.104000091552734
2026-06-19 16:22:17,833.68798828125,87.23799896240234,9.017999649047852
2026-06-19 16:27:19,837.2230224609375,86.55699920654297,8.986000061035156
2026-06-19 16:32:21,810.7680053710938,87.94100189208984,8.840999603271484
2026-06-19 16:37:23,532.1099853515625,92.52400207519531,6.105000019073486
2026-06-19 16:42:25,323.7650146484375,94.60800170898438,3.7980000972747803
2026-06-19 16:47:27,141.14700317382812,104.44599914550781,1.8279999494552612
2026-06-19 16:52:29,100.06199645996094,107.24400329589844,1.3309999704360962
2026-06-19 16:57:31,77.75299835205078,109.11199951171875,1.0520000457763672
2026-06-19 17:02:33,57.66899871826172,114.82499694824219,0.8209999799728394
2026-06-19 17:07:36,48.053001403808594,112.44200134277344,0.6700000166893005
2026-06-19 17:12:38,48.45000076293945,112.56099700927734,0.6759999990463257
2026-06-19 17:17:40,51.77299880981445,114.64199829101562,0.7360000014305115
2026-06-19 17:22:42,64.23999786376953,110.71800231933594,0.8820000290870667
2026-06-19 17:27:44,79.23400115966797,108.5790023803711,1.0670000314712524
2026-06-19 17:32:46,100.45700073242188,104.94999694824219,1.3070000410079956
2026-06-19 17:37:48,122.0530014038086,105.14399719238281,1.590999960899353
2026-06-19 17:42:50,105.6240005493164,103.38099670410156,1.3539999723434448
2026-06-19 17:47:52,58.54399871826172,105.37799835205078,0.7649999856948853
2026-06-19 17:52:54,43.45800018310547,106.46299743652344,0.5740000009536743
2026-06-19 17:57:57,34.180999755859375,110.17400360107422,0.46700000762939453
2026-06-19 18:02:59,36.38999938964844,114.65699768066406,0.5170000195503235
2026-06-19 18:08:01,45.69599914550781,108.77200317382812,0.6159999966621399
2026-06-19 18:13:03,47.59299850463867,108.3949966430664,0.6399999856948853
2026-06-19 18:18:05,47.402000427246094,108.87899780273438,0.6399999856948853
2026-06-19 18:23:07,38.42499923706055,114.4530029296875,0.5450000166893005
2026-06-19 18:28:09,31.086000442504883,110.50499725341797,0.4259999990463257
2026-06-19 18:33:11,19.875,120.98999786376953,0.2980000078678131
2026-06-19 18:38:14,11.963000297546387,139.28599548339844,0.2070000022649765
2026-06-19 18:43:16,4.761000156402588,280.44500732421875,0.16599999368190765
2026-06-19 18:48:18,2.132999897003174,506.9949951171875,0.1340000033378601
2026-06-19 18:53:20,1.9600000381469727,382.3299865722656,0.09300000220537186
2026-06-19 18:58:22,2.437999963760376,234.3719940185547,0.07100000232458115
2026-06-19 19:03:24,2.7679998874664307,181.8979949951172,0.06199999898672104
2026-06-19 19:08:26,4.086999893188477,121.75,0.06199999898672104
2026-06-19 19:13:28,5.591000080108643,177.80999755859375,0.12300000339746475
2026-06-19 19:18:30,6.948999881744385,132.02200317382812,0.11400000005960464
2026-06-19 19:23:32,7.874000072479248,144.0399932861328,0.14100000262260437
2026-06-19 19:28:35,9.039999961853027,144.822998046875,0.16200000047683716
2026-06-19 19:33:37,9.28499984741211,148.21600341796875,0.17100000381469727
2026-06-19 19:38:39,7.96999979019165,139.70899963378906,0.1379999965429306
2026-06-19 19:43:41,6.440999984741211,162.3509979248047,0.12999999523162842
2026-06-19 19:48:43,5.140999794006348,70.41100311279297,0.04500000178813934
2026-06-19 19:53:45,4.965000152587891,33.98400115966797,0.020999999716877937
2026-06-19 19:58:47,4.888999938964844,30.902000427246094,0.01899999938905239
2026-06-19 20:03:49,4.849999904632568,27.13800048828125,0.01600000075995922
2026-06-19 20:08:51,4.61899995803833,0.29899999499320984,0.0
2026-06-19 20:13:54,4.632999897003174,0.30399999022483826,0.0
2026-06-19 20:18:56,4.960000038146973,0.30799999833106995,0.0
2026-06-19 20:23:58,5.72599983215332,0.18299999833106995,0.0
2026-06-19 20:29:00,5.929999828338623,0.3009999990463257,0.0
2026-06-19 20:34:02,5.816999912261963,0.2680000066757202,0.0
2026-06-19 20:39:04,6.361999988555908,0.2630000114440918,0.0
2026-06-19 20:44:06,6.114999771118164,22.81599998474121,0.017000000923871994
2026-06-19 20:49:08,6.440999984741211,26.084999084472656,0.020999999716877937
2026-06-19 20:54:11,6.9029998779296875,25.011999130249023,0.020999999716877937
2026-06-19 20:59:13,7.479000091552734,35.025001525878906,0.03200000151991844
2026-06-19 21:04:15,8.017999649047852,56.71500015258789,0.0560000017285347
2026-06-19 21:09:17,12.006999969482422,91.53500366210938,0.13600000739097595
2026-06-19 21:14:19,12.057000160217285,94.16500091552734,0.14100000262260437
2026-06-19 21:19:21,9.541999816894531,96.09400177001953,0.11400000005960464
2026-06-19 21:24:23,5.118000030517578,0.1679999977350235,0.0
2026-06-19 21:29:25,3.302999973297119,0.16500000655651093,0.0
2026-06-20 05:40:23,3.302999973297119,0.16500000655651093,0.0
2026-06-20 05:45:25,4.7129998207092285,0.19599999487400055,0.0
2026-06-20 05:50:27,6.534999847412109,24.815000534057617,0.019999999552965164
2026-06-20 05:55:29,8.661999702453613,80.06700134277344,0.0860000029206276
2026-06-20 06:00:31,10.994999885559082,76.32099914550781,0.10400000214576721
2026-06-20 06:05:33,13.456000328063965,78.45099639892578,0.13099999725818634
2026-06-20 06:10:35,15.690999984741211,78.37799835205078,0.15299999713897705
2026-06-20 06:15:37,18.406999588012695,89.87200164794922,0.20499999821186066
2026-06-20 06:20:39,20.878000259399414,93.57599639892578,0.24199999868869781
2026-06-20 06:25:42,24.50200080871582,82.94499969482422,0.25200000405311584
2026-06-20 06:30:44,27.263999938964844,77.82599639892578,0.2630000114440918
2026-06-20 06:35:46,30.097999572753906,86.2760009765625,0.32199999690055847
2026-06-20 06:40:48,32.356998443603516,87.81099700927734,0.35199999809265137
2026-06-20 06:45:50,34.86899948120117,83.2490005493164,0.36000001430511475
2026-06-20 06:50:52,37.292999267578125,86.83499908447266,0.4020000100135803
2026-06-20 06:55:54,39.46500015258789,90.83100128173828,0.4440000057220459
2026-06-20 07:00:56,41.678001403808594,87.04000091552734,0.44999998807907104
2026-06-20 07:05:58,43.770999908447266,89.39099884033203,0.48500001430511475
2026-06-20 07:11:00,46.00699996948242,88.322998046875,0.5040000081062317
2026-06-20 07:16:03,48.097999572753906,90.80699920654297,0.5419999957084656
2026-06-20 07:21:05,50.35900115966797,89.91400146484375,0.5609999895095825
2026-06-20 07:26:07,53.16299819946289,83.19999694824219,0.5479999780654907
2026-06-20 07:31:09,56.400001525878906,86.1449966430664,0.6019999980926514
2026-06-20 07:36:11,59.547000885009766,86.07099914550781,0.6359999775886536
2026-06-20 07:41:13,62.3489990234375,85.8759994506836,0.6639999747276306
2026-06-20 07:46:15,64.85900115966797,84.98300170898438,0.6830000281333923
2026-06-20 07:51:17,67.6500015258789,86.30999755859375,0.7239999771118164
2026-06-20 07:56:19,168.65499877929688,36.316001892089844,0.7590000033378601
2026-06-20 08:01:21,228.38099670410156,27.95199966430664,0.7919999957084656
2026-06-20 08:06:23,244.875,27.31800079345703,0.8299999833106995
2026-06-20 08:11:26,260.0530090332031,52.279998779296875,1.6859999895095825
2026-06-20 08:16:28,276.15301513671875,61.72600173950195,2.114000082015991
2026-06-20 08:21:30,293.8219909667969,63.1349983215332,2.299999952316284
2026-06-20 08:26:32,311.197998046875,63.470001220703125,2.4489998817443848
2026-06-20 08:31:34,329.60198974609375,63.98099899291992,2.615000009536743
2026-06-20 08:36:36,347.54400634765625,65.98500061035156,2.8440001010894775
2026-06-20 08:41:38,365.64599609375,66.86100006103516,3.0309998989105225
2026-06-20 08:46:40,383.489990234375,68.04499816894531,3.2360000610351562
2026-06-20 08:51:43,403.1570129394531,68.697998046875,3.434000015258789
2026-06-20 08:56:45,417.8320007324219,69.8489990234375,3.61899995803833
2026-06-20 09:01:47,437.5790100097656,69.85099792480469,3.7899999618530273
2026-06-20 09:06:49,453.343994140625,71.21399688720703,4.002999782562256
2026-06-20 09:11:51,471.4289855957031,71.9260025024414,4.204999923706055
2026-06-20 09:16:53,490.72198486328125,75.30699920654297,4.581999778747559
2026-06-20 09:21:55,506.5849914550781,74.19499969482422,4.660999774932861
2026-06-20 09:26:57,524.552978515625,73.80899810791016,4.801000118255615
2026-06-20 09:31:59,543.81298828125,74.1510009765625,5.0
2026-06-20 09:37:02,559.5280151367188,75.23100280761719,5.21999979019165
2026-06-20 09:42:04,576.468994140625,75.90399932861328,5.426000118255615
2026-06-20 09:47:06,594.31201171875,76.63400268554688,5.646999835968018
2026-06-20 09:52:08,611.968017578125,77.16200256347656,5.855000019073486
2026-06-20 09:57:10,631.1530151367188,77.23899841308594,6.045000076293945
2026-06-20 10:02:12,646.6810302734375,77.84200286865234,6.242000102996826
2026-06-20 10:07:14,664.051025390625,78.62699890136719,6.473999977111816
2026-06-20 10:12:16,681.447021484375,78.29900360107422,6.616000175476074
2026-06-20 10:17:18,695.531005859375,78.68599700927734,6.785999774932861
2026-06-20 10:22:20,714.7449951171875,78.6520004272461,6.9710001945495605
2026-06-20 10:27:22,730.6950073242188,79.33000183105469,7.188000202178955
2026-06-20 10:32:25,743.823974609375,79.86100006103516,7.366000175476074
2026-06-20 10:37:27,759.6409912109375,80.4990005493164,7.583000183105469
2026-06-20 10:42:29,774.5780029296875,80.16899871826172,7.699999809265137
2026-06-20 10:47:31,788.0670166015625,81.072998046875,7.921999931335449
2026-06-20 10:52:33,802.2650146484375,81.37300109863281,8.095000267028809
2026-06-20 10:57:35,817.35302734375,82.26300048828125,8.336999893188477
2026-06-20 11:02:37,830.9760131835938,82.96099853515625,8.54800033569336
2026-06-20 11:07:39,845.6389770507812,83.39700317382812,8.744999885559082
2026-06-20 11:12:41,858.3759765625,83.44400024414062,8.881999969482422
2026-06-20 11:17:44,871.8829956054688,83.58100128173828,9.03600025177002
2026-06-20 11:22:46,885.2689819335938,84.59700012207031,9.28600025177002
2026-06-20 11:27:48,898.75,84.70800018310547,9.4399995803833
2026-06-20 11:32:50,909.7349853515625,85.05400085449219,9.595000267028809
2026-06-20 11:37:52,921.7849731445312,85.19200134277344,9.73799991607666
2026-06-20 11:42:54,931.9409790039062,86.18000030517578,9.958999633789062
2026-06-20 11:47:56,940.385986328125,85.77999877929688,10.003000259399414
2026-06-20 11:52:58,950.0449829101562,86.8219985961914,10.227999687194824
2026-06-20 11:58:00,958.2670288085938,87.26100158691406,10.369000434875488
2026-06-20 12:03:02,965.844970703125,87.99299621582031,10.538000106811523
2026-06-20 12:08:05,971.8829956054688,88.37100219726562,10.649999618530273
2026-06-20 12:13:07,977.2940063476562,88.47000122070312,10.720999717712402
2026-06-20 12:18:09,984.6290283203125,88.28900146484375,10.779999732971191
2026-06-20 12:23:11,990.1669921875,89.28800201416016,10.963000297546387
2026-06-20 12:28:13,994.3679809570312,90.31500244140625,11.13599967956543
2026-06-20 12:33:15,996.3060302734375,92.63700103759766,11.444999694824219
2026-06-20 12:38:17,1001.6959838867188,92.61900329589844,11.503999710083008
2026-06-20 12:43:19,1005.8939819335938,93.13099670410156,11.616000175476074
2026-06-20 12:48:21,1008.9530029296875,92.81700134277344,11.612000465393066
2026-06-20 12:53:24,1009.8660278320312,93.28600311279297,11.682000160217285
2026-06-20 12:58:26,1009.68798828125,93.10399627685547,11.656999588012695
2026-06-20 13:03:28,1007.1420288085938,93.71900177001953,11.704000473022461
2026-06-20 13:08:30,1004.8289794921875,95.64800262451172,11.918000221252441
2026-06-20 13:13:32,1003.2329711914062,96.26799774169922,11.97599983215332
2026-06-20 13:18:34,1003.3170166015625,96.81600189208984,12.045000076293945
2026-06-20 13:23:36,1003.2659912109375,97.01100158691406,12.069000244140625
2026-06-20 13:28:38,1003.6179809570312,97.25900268554688,12.104000091552734
2026-06-20 13:51:24,999.9439697265625,19.069000244140625,2.364000082015991
2026-06-20 13:56:26,997.1619873046875,87.71499633789062,10.845999717712402
2026-06-20 14:01:28,994.27001953125,89.5469970703125,11.039999961853027
2026-06-20 14:06:30,989.9569702148438,90.47899627685547,11.107000350952148
2026-06-20 14:11:32,986.3679809570312,90.85600280761719,11.11299991607666
2026-06-20 14:16:35,981.6820068359375,90.6729965209961,11.036999702453613
2026-06-20 14:21:37,978.6240234375,90.62699890136719,10.998000144958496
2026-06-20 14:26:39,969.1929931640625,91.80400085449219,11.032999992370605
2026-06-20 14:31:41,966.7570190429688,91.38899993896484,10.954999923706055
2026-06-20 14:36:43,960.4849853515625,91.62899780273438,10.913000106811523
2026-06-20 14:41:45,953.6500244140625,91.58799743652344,10.831000328063965
2026-06-20 14:46:47,947.2960205078125,91.68800354003906,10.770000457763672
2026-06-20 14:51:49,939.2540283203125,90.78299713134766,10.572999954223633
2026-06-20 14:56:51,931.1500244140625,91.2300033569336,10.534000396728516
2026-06-20 15:01:54,918.9030151367188,92.08399963378906,10.491999626159668
2026-06-20 15:06:56,912.4819946289062,91.94999694824219,10.404000282287598
2026-06-20 15:11:58,901.5599975585938,91.94000244140625,10.277999877929688
2026-06-20 15:17:00,890.7310180664062,91.76399993896484,10.135000228881836
2026-06-20 15:22:02,878.7470092773438,89.98899841308594,9.805999755859375
2026-06-20 15:27:04,867.6820068359375,89.87799835205078,9.670000076293945
2026-06-20 15:32:06,854.364990234375,90.0780029296875,9.543000221252441
2026-06-20 15:37:08,845.7730102539062,89.86100006103516,9.423999786376953
2026-06-20 15:42:10,833.2239990234375,89.41899871826172,9.23900032043457
2026-06-20 15:47:12,820.666015625,89.08999633789062,9.065999984741211
2026-06-20 15:52:15,805.52001953125,88.36900329589844,8.82699966430664
2026-06-20 15:57:17,788.5189819335938,87.59400177001953,8.5649995803833
2026-06-20 16:02:19,779.8079833984375,86.53700256347656,8.368000030517578
2026-06-20 16:07:21,762.0339965820312,86.48300170898438,8.17199993133545
2026-06-20 16:12:23,753.3300170898438,85.18800354003906,7.958000183105469
2026-06-20 16:17:25,736.864013671875,84.61399841308594,7.730999946594238
2026-06-20 16:22:27,721.39697265625,83.29499816894531,7.451000213623047
2026-06-20 16:27:29,704.6539916992188,82.23600006103516,7.185999870300293
2026-06-20 16:32:32,687.2589721679688,81.89299774169922,6.979000091552734
2026-06-20 16:37:34,673.3380126953125,81.36599731445312,6.794000148773193
2026-06-20 16:42:36,653.1019897460938,81.62000274658203,6.610000133514404
2026-06-20 16:47:38,637.5089721679688,81.18599700927734,6.418000221252441
2026-06-20 16:52:40,622.5280151367188,80.3479995727539,6.202000141143799
2026-06-20 16:57:42,606.6649780273438,79.7300033569336,5.998000144958496
2026-06-20 17:02:44,588.1939697265625,78.51100158691406,5.72599983215332
2026-06-20 17:07:46,566.0139770507812,78.73600006103516,5.526000022888184
2026-06-20 17:12:48,548.7109985351562,77.85399627685547,5.296999931335449
2026-06-20 17:17:50,532.0469970703125,77.0199966430664,5.080999851226807
2026-06-20 17:22:53,513.9609985351562,76.34100341796875,4.864999771118164
2026-06-20 17:27:55,495.1730041503906,74.71499633789062,4.5879998207092285
2026-06-20 17:32:57,477.02301025390625,74.3290023803711,4.396999835968018
2026-06-20 17:37:59,456.6809997558594,73.70800018310547,4.173999786376953
2026-06-20 17:43:01,439.1730041503906,73.11299896240234,3.9820001125335693
2026-06-20 17:48:03,420.71600341796875,71.90499877929688,3.750999927520752
2026-06-20 17:53:05,403.9360046386719,71.31400299072266,3.572000026702881
2026-06-20 17:58:07,361.5979919433594,73.96399688720703,3.315999984741211
2026-06-20 18:03:09,78.62200164794922,322.14801025390625,3.1410000324249268
2026-06-20 18:08:12,76.19200134277344,314.29901123046875,2.9690001010894775
2026-06-20 18:13:14,74.2979965209961,298.7760009765625,2.753000020980835
2026-06-20 18:18:16,72.16200256347656,283.3900146484375,2.5360000133514404
2026-06-20 18:23:18,71.08000183105469,100.76599884033203,0.8880000114440918
2026-06-20 18:28:20,69.33000183105469,101.55899810791016,0.8730000257492065
2026-06-20 18:33:22,67.72899627685547,100.74500274658203,0.8460000157356262
2026-06-20 18:38:24,65.84200286865234,100.74299621582031,0.8230000138282776
2026-06-20 18:43:26,64.18099975585938,98.13999938964844,0.781000018119812
2026-06-20 18:48:29,62.76300048828125,102.08999633789062,0.7950000166893005
2026-06-20 18:53:31,61.38100051879883,102.1729965209961,0.777999997138977
2026-06-20 18:58:33,60.029998779296875,99.78399658203125,0.7429999709129333
2026-06-20 19:03:35,59.435001373291016,97.3219985961914,0.7170000076293945
2026-06-20 19:08:37,58.237998962402344,101.96099853515625,0.7360000014305115
2026-06-20 19:13:39,56.84299850463867,99.15599822998047,0.6990000009536743
2026-06-20 19:18:41,65.62100219726562,100.61199951171875,0.8190000057220459
2026-06-20 19:23:43,67.22200012207031,97.86100006103516,0.8159999847412109
2026-06-20 19:28:45,59.409000396728516,99.5739974975586,0.734000027179718
2026-06-20 19:33:47,50.409000396728516,104.06099700927734,0.6499999761581421
2026-06-20 19:38:50,51.87799835205078,100.82599639892578,0.6489999890327454
2026-06-20 19:43:52,55.39699935913086,98.16600036621094,0.6740000247955322
2026-06-20 19:48:54,52.117000579833984,102.11900329589844,0.6600000262260437
2026-06-20 19:53:56,45.23899841308594,101.05599975585938,0.5669999718666077
2026-06-20 19:58:58,35.42599868774414,115.34600067138672,0.5070000290870667
2026-06-20 20:04:00,31.70400047302246,115.37899780273438,0.45399999618530273
2026-06-20 20:09:02,30.56999969482422,110.32499694824219,0.4180000126361847
2026-06-20 20:14:04,29.55900001525879,106.79900360107422,0.39100000262260437
2026-06-20 20:19:06,29.23200035095215,101.26799774169922,0.367000013589859
2026-06-20 20:24:08,26.934999465942383,104.49299621582031,0.3490000069141388
2026-06-20 20:29:11,22.898000717163086,109.5770034790039,0.3109999895095825
2026-06-20 20:34:13,18.086000442504883,108.91400146484375,0.24400000274181366
2026-06-20 20:39:15,13.840999603271484,111.50499725341797,0.19099999964237213
2026-06-20 20:44:17,9.831000328063965,135.61599731445312,0.16500000655651093
2026-06-20 20:49:19,7.749000072479248,131.76499938964844,0.12700000405311584
2026-06-20 20:54:21,6.466000080108643,147.9969940185547,0.11900000274181366
2026-06-20 20:59:23,5.5269999504089355,154.1540069580078,0.10599999874830246
2026-06-20 21:04:25,4.586999893188477,58.76599884033203,0.032999999821186066
2026-06-20 21:09:28,3.4709999561309814,0.843999981880188,0.0
2026-06-20 21:14:30,2.4130001068115234,0.33500000834465027,0.0
2026-06-20 21:19:32,1.6339999437332153,0.40799999237060547,0.0
2026-06-20 21:24:34,0.9549999833106995,0.5189999938011169,0.0
2026-06-20 21:29:36,0.24799999594688416,0.1979999989271164,0.0
2026-06-21 05:40:40,0.24799999594688416,0.1979999989271164,0.0
2026-06-21 05:45:42,5.013000011444092,0.2150000035762787,0.0
2026-06-21 05:50:44,6.968999862670898,43.55799865722656,0.03799999877810478
2026-06-21 05:55:46,9.340999603271484,76.72100067138672,0.08900000154972076
2026-06-21 06:00:48,11.869999885559082,70.51599884033203,0.10400000214576721
2026-06-21 06:05:50,14.232999801635742,84.65599822998047,0.14900000393390656
2026-06-21 06:10:52,16.618000030517578,71.19100189208984,0.1469999998807907
2026-06-21 06:15:54,19.41200065612793,86.4280014038086,0.20800000429153442
2026-06-21 06:20:56,22.014999389648438,76.31999969482422,0.20800000429153442
2026-06-21 06:25:59,25.461000442504883,77.1709976196289,0.24400000274181366
2026-06-21 06:31:01,28.084999084472656,85.87300109863281,0.29899999499320984
2026-06-21 06:36:03,30.839000701904297,82.65299987792969,0.3160000145435333
2026-06-21 06:41:05,32.82600021362305,85.64299774169922,0.3490000069141388
2026-06-21 06:46:07,35.03799819946289,81.96299743652344,0.35600000619888306
2026-06-21 06:51:09,37.46500015258789,78.76799774169922,0.3659999966621399
2026-06-21 06:56:11,39.72100067138672,81.68399810791016,0.4020000100135803
2026-06-21 07:01:13,41.821998596191406,77.89399719238281,0.40400001406669617
2026-06-21 07:06:15,43.874000549316406,81.0510025024414,0.4410000145435333
2026-06-21 07:11:18,46.19200134277344,80.9800033569336,0.46399998664855957
2026-06-21 07:16:20,48.17100143432617,80.75800323486328,0.4819999933242798
2026-06-21 07:21:22,50.6150016784668,78.81199645996094,0.4950000047683716
2026-06-21 07:26:24,52.729000091552734,82.45999908447266,0.5389999747276306
2026-06-21 07:31:26,55.30699920654297,82.87999725341797,0.5680000185966492
2026-06-21 07:36:28,57.59000015258789,83.6760025024414,0.5979999899864197
2026-06-21 07:41:30,59.9630012512207,82.71700286865234,0.6150000095367432
2026-06-21 07:46:32,62.404998779296875,83.33599853515625,0.6449999809265137
2026-06-21 07:51:34,65.29000091552734,81.96399688720703,0.6639999747276306
2026-06-21 07:56:36,155.7209930419922,35.395999908447266,0.6830000281333923
2026-06-21 08:01:38,232.01800537109375,24.81599998474121,0.7139999866485596
2026-06-21 08:06:40,249.31399536132812,24.858999252319336,0.7689999938011169
2026-06-21 08:11:43,262.8429870605469,49.57699966430664,1.6160000562667847
2026-06-21 08:16:45,280.3739929199219,58.53499984741211,2.0350000858306885
2026-06-21 08:21:47,298.37701416015625,58.49700164794922,2.1640000343322754
2026-06-21 08:26:49,310.2909851074219,59.13999938964844,2.2750000953674316
2026-06-21 08:31:51,333.9519958496094,60.19300079345703,2.493000030517578
2026-06-21 08:36:53,351.8699951171875,61.36399841308594,2.677000045776367
2026-06-21 08:41:55,371.2550048828125,62.86800003051758,2.8940000534057617
2026-06-21 08:46:57,389.5459899902344,63.94900131225586,3.0889999866485596
2026-06-21 08:51:59,406.3219909667969,65.33899688720703,3.2920000553131104
2026-06-21 08:57:02,423.79901123046875,66.01399993896484,3.4690001010894775
2026-06-21 09:02:04,442.3590087890625,66.20999908447266,3.631999969482422
2026-06-21 09:07:06,459.95001220703125,66.83300018310547,3.812000036239624
2026-06-21 09:12:08,478.7760009765625,68.25,4.052000045776367
2026-06-21 09:17:10,495.7980041503906,72.15299987792969,4.435999870300293
2026-06-21 09:22:12,512.281005859375,69.9000015258789,4.440000057220459
2026-06-21 09:27:14,531.8460083007812,70.01300048828125,4.617000102996826
2026-06-21 09:32:16,550.155029296875,70.51000213623047,4.809999942779541
2026-06-21 09:37:18,567.85400390625,71.0979995727539,5.00600004196167
2026-06-21 09:42:21,583.9929809570312,72.41999816894531,5.24399995803833
2026-06-21 09:47:23,600.4190063476562,72.75,5.415999889373779
2026-06-21 09:52:25,617.1820068359375,72.88500213623047,5.578000068664551
2026-06-21 09:57:27,634.2789916992188,73.677001953125,5.795000076293945
2026-06-21 10:02:29,650.7119750976562,75.14600372314453,6.063000202178955
2026-06-21 10:07:31,667.3599853515625,74.83200073242188,6.192999839782715
2026-06-21 10:12:33,683.10400390625,75.05400085449219,6.35699987411499
2026-06-21 10:17:35,699.6699829101562,75.68499755859375,6.565999984741211
2026-06-21 10:22:37,715.864990234375,76.08699798583984,6.754000186920166
2026-06-21 10:27:39,730.5650024414062,76.84200286865234,6.960999965667725
2026-06-21 10:32:42,745.9450073242188,77.8550033569336,7.201000213623047
2026-06-21 10:37:44,761.4990234375,77.53500366210938,7.321000099182129
2026-06-21 10:42:46,778.0159912109375,77.87799835205078,7.513000011444092
2026-06-21 10:47:48,791.2130126953125,78.1500015258789,7.666999816894531
2026-06-21 10:52:50,804.6079711914062,79.03500366210938,7.885000228881836
2026-06-21 10:57:52,819.7329711914062,79.74199676513672,8.104999542236328
2026-06-21 11:02:54,831.7689819335938,80.1719970703125,8.269000053405762
2026-06-21 11:07:56,845.530029296875,80.44599914550781,8.434000015258789
2026-06-21 11:12:58,861.718994140625,80.09600067138672,8.557999610900879
2026-06-21 11:18:00,873.6430053710938,81.08599853515625,8.784000396728516
2026-06-21 11:23:02,886.0830078125,81.57499694824219,8.963000297546387
2026-06-21 11:28:04,897.6320190429688,82.36599731445312,9.168000221252441
2026-06-21 11:33:06,903.9310302734375,83.38300323486328,9.345999717712402
2026-06-21 11:38:09,908.7059936523438,83.38700103759766,9.395999908447266
2026-06-21 11:43:11,921.8460083007812,84.03099822998047,9.604999542236328
2026-06-21 11:48:13,929.31201171875,85.09600067138672,9.805999755859375
2026-06-21 11:53:15,938.9810180664062,85.4540023803711,9.949999809265137
2026-06-21 11:58:17,947.2550048828125,85.33200073242188,10.02299976348877
2026-06-21 12:03:19,950.5850219726562,85.71600341796875,10.104000091552734
2026-06-21 12:08:21,956.0850219726562,86.56600189208984,10.262999534606934
2026-06-21 12:13:23,960.864990234375,86.94000244140625,10.359000205993652
2026-06-21 12:18:26,969.6890258789062,87.96900177001953,10.57800006866455
2026-06-21 12:23:28,974.156982421875,89.51699829101562,10.812999725341797
2026-06-21 12:28:30,980.6719970703125,90.25199890136719,10.975000381469727
2026-06-21 12:33:32,984.8179931640625,91.05899810791016,11.119999885559082
2026-06-21 12:38:34,987.39501953125,91.98400115966797,11.26200008392334
2026-06-21 12:43:36,993.0079956054688,93.23300170898438,11.479999542236328
2026-06-21 12:48:38,994.3889770507812,94.94000244140625,11.706999778747559
2026-06-21 12:53:40,998.2169799804688,94.84500122070312,11.739999771118164
2026-06-21 12:58:42,998.0070190429688,94.7490005493164,11.725000381469727
2026-06-21 13:03:44,997.1729736328125,95.90799713134766,11.859000205993652
2026-06-21 13:08:47,997.4099731445312,96.30500030517578,11.91100025177002
2026-06-21 13:13:49,999.2069702148438,96.70700073242188,11.982000350952148
2026-06-21 13:18:51,1001.5050048828125,96.78800201416016,12.020000457763672
2026-06-21 13:23:53,999.5280151367188,97.43199920654297,12.076000213623047
2026-06-21 13:28:55,999.4359741210938,97.86900329589844,12.128999710083008
2026-06-21 13:52:35,993.8930053710938,91.927001953125,11.329000473022461
2026-06-21 13:57:37,991.4959716796875,93.447998046875,11.48900032043457
2026-06-21 14:02:39,988.9990234375,94.26599884033203,11.5600004196167
2026-06-21 14:07:41,984.3150024414062,94.54499816894531,11.539999961853027
2026-06-21 14:12:43,977.4400024414062,94.56700134277344,11.461999893188477
2026-06-21 14:17:45,971.8259887695312,95.30699920654297,11.484999656677246
2026-06-21 14:22:47,965.531005859375,95.80699920654297,11.470999717712402
2026-06-21 14:27:50,961.2269897460938,95.76699829101562,11.414999961853027
2026-06-21 14:32:52,956.1619873046875,95.84300231933594,11.36400032043457
2026-06-21 14:37:54,950.9080200195312,95.0,11.20199966430664
2026-06-21 14:42:56,947.5789794921875,95.26699829101562,11.194000244140625
2026-06-21 14:47:58,936.0180053710938,94.75900268554688,10.998000144958496
2026-06-21 14:53:00,934.6190185546875,95.26899719238281,11.041000366210938
2026-06-21 14:58:02,1008.3909912109375,94.42900085449219,11.807999610900879
2026-06-21 15:03:04,975.3699951171875,93.322998046875,11.286999702453613
2026-06-21 15:08:06,961.47900390625,93.39900207519531,11.135000228881836
2026-06-21 15:13:08,930.3060302734375,93.4520034790039,10.779999732971191
2026-06-21 15:18:11,914.7410278320312,93.22899627685547,10.574999809265137
2026-06-21 15:23:13,313.989013671875,107.62300109863281,4.190000057220459
2026-06-21 15:28:15,595.52001953125,79.31300354003906,5.85699987411499
2026-06-21 15:33:17,218.7530059814453,105.00599670410156,2.8480000495910645
2026-06-21 15:38:19,890.5469970703125,97.96600341796875,10.817999839782715
2026-06-21 15:43:21,253.35499572753906,124.23699951171875,3.9030001163482666
2026-06-21 15:48:23,202.6719970703125,106.35600280761719,2.6730000972747803
2026-06-21 15:53:25,162.6060028076172,104.62100219726562,2.1089999675750732
2026-06-21 15:58:28,163.44000244140625,102.16000366210938,2.069999933242798
2026-06-21 16:03:30,232.177001953125,105.57499694824219,3.0390000343322754
2026-06-21 16:08:32,221.3780059814453,102.38200378417969,2.809999942779541
2026-06-21 16:13:34,228.197998046875,101.78800201416016,2.880000114440918
2026-06-21 16:18:36,338.7359924316406,98.74800109863281,4.1479997634887695
2026-06-21 16:23:38,274.61700439453125,100.4990005493164,3.421999931335449
2026-06-21 16:28:40,264.989990234375,99.21600341796875,3.259999990463257
2026-06-21 16:33:42,226.7949981689453,99.84300231933594,2.808000087738037
2026-06-21 16:38:44,150.41600036621094,102.32499694824219,1.909000039100647
2026-06-21 16:43:47,122.30899810791016,96.66600036621094,1.465999960899353
2026-06-21 16:48:49,99.19999694824219,96.58599853515625,1.187999963760376
2026-06-21 16:53:51,93.22100067138672,95.01399993896484,1.0980000495910645
2026-06-21 16:58:53,93.9530029296875,92.38800048828125,1.0759999752044678
2026-06-21 17:03:55,98.13300323486328,94.33899688720703,1.1480000019073486
2026-06-21 17:08:57,107.16300201416016,92.49500274658203,1.2289999723434448
2026-06-21 17:13:59,180.99099731445312,85.03199768066406,1.9079999923706055
2026-06-21 17:19:01,390.0069885253906,82.53199768066406,3.990999937057495
2026-06-21 17:24:03,541.3510131835938,81.27999877929688,5.455999851226807
2026-06-21 17:29:05,593.1649780273438,80.23400115966797,5.901000022888184
2026-06-21 17:34:08,582.093994140625,80.04000091552734,5.7769999504089355
2026-06-21 17:39:10,575.77099609375,79.052001953125,5.644000053405762
2026-06-21 17:44:12,541.1829833984375,78.19999694824219,5.248000144958496
2026-06-21 17:49:14,520.2239990234375,77.75299835205078,5.015999794006348
2026-06-21 17:54:16,490.6969909667969,77.95099639892578,4.743000030517578
2026-06-21 17:59:18,241.12899780273438,149.1510009765625,4.460000038146973
2026-06-21 18:04:20,170.78900146484375,195.18600463867188,4.133999824523926
2026-06-21 18:09:22,160.98300170898438,194.6529998779297,3.885999917984009
2026-06-21 18:14:24,152.3820037841797,174.41299438476562,3.2960000038146973
2026-06-21 18:19:26,148.28799438476562,176.64300537109375,3.247999906539917
2026-06-21 18:24:29,143.55499267578125,98.49500274658203,1.753000020980835
2026-06-21 18:29:31,143.5290069580078,98.12999725341797,1.746000051498413
2026-06-21 18:34:33,141.19200134277344,97.5780029296875,1.7079999446868896
2026-06-21 18:39:35,139.7969970703125,98.41100311279297,1.7059999704360962
2026-06-21 18:44:37,141.906005859375,97.78900146484375,1.7209999561309814
2026-06-21 18:49:39,143.7969970703125,97.60199737548828,1.7400000095367432
2026-06-21 18:54:41,145.0489959716797,96.16999816894531,1.7300000190734863
2026-06-21 18:59:43,146.15199279785156,97.57099914550781,1.7680000066757202
2026-06-21 19:04:45,148.8730010986328,96.02100372314453,1.7730000019073486
2026-06-21 19:09:48,148.06300354003906,97.05500030517578,1.781999945640564
2026-06-21 19:14:50,143.58200073242188,97.65399932861328,1.7389999628067017
2026-06-21 19:19:52,138.74099731445312,97.15299987792969,1.6710000038146973
2026-06-21 19:24:54,130.35699462890625,97.4520034790039,1.5750000476837158
2026-06-21 19:29:56,122.52100372314453,97.88300323486328,1.4869999885559082
2026-06-21 19:34:58,116.46099853515625,97.73899841308594,1.4110000133514404
2026-06-21 19:40:00,109.90899658203125,97.31300354003906,1.3259999752044678
2026-06-21 19:45:02,103.4530029296875,96.53399658203125,1.2380000352859497
2026-06-21 19:50:04,97.62100219726562,97.46900177001953,1.1799999475479126
2026-06-21 19:55:06,92.45700073242188,96.49800109863281,1.1059999465942383
2026-06-21 20:00:08,87.81099700927734,94.73400115966797,1.031999945640564
2026-06-21 20:05:10,82.49600219726562,97.88099670410156,1.0010000467300415
2026-06-21 20:10:13,76.99199676513672,95.47899627685547,0.9120000004768372
2026-06-21 20:15:15,72.28500366210938,95.64199829101562,0.8569999933242798
2026-06-21 20:20:17,66.34700012207031,95.26100158691406,0.7839999794960022
2026-06-21 20:25:19,58.38600158691406,97.47200012207031,0.7059999704360962
2026-06-21 20:30:21,52.89099884033203,96.68800354003906,0.6340000033378601
2026-06-21 20:35:23,47.198001861572266,99.86399841308594,0.5839999914169312
2026-06-21 20:40:25,40.75400161743164,99.552001953125,0.503000020980835
2026-06-21 20:45:27,35.095001220703125,101.31400299072266,0.4410000145435333
2026-06-21 20:50:29,29.40999984741211,103.8499984741211,0.3790000081062317
2026-06-21 20:55:32,24.141000747680664,106.21600341796875,0.3179999887943268
2026-06-21 21:00:34,19.268999099731445,108.23100280761719,0.2590000033378601
2026-06-21 21:05:36,15.067000389099121,123.99700164794922,0.23199999332427979
2026-06-21 21:10:38,11.925000190734863,103.2760009765625,0.15299999713897705
2026-06-21 21:15:40,9.038000106811523,124.33100128173828,0.13899999856948853
2026-06-21 21:20:42,5.874000072479248,69.52200317382812,0.050999999046325684
2026-06-21 21:25:44,4.044000148773193,0.3109999895095825,0.0
2026-06-21 21:30:46,1.819000005722046,0.2540000081062317,0.0
2026-06-22 05:40:53,1.819000005722046,0.2540000081062317,0.0
2026-06-22 05:45:56,5.317999839782715,0.2199999988079071,0.0
2026-06-22 05:50:58,7.353000164031982,48.01100158691406,0.04399999976158142
2026-06-22 05:56:00,9.532999992370605,79.28399658203125,0.09399999678134918
2026-06-22 06:01:02,12.130000114440918,83.53900146484375,0.12600000202655792
2026-06-22 06:06:04,14.85099983215332,74.8499984741211,0.1379999965429306
2026-06-22 06:11:06,17.4689998626709,82.14900207519531,0.17800000309944153
2026-06-22 06:16:08,20.106000900268555,79.2249984741211,0.1979999989271164
2026-06-22 06:21:10,22.424999237060547,80.39399719238281,0.2240000069141388
2026-06-22 06:26:12,26.00200080871582,78.18399810791016,0.25200000405311584
2026-06-22 06:31:15,28.520000457763672,79.24700164794922,0.2800000011920929
2026-06-22 06:36:17,30.898000717163086,75.08699798583984,0.2879999876022339
2026-06-22 06:41:19,32.93000030517578,82.72899627685547,0.33799999952316284
2026-06-22 06:46:21,35.02399826049805,82.86900329589844,0.36000001430511475
2026-06-22 06:51:23,36.983001708984375,81.89199829101562,0.37599998712539673
2026-06-22 06:56:25,38.90299987792969,79.21800231933594,0.38199999928474426
2026-06-22 07:01:27,41.207000732421875,82.4469985961914,0.42100000381469727
2026-06-22 07:06:29,43.000999450683594,82.43199920654297,0.4399999976158142
2026-06-22 07:11:31,44.83399963378906,81.08899688720703,0.45100000500679016
2026-06-22 07:16:34,46.76300048828125,80.88500213623047,0.4690000116825104
2026-06-22 07:21:36,48.47999954223633,84.97100067138672,0.5109999775886536
2026-06-22 07:26:38,50.34600067138672,87.64399719238281,0.546999990940094
2026-06-22 07:31:40,52.178001403808594,88.59200286865234,0.5730000138282776
2026-06-22 07:36:42,54.03499984741211,85.68199920654297,0.5740000009536743
2026-06-22 07:41:44,55.71799850463867,85.5199966430664,0.5910000205039978
2026-06-22 07:46:46,58.654998779296875,84.64199829101562,0.6159999966621399
2026-06-22 07:51:48,61.9379997253418,83.24400329589844,0.6389999985694885
2026-06-22 07:56:51,173.31399536132812,30.15399932861328,0.6480000019073486
2026-06-22 08:01:53,233.42300415039062,22.614999771118164,0.6549999713897705
2026-06-22 08:06:55,249.9600067138672,23.43000030517578,0.7260000109672546
2026-06-22 08:11:57,267.2409973144531,57.145999908447266,1.8940000534057617
2026-06-22 08:16:59,285.5050048828125,58.106998443603516,2.056999921798706
2026-06-22 08:22:01,303.6289978027344,58.6349983215332,2.2079999446868896
2026-06-22 08:27:03,321.531005859375,60.33000183105469,2.4049999713897705
2026-06-22 08:32:05,339.19500732421875,59.827999114990234,2.5160000324249268
2026-06-22 08:37:07,356.3999938964844,61.67499923706055,2.7260000705718994
2026-06-22 08:42:09,374.3380126953125,63.119998931884766,2.930000066757202
2026-06-22 08:47:12,394.572998046875,63.60200119018555,3.111999988555908
2026-06-22 08:52:14,411.739013671875,64.875,3.312000036239624
2026-06-22 08:57:16,429.1549987792969,66.16100311279297,3.5209999084472656
2026-06-22 09:02:18,447.3739929199219,66.28500366210938,3.677000045776367
2026-06-22 09:07:20,466.63299560546875,67.01799774169922,3.878000020980835
2026-06-22 09:12:22,483.46099853515625,68.90899658203125,4.13100004196167
2026-06-22 09:17:24,502.02899169921875,72.5270004272461,4.514999866485596
2026-06-22 09:22:26,520.64501953125,69.86799621582031,4.511000156402588
2026-06-22 09:27:28,539.3790283203125,69.34600067138672,4.638000011444092
2026-06-22 09:32:31,556.5570068359375,71.46800231933594,4.932000160217285
2026-06-22 09:37:33,570.3599853515625,71.64800262451172,5.066999912261963
2026-06-22 09:42:35,585.0419921875,72.65699768066406,5.270999908447266
2026-06-22 09:47:37,601.5360107421875,72.98100280761719,5.443999767303467
2026-06-22 09:52:39,619.9910278320312,73.47200012207031,5.6479997634887695
2026-06-22 09:57:41,638.5549926757812,74.36100006103516,5.888000011444092
2026-06-22 10:02:43,654.4979858398438,75.26899719238281,6.109000205993652
2026-06-22 10:07:45,673.0029907226562,75.8290023803711,6.328000068664551
2026-06-22 10:12:47,690.5900268554688,75.63300323486328,6.4770002365112305
2026-06-22 10:17:50,706.416015625,76.12100219726562,6.668000221252441
2026-06-22 10:22:52,723.7990112304688,76.28900146484375,6.8470001220703125
2026-06-22 10:27:54,733.0469970703125,77.14800262451172,7.013000011444092
2026-06-22 10:32:56,748.0269775390625,77.54399871826172,7.192999839782715
2026-06-22 10:37:58,764.5919799804688,77.73200225830078,7.369999885559082
2026-06-22 10:43:00,780.2130126953125,78.55500030517578,7.599999904632568
2026-06-22 10:48:02,797.9359741210938,79.23500061035156,7.840000152587891
2026-06-22 10:53:04,807.6640014648438,79.7030029296875,7.98199987411499
2026-06-22 10:58:07,824.551025390625,80.1709976196289,8.196999549865723
2026-06-22 11:03:09,837.7100219726562,80.99099731445312,8.413000106811523
2026-06-22 11:08:11,851.2050170898438,81.06600189208984,8.555999755859375
2026-06-22 11:13:13,860.60302734375,80.9729995727539,8.640999794006348
2026-06-22 11:18:15,876.2490234375,81.72000122070312,8.878999710083008
2026-06-22 11:23:17,889.5640258789062,82.31800079345703,9.079999923706055
2026-06-22 11:28:19,902.2139892578125,82.21099853515625,9.196999549865723
2026-06-22 11:33:21,909.4249877929688,82.6989974975586,9.326000213623047
2026-06-22 11:38:23,920.1810302734375,82.95600128173828,9.46500015258789
2026-06-22 11:43:25,933.4949951171875,83.43599700927734,9.657999992370605
2026-06-22 11:48:28,942.6810302734375,84.7760009765625,9.90999984741211
2026-06-22 11:53:30,950.0170288085938,84.62200164794922,9.968999862670898
2026-06-22 11:58:32,960.2529907226562,85.27400207519531,10.154000282287598
2026-06-22 12:03:34,961.7969970703125,86.98400115966797,10.37399959564209
2026-06-22 12:08:36,973.3820190429688,87.9540023803711,10.616000175476074
2026-06-22 12:13:38,974.3770141601562,88.94000244140625,10.746000289916992
2026-06-22 12:18:40,985.010986328125,88.75800323486328,10.840999603271484
2026-06-22 12:23:42,990.6480102539062,89.7760009765625,11.027999877929688
2026-06-22 12:28:44,999.6339721679688,91.51499938964844,11.343999862670898
2026-06-22 12:33:47,994.177978515625,91.93800354003906,11.333999633789062
2026-06-22 12:38:49,992.4240112304688,92.30599975585938,11.359000205993652
2026-06-22 12:43:51,993.697998046875,93.16100311279297,11.479000091552734
2026-06-22 12:48:53,992.0850219726562,94.84700012207031,11.668000221252441
2026-06-22 12:53:55,993.0289916992188,96.99199676513672,11.942999839782715
2026-06-22 12:58:57,997.0360107421875,96.4020004272461,11.918000221252441
2026-06-22 13:03:59,994.9210205078125,97.35399627685547,12.01099967956543
2026-06-22 13:09:01,1000.9650268554688,97.51699829101562,12.104000091552734
2026-06-22 13:14:03,999.7230224609375,96.74400329589844,11.993000030517578
2026-06-22 13:19:05,999.68798828125,97.0780029296875,12.034000396728516
2026-06-22 13:24:08,999.8289794921875,97.66100311279297,12.107999801635742
2026-06-22 13:29:10,993.4329833984375,97.89099884033203,12.059000015258789
2026-06-22 13:51:51,980.948974609375,18.750999450683594,2.2809998989105225
2026-06-22 13:56:53,981.5059814453125,85.7959976196289,10.442000389099121
2026-06-22 14:01:55,974.2650146484375,88.02200317382812,10.633999824523926
2026-06-22 14:06:58,968.6220092773438,89.48600006103516,10.748000144958496
2026-06-22 14:12:00,957.56298828125,89.93499755859375,10.678999900817871
2026-06-22 14:17:02,957.427001953125,90.99099731445312,10.803000450134277
2026-06-22 14:22:04,959.4760131835938,91.16100311279297,10.845999717712402
2026-06-22 14:27:06,952.1649780273438,91.6500015258789,10.821000099182129
2026-06-22 14:32:08,953.1630249023438,92.68599700927734,10.954999923706055
2026-06-22 14:37:10,942.5650024414062,93.44499969482422,10.92199993133545
2026-06-22 14:42:12,938.5560302734375,94.10399627685547,10.95199966430664
2026-06-22 14:47:14,928.968017578125,94.69999694824219,10.909000396728516
2026-06-22 14:52:17,910.0869750976562,95.71900177001953,10.802000045776367
2026-06-22 14:57:19,900.0850219726562,95.05799865722656,10.609000205993652
2026-06-22 15:02:21,899.5570068359375,95.70600128173828,10.675000190734863
2026-06-22 15:07:23,887.8189697265625,95.10299682617188,10.470000267028809
2026-06-22 15:12:25,877.1279907226562,95.20899963378906,10.354999542236328
2026-06-22 15:17:27,871.8330078125,94.79499816894531,10.248000144958496
2026-06-22 15:22:29,857.5650024414062,94.84400177001953,10.086000442504883
2026-06-22 15:27:31,861.7880249023438,94.31700134277344,10.079000473022461
2026-06-22 15:32:34,856.1069946289062,93.77899932861328,9.954999923706055
2026-06-22 15:37:36,843.7579956054688,92.98999786376953,9.729000091552734
2026-06-22 15:42:38,831.4860229492188,92.38300323486328,9.524999618530273
2026-06-22 15:47:40,812.5689697265625,91.4990005493164,9.218999862670898
2026-06-22 15:52:42,801.0670166015625,90.4489974975586,8.984999656677246
2026-06-22 15:57:44,789.4719848632812,89.63899993896484,8.774999618530273
2026-06-22 16:02:46,775.2940063476562,88.93399810791016,8.550000190734863
2026-06-22 16:07:48,756.791015625,89.19100189208984,8.369999885559082
2026-06-22 16:12:50,745.4559936523438,88.88099670410156,8.215999603271484
2026-06-22 16:17:52,735.0540161132812,88.42900085449219,8.0600004196167
2026-06-22 16:22:55,720.7360229492188,87.26799774169922,7.798999786376953
2026-06-22 16:27:57,699.5360107421875,86.93099975585938,7.540999889373779
2026-06-22 16:32:59,677.0430297851562,86.86199951171875,7.291999816894531
2026-06-22 16:38:01,667.7849731445312,85.9229965209961,7.114999771118164
2026-06-22 16:43:03,646.1900024414062,84.83499908447266,6.797999858856201
2026-06-22 16:48:05,637.1820068359375,84.36100006103516,6.664999961853027
2026-06-22 16:53:07,578.2969970703125,84.80000305175781,6.080999851226807
2026-06-22 16:58:09,426.08599853515625,92.06900024414062,4.863999843597412
2026-06-22 17:03:12,517.801025390625,84.53600311279297,5.427999973297119
2026-06-22 17:08:14,581.6370239257812,81.0780029296875,5.8480000495910645
2026-06-22 17:13:16,551.8090209960938,80.25700378417969,5.492000102996826
2026-06-22 17:18:18,538.0640258789062,79.9800033569336,5.335999965667725
2026-06-22 17:23:20,507.7300109863281,78.83699798583984,4.9629998207092285
2026-06-22 17:28:22,450.0480041503906,80.37899780273438,4.486000061035156
2026-06-22 17:33:24,350.593994140625,77.35099792480469,3.36299991607666
2026-06-22 17:38:26,478.7590026855469,76.5009994506836,4.541999816894531
2026-06-22 17:43:28,449.8330078125,75.33699798583984,4.202000141143799
2026-06-22 17:48:30,426.5849914550781,74.01399993896484,3.9149999618530273
2026-06-22 17:53:33,405.6960144042969,73.02899932861328,3.6740000247955322
2026-06-22 17:58:35,350.9570007324219,80.03399658203125,3.4830000400543213
2026-06-22 18:03:37,78.9749984741211,332.5369873046875,3.256999969482422
2026-06-22 18:08:39,79.41699981689453,316.260986328125,3.114000082015991
2026-06-22 18:13:41,82.1449966430664,290.65399169921875,2.9609999656677246
2026-06-22 18:18:43,84.76000213623047,268.01800537109375,2.816999912261963
2026-06-22 18:23:45,87.7750015258789,103.85399627685547,1.1299999952316284
2026-06-22 18:28:47,88.97100067138672,101.6969985961914,1.121999979019165
2026-06-22 18:33:49,89.86100006103516,102.76599884033203,1.1449999809265137
2026-06-22 18:38:52,85.26899719238281,102.46600341796875,1.0829999446868896
2026-06-22 18:43:54,81.93399810791016,104.04900360107422,1.0570000410079956
2026-06-22 18:48:56,79.09700012207031,103.0979995727539,1.0110000371932983
2026-06-22 18:53:58,76.88500213623047,100.77300262451172,0.9610000252723694
2026-06-22 18:59:00,77.5469970703125,100.74099731445312,0.968999981880188
2026-06-22 19:04:02,80.27200317382812,98.30899810791016,0.9789999723434448
2026-06-22 19:09:04,81.89700317382812,98.7760009765625,1.003000020980835
2026-06-22 19:14:06,73.91300201416016,100.56300354003906,0.921999990940094
2026-06-22 19:19:08,63.12099838256836,100.84600067138672,0.7889999747276306
2026-06-22 19:24:11,58.15299987792969,100.36299896240234,0.7239999771118164
2026-06-22 19:29:13,57.457000732421875,98.62799835205078,0.703000009059906
2026-06-22 19:34:15,57.12200164794922,101.32599639892578,0.7179999947547913
2026-06-22 19:39:17,56.393001556396484,99.97899627685547,0.6990000009536743
2026-06-22 19:44:19,60.83399963378906,97.12999725341797,0.7329999804496765
2026-06-22 19:49:21,64.69499969482422,98.29199981689453,0.7889999747276306
2026-06-22 19:54:23,62.849998474121094,101.95500183105469,0.7950000166893005
2026-06-22 19:59:25,58.584999084472656,99.33799743652344,0.722000002861023
2026-06-22 20:04:28,53.5359992980957,104.4219970703125,0.6930000185966492
2026-06-22 20:09:30,48.10300064086914,101.23899841308594,0.6039999723434448
2026-06-22 20:14:32,42.86600112915039,108.10199737548828,0.574999988079071
2026-06-22 20:19:34,37.803001403808594,104.56700134277344,0.49000000953674316
2026-06-22 20:24:36,30.71500015258789,110.22699737548828,0.41999998688697815
2026-06-22 20:29:38,26.895999908447266,115.63899993896484,0.38600000739097595
2026-06-22 20:34:40,24.128999710083008,116.18000030517578,0.3479999899864197
2026-06-22 20:39:42,21.733999252319336,116.94100189208984,0.3149999976158142
2026-06-22 20:44:45,19.408000946044922,119.7750015258789,0.2879999876022339
2026-06-22 20:49:47,16.951000213623047,126.20999908447266,0.26499998569488525
2026-06-22 20:54:49,14.234999656677246,122.59100341796875,0.2160000056028366
2026-06-22 20:59:51,11.883000373840332,124.01899719238281,0.18299999833106995
2026-06-22 21:04:53,9.859000205993652,131.02200317382812,0.1599999964237213
2026-06-22 21:09:55,8.055000305175781,126.49400329589844,0.12600000202655792
2026-06-22 21:14:57,6.2270002365112305,155.37899780273438,0.11999999731779099
2026-06-22 21:19:59,4.349999904632568,38.720001220703125,0.020999999716877937
2026-06-22 21:25:02,2.615999937057495,0.37400001287460327,0.0
2026-06-22 21:30:04,1.1859999895095825,0.2370000034570694,0.0
2026-06-23 05:41:05,1.1859999895095825,0.2370000034570694,0.0
2026-06-23 05:46:07,5.25,0.2199999988079071,0.0
2026-06-23 05:51:09,7.2210001945495605,46.38100051879883,0.041999999433755875
2026-06-23 05:56:11,9.270000457763672,80.13600158691406,0.09200000017881393
2026-06-23 06:01:13,11.538000106811523,78.44100189208984,0.1120000034570694
2026-06-23 06:06:15,13.920000076293945,83.05000305175781,0.14300000667572021
2026-06-23 06:11:17,16.80900001525879,75.61799621582031,0.15800000727176666
2026-06-23 06:16:20,19.40999984741211,73.68800354003906,0.1770000010728836
2026-06-23 06:21:22,21.656999588012695,76.20899963378906,0.20499999821186066
2026-06-23 06:26:24,24.92099952697754,77.51100158691406,0.23999999463558197
2026-06-23 06:31:26,27.496999740600586,77.41699981689453,0.2639999985694885
2026-06-23 06:36:28,30.04599952697754,76.6969985961914,0.28600001335144043
2026-06-23 06:41:30,32.321998596191406,76.74099731445312,0.30799999833106995
2026-06-23 06:46:32,34.935001373291016,76.30999755859375,0.3310000002384186
2026-06-23 06:51:34,37.262001037597656,81.84200286865234,0.3779999911785126
2026-06-23 06:56:37,39.209999084472656,78.427001953125,0.38100001215934753
2026-06-23 07:01:39,40.983001708984375,81.53600311279297,0.414000004529953
2026-06-23 07:06:41,43.027000427246094,78.90299987792969,0.42100000381469727
2026-06-23 07:11:43,45.07699966430664,82.73400115966797,0.4620000123977661
2026-06-23 07:16:45,47.027000427246094,81.12899780273438,0.4729999899864197
2026-06-23 07:21:47,48.986000061035156,81.20899963378906,0.49300000071525574
2026-06-23 07:26:49,51.3489990234375,80.375,0.5120000243186951
2026-06-23 07:31:51,53.54499816894531,80.79299926757812,0.5360000133514404
2026-06-23 07:36:54,55.547000885009766,81.50499725341797,0.5609999895095825
2026-06-23 07:41:56,57.74599838256836,80.91200256347656,0.5789999961853027
2026-06-23 07:46:58,59.91999816894531,77.82599639892578,0.578000009059906
2026-06-23 07:52:00,62.50699996948242,81.00800323486328,0.628000020980835
2026-06-23 07:57:02,145.322998046875,36.27000045776367,0.6539999842643738
2026-06-23 08:02:04,227.197998046875,24.108999252319336,0.6790000200271606
2026-06-23 08:07:06,244.48500061035156,24.613000869750977,0.7459999918937683
2026-06-23 08:12:08,259.4880065917969,56.4379997253418,1.815999984741211
2026-06-23 08:17:11,278.0920104980469,57.4630012512207,1.9819999933242798
2026-06-23 08:22:13,295.3370056152344,57.840999603271484,2.118000030517578
2026-06-23 08:27:15,312.6929931640625,59.30799865722656,2.299999952316284
2026-06-23 08:32:17,332.1050109863281,59.28099822998047,2.440999984741211
2026-06-23 08:37:19,348.614990234375,60.81700134277344,2.628999948501587
2026-06-23 08:42:21,365.531005859375,62.382999420166016,2.828000068664551
2026-06-23 08:47:23,383.86700439453125,62.90999984741211,2.99399995803833
2026-06-23 08:52:25,401.8580017089844,64.24400329589844,3.2009999752044678
2026-06-23 08:57:28,418.7760009765625,65.18800354003906,3.384999990463257
2026-06-23 09:02:30,436.61700439453125,66.08399963378906,3.578000068664551
2026-06-23 09:07:32,446.92999267578125,68.0250015258789,3.7699999809265137
2026-06-23 09:12:34,471.3900146484375,67.75700378417969,3.9609999656677246
2026-06-23 09:17:36,487.0719909667969,71.83999633789062,4.339000225067139
2026-06-23 09:22:38,501.84600830078125,69.53600311279297,4.327000141143799
2026-06-23 09:27:40,521.0640258789062,70.18800354003906,4.534999847412109
2026-06-23 09:32:42,538.1229858398438,70.83599853515625,4.7270002365112305
2026-06-23 09:37:45,553.5499877929688,70.97100067138672,4.870999813079834
2026-06-23 09:42:47,572.3709716796875,71.66000366210938,5.085999965667725
2026-06-23 09:47:49,586.4229736328125,73.01599884033203,5.309000015258789
2026-06-23 09:52:51,605.4149780273438,72.75599670410156,5.461999893188477
2026-06-23 09:57:53,622.3150024414062,73.98699951171875,5.709000110626221
2026-06-23 10:02:55,636.489990234375,74.70800018310547,5.895999908447266
2026-06-23 10:07:57,652.1430053710938,75.91899871826172,6.138999938964844
2026-06-23 10:12:59,667.0050048828125,76.48200225830078,6.326000213623047
2026-06-23 10:18:02,682.0050048828125,76.20500183105469,6.445000171661377
2026-06-23 10:23:04,698.1119995117188,76.79900360107422,6.6479997634887695
2026-06-23 10:28:06,703.1309814453125,77.43199920654297,6.750999927520752
2026-06-23 10:33:08,721.6060180664062,77.76300048828125,6.958000183105469
2026-06-23 10:38:10,733.2730102539062,78.79299926757812,7.164000034332275
2026-06-23 10:43:12,736.4879760742188,79.36100006103516,7.248000144958496
2026-06-23 10:48:14,778.156982421875,79.08200073242188,7.63100004196167
2026-06-23 10:53:16,792.0399780273438,79.62200164794922,7.820000171661377
2026-06-23 10:58:19,807.8629760742188,79.93499755859375,8.008000373840332
2026-06-23 11:03:21,822.8709716796875,80.6760025024414,8.232000350952148
2026-06-23 11:08:23,830.427001953125,81.48300170898438,8.390999794006348
2026-06-23 11:13:25,845.25,81.00399780273438,8.489999771118164
2026-06-23 11:18:27,857.927001953125,81.62899780273438,8.684000015258789
2026-06-23 11:23:29,870.4210205078125,82.10700225830078,8.862000465393066
2026-06-23 11:28:31,879.5289916992188,82.5009994506836,8.998000144958496
2026-06-23 11:33:33,885.3779907226562,83.31999969482422,9.14799976348877
2026-06-23 11:38:36,900.27099609375,83.6719970703125,9.340999603271484
2026-06-23 11:43:38,916.135009765625,83.91400146484375,9.532999992370605
2026-06-23 11:48:40,924.7659912109375,84.66300201416016,9.708000183105469
2026-06-23 11:53:42,932.4299926757812,85.30599975585938,9.86299991607666
2026-06-23 11:58:44,939.6900024414062,85.81999969482422,10.0
2026-06-23 12:03:46,948.8400268554688,87.31700134277344,10.27299976348877
2026-06-23 12:08:48,953.135986328125,88.37999725341797,10.446000099182129
2026-06-23 12:13:51,964.2230224609375,88.6989974975586,10.604999542236328
2026-06-23 12:18:53,960.0339965820312,89.71499633789062,10.680000305175781
2026-06-23 12:23:55,964.8049926757812,90.322998046875,10.805999755859375
2026-06-23 12:28:57,966.8109741210938,91.02400207519531,10.911999702453613
2026-06-23 12:33:59,983.114990234375,92.25299835205078,11.246000289916992
2026-06-23 12:39:01,994.1740112304688,93.38999938964844,11.512999534606934
2026-06-23 12:44:03,1005.4089965820312,94.15799713134766,11.73900032043457
2026-06-23 12:49:05,1011.2249755859375,94.87999725341797,11.897000312805176
2026-06-23 12:54:07,1007.8150024414062,94.68599700927734,11.833000183105469
2026-06-23 12:59:10,1011.72802734375,94.58200073242188,11.866000175476074
2026-06-23 13:04:12,985.7839965820312,95.48300170898438,11.67199993133545
2026-06-23 13:09:14,993.8560180664062,96.54499816894531,11.89799976348877
2026-06-23 13:14:16,994.85498046875,97.37000274658203,12.01200008392334
2026-06-23 13:19:18,994.3289794921875,97.75199890136719,12.052000045776367
2026-06-23 13:24:20,1001.8790283203125,96.98799896240234,12.048999786376953
2026-06-23 13:29:22,997.3920288085938,98.1989974975586,12.145000457763672
2026-06-23 13:53:02,997.9019775390625,90.26599884033203,11.168999671936035
2026-06-23 13:58:04,988.344970703125,92.56099700927734,11.343999862670898
2026-06-23 14:03:06,988.4019775390625,93.94000244140625,11.512999534606934
2026-06-23 14:08:08,986.7769775390625,94.66300201416016,11.583000183105469
2026-06-23 14:13:10,973.3779907226562,95.96600341796875,11.583000183105469
2026-06-23 14:18:12,980.1929931640625,96.77999877929688,11.762999534606934
2026-06-23 14:23:14,973.4739990234375,97.51599884033203,11.770999908447266
2026-06-23 14:28:17,970.7750244140625,98.01499938964844,11.798999786376953
2026-06-23 14:33:19,948.8729858398438,98.58599853515625,11.600000381469727
2026-06-23 14:38:21,945.1699829101562,98.23999786376953,11.513999938964844
2026-06-23 14:43:23,945.93798828125,97.9469985961914,11.48900032043457
2026-06-23 14:48:25,946.8510131835938,97.59200286865234,11.458000183105469
2026-06-23 14:53:27,943.0980224609375,98.13999938964844,11.47700023651123
2026-06-23 14:58:29,910.4639892578125,98.22100067138672,11.08899974822998
2026-06-23 15:03:31,897.52197265625,97.3290023803711,10.831999778747559
2026-06-23 15:08:34,881.1060180664062,97.36299896240234,10.637999534606934
2026-06-23 15:13:36,873.7509765625,96.19999694824219,10.42300033569336
2026-06-23 15:18:38,881.6719970703125,96.02799987792969,10.49899959564209
2026-06-23 15:23:40,867.3779907226562,95.58999633789062,10.281000137329102
2026-06-23 15:28:42,850.7169799804688,95.1989974975586,10.041999816894531
2026-06-23 15:33:44,843.35400390625,95.0739974975586,9.942000389099121
2026-06-23 15:38:46,810.8619995117188,95.1259994506836,9.5649995803833
2026-06-23 15:43:48,804.1859741210938,92.3030014038086,9.204000473022461
2026-06-23 15:48:51,800.614990234375,92.61799621582031,9.194999694824219
2026-06-23 15:53:53,836.0369873046875,92.78299713134766,9.619000434875488
2026-06-23 15:58:55,851.8389892578125,92.31099700927734,9.75100040435791
2026-06-23 16:03:57,830.3060302734375,91.05500030517578,9.375
2026-06-23 16:08:59,122.71199798583984,107.7300033569336,1.6390000581741333
2026-06-23 16:14:01,269.4020080566406,91.50599670410156,3.056999921798706
2026-06-23 16:19:03,791.0780029296875,90.3740005493164,8.864999771118164
2026-06-23 16:24:05,181.67999267578125,101.16999816894531,2.2790000438690186
2026-06-23 16:29:08,577.2249755859375,90.31500244140625,6.464000225067139
2026-06-23 16:34:10,639.760009765625,88.7300033569336,7.039000034332275
2026-06-23 16:39:12,536.8499755859375,88.37000274658203,5.882999897003174
2026-06-23 16:44:14,465.2070007324219,88.94999694824219,5.13100004196167
2026-06-23 16:49:16,290.8529968261719,94.48999786376953,3.4079999923706055
2026-06-23 16:54:18,187.21299743652344,109.19400024414062,2.5350000858306885
2026-06-23 16:59:20,191.3350067138672,96.81900024414062,2.296999931335449
2026-06-23 17:04:22,188.4709930419922,95.18800354003906,2.2249999046325684
2026-06-23 17:09:25,184.19000244140625,97.66999816894531,2.2309999465942383
2026-06-23 17:14:27,182.6529998779297,96.35299682617188,2.181999921798706
2026-06-23 17:19:29,179.43299865722656,97.38800048828125,2.1670000553131104
2026-06-23 17:24:31,197.60499572753906,94.93699645996094,2.3259999752044678
2026-06-23 17:29:33,216.0050048828125,94.60600280761719,2.5339999198913574
2026-06-23 17:34:35,241.26300048828125,92.74199676513672,2.7750000953674316
2026-06-23 17:39:37,255.68699645996094,92.06199645996094,2.9189999103546143
2026-06-23 17:44:39,279.8500061035156,91.03199768066406,3.1589999198913574
2026-06-23 17:49:42,252.1060028076172,93.48200225830078,2.921999931335449
2026-06-23 17:54:44,319.8699951171875,91.74800109863281,3.6389999389648438
2026-06-23 17:59:46,261.80999755859375,116.16999816894531,3.7709999084472656
2026-06-23 18:04:48,212.52999877929688,137.73399353027344,3.630000114440918
2026-06-23 18:09:50,202.031005859375,132.9340057373047,3.3299999237060547
2026-06-23 18:14:52,192.9510040283203,125.47100067138672,3.002000093460083
2026-06-23 18:19:54,185.46299743652344,122.35399627685547,2.813999891281128
2026-06-23 18:24:56,178.61700439453125,97.04100036621094,2.1489999294281006
2026-06-23 18:29:58,173.3300018310547,95.20099639892578,2.0460000038146973
2026-06-23 18:35:01,165.38099670410156,94.71800231933594,1.9420000314712524
2026-06-23 18:40:03,155.0030059814453,95.39900207519531,1.8339999914169312
2026-06-23 18:45:05,147.8489990234375,96.15899658203125,1.7630000114440918
2026-06-23 18:50:07,143.7830047607422,96.0,1.7120000123977661
2026-06-23 18:55:09,139.7989959716797,94.54100036621094,1.6390000581741333
2026-06-23 19:00:11,132.09500122070312,95.94100189208984,1.5709999799728394
2026-06-23 19:05:13,128.1580047607422,94.61100006103516,1.503999948501587
2026-06-23 19:10:16,126.59200286865234,95.26899719238281,1.4950000047683716
2026-06-23 19:15:18,124.21700286865234,95.46800231933594,1.4700000286102295
2026-06-23 19:20:20,121.12200164794922,95.47799682617188,1.434000015258789
2026-06-23 19:25:22,120.61000061035156,95.43800354003906,1.4270000457763672
2026-06-23 19:30:24,120.87899780273438,95.51000213623047,1.4320000410079956
2026-06-23 19:35:26,117.9209976196289,96.09500122070312,1.4049999713897705
2026-06-23 19:40:28,111.31800079345703,96.00900268554688,1.3250000476837158
2026-06-23 19:45:30,103.93900299072266,96.95099639892578,1.25
2026-06-23 19:50:33,94.43000030517578,97.16699981689453,1.1380000114440918
2026-06-23 19:55:35,85.01899719238281,97.54100036621094,1.027999997138977
2026-06-23 20:00:37,77.40699768066406,97.75900268554688,0.9380000233650208
2026-06-23 20:05:39,70.93699645996094,99.89399719238281,0.8790000081062317
2026-06-23 20:10:41,65.552001953125,99.14800262451172,0.8059999942779541
2026-06-23 20:15:43,60.50699996948242,100.23899841308594,0.7519999742507935
2026-06-23 20:20:45,52.59199905395508,104.51699829101562,0.6819999814033508
2026-06-23 20:25:47,45.16899871826172,101.68800354003906,0.5699999928474426
2026-06-23 20:30:50,39.22100067138672,110.58399963378906,0.5379999876022339
2026-06-23 20:35:52,35.053001403808594,112.91999816894531,0.4909999966621399
2026-06-23 20:40:54,30.86199951171875,111.65499877929688,0.4269999861717224
2026-06-23 20:45:56,26.844999313354492,108.0719985961914,0.36000001430511475
2026-06-23 20:50:58,22.117000579833984,112.81800079345703,0.3089999854564667
2026-06-23 20:56:00,17.56100082397461,106.49299621582031,0.23199999332427979
2026-06-23 21:01:02,14.645999908447266,116.60099792480469,0.21199999749660492
2026-06-23 21:06:04,11.968000411987305,109.53399658203125,0.16300000250339508
2026-06-23 21:11:06,9.413999557495117,101.4020004272461,0.11800000071525574
2026-06-23 21:16:09,6.622000217437744,133.88800048828125,0.10999999940395355
2026-06-23 21:21:11,4.506999969482422,29.874000549316406,0.017000000923871994
2026-06-23 21:26:13,2.880000114440918,0.3479999899864197,0.0
2026-06-23 21:31:15,1.6990000009536743,0.2639999985694885,0.0
2026-06-24 05:41:14,1.6990000009536743,0.2639999985694885,0.0
2026-06-24 05:46:16,4.9019999504089355,0.2939999997615814,0.0
2026-06-24 05:51:18,6.797999858856201,38.31800079345703,0.03200000151991844
2026-06-24 05:56:20,9.01099967956543,73.39900207519531,0.0820000022649765
2026-06-24 06:01:22,11.133999824523926,79.30999755859375,0.10899999737739563
2026-06-24 06:06:24,13.758000373840332,74.30599975585938,0.12700000405311584
2026-06-24 06:11:26,16.232999801635742,72.14800262451172,0.14499999582767487
2026-06-24 06:16:29,19.149999618530273,72.87799835205078,0.17299999296665192
2026-06-24 06:21:31,21.46500015258789,78.81700134277344,0.20999999344348907
2026-06-24 06:26:33,24.954999923706055,73.302001953125,0.22699999809265137
2026-06-24 06:31:35,27.961000442504883,75.91899871826172,0.2630000114440918
2026-06-24 06:36:37,30.5049991607666,71.31999969482422,0.27000001072883606
2026-06-24 06:41:39,32.643001556396484,75.74299621582031,0.3070000112056732
2026-06-24 06:46:41,35.071998596191406,80.66000366210938,0.35100001096725464
2026-06-24 06:51:43,37.57099914550781,80.16899871826172,0.37299999594688416
2026-06-24 06:56:46,39.88199996948242,81.33599853515625,0.4020000100135803
2026-06-24 07:01:48,42.11899948120117,79.302001953125,0.414000004529953
2026-06-24 07:06:50,44.448001861572266,79.27999877929688,0.43700000643730164
2026-06-24 07:11:52,46.69900131225586,80.31400299072266,0.4650000035762787
2026-06-24 07:16:54,48.86199951171875,80.99700164794922,0.4909999966621399
2026-06-24 07:21:56,51.215999603271484,80.33999633789062,0.5099999904632568
2026-06-24 07:26:58,53.60200119018555,82.1259994506836,0.5460000038146973
2026-06-24 07:32:01,55.78200149536133,84.05699920654297,0.5809999704360962
2026-06-24 07:37:03,57.86899948120117,83.32099914550781,0.5979999899864197
2026-06-24 07:42:05,60.31800079345703,83.49400329589844,0.6240000128746033
2026-06-24 07:47:07,62.472999572753906,83.02899932861328,0.6430000066757202
2026-06-24 07:52:09,64.72799682617188,83.62999725341797,0.6710000038146973
2026-06-24 07:57:11,147.88299560546875,36.70500183105469,0.6729999780654907
2026-06-24 08:02:13,224.04600524902344,25.18400001525879,0.699999988079071
2026-06-24 08:07:15,241.57000732421875,25.899999618530273,0.7760000228881836
2026-06-24 08:12:18,260.2090148925781,55.994998931884766,1.8070000410079956
2026-06-24 08:17:20,276.1919860839844,57.10599899291992,1.9559999704360962
2026-06-24 08:22:22,293.22698974609375,57.90599822998047,2.1050000190734863
2026-06-24 08:27:24,310.6780090332031,58.78200149536133,2.265000104904175
2026-06-24 08:32:26,328.5169982910156,59.50400161743164,2.4240000247955322
2026-06-24 08:37:28,347.364990234375,61.10900115966797,2.631999969482422
2026-06-24 08:42:30,365.1059875488281,62.340999603271484,2.822000026702881
2026-06-24 08:47:33,382.63800048828125,63.13399887084961,2.996000051498413
2026-06-24 08:52:35,400.4429931640625,64.26799774169922,3.190999984741211
2026-06-24 08:57:37,418.5530090332031,65.38800048828125,3.3940000534057617
2026-06-24 09:02:39,435.64801025390625,65.93699645996094,3.562000036239624
2026-06-24 09:07:41,453.6080017089844,67.1760025024414,3.7780001163482666
2026-06-24 09:12:43,467.3280029296875,68.16300201416016,3.950000047683716
2026-06-24 09:17:45,484.8370056152344,71.60399627685547,4.304999828338623
2026-06-24 09:22:47,503.614013671875,69.15299987792969,4.317999839782715
2026-06-24 09:27:50,520.8300170898438,68.76200103759766,4.440999984741211
2026-06-24 09:32:52,538.0800170898438,69.75199890136719,4.6539998054504395
2026-06-24 09:37:54,553.77099609375,71.16400146484375,4.88700008392334
2026-06-24 09:42:56,570.4229736328125,72.04199981689453,5.0960001945495605
2026-06-24 09:47:58,586.1500244140625,72.89900207519531,5.297999858856201
2026-06-24 09:53:00,607.8829956054688,73.03900146484375,5.50600004196167
2026-06-24 09:58:02,621.239013671875,74.13600158691406,5.710999965667725
2026-06-24 10:03:04,639.7260131835938,73.63300323486328,5.841000080108643
2026-06-24 10:08:07,654.0250244140625,75.45099639892578,6.11899995803833
2026-06-24 10:13:09,673.3469848632812,75.01399993896484,6.263000011444092
2026-06-24 10:18:11,687.4940185546875,75.81900024414062,6.4629998207092285
2026-06-24 10:23:13,704.3699951171875,76.60099792480469,6.690999984741211
2026-06-24 10:28:15,722.0910034179688,76.40799713134766,6.8420000076293945
2026-06-24 10:33:17,741.0020141601562,76.98500061035156,7.073999881744385
2026-06-24 10:38:19,754.6240234375,77.37200164794922,7.239999771118164
2026-06-24 10:43:21,769.9030151367188,77.97100067138672,7.443999767303467
2026-06-24 10:48:24,787.0170288085938,78.36399841308594,7.6479997634887695
2026-06-24 10:53:26,795.218017578125,79.36799621582031,7.826000213623047
2026-06-24 10:58:28,811.5889892578125,79.10900115966797,7.960999965667725
2026-06-24 11:03:30,827.2429809570312,79.4020004272461,8.145000457763672
2026-06-24 11:08:32,842.2429809570312,79.54499816894531,8.307999610900879
2026-06-24 11:13:34,853.7230224609375,80.05400085449219,8.475000381469727
2026-06-24 11:18:36,865.5339965820312,80.74199676513672,8.666000366210938
2026-06-24 11:23:38,880.3270263671875,80.4280014038086,8.779999732971191
2026-06-24 11:28:41,889.2529907226562,81.2509994506836,8.958999633789062
2026-06-24 11:33:43,899.6090087890625,82.01499938964844,9.14900016784668
2026-06-24 11:38:45,907.7670288085938,82.8489990234375,9.326000213623047
2026-06-24 11:43:47,920.4210205078125,83.68599700927734,9.550999641418457
2026-06-24 11:48:49,928.4249877929688,84.84100341796875,9.767000198364258
2026-06-24 11:53:51,940.1669921875,84.61100006103516,9.86400032043457
2026-06-24 11:58:53,945.3330078125,84.67400360107422,9.925999641418457
2026-06-24 12:03:56,955.9000244140625,85.4739990234375,10.130999565124512
2026-06-24 12:08:58,962.7930297851562,86.79000091552734,10.362000465393066
2026-06-24 12:14:00,966.9749755859375,87.1520004272461,10.449999809265137
2026-06-24 12:19:02,976.6069946289062,87.63999938964844,10.61299991607666
2026-06-24 12:24:04,977.5679931640625,87.4229965209961,10.597000122070312
2026-06-24 12:29:06,987.7420043945312,88.76899719238281,10.871999740600586
2026-06-24 12:34:08,987.3939819335938,90.28600311279297,11.053999900817871
2026-06-24 12:39:10,993.031982421875,90.3270034790039,11.121999740600586
2026-06-24 12:44:13,993.0189819335938,90.50499725341797,11.144000053405762
2026-06-24 12:49:15,997.56298828125,91.60800170898438,11.331999778747559
2026-06-24 12:54:17,992.1669921875,92.9229965209961,11.432000160217285
2026-06-24 12:59:19,997.4879760742188,92.1050033569336,11.392000198364258
2026-06-24 13:04:21,995.3829956054688,92.40899658203125,11.406000137329102
2026-06-24 13:09:23,995.6409912109375,93.47599792480469,11.541000366210938
2026-06-24 13:14:25,985.0399780273438,94.22100067138672,11.508999824523926
2026-06-24 13:19:28,983.7869873046875,94.64099884033203,11.545000076293945
2026-06-24 13:24:30,989.77099609375,94.47000122070312,11.593999862670898
2026-06-24 13:29:32,986.7039794921875,94.00599670410156,11.501999855041504
2026-06-24 13:52:20,979.9860229492188,18.5939998626709,2.259999990463257
2026-06-24 13:57:22,972.1900024414062,83.52999877929688,10.069999694824219
2026-06-24 14:02:24,970.5850219726562,84.8270034790039,10.208999633789062
2026-06-24 14:07:27,963.2069702148438,86.63700103759766,10.347999572753906
2026-06-24 14:12:29,967.698974609375,87.56099700927734,10.506999969482422
2026-06-24 14:17:31,958.8480224609375,88.0199966430664,10.46500015258789
2026-06-24 14:22:33,954.0239868164062,89.69000244140625,10.609999656677246
2026-06-24 14:27:35,948.7420043945312,90.34500122070312,10.628000259399414
2026-06-24 14:32:37,939.7150268554688,90.81999969482422,10.583000183105469
2026-06-24 14:37:39,934.2080078125,92.16200256347656,10.675999641418457
2026-06-24 14:42:42,928.7410278320312,92.35600280761719,10.63599967956543
2026-06-24 14:47:44,925.0989990234375,91.69999694824219,10.519000053405762
2026-06-24 14:52:46,919.2249755859375,91.73400115966797,10.456000328063965
2026-06-24 14:57:48,907.8889770507812,91.8010025024414,10.335000038146973
2026-06-24 15:02:50,904.1099853515625,92.28299713134766,10.345999717712402
2026-06-24 15:07:52,902.1710205078125,91.13999938964844,10.196000099182129
2026-06-24 15:12:54,884.1229858398438,91.16799926757812,9.994999885559082
2026-06-24 15:17:56,874.9530029296875,91.34100341796875,9.90999984741211
2026-06-24 15:22:59,869.2890014648438,90.50499725341797,9.755999565124512
2026-06-24 15:28:01,857.43798828125,90.81300354003906,9.654999732971191
2026-06-24 15:33:03,844.6389770507812,89.79000091552734,9.404000282287598
2026-06-24 15:38:05,836.7570190429688,89.16999816894531,9.251999855041504
2026-06-24 15:43:07,819.4630126953125,89.03900146484375,9.04800033569336
2026-06-24 15:48:09,813.0239868164062,88.69499969482422,8.942000389099121
2026-06-24 15:53:11,792.468994140625,88.86699676513672,8.732999801635742
2026-06-24 15:58:14,793.291015625,87.9749984741211,8.654000282287598
2026-06-24 16:03:16,763.6290283203125,86.94999694824219,8.232999801635742
2026-06-24 16:08:18,756.4550170898438,86.96299743652344,8.156999588012695
2026-06-24 16:13:20,739.781005859375,87.2509994506836,8.003999710083008
2026-06-24 16:18:22,732.7039794921875,86.08599853515625,7.821000099182129
2026-06-24 16:23:24,711.5889892578125,85.24600219726562,7.521999835968018
2026-06-24 16:28:26,690.64501953125,84.35600280761719,7.223999977111816
2026-06-24 16:33:28,683.010009765625,83.58899688720703,7.078999996185303
2026-06-24 16:38:31,667.39501953125,83.25499725341797,6.889999866485596
2026-06-24 16:43:33,647.89697265625,82.36799621582031,6.617000102996826
2026-06-24 16:48:35,640.9710083007812,81.18599700927734,6.453000068664551
2026-06-24 16:53:37,624.9829711914062,80.4219970703125,6.232999801635742
2026-06-24 16:58:39,604.6669921875,79.33999633789062,5.948999881744385
2026-06-24 17:03:41,585.7100219726562,78.28700256347656,5.685999870300293
2026-06-24 17:08:43,563.1110229492188,77.85199737548828,5.435999870300293
2026-06-24 17:13:45,551.2249755859375,77.00700378417969,5.263999938964844
2026-06-24 17:18:48,522.8489990234375,76.29499816894531,4.946000099182129
2026-06-24 17:23:50,510.0090026855469,75.89099884033203,4.798999786376953
2026-06-24 17:28:52,495.87701416015625,74.70500183105469,4.593999862670898
2026-06-24 17:33:54,477.125,73.21499633789062,4.331999778747559
2026-06-24 17:38:56,457.81500244140625,73.83899688720703,4.191999912261963
2026-06-24 17:43:58,426.6889953613281,73.64299774169922,3.8959999084472656
2026-06-24 17:49:00,265.70599365234375,42.87200164794922,1.4129999876022339
2026-06-24 17:54:02,395.7030029296875,71.052001953125,3.4860000610351562
2026-06-24 17:59:05,337.27899169921875,78.78900146484375,3.2950000762939453
2026-06-24 18:04:07,76.01100158691406,329.1390075683594,3.1019999980926514
2026-06-24 18:09:09,73.18199920654297,313.7650146484375,2.8469998836517334
2026-06-24 18:14:11,72.17400360107422,304.9779968261719,2.7290000915527344
2026-06-24 18:19:13,70.51399993896484,280.6610107421875,2.4539999961853027
2026-06-24 18:24:15,69.1520004272461,102.21700286865234,0.8759999871253967
2026-06-24 18:29:17,67.75900268554688,103.3499984741211,0.8679999709129333
2026-06-24 18:34:20,66.09500122070312,104.38600158691406,0.8560000061988831
2026-06-24 18:39:22,64.35900115966797,102.88800048828125,0.8209999799728394
2026-06-24 18:44:24,62.13600158691406,99.25499725341797,0.7649999856948853
2026-06-24 18:49:26,60.553001403808594,101.8499984741211,0.7649999856948853
2026-06-24 18:54:28,60.20800018310547,101.03099822998047,0.7540000081062317
2026-06-24 18:59:30,59.27799987792969,101.68000030517578,0.746999979019165
2026-06-24 19:04:32,58.03099822998047,102.36299896240234,0.7369999885559082
2026-06-24 19:09:34,56.67399978637695,105.22799682617188,0.7390000224113464
2026-06-24 19:14:37,55.36199951171875,101.40399932861328,0.6959999799728394
2026-06-24 19:19:39,54.54399871826172,100.56199645996094,0.6800000071525574
2026-06-24 19:24:41,53.4379997253418,97.85099792480469,0.6480000019073486
2026-06-24 19:29:43,53.23400115966797,100.40799713134766,0.6629999876022339
2026-06-24 19:34:45,51.61399841308594,103.66100311279297,0.6629999876022339
2026-06-24 19:39:47,50.6349983215332,104.2750015258789,0.6549999713897705
2026-06-24 19:44:49,49.28200149536133,102.10900115966797,0.6240000128746033
2026-06-24 19:49:51,47.986000061035156,100.03500366210938,0.5950000286102295
2026-06-24 19:54:54,46.54600143432617,103.9000015258789,0.6000000238418579
2026-06-24 19:59:56,44.680999755859375,105.00599670410156,0.5820000171661377
2026-06-24 20:04:58,43.1870002746582,103.19000244140625,0.5529999732971191
2026-06-24 20:10:00,42.1349983215332,98.51699829101562,0.5149999856948853
2026-06-24 20:15:02,40.606998443603516,100.34700012207031,0.5049999952316284
2026-06-24 20:20:04,38.803001403808594,97.79100036621094,0.47099998593330383
2026-06-24 20:25:06,34.354000091552734,101.90299987792969,0.4339999854564667
2026-06-24 20:30:08,31.972999572753906,102.01100158691406,0.40400001406669617
2026-06-24 20:35:11,29.57699966430664,105.20899963378906,0.38600000739097595
2026-06-24 20:40:13,26.944000244140625,102.78700256347656,0.34299999475479126
2026-06-24 20:45:15,24.37700080871582,105.60900115966797,0.3190000057220459
2026-06-24 20:50:17,21.464000701904297,98.94499969482422,0.2630000114440918
2026-06-24 20:55:19,18.701000213623047,117.95600128173828,0.27399998903274536
2026-06-24 21:00:21,16.11199951171875,114.44000244140625,0.2290000021457672
2026-06-24 21:05:23,13.265000343322754,98.34600067138672,0.16200000047683716
2026-06-24 21:10:26,10.741000175476074,121.46700286865234,0.16200000047683716
2026-06-24 21:15:28,8.236000061035156,101.20099639892578,0.10300000011920929
2026-06-24 21:20:30,5.908999919891357,100.94499969482422,0.07400000095367432
2026-06-24 21:25:32,3.6110000610351562,0.3269999921321869,0.0
2026-06-24 21:30:34,2.257999897003174,0.14100000262260437,0.0
2026-06-25 05:42:20,2.257999897003174,0.14100000262260437,0.0
2026-06-25 05:47:22,5.879000186920166,33.29399871826172,0.024000000208616257
2026-06-25 05:52:24,7.877999782562256,80.21399688720703,0.07800000160932541
2026-06-25 05:57:26,9.86299991607666,81.56400299072266,0.10000000149011612
2026-06-25 06:02:28,11.871999740600586,83.93699645996094,0.12399999797344208
2026-06-25 06:07:30,13.86299991607666,86.0510025024414,0.14800000190734863
2026-06-25 06:12:32,16.090999603271484,85.48100280761719,0.17100000381469727
2026-06-25 06:17:35,18.924999237060547,81.31700134277344,0.19099999964237213
2026-06-25 06:22:37,21.30900001525879,82.1969985961914,0.21699999272823334
2026-06-25 06:27:39,24.708999633789062,84.62799835205078,0.2590000033378601
2026-06-25 06:32:41,27.268999099731445,74.06999969482422,0.25
2026-06-25 06:37:43,29.44700050354004,79.49500274658203,0.28999999165534973
2026-06-25 06:42:45,31.131000518798828,79.40699768066406,0.3070000112056732
2026-06-25 06:47:47,33.24800109863281,83.4489974975586,0.3440000116825104
2026-06-25 06:52:49,35.07699966430664,80.23899841308594,0.3490000069141388
2026-06-25 06:57:52,36.952999114990234,81.61199951171875,0.37400001287460327
2026-06-25 07:02:54,38.70899963378906,74.71299743652344,0.35899999737739563
2026-06-25 07:07:56,40.292999267578125,81.66300201416016,0.40799999237060547
2026-06-25 07:12:58,42.09000015258789,77.4749984741211,0.40400001406669617
2026-06-25 07:18:00,43.90399932861328,82.0510025024414,0.44699999690055847
2026-06-25 07:23:02,45.415000915527344,81.41799926757812,0.45899999141693115
2026-06-25 07:28:04,46.95800018310547,79.88700103759766,0.4650000035762787
2026-06-25 07:33:06,48.26599884033203,83.052001953125,0.4970000088214874
2026-06-25 07:38:09,49.96799850463867,81.00199890136719,0.5019999742507935
2026-06-25 07:43:11,51.84199905395508,81.19999694824219,0.5220000147819519
2026-06-25 07:48:13,53.58599853515625,79.28099822998047,0.5270000100135803
2026-06-25 07:53:15,55.13100051879883,80.81800079345703,0.5519999861717224
2026-06-25 07:58:17,111.90399932861328,41.39400100708008,0.5740000009536743
2026-06-25 08:03:19,185.6540069580078,24.76799964904785,0.5699999928474426
2026-06-25 08:08:21,248.49099731445312,30.788999557495117,0.9490000009536743
2026-06-25 08:13:23,279.1679992675781,53.91999816894531,1.8669999837875366
2026-06-25 08:18:26,297.1310119628906,54.44900131225586,2.00600004196167
2026-06-25 08:23:28,314.9519958496094,55.10499954223633,2.1519999504089355
2026-06-25 08:28:30,332.7659912109375,56.26100158691406,2.321000099182129
2026-06-25 08:33:32,350.6080017089844,57.16899871826172,2.484999895095825
2026-06-25 08:38:34,367.468994140625,58.827999114990234,2.680999994277954
2026-06-25 08:43:36,386.06201171875,59.76300048828125,2.8610000610351562
2026-06-25 08:48:38,402.8689880371094,60.93299865722656,3.0439999103546143
2026-06-25 08:53:40,420.5899963378906,61.80099868774414,3.2230000495910645
2026-06-25 08:58:43,438.35198974609375,63.09199905395508,3.428999900817871
2026-06-25 09:03:45,457.0889892578125,63.69900131225586,3.609999895095825
2026-06-25 09:08:47,476.5830078125,64.35099792480469,3.802999973297119
2026-06-25 09:13:49,493.3489990234375,66.08100128173828,4.043000221252441
2026-06-25 09:18:51,511.77801513671875,68.8030014038086,4.366000175476074
2026-06-25 09:23:53,528.344970703125,66.67900085449219,4.368000030517578
2026-06-25 09:28:55,547.9869995117188,66.64700317382812,4.5289998054504395
2026-06-25 09:33:58,564.2150268554688,68.09200286865234,4.763999938964844
2026-06-25 09:39:00,579.8660278320312,68.15299987792969,4.900000095367432
2026-06-25 09:44:02,596.302978515625,69.27899932861328,5.123000144958496
2026-06-25 09:49:04,613.8489990234375,70.58999633789062,5.373000144958496
2026-06-25 09:54:06,631.4169921875,70.84600067138672,5.546999931335449
2026-06-25 09:59:08,648.3610229492188,71.30799865722656,5.732999801635742
2026-06-25 10:04:10,665.3660278320312,72.06900024414062,5.946000099182129
2026-06-25 10:09:12,681.3839721679688,72.37300109863281,6.114999771118164
2026-06-25 10:14:14,698.4849853515625,72.54299926757812,6.2829999923706055
2026-06-25 10:19:17,715.0009765625,72.81600189208984,6.455999851226807
2026-06-25 10:24:19,731.9429931640625,73.69599914550781,6.689000129699707
2026-06-25 10:29:21,746.1170043945312,74.09600067138672,6.855000019073486
2026-06-25 10:34:23,760.8590087890625,74.48500061035156,7.0269999504089355
2026-06-25 10:39:25,775.3179931640625,75.25900268554688,7.235000133514404
2026-06-25 10:44:27,790.47802734375,75.33300018310547,7.383999824523926
2026-06-25 10:49:29,804.4390258789062,75.79199981689453,7.559999942779541
2026-06-25 10:54:31,819.1309814453125,76.18699645996094,7.73799991607666
2026-06-25 10:59:34,832.2100219726562,76.32099914550781,7.875999927520752
2026-06-25 11:04:36,846.22998046875,76.70500183105469,8.048999786376953
2026-06-25 11:09:38,857.3380126953125,77.4800033569336,8.237000465393066
2026-06-25 11:14:40,870.2960205078125,77.93599700927734,8.41100025177002
2026-06-25 11:19:42,881.7650146484375,78.7490005493164,8.609999656677246
2026-06-25 11:24:44,893.968017578125,78.572998046875,8.710000038146973
2026-06-25 11:29:46,906.2730102539062,80.0530014038086,8.996000289916992
2026-06-25 11:34:49,919.2429809570312,80.76000213623047,9.206000328063965
2026-06-25 11:39:51,931.1630249023438,81.48899841308594,9.409000396728516
2026-06-25 11:44:53,939.6959838867188,81.88899993896484,9.541999816894531
2026-06-25 11:49:55,951.1279907226562,81.5999984741211,9.62399959564209
2026-06-25 11:54:57,957.135986328125,82.33399963378906,9.772000312805176
2026-06-25 11:59:59,966.68798828125,83.04000091552734,9.954000473022461
2026-06-25 12:05:01,974.6699829101562,83.56500244140625,10.100000381469727
2026-06-25 12:10:04,980.9509887695312,84.71700286865234,10.305000305175781
2026-06-25 12:15:06,987.0419921875,86.05999755859375,10.532999992370605
2026-06-25 12:20:08,994.2160034179688,86.5739974975586,10.67300033569336
2026-06-25 12:25:10,999.843017578125,87.78600311279297,10.883999824523926
2026-06-25 12:30:12,1003.0910034179688,88.84600067138672,11.050999641418457
2026-06-25 12:35:14,1003.06201171875,90.28199768066406,11.229000091552734
2026-06-25 12:40:16,1007.64697265625,90.15799713134766,11.265000343322754
2026-06-25 12:45:18,1008.5180053710938,91.19499969482422,11.404000282287598
2026-06-25 12:50:21,1007.52197265625,92.86900329589844,11.60200023651123
2026-06-25 12:55:23,1009.1749877929688,93.80999755859375,11.73900032043457
2026-06-25 13:00:25,1009.1729736328125,93.3270034790039,11.678999900817871
2026-06-25 13:05:27,1007.5889892578125,94.16200256347656,11.765000343322754
2026-06-25 13:10:29,1006.968017578125,94.66000366210938,11.819999694824219
2026-06-25 13:15:31,1004.6099853515625,95.0989990234375,11.847000122070312
2026-06-25 13:20:33,1004.947021484375,95.65799713134766,11.920000076293945
2026-06-25 13:25:36,1005.9180297851562,96.14099884033203,11.991999626159668
2026-06-25 13:30:38,1005.6409912109375,95.95800018310547,11.965999603271484
2026-06-25 13:53:20,991.114990234375,18.77199935913086,2.306999921798706
2026-06-25 13:58:22,987.9409790039062,83.76399993896484,10.26099967956543
2026-06-25 14:03:24,985.2659912109375,86.0459976196289,10.51200008392334
2026-06-25 14:08:26,981.1790161132812,87.19400024414062,10.609000205993652
2026-06-25 14:13:29,976.5360107421875,88.87200164794922,10.76200008392334
2026-06-25 14:18:31,972.6099853515625,89.78700256347656,10.829000473022461
2026-06-25 14:23:33,970.3359985351562,90.51699829101562,10.890999794006348
2026-06-25 14:28:35,963.2849731445312,91.13300323486328,10.88599967956543
2026-06-25 14:33:37,956.8159790039062,90.7300033569336,10.765000343322754
2026-06-25 14:38:39,950.8980102539062,91.27400207519531,10.76200008392334
2026-06-25 14:43:41,943.06298828125,92.23500061035156,10.78600025177002
2026-06-25 14:48:43,933.8380126953125,92.56800079345703,10.718999862670898
2026-06-25 14:53:46,925.7650146484375,92.87200164794922,10.66100025177002
2026-06-25 14:58:48,917.52001953125,92.99299621582031,10.579999923706055
2026-06-25 15:03:50,909.3759765625,92.58599853515625,10.4399995803833
2026-06-25 15:08:52,902.0689697265625,92.71199798583984,10.369999885559082
2026-06-25 15:13:54,895.2030029296875,92.3479995727539,10.25100040435791
2026-06-25 15:18:56,881.5770263671875,91.60099792480469,10.012999534606934
2026-06-25 15:23:58,871.5269775390625,91.80500030517578,9.920999526977539
2026-06-25 15:29:00,861.7139892578125,91.25599670410156,9.75100040435791
2026-06-25 15:34:03,856.1119995117188,91.2509994506836,9.687000274658203
2026-06-25 15:39:05,844.4089965820312,90.5009994506836,9.47599983215332
2026-06-25 15:44:07,831.8930053710938,89.47200012207031,9.229999542236328
2026-06-25 15:49:09,820.7219848632812,89.61599731445312,9.119999885559082
2026-06-25 15:54:11,808.4569702148438,89.44000244140625,8.965999603271484
2026-06-25 15:59:13,796.5969848632812,88.81300354003906,8.77299976348877
2026-06-25 16:04:15,791.5269775390625,87.22899627685547,8.560999870300293
2026-06-25 16:09:18,774.9669799804688,87.16400146484375,8.37600040435791
2026-06-25 16:14:20,762.760986328125,86.2770004272461,8.15999984741211
2026-06-25 16:19:22,751.801025390625,86.05000305175781,8.022000312805176
2026-06-25 16:24:24,739.5050048828125,85.4489974975586,7.835999965667725
2026-06-25 16:29:26,727.7969970703125,84.69400024414062,7.64300012588501
2026-06-25 16:34:28,715.3510131835938,84.46600341796875,7.492000102996826
2026-06-25 16:39:30,709.5399780273438,83.55699920654297,7.3520002365112305
2026-06-25 16:44:32,694.1259765625,82.75599670410156,7.123000144958496
2026-06-25 16:49:35,688.2169799804688,82.79499816894531,7.065999984741211
2026-06-25 16:54:37,679.5900268554688,81.35299682617188,6.855999946594238
2026-06-25 16:59:39,673.0369873046875,80.23899841308594,6.696000099182129
2026-06-25 17:04:41,616.3150024414062,82.36199951171875,6.294000148773193
2026-06-25 17:09:43,638.5330200195312,80.21099853515625,6.35099983215332
2026-06-25 17:14:45,583.0460205078125,81.03700256347656,5.859000205993652
2026-06-25 17:19:47,480.7090148925781,79.85700225830078,4.760000228881836
2026-06-25 17:24:50,461.21600341796875,86.5780029296875,4.951000213623047
2026-06-25 17:29:52,456.3949890136719,81.31099700927734,4.6020002365112305
2026-06-25 17:34:54,274.7409973144531,97.43800354003906,3.319000005722046
2026-06-25 17:39:56,286.5920104980469,89.02400207519531,3.1640000343322754
2026-06-25 17:44:58,321.3139953613281,87.36199951171875,3.4809999465942383
2026-06-25 17:50:00,271.3810119628906,92.1969985961914,3.1029999256134033
2026-06-25 17:55:02,352.9800109863281,89.0009994506836,3.8959999084472656
2026-06-25 18:00:04,264.5660095214844,102.0250015258789,3.3469998836517334
2026-06-25 18:05:07,229.25799560546875,108.61699676513672,3.0880000591278076
2026-06-25 18:10:09,206.2550048828125,107.0250015258789,2.736999988555908
2026-06-25 18:15:11,184.61300659179688,102.94000244140625,2.3570001125335693
2026-06-25 18:20:13,173.91000366210938,99.94400024414062,2.1549999713897705
2026-06-25 18:25:15,160.5709991455078,96.42900085449219,1.9199999570846558
2026-06-25 18:30:17,145.43499755859375,97.21800231933594,1.753000020980835
2026-06-25 18:35:19,134.02699279785156,96.0,1.5950000286102295
2026-06-25 18:40:21,124.25599670410156,96.36299896240234,1.4850000143051147
2026-06-25 18:45:24,116.59400177001953,95.85199737548828,1.3860000371932983
2026-06-25 18:50:26,110.3499984741211,97.16899871826172,1.3300000429153442
2026-06-25 18:55:28,104.39299774169922,96.88500213623047,1.253999948501587
2026-06-25 19:00:30,98.89600372314453,95.46199798583984,1.1710000038146973
2026-06-25 19:05:32,94.46900177001953,97.54000091552734,1.1430000066757202
2026-06-25 19:10:34,89.59300231933594,97.18800354003906,1.0800000429153442
2026-06-25 19:15:36,84.1510009765625,98.41899871826172,1.0269999504089355
2026-06-25 19:20:39,78.57599639892578,98.17500305175781,0.9570000171661377
2026-06-25 19:25:41,72.28600311279297,97.2770004272461,0.871999979019165
2026-06-25 19:30:43,66.39299774169922,94.78600311279297,0.7799999713897705
2026-06-25 19:35:45,61.57600021362305,99.71099853515625,0.7609999775886536
2026-06-25 19:40:47,56.67900085449219,98.79499816894531,0.6940000057220459
2026-06-25 19:45:49,52.62900161743164,95.80599975585938,0.625
2026-06-25 19:50:51,49.007999420166016,93.55899810791016,0.5690000057220459
2026-06-25 19:55:53,45.24300003051758,94.7020034790039,0.531000018119812
2026-06-25 20:00:56,41.36800003051758,93.91500091552734,0.4819999933242798
2026-06-25 20:05:58,38.654998779296875,96.33100128173828,0.4620000123977661
2026-06-25 20:11:00,36.60900115966797,99.75199890136719,0.453000009059906
2026-06-25 20:16:02,34.63800048828125,98.17500305175781,0.421999990940094
2026-06-25 20:21:04,33.047000885009766,97.76300048828125,0.4009999930858612
2026-06-25 20:26:06,30.785999298095703,97.35800170898438,0.3720000088214874
2026-06-25 20:31:08,27.957000732421875,94.86699676513672,0.32899999618530273
2026-06-25 20:36:10,25.59600067138672,96.82499694824219,0.3070000112056732
2026-06-25 20:41:13,23.243000030517578,98.7300033569336,0.2849999964237213
2026-06-25 20:46:15,20.361000061035156,89.1520004272461,0.22499999403953552
2026-06-25 20:51:17,15.84000015258789,100.76399993896484,0.1979999989271164
2026-06-25 20:56:19,12.045999526977539,108.822998046875,0.16300000250339508
2026-06-25 21:01:21,8.968999862670898,115.46499633789062,0.12800000607967377
2026-06-25 21:06:23,6.9770002365112305,101.45800018310547,0.08799999952316284
2026-06-25 21:11:25,5.732999801635742,29.590999603271484,0.020999999716877937
2026-06-25 21:16:28,4.186999797821045,0.2619999945163727,0.0
2026-06-25 21:21:30,3.1019999980926514,0.2280000001192093,0.0
2026-06-25 21:26:32,3.0230000019073486,0.21899999678134918,0.0
2026-06-25 21:31:34,3.1610000133514404,0.1720000058412552,0.0
2026-06-26 05:42:24,3.1610000133514404,0.1720000058412552,0.0
2026-06-26 05:47:26,5.046999931335449,0.16200000047683716,0.0
2026-06-26 05:52:28,6.656000137329102,0.21199999749660492,0.0
2026-06-26 05:57:30,9.059000015258789,64.8949966430664,0.0729999989271164
2026-06-26 06:02:32,12.262999534606934,70.18699645996094,0.10700000077486038
2026-06-26 06:07:34,15.479000091552734,65.36399841308594,0.125
2026-06-26 06:12:36,19.641000747680664,69.17400360107422,0.1679999977350235
2026-06-26 06:17:38,24.94300079345703,67.5999984741211,0.20900000631809235
2026-06-26 06:22:41,30.9689998626709,64.22799682617188,0.24699999392032623
2026-06-26 06:27:43,38.43199920654297,70.12200164794922,0.33399999141693115
2026-06-26 06:32:45,46.152000427246094,73.19100189208984,0.4189999997615814
2026-06-26 06:37:47,55.31399917602539,72.61900329589844,0.49799999594688416
2026-06-26 06:42:49,59.275001525878906,74.65299987792969,0.5490000247955322
2026-06-26 06:47:51,62.07699966430664,74.69599914550781,0.574999988079071
2026-06-26 06:52:53,62.400001525878906,77.91000366210938,0.6029999852180481
2026-06-26 06:57:55,61.880001068115234,79.375,0.609000027179718
2026-06-26 07:02:58,60.16699981689453,81.23600006103516,0.6060000061988831
2026-06-26 07:08:00,58.792999267578125,81.88200378417969,0.597000002861023
2026-06-26 07:13:02,57.810001373291016,79.70999908447266,0.5709999799728394
2026-06-26 07:18:04,58.61000061035156,80.1050033569336,0.5820000171661377
2026-06-26 07:23:06,59.21099853515625,82.15799713134766,0.6029999852180481
2026-06-26 07:28:08,60.01599884033203,83.10299682617188,0.6179999709129333
2026-06-26 07:33:10,60.8489990234375,83.96700286865234,0.6340000033378601
2026-06-26 07:38:12,62.01100158691406,80.66100311279297,0.6200000047683716
2026-06-26 07:43:15,63.42499923706055,81.38400268554688,0.6399999856948853
2026-06-26 07:48:17,64.73100280761719,80.41100311279297,0.6449999809265137
2026-06-26 07:53:19,66.6969985961914,79.90899658203125,0.6610000133514404
2026-06-26 07:58:21,199.89500427246094,27.908000946044922,0.6919999718666077
2026-06-26 08:03:23,216.62600708007812,26.601999282836914,0.7149999737739563
2026-06-26 08:08:25,231.9980010986328,35.85300064086914,1.031000018119812
2026-06-26 08:13:27,250.14999389648438,56.308998107910156,1.746999979019165
2026-06-26 08:18:29,268.7659912109375,56.917999267578125,1.8969999551773071
2026-06-26 08:23:32,290.0589904785156,58.05500030517578,2.0880000591278076
2026-06-26 08:28:34,309.6969909667969,58.64500045776367,2.252000093460083
2026-06-26 08:33:36,330.27899169921875,58.85599899291992,2.4100000858306885
2026-06-26 08:38:38,349.62298583984375,60.29199981689453,2.614000082015991
2026-06-26 08:43:40,367.6960144042969,62.417999267578125,2.8459999561309814
2026-06-26 08:48:42,386.14599609375,62.84700012207031,3.009000062942505
2026-06-26 08:53:44,404.2900085449219,63.27899932861328,3.171999931335449
2026-06-26 08:58:47,421.6809997558594,65.09600067138672,3.4040000438690186
2026-06-26 09:03:49,436.9670104980469,65.63200378417969,3.555999994277954
2026-06-26 09:08:51,455.99798583984375,65.9729995727539,3.7300000190734863
2026-06-26 09:13:53,472.802001953125,67.5250015258789,3.9590001106262207
2026-06-26 09:18:55,490.8909912109375,70.58200073242188,4.296000003814697
2026-06-26 09:23:57,504.9440002441406,68.49600219726562,4.289000034332275
2026-06-26 09:28:59,517.8049926757812,68.95700073242188,4.427999973297119
2026-06-26 09:34:02,527.5250244140625,69.4469985961914,4.543000221252441
2026-06-26 09:39:04,539.4619750976562,70.32099914550781,4.703999996185303
2026-06-26 09:44:06,558.1209716796875,71.2490005493164,4.931000232696533
2026-06-26 09:49:08,581.8499755859375,72.18000030517578,5.208000183105469
2026-06-26 09:54:10,595.594970703125,72.61499786376953,5.36299991607666
2026-06-26 09:59:12,611.18701171875,72.55799865722656,5.499000072479248
2026-06-26 10:04:14,615.9219970703125,73.9729995727539,5.650000095367432
2026-06-26 10:09:16,625.5980224609375,72.99800109863281,5.663000106811523
2026-06-26 10:14:19,653.4559936523438,73.322998046875,5.940999984741211
2026-06-26 10:19:21,656.6859741210938,74.83499908447266,6.093999862670898
2026-06-26 10:24:23,676.75,75.90699768066406,6.369999885559082
2026-06-26 10:29:25,679.6480102539062,76.15799713134766,6.418000221252441
2026-06-26 10:34:27,712.5869750976562,76.16600036621094,6.730000019073486
2026-06-26 10:39:29,724.8259887695312,76.7509994506836,6.8979997634887695
2026-06-26 10:44:31,747.0349731445312,77.2300033569336,7.1539998054504395
2026-06-26 10:49:33,760.135009765625,78.01399993896484,7.353000164031982
2026-06-26 10:54:36,777.1220092773438,78.48400115966797,7.563000202178955
2026-06-26 10:59:38,785.3049926757812,79.36000061035156,7.728000164031982
2026-06-26 11:04:40,796.4099731445312,79.96800231933594,7.896999835968018
2026-06-26 11:09:42,813.3510131835938,80.49299621582031,8.118000030517578
2026-06-26 11:14:44,831.0709838867188,80.375,8.282999992370605
2026-06-26 11:19:46,847.5130004882812,80.0510025024414,8.413000106811523
2026-06-26 11:24:48,856.2899780273438,80.69200134277344,8.567999839782715
2026-06-26 11:29:50,866.7039794921875,81.34400177001953,8.741999626159668
2026-06-26 11:34:53,889.3619995117188,80.67900085449219,8.897000312805176
2026-06-26 11:39:55,892.9509887695312,81.46499633789062,9.020000457763672
2026-06-26 11:44:57,897.9840087890625,82.46399688720703,9.182000160217285
2026-06-26 11:49:59,909.3880004882812,82.46700286865234,9.298999786376953
2026-06-26 11:55:01,924.3729858398438,83.27899932861328,9.545999526977539
2026-06-26 12:00:03,935.7249755859375,84.05799865722656,9.753000259399414
2026-06-26 12:05:05,943.948974609375,85.01000213623047,9.949999809265137
2026-06-26 12:10:07,952.218994140625,85.77799987792969,10.128000259399414
2026-06-26 12:15:10,957.5009765625,86.9489974975586,10.324000358581543
2026-06-26 12:20:12,962.9140014648438,87.24299621582031,10.416999816894531
2026-06-26 12:25:14,968.2449951171875,88.46600341796875,10.621000289916992
2026-06-26 12:30:16,975.4219970703125,89.63400268554688,10.840999603271484
2026-06-26 12:35:18,979.4130249023438,91.1259994506836,11.067000389099121
2026-06-26 12:40:20,986.0980224609375,90.64299774169922,11.083999633789062
2026-06-26 12:45:22,986.8410034179688,91.3010025024414,11.17199993133545
2026-06-26 12:50:25,989.9949951171875,92.5510025024414,11.361000061035156
2026-06-26 12:55:27,990.8880004882812,93.2770004272461,11.461000442504883
2026-06-26 13:00:29,991.47900390625,93.56600189208984,11.503000259399414
2026-06-26 13:05:31,989.6909790039062,94.2770004272461,11.569999694824219
2026-06-26 13:10:33,993.35498046875,95.0459976196289,11.706999778747559
2026-06-26 13:15:35,995.448974609375,94.88899993896484,11.713000297546387
2026-06-26 13:20:37,995.833984375,95.05699920654297,11.73799991607666
2026-06-26 13:25:39,997.0780029296875,95.13700103759766,11.76200008392334
2026-06-26 13:30:41,995.114990234375,96.06199645996094,11.854000091552734
2026-06-26 13:53:13,953.0180053710938,17.908000946044922,2.115999937057495
2026-06-26 13:58:15,1018.5590209960938,84.96800231933594,10.732000350952148
2026-06-26 14:03:18,1005.3189697265625,87.26300048828125,10.878000259399414
2026-06-26 14:08:20,984.1669921875,88.84600067138672,10.842000007629395
2026-06-26 14:13:22,977.2020263671875,88.88300323486328,10.770000457763672
2026-06-26 14:18:24,974.822998046875,89.3280029296875,10.79800033569336
2026-06-26 14:23:26,969.280029296875,89.62999725341797,10.77299976348877
2026-06-26 14:28:28,963.3209838867188,90.09400177001953,10.76200008392334
2026-06-26 14:33:30,959.14697265625,90.19499969482422,10.72700023651123
2026-06-26 14:38:33,951.9149780273438,91.3499984741211,10.782999992370605
2026-06-26 14:43:35,928.791015625,92.09500122070312,10.607000350952148
2026-06-26 14:48:37,942.3300170898438,91.6240005493164,10.706000328063965
2026-06-26 14:53:39,933.6649780273438,92.4229965209961,10.699999809265137
2026-06-26 14:58:41,928.177001953125,92.56199645996094,10.652999877929688
2026-06-26 15:03:43,917.4819946289062,92.77200317382812,10.553999900817871
2026-06-26 15:08:45,910.2670288085938,92.89299774169922,10.484999656677246
2026-06-26 15:13:48,899.718994140625,92.80999755859375,10.354000091552734
2026-06-26 15:18:50,888.8070068359375,92.7020034790039,10.217000007629395
2026-06-26 15:23:52,878.405029296875,92.12000274658203,10.034000396728516
2026-06-26 15:28:54,863.0670166015625,91.48899841308594,9.791000366210938
2026-06-26 15:33:56,853.5819702148438,91.02799987792969,9.635000228881836
2026-06-26 15:38:58,836.0250244140625,90.76100158691406,9.409000396728516
2026-06-26 15:44:00,826.9970092773438,90.42500305175781,9.27299976348877
2026-06-26 15:49:02,817.8350219726562,89.21600341796875,9.04800033569336
2026-06-26 15:54:05,803.9660034179688,87.96499633789062,8.769000053405762
2026-06-26 15:59:07,785.8619995117188,88.45700073242188,8.619999885559082
2026-06-26 16:04:09,764.1430053710938,87.4010009765625,8.281999588012695
2026-06-26 16:09:11,767.1699829101562,86.93499755859375,8.270000457763672
2026-06-26 16:14:13,755.2369995117188,86.53600311279297,8.104000091552734
2026-06-26 16:19:15,738.135986328125,86.92500305175781,7.955999851226807
2026-06-26 16:24:17,704.8709716796875,86.46499633789062,7.557000160217285
2026-06-26 16:29:19,679.1909790039062,86.22699737548828,7.26200008392334
2026-06-26 16:34:22,681.0469970703125,85.93800354003906,7.256999969482422
2026-06-26 16:39:24,666.5369873046875,85.2979965209961,7.050000190734863
2026-06-26 16:44:26,657.4509887695312,84.48999786376953,6.888000011444092
2026-06-26 16:49:28,646.2420043945312,84.1240005493164,6.741000175476074
2026-06-26 16:54:30,629.9290161132812,83.31400299072266,6.507999897003174
2026-06-26 16:59:32,616.7169799804688,82.572998046875,6.315000057220459
2026-06-26 17:04:35,600.072998046875,81.43399810791016,6.059000015258789
2026-06-26 17:09:37,588.2239990234375,81.14800262451172,5.919000148773193
2026-06-26 17:14:39,579.2570190429688,80.24199676513672,5.763999938964844
2026-06-26 17:19:41,575.447021484375,79.41000366210938,5.665999889373779
2026-06-26 17:24:43,520.4730224609375,80.55999755859375,5.198999881744385
2026-06-26 17:29:45,410.09100341796875,81.16699981689453,4.126999855041504
2026-06-26 17:34:47,348.5299987792969,86.68099975585938,3.746000051498413
2026-06-26 17:39:50,302.5069885253906,84.2239990234375,3.1589999198913574
2026-06-26 17:44:52,249.4149932861328,86.15699768066406,2.6649999618530273
2026-06-26 17:49:54,211.8990020751953,89.3239974975586,2.3469998836517334
2026-06-26 17:54:56,187.43099975585938,90.84400177001953,2.1110000610351562
2026-06-26 17:59:58,150.13499450683594,103.93199920654297,1.934999942779541
2026-06-26 18:05:00,132.66900634765625,108.12300109863281,1.7790000438690186
2026-06-26 18:10:02,129.6179962158203,107.427001953125,1.7269999980926514
2026-06-26 18:15:05,127.8270034790039,102.69100189208984,1.628000020980835
2026-06-26 18:20:07,126.73699951171875,101.98300170898438,1.6030000448226929
2026-06-26 18:25:09,124.72000122070312,101.16100311279297,1.5640000104904175
2026-06-26 18:30:11,122.51899719238281,99.78900146484375,1.5160000324249268
2026-06-26 18:35:13,119.93000030517578,97.40699768066406,1.4490000009536743
2026-06-26 18:40:15,116.5770034790039,99.60900115966797,1.440000057220459
2026-06-26 18:45:17,112.71399688720703,99.98500061035156,1.3969999551773071
2026-06-26 18:50:20,108.9010009765625,99.0270004272461,1.3370000123977661
2026-06-26 18:55:22,104.6259994506836,97.68599700927734,1.2669999599456787
2026-06-26 19:00:24,100.71299743652344,99.40699768066406,1.2410000562667847
2026-06-26 19:05:26,96.97599792480469,99.00800323486328,1.190999984741211
2026-06-26 19:10:28,92.83399963378906,97.90599822998047,1.1269999742507935
2026-06-26 19:15:30,88.25599670410156,98.6500015258789,1.0800000429153442
2026-06-26 19:20:32,82.99800109863281,95.1729965209961,0.9789999723434448
2026-06-26 19:25:34,78.2490005493164,97.90499877929688,0.949999988079071
2026-06-26 19:30:37,74.5979995727539,97.22599792480469,0.8989999890327454
2026-06-26 19:35:39,71.08499908447266,98.0770034790039,0.8650000095367432
2026-06-26 19:40:41,68.5009994506836,100.8499984741211,0.8569999933242798
2026-06-26 19:45:43,67.8740005493164,96.91999816894531,0.8159999847412109
2026-06-26 19:50:45,66.48100280761719,92.36900329589844,0.7609999775886536
2026-06-26 19:55:47,64.03399658203125,99.14700317382812,0.7870000004768372
2026-06-26 20:00:49,59.54100036621094,97.00199890136719,0.7160000205039978
2026-06-26 20:05:52,54.54199981689453,99.88500213623047,0.6759999990463257
2026-06-26 20:10:54,51.224998474121094,95.35099792480469,0.6060000061988831
2026-06-26 20:15:56,48.60100173950195,98.12000274658203,0.5910000205039978
2026-06-26 20:20:58,44.82600021362305,97.56999969482422,0.5419999957084656
2026-06-26 20:26:00,39.2400016784668,100.24400329589844,0.4880000054836273
2026-06-26 20:31:02,33.805999755859375,100.6989974975586,0.421999990940094
2026-06-26 20:36:04,29.041000366210938,103.04000091552734,0.3709999918937683
2026-06-26 20:41:07,25.56800079345703,104.8270034790039,0.3319999873638153
2026-06-26 20:46:09,22.17099952697754,100.8030014038086,0.2770000100135803
2026-06-26 20:51:11,18.458999633789062,110.76799774169922,0.2540000081062317
2026-06-26 20:56:13,14.967000007629395,115.93699645996094,0.2150000035762787
2026-06-26 21:01:15,12.210000038146973,107.6510009765625,0.16300000250339508
2026-06-26 21:06:17,9.208999633789062,136.63800048828125,0.15600000321865082
2026-06-26 21:11:19,6.408999919891357,152.2570037841797,0.12099999934434891
2026-06-26 21:16:21,4.513999938964844,40.97200012207031,0.023000000044703484
2026-06-26 21:21:24,2.9830000400543213,0.26600000262260437,0.0
2026-06-26 21:26:26,1.4210000038146973,0.40299999713897705,0.0
2026-06-26 21:31:28,0.4429999887943268,0.19900000095367432,0.0
2026-06-27 05:42:26,0.4429999887943268,0.19900000095367432,0.0
2026-06-27 05:47:28,4.132999897003174,0.24799999594688416,0.0
2026-06-27 05:52:30,6.422999858856201,37.55699920654297,0.029999999329447746
2026-06-27 05:57:32,8.776000022888184,79.19100189208984,0.0860000029206276
2026-06-27 06:02:34,10.809000015258789,64.9530029296875,0.08699999749660492
2026-06-27 06:07:36,13.27299976348877,84.4800033569336,0.13899999856948853
2026-06-27 06:12:38,15.743000030517578,74.29900360107422,0.14499999582767487
2026-06-27 06:17:40,18.399999618530273,77.2300033569336,0.17599999904632568
2026-06-27 06:22:43,21.32200050354004,80.94300079345703,0.21400000154972076
2026-06-27 06:27:45,24.731000900268555,79.56600189208984,0.24400000274181366
2026-06-27 06:32:47,28.201000213623047,77.67400360107422,0.2720000147819519
2026-06-27 06:37:49,31.125999450683594,77.27999877929688,0.2980000078678131
2026-06-27 06:42:51,33.970001220703125,78.55699920654297,0.3310000002384186
2026-06-27 06:47:53,36.89500045776367,81.5270004272461,0.37299999594688416
2026-06-27 06:52:55,39.77799987792969,78.7509994506836,0.3880000114440918
2026-06-27 06:57:58,42.37799835205078,84.51799774169922,0.4440000057220459
2026-06-27 07:03:00,44.6510009765625,79.35900115966797,0.4390000104904175
2026-06-27 07:08:02,47.20899963378906,82.90299987792969,0.48500001430511475
2026-06-27 07:13:04,49.375999450683594,82.76000213623047,0.5070000290870667
2026-06-27 07:18:06,51.986000061035156,81.98999786376953,0.5289999842643738
2026-06-27 07:23:08,54.426998138427734,82.15499877929688,0.5540000200271606
2026-06-27 07:28:10,56.79399871826172,81.9469985961914,0.5770000219345093
2026-06-27 07:33:12,59.013999938964844,84.15699768066406,0.6159999966621399
2026-06-27 07:38:15,61.27399826049805,81.34700012207031,0.6179999709129333
2026-06-27 07:43:17,63.994998931884766,84.3740005493164,0.6700000166893005
2026-06-27 07:48:19,66.30899810791016,86.58300018310547,0.7120000123977661
2026-06-27 07:53:21,69.3010025024414,81.31800079345703,0.6990000009536743
2026-06-27 07:58:23,200.90499877929688,30.65999984741211,0.7639999985694885
2026-06-27 08:03:25,220.05599975585938,28.433000564575195,0.7760000228881836
2026-06-27 08:08:27,236.1300048828125,35.81999969482422,1.0490000247955322
2026-06-27 08:13:29,253.22300720214844,57.18000030517578,1.7949999570846558
2026-06-27 08:18:32,270.4549865722656,58.85499954223633,1.9739999771118164
2026-06-27 08:23:34,287.2720031738281,58.965999603271484,2.0999999046325684
2026-06-27 08:28:36,303.50299072265625,58.981998443603516,2.2200000286102295
2026-06-27 08:33:38,319.08599853515625,60.715999603271484,2.4019999504089355
2026-06-27 08:38:40,337.8739929199219,62.369998931884766,2.61299991607666
2026-06-27 08:43:42,356.0589904785156,63.31100082397461,2.7950000762939453
2026-06-27 08:48:44,373.25799560546875,63.29800033569336,2.930000066757202
2026-06-27 08:53:46,391.4620056152344,65.11000061035156,3.1610000133514404
2026-06-27 08:58:49,409.27301025390625,65.83599853515625,3.3410000801086426
2026-06-27 09:03:51,426.1730041503906,66.26000213623047,3.502000093460083
2026-06-27 09:08:53,442.6809997558594,67.40299987792969,3.700000047683716
2026-06-27 09:13:55,459.8789978027344,68.36599731445312,3.8989999294281006
2026-06-27 09:18:57,476.2879943847656,71.39299774169922,4.216000080108643
2026-06-27 09:23:59,493.64300537109375,70.08200073242188,4.289999961853027
2026-06-27 09:29:01,513.5120239257812,69.74800109863281,4.440999984741211
2026-06-27 09:34:03,530.4229736328125,70.54299926757812,4.639999866485596
2026-06-27 09:39:06,546.3660278320312,71.06500244140625,4.815000057220459
2026-06-27 09:44:08,561.3369750976562,72.1240005493164,5.019999980926514
2026-06-27 09:49:10,576.155029296875,72.72200012207031,5.196000099182129
2026-06-27 09:54:12,595.1209716796875,73.06900024414062,5.392000198364258
2026-06-27 09:59:14,612.7620239257812,73.52999877929688,5.586999893188477
2026-06-27 10:04:16,630.3629760742188,74.35199737548828,5.811999797821045
2026-06-27 10:09:18,646.551025390625,75.22899627685547,6.031000137329102
2026-06-27 10:14:20,665.3170166015625,75.60900115966797,6.23799991607666
2026-06-27 10:19:23,679.541015625,76.27400207519531,6.427000045776367
2026-06-27 10:24:25,694.4819946289062,76.56700134277344,6.593999862670898
2026-06-27 10:29:27,709.6170043945312,77.60099792480469,6.828000068664551
2026-06-27 10:34:29,723.0430297851562,77.48500061035156,6.947000026702881
2026-06-27 10:39:31,736.77197265625,77.59100341796875,7.089000225067139
2026-06-27 10:44:33,752.094970703125,77.52999877929688,7.230000019073486
2026-06-27 10:49:35,766.6829833984375,78.17500305175781,7.432000160217285
2026-06-27 10:54:37,779.6909790039062,78.69999694824219,7.609000205993652
2026-06-27 10:59:40,793.0809936523438,79.43000030517578,7.810999870300293
2026-06-27 11:04:42,807.5889892578125,79.91300201416016,8.003000259399414
2026-06-27 11:09:44,821.6290283203125,80.46199798583984,8.197999954223633
2026-06-27 11:14:46,837.2869873046875,80.50599670410156,8.357999801635742
2026-06-27 11:19:48,849.583984375,80.62899780273438,8.494000434875488
2026-06-27 11:24:50,862.60302734375,81.63400268554688,8.732000350952148
2026-06-27 11:29:52,873.510986328125,82.18099975585938,8.901000022888184
2026-06-27 11:34:54,883.9249877929688,83.19200134277344,9.118000030517578
2026-06-27 11:39:57,893.1309814453125,84.20600128173828,9.326000213623047
2026-06-27 11:44:59,903.9019775390625,84.20099639892578,9.437999725341797
2026-06-27 11:50:01,912.8389892578125,85.45700073242188,9.67300033569336
2026-06-27 11:55:03,920.7449951171875,86.31800079345703,9.854999542236328
2026-06-27 12:00:05,932.9530029296875,86.64900207519531,10.02400016784668
2026-06-27 12:05:07,939.177978515625,86.69999694824219,10.097000122070312
2026-06-27 12:10:09,947.0239868164062,87.51000213623047,10.276000022888184
2026-06-27 12:15:11,953.989990234375,87.91000366210938,10.39900016784668
2026-06-27 12:20:14,959.1430053710938,88.75499725341797,10.555999755859375
2026-06-27 12:25:16,964.0889892578125,89.35199737548828,10.682000160217285
2026-06-27 12:30:18,968.72802734375,89.71700286865234,10.777000427246094
2026-06-27 12:35:20,973.822021484375,91.33399963378906,11.029000282287598
2026-06-27 12:40:22,975.8460083007812,91.34600067138672,11.053000450134277
2026-06-27 12:45:24,979.8900146484375,92.37000274658203,11.223999977111816
2026-06-27 12:50:26,986.3610229492188,93.91000366210938,11.486000061035156
2026-06-27 12:55:28,989.1019897460938,94.36399841308594,11.574000358581543
2026-06-27 13:00:31,988.8070068359375,93.69400024414062,11.48799991607666
2026-06-27 13:05:33,988.2899780273438,94.76399993896484,11.61299991607666
2026-06-27 13:10:35,991.8259887695312,94.97000122070312,11.680000305175781
2026-06-27 13:15:37,995.3380126953125,95.56099700927734,11.793999671936035
2026-06-27 13:20:39,994.1309814453125,95.21800231933594,11.73799991607666
2026-06-27 13:25:41,990.719970703125,95.43499755859375,11.723999977111816
2026-06-27 13:30:43,991.989013671875,95.72000122070312,11.77400016784668
2026-06-27 13:53:16,985.9019775390625,18.43000030517578,2.253000020980835
2026-06-27 13:58:18,981.697998046875,84.51499938964844,10.288000106811523
2026-06-27 14:03:20,980.4089965820312,87.27100372314453,10.609999656677246
2026-06-27 14:08:22,976.6530151367188,89.54499816894531,10.843999862670898
2026-06-27 14:13:24,970.0479736328125,90.6709976196289,10.906000137329102
2026-06-27 14:18:27,966.8729858398438,91.19300079345703,10.932999610900879
2026-06-27 14:23:29,960.2750244140625,92.02300262451172,10.958000183105469
2026-06-27 14:28:31,956.0250244140625,92.67400360107422,10.986000061035156
2026-06-27 14:33:33,949.7789916992188,93.47799682617188,11.008999824523926
2026-06-27 14:38:35,945.0130004882812,93.4749984741211,10.954000473022461
2026-06-27 14:43:37,936.885986328125,94.11000061035156,10.932999610900879
2026-06-27 14:48:39,929.2550048828125,94.7300033569336,10.916000366210938
2026-06-27 14:53:41,926.10498046875,94.75700378417969,10.881999969482422
2026-06-27 14:58:43,915.2969970703125,95.05799865722656,10.788999557495117
2026-06-27 15:03:46,905.114990234375,95.2979965209961,10.696000099182129
2026-06-27 15:08:48,900.2860107421875,94.6259994506836,10.564000129699707
2026-06-27 15:13:50,889.4719848632812,94.06999969482422,10.375
2026-06-27 15:18:52,882.7860107421875,93.41100311279297,10.225000381469727
2026-06-27 15:23:54,874.281005859375,92.82599639892578,10.062999725341797
2026-06-27 15:28:56,859.6909790039062,92.76399993896484,9.888999938964844
2026-06-27 15:33:58,851.9180297851562,92.42500305175781,9.763999938964844
2026-06-27 15:39:01,837.4290161132812,92.22000122070312,9.576000213623047
2026-06-27 15:44:03,824.7969970703125,91.44000244140625,9.35200023651123
2026-06-27 15:49:05,811.5130004882812,91.24299621582031,9.182000160217285
2026-06-27 15:54:07,795.7739868164062,90.94999694824219,8.975000381469727
2026-06-27 15:59:09,782.1680297851562,90.23699951171875,8.751999855041504
2026-06-27 16:04:11,776.4979858398438,89.13600158691406,8.583000183105469
2026-06-27 16:09:13,758.0650024414062,89.25599670410156,8.390000343322754
2026-06-27 16:14:15,742.7059936523438,88.81099700927734,8.178999900817871
2026-06-27 16:19:18,733.2230224609375,89.21099853515625,8.111000061035156
2026-06-27 16:24:20,720.0070190429688,87.88899993896484,7.8470001220703125
2026-06-27 16:29:22,705.9089965820312,87.21399688720703,7.633999824523926
2026-06-27 16:34:24,686.906982421875,87.15399932861328,7.422999858856201
2026-06-27 16:39:26,673.7990112304688,86.75800323486328,7.249000072479248
2026-06-27 16:44:28,655.166015625,85.66600036621094,6.960000038146973
2026-06-27 16:49:30,639.8660278320312,84.8010025024414,6.728000164031982
2026-06-27 16:54:33,621.8099975585938,84.1989974975586,6.492000102996826
2026-06-27 16:59:35,607.4400024414062,83.70600128173828,6.304999828338623
2026-06-27 17:04:37,578.6669921875,82.27899932861328,5.9039998054504395
2026-06-27 17:09:39,561.56298828125,81.4260025024414,5.670000076293945
2026-06-27 17:14:41,539.31298828125,80.98400115966797,5.415999889373779
2026-06-27 17:19:43,524.5670166015625,78.66500091552734,5.117000102996826
2026-06-27 17:24:45,506.1650085449219,78.89700317382812,4.952000141143799
2026-06-27 17:29:48,486.9859924316406,78.45700073242188,4.73799991607666
2026-06-27 17:34:50,474.1820068359375,76.83599853515625,4.51800012588501
2026-06-27 17:39:52,456.875,76.33499908447266,4.324999809265137
2026-06-27 17:44:54,438.7170104980469,75.11699676513672,4.085999965667725
2026-06-27 17:49:56,417.87701416015625,74.60399627685547,3.865999937057495
2026-06-27 17:54:58,402.1440124511719,73.05799865722656,3.6429998874664307
2026-06-27 18:00:00,263.0260009765625,104.572998046875,3.4110000133514404
2026-06-27 18:05:02,81.25599670410156,313.17401123046875,3.1549999713897705
2026-06-27 18:10:04,77.53800201416016,288.52398681640625,2.7739999294281006
2026-06-27 18:15:07,76.87799835205078,296.239990234375,2.8239998817443848
2026-06-27 18:20:09,75.6729965209961,272.75799560546875,2.559000015258789
2026-06-27 18:25:11,72.85700225830078,113.91200256347656,1.0290000438690186
2026-06-27 18:30:13,70.24800109863281,109.8219985961914,0.9570000171661377
2026-06-27 18:35:15,68.94599914550781,108.77999877929688,0.9300000071525574
2026-06-27 18:40:17,61.13100051879883,111.8219985961914,0.8479999899864197
2026-06-27 18:45:19,62.08000183105469,107.96700286865234,0.8309999704360962
2026-06-27 18:50:22,65.18599700927734,106.83899688720703,0.8640000224113464
2026-06-27 18:55:24,65.30599975585938,102.52100372314453,0.8299999833106995
2026-06-27 19:00:26,62.8849983215332,106.49400329589844,0.8299999833106995
2026-06-27 19:05:28,63.28900146484375,103.83300018310547,0.8149999976158142
2026-06-27 19:10:30,63.50600051879883,106.66300201416016,0.8399999737739563
2026-06-27 19:15:32,62.52299880981445,102.77300262451172,0.796999990940094
2026-06-27 19:20:34,61.00600051879883,104.59400177001953,0.7910000085830688
2026-06-27 19:25:36,58.11899948120117,105.11499786376953,0.7580000162124634
2026-06-27 19:30:39,54.185001373291016,105.06099700927734,0.7059999704360962
2026-06-27 19:35:41,50.57400131225586,105.83300018310547,0.6639999747276306
2026-06-27 19:40:43,47.941001892089844,106.36100006103516,0.6320000290870667
2026-06-27 19:45:45,46.944000244140625,103.74099731445312,0.6039999723434448
2026-06-27 19:50:47,46.63999938964844,105.01300048828125,0.6069999933242798
2026-06-27 19:55:49,45.1609992980957,102.33999633789062,0.5730000138282776
2026-06-27 20:00:51,44.10300064086914,101.5530014038086,0.5550000071525574
2026-06-27 20:05:54,42.5620002746582,106.58000183105469,0.5619999766349792
2026-06-27 20:10:56,40.249000549316406,106.58699798583984,0.5320000052452087
2026-06-27 20:15:58,38.066001892089844,101.7239990234375,0.47999998927116394
2026-06-27 20:21:00,35.84299850463867,104.31400299072266,0.46399998664855957
2026-06-27 20:26:02,30.757999420166016,106.66899871826172,0.40700000524520874
2026-06-27 20:31:04,28.19700050354004,115.23899841308594,0.40299999713897705
2026-06-27 20:36:06,26.18600082397461,109.13700103759766,0.3540000021457672
2026-06-27 20:41:09,23.915000915527344,104.86199951171875,0.3109999895095825
2026-06-27 20:46:11,21.677000045776367,117.62699890136719,0.3160000145435333
2026-06-27 20:51:13,19.645999908447266,106.05699920654297,0.257999986410141
2026-06-27 20:56:15,17.43400001525879,118.197998046875,0.25600001215934753
2026-06-27 21:01:17,15.28499984741211,111.37000274658203,0.210999995470047
2026-06-27 21:06:19,13.071999549865723,117.50800323486328,0.1899999976158142
2026-06-27 21:11:21,10.847999572753906,116.46900177001953,0.15700000524520874
2026-06-27 21:16:24,8.217000007629395,105.94999694824219,0.1080000028014183
2026-06-27 21:21:26,4.40500020980835,38.28200149536133,0.020999999716877937
2026-06-27 21:26:28,2.4820001125335693,0.34200000762939453,0.0
2026-06-27 21:31:30,0.5139999985694885,0.2240000069141388,0.0
2026-06-28 05:43:25,0.5139999985694885,0.2240000069141388,0.0
2026-06-28 05:48:27,4.335999965667725,0.20900000631809235,0.0
2026-06-28 05:53:29,6.2129998207092285,39.297000885009766,0.029999999329447746
2026-06-28 05:58:31,8.29800033569336,91.9020004272461,0.0949999988079071
2026-06-28 06:03:33,10.28600025177002,79.99400329589844,0.10199999809265137
2026-06-28 06:08:35,12.434000015258789,82.19599914550781,0.12700000405311584
2026-06-28 06:13:37,14.850000381469727,71.04000091552734,0.13099999725818634
2026-06-28 06:18:39,18.215999603271484,76.38400268554688,0.17299999296665192
2026-06-28 06:23:42,21.82900047302246,78.45099639892578,0.21199999749660492
2026-06-28 06:28:44,25.43000030517578,80.34100341796875,0.2529999911785126
2026-06-28 06:33:46,27.864999771118164,73.83300018310547,0.2549999952316284
2026-06-28 06:38:48,31.097000122070312,74.57599639892578,0.2879999876022339
2026-06-28 06:43:50,33.198001861572266,75.30899810791016,0.3100000023841858
2026-06-28 06:48:52,36.79800033569336,75.1510009765625,0.34299999475479126
2026-06-28 06:53:54,39.27000045776367,71.66799926757812,0.3490000069141388
2026-06-28 06:58:57,41.0260009765625,74.19000244140625,0.37700000405311584
2026-06-28 07:03:59,42.58300018310547,74.75599670410156,0.39500001072883606
2026-06-28 07:09:01,44.196998596191406,76.11900329589844,0.4169999957084656
2026-06-28 07:14:03,46.50299835205078,78.60800170898438,0.453000009059906
2026-06-28 07:19:05,48.72100067138672,81.69000244140625,0.49399998784065247
2026-06-28 07:24:07,51.78499984741211,78.96199798583984,0.5070000290870667
2026-06-28 07:29:09,55.73500061035156,76.9540023803711,0.5320000052452087
2026-06-28 07:34:11,59.00600051879883,75.57599639892578,0.5529999732971191
2026-06-28 07:39:14,62.303001403808594,76.63700103759766,0.5920000076293945
2026-06-28 07:44:16,65.48999786376953,79.0770034790039,0.6420000195503235
2026-06-28 07:49:18,68.35199737548828,76.61799621582031,0.6489999890327454
2026-06-28 07:54:20,71.11799621582031,77.81199645996094,0.6859999895095825
2026-06-28 07:59:22,206.25599670410156,28.006999969482422,0.7160000205039978
2026-06-28 08:04:24,228.8990020751953,25.8439998626709,0.734000027179718
2026-06-28 08:09:26,243.9949951171875,44.59700012207031,1.3489999771118164
2026-06-28 08:14:28,263.14300537109375,54.72800064086914,1.7860000133514404
2026-06-28 08:19:31,286.3429870605469,56.19900131225586,1.9950000047683716
2026-06-28 08:24:33,301.5889892578125,56.73899841308594,2.121999979019165
2026-06-28 08:29:35,319.177001953125,57.321998596191406,2.2690000534057617
2026-06-28 08:34:37,334.16900634765625,58.9640007019043,2.443000078201294
2026-06-28 08:39:39,352.84100341796875,60.27199935913086,2.63700008392334
2026-06-28 08:44:41,370.3699951171875,60.64699935913086,2.7850000858306885
2026-06-28 08:49:43,390.2820129394531,62.040000915527344,3.002000093460083
2026-06-28 08:54:45,407.3739929199219,63.09199905395508,3.187000036239624
2026-06-28 08:59:48,427.5270080566406,64.14099884033203,3.4000000953674316
2026-06-28 09:04:50,447.32598876953125,65.43000030517578,3.628999948501587
2026-06-28 09:09:52,462.3340148925781,65.77999877929688,3.7709999084472656
2026-06-28 09:14:54,479.135986328125,66.78099822998047,3.9679999351501465
2026-06-28 09:19:56,498.75,68.77400207519531,4.252999782562256
2026-06-28 09:24:58,515.2210083007812,67.81800079345703,4.333000183105469
2026-06-28 09:30:00,532.7379760742188,68.16400146484375,4.502999782562256
2026-06-28 09:35:03,551.5789794921875,69.1969985961914,4.732999801635742
2026-06-28 09:40:05,571.2490234375,69.91500091552734,4.952000141143799
2026-06-28 09:45:07,588.6400146484375,70.47699737548828,5.144000053405762
2026-06-28 09:50:09,604.073974609375,71.56099700927734,5.360000133514404
2026-06-28 09:55:11,618.302001953125,72.16200256347656,5.5329999923706055
2026-06-28 10:00:13,635.6820068359375,72.74600219726562,5.734000205993652
2026-06-28 10:05:15,654.4290161132812,73.73999786376953,5.984000205993652
2026-06-28 10:10:18,671.9669799804688,73.96800231933594,6.163000106811523
2026-06-28 10:15:20,688.198974609375,74.20099639892578,6.331999778747559
2026-06-28 10:20:22,698.6849975585938,74.43399810791016,6.448999881744385
2026-06-28 10:25:24,718.3270263671875,73.8479995727539,6.578000068664551
2026-06-28 10:30:26,735.3330078125,74.68399810791016,6.809999942779541
2026-06-28 10:35:28,753.3499755859375,75.29199981689453,7.0329999923706055
2026-06-28 10:40:30,771.0399780273438,75.91899871826172,7.258999824523926
2026-06-28 10:45:32,784.0349731445312,76.87699890136719,7.473999977111816
2026-06-28 10:50:34,799.2659912109375,77.09500122070312,7.640999794006348
2026-06-28 10:55:37,816.8369750976562,78.1760025024414,7.918000221252441
2026-06-28 11:00:39,825.5980224609375,78.71399688720703,8.057999610900879
2026-06-28 11:05:41,837.864990234375,79.01200103759766,8.208999633789062
2026-06-28 11:10:43,852.3569946289062,79.08899688720703,8.359000205993652
2026-06-28 11:15:45,859.9219970703125,79.5989990234375,8.48799991607666
2026-06-28 11:20:47,875.447998046875,80.40299987792969,8.727999687194824
2026-06-28 11:25:49,884.5919799804688,81.09100341796875,8.895000457763672
2026-06-28 11:30:52,908.1069946289062,81.14700317382812,9.137999534606934
2026-06-28 11:35:54,972.447021484375,80.56500244140625,9.71500015258789
2026-06-28 11:40:56,352.9739990234375,92.40699768066406,4.045000076293945
2026-06-28 11:45:58,385.3030090332031,92.86000061035156,4.436999797821045
2026-06-28 11:51:00,547.4000244140625,94.9749984741211,6.447000026702881
2026-06-28 11:56:02,822.3270263671875,72.47799682617188,7.389999866485596
2026-06-28 12:01:04,419.6180114746094,106.68000030517578,5.551000118255615
2026-06-28 12:06:07,384.1300048828125,92.82099914550781,4.421000003814697
2026-06-28 12:11:09,409.3070068359375,93.51799774169922,4.745999813079834
2026-06-28 12:16:11,299.25,93.68499755859375,3.4760000705718994
2026-06-28 12:21:13,1074.5240478515625,84.95099639892578,11.319000244140625
2026-06-28 12:26:15,1056.3179931640625,85.0459976196289,11.140000343322754
2026-06-28 12:31:17,1052.0140380859375,86.4530029296875,11.277999877929688
2026-06-28 12:36:19,1048.5849609375,86.83699798583984,11.291000366210938
2026-06-28 12:41:21,1038.97802734375,87.76599884033203,11.307000160217285
2026-06-28 12:46:23,1014.6300048828125,89.35299682617188,11.241999626159668
2026-06-28 12:51:26,1019.447998046875,91.07499694824219,11.512999534606934
2026-06-28 12:56:28,1025.39404296875,91.78299713134766,11.670000076293945
2026-06-28 13:01:30,1015.0239868164062,91.98400115966797,11.57699966430664
2026-06-28 13:06:32,1008.6710205078125,92.572998046875,11.579000473022461
2026-06-28 13:11:34,1009.8189697265625,93.20099639892578,11.670000076293945
2026-06-28 13:16:36,1007.8079833984375,93.39399719238281,11.670999526977539
2026-06-28 13:21:38,1010.6699829101562,94.35800170898438,11.824999809265137
2026-06-28 13:26:40,1004.2930297851562,94.45099639892578,11.76200008392334
2026-06-28 13:49:15,999.7459716796875,18.459999084472656,2.2880001068115234
2026-06-28 13:54:17,985.666015625,84.21900177001953,10.293000221252441
2026-06-28 13:59:19,990.1119995117188,86.08200073242188,10.569000244140625
2026-06-28 14:04:21,986.114013671875,87.43599700927734,10.692000389099121
2026-06-28 14:09:23,979.7230224609375,89.38899993896484,10.859000205993652
2026-06-28 14:14:25,979.218017578125,89.85800170898438,10.91100025177002
2026-06-28 14:19:27,980.2050170898438,90.72799682617188,11.027999877929688
2026-06-28 14:24:30,974.6539916992188,90.72100067138672,10.96399974822998
2026-06-28 14:29:32,966.1090087890625,92.24700164794922,11.050999641418457
2026-06-28 14:34:34,962.041015625,92.7770004272461,11.067999839782715
2026-06-28 14:39:36,953.6339721679688,93.21800231933594,11.02299976348877
2026-06-28 14:44:38,955.927001953125,93.06900024414062,11.031999588012695
2026-06-28 14:49:40,947.5180053710938,94.02400207519531,11.04699993133545
2026-06-28 14:54:42,936.1610107421875,94.61900329589844,10.984000205993652
2026-06-28 14:59:44,929.7139892578125,94.90299987792969,10.940999984741211
2026-06-28 15:04:46,920.552978515625,94.91200256347656,10.833999633789062
2026-06-28 15:09:49,907.135009765625,94.73600006103516,10.656000137329102
2026-06-28 15:14:51,900.3930053710938,94.2750015258789,10.526000022888184
2026-06-28 15:19:53,886.5139770507812,94.18900299072266,10.354000091552734
2026-06-28 15:24:55,876.47998046875,93.36699676513672,10.147000312805176
2026-06-28 15:29:57,872.35498046875,93.12000274658203,10.072999954223633
2026-06-28 15:34:59,863.4639892578125,92.01300048828125,9.85200023651123
2026-06-28 15:40:01,848.8289794921875,91.64600372314453,9.645999908447266
2026-06-28 15:45:03,833.9349975585938,91.63300323486328,9.47599983215332
2026-06-28 15:50:05,821.4819946289062,91.27100372314453,9.29699993133545
2026-06-28 15:55:08,805.97802734375,92.01399993896484,9.196000099182129
2026-06-28 16:00:10,795.1680297851562,90.93599700927734,8.965999603271484
2026-06-28 16:05:12,780.9760131835938,88.29399871826172,8.550000190734863
2026-06-28 16:10:14,765.3270263671875,88.6780014038086,8.416000366210938
2026-06-28 16:15:16,751.5280151367188,87.83399963378906,8.1850004196167
2026-06-28 16:20:18,743.4559936523438,88.10900115966797,8.123000144958496
2026-06-28 16:25:20,730.468994140625,87.44999694824219,7.921000003814697
2026-06-28 16:30:22,715.156982421875,87.45899963378906,7.75600004196167
2026-06-28 16:35:24,703.0399780273438,86.03099822998047,7.5
2026-06-28 16:40:26,693.385009765625,84.70099639892578,7.2829999923706055
2026-06-28 16:45:29,685.2570190429688,84.25399780273438,7.158999919891357
2026-06-28 16:50:31,679.5089721679688,83.40499877929688,7.0279998779296875
2026-06-28 16:55:33,667.6170043945312,82.51100158691406,6.830999851226807
2026-06-28 17:00:35,653.4949951171875,81.72200012207031,6.622000217437744
2026-06-28 17:05:37,644.97802734375,80.80000305175781,6.461999893188477
2026-06-28 17:10:39,638.9450073242188,80.35399627685547,6.366000175476074
2026-06-28 17:15:41,628.2239990234375,80.23200225830078,6.25
2026-06-28 17:20:43,610.0479736328125,79.43499755859375,6.008999824523926
2026-06-28 17:25:46,579.0830078125,79.36100006103516,5.698999881744385
2026-06-28 17:30:48,555.1890258789062,79.02300262451172,5.440000057220459
2026-06-28 17:35:50,533.0809936523438,78.56300354003906,5.192999839782715
2026-06-28 17:40:52,517.6320190429688,78.10900115966797,5.013999938964844
2026-06-28 17:45:54,469.3290100097656,78.77100372314453,4.584000110626221
2026-06-28 17:50:56,469.3940124511719,77.08999633789062,4.486999988555908
2026-06-28 17:55:58,439.135009765625,76.90499877929688,4.188000202178955
2026-06-28 18:01:00,150.0050048828125,105.86599731445312,1.968999981880188
2026-06-28 18:06:02,166.01800537109375,109.16600036621094,2.246999979019165
2026-06-28 18:11:05,161.74400329589844,113.39399719238281,2.2739999294281006
2026-06-28 18:16:07,146.70899963378906,101.00199890136719,1.8370000123977661
2026-06-28 18:21:09,150.43299865722656,102.39600372314453,1.909999966621399
2026-06-28 18:26:11,142.68600463867188,99.9489974975586,1.7680000066757202
2026-06-28 18:31:13,132.66400146484375,99.65699768066406,1.6390000581741333
2026-06-28 18:36:15,123.08000183105469,98.80599975585938,1.5080000162124634
2026-06-28 18:41:17,111.82599639892578,98.677001953125,1.3680000305175781
2026-06-28 18:46:20,95.0790023803711,100.39600372314453,1.184000015258789
2026-06-28 18:51:22,85.9749984741211,101.38700103759766,1.0809999704360962
2026-06-28 18:56:24,80.58100128173828,102.30000305175781,1.0219999551773071
2026-06-28 19:01:26,74.1259994506836,103.33200073242188,0.949999988079071
2026-06-28 19:06:28,66.87100219726562,103.33399963378906,0.8569999933242798
2026-06-28 19:11:30,62.74300003051758,104.83200073242188,0.8159999847412109
2026-06-28 19:16:32,53.327999114990234,104.98600006103516,0.6940000057220459
2026-06-28 19:21:34,52.73099899291992,105.1050033569336,0.6869999766349792
2026-06-28 19:26:36,52.89400100708008,103.33200073242188,0.6779999732971191
2026-06-28 19:31:39,51.02899932861328,101.572998046875,0.6430000066757202
2026-06-28 19:36:41,46.79800033569336,103.91799926757812,0.6029999852180481
2026-06-28 19:41:43,44.992000579833984,100.4990005493164,0.5609999895095825
2026-06-28 19:46:45,39.14699935913086,102.03900146484375,0.4950000047683716
2026-06-28 19:51:47,32.55799865722656,105.48799896240234,0.4259999990463257
2026-06-28 19:56:49,30.500999450683594,106.77799987792969,0.40400001406669617
2026-06-28 20:01:51,29.367000579833984,104.68499755859375,0.38100001215934753
2026-06-28 20:06:53,27.85099983215332,109.6520004272461,0.3790000081062317
2026-06-28 20:11:55,27.63800048828125,107.68599700927734,0.36899998784065247
2026-06-28 20:16:58,26.94300079345703,105.28900146484375,0.35199999809265137
2026-06-28 20:22:00,25.347000122070312,110.08399963378906,0.34599998593330383
2026-06-28 20:27:02,23.354999542236328,105.68699645996094,0.3059999942779541
2026-06-28 20:32:04,20.250999450683594,114.26699829101562,0.28700000047683716
2026-06-28 20:37:06,18.22100067138672,103.78099822998047,0.23399999737739563
2026-06-28 20:42:08,18.3700008392334,113.5009994506836,0.2590000033378601
2026-06-28 20:47:10,18.868999481201172,109.9260025024414,0.25699999928474426
2026-06-28 20:52:13,18.844999313354492,106.29900360107422,0.24799999594688416
2026-06-28 20:57:15,18.80699920654297,93.99299621582031,0.21899999678134918
2026-06-28 21:02:17,16.893999099731445,99.11000061035156,0.20800000429153442
2026-06-28 21:07:19,14.017999649047852,101.97599792480469,0.1770000010728836
2026-06-28 21:12:21,10.029000282287598,114.68099975585938,0.14300000667572021
2026-06-28 21:17:23,6.089000225067139,69.75700378417969,0.05299999937415123
2026-06-28 21:22:25,3.569000005722046,0.20100000500679016,0.0
2026-06-28 21:27:28,0.9049999713897705,0.3529999852180481,0.0
2026-06-29 05:49:23,0.9049999713897705,0.3529999852180481,0.0
2026-06-29 05:54:25,1.593000054359436,0.17599999904632568,0.0
2026-06-29 05:59:27,4.65500020980835,0.1889999955892563,0.0
2026-06-29 06:04:29,6.8979997634887695,32.20899963378906,0.02800000086426735
2026-06-29 06:09:31,8.376999855041504,75.33899688720703,0.07800000160932541
2026-06-29 06:14:33,11.803000450134277,70.96399688720703,0.10400000214576721
2026-06-29 06:19:35,12.72700023651123,71.1969985961914,0.1120000034570694
2026-06-29 06:24:38,15.201000213623047,79.88899993896484,0.1509999930858612
2026-06-29 06:29:40,19.4060001373291,76.28700256347656,0.18400000035762787
2026-06-29 06:34:42,22.948999404907227,77.8550033569336,0.22200000286102295
2026-06-29 06:39:44,30.673999786376953,73.26699829101562,0.27900001406669617
2026-06-29 06:44:46,30.788999557495117,75.23899841308594,0.28700000047683716
2026-06-29 06:49:48,36.10499954223633,73.38999938964844,0.32899999618530273
2026-06-29 06:54:50,44.76599884033203,72.68800354003906,0.40299999713897705
2026-06-29 06:59:52,59.0260009765625,75.96099853515625,0.5559999942779541
2026-06-29 07:04:55,72.53299713134766,75.21499633789062,0.6759999990463257
2026-06-29 07:09:57,86.7030029296875,73.69000244140625,0.7919999957084656
2026-06-29 07:14:59,86.02100372314453,75.42500305175781,0.8050000071525574
2026-06-29 07:20:01,85.65499877929688,74.29199981689453,0.7889999747276306
2026-06-29 07:25:03,76.39700317382812,72.072998046875,0.6830000281333923
2026-06-29 07:30:05,59.43899917602539,73.64399719238281,0.5429999828338623
2026-06-29 07:35:07,54.042999267578125,76.90399932861328,0.5149999856948853
2026-06-29 07:40:09,56.09299850463867,79.875,0.5559999942779541
2026-06-29 07:45:11,69.0459976196289,78.0719985961914,0.6679999828338623
2026-06-29 07:50:14,85.94999694824219,76.44599914550781,0.8149999976158142
2026-06-29 07:55:16,99.5199966430664,72.26499938964844,0.8920000195503235
2026-06-29 08:00:18,218.69900512695312,32.893001556396484,0.8920000195503235
2026-06-29 08:05:20,99.18599700927734,67.91000366210938,0.8349999785423279
2026-06-29 08:10:22,121.0719985961914,57.86000061035156,0.8690000176429749
2026-06-29 08:15:24,93.71199798583984,80.70800018310547,0.9380000233650208
2026-06-29 08:20:26,196.88699340820312,59.90299987792969,1.4620000123977661
2026-06-29 08:25:29,268.010986328125,59.7760009765625,1.9869999885559082
2026-06-29 08:30:31,324.02099609375,59.14500045776367,2.375999927520752
2026-06-29 08:35:33,347.8659973144531,60.31999969482422,2.6019999980926514
2026-06-29 08:40:35,364.7120056152344,62.082000732421875,2.808000087738037
2026-06-29 08:45:37,358.5690002441406,62.96500015258789,2.799999952316284
2026-06-29 08:50:39,358.468994140625,63.45899963378906,2.821000099182129
2026-06-29 08:55:41,402.11199951171875,64.79100036621094,3.2309999465942383
2026-06-29 09:00:43,404.02099609375,66.85299682617188,3.3489999771118164
2026-06-29 09:05:46,408.02099609375,69.9749984741211,3.5399999618530273
2026-06-29 09:10:48,471.6090087890625,67.4010009765625,3.941999912261963
2026-06-29 09:15:50,509.90899658203125,68.02899932861328,4.301000118255615
2026-06-29 09:20:52,499.2569885253906,74.02799987792969,4.583000183105469
2026-06-29 09:25:54,516.5540161132812,69.78800201416016,4.46999979019165
2026-06-29 09:30:56,543.5700073242188,69.67500305175781,4.696000099182129
2026-06-29 09:35:58,565.823974609375,70.76599884033203,4.965000152587891
2026-06-29 09:41:01,589.5469970703125,72.13400268554688,5.2729997634887695
2026-06-29 09:46:03,570.9290161132812,73.41500091552734,5.197000026702881
2026-06-29 09:51:05,609.3930053710938,73.28099822998047,5.5370001792907715
2026-06-29 09:56:07,640.5260009765625,73.93599700927734,5.872000217437744
2026-06-29 10:01:09,655.8930053710938,74.375,6.048999786376953
2026-06-29 10:06:11,675.3049926757812,75.49600219726562,6.322000026702881
2026-06-29 10:11:13,684.3200073242188,75.3030014038086,6.389999866485596
2026-06-29 10:16:16,683.302978515625,76.2969970703125,6.465000152587891
2026-06-29 10:21:18,641.2849731445312,80.93800354003906,6.435999870300293
2026-06-29 10:26:20,690.0369873046875,76.62999725341797,6.557000160217285
2026-06-29 10:31:22,726.8300170898438,77.51100158691406,6.986000061035156
2026-06-29 10:36:24,750.60302734375,77.51100158691406,7.214000225067139
2026-06-29 10:41:26,764.35400390625,77.89600372314453,7.382999897003174
2026-06-29 10:46:28,773.9039916992188,79.16799926757812,7.5970001220703125
2026-06-29 10:51:30,789.4810180664062,78.24199676513672,7.659999847412109
2026-06-29 10:56:33,808.3499755859375,80.1050033569336,8.029000282287598
2026-06-29 11:01:35,824.7150268554688,80.36299896240234,8.218000411987305
2026-06-29 11:06:37,879.9290161132812,80.10900115966797,8.741000175476074
2026-06-29 11:11:39,344.5469970703125,86.47799682617188,3.694999933242798
2026-06-29 11:16:41,887.031005859375,80.60199737548828,8.866000175476074
2026-06-29 11:21:43,890.9119873046875,81.38600158691406,8.991000175476074
2026-06-29 11:26:46,891.5750122070312,81.40599822998047,9.0
2026-06-29 11:31:48,897.8079833984375,81.89199829101562,9.116999626159668
2026-06-29 11:36:50,906.1259765625,82.55400085449219,9.276000022888184
2026-06-29 11:41:52,907.2139892578125,82.68699645996094,9.302000045776367
2026-06-29 11:46:54,927.7130126953125,82.9540023803711,9.543000221252441
2026-06-29 11:51:56,938.4130249023438,83.87799835205078,9.760000228881836
2026-06-29 11:56:58,949.281982421875,83.97599792480469,9.885000228881836
2026-06-29 12:02:00,931.958984375,85.06099700927734,9.829999923706055
2026-06-29 12:07:02,976.8150024414062,85.5260009765625,10.359000205993652
2026-06-29 12:12:05,975.8499755859375,86.35099792480469,10.449000358581543
2026-06-29 12:17:07,981.1090087890625,87.1240005493164,10.598999977111816
2026-06-29 12:22:09,982.85302734375,86.91000366210938,10.592000007629395
2026-06-29 12:27:11,987.406005859375,88.51300048828125,10.836999893188477
2026-06-29 12:32:13,990.0159912109375,89.9520034790039,11.043000221252441
2026-06-29 12:37:15,993.5289916992188,91.97799682617188,11.331000328063965
2026-06-29 12:42:17,1000.5390014648438,91.65299987792969,11.371000289916992
2026-06-29 12:47:19,1003.301025390625,91.89700317382812,11.432999610900879
2026-06-29 12:52:22,1005.7069702148438,93.00900268554688,11.598999977111816
2026-06-29 12:57:24,1018.2579956054688,93.5009994506836,11.805999755859375
2026-06-29 13:02:26,1048.3179931640625,92.91899871826172,12.079000473022461
2026-06-29 13:07:28,1082.3499755859375,92.14299774169922,12.366999626159668
2026-06-29 13:12:30,1059.02197265625,92.80500030517578,12.187000274658203
2026-06-29 13:17:32,864.447998046875,98.17900085449219,10.52400016784668
2026-06-29 13:22:34,944.905029296875,94.23899841308594,11.041999816894531
2026-06-29 13:27:37,927.9149780273438,91.76799774169922,10.559000015258789
2026-06-29 13:50:24,1010.1430053710938,18.69099998474121,2.3410000801086426
2026-06-29 13:55:27,1017.3300170898438,82.77899932861328,10.442999839782715
2026-06-29 14:00:29,1034.3809814453125,84.01100158691406,10.774999618530273
2026-06-29 14:05:31,967.3330078125,82.51499938964844,9.89799976348877
2026-06-29 14:10:33,985.1929931640625,86.23699951171875,10.53499984741211
2026-06-29 14:15:35,1001.426025390625,86.6520004272461,10.760000228881836
2026-06-29 14:20:37,1002.7310180664062,87.46299743652344,10.875
2026-06-29 14:25:39,982.3920288085938,86.5510025024414,10.543000221252441
2026-06-29 14:30:42,610.3200073242188,79.39800262451172,6.008999824523926
2026-06-29 14:35:44,969.9660034179688,88.40899658203125,10.633000373840332
2026-06-29 14:40:46,961.2890014648438,87.90399932861328,10.477999687194824
2026-06-29 14:45:48,716.8909912109375,121.44300079345703,10.795999526977539
2026-06-29 14:50:50,970.3909912109375,89.0790023803711,10.718999862670898
2026-06-29 14:55:52,226.51199340820312,94.68499755859375,2.6589999198913574
2026-06-29 15:00:54,205.15699768066406,98.5790023803711,2.507999897003174
2026-06-29 15:05:57,235.60499572753906,99.50199890136719,2.9070000648498535
2026-06-29 15:10:59,872.927978515625,85.39600372314453,9.243000030517578
2026-06-29 15:16:01,175.65499877929688,104.73799896240234,2.2809998989105225
2026-06-29 15:21:03,94.68099975585938,100.39600372314453,1.1790000200271606
2026-06-29 15:26:05,92.9530029296875,99.28900146484375,1.1440000534057617
2026-06-29 15:31:07,86.53299713134766,101.98999786376953,1.093999981880188
2026-06-29 15:36:09,84.41799926757812,96.625,1.0110000371932983
2026-06-29 15:41:12,68.23799896240234,91.67900085449219,0.7760000228881836
2026-06-29 15:46:14,66.72899627685547,91.51300048828125,0.7570000290870667
2026-06-29 15:51:16,80.09100341796875,89.72200012207031,0.890999972820282
2026-06-29 15:56:18,136.31900024414062,86.18599700927734,1.4570000171661377
2026-06-29 16:01:20,613.1539916992188,76.04399871826172,5.7820000648498535
2026-06-29 16:06:22,778.0159912109375,88.875,8.574000358581543
2026-06-29 16:11:24,763.2069702148438,87.28099822998047,8.260000228881836
2026-06-29 16:16:26,749.2009887695312,84.23600006103516,7.826000213623047
2026-06-29 16:21:29,733.5969848632812,82.4749984741211,7.501999855041504
2026-06-29 16:26:31,712.3660278320312,81.88200378417969,7.232999801635742
2026-06-29 16:31:33,707.7670288085938,80.83499908447266,7.093999862670898
2026-06-29 16:36:35,693.97900390625,78.80799865722656,6.7820000648498535
2026-06-29 16:41:37,549.1909790039062,79.49400329589844,5.414000034332275
2026-06-29 16:46:39,573.3259887695312,82.5770034790039,5.870999813079834
2026-06-29 16:51:41,485.8940124511719,86.21700286865234,5.195000171661377
2026-06-29 16:56:43,375.1549987792969,82.65399932861328,3.8450000286102295
2026-06-29 17:01:46,376.0069885253906,82.38600158691406,3.8410000801086426
2026-06-29 17:06:48,427.114990234375,84.03399658203125,4.451000213623047
2026-06-29 17:11:50,526.510986328125,71.9209976196289,4.696000099182129
2026-06-29 17:16:52,595.1749877929688,76.87000274658203,5.672999858856201
2026-06-29 17:21:54,466.14599609375,62.53099822998047,3.614000082015991
2026-06-29 17:26:56,407.6180114746094,84.86100006103516,4.289000034332275
2026-06-29 17:31:58,302.9230041503906,80.38300323486328,3.0190000534057617
2026-06-29 17:37:00,265.0400085449219,85.09500122070312,2.796999931335449
2026-06-29 17:42:03,267.0249938964844,84.01000213623047,2.7820000648498535
2026-06-29 17:47:05,210.3699951171875,86.24199676513672,2.25
2026-06-29 17:52:07,192.51300048828125,86.94200134277344,2.075000047683716
2026-06-29 17:57:09,169.2530059814453,88.70899963378906,1.8619999885559082
2026-06-29 18:02:11,147.38400268554688,92.30699920654297,1.687000036239624
2026-06-29 18:07:13,150.24899291992188,94.41200256347656,1.7589999437332153
2026-06-29 18:12:15,164.52099609375,98.00399780273438,1.9989999532699585
2026-06-29 18:17:17,169.13800048828125,106.9219970703125,2.242000102996826
2026-06-29 18:22:20,173.18899536132812,113.51200103759766,2.437999963760376
2026-06-29 18:27:22,169.80099487304688,92.60099792480469,1.9500000476837158
2026-06-29 18:32:24,185.08099365234375,92.1709976196289,2.115000009536743
2026-06-29 18:37:26,187.55999755859375,91.90499877929688,2.13700008392334
2026-06-29 18:42:28,167.07400512695312,92.31600189208984,1.9129999876022339
2026-06-29 18:47:30,153.68699645996094,91.28800201416016,1.7400000095367432
2026-06-29 18:52:32,127.01000213623047,92.87300109863281,1.4630000591278076
2026-06-29 18:57:34,115.73899841308594,92.7959976196289,1.3320000171661377
2026-06-29 19:02:37,99.18900299072266,94.28099822998047,1.159999966621399
2026-06-29 19:07:39,89.97899627685547,92.68499755859375,1.034000039100647
2026-06-29 19:12:41,83.77799987792969,92.27200317382812,0.9589999914169312
2026-06-29 19:17:43,67.625,91.08999633789062,0.7639999985694885
2026-06-29 19:22:45,51.77799987792969,91.95099639892578,0.5899999737739563
2026-06-29 19:27:47,43.05099868774414,92.13600158691406,0.492000013589859
2026-06-29 19:32:49,37.17499923706055,98.43900299072266,0.45399999618530273
2026-06-29 19:37:52,29.033000946044922,102.84400177001953,0.3700000047683716
2026-06-29 19:42:54,24.69099998474121,109.43299865722656,0.33500000834465027
2026-06-29 19:47:56,21.145000457763672,112.9520034790039,0.29600000381469727
2026-06-29 19:52:58,15.503000259399414,131.1060028076172,0.25200000405311584
2026-06-29 19:58:00,11.019000053405762,153.2259979248047,0.20900000631809235
2026-06-29 20:03:02,11.288999557495117,158.9290008544922,0.22200000286102295
2026-06-29 20:08:04,12.390999794006348,129.73500061035156,0.19900000095367432
2026-06-29 20:13:07,11.390000343322754,109.99700164794922,0.1550000011920929
2026-06-29 20:18:09,12.895999908447266,119.23300170898438,0.19099999964237213
2026-06-29 20:23:11,12.70300006866455,102.34300231933594,0.16099999845027924
2026-06-29 20:28:13,14.402000427246094,107.15899658203125,0.19099999964237213
2026-06-29 20:33:15,14.631999969482422,99.68399810791016,0.1809999942779541
2026-06-29 20:38:17,17.582000732421875,100.41999816894531,0.21899999678134918
2026-06-29 20:43:19,21.4060001373291,95.96800231933594,0.2549999952316284
2026-06-29 20:48:22,26.216999053955078,83.78099822998047,0.2720000147819519
2026-06-29 20:53:24,32.89799880981445,83.72799682617188,0.34200000762939453
2026-06-29 20:58:26,32.39099884033203,82.18699645996094,0.33000001311302185
2026-06-29 21:03:28,25.542999267578125,78.98400115966797,0.25
2026-06-29 21:08:30,17.660999298095703,76.59600067138672,0.1679999977350235
2026-06-29 21:13:32,14.27299976348877,86.27200317382812,0.15299999713897705
2026-06-29 21:18:34,11.166999816894531,81.30799865722656,0.11299999803304672
2026-06-29 21:23:37,7.543000221252441,17.900999069213867,0.017000000923871994
2026-06-29 21:28:39,1.8350000381469727,0.12700000405311584,0.0
2026-06-30 05:39:11,1.8350000381469727,0.12700000405311584,0.0
2026-06-30 05:44:14,2.7709999084472656,0.22599999606609344,0.0
2026-06-30 05:49:16,4.4019999504089355,0.2919999957084656,0.0
2026-06-30 05:54:18,6.0370001792907715,0.2329999953508377,0.0
2026-06-30 05:59:20,8.585000038146973,79.68699645996094,0.08500000089406967
2026-06-30 06:04:22,11.184000015258789,81.78600311279297,0.11299999803304672
2026-06-30 06:09:24,14.02299976348877,78.01100158691406,0.13600000739097595
2026-06-30 06:14:26,16.292999267578125,88.41400146484375,0.17900000512599945
2026-06-30 06:19:28,18.358999252319336,85.59100341796875,0.19499999284744263
2026-06-30 06:24:31,20.680999755859375,85.3290023803711,0.21899999678134918
2026-06-30 06:29:33,25.204999923706055,80.33799743652344,0.25099998712539673
2026-06-30 06:34:35,27.67799949645996,83.83899688720703,0.2879999876022339
2026-06-30 06:39:37,30.820999145507812,82.91699981689453,0.31700000166893005
2026-06-30 06:44:39,33.590999603271484,78.30400085449219,0.32600000500679016
2026-06-30 06:49:41,36.1349983215332,81.15699768066406,0.36399999260902405
2026-06-30 06:54:43,38.96200180053711,83.83100128173828,0.4050000011920929
2026-06-30 06:59:46,42.01100158691406,79.927001953125,0.41600000858306885
2026-06-30 07:04:48,45.02199935913086,84.55699920654297,0.47200000286102295
2026-06-30 07:09:50,48.069000244140625,74.41600036621094,0.4440000057220459
2026-06-30 07:14:52,51.03799819946289,85.07599639892578,0.5379999876022339
2026-06-30 07:19:54,54.132999420166016,82.87899780273438,0.5559999942779541
2026-06-30 07:24:56,56.93000030517578,83.30999755859375,0.5879999995231628
2026-06-30 07:29:58,59.71500015258789,84.14299774169922,0.6230000257492065
2026-06-30 07:35:01,62.95800018310547,82.1729965209961,0.6420000195503235
2026-06-30 07:40:03,67.93099975585938,81.30500030517578,0.6850000023841858
2026-06-30 07:45:05,73.01000213623047,81.12300109863281,0.734000027179718
2026-06-30 07:50:07,76.08899688720703,80.41799926757812,0.7590000033378601
2026-06-30 07:55:09,82.3949966430664,79.81300354003906,0.8149999976158142
2026-06-30 08:00:11,198.43899536132812,33.86800003051758,0.8330000042915344
2026-06-30 08:05:13,226.60299682617188,31.738000869750977,0.8920000195503235
2026-06-30 08:10:15,241.72300720214844,56.02399826049805,1.6790000200271606
2026-06-30 08:15:18,262.6189880371094,57.762001037597656,1.88100004196167
2026-06-30 08:20:20,268.3890075683594,58.60200119018555,1.9500000476837158
2026-06-30 08:25:22,220.5229949951172,63.51300048828125,1.7369999885559082
2026-06-30 08:30:24,248.34300231933594,62.29800033569336,1.9179999828338623
2026-06-30 08:35:26,315.06500244140625,58.3380012512207,2.2790000438690186
2026-06-30 08:40:28,324.5419921875,62.1870002746582,2.503000020980835
2026-06-30 08:45:30,361.8739929199219,62.242000579833984,2.7929999828338623
2026-06-30 08:50:32,339.4289855957031,67.21199798583984,2.8289999961853027
2026-06-30 08:55:34,402.4209899902344,63.44200134277344,3.1659998893737793
2026-06-30 09:00:37,413.65899658203125,64.7490005493164,3.321000099182129
2026-06-30 09:05:39,417.531005859375,65.9489974975586,3.4140000343322754
2026-06-30 09:10:41,389.906005859375,66.76000213623047,3.2279999256134033
2026-06-30 09:15:43,455.2569885253906,67.33399963378906,3.8010001182556152
2026-06-30 09:20:45,447.14300537109375,68.68599700927734,3.808000087738037
2026-06-30 09:25:47,426.1709899902344,69.04199981689453,3.6489999294281006
2026-06-30 09:30:49,528.8980102539062,67.1989974975586,4.4070000648498535
2026-06-30 09:35:51,543.3870239257812,68.43099975585938,4.611000061035156
2026-06-30 09:40:54,557.2620239257812,69.21900177001953,4.7829999923706055
2026-06-30 09:45:56,571.9929809570312,69.76799774169922,4.947999954223633
2026-06-30 09:50:58,587.5889892578125,71.11299896240234,5.181000232696533
2026-06-30 09:56:00,605.655029296875,72.23799896240234,5.425000190734863
2026-06-30 10:01:02,618.7680053710938,72.10900115966797,5.5329999923706055
2026-06-30 10:06:04,637.5609741210938,72.46199798583984,5.729000091552734
2026-06-30 10:11:06,652.2559814453125,72.47100067138672,5.861000061035156
2026-06-30 10:16:09,666.9210205078125,73.79100036621094,6.1020002365112305
2026-06-30 10:21:11,684.8729858398438,74.56999969482422,6.333000183105469
2026-06-30 10:26:13,701.0650024414062,74.697998046875,6.49399995803833
2026-06-30 10:31:15,720.60498046875,74.74099731445312,6.677999973297119
2026-06-30 10:36:17,737.6019897460938,75.2300033569336,6.88100004196167
2026-06-30 10:41:19,754.2219848632812,75.58899688720703,7.068999767303467
2026-06-30 10:46:21,768.4299926757812,75.89800262451172,7.23199987411499
2026-06-30 10:51:24,784.7589721679688,76.51200103759766,7.445000171661377
2026-06-30 10:56:26,797.9580078125,76.64299774169922,7.584000110626221
2026-06-30 11:01:28,809.6959838867188,77.23500061035156,7.755000114440918
2026-06-30 11:06:30,822.7789916992188,76.72200012207031,7.828000068664551
2026-06-30 11:11:32,836.5989990234375,77.16000366210938,8.003999710083008
2026-06-30 11:16:34,848.447998046875,77.21499633789062,8.12399959564209
2026-06-30 11:21:36,858.9390258789062,78.40299987792969,8.35099983215332
2026-06-30 11:26:39,872.6170043945312,78.72899627685547,8.519000053405762
2026-06-30 11:31:41,880.3980102539062,79.84600067138672,8.717000007629395
2026-06-30 11:36:43,892.8930053710938,80.40899658203125,8.902999877929688
2026-06-30 11:41:45,901.6539916992188,81.28700256347656,9.088000297546387
2026-06-30 11:46:47,913.1199951171875,81.88700103759766,9.272000312805176
2026-06-30 11:51:49,920.802001953125,82.09400177001953,9.373000144958496
2026-06-30 11:56:51,929.4580078125,83.0199966430664,9.567999839782715
2026-06-30 12:01:53,939.9199829101562,83.17500305175781,9.694000244140625
2026-06-30 12:06:56,946.698974609375,84.35099792480469,9.902000427246094
2026-06-30 12:11:58,955.6229858398438,85.06300354003906,10.079999923706055
2026-06-30 12:17:00,960.4299926757812,85.63600158691406,10.199000358581543
2026-06-30 12:22:02,965.7830200195312,85.75499725341797,10.270000457763672
2026-06-30 12:27:04,961.969970703125,87.78600311279297,10.470999717712402
2026-06-30 12:32:06,975.9089965820312,88.61000061035156,10.722999572753906
2026-06-30 12:37:08,978.2930297851562,90.5009994506836,10.979000091552734
2026-06-30 12:42:10,981.4869995117188,89.61399841308594,10.906000137329102
2026-06-30 12:47:13,980.1069946289062,90.78900146484375,11.034000396728516
2026-06-30 12:52:15,985.5679931640625,91.73999786376953,11.211999893188477
2026-06-30 12:57:17,991.0380249023438,92.3499984741211,11.348999977111816
2026-06-30 13:02:19,994.7360229492188,93.0989990234375,11.484000205993652
2026-06-30 13:07:21,990.4210205078125,93.2229995727539,11.449000358581543
2026-06-30 13:12:23,996.1900024414062,93.30999755859375,11.526000022888184
2026-06-30 13:17:25,995.6710205078125,92.90399932861328,11.470000267028809
2026-06-30 13:22:28,1012.573974609375,93.6259994506836,11.755999565124512
2026-06-30 13:27:30,1015.3419799804688,94.6719970703125,11.918999671936035
2026-06-30 13:51:22,1024.3470458984375,88.96900177001953,11.300999641418457
2026-06-30 13:56:24,1002.3359985351562,91.55799865722656,11.380000114440918
2026-06-30 14:01:26,988.3499755859375,91.90499877929688,11.262999534606934
2026-06-30 14:06:29,983.6799926757812,92.31600189208984,11.260000228881836
2026-06-30 14:11:31,979.6890258789062,93.03900146484375,11.303000450134277
2026-06-30 14:16:33,981.5449829101562,93.59100341796875,11.390999794006348
2026-06-30 14:21:35,981.4169921875,93.7239990234375,11.406000137329102
2026-06-30 14:26:37,979.0670166015625,94.41699981689453,11.463000297546387
2026-06-30 14:31:39,977.8270263671875,95.072998046875,11.527999877929688
2026-06-30 14:36:41,982.7470092773438,96.00599670410156,11.699000358581543
2026-06-30 14:41:44,995.4010009765625,95.87200164794922,11.833000183105469
2026-06-30 14:46:46,1007.6820068359375,94.65299987792969,11.82699966430664
2026-06-30 14:51:48,858.7789916992188,96.26499938964844,10.25100040435791
2026-06-30 14:56:50,152.20799255371094,105.75599670410156,1.996000051498413
2026-06-30 15:01:52,162.40199279785156,103.66899871826172,2.0880000591278076
2026-06-30 15:06:54,165.31399536132812,105.5009994506836,2.1630001068115234
2026-06-30 15:11:56,178.21400451660156,104.65299987792969,2.312999963760376
2026-06-30 15:16:59,202.61500549316406,105.0199966430664,2.6389999389648438
2026-06-30 15:22:01,223.49600219726562,103.52400207519531,2.86899995803833
2026-06-30 15:27:03,193.91099548339844,105.39900207519531,2.5339999198913574
2026-06-30 15:32:05,183.14500427246094,104.60600280761719,2.375999927520752
2026-06-30 15:37:07,186.91700744628906,106.03700256347656,2.4579999446868896
2026-06-30 15:42:09,172.24000549316406,105.81700134277344,2.259999990463257
2026-06-30 15:47:11,161.1699981689453,104.41200256347656,2.0869998931884766
2026-06-30 15:52:13,142.62899780273438,104.91899871826172,1.8559999465942383
2026-06-30 15:57:16,134.11900329589844,103.76799774169922,1.7259999513626099
2026-06-30 16:02:18,134.1230010986328,104.05000305175781,1.7300000190734863
2026-06-30 16:07:20,140.46600341796875,102.49500274658203,1.784999966621399
2026-06-30 16:12:22,148.9739990234375,102.41699981689453,1.8919999599456787
2026-06-30 16:17:24,154.27200317382812,101.71199798583984,1.9459999799728394
2026-06-30 16:22:26,152.53500366210938,101.59300231933594,1.9220000505447388
2026-06-30 16:27:28,140.61599731445312,101.2300033569336,1.7649999856948853
2026-06-30 16:32:30,127.01399993896484,101.23899841308594,1.593999981880188
2026-06-30 16:37:33,109.12100219726562,100.5790023803711,1.3609999418258667
2026-06-30 16:42:35,92.7699966430664,103.6729965209961,1.1929999589920044
2026-06-30 16:47:37,79.54499816894531,103.76799774169922,1.0240000486373901
2026-06-30 16:52:39,72.0459976196289,106.28099822998047,0.9490000009536743
2026-06-30 16:57:41,64.89800262451172,103.177001953125,0.8299999833106995
2026-06-30 17:02:43,56.00899887084961,103.24400329589844,0.7170000076293945
2026-06-30 17:07:46,59.79199981689453,105.15399932861328,0.7799999713897705
2026-06-30 17:12:48,65.68199920654297,101.48200225830078,0.8270000219345093
2026-06-30 17:17:50,72.77899932861328,100.36199951171875,0.906000018119812
2026-06-30 17:22:52,85.32099914550781,97.44599914550781,1.031000018119812
2026-06-30 17:27:54,113.06099700927734,98.39199829101562,1.378999948501587
2026-06-30 17:32:56,145.88299560546875,100.4540023803711,1.8170000314712524
2026-06-30 17:37:58,181.10899353027344,100.12000274658203,2.247999906539917
2026-06-30 17:43:01,176.72500610351562,100.58100128173828,2.2039999961853027
2026-06-30 17:48:03,246.55499267578125,93.11399841308594,2.8469998836517334
2026-06-30 17:53:05,518.6259765625,81.33999633789062,5.230999946594238
2026-06-30 17:58:07,524.31298828125,80.7040023803711,5.247000217437744
2026-06-30 18:03:09,211.83799743652344,178.3800048828125,4.685999870300293
2026-06-30 18:08:11,168.70199584960938,189.77099609375,3.9700000286102295
2026-06-30 18:13:13,144.55499267578125,193.88600158691406,3.4749999046325684
2026-06-30 18:18:16,127.7760009765625,199.8979949951172,3.1670000553131104
2026-06-30 18:23:18,124.0250015258789,169.36000061035156,2.6050000190734863
2026-06-30 18:28:20,136.58999633789062,94.677001953125,1.6039999723434448
2026-06-30 18:33:22,144.64500427246094,92.24700164794922,1.6549999713897705
2026-06-30 18:38:24,130.09100341796875,98.02300262451172,1.5809999704360962
2026-06-30 18:43:26,125.71900177001953,95.28299713134766,1.4850000143051147
2026-06-30 18:48:28,125.15899658203125,98.99600219726562,1.5360000133514404
2026-06-30 18:53:31,114.68599700927734,98.00399780273438,1.3940000534057617
2026-06-30 18:58:33,76.73799896240234,100.26100158691406,0.9539999961853027
2026-06-30 19:03:35,62.76300048828125,99.65599822998047,0.7760000228881836
2026-06-30 19:08:37,53.54100036621094,102.72200012207031,0.6819999814033508
2026-06-30 19:13:39,47.387001037597656,106.2300033569336,0.6240000128746033
2026-06-30 19:18:41,45.9379997253418,103.62100219726562,0.5899999737739563
2026-06-30 19:23:43,46.58300018310547,103.52799987792969,0.5979999899864197
2026-06-30 19:28:45,54.513999938964844,104.76200103759766,0.7080000042915344
2026-06-30 19:33:48,46.729000091552734,100.77300262451172,0.5839999914169312
2026-06-30 19:38:50,41.29600143432617,106.06900024414062,0.5429999828338623
2026-06-30 19:43:52,37.70500183105469,100.6259994506836,0.4699999988079071
2026-06-30 19:48:54,38.43899917602539,99.33799743652344,0.4729999899864197
2026-06-30 19:53:56,46.29100036621094,95.85800170898438,0.550000011920929
2026-06-30 19:58:58,46.875,96.19000244140625,0.5590000152587891
2026-06-30 20:04:00,49.84199905395508,98.11199951171875,0.6060000061988831
2026-06-30 20:09:03,55.44499969482422,96.427001953125,0.6629999876022339
2026-06-30 20:14:05,45.41299819946289,94.37799835205078,0.531000018119812
2026-06-30 20:19:07,45.709999084472656,91.33000183105469,0.5180000066757202
2026-06-30 20:24:09,33.650001525878906,95.8030014038086,0.4000000059604645
2026-06-30 20:29:11,24.250999450683594,98.8740005493164,0.296999990940094
2026-06-30 20:34:13,25.520000457763672,87.83100128173828,0.27799999713897705
2026-06-30 20:39:15,15.159000396728516,79.51699829101562,0.14900000393390656
2026-06-30 20:44:17,13.904000282287598,98.6500015258789,0.17000000178813934
2026-06-30 20:49:19,9.67300033569336,105.17500305175781,0.12600000202655792
2026-06-30 20:54:22,9.263999938964844,76.55999755859375,0.08799999952316284
2026-06-30 20:59:24,9.8100004196167,95.85099792480469,0.11699999868869781
2026-06-30 21:04:26,8.817999839782715,120.44499969482422,0.13199999928474426
2026-06-30 21:09:28,8.217000007629395,109.75800323486328,0.1120000034570694
2026-06-30 21:14:30,6.947000026702881,28.825000762939453,0.02500000037252903
2026-06-30 21:19:32,4.27400016784668,0.17299999296665192,0.0
2026-06-30 21:24:34,1.9149999618530273,0.36800000071525574,0.0
2026-06-30 21:29:37,0.4699999988079071,0.3630000054836273,0.0
2026-07-01 05:40:03,0.4699999988079071,0.3630000054836273,0.0
2026-07-01 05:45:05,1.0240000486373901,0.27399998903274536,0.0
2026-07-01 05:50:07,1.9950000047683716,0.36399999260902405,0.0
2026-07-01 05:55:09,3.2820000648498535,0.28200000524520874,0.0
2026-07-01 06:00:11,5.896999835968018,0.20399999618530273,0.0
2026-07-01 06:05:13,9.25,73.75499725341797,0.08500000089406967
2026-07-01 06:10:15,11.642999649047852,64.9020004272461,0.09399999678134918
2026-07-01 06:15:18,13.35099983215332,66.14700317382812,0.10999999940395355
2026-07-01 06:20:20,15.831000328063965,70.37999725341797,0.1379999965429306
2026-07-01 06:25:22,18.361000061035156,66.96600341796875,0.15199999511241913
2026-07-01 06:30:24,20.417999267578125,68.1500015258789,0.17299999296665192
2026-07-01 06:35:26,23.211000442504883,76.30000305175781,0.2199999988079071
2026-07-01 06:40:28,26.930999755859375,73.6780014038086,0.2460000067949295
2026-07-01 06:45:30,29.145000457763672,73.77799987792969,0.2669999897480011
2026-07-01 06:50:32,32.08300018310547,76.45099639892578,0.30399999022483826
2026-07-01 06:55:35,33.805999755859375,76.47699737548828,0.32100000977516174
2026-07-01 07:00:37,36.54899978637695,81.5530014038086,0.3700000047683716
2026-07-01 07:05:39,38.69300079345703,78.18000030517578,0.375
2026-07-01 07:10:41,39.41299819946289,82.14900207519531,0.4009999930858612
2026-07-01 07:15:43,40.83700180053711,81.13999938964844,0.41100001335144043
2026-07-01 07:20:45,42.91299819946289,79.9020004272461,0.42500001192092896
2026-07-01 07:25:47,46.12300109863281,80.05799865722656,0.4580000042915344
2026-07-01 07:30:49,48.49800109863281,85.95999908447266,0.5170000195503235
2026-07-01 07:35:52,53.61800003051758,83.41799926757812,0.5550000071525574
2026-07-01 07:40:54,62.36600112915039,82.64399719238281,0.6389999985694885
2026-07-01 07:45:56,68.51000213623047,81.99700164794922,0.6970000267028809
2026-07-01 07:50:58,69.23400115966797,84.77899932861328,0.7279999852180481
2026-07-01 07:56:00,42.05699920654297,91.36900329589844,0.47600001096725464
2026-07-01 08:01:02,38.875,79.97899627685547,0.38600000739097595
2026-07-01 08:06:04,54.03200149536133,85.11299896240234,0.5699999928474426
2026-07-01 08:11:06,61.33300018310547,85.23300170898438,0.6480000019073486
2026-07-01 08:16:09,62.44200134277344,91.66300201416016,0.7099999785423279
2026-07-01 08:21:11,48.441001892089844,93.20099639892578,0.5600000023841858
2026-07-01 08:26:13,36.15399932861328,101.36299896240234,0.45399999618530273
2026-07-01 08:31:15,14.673999786376953,122.55699920654297,0.22300000488758087
2026-07-01 08:36:17,7.434999942779541,161.21400451660156,0.14900000393390656
2026-07-01 08:41:19,6.855000019073486,144.83900451660156,0.12300000339746475
2026-07-01 08:46:21,6.313000202178955,159.8280029296875,0.125
2026-07-01 08:51:23,8.045999526977539,144.90499877929688,0.14499999582767487
2026-07-01 08:56:26,12.383999824523926,122.79000091552734,0.1889999955892563
2026-07-01 09:01:28,17.94499969482422,103.69200134277344,0.23100000619888306
2026-07-01 09:06:30,17.163000106811523,94.7750015258789,0.20200000703334808
2026-07-01 09:11:32,15.934000015258789,92.0459976196289,0.18199999630451202
2026-07-01 09:16:34,20.784000396728516,90.61100006103516,0.23399999737739563
2026-07-01 09:21:36,31.204999923706055,86.0739974975586,0.3330000042915344
2026-07-01 09:26:38,39.52199935913086,88.08499908447266,0.4320000112056732
2026-07-01 09:31:40,20.761999130249023,81.8499984741211,0.210999995470047
2026-07-01 09:36:43,20.86199951171875,77.79199981689453,0.20100000500679016
2026-07-01 09:41:45,23.893999099731445,84.98899841308594,0.25200000405311584
2026-07-01 09:46:47,34.17399978637695,86.27200317382812,0.3659999966621399
2026-07-01 09:51:49,37.551998138427734,92.96900177001953,0.43299999833106995
2026-07-01 09:56:51,41.24100112915039,85.95899963378906,0.4399999976158142
2026-07-01 10:01:53,50.3380012512207,89.197998046875,0.5569999814033508
2026-07-01 10:06:55,63.73899841308594,88.44499969482422,0.6990000009536743
2026-07-01 10:11:57,68.23799896240234,92.27200317382812,0.781000018119812
2026-07-01 10:16:59,90.03700256347656,92.96299743652344,1.0379999876022339
2026-07-01 10:22:02,138.18499755859375,90.33899688720703,1.5479999780654907
2026-07-01 10:27:04,165.07400512695312,89.32499694824219,1.8279999494552612
2026-07-01 10:32:06,292.5299987792969,85.77999877929688,3.111999988555908
2026-07-01 10:37:08,545.166015625,90.3010025024414,6.104000091552734
2026-07-01 10:42:10,374.3789978027344,87.51000213623047,4.061999797821045
2026-07-01 10:47:12,531.1519775390625,74.8219985961914,4.927999973297119
2026-07-01 10:52:14,312.1130065917969,86.55999755859375,3.3499999046325684
2026-07-01 10:57:16,153.4239959716797,94.64299774169922,1.8009999990463257
2026-07-01 11:02:19,122.67400360107422,92.13600158691406,1.4019999504089355
2026-07-01 11:07:21,146.5030059814453,91.96099853515625,1.6710000038146973
2026-07-01 11:12:23,133.46499633789062,93.11499786376953,1.5410000085830688
2026-07-01 11:17:25,86.95899963378906,92.33499908447266,0.9959999918937683
2026-07-01 11:22:27,63.80099868774414,95.60600280761719,0.7559999823570251
2026-07-01 11:27:29,90.63999938964844,94.56099700927734,1.062999963760376
2026-07-01 11:32:31,109.28199768066406,91.9540023803711,1.246000051498413
2026-07-01 11:37:34,102.09600067138672,96.16300201416016,1.2170000076293945
2026-07-01 11:42:36,83.32099914550781,93.4489974975586,0.9660000205039978
2026-07-01 11:47:38,70.68099975585938,98.19200134277344,0.8610000014305115
2026-07-01 11:52:40,47.62099838256836,91.18900299072266,0.5379999876022339
2026-07-01 11:57:42,66.92900085449219,96.00700378417969,0.796999990940094
2026-07-01 12:02:44,93.21099853515625,97.27400207519531,1.1239999532699585
2026-07-01 12:07:46,117.0790023803711,88.12200164794922,1.2790000438690186
2026-07-01 12:12:48,163.74200439453125,100.43800354003906,2.0390000343322754
2026-07-01 12:17:51,122.48899841308594,85.33399963378906,1.2960000038146973
2026-07-01 12:22:53,149.29800415039062,94.14199829101562,1.7430000305175781
2026-07-01 12:27:55,137.6179962158203,93.96700286865234,1.6039999723434448
2026-07-01 12:32:57,117.0739974975586,94.04299926757812,1.3650000095367432
2026-07-01 12:37:59,87.17900085449219,94.9219970703125,1.0260000228881836
2026-07-01 12:43:01,65.76000213623047,97.98799896240234,0.7990000247955322
2026-07-01 12:48:03,51.63999938964844,94.56099700927734,0.6060000061988831
2026-07-01 12:53:05,49.805999755859375,103.40799713134766,0.6389999985694885
2026-07-01 12:58:08,55.63399887084961,100.76399993896484,0.6949999928474426
2026-07-01 13:03:10,68.7030029296875,103.58799743652344,0.8820000290870667
2026-07-01 13:08:12,87.6780014038086,97.97200012207031,1.065000057220459
2026-07-01 13:13:14,111.54399871826172,96.56400299072266,1.3359999656677246
2026-07-01 13:18:16,198.18499755859375,94.71199798583984,2.328000068664551
2026-07-01 13:23:18,276.62200927734375,87.39299774169922,2.997999906539917
2026-07-01 13:28:20,806.1580200195312,80.01599884033203,7.999000072479248
2026-07-01 13:51:13,866.8499755859375,15.017999649047852,1.6139999628067017
2026-07-01 13:56:15,888.864990234375,84.55500030517578,9.319999694824219
2026-07-01 14:01:17,930.6010131835938,86.1240005493164,9.937999725341797
2026-07-01 14:06:19,817.0380249023438,89.16100311279297,9.032999992370605
2026-07-01 14:11:21,708.0479736328125,88.76399993896484,7.793000221252441
2026-07-01 14:16:23,554.2830200195312,93.31300354003906,6.414000034332275
2026-07-01 14:21:25,325.57000732421875,92.5530014038086,3.7360000610351562
2026-07-01 14:26:27,282.24700927734375,88.56300354003906,3.0999999046325684
2026-07-01 14:31:30,503.37799072265625,89.87699890136719,5.610000133514404
2026-07-01 14:36:32,795.7529907226562,90.0009994506836,8.880999565124512
2026-07-01 14:41:34,784.6539916992188,89.9469985961914,8.751999855041504
2026-07-01 14:46:36,923.4080200195312,87.5250015258789,10.022000312805176
2026-07-01 14:51:38,971.2979736328125,84.55000305175781,10.182999610900879
2026-07-01 14:56:40,1010.3679809570312,85.68399810791016,10.734999656677246
2026-07-01 15:01:42,970.5989990234375,86.2969970703125,10.38599967956543
2026-07-01 15:06:44,904.1389770507812,87.41100311279297,9.800000190734863
2026-07-01 15:11:47,953.906005859375,87.3499984741211,10.331999778747559
2026-07-01 15:16:49,931.5369873046875,87.33000183105469,10.088000297546387
2026-07-01 15:21:51,910.989990234375,88.3010025024414,9.975000381469727
2026-07-01 15:26:53,924.2329711914062,87.16699981689453,9.989999771118164
2026-07-01 15:31:55,897.531005859375,87.50800323486328,9.73900032043457
2026-07-01 15:36:57,889.4500122070312,87.3010025024414,9.628999710083008
2026-07-01 15:41:59,885.8159790039062,87.1240005493164,9.569999694824219
2026-07-01 15:47:02,717.4349975585938,106.80599975585938,9.501999855041504
2026-07-01 15:52:04,859.5679931640625,87.1729965209961,9.291000366210938
2026-07-01 15:57:06,360.3550109863281,57.4010009765625,2.565000057220459
2026-07-01 16:02:08,441.4159851074219,62.606998443603516,3.427000045776367
2026-07-01 16:07:10,856.6160278320312,85.13600158691406,9.043000221252441
2026-07-01 16:12:12,819.177978515625,83.33499908447266,8.46500015258789
2026-07-01 16:17:14,826.89697265625,82.6709976196289,8.47700023651123
2026-07-01 16:22:16,128.35000610351562,108.23500061035156,1.7230000495910645
2026-07-01 16:27:19,774.3670043945312,81.81199645996094,7.855999946594238
2026-07-01 16:32:21,779.156982421875,81.09600067138672,7.835000038146973
2026-07-01 16:37:23,190.98699951171875,143.4739990234375,3.3980000019073486
2026-07-01 16:42:25,771.947998046875,80.9739990234375,7.750999927520752
2026-07-01 16:47:27,126.5009994506836,94.42500305175781,1.4809999465942383
2026-07-01 16:52:29,168.68800354003906,92.00800323486328,1.9249999523162842
2026-07-01 16:57:31,142.0850067138672,94.78099822998047,1.6699999570846558
2026-07-01 17:02:34,149.60800170898438,92.51799774169922,1.715999960899353
2026-07-01 17:07:36,176.82000732421875,92.09100341796875,2.0190000534057617
2026-07-01 17:12:38,642.8720092773438,76.50299835205078,6.0980000495910645
2026-07-01 17:17:40,596.7269897460938,74.70899963378906,5.5279998779296875
2026-07-01 17:22:42,594.7470092773438,73.78600311279297,5.441999912261963
2026-07-01 17:27:44,602.8579711914062,73.72000122070312,5.511000156402588
2026-07-01 17:32:46,594.135009765625,73.54000091552734,5.418000221252441
2026-07-01 17:37:49,191.67300415039062,106.72000122070312,2.5360000133514404
2026-07-01 17:42:51,150.39100646972656,99.96600341796875,1.8639999628067017
2026-07-01 17:47:53,167.27999877929688,91.46700286865234,1.8969999551773071
2026-07-01 17:52:55,163.98699951171875,93.0979995727539,1.8930000066757202
2026-07-01 17:57:57,134.68800354003906,95.48699951171875,1.5950000286102295
2026-07-01 18:02:59,118.48999786376953,95.13400268554688,1.3980000019073486
2026-07-01 18:08:01,116.87100219726562,238.93699645996094,3.4630000591278076
2026-07-01 18:13:03,92.41000366210938,95.29000091552734,1.0920000076293945
2026-07-01 18:18:06,77.11100006103516,93.28700256347656,0.8920000195503235
2026-07-01 18:23:08,71.67500305175781,94.74199676513672,0.8420000076293945
2026-07-01 18:28:10,72.75,93.38300323486328,0.8420000076293945
2026-07-01 18:33:12,68.96700286865234,94.38099670410156,0.8069999814033508
2026-07-01 18:38:14,76.27100372314453,92.29000091552734,0.8730000257492065
2026-07-01 18:43:16,58.9900016784668,96.61599731445312,0.7070000171661377
2026-07-01 18:48:18,50.31999969482422,92.71099853515625,0.578000009059906
2026-07-01 18:53:20,50.097999572753906,93.45999908447266,0.5809999704360962
2026-07-01 18:58:23,65.23699951171875,87.83200073242188,0.7110000252723694
2026-07-01 19:03:25,90.69300079345703,89.84700012207031,1.0099999904632568
2026-07-01 19:08:27,98.21900177001953,89.76300048828125,1.093000054359436
2026-07-01 19:13:29,96.41400146484375,93.46900177001953,1.1169999837875366
2026-07-01 19:18:31,75.28900146484375,89.94200134277344,0.8399999737739563
2026-07-01 19:23:33,66.41400146484375,89.29900360107422,0.7350000143051147
2026-07-01 19:28:35,67.31400299072266,90.6449966430664,0.7570000290870667
2026-07-01 19:33:38,71.94999694824219,88.58499908447266,0.7900000214576721
2026-07-01 19:38:40,72.11199951171875,91.90799713134766,0.8220000267028809
2026-07-01 19:43:42,59.62099838256836,93.27999877929688,0.6899999976158142
2026-07-01 19:48:44,50.15999984741211,89.37200164794922,0.5559999942779541
2026-07-01 19:53:46,43.77799987792969,91.53900146484375,0.4970000088214874
2026-07-01 19:58:48,49.41899871826172,87.98999786376953,0.5389999747276306
2026-07-01 20:03:50,55.415000915527344,85.06999969482422,0.5849999785423279
2026-07-01 20:08:52,48.49599838256836,86.00499725341797,0.5170000195503235
2026-07-01 20:13:55,45.263999938964844,86.9800033569336,0.4880000054836273
2026-07-01 20:18:57,43.3120002746582,81.16300201416016,0.4359999895095825
2026-07-01 20:23:59,38.073001861572266,84.1240005493164,0.3970000147819519
2026-07-01 20:29:01,35.02899932861328,92.27799987792969,0.4009999930858612
2026-07-01 20:34:03,36.928001403808594,90.07599639892578,0.41200000047683716
2026-07-01 20:39:05,42.082000732421875,85.90899658203125,0.4480000138282776
2026-07-01 20:44:07,40.96200180053711,88.927001953125,0.4519999921321869
2026-07-01 20:49:10,36.84299850463867,89.19400024414062,0.40700000524520874
2026-07-01 20:54:12,23.695999145507812,89.58899688720703,0.2630000114440918
2026-07-01 20:59:14,19.634000778198242,93.67500305175781,0.2280000001192093
2026-07-01 21:04:16,14.614999771118164,93.61100006103516,0.17000000178813934
2026-07-01 21:09:18,11.805999755859375,100.01799774169922,0.1459999978542328
2026-07-01 21:14:20,8.182999610900879,98.51599884033203,0.10000000149011612
2026-07-01 21:19:22,5.953999996185303,57.40399932861328,0.041999999433755875
2026-07-01 21:24:24,4.557000160217285,0.2460000067949295,0.0
2026-07-01 21:29:27,2.305999994277954,0.26499998569488525,0.0
2026-07-02 05:40:51,2.305999994277954,0.26499998569488525,0.0
2026-07-02 05:45:54,3.8329999446868896,0.23499999940395355,0.0
2026-07-02 05:50:56,5.574999809265137,0.20000000298023224,0.0
2026-07-02 05:55:58,7.445000171661377,94.63300323486328,0.08699999749660492
2026-07-02 06:01:00,9.529999732971191,84.3550033569336,0.10000000149011612
2026-07-02 06:06:02,11.640999794006348,105.81300354003906,0.15299999713897705
2026-07-02 06:11:04,14.107000350952148,96.66000366210938,0.16899999976158142
2026-07-02 06:16:06,16.398000717163086,96.26399993896484,0.19599999487400055
2026-07-02 06:21:08,18.85300064086914,87.2969970703125,0.20399999618530273
2026-07-02 06:26:11,21.320999145507812,81.79499816894531,0.2160000056028366
2026-07-02 06:31:13,26.410999298095703,84.83599853515625,0.27799999713897705
2026-07-02 06:36:15,27.163000106811523,89.86499786376953,0.30300000309944153
2026-07-02 06:41:17,29.895000457763672,87.81300354003906,0.32600000500679016
2026-07-02 06:46:19,31.857999801635742,86.11100006103516,0.3400000035762787
2026-07-02 06:51:21,33.88600158691406,91.92900085449219,0.38600000739097595
2026-07-02 06:56:23,39.78300094604492,84.73300170898438,0.4180000126361847
2026-07-02 07:01:26,48.04600143432617,82.76599884033203,0.49300000071525574
2026-07-02 07:06:28,54.47999954223633,78.99299621582031,0.5339999794960022
2026-07-02 07:11:30,58.2400016784668,79.10600280761719,0.5709999799728394
2026-07-02 07:16:32,57.86399841308594,80.45999908447266,0.5770000219345093
2026-07-02 07:21:34,62.994998931884766,81.01100158691406,0.6330000162124634
2026-07-02 07:26:36,70.23100280761719,80.81800079345703,0.7039999961853027
2026-07-02 07:31:38,68.53600311279297,80.16799926757812,0.6809999942779541
2026-07-02 07:36:40,91.2239990234375,78.16200256347656,0.8840000033378601
2026-07-02 07:41:43,93.04299926757812,80.15299987792969,0.925000011920929
2026-07-02 07:46:45,92.52200317382812,79.49500274658203,0.9120000004768372
2026-07-02 07:51:47,94.82099914550781,76.61199951171875,0.9010000228881836
2026-07-02 07:56:49,97.9020004272461,74.45099639892578,0.9039999842643738
2026-07-02 08:01:51,118.19000244140625,68.1259994506836,0.9980000257492065
2026-07-02 08:06:53,132.2830047607422,53.33000183105469,0.875
2026-07-02 08:11:55,170.54400634765625,59.619998931884766,1.2610000371932983
2026-07-02 08:16:58,280.7340087890625,55.15800094604492,1.9199999570846558
2026-07-02 08:22:00,303.50201416015625,57.09400177001953,2.1489999294281006
2026-07-02 08:27:02,325.47198486328125,57.05099868774414,2.302999973297119
2026-07-02 08:32:04,342.7250061035156,58.03900146484375,2.4670000076293945
2026-07-02 08:37:06,359.9020080566406,59.89899826049805,2.6730000972747803
2026-07-02 08:42:08,378.9670104980469,61.47200012207031,2.8889999389648438
2026-07-02 08:47:10,398.0690002441406,61.834999084472656,3.052000045776367
2026-07-02 08:52:12,414.79998779296875,62.474998474121094,3.2130000591278076
2026-07-02 08:57:15,435.5710144042969,63.279998779296875,3.4179999828338623
2026-07-02 09:02:17,453.37298583984375,64.16300201416016,3.6070001125335693
2026-07-02 09:07:19,475.1659851074219,64.3499984741211,3.7920000553131104
2026-07-02 09:12:21,492.87799072265625,65.5469970703125,4.00600004196167
2026-07-02 09:17:23,511.1789855957031,66.87899780273438,4.238999843597412
2026-07-02 09:22:25,527.0029907226562,66.95500183105469,4.375
2026-07-02 09:27:27,545.5999755859375,67.2969970703125,4.552999973297119
2026-07-02 09:32:30,560.9760131835938,67.2040023803711,4.675000190734863
2026-07-02 09:37:32,578.2349853515625,68.39900207519531,4.9039998054504395
2026-07-02 09:42:34,596.8800048828125,68.6449966430664,5.080999851226807
2026-07-02 09:47:36,613.7100219726562,69.73500061035156,5.307000160217285
2026-07-02 09:52:38,632.3380126953125,70.52300262451172,5.53000020980835
2026-07-02 09:57:40,651.8289794921875,71.30999755859375,5.763999938964844
2026-07-02 10:02:42,668.8070068359375,71.53099822998047,5.932000160217285
2026-07-02 10:07:44,688.0640258789062,72.04399871826172,6.146999835968018
2026-07-02 10:12:47,706.1259765625,73.12100219726562,6.4019999504089355
2026-07-02 10:17:49,720.8569946289062,73.27799987792969,6.550000190734863
2026-07-02 10:22:51,736.3309936523438,73.31900024414062,6.693999767303467
2026-07-02 10:27:53,758.6079711914062,73.58899688720703,6.921999931335449
2026-07-02 10:32:55,775.0579833984375,74.49700164794922,7.159999847412109
2026-07-02 10:37:57,789.2410278320312,74.26100158691406,7.26800012588501
2026-07-02 10:42:59,812.8590087890625,75.40399932861328,7.599999904632568
2026-07-02 10:48:02,828.9710083007812,76.17500305175781,7.829999923706055
2026-07-02 10:53:04,863.8610229492188,75.64600372314453,8.102999687194824
2026-07-02 10:58:06,896.39501953125,76.9540023803711,8.553999900817871
2026-07-02 11:03:08,879.3070068359375,77.34300231933594,8.432999610900879
2026-07-02 11:08:10,886.8590087890625,77.44200134277344,8.515999794006348
2026-07-02 11:13:12,936.905029296875,77.49500274658203,9.003000259399414
2026-07-02 11:18:14,945.7739868164062,78.41100311279297,9.196000099182129
2026-07-02 11:23:17,947.094970703125,77.90399932861328,9.14900016784668
2026-07-02 11:28:19,941.614013671875,79.82099914550781,9.319999694824219
2026-07-02 11:33:21,947.2589721679688,80.05599975585938,9.402999877929688
2026-07-02 11:38:23,965.2069702148438,79.64800262451172,9.532999992370605
2026-07-02 11:43:25,967.9810180664062,84.00199890136719,10.083000183105469
2026-07-02 11:48:27,1003.7969970703125,82.31600189208984,10.246000289916992
2026-07-02 11:53:29,993.0980224609375,80.41999816894531,9.902999877929688
2026-07-02 11:58:32,998.2100219726562,80.89299774169922,10.012999534606934
2026-07-02 12:03:34,1073.06396484375,80.59400177001953,10.723999977111816
2026-07-02 12:08:36,1106.8480224609375,85.98200225830078,11.800999641418457
2026-07-02 12:13:38,1147.300048828125,82.0510025024414,11.67300033569336
2026-07-02 12:18:40,1108.9000244140625,83.06500244140625,11.42199993133545
2026-07-02 12:23:42,1076.2099609375,85.4739990234375,11.406999588012695
2026-07-02 12:28:44,1166.862060546875,84.4800033569336,12.222999572753906
2026-07-02 12:33:47,920.2219848632812,93.44499969482422,10.663000106811523
2026-07-02 12:38:49,1188.8199462890625,89.28900146484375,13.161999702453613
2026-07-02 12:43:51,303.68499755859375,298.031005859375,11.222999572753906
2026-07-02 12:48:53,246.69900512695312,94.16799926757812,2.88100004196167
2026-07-02 12:53:55,317.0870056152344,93.46600341796875,3.674999952316284
2026-07-02 12:58:57,387.5060119628906,107.78900146484375,5.178999900817871
2026-07-02 13:03:59,519.8829956054688,69.69499969482422,4.493000030517578
2026-07-02 13:09:01,285.45098876953125,97.86499786376953,3.4639999866485596
2026-07-02 13:14:04,802.0709838867188,84.98799896240234,8.45300006866455
2026-07-02 13:19:06,327.4549865722656,94.94999694824219,3.8550000190734863
2026-07-02 13:24:08,332.84100341796875,95.71099853515625,3.950000047683716
2026-07-02 13:29:10,292.2699890136719,94.02100372314453,3.4070000648498535
2026-07-02 13:51:47,1269.2679443359375,20.357999801635742,3.2039999961853027
2026-07-02 13:56:49,1013.6939697265625,29.437999725341797,3.700000047683716
2026-07-02 14:01:51,328.8160095214844,99.87799835205078,4.072000026702881
2026-07-02 14:06:53,1166.3570556640625,87.17500305175781,12.607999801635742
2026-07-02 14:11:56,1230.0780029296875,67.3759994506836,10.277000427246094
2026-07-02 14:16:58,819.051025390625,77.79000091552734,7.901000022888184
2026-07-02 14:22:00,1165.512939453125,93.0999984741211,13.454999923706055
2026-07-02 14:27:02,322.6719970703125,96.88300323486328,3.875999927520752
2026-07-02 14:32:04,293.8219909667969,93.99099731445312,3.4240000247955322
2026-07-02 14:37:06,292.4639892578125,98.01499938964844,3.555000066757202
2026-07-02 14:42:08,218.63800048828125,96.11399841308594,2.6059999465942383
2026-07-02 14:47:10,1033.4010009765625,92.52400207519531,11.855999946594238
2026-07-02 14:52:13,978.2860107421875,91.81400299072266,11.137999534606934
2026-07-02 14:57:15,960.0050048828125,90.7229995727539,10.800000190734863
2026-07-02 15:02:17,958.4550170898438,90.41400146484375,10.746000289916992
2026-07-02 15:07:19,946.2739868164062,91.27100372314453,10.710000038146973
2026-07-02 15:12:21,938.5650024414062,90.16899871826172,10.494000434875488
2026-07-02 15:17:23,922.5919799804688,90.6780014038086,10.37399959564209
2026-07-02 15:22:25,902.791015625,91.36799621582031,10.227999687194824
2026-07-02 15:27:28,893.2589721679688,89.6969985961914,9.9350004196167
2026-07-02 15:32:30,883.3460083007812,88.96600341796875,9.744999885559082
2026-07-02 15:37:32,873.468994140625,89.56999969482422,9.701000213623047
2026-07-02 15:42:34,860.3200073242188,89.44200134277344,9.541999816894531
2026-07-02 15:47:36,855.35302734375,87.98300170898438,9.331999778747559
2026-07-02 15:52:38,837.6220092773438,87.11799621582031,9.048999786376953
2026-07-02 15:57:40,818.614013671875,86.95600128173828,8.82699966430664
2026-07-02 16:02:42,806.6510009765625,86.54199981689453,8.656000137329102
2026-07-02 16:07:45,791.5469970703125,86.20700073242188,8.461000442504883
2026-07-02 16:12:47,779.06298828125,85.64800262451172,8.27400016784668
2026-07-02 16:17:49,764.7949829101562,85.6500015258789,8.123000144958496
2026-07-02 16:22:51,746.072998046875,84.91500091552734,7.855999946594238
2026-07-02 16:27:53,730.6610107421875,83.93499755859375,7.605000019073486
2026-07-02 16:32:55,717.1199951171875,83.01399993896484,7.381999969482422
2026-07-02 16:37:57,697.1420288085938,82.6510009765625,7.144999980926514
2026-07-02 16:43:00,679.426025390625,82.78500366210938,6.974999904632568
2026-07-02 16:48:02,665.7440185546875,81.9219970703125,6.763000011444092
2026-07-02 16:53:04,646.8590087890625,81.26100158691406,6.51800012588501
2026-07-02 16:58:06,631.9949951171875,80.23100280761719,6.288000106811523
2026-07-02 17:03:08,614.8109741210938,79.72200012207031,6.078000068664551
2026-07-02 17:08:10,596.3610229492188,79.44000244140625,5.874000072479248
2026-07-02 17:13:12,575.655029296875,78.58399963378906,5.609000205993652
2026-07-02 17:18:14,557.9849853515625,77.34400177001953,5.35099983215332
2026-07-02 17:23:17,537.5040283203125,76.30899810791016,5.085999965667725
2026-07-02 17:28:19,524.4500122070312,76.3290023803711,4.964000225067139
2026-07-02 17:33:21,515.5499877929688,73.81700134277344,4.718999862670898
2026-07-02 17:38:23,485.4949951171875,74.3479995727539,4.47599983215332
2026-07-02 17:43:25,467.68499755859375,73.55999755859375,4.265999794006348
2026-07-02 17:48:27,449.0379943847656,72.95500183105469,4.061999797821045
2026-07-02 17:53:29,430.87298583984375,72.3759994506836,3.867000102996826
2026-07-02 17:58:31,410.468994140625,71.84500122070312,3.6570000648498535
2026-07-02 18:03:34,55.73899841308594,490.3320007324219,3.3889999389648438
2026-07-02 18:08:36,55.09600067138672,463.5539855957031,3.1670000553131104
2026-07-02 18:13:38,54.9010009765625,437.2539978027344,2.9769999980926514
2026-07-02 18:18:40,54.013999938964844,413.2560119628906,2.7679998874664307
2026-07-02 18:23:42,52.808998107910156,376.49798583984375,2.4649999141693115
2026-07-02 18:28:44,51.6609992980957,110.11399841308594,0.7049999833106995
2026-07-02 18:33:46,50.81100082397461,111.89099884033203,0.7049999833106995
2026-07-02 18:38:49,50.46099853515625,110.24700164794922,0.6899999976158142
2026-07-02 18:43:51,49.40599822998047,109.39600372314453,0.6700000166893005
2026-07-02 18:48:53,48.65399932861328,104.5,0.6299999952316284
2026-07-02 18:53:55,47.430999755859375,108.68599700927734,0.6389999985694885
2026-07-02 18:58:57,45.965999603271484,109.37000274658203,0.6230000257492065
2026-07-02 19:03:59,45.49700164794922,110.19599914550781,0.621999979019165
2026-07-02 19:09:01,44.073001861572266,109.98999786376953,0.6010000109672546
2026-07-02 19:14:03,43.28499984741211,106.04399871826172,0.5690000057220459
2026-07-02 19:19:06,41.974998474121094,110.68800354003906,0.5759999752044678
2026-07-02 19:24:08,40.66299819946289,106.33699798583984,0.5360000133514404
2026-07-02 19:29:10,39.49800109863281,108.46399688720703,0.531000018119812
2026-07-02 19:34:12,38.58100128173828,109.08899688720703,0.5220000147819519
2026-07-02 19:39:14,37.56800079345703,108.322998046875,0.5049999952316284
2026-07-02 19:44:16,36.35900115966797,113.55000305175781,0.5120000243186951
2026-07-02 19:49:18,35.16999816894531,107.28399658203125,0.46799999475479126
2026-07-02 19:54:20,34.020999908447266,109.69499969482422,0.46299999952316284
2026-07-02 19:59:23,33.03499984741211,104.7969970703125,0.42899999022483826
2026-07-02 20:04:25,31.864999771118164,112.48699951171875,0.4440000057220459
2026-07-02 20:09:27,30.93600082397461,107.70800018310547,0.4129999876022339
2026-07-02 20:14:29,29.773000717163086,112.625,0.41600000858306885
2026-07-02 20:19:31,28.336000442504883,114.4739990234375,0.4020000100135803
2026-07-02 20:24:33,23.489999771118164,124.65499877929688,0.3630000054836273
2026-07-02 20:29:35,21.474000930786133,118.29399871826172,0.3149999976158142
2026-07-02 20:34:37,19.96299934387207,120.19300079345703,0.2980000078678131
2026-07-02 20:39:40,18.697999954223633,124.28199768066406,0.2879999876022339
2026-07-02 20:44:42,17.101999282836914,114.78600311279297,0.24300000071525574
2026-07-02 20:49:44,15.385000228881836,114.24700164794922,0.21799999475479126
2026-07-02 20:54:46,13.407999992370605,136.72300720214844,0.22699999809265137
2026-07-02 20:59:48,11.666000366210938,125.552001953125,0.18199999630451202
2026-07-02 21:04:50,9.807999610900879,123.98300170898438,0.1509999930858612
2026-07-02 21:09:52,7.952000141143799,112.40699768066406,0.11100000143051147
2026-07-02 21:14:55,6.047999858856201,132.26600646972656,0.0989999994635582
2026-07-02 21:19:57,4.25600004196167,40.24800109863281,0.020999999716877937
2026-07-02 21:24:59,2.8289999961853027,0.32899999618530273,0.0
2026-07-02 21:30:01,1.7580000162124634,0.19099999964237213,0.0
2026-07-03 05:51:42,1.7580000162124634,0.19099999964237213,0.0
2026-07-03 05:56:44,6.202000141143799,27.827999114990234,0.020999999716877937
2026-07-03 06:01:46,9.16100025177002,82.02400207519531,0.09300000220537186
2026-07-03 06:06:48,11.170000076293945,90.26699829101562,0.125
2026-07-03 06:11:50,12.756999969482422,87.11499786376953,0.1379999965429306
2026-07-03 06:16:52,15.20199966430664,88.86799621582031,0.1679999977350235
2026-07-03 06:21:54,17.910999298095703,91.66000366210938,0.20399999618530273
2026-07-03 06:26:56,20.959999084472656,85.56600189208984,0.22200000286102295
2026-07-03 06:31:59,25.895000457763672,88.54499816894531,0.2840000092983246
2026-07-03 06:37:01,24.913999557495117,89.5260009765625,0.2770000100135803
2026-07-03 06:42:03,30.065000534057617,86.15499877929688,0.32100000977516174
2026-07-03 06:47:05,33.04899978637695,83.23100280761719,0.3409999907016754
2026-07-03 06:52:07,37.46500015258789,86.08599853515625,0.4000000059604645
2026-07-03 06:57:09,43.05099868774414,85.99600219726562,0.45899999141693115
2026-07-03 07:02:11,45.8380012512207,83.78500366210938,0.47600001096725464
2026-07-03 07:07:14,46.625999450683594,86.38400268554688,0.49900001287460327
2026-07-03 07:12:16,55.207000732421875,84.16400146484375,0.5759999752044678
2026-07-03 07:17:18,68.16799926757812,82.36000061035156,0.6959999799728394
2026-07-03 07:22:20,65.81900024414062,84.69499969482422,0.6909999847412109
2026-07-03 07:27:22,55.33700180053711,86.09500122070312,0.5910000205039978
2026-07-03 07:32:24,53.3120002746582,85.41500091552734,0.5649999976158142
2026-07-03 07:37:26,53.0880012512207,88.44300079345703,0.5820000171661377
2026-07-03 07:42:29,52.95800018310547,88.86000061035156,0.5839999914169312
2026-07-03 07:47:31,53.25899887084961,89.20999908447266,0.5889999866485596
2026-07-03 07:52:33,54.94900131225586,88.59200286865234,0.6039999723434448
2026-07-03 07:57:35,194.08700561523438,25.29199981689453,0.609000027179718
2026-07-03 08:02:37,235.8489990234375,21.618000030517578,0.6320000290870667
2026-07-03 08:07:39,253.38299560546875,28.128999710083008,0.8840000033378601
2026-07-03 08:12:41,269.89801025390625,51.625999450683594,1.7280000448226929
2026-07-03 08:17:43,286.8550109863281,58.744998931884766,2.0899999141693115
2026-07-03 08:22:46,309.4670104980469,58.71900177001953,2.253000020980835
2026-07-03 08:27:48,325.59100341796875,59.97100067138672,2.4210000038146973
2026-07-03 08:32:50,344.8370056152344,59.895999908447266,2.561000108718872
2026-07-03 08:37:52,356.8550109863281,61.757999420166016,2.7330000400543213
2026-07-03 08:42:54,374.87298583984375,63.39899826049805,2.947000026702881
2026-07-03 08:47:56,392.4159851074219,64.46499633789062,3.13700008392334
2026-07-03 08:52:58,413.3599853515625,65.03500366210938,3.3329999446868896
2026-07-03 08:58:00,431.1059875488281,66.427001953125,3.5510001182556152
2026-07-03 09:03:03,453.7619934082031,67.52200317382812,3.7990000247955322
2026-07-03 09:08:05,469.3030090332031,68.23300170898438,3.9709999561309814
2026-07-03 09:13:07,486.72698974609375,67.7770004272461,4.091000080108643
2026-07-03 09:18:09,506.69500732421875,69.7969970703125,4.385000228881836
2026-07-03 09:23:11,524.2009887695312,70.28600311279297,4.568999767303467
2026-07-03 09:28:13,542.9420166015625,70.0770034790039,4.7179999351501465
2026-07-03 09:33:15,562.7949829101562,70.74800109863281,4.936999797821045
2026-07-03 09:38:17,579.7210083007812,71.26799774169922,5.123000144958496
2026-07-03 09:43:20,592.6649780273438,72.23600006103516,5.309000015258789
2026-07-03 09:48:22,616.2160034179688,72.8280029296875,5.565000057220459
2026-07-03 09:53:24,635.3259887695312,73.46399688720703,5.788000106811523
2026-07-03 09:58:26,653.5449829101562,74.58300018310547,6.044000148773193
2026-07-03 10:03:28,666.7379760742188,74.8499984741211,6.188000202178955
2026-07-03 10:08:30,679.8289794921875,74.23100280761719,6.257999897003174
2026-07-03 10:13:32,704.9600219726562,74.85199737548828,6.543000221252441
2026-07-03 10:18:34,726.406982421875,75.09500122070312,6.763999938964844
2026-07-03 10:23:37,739.8900146484375,76.06400299072266,6.979000091552734
2026-07-03 10:28:39,750.3369750976562,76.67400360107422,7.133999824523926
2026-07-03 10:33:41,771.85302734375,76.83699798583984,7.354000091552734
2026-07-03 10:38:43,788.583984375,76.18900299072266,7.449999809265137
2026-07-03 10:43:45,795.655029296875,78.06400299072266,7.702000141143799
2026-07-03 10:45:29,802.8300170898438,77.42400360107422,7.708000183105469
2026-07-03 10:45:48,804.2369995117188,77.56300354003906,7.735000133514404
2026-07-03 10:51:46,843.2369995117188,77.79100036621094,8.133999824523926
2026-07-03 11:42:39,961.5499877929688,82.302001953125,9.812999725341797
2026-07-03 11:46:59,969.31201171875,82.15399932861328,9.875
2026-07-03 12:02:36,1005.7050170898438,85.22799682617188,10.628999710083008
2026-07-03 12:07:38,992.7999877929688,86.28900146484375,10.623000144958496
2026-07-03 17:05:20,216.19400024414062,53.816001892089844,1.4429999589920044
2026-07-03 17:07:59,502.8550109863281,65.8499984741211,4.105999946594238
2026-07-03 17:09:34,113.05599975585938,95.13899993896484,1.3339999914169312
2026-07-03 17:10:59,113.40599822998047,97.53700256347656,1.371999979019165
2026-07-03 17:13:01,104.85700225830078,98.74199676513672,1.284000039100647
2026-07-03 17:14:30,349.4079895019531,68.49199676513672,2.9679999351501465
2026-07-03 17:15:15,561.051025390625,77.52999877929688,5.394000053405762
2026-07-03 17:15:59,566.4660034179688,77.62999725341797,5.453000068664551
2026-07-03 17:17:20,102.42900085449219,149.93600463867188,1.9040000438690186
2026-07-03 17:18:00,99.83499908447266,95.68699645996094,1.184999942779541
2026-07-03 17:23:02,380.9259948730469,48.49700164794922,2.2909998893737793
2026-07-03 17:28:04,568.0180053710938,74.64900207519531,5.257999897003174
2026-07-03 17:33:07,541.822021484375,72.52899932861328,4.873000144958496
2026-07-03 17:38:09,525.2410278320312,71.26499938964844,4.640999794006348
2026-07-03 17:43:11,504.4549865722656,71.49800109863281,4.4720001220703125
2026-07-03 17:48:13,478.1990051269531,70.53900146484375,4.183000087738037
2026-07-03 17:53:15,440.864013671875,68.88800048828125,3.7660000324249268
2026-07-03 17:58:17,420.9440002441406,67.68099975585938,3.5329999923706055
2026-07-03 18:03:19,63.3650016784668,425.0459899902344,3.3399999141693115
2026-07-03 18:08:21,61.446998596191406,408.9859924316406,3.115999937057495
2026-07-03 18:13:23,63.470001220703125,381.74200439453125,3.003999948501587
2026-07-03 18:18:26,57.755001068115234,387.19500732421875,2.7730000019073486
2026-07-03 18:23:28,55.441001892089844,364.4750061035156,2.50600004196167
2026-07-03 18:28:30,54.17100143432617,102.37100219726562,0.6880000233650208
2026-07-03 18:33:32,52.9010009765625,104.29900360107422,0.6840000152587891
2026-07-03 18:38:34,51.40800094604492,107.11900329589844,0.6830000281333923
2026-07-03 18:43:36,50.257999420166016,109.36900329589844,0.6819999814033508
2026-07-03 18:48:38,49.29800033569336,103.84400177001953,0.6349999904632568
2026-07-03 18:53:40,48.33599853515625,104.80899810791016,0.628000020980835
2026-07-03 18:58:42,47.24599838256836,104.38700103759766,0.6119999885559082
2026-07-03 19:03:45,46.39500045776367,104.29299926757812,0.6000000238418579
2026-07-03 19:08:47,45.249000549316406,103.8280029296875,0.5830000042915344
2026-07-03 19:13:49,44.05500030517578,106.13300323486328,0.5799999833106995
2026-07-03 19:18:51,43.28300094604492,104.33499908447266,0.5600000023841858
2026-07-03 19:23:53,42.28099822998047,104.07099914550781,0.5460000038146973
2026-07-03 19:28:55,41.30500030517578,106.49199676513672,0.5450000166893005
2026-07-03 19:33:57,40.44499969482422,110.69599914550781,0.5550000071525574
2026-07-03 19:38:59,39.33700180053711,102.33799743652344,0.49900001287460327
2026-07-03 19:44:01,38.10499954223633,109.33200073242188,0.5170000195503235
2026-07-03 19:49:04,37.323001861572266,101.03800201416016,0.46799999475479126
2026-07-03 19:54:06,36.27199935913086,105.21800231933594,0.4729999899864197
2026-07-03 19:59:08,35.027000427246094,105.40899658203125,0.4580000042915344
2026-07-03 20:04:10,32.08000183105469,111.22100067138672,0.44200000166893005
2026-07-03 20:09:12,32.15999984741211,102.80400085449219,0.4099999964237213
2026-07-03 20:14:14,30.527999877929688,108.552001953125,0.41100001335144043
2026-07-03 20:19:16,29.240999221801758,107.39800262451172,0.3889999985694885
2026-07-03 20:24:18,23.96299934387207,116.10600280761719,0.3449999988079071
2026-07-03 20:29:20,21.56100082397461,124.99400329589844,0.33399999141693115
2026-07-03 20:34:22,19.861000061035156,124.70800018310547,0.3070000112056732
2026-07-03 20:39:25,18.27400016784668,115.17400360107422,0.26100000739097595
2026-07-03 20:44:27,16.906999588012695,126.94999694824219,0.26600000262260437
2026-07-03 20:49:29,15.237000465393066,131.85000610351562,0.24899999797344208
2026-07-03 20:54:31,13.579000473022461,128.30799865722656,0.2160000056028366
2026-07-03 20:59:33,11.557000160217285,106.44100189208984,0.15299999713897705
2026-07-03 21:04:35,9.798999786376953,131.66299438476562,0.1599999964237213
2026-07-03 21:09:37,7.802999973297119,140.2519989013672,0.13600000739097595
2026-07-03 21:14:39,6.13700008392334,147.9029998779297,0.11299999803304672
2026-07-03 21:19:41,4.526000022888184,38.27199935913086,0.020999999716877937
2026-07-03 21:24:44,3.061000108718872,0.3019999861717224,0.0
2026-07-03 21:29:46,1.6480000019073486,0.27900001406669617,0.0
2026-07-04 05:52:25,1.6480000019073486,0.27900001406669617,0.0
2026-07-04 05:57:27,7.581999778747559,89.39800262451172,0.08399999886751175
2026-07-04 06:02:29,9.472000122070312,107.80500030517578,0.12700000405311584
2026-07-04 06:07:31,11.845000267028809,88.63400268554688,0.12999999523162842
2026-07-04 06:12:33,13.831000328063965,84.2229995727539,0.14399999380111694
2026-07-04 06:17:35,15.98900032043457,95.06400299072266,0.18799999356269836
2026-07-04 06:22:37,18.510000228881836,98.44000244140625,0.22599999606609344
2026-07-04 06:27:39,20.613000869750977,99.77899932861328,0.2549999952316284
2026-07-04 06:32:41,24.718000411987305,90.79499816894531,0.27799999713897705
2026-07-04 06:37:43,26.2810001373291,93.49400329589844,0.3050000071525574
2026-07-04 06:42:46,28.937000274658203,92.0260009765625,0.33000001311302185
2026-07-04 06:47:48,30.725000381469727,94.30999755859375,0.35899999737739563
2026-07-04 06:52:50,32.72700119018555,89.99299621582031,0.36500000953674316
2026-07-04 06:57:52,34.32699966430664,85.9469985961914,0.3659999966621399
2026-07-04 07:02:54,35.874000549316406,92.2509994506836,0.4099999964237213
2026-07-04 07:07:56,37.694000244140625,90.677001953125,0.42399999499320984
2026-07-04 07:12:58,39.2869987487793,91.61499786376953,0.44600000977516174
2026-07-04 07:18:00,41.22999954223633,93.75,0.4790000021457672
2026-07-04 07:23:02,42.720001220703125,92.5199966430664,0.49000000953674316
2026-07-04 07:28:04,44.32099914550781,89.29499816894531,0.4909999966621399
2026-07-04 07:33:07,45.834999084472656,93.8740005493164,0.5339999794960022
2026-07-04 07:38:09,47.573001861572266,91.1259994506836,0.5379999876022339
2026-07-04 07:43:11,49.01300048828125,88.11499786376953,0.5360000133514404
2026-07-04 07:48:13,50.6510009765625,87.78900146484375,0.5509999990463257
2026-07-04 07:53:15,52.0890007019043,87.63800048828125,0.5659999847412109
2026-07-04 07:58:17,222.2449951171875,21.17099952697754,0.5830000042915344
2026-07-04 08:03:19,241.0240020751953,20.288999557495117,0.6060000061988831
2026-07-04 08:08:21,260.3840026855469,39.53200149536133,1.2760000228881836
2026-07-04 08:13:23,277.27801513671875,55.71900177001953,1.9160000085830688
2026-07-04 08:18:25,294.4800109863281,57.7130012512207,2.1070001125335693
2026-07-04 08:23:28,312.1830139160156,58.340999603271484,2.257999897003174
2026-07-04 08:28:30,332.56201171875,58.367000579833984,2.4070000648498535
2026-07-04 08:33:32,352.489013671875,59.64500045776367,2.6070001125335693
2026-07-04 08:38:34,373.0950012207031,61.03099822998047,2.8239998817443848
2026-07-04 08:43:36,390.7590026855469,61.87200164794922,2.997999906539917
2026-07-04 08:48:38,411.7439880371094,62.694000244140625,3.2009999752044678
2026-07-04 08:53:40,429.1090087890625,63.20399856567383,3.36299991607666
2026-07-04 08:58:42,447.5660095214844,64.28700256347656,3.568000078201294
2026-07-04 09:03:44,467.1860046386719,65.4729995727539,3.7929999828338623
2026-07-04 09:08:46,489.5450134277344,65.61000061035156,3.9830000400543213
2026-07-04 09:13:49,509.0190124511719,66.15299987792969,4.175000190734863
2026-07-04 09:18:51,528.56201171875,66.99099731445312,4.390999794006348
2026-07-04 09:23:53,545.760009765625,68.11699676513672,4.610000133514404
2026-07-04 09:28:55,563.9869995117188,68.55999755859375,4.795000076293945
2026-07-04 09:33:57,583.0650024414062,68.77300262451172,4.9720001220703125
2026-07-04 09:38:59,599.7260131835938,69.6050033569336,5.176000118255615
2026-07-04 09:44:01,615.6630249023438,70.3479995727539,5.370999813079834
2026-07-04 09:49:03,633.0540161132812,70.697998046875,5.550000190734863
2026-07-04 09:54:05,650.6400146484375,72.5719985961914,5.855000019073486
2026-07-04 09:59:08,669.4509887695312,72.93900299072266,6.054999828338623
2026-07-04 10:04:10,685.35400390625,73.18299865722656,6.218999862670898
2026-07-04 10:09:12,701.5449829101562,73.74400329589844,6.414999961853027
2026-07-04 10:14:14,721.5360107421875,73.78600311279297,6.6020002365112305
2026-07-04 10:19:16,737.2249755859375,74.87300109863281,6.84499979019165
2026-07-04 10:24:18,753.0650024414062,74.82599639892578,6.986999988555908
2026-07-04 10:29:20,770.416015625,76.45500183105469,7.303999900817871
2026-07-04 10:34:22,784.52099609375,76.78299713134766,7.468999862670898
2026-07-04 10:39:24,800.447998046875,77.375,7.679999828338623
2026-07-04 10:44:27,814.2219848632812,77.4469985961914,7.818999767303467
2026-07-04 10:49:29,829.5819702148438,78.03800201416016,8.027999877929688
2026-07-04 10:54:31,845.125,78.28500366210938,8.204000473022461
2026-07-04 10:59:33,860.4940185546875,78.13600158691406,8.336999893188477
2026-07-04 11:04:35,873.541015625,78.9260025024414,8.548999786376953
2026-07-04 11:09:37,887.197021484375,79.88400268554688,8.788000106811523
2026-07-04 11:14:39,902.5070190429688,80.43099975585938,9.00100040435791
2026-07-04 11:19:41,915.4580078125,80.99099731445312,9.194000244140625
2026-07-04 11:24:43,926.1669921875,81.64299774169922,9.37600040435791
2026-07-04 11:29:45,936.677001953125,82.2979965209961,9.559000015258789
2026-07-04 11:34:47,945.1270141601562,83.0510025024414,9.732999801635742
2026-07-04 11:39:50,956.5230102539062,84.2030029296875,9.987000465393066
2026-07-04 11:44:52,964.2100219726562,84.51799774169922,10.104999542236328
2026-07-04 11:49:54,976.3469848632812,85.62200164794922,10.366000175476074
2026-07-04 11:54:56,987.7969970703125,85.70800018310547,10.498000144958496
2026-07-04 11:59:58,992.8510131835938,86.43399810791016,10.640999794006348
2026-07-04 12:05:00,1000.7020263671875,86.35399627685547,10.71500015258789
2026-07-04 12:10:02,1005.156982421875,87.81700134277344,10.946000099182129
2026-07-04 12:15:04,1010.68798828125,88.11100006103516,11.043000221252441
2026-07-04 12:20:07,1015.6480102539062,89.1449966430664,11.22700023651123
2026-07-04 12:25:09,1020.8179931640625,89.70899963378906,11.354999542236328
2026-07-04 12:30:11,1024.77001953125,91.25,11.595000267028809
2026-07-04 12:35:13,1030.2230224609375,92.61199951171875,11.831000328063965
2026-07-04 12:40:15,1028.5389404296875,93.65799713134766,11.944999694824219
2026-07-04 12:45:17,1033.5699462890625,94.88800048828125,12.16100025177002
2026-07-04 12:50:19,1037.573974609375,96.38999938964844,12.401000022888184
2026-07-04 12:55:21,1038.384033203125,96.45899963378906,12.420000076293945
2026-07-04 13:00:23,1041.115966796875,95.81700134277344,12.369999885559082
2026-07-04 13:05:26,1034.5670166015625,97.34600067138672,12.48799991607666
2026-07-04 13:10:28,1034.092041015625,98.11100006103516,12.579999923706055
2026-07-04 13:15:30,1032.5489501953125,98.677001953125,12.633999824523926
2026-07-04 13:20:32,1028.5279541015625,98.55799865722656,12.569999694824219
2026-07-04 13:25:34,1035.626953125,98.3290023803711,12.626999855041504
2026-07-04 13:30:36,1032.9189453125,99.63999938964844,12.76200008392334
2026-07-04 13:52:29,1021.4450073242188,17.628999710083008,2.2330000400543213
2026-07-04 13:57:31,1017.39697265625,91.1719970703125,11.501999855041504
2026-07-04 14:02:33,1011.4879760742188,92.49500274658203,11.60099983215332
2026-07-04 14:07:35,1008.2239990234375,94.09500122070312,11.763999938964844
2026-07-04 14:12:37,1005.4310302734375,95.98300170898438,11.967000007629395
2026-07-04 14:17:39,1006.7219848632812,95.95800018310547,11.979000091552734
2026-07-04 14:22:41,1011.1519775390625,96.50700378417969,12.100000381469727
2026-07-04 14:27:43,1003.5889892578125,96.6729965209961,12.029999732971191
2026-07-04 14:32:45,998.6909790039062,98.08899688720703,12.147000312805176
2026-07-04 14:37:48,994.4229736328125,98.23899841308594,12.11400032043457
2026-07-04 14:42:50,985.5999755859375,98.8290023803711,12.07800006866455
2026-07-04 14:47:52,980.5969848632812,97.78299713134766,11.890000343322754
2026-07-04 14:52:54,972.9760131835938,98.41000366210938,11.873000144958496
2026-07-04 14:57:56,966.8480224609375,98.9540023803711,11.86299991607666
2026-07-04 15:02:58,957.6959838867188,99.33599853515625,11.79699993133545
2026-07-04 15:08:00,949.4650268554688,99.27400207519531,11.687999725341797
2026-07-04 15:13:02,938.3410034179688,98.34100341796875,11.442000389099121
2026-07-04 15:18:04,931.4650268554688,97.83599853515625,11.300000190734863
2026-07-04 15:23:06,920.5989990234375,97.65899658203125,11.14799976348877
2026-07-04 15:28:09,908.2080078125,97.44999694824219,10.975000381469727
2026-07-04 15:33:11,895.6339721679688,96.74299621582031,10.744000434875488
2026-07-04 15:38:13,883.8720092773438,96.2020034790039,10.543999671936035
2026-07-04 15:43:15,870.718017578125,95.55699920654297,10.317000389099121
2026-07-04 15:48:17,856.3070068359375,95.99500274658203,10.192999839782715
2026-07-04 15:53:19,841.3709716796875,95.95899963378906,10.01099967956543
2026-07-04 15:58:21,829.2689819335938,95.22599792480469,9.791999816894531
2026-07-04 16:03:23,816.10302734375,94.7040023803711,9.583999633789062
2026-07-04 16:08:25,804.406982421875,93.27300262451172,9.303999900817871
2026-07-04 16:13:27,792.9420166015625,92.50499725341797,9.095999717712402
2026-07-04 16:18:29,776.1950073242188,92.87100219726562,8.939000129699707
2026-07-04 16:23:32,758.6010131835938,92.06800079345703,8.66100025177002
2026-07-04 16:28:34,744.2789916992188,90.77899932861328,8.378000259399414
2026-07-04 16:33:36,724.4749755859375,90.94999694824219,8.170000076293945
2026-07-04 16:38:38,710.2520141601562,89.9729995727539,7.923999786376953
2026-07-04 16:43:40,697.3870239257812,88.83200073242188,7.682000160217285
2026-07-04 16:48:42,677.9219970703125,88.31900024414062,7.423999786376953
2026-07-04 16:53:44,664.0780029296875,86.14199829101562,7.0929999351501465
2026-07-04 16:58:46,647.5020141601562,86.39700317382812,6.936999797821045
2026-07-04 17:03:48,629.8170166015625,85.23600006103516,6.6570000648498535
2026-07-04 17:08:50,611.3300170898438,84.64099884033203,6.415999889373779
2026-07-04 17:13:53,592.3909912109375,83.28199768066406,6.118000030517578
2026-07-04 17:18:55,573.677978515625,83.10900115966797,5.9120001792907715
2026-07-04 17:23:57,555.6640014648438,82.69300079345703,5.697999954223633
2026-07-04 17:28:59,538.843017578125,81.73500061035156,5.460999965667725
2026-07-04 17:34:01,532.864013671875,78.4729995727539,5.184999942779541
2026-07-04 17:39:03,500.00201416015625,78.81600189208984,4.88700008392334
2026-07-04 17:44:05,480.5299987792969,78.27300262451172,4.664000034332275
2026-07-04 17:49:07,461.3580017089844,76.77200317382812,4.392000198364258
2026-07-04 17:54:09,442.89599609375,74.91100311279297,4.113999843597412
2026-07-04 17:59:12,424.63299560546875,74.59200286865234,3.927999973297119
2026-07-04 18:04:14,51.65299987792969,574.4520263671875,3.678999900817871
2026-07-04 18:09:16,49.915000915527344,552.2369995117188,3.4179999828338623
2026-07-04 18:14:18,49.1150016784668,524.448974609375,3.194000005722046
2026-07-04 18:19:20,47.979000091552734,499.7080078125,2.9730000495910645
2026-07-04 18:24:22,47.28900146484375,462.1099853515625,2.7100000381469727
2026-07-04 18:29:24,46.35200119018555,116.22899627685547,0.6679999828338623
2026-07-04 18:34:26,46.097999572753906,116.01300048828125,0.6629999876022339
2026-07-04 18:39:28,45.224998474121094,114.72599792480469,0.6430000066757202
2026-07-04 18:44:30,44.090999603271484,114.78800201416016,0.628000020980835
2026-07-04 18:49:33,43.650001525878906,113.26100158691406,0.6129999756813049
2026-07-04 18:54:35,42.8849983215332,117.94999694824219,0.6269999742507935
2026-07-04 18:59:37,42.20100021362305,114.13999938964844,0.597000002861023
2026-07-04 19:04:39,41.34600067138672,114.80400085449219,0.5889999866485596
2026-07-04 19:09:41,40.277000427246094,117.63400268554688,0.5870000123977661
2026-07-04 19:14:43,39.67300033569336,111.52899932861328,0.5490000247955322
2026-07-04 19:19:45,38.58700180053711,117.13899993896484,0.5600000023841858
2026-07-04 19:24:47,37.733001708984375,118.26799774169922,0.5529999732971191
2026-07-04 19:29:49,37.08300018310547,119.15399932861328,0.5479999780654907
2026-07-04 19:34:52,35.926998138427734,115.27300262451172,0.5139999985694885
2026-07-04 19:39:54,35.20199966430664,121.88300323486328,0.5320000052452087
2026-07-04 19:44:56,34.290000915527344,122.76699829101562,0.5220000147819519
2026-07-04 19:49:58,33.41899871826172,121.80400085449219,0.5049999952316284
2026-07-04 19:55:00,32.55099868774414,123.48999786376953,0.49799999594688416
2026-07-04 20:00:02,31.634000778198242,116.83399963378906,0.4580000042915344
2026-07-04 20:05:04,30.64900016784668,115.39800262451172,0.4390000104904175
2026-07-04 20:10:06,29.757999420166016,122.6780014038086,0.453000009059906
2026-07-04 20:15:09,28.840999603271484,118.25199890136719,0.4230000078678131
2026-07-04 20:20:11,27.4950008392334,114.8499984741211,0.3919999897480011
2026-07-04 20:25:13,22.06599998474121,133.08399963378906,0.36399999260902405
2026-07-04 20:30:15,20.354000091552734,128.85499572753906,0.32499998807907104
2026-07-04 20:35:17,18.84600067138672,135.82899475097656,0.31700000166893005
2026-07-04 20:40:19,17.374000549316406,147.42799377441406,0.3179999887943268
2026-07-04 20:45:21,15.963000297546387,143.85400390625,0.2849999964237213
2026-07-04 20:50:23,14.133000373840332,146.125,0.25600001215934753
2026-07-04 20:55:25,12.456999778747559,137.7449951171875,0.21299999952316284
2026-07-04 21:00:27,10.805000305175781,122.25499725341797,0.164000004529953
2026-07-04 21:05:29,9.081000328063965,159.64300537109375,0.18000000715255737
2026-07-04 21:10:32,7.1539998054504395,171.87600708007812,0.15199999511241913
2026-07-04 21:15:34,5.693999767303467,160.718994140625,0.11299999803304672
2026-07-04 21:20:36,4.2129998207092285,23.445999145507812,0.012000000104308128
2026-07-04 21:25:38,2.680999994277954,0.34700000286102295,0.0
2026-07-04 21:30:40,1.2589999437332153,0.28600001335144043,0.0
2026-07-05 05:53:06,1.2589999437332153,0.28600001335144043,0.0
2026-07-05 05:58:08,7.189000129699707,82.77899932861328,0.07400000095367432
2026-07-05 06:03:10,9.031000137329102,93.27999877929688,0.10400000214576721
2026-07-05 06:08:12,11.489999771118164,92.37799835205078,0.13199999928474426
2026-07-05 06:13:14,13.335000038146973,99.5459976196289,0.16500000655651093
2026-07-05 06:18:16,15.909000396728516,104.58100128173828,0.20600000023841858
2026-07-05 06:23:18,17.969999313354492,97.13500213623047,0.2160000056028366
2026-07-05 06:28:20,20.184999465942383,89.96099853515625,0.22499999403953552
2026-07-05 06:33:22,22.999000549316406,93.552001953125,0.2669999897480011
2026-07-05 06:38:25,25.732999801635742,93.36799621582031,0.2980000078678131
2026-07-05 06:43:27,27.618000030517578,90.89099884033203,0.3109999895095825
2026-07-05 06:48:29,29.386999130249023,94.61599731445312,0.3449999988079071
2026-07-05 06:53:31,31.18400001525879,98.55000305175781,0.38100001215934753
2026-07-05 06:58:33,32.5369987487793,96.4749984741211,0.3889999985694885
2026-07-05 07:03:35,34.34299850463867,94.11499786376953,0.4009999930858612
2026-07-05 07:08:37,35.23699951171875,94.4209976196289,0.4129999876022339
2026-07-05 07:13:39,36.457000732421875,95.15899658203125,0.4300000071525574
2026-07-05 07:18:41,37.70100021362305,96.43900299072266,0.45100000500679016
2026-07-05 07:23:44,38.86399841308594,100.51000213623047,0.48399999737739563
2026-07-05 07:28:46,40.22600173950195,98.5530014038086,0.492000013589859
2026-07-05 07:33:48,41.29100036621094,99.73600006103516,0.5109999775886536
2026-07-05 07:38:50,42.433998107910156,97.99600219726562,0.515999972820282
2026-07-05 07:43:52,43.678001403808594,101.21600341796875,0.5479999780654907
2026-07-05 07:48:54,44.50699996948242,98.66500091552734,0.5450000166893005
2026-07-05 07:53:56,46.16899871826172,94.13800048828125,0.5389999747276306
2026-07-05 07:58:58,229.7989959716797,19.749000549316406,0.5630000233650208
2026-07-05 08:04:00,249.01499938964844,19.238000869750977,0.593999981880188
2026-07-05 08:09:02,265.1789855957031,54.0620002746582,1.777999997138977
2026-07-05 08:14:04,283.2590026855469,60.58300018310547,2.128000020980835
2026-07-05 08:19:07,301.34600830078125,60.69300079345703,2.2679998874664307
2026-07-05 08:24:09,318.8210144042969,62.18299865722656,2.4579999446868896
2026-07-05 08:29:11,335.9840087890625,63.027000427246094,2.625999927520752
2026-07-05 08:34:13,354.0429992675781,63.94300079345703,2.806999921798706
2026-07-05 08:39:15,372.24700927734375,65.27899932861328,3.013000011444092
2026-07-05 08:44:17,393.08599853515625,66.572998046875,3.244999885559082
2026-07-05 08:49:19,410.0870056152344,66.76399993896484,3.3949999809265137
2026-07-05 08:54:21,428.1189880371094,68.4000015258789,3.63100004196167
2026-07-05 08:59:23,444.77301025390625,69.74199676513672,3.8459999561309814
2026-07-05 09:04:25,463.85101318359375,70.39700317382812,4.048999786376953
2026-07-05 09:09:27,480.3890075683594,72.00800323486328,4.289000034332275
2026-07-05 09:14:30,499.6619873046875,71.69300079345703,4.441999912261963
2026-07-05 09:19:32,520.0159912109375,72.84200286865234,4.697000026702881
2026-07-05 09:24:34,534.427001953125,74.31900024414062,4.925000190734863
2026-07-05 09:29:36,552.3289794921875,74.7030029296875,5.116000175476074
2026-07-05 09:34:38,569.8900146484375,75.0510025024414,5.303999900817871
2026-07-05 09:39:40,587.9459838867188,75.94999694824219,5.5370001792907715
2026-07-05 09:44:42,604.56201171875,76.54199981689453,5.73799991607666
2026-07-05 09:49:44,622.6129760742188,77.4229965209961,5.9770002365112305
2026-07-05 09:54:46,639.781005859375,77.85099792480469,6.176000118255615
2026-07-05 09:59:49,656.030029296875,79.09100341796875,6.434000015258789
2026-07-05 10:04:51,674.3679809570312,79.05400085449219,6.611000061035156
2026-07-05 10:09:53,692.6630249023438,79.89299774169922,6.861999988555908
2026-07-05 10:14:55,707.8469848632812,80.27799987792969,7.046000003814697
2026-07-05 10:19:57,727.1270141601562,80.82499694824219,7.2870001792907715
2026-07-05 10:24:59,742.093994140625,81.44599914550781,7.494999885559082
2026-07-05 10:30:01,755.9180297851562,81.76899719238281,7.664999961853027
2026-07-05 10:35:03,771.5469970703125,82.54499816894531,7.896999835968018
2026-07-05 10:40:06,787.1179809570312,82.58699798583984,8.060999870300293
2026-07-05 10:45:08,803.35302734375,83.31600189208984,8.300000190734863
2026-07-05 10:50:10,818.06201171875,83.48899841308594,8.468999862670898
2026-07-05 10:55:12,835.2769775390625,83.88300323486328,8.687999725341797
2026-07-05 11:00:14,848.5460205078125,84.86699676513672,8.930000305175781
2026-07-05 11:05:16,864.573974609375,85.43900299072266,9.15999984741211
2026-07-05 11:10:18,878.0430297851562,85.61799621582031,9.321999549865723
2026-07-05 11:15:20,887.5889892578125,86.33399963378906,9.501999855041504
2026-07-05 11:20:22,900.5900268554688,86.88999938964844,9.70300006866455
2026-07-05 11:25:24,910.3699951171875,86.80000305175781,9.798999786376953
2026-07-05 11:30:26,920.5440063476562,87.91000366210938,10.03499984741211
2026-07-05 11:35:29,930.5850219726562,87.82599639892578,10.133999824523926
2026-07-05 11:40:31,941.5770263671875,88.927001953125,10.383000373840332
2026-07-05 11:45:33,950.0869750976562,89.12300109863281,10.5
2026-07-05 11:50:35,961.1699829101562,89.48600006103516,10.664999961853027
2026-07-05 11:55:37,968.1530151367188,90.66699981689453,10.885000228881836
2026-07-05 12:00:39,972.1649780273438,91.10800170898438,10.982999801635742
2026-07-05 12:05:41,981.9409790039062,92.3489990234375,11.244000434875488
2026-07-05 12:10:43,989.2369995117188,93.12899780273438,11.423999786376953
2026-07-05 12:15:45,994.0850219726562,93.8030014038086,11.562999725341797
2026-07-05 12:20:47,1001.52197265625,94.56400299072266,11.744000434875488
2026-07-05 12:25:50,1003.6890258789062,95.28500366210938,11.859000205993652
2026-07-05 12:30:52,1006.7869873046875,96.97000122070312,12.105999946594238
2026-07-05 12:35:54,1009.656982421875,97.72599792480469,12.234999656677246
2026-07-05 12:40:56,1015.0330200195312,98.80899810791016,12.435999870300293
2026-07-05 12:45:58,1017.760009765625,99.03600311279297,12.49899959564209
2026-07-05 12:51:00,1018.9099731445312,101.11699676513672,12.776000022888184
2026-07-05 12:56:02,1019.4949951171875,101.76100158691406,12.86400032043457
2026-07-05 13:01:04,1025.2249755859375,100.72899627685547,12.805000305175781
2026-07-05 13:06:06,1021.572998046875,101.70700073242188,12.883999824523926
2026-07-05 13:11:09,1022.375,102.20800018310547,12.956999778747559
2026-07-05 13:16:11,1024.2860107421875,102.94499969482422,13.074999809265137
2026-07-05 13:21:13,1026.1419677734375,102.56800079345703,13.050999641418457
2026-07-05 13:26:15,1023.5180053710938,102.92500305175781,13.062999725341797
2026-07-05 13:31:17,1024.35205078125,102.86699676513672,13.065999984741211
2026-07-05 13:53:22,1017.8670043945312,17.677000045776367,2.2309999465942383
2026-07-05 13:58:24,1014.4409790039062,95.12000274658203,11.96500015258789
2026-07-05 14:03:26,1010.2030029296875,96.7239990234375,12.116000175476074
2026-07-05 14:08:28,1009.531005859375,98.49700164794922,12.329999923706055
2026-07-05 14:13:30,1004.2509765625,99.6760025024414,12.411999702453613
2026-07-05 14:18:32,1000.2559814453125,99.0260009765625,12.281999588012695
2026-07-05 14:23:35,993.9199829101562,99.05400085449219,12.208000183105469
2026-07-05 14:28:37,987.7420043945312,100.16000366210938,12.267999649047852
2026-07-05 14:33:39,980.0460205078125,100.6050033569336,12.22599983215332
2026-07-05 14:38:41,977.72998046875,100.68900299072266,12.206999778747559
2026-07-05 14:43:43,972.2990112304688,100.90299987792969,12.164999961853027
2026-07-05 14:48:45,966.8779907226562,100.0250015258789,11.991999626159668
2026-07-05 14:53:47,956.4340209960938,100.4000015258789,11.906999588012695
2026-07-05 14:58:49,951.3389892578125,100.71499633789062,11.880999565124512
2026-07-05 15:03:51,939.7839965820312,101.31300354003906,11.805999755859375
2026-07-05 15:08:53,931.8469848632812,100.27400207519531,11.586999893188477
2026-07-05 15:13:55,921.5980224609375,100.91000366210938,11.531999588012695
2026-07-05 15:18:58,912.7379760742188,101.11599731445312,11.444000244140625
2026-07-05 15:24:00,899.3599853515625,100.68699645996094,11.229000091552734
2026-07-05 15:29:02,886.822998046875,100.64399719238281,11.067000389099121
2026-07-05 15:34:04,869.6339721679688,101.2239990234375,10.914999961853027
2026-07-05 15:39:06,858.7340087890625,100.4739990234375,10.699000358581543
2026-07-05 15:44:08,850.9390258789062,98.83000183105469,10.428000450134277
2026-07-05 15:49:10,839.4829711914062,97.38600158691406,10.137999534606934
2026-07-05 15:54:12,825.0349731445312,96.88700103759766,9.911999702453613
2026-07-05 15:59:14,807.1090087890625,96.0260009765625,9.609999656677246
2026-07-05 16:04:16,794.7930297851562,96.16600036621094,9.477999687194824
2026-07-05 16:09:18,784.9530029296875,95.40499877929688,9.28600025177002
2026-07-05 16:14:20,772.1849975585938,95.14800262451172,9.109999656677246
2026-07-05 16:19:23,778.2310180664062,94.66600036621094,9.135000228881836
2026-07-05 16:24:25,546.322021484375,114.46399688720703,7.754000186920166
2026-07-05 16:29:27,355.3190002441406,74.46600341796875,3.2809998989105225
2026-07-05 16:34:29,573.7069702148438,96.87000274658203,6.890999794006348
2026-07-05 16:39:31,678.7999877929688,94.69300079345703,7.96999979019165
2026-07-05 16:44:33,549.7990112304688,95.33100128173828,6.499000072479248
2026-07-05 16:49:35,479.1570129394531,94.87899780273438,5.63700008392334
2026-07-05 16:54:37,497.69500732421875,94.1500015258789,5.809999942779541
2026-07-05 16:59:40,318.4179992675781,96.46299743652344,3.809000015258789
2026-07-05 17:04:42,508.4909973144531,89.8280029296875,5.664000034332275
2026-07-05 17:09:44,370.2950134277344,96.02300262451172,4.408999919891357
2026-07-05 17:14:46,237.91799926757812,114.98899841308594,3.3919999599456787
2026-07-05 17:19:48,341.8630065917969,94.21499633789062,3.99399995803833
2026-07-05 17:24:50,614.2379760742188,85.38300323486328,6.502999782562256
2026-07-05 17:29:52,551.35302734375,85.43399810791016,5.841000080108643
2026-07-05 17:34:54,462.8110046386719,90.97599792480469,5.2210001945495605
2026-07-05 17:39:56,361.19500732421875,81.64299774169922,3.6570000648498535
2026-07-05 17:44:58,278.239990234375,88.25900268554688,3.0450000762939453
2026-07-05 17:50:01,264.864013671875,94.34400177001953,3.0989999771118164
2026-07-05 17:55:03,440.5140075683594,80.7959976196289,4.413000106811523
2026-07-05 18:00:05,261.00299072265625,90.81600189208984,2.938999891281128
2026-07-05 18:05:07,135.1750030517578,109.25,1.8309999704360962
2026-07-05 18:10:09,158.6230010986328,132.1820068359375,2.5999999046325684
2026-07-05 18:15:11,156.18299865722656,111.20600128173828,2.1540000438690186
2026-07-05 18:20:13,150.49099731445312,138.29299926757812,2.5810000896453857
2026-07-05 18:25:15,158.0229949951172,154.04800415039062,3.0190000534057617
2026-07-05 18:30:18,137.7779998779297,106.80899810791016,1.8250000476837158
2026-07-05 18:35:20,132.6699981689453,102.45700073242188,1.6859999895095825
2026-07-05 18:40:22,130.38400268554688,105.00800323486328,1.6979999542236328
2026-07-05 18:45:24,127.02899932861328,104.19000244140625,1.6410000324249268
2026-07-05 18:50:26,109.04499816894531,105.97100067138672,1.4329999685287476
2026-07-05 18:55:28,113.68900299072266,102.34100341796875,1.4429999589920044
2026-07-05 19:00:30,129.41299438476562,101.50800323486328,1.628999948501587
2026-07-05 19:05:32,110.21299743652344,104.85299682617188,1.4329999685287476
2026-07-05 19:10:34,104.03700256347656,103.46600341796875,1.3350000381469727
2026-07-05 19:15:36,95.51100158691406,103.71900177001953,1.2280000448226929
2026-07-05 19:20:39,80.99500274658203,103.78700256347656,1.0420000553131104
2026-07-05 19:25:41,75.6729965209961,103.33599853515625,0.9700000286102295
2026-07-05 19:30:43,63.845001220703125,109.3759994506836,0.8659999966621399
2026-07-05 19:35:45,68.4020004272461,103.79000091552734,0.8799999952316284
2026-07-05 19:40:47,64.64900207519531,106.26200103759766,0.8519999980926514
2026-07-05 19:45:49,60.65700149536133,106.875,0.8040000200271606
2026-07-05 19:50:51,57.8849983215332,104.91699981689453,0.753000020980835
2026-07-05 19:55:53,45.722999572753906,113.8270034790039,0.6449999809265137
2026-07-05 20:00:55,41.29600143432617,114.80899810791016,0.5879999995231628
2026-07-05 20:05:57,36.106998443603516,116.69300079345703,0.5220000147819519
2026-07-05 20:11:00,33.742000579833984,118.93800354003906,0.49799999594688416
2026-07-05 20:16:02,32.058998107910156,115.41500091552734,0.45899999141693115
2026-07-05 20:21:04,29.684999465942383,113.91999816894531,0.4189999997615814
2026-07-05 20:26:06,25.636999130249023,122.08499908447266,0.3880000114440918
2026-07-05 20:31:08,24.96500015258789,115.43599700927734,0.3569999933242798
2026-07-05 20:36:10,22.277999877929688,123.8949966430664,0.34200000762939453
2026-07-05 20:41:12,17.93600082397461,118.08200073242188,0.2630000114440918
2026-07-05 20:46:14,16.190000534057617,120.0989990234375,0.2409999966621399
2026-07-05 20:51:16,15.734999656677246,123.32599639892578,0.2409999966621399
2026-07-05 20:56:19,14.329000473022461,135.2729949951172,0.23999999463558197
2026-07-05 21:01:21,12.708999633789062,136.59800720214844,0.2150000035762787
2026-07-05 21:06:23,9.954000473022461,124.84600067138672,0.15399999916553497
2026-07-05 21:11:25,8.199000358581543,147.2050018310547,0.15000000596046448
2026-07-05 21:16:27,6.232999801635742,143.13900756835938,0.11100000143051147
2026-07-05 21:21:29,3.8940000534057617,0.30000001192092896,0.0
2026-07-05 21:26:31,1.409999966621399,0.25200000405311584,0.0
2026-07-06 05:53:44,1.409999966621399,0.25200000405311584,0.0
2026-07-06 05:58:46,8.081999778747559,54.777000427246094,0.054999999701976776
2026-07-06 06:03:48,10.949000358581543,82.25700378417969,0.1120000034570694
2026-07-06 06:08:50,13.746000289916992,78.81600189208984,0.1340000033378601
2026-07-06 06:13:52,15.777999877929688,82.54900360107422,0.16200000047683716
2026-07-06 06:18:54,18.312999725341797,88.6050033569336,0.20100000500679016
2026-07-06 06:23:56,20.590999603271484,90.21299743652344,0.23000000417232513
2026-07-06 06:28:58,23.06100082397461,89.88899993896484,0.25699999928474426
2026-07-06 06:34:00,26.413999557495117,87.82599639892578,0.2879999876022339
2026-07-06 06:39:02,29.90399932861328,88.93399810791016,0.33000001311302185
2026-07-06 06:44:05,32.1619987487793,89.55799865722656,0.3569999933242798
2026-07-06 06:49:07,34.08000183105469,93.46800231933594,0.39500001072883606
2026-07-06 06:54:09,35.595001220703125,91.5469970703125,0.40400001406669617
2026-07-06 06:59:11,37.415000915527344,93.03299713134766,0.4320000112056732
2026-07-06 07:04:13,38.81399917602539,96.76000213623047,0.4659999907016754
2026-07-06 07:09:15,39.86600112915039,93.79499816894531,0.46399998664855957
2026-07-06 07:14:17,41.29399871826172,95.5979995727539,0.49000000953674316
2026-07-06 07:19:19,42.78200149536133,93.36699676513672,0.4950000047683716
2026-07-06 07:24:21,44.78200149536133,90.65299987792969,0.503000020980835
2026-07-06 07:29:24,47.7760009765625,94.5989990234375,0.5600000023841858
2026-07-06 07:34:26,50.130001068115234,94.75,0.5889999866485596
2026-07-06 07:39:28,52.15800094604492,89.21800231933594,0.5770000219345093
2026-07-06 07:44:30,54.301998138427734,94.49800109863281,0.6359999775886536
2026-07-06 07:49:32,55.92900085449219,94.38700103759766,0.6549999713897705
2026-07-06 07:54:34,66.36100006103516,83.48300170898438,0.6869999766349792
2026-07-06 07:59:36,217.38299560546875,25.569000244140625,0.6890000104904175
2026-07-06 08:04:38,248.68600463867188,22.3799991607666,0.6899999976158142
2026-07-06 08:09:40,263.02899169921875,60.611000061035156,1.9769999980926514
2026-07-06 08:14:43,267.79998779296875,62.20600128173828,2.065999984741211
2026-07-06 08:19:45,304.4049987792969,62.48899841308594,2.3589999675750732
2026-07-06 08:24:47,322.89801025390625,63.680999755859375,2.549999952316284
2026-07-06 08:29:49,309.42401123046875,63.387001037597656,2.431999921798706
2026-07-06 08:34:51,330.67401123046875,65.55899810791016,2.687999963760376
2026-07-06 08:39:53,332.5010070800781,68.50399780273438,2.8239998817443848
2026-07-06 08:44:55,330.8110046386719,69.60800170898438,2.8550000190734863
2026-07-06 08:49:57,327.7650146484375,73.56199645996094,2.990000009536743
2026-07-06 08:54:59,401.8349914550781,70.5459976196289,3.515000104904175
2026-07-06 09:00:01,395.406005859375,72.04900360107422,3.5329999923706055
2026-07-06 09:05:04,422.77801513671875,71.54299926757812,3.750999927520752
2026-07-06 09:10:06,472.00201416015625,72.86299896240234,4.264999866485596
2026-07-06 09:15:08,487.1289978027344,73.03500366210938,4.4120001792907715
2026-07-06 09:20:10,506.2879943847656,73.32599639892578,4.603000164031982
2026-07-06 09:25:12,538.4219970703125,75.58699798583984,5.046000003814697
2026-07-06 09:30:14,525.3679809570312,76.47100067138672,4.98199987411499
2026-07-06 09:35:16,532.1939697265625,76.25399780273438,5.0320000648498535
2026-07-06 09:40:18,601.760009765625,75.89900207519531,5.663000106811523
2026-07-06 09:45:20,617.8930053710938,77.92900085449219,5.9710001945495605
2026-07-06 09:50:23,641.4349975585938,78.16600036621094,6.2170000076293945
2026-07-06 09:55:25,621.6420288085938,77.52400207519531,5.97599983215332
2026-07-06 10:00:27,652.9530029296875,79.49099731445312,6.435999870300293
2026-07-06 10:05:29,615.8209838867188,81.31900024414062,6.210000038146973
2026-07-06 10:10:31,674.9580078125,80.18699645996094,6.710999965667725
2026-07-06 10:15:33,699.3049926757812,81.75199890136719,7.089000225067139
2026-07-06 10:20:35,691.3709716796875,81.78800201416016,7.01200008392334
2026-07-06 10:25:37,758.5850219726562,81.48400115966797,7.664999961853027
2026-07-06 10:30:39,765.7230224609375,81.31900024414062,7.7210001945495605
2026-07-06 10:35:41,819.6160278320312,82.0270004272461,8.336999893188477
2026-07-06 10:40:44,772.0709838867188,83.50199890136719,7.99399995803833
2026-07-06 10:45:46,803.5269775390625,81.3270034790039,8.102999687194824
2026-07-06 10:50:48,841.156982421875,83.26100158691406,8.684000015258789
2026-07-06 10:55:50,809.6500244140625,86.8030014038086,8.71500015258789
2026-07-06 10:58:05,821.0330200195312,84.63600158691406,8.616999626159668
2026-07-06 11:03:07,836.3460083007812,86.36399841308594,8.956999778747559
2026-07-06 11:08:09,726.4299926757812,100.0009994506836,9.008000373840332
2026-07-06 11:13:11,784.39501953125,84.53700256347656,8.222000122070312
2026-07-06 11:18:13,813.969970703125,89.01899719238281,8.984999656677246
2026-07-06 11:23:15,786.1439819335938,90.5009994506836,8.821999549865723
2026-07-06 11:28:18,848.2030029296875,88.86399841308594,9.347000122070312
2026-07-06 11:33:20,927.3989868164062,89.21600341796875,10.260000228881836
2026-07-06 11:38:22,943.7990112304688,91.86799621582031,10.75100040435791
2026-07-06 11:43:24,921.0969848632812,90.76100158691406,10.366000175476074
2026-07-06 11:48:26,942.3270263671875,93.0009994506836,10.866999626159668
2026-07-06 11:53:28,953.4219970703125,91.56300354003906,10.824999809265137
2026-07-06 11:58:30,1003.2589721679688,91.50700378417969,11.383999824523926
2026-07-06 12:03:32,974.8300170898438,92.65899658203125,11.201000213623047
2026-07-06 12:08:34,1014.1950073242188,92.09400177001953,11.581999778747559
2026-07-06 12:13:36,1014.1190185546875,92.68399810791016,11.654999732971191
2026-07-06 12:18:39,1016.8410034179688,93.36299896240234,11.772000312805176
2026-07-06 12:23:41,1016.927978515625,94.51899719238281,11.918999671936035
2026-07-06 12:28:43,1022.10302734375,94.72699737548828,12.005999565124512
2026-07-06 12:33:45,1025.4720458984375,96.76599884033203,12.305000305175781
2026-07-06 12:38:47,1016.968994140625,98.25199890136719,12.390000343322754
2026-07-06 12:43:49,1022.3090209960938,98.16600036621094,12.444000244140625
2026-07-06 12:48:51,1027.053955078125,99.55699920654297,12.678999900817871
2026-07-06 12:53:53,1038.06494140625,99.80500030517578,12.847000122070312
2026-07-06 12:58:55,1029.56396484375,101.4000015258789,12.944999694824219
2026-07-06 13:03:58,1029.6710205078125,102.70600128173828,13.11299991607666
2026-07-06 13:09:00,1012.364990234375,103.14700317382812,12.947999954223633
2026-07-06 13:14:02,1024.906005859375,102.51599884033203,13.029000282287598
2026-07-06 13:19:04,1035.8260498046875,102.01499938964844,13.102999687194824
2026-07-06 13:24:06,1038.9749755859375,102.58599853515625,13.215999603271484
2026-07-06 13:29:08,1034.3499755859375,102.46299743652344,13.142000198364258
2026-07-06 13:52:09,1027.469970703125,100.47799682617188,12.802000045776367
2026-07-06 13:57:11,1028.2359619140625,100.98200225830078,12.875
2026-07-06 14:02:13,1000.5599975585938,102.01399993896484,12.656999588012695
2026-07-06 14:07:15,1003.7570190429688,101.15699768066406,12.590999603271484
2026-07-06 14:12:17,1016.614990234375,102.59400177001953,12.932999610900879
2026-07-06 14:17:20,1014.4229736328125,103.35900115966797,13.00100040435791
2026-07-06 14:22:22,1005.8900146484375,104.59600067138672,13.045999526977539
2026-07-06 14:27:24,995.5150146484375,103.052001953125,12.720999717712402
2026-07-06 14:32:26,992.2769775390625,102.60600280761719,12.625
2026-07-06 14:37:28,986.0910034179688,103.06900024414062,12.602999687194824
2026-07-06 14:42:30,983.4290161132812,101.78700256347656,12.411999702453613
2026-07-06 14:47:32,975.0239868164062,101.65699768066406,12.291000366210938
2026-07-06 14:52:34,966.4910278320312,102.30999755859375,12.26099967956543
2026-07-06 14:57:37,960.5910034179688,103.05599975585938,12.274999618530273
2026-07-06 15:02:39,948.0780029296875,102.697998046875,12.072999954223633
2026-07-06 15:07:41,939.0989990234375,104.0780029296875,12.119999885559082
2026-07-06 15:12:43,927.0579833984375,104.31800079345703,11.991999626159668
2026-07-06 15:17:45,920.708984375,102.61499786376953,11.71500015258789
2026-07-06 15:22:47,906.2860107421875,101.78700256347656,11.439000129699707
2026-07-06 15:27:49,898.0659790039062,101.1780014038086,11.267000198364258
2026-07-06 15:32:51,885.4650268554688,99.947998046875,10.973999977111816
2026-07-06 15:37:53,872.9210205078125,100.3280029296875,10.859999656677246
2026-07-06 15:42:55,864.7429809570312,99.88300323486328,10.710000038146973
2026-07-06 15:47:58,853.0469970703125,98.44300079345703,10.413000106811523
2026-07-06 15:53:00,840.9580078125,97.13700103759766,10.128999710083008
2026-07-06 15:58:02,827.47900390625,96.99199676513672,9.95199966430664
2026-07-06 16:03:04,868.9669799804688,92.94599914550781,10.015000343322754
2026-07-06 16:08:06,832.89599609375,94.93099975585938,9.803999900817871
2026-07-06 16:13:08,887.9910278320312,93.875,10.336999893188477
2026-07-06 16:18:10,284.79998779296875,98.0260009765625,3.4619998931884766
2026-07-06 16:23:12,662.5260009765625,107.38700103759766,8.821999549865723
2026-07-06 16:28:15,768.9940185546875,92.96299743652344,8.864999771118164
2026-07-06 16:33:17,754.2169799804688,91.80699920654297,8.586000442504883
2026-07-06 16:38:19,728.7570190429688,88.63800048828125,8.010000228881836
2026-07-06 16:43:21,768.416015625,90.79900360107422,8.652000427246094
2026-07-06 16:48:23,401.30999755859375,128.3209991455078,6.386000156402588
2026-07-06 16:53:25,245.8419952392578,105.9229965209961,3.2290000915527344
2026-07-06 16:58:27,240.41799926757812,105.5270004272461,3.1459999084472656
2026-07-06 17:03:29,302.00799560546875,101.61199951171875,3.805000066757202
2026-07-06 17:08:31,304.3219909667969,123.93299865722656,4.677000045776367
2026-07-06 17:13:33,672.6370239257812,88.7239990234375,7.400000095367432
2026-07-06 17:18:36,608.7949829101562,87.58599853515625,6.611999988555908
2026-07-06 17:23:38,552.25,86.62999725341797,5.932000160217285
2026-07-06 17:28:40,433.1369934082031,87.24099731445312,4.685999870300293
2026-07-06 17:33:42,454.1050109863281,83.58499908447266,4.706999778747559
2026-07-06 17:38:44,473.906005859375,83.48300170898438,4.906000137329102
2026-07-06 17:43:46,411.5140075683594,86.2300033569336,4.400000095367432
2026-07-06 17:48:48,377.6780090332031,82.8949966430664,3.881999969482422
2026-07-06 17:53:50,390.7090148925781,83.01000213623047,4.021999835968018
2026-07-06 17:58:53,439.864990234375,78.66200256347656,4.289999961853027
2026-07-06 18:03:55,89.4739990234375,346.9639892578125,3.8499999046325684
2026-07-06 18:08:57,82.72000122070312,315.5690002441406,3.236999988555908
2026-07-06 18:13:59,99.68699645996094,143.26100158691406,1.7710000276565552
2026-07-06 18:19:01,107.81700134277344,120.93599700927734,1.6169999837875366
2026-07-06 18:24:03,121.23400115966797,132.31300354003906,1.9889999628067017
2026-07-06 18:29:05,114.55500030517578,114.00700378417969,1.61899995803833
2026-07-06 18:34:07,102.39099884033203,108.91899871826172,1.3830000162124634
2026-07-06 18:39:09,102.57599639892578,107.10199737548828,1.3619999885559082
2026-07-06 18:44:11,121.16999816894531,103.50399780273438,1.5549999475479126
2026-07-06 18:49:13,118.37699890136719,106.08799743652344,1.5570000410079956
2026-07-06 18:54:16,87.76000213623047,113.74400329589844,1.2380000352859497
2026-07-06 18:59:18,65.7969970703125,111.93599700927734,0.9129999876022339
2026-07-06 19:04:20,54.553001403808594,117.83399963378906,0.796999990940094
2026-07-06 19:09:22,51.7599983215332,112.3499984741211,0.7210000157356262
2026-07-06 19:14:24,48.49399948120117,114.5780029296875,0.6890000104904175
2026-07-06 19:19:26,45.01900100708008,115.94499969482422,0.6470000147819519
2026-07-06 19:24:28,43.25899887084961,116.8290023803711,0.6269999742507935
2026-07-06 19:29:30,41.14500045776367,120.3550033569336,0.6140000224113464
2026-07-06 19:34:32,39.86600112915039,119.79499816894531,0.5920000076293945
2026-07-06 19:39:35,38.82500076293945,116.54499816894531,0.5609999895095825
2026-07-06 19:44:37,36.68600082397461,120.94599914550781,0.550000011920929
2026-07-06 19:49:39,35.65700149536133,122.30999755859375,0.5410000085830688
2026-07-06 19:54:41,34.81800079345703,125.4540023803711,0.5419999957084656
2026-07-06 19:59:43,34.20800018310547,124.33799743652344,0.5270000100135803
2026-07-06 20:04:45,33.483001708984375,123.00800323486328,0.5109999775886536
2026-07-06 20:09:47,31.874000549316406,120.38400268554688,0.47600001096725464
2026-07-06 20:14:49,29.917999267578125,128.69000244140625,0.47699999809265137
2026-07-06 20:19:52,29.486000061035156,120.68699645996094,0.4410000145435333
2026-07-06 20:24:54,24.746999740600586,129.53599548339844,0.39800000190734863
2026-07-06 20:29:56,23.55900001525879,130.8179931640625,0.38199999928474426
2026-07-06 20:34:58,22.610000610351562,131.02499389648438,0.367000013589859
2026-07-06 20:40:00,21.02400016784668,134.66400146484375,0.35100001096725464
2026-07-06 20:45:02,19.18400001525879,150.97900390625,0.35899999737739563
2026-07-06 20:50:04,17.45599937438965,138.86599731445312,0.3009999990463257
2026-07-06 20:55:06,14.854999542236328,131.78599548339844,0.24300000071525574
2026-07-06 21:00:08,12.607999801635742,147.43499755859375,0.23000000417232513
2026-07-06 21:05:11,9.904000282287598,148.36900329589844,0.18199999630451202
2026-07-06 21:10:13,7.633999824523926,162.6909942626953,0.15399999916553497
2026-07-06 21:15:15,5.202000141143799,174.92999267578125,0.11299999803304672
2026-07-06 21:20:17,2.953000068664551,0.43799999356269836,0.0
2026-07-06 21:25:19,1.3650000095367432,0.48399999737739563,0.0
2026-07-06 21:30:21,0.22499999403953552,0.19699999690055847,0.0
2026-07-07 05:49:18,0.22499999403953552,0.19699999690055847,0.0
2026-07-07 05:54:20,5.133999824523926,0.1860000044107437,0.0
2026-07-07 05:59:22,6.7179999351501465,26.156999588012695,0.02199999988079071
2026-07-07 06:04:24,8.505000114440918,77.77999877929688,0.0820000022649765
2026-07-07 06:09:26,10.585000038146973,95.31700134277344,0.125
2026-07-07 06:14:28,12.881999969482422,90.27899932861328,0.14399999380111694
2026-07-07 06:19:30,15.326000213623047,96.24099731445312,0.18299999833106995
2026-07-07 06:24:32,17.67300033569336,94.53399658203125,0.2070000022649765
2026-07-07 06:29:34,19.597000122070312,103.38500213623047,0.25099998712539673
2026-07-07 06:34:37,21.975000381469727,88.80400085449219,0.24199999868869781
2026-07-07 06:39:39,24.618999481201172,98.06900024414062,0.29899999499320984
2026-07-07 06:44:41,26.7549991607666,92.41699981689453,0.3070000112056732
2026-07-07 06:49:43,28.881999969482422,88.59400177001953,0.31700000166893005
2026-07-07 06:54:45,30.288000106811523,99.25,0.37299999594688416
2026-07-07 06:59:47,31.590999603271484,89.1709976196289,0.3490000069141388
2026-07-07 07:04:49,32.91999816894531,94.33699798583984,0.38499999046325684
2026-07-07 07:09:51,36.387001037597656,95.70899963378906,0.4320000112056732
2026-07-07 07:14:54,36.84600067138672,94.18699645996094,0.4300000071525574
2026-07-07 07:19:56,39.566001892089844,98.37100219726562,0.4830000102519989
2026-07-07 07:24:58,43.33300018310547,97.98799896240234,0.5270000100135803
2026-07-07 07:30:00,48.75400161743164,95.29399871826172,0.5759999752044678
2026-07-07 07:35:02,50.058998107910156,93.29299926757812,0.5789999961853027
2026-07-07 07:40:04,52.9119987487793,90.947998046875,0.597000002861023
2026-07-07 07:45:06,54.792999267578125,89.64299774169922,0.609000027179718
2026-07-07 07:50:08,59.4379997253418,88.52999877929688,0.6520000100135803
2026-07-07 07:55:10,104.85900115966797,54.86600112915039,0.7129999995231628
2026-07-07 08:00:12,182.83200073242188,32.42599868774414,0.7350000143051147
2026-07-07 08:05:15,213.78700256347656,29.613000869750977,0.7850000262260437
2026-07-07 08:10:17,243.781005859375,60.854000091552734,1.840000033378601
2026-07-07 08:15:19,271.1789855957031,61.178001403808594,2.056999921798706
2026-07-07 08:20:21,262.03399658203125,63.55400085449219,2.065000057220459
2026-07-07 08:25:23,274.6830139160156,66.4229965209961,2.26200008392334
2026-07-07 08:30:25,301.5270080566406,63.44900131225586,2.371999979019165
2026-07-07 08:35:27,314.93499755859375,66.9990005493164,2.615999937057495
2026-07-07 08:40:29,349.239013671875,66.65499877929688,2.88700008392334
2026-07-07 08:45:31,379.4419860839844,69.66899871826172,3.2780001163482666
2026-07-07 08:50:33,372.6990051269531,69.68399810791016,3.2200000286102295
2026-07-07 08:55:36,391.8009948730469,71.44400024414062,3.4709999561309814
2026-07-07 09:00:38,439.625,71.55799865722656,3.9010000228881836
2026-07-07 09:05:40,458.1090087890625,72.20999908447266,4.1020002365112305
2026-07-07 09:10:42,481.22698974609375,72.83300018310547,4.3460001945495605
2026-07-07 09:15:44,456.447998046875,72.0780029296875,4.079999923706055
2026-07-07 09:20:46,492.04998779296875,74.34200286865234,4.535999774932861
2026-07-07 09:25:48,545.1680297851562,75.2239990234375,5.085000038146973
2026-07-07 09:30:50,534.2739868164062,76.44599914550781,5.065000057220459
2026-07-07 09:35:52,565.7429809570312,77.01899719238281,5.4029998779296875
2026-07-07 09:40:55,591.0579833984375,77.14600372314453,5.6539998054504395
2026-07-07 09:45:57,614.9390258789062,78.0459976196289,5.951000213623047
2026-07-07 09:50:59,615.1690063476562,79.11699676513672,6.034999847412109
2026-07-07 09:56:01,661.5679931640625,79.2020034790039,6.497000217437744
2026-07-07 10:01:03,635.1110229492188,78.74600219726562,6.202000141143799
2026-07-07 10:06:05,725.135986328125,80.88400268554688,7.2729997634887695
2026-07-07 10:11:07,615.9769897460938,84.0270004272461,6.418000221252441
2026-07-07 10:16:09,688.9749755859375,81.0,6.920000076293945
2026-07-07 10:21:12,737.8939819335938,81.23999786376953,7.433000087738037
2026-07-07 10:26:14,757.52001953125,83.052001953125,7.801000118255615
2026-07-07 10:31:16,776.3679809570312,83.5260009765625,8.041000366210938
2026-07-07 10:36:18,789.1309814453125,83.66600036621094,8.187000274658203
2026-07-07 10:41:20,803.2479858398438,84.1780014038086,8.383999824523926
2026-07-07 10:46:22,818.35400390625,84.55599975585938,8.579999923706055
2026-07-07 10:51:24,833.1510009765625,85.20500183105469,8.803000450134277
2026-07-07 10:56:26,850.2849731445312,84.9990005493164,8.961999893188477
2026-07-07 11:01:28,861.1749877929688,85.31500244140625,9.109999656677246
2026-07-07 11:06:31,871.9409790039062,86.31999969482422,9.333000183105469
2026-07-07 11:11:33,883.666015625,86.96299743652344,9.529000282287598
2026-07-07 11:16:35,893.6849975585938,88.27999877929688,9.782999992370605
2026-07-07 11:21:37,902.0780029296875,88.21299743652344,9.866999626159668
2026-07-07 11:26:39,915.7520141601562,89.06099700927734,10.11299991607666
2026-07-07 11:31:41,925.4569702148438,89.75700378417969,10.300000190734863
2026-07-07 11:36:43,937.4879760742188,90.52100372314453,10.52299976348877
2026-07-07 11:41:45,946.656982421875,90.63300323486328,10.638999938964844
2026-07-07 11:46:47,957.7329711914062,91.5260009765625,10.869000434875488
2026-07-07 11:51:49,972.3569946289062,91.56500244140625,11.039999961853027
2026-07-07 11:56:52,980.2969970703125,92.28199768066406,11.217000007629395
2026-07-07 12:01:54,992.6329956054688,92.85900115966797,11.430000305175781
2026-07-07 12:06:56,1000.3109741210938,93.95700073242188,11.654000282287598
2026-07-07 12:11:58,1002.0889892578125,94.72799682617188,11.770999908447266
2026-07-07 12:17:00,996.7630004882812,95.82099914550781,11.843000411987305
2026-07-07 12:22:02,1019.85400390625,95.48300170898438,12.074999809265137
2026-07-07 12:27:04,1022.3699951171875,96.58399963378906,12.244000434875488
2026-07-07 12:32:06,972.6829833984375,101.94499969482422,12.295999526977539
2026-07-07 12:37:08,989.031982421875,96.56099700927734,11.842000007629395
2026-07-07 12:42:11,1065.8790283203125,92.74299621582031,12.258000373840332
2026-07-07 12:47:13,1014.7360229492188,98.56199645996094,12.402000427246094
2026-07-07 12:52:15,929.6849975585938,99.87300109863281,11.512999534606934
2026-07-07 12:57:17,901.5570068359375,100.1259994506836,11.192999839782715
2026-07-07 13:02:19,655.1500244140625,108.18499755859375,8.788999557495117
2026-07-07 13:07:21,819.406005859375,100.77300262451172,10.23900032043457
2026-07-07 13:12:23,738.3839721679688,110.74400329589844,10.140000343322754
2026-07-07 13:17:25,554.5780029296875,104.25800323486328,7.170000076293945
2026-07-07 13:22:27,882.6010131835938,103.7509994506836,11.354999542236328
2026-07-07 13:27:30,874.1389770507812,104.19000244140625,11.293999671936035
2026-07-07 13:32:32,987.0449829101562,100.31700134277344,12.277999877929688
2026-07-07 13:55:29,827.8170166015625,111.76499938964844,11.472999572753906
2026-07-07 14:00:31,986.239990234375,99.55699920654297,12.175000190734863
2026-07-07 14:05:33,792.2219848632812,100.8499984741211,9.906999588012695
2026-07-07 14:10:35,946.6610107421875,100.82099914550781,11.835000038146973
2026-07-07 14:15:37,616.6669921875,103.4469985961914,7.909999847412109
2026-07-07 14:20:40,514.8090209960938,108.15399932861328,6.9039998054504395
2026-07-07 14:25:42,479.5979919433594,107.1510009765625,6.372000217437744
2026-07-07 14:30:44,556.0009765625,102.20999908447266,7.046999931335449
2026-07-07 14:35:46,614.375,118.21299743652344,9.005999565124512
2026-07-07 14:40:48,918.2030029296875,105.63200378417969,12.027000427246094
2026-07-07 14:45:50,648.0089721679688,93.25,7.493000030517578
2026-07-07 14:50:52,587.958984375,108.0199966430664,7.875
2026-07-07 14:55:54,452.9670104980469,101.8239974975586,5.718999862670898
2026-07-07 15:00:56,467.6109924316406,102.94300079345703,5.968999862670898
2026-07-07 15:05:59,646.2470092773438,106.92900085449219,8.569000244140625
2026-07-07 15:11:01,685.280029296875,99.62300109863281,8.46500015258789
2026-07-07 15:16:03,744.8410034179688,103.16600036621094,9.527999877929688
2026-07-07 15:21:05,523.5789794921875,101.16600036621094,6.567999839782715
2026-07-07 15:26:07,506.4779968261719,107.20600128173828,6.732999801635742
2026-07-07 15:31:09,639.677978515625,102.13899993896484,8.10200023651123
2026-07-07 15:36:11,761.6939697265625,100.11599731445312,9.456000328063965
2026-07-07 15:41:13,702.43701171875,101.10099792480469,8.805999755859375
2026-07-07 15:46:15,812.0430297851562,100.02100372314453,10.071000099182129
2026-07-07 15:51:18,787.7440185546875,92.98799896240234,9.083000183105469
2026-07-07 15:56:20,788.2509765625,90.83899688720703,8.878999710083008
2026-07-07 16:01:22,507.1499938964844,96.96299743652344,6.0980000495910645
2026-07-07 16:06:24,478.0710144042969,92.36699676513672,5.47599983215332
2026-07-07 16:11:26,390.656005859375,102.66899871826172,4.9730000495910645
2026-07-07 16:16:28,493.0329895019531,81.83300018310547,5.002999782562256
2026-07-07 16:21:30,519.8070068359375,86.2509994506836,5.559000015258789
2026-07-07 16:26:32,770.27197265625,91.2490005493164,8.715999603271484
2026-07-07 16:31:34,745.5020141601562,94.54100036621094,8.739999771118164
2026-07-07 16:36:37,579.7490234375,89.3479995727539,6.422999858856201
2026-07-07 16:41:39,350.0459899902344,98.51399993896484,4.276000022888184
2026-07-07 16:46:41,366.5369873046875,101.75399780273438,4.625
2026-07-07 16:51:43,512.5330200195312,89.96700286865234,5.7179999351501465
2026-07-07 16:56:45,540.7969970703125,95.92900085449219,6.433000087738037
2026-07-07 17:01:47,367.0190124511719,104.04000091552734,4.735000133514404
2026-07-07 17:06:49,338.9070129394531,103.19400024414062,4.336999893188477
2026-07-07 17:11:51,277.0989990234375,94.4209976196289,3.24399995803833
2026-07-07 17:16:53,249.20700073242188,106.22699737548828,3.2829999923706055
2026-07-07 17:21:55,253.74200439453125,102.64900207519531,3.2300000190734863
2026-07-07 17:26:57,224.05499267578125,103.39700317382812,2.872999906539917
2026-07-07 17:32:00,231.9149932861328,102.81400299072266,2.9570000171661377
2026-07-07 17:37:02,220.78199768066406,101.89399719238281,2.7899999618530273
2026-07-07 17:42:04,245.31900024414062,99.0770034790039,3.0139999389648438
2026-07-07 17:47:06,218.31300354003906,106.43199920654297,2.88100004196167
2026-07-07 17:52:08,226.1739959716797,96.25399780273438,2.6989998817443848
2026-07-07 17:57:10,225.93099975585938,99.5260009765625,2.7880001068115234
2026-07-07 18:02:12,230.6009979248047,102.0199966430664,2.9170000553131104
2026-07-07 18:07:14,203.03900146484375,114.45099639892578,2.881999969482422
2026-07-07 18:12:16,197.21800231933594,146.99000549316406,3.5950000286102295
2026-07-07 18:17:18,189.5679931640625,111.5469970703125,2.621999979019165
2026-07-07 18:22:21,176.4340057373047,113.23600006103516,2.4769999980926514
2026-07-07 18:27:23,157.44900512695312,102.1989974975586,1.9950000047683716
2026-07-07 18:32:25,142.16700744628906,105.98100280761719,1.8680000305175781
2026-07-07 18:37:27,135.67300415039062,104.8030014038086,1.7630000114440918
2026-07-07 18:42:29,126.58999633789062,105.05500030517578,1.6490000486373901
2026-07-07 18:47:31,123.23899841308594,103.85600280761719,1.5870000123977661
2026-07-07 18:52:33,121.45099639892578,103.27100372314453,1.5549999475479126
2026-07-07 18:57:35,119.6050033569336,103.84500122070312,1.5399999618530273
2026-07-07 19:02:37,113.68499755859375,104.30599975585938,1.4700000286102295
2026-07-07 19:07:39,104.21299743652344,106.41000366210938,1.375
2026-07-07 19:12:41,94.73400115966797,105.51599884033203,1.2389999628067017
2026-07-07 19:17:44,87.81700134277344,106.66100311279297,1.1610000133514404
2026-07-07 19:22:46,80.93299865722656,108.10099792480469,1.0850000381469727
2026-07-07 19:27:48,79.55699920654297,104.91200256347656,1.034999966621399
2026-07-07 19:32:50,74.21299743652344,106.41200256347656,0.9789999723434448
2026-07-07 19:37:52,68.87999725341797,105.41500091552734,0.8999999761581421
2026-07-07 19:42:54,66.9280014038086,107.00800323486328,0.8880000114440918
2026-07-07 19:47:56,65.17900085449219,104.89700317382812,0.8479999899864197
2026-07-07 19:52:58,61.4739990234375,103.3290023803711,0.7879999876022339
2026-07-07 19:58:00,56.07099914550781,107.94000244140625,0.75
2026-07-07 20:03:02,49.92599868774414,107.9749984741211,0.6679999828338623
2026-07-07 20:08:05,44.422000885009766,100.3740005493164,0.5529999732971191
2026-07-07 20:13:07,39.722999572753906,103.02799987792969,0.5070000290870667
2026-07-07 20:18:09,37.104000091552734,105.59400177001953,0.4860000014305115
2026-07-07 20:23:11,33.36199951171875,105.53299713134766,0.43700000643730164
2026-07-07 20:28:13,28.565000534057617,106.58000183105469,0.3779999911785126
2026-07-07 20:33:15,26.518999099731445,100.37799835205078,0.33000001311302185
2026-07-07 20:38:17,24.33099937438965,105.41699981689453,0.3179999887943268
2026-07-07 20:43:19,22.759000778198242,117.40499877929688,0.3310000002384186
2026-07-07 20:48:22,21.268999099731445,99.59700012207031,0.2630000114440918
2026-07-07 20:53:24,20.034000396728516,113.13700103759766,0.2809999883174896
2026-07-07 20:58:26,17.909000396728516,116.39099884033203,0.257999986410141
2026-07-07 21:03:28,15.229999542236328,104.86199951171875,0.1979999989271164
2026-07-07 21:08:30,11.520000457763672,120.76799774169922,0.17299999296665192
2026-07-07 21:13:32,8.840999603271484,137.5500030517578,0.1509999930858612
2026-07-07 21:18:34,7.72599983215332,134.3979949951172,0.1289999932050705
2026-07-07 21:23:36,6.079999923706055,16.052000045776367,0.012000000104308128
2026-07-07 21:28:38,2.3610000610351562,0.16200000047683716,0.0
2026-07-08 05:49:50,2.3610000610351562,0.16200000047683716,0.0
2026-07-08 05:54:53,4.247000217437744,0.18700000643730164,0.0
2026-07-08 05:59:55,5.879000186920166,0.210999995470047,0.0
2026-07-08 06:04:57,7.758999824523926,65.36699676513672,0.06300000101327896
2026-07-08 06:09:59,10.192000389099121,95.32499694824219,0.11999999731779099
2026-07-08 06:15:01,12.645000457763672,85.9280014038086,0.13500000536441803
2026-07-08 06:20:03,15.017000198364258,81.72799682617188,0.15199999511241913
2026-07-08 06:25:05,18.062000274658203,90.6449966430664,0.2029999941587448
2026-07-08 06:30:07,21.25,88.27100372314453,0.2329999953508377
2026-07-08 06:35:09,23.922000885009766,80.56800079345703,0.23899999260902405
2026-07-08 06:40:11,27.538000106811523,87.96099853515625,0.30000001192092896
2026-07-08 06:45:14,29.857999801635742,80.30699920654297,0.296999990940094
2026-07-08 06:50:16,32.117000579833984,86.74600219726562,0.3449999988079071
2026-07-08 06:55:18,34.19900131225586,88.875,0.37700000405311584
2026-07-08 07:00:20,35.87699890136719,87.64099884033203,0.38999998569488525
2026-07-08 07:05:22,37.68000030517578,91.51399993896484,0.42800000309944153
2026-07-08 07:10:24,39.487998962402344,91.28399658203125,0.44699999690055847
2026-07-08 07:15:26,41.159000396728516,86.7509994506836,0.4429999887943268
2026-07-08 07:20:28,42.887001037597656,89.56199645996094,0.47600001096725464
2026-07-08 07:25:30,44.59400177001953,94.05400085449219,0.5199999809265137
2026-07-08 07:30:32,45.374000549316406,93.1780014038086,0.5239999890327454
2026-07-08 07:35:35,50.29899978637695,87.99600219726562,0.5490000247955322
2026-07-08 07:40:37,54.71699905395508,86.73500061035156,0.5879999995231628
2026-07-08 07:45:39,53.262001037597656,90.42400360107422,0.597000002861023
2026-07-08 07:50:41,53.8129997253418,90.85900115966797,0.6060000061988831
2026-07-08 07:55:43,153.625,33.58399963378906,0.6399999856948853
2026-07-08 08:00:45,220.94700622558594,24.139999389648438,0.6610000133514404
2026-07-08 08:05:47,242.0070037841797,24.452999114990234,0.734000027179718
2026-07-08 08:10:49,258.5119934082031,58.715999603271484,1.8819999694824219
2026-07-08 08:15:51,275.531005859375,60.16999816894531,2.055999994277954
2026-07-08 08:20:53,295.1449890136719,60.393001556396484,2.2100000381469727
2026-07-08 08:25:56,313.2139892578125,61.71099853515625,2.3970000743865967
2026-07-08 08:30:58,329.0450134277344,63.70600128173828,2.5989999771118164
2026-07-08 08:36:00,340.2330017089844,66.11199951171875,2.7890000343322754
2026-07-08 08:41:02,364.1780090332031,66.07099914550781,2.9839999675750732
2026-07-08 08:46:04,383.177001953125,68.38400268554688,3.249000072479248
2026-07-08 08:51:06,398.69500732421875,68.9469985961914,3.4089999198913574
2026-07-08 08:56:08,414.8389892578125,69.95500183105469,3.5980000495910645
2026-07-08 09:01:10,430.0320129394531,70.99600219726562,3.7860000133514404
2026-07-08 09:06:12,451.20001220703125,71.69599914550781,4.011000156402588
2026-07-08 09:11:15,470.0979919433594,72.60800170898438,4.23199987411499
2026-07-08 09:16:17,489.2869873046875,72.83599853515625,4.419000148773193
2026-07-08 09:21:19,506.2170104980469,73.91100311279297,4.638999938964844
2026-07-08 09:26:21,525.9409790039062,75.54499816894531,4.927000045776367
2026-07-08 09:31:23,544.2769775390625,75.50700378417969,5.0960001945495605
2026-07-08 09:36:25,564.2449951171875,76.552001953125,5.355999946594238
2026-07-08 09:41:27,582.3060302734375,76.64299774169922,5.533999919891357
2026-07-08 09:46:29,600.1190185546875,77.22200012207031,5.745999813079834
2026-07-08 09:51:32,615.4929809570312,79.10900115966797,6.038000106811523
2026-07-08 09:56:34,633.3759765625,79.51699829101562,6.244999885559082
2026-07-08 10:01:36,654.3790283203125,79.677001953125,6.465000152587891
2026-07-08 10:06:38,672.5369873046875,80.00399780273438,6.671999931335449
2026-07-08 10:11:40,690.5189819335938,80.8499984741211,6.922999858856201
2026-07-08 10:16:42,699.8989868164062,81.83300018310547,7.1020002365112305
2026-07-08 10:21:44,728.9420166015625,82.03299713134766,7.414999961853027
2026-07-08 10:26:46,741.6619873046875,82.53900146484375,7.591000080108643
2026-07-08 10:31:48,757.0540161132812,83.39299774169922,7.828999996185303
2026-07-08 10:36:50,776.2420043945312,83.99400329589844,8.085000038146973
2026-07-08 10:41:53,790.698974609375,84.38200378417969,8.27299976348877
2026-07-08 10:46:55,801.6110229492188,84.73500061035156,8.42300033569336
2026-07-08 10:51:57,822.030029296875,84.56700134277344,8.619999885559082
2026-07-08 10:56:59,837.89501953125,85.04299926757812,8.836000442504883
2026-07-08 11:02:01,851.3209838867188,85.85199737548828,9.062999725341797
2026-07-08 11:07:03,862.3090209960938,86.76899719238281,9.277999877929688
2026-07-08 11:12:05,873.3189697265625,86.83000183105469,9.402999877929688
2026-07-08 11:17:07,887.655029296875,87.70999908447266,9.654000282287598
2026-07-08 11:22:09,897.989013671875,88.11100006103516,9.810999870300293
2026-07-08 11:27:12,908.8690185546875,88.68699645996094,9.994999885559082
2026-07-08 11:32:14,910.760986328125,90.4749984741211,10.218000411987305
2026-07-08 11:37:16,926.3410034179688,90.36799621582031,10.380000114440918
2026-07-08 11:42:18,930.573974609375,91.30799865722656,10.53600025177002
2026-07-08 11:47:20,939.8469848632812,91.61000061035156,10.675999641418457
2026-07-08 11:52:22,954.364990234375,90.8010025024414,10.744999885559082
2026-07-08 11:57:24,958.6099853515625,92.57599639892578,11.003999710083008
2026-07-08 12:02:26,968.2670288085938,93.75399780273438,11.256999969482422
2026-07-08 12:07:28,976.6950073242188,95.26599884033203,11.538000106811523
2026-07-08 12:17:33,991.81298828125,95.76300048828125,11.777000427246094
2026-07-08 12:22:35,999.4329833984375,96.86699676513672,12.005000114440918
2026-07-08 12:27:37,1006.8049926757812,96.92400360107422,12.100000381469727
2026-07-08 12:32:39,1013.3579711914062,97.48899841308594,12.25
2026-07-08 12:37:41,1019.0670166015625,98.03399658203125,12.387999534606934
2026-07-08 12:42:43,1019.8510131835938,98.41100311279297,12.444999694824219
2026-07-08 12:47:45,1026.31298828125,97.64900207519531,12.427000045776367
2026-07-08 12:52:47,1027.7259521484375,99.79399871826172,12.717000007629395
2026-07-08 12:57:49,1026.4959716796875,101.0479965209961,12.862000465393066
2026-07-08 13:02:51,1025.48095703125,102.73400115966797,13.064000129699707
2026-07-08 13:07:54,1020.8889770507812,103.74600219726562,13.133000373840332
2026-07-08 13:12:56,1021.2509765625,103.24099731445312,13.074000358581543
2026-07-08 13:17:58,1018.4569702148438,104.41799926757812,13.187000274658203
2026-07-08 13:23:00,1019.8560180664062,104.5510025024414,13.222000122070312
2026-07-08 13:28:02,1017.5020141601562,104.43699645996094,13.177000045776367
2026-07-08 13:50:15,1008.8480224609375,16.974000930786133,2.122999906539917
2026-07-08 13:55:17,1007.3369750976562,97.79399871826172,12.21500015258789
2026-07-08 14:00:19,1005.0029907226562,100.48999786376953,12.52299976348877
2026-07-08 14:05:22,998.4320068359375,101.87100219726562,12.612000465393066
2026-07-08 14:10:24,994.4019775390625,102.23999786376953,12.607000350952148
2026-07-08 14:15:26,993.1019897460938,102.13600158691406,12.57800006866455
2026-07-08 14:20:28,991.6389770507812,101.23999786376953,12.449000358581543
2026-07-08 14:25:30,986.6240234375,101.72699737548828,12.444999694824219
2026-07-08 14:30:32,974.1259765625,101.15399932861328,12.218999862670898
2026-07-08 14:35:34,969.7940063476562,101.62699890136719,12.220999717712402
2026-07-08 14:40:36,965.666015625,102.28900146484375,12.248000144958496
2026-07-08 14:45:38,956.114013671875,102.58999633789062,12.163000106811523
2026-07-08 14:50:41,942.6929931640625,104.66999816894531,12.234999656677246
2026-07-08 14:55:43,941.135986328125,104.58200073242188,12.204999923706055
2026-07-08 15:00:45,935.9019775390625,103.2969970703125,11.98799991607666
2026-07-08 15:05:47,924.2310180664062,104.68499755859375,11.996999740600586
2026-07-08 15:10:49,916.6630249023438,103.24500274658203,11.734999656677246
2026-07-08 15:15:51,906.0590209960938,103.54499816894531,11.633000373840332
2026-07-08 15:20:53,897.7849731445312,102.64199829101562,11.427000045776367
2026-07-08 15:25:55,884.6950073242188,102.5469970703125,11.25
2026-07-08 15:30:57,873.9769897460938,102.26200103759766,11.081999778747559
2026-07-08 15:35:59,865.6179809570312,100.63099670410156,10.800999641418457
2026-07-08 15:41:01,853.3809814453125,99.24700164794922,10.501999855041504
2026-07-08 15:46:04,840.1740112304688,98.14299774169922,10.225000381469727
2026-07-08 15:51:06,826.0070190429688,97.00399780273438,9.935999870300293
2026-07-08 15:56:08,822.8800048828125,96.34400177001953,9.831000328063965
2026-07-08 16:01:10,844.614990234375,95.79299926757812,10.032999992370605
2026-07-08 16:06:12,795.4719848632812,95.28900146484375,9.39900016784668
2026-07-08 16:11:14,375.59100341796875,91.52300262451172,4.263000011444092
2026-07-08 16:16:16,778.0659790039062,95.13899993896484,9.178999900817871
2026-07-08 16:21:18,778.260986328125,92.2030029296875,8.89799976348877
2026-07-08 16:26:21,833.0419921875,90.62899780273438,9.362000465393066
2026-07-08 16:31:23,634.8300170898438,79.16899871826172,6.23199987411499
2026-07-08 16:36:25,230.10499572753906,106.6969985961914,3.0439999103546143
2026-07-08 16:41:27,345.9410095214844,93.33000183105469,4.004000186920166
2026-07-08 16:46:29,807.3759765625,89.072998046875,8.918000221252441
2026-07-08 16:51:31,754.5230102539062,91.22899627685547,8.53499984741211
2026-07-08 16:56:33,689.7570190429688,90.62699890136719,7.750999927520752
2026-07-08 17:01:35,662.3359985351562,88.83899688720703,7.296000003814697
2026-07-08 17:06:37,627.0469970703125,89.00700378417969,6.921000003814697
2026-07-08 17:11:39,616.2130126953125,87.4800033569336,6.684000015258789
2026-07-08 17:16:42,575.5020141601562,88.34400177001953,6.303999900817871
2026-07-08 17:21:44,540.3060302734375,87.6500015258789,5.872000217437744
2026-07-08 17:26:46,517.343994140625,86.04000091552734,5.519999980926514
2026-07-08 17:31:48,497.89300537109375,85.48500061035156,5.2779998779296875
2026-07-08 17:36:50,482.54901123046875,83.21499633789062,4.979000091552734
2026-07-08 17:41:52,461.9469909667969,83.01300048828125,4.755000114440918
2026-07-08 17:46:54,436.07501220703125,82.61900329589844,4.4670000076293945
2026-07-08 17:51:56,421.52899169921875,80.66999816894531,4.2170000076293945
2026-07-08 17:56:59,400.07501220703125,79.75,3.9560000896453857
2026-07-08 18:02:01,323.9179992675781,92.87100219726562,3.7300000190734863
2026-07-08 18:07:03,73.61599731445312,380.7590026855469,3.4760000705718994
2026-07-08 18:12:05,62.612998962402344,424.00799560546875,3.2920000553131104
2026-07-08 18:17:07,61.48099899291992,409.34600830078125,3.121000051498413
2026-07-08 18:22:09,59.930999755859375,390.4020080566406,2.9010000228881836
2026-07-08 18:27:11,58.60300064086914,364.72601318359375,2.6500000953674316
2026-07-08 18:32:13,57.35100173950195,120.6989974975586,0.8579999804496765
2026-07-08 18:37:15,55.80799865722656,124.96499633789062,0.8650000095367432
2026-07-08 18:42:17,54.39799880981445,126.05599975585938,0.8500000238418579
2026-07-08 18:47:19,53.02899932861328,121.11699676513672,0.7960000038146973
2026-07-08 18:52:22,51.60200119018555,123.7020034790039,0.7919999957084656
2026-07-08 18:57:24,50.020999908447266,122.20500183105469,0.7580000162124634
2026-07-08 19:02:26,48.689998626708984,126.09300231933594,0.7609999775886536
2026-07-08 19:07:28,47.483001708984375,123.54399871826172,0.7269999980926514
2026-07-08 19:12:30,46.26499938964844,123.11299896240234,0.7059999704360962
2026-07-08 19:17:32,45.27299880981445,121.48600006103516,0.6819999814033508
2026-07-08 19:22:34,43.893001556396484,126.18499755859375,0.6869999766349792
2026-07-08 19:27:36,42.52299880981445,122.70899963378906,0.6470000147819519
2026-07-08 19:32:38,41.20899963378906,117.63300323486328,0.6010000109672546
2026-07-08 19:37:40,40.0629997253418,122.697998046875,0.6100000143051147
2026-07-08 19:42:42,38.78099822998047,124.9749984741211,0.6010000109672546
2026-07-08 19:47:45,37.18600082397461,124.6709976196289,0.574999988079071
2026-07-08 19:52:47,35.82899856567383,125.0009994506836,0.5550000071525574
2026-07-08 19:57:49,34.3849983215332,128.8179931640625,0.5490000247955322
2026-07-08 20:02:51,33.016998291015625,123.697998046875,0.5059999823570251
2026-07-08 20:07:53,31.889999389648438,130.72999572753906,0.5170000195503235
2026-07-08 20:12:55,30.65399932861328,125.1709976196289,0.47600001096725464
2026-07-08 20:17:57,29.128999710083008,124.97699737548828,0.45100000500679016
2026-07-08 20:22:59,24.440000534057617,143.7570037841797,0.4359999895095825
2026-07-08 20:28:01,22.176000595092773,135.1020050048828,0.3720000088214874
2026-07-08 20:33:04,20.55500030517578,143.11099243164062,0.36500000953674316
2026-07-08 20:38:06,18.718000411987305,128.71200561523438,0.29899999499320984
2026-07-08 20:43:08,17.113000869750977,136.56700134277344,0.28999999165534973
2026-07-08 20:48:10,15.156999588012695,143.3249969482422,0.26899999380111694
2026-07-08 20:53:12,13.190999984741211,162.72999572753906,0.26600000262260437
2026-07-08 20:58:14,11.279999732971191,166.99400329589844,0.23399999737739563
2026-07-08 21:03:16,9.081000328063965,164.34300231933594,0.1850000023841858
2026-07-08 21:08:18,7.560999870300293,153.1739959716797,0.14399999380111694
2026-07-08 21:13:20,5.840000152587891,196.2689971923828,0.1420000046491623
2026-07-08 21:18:22,4.164999961853027,50.840999603271484,0.026000000536441803
2026-07-08 21:23:25,2.6510000228881836,0.27399998903274536,0.0
2026-07-08 21:28:27,1.2549999952316284,0.20399999618530273,0.0
2026-07-09 05:50:21,1.2549999952316284,0.20399999618530273,0.0
2026-07-09 05:55:23,5.051000118255615,0.28999999165534973,0.0
2026-07-09 06:00:25,6.965000152587891,33.82699966430664,0.028999999165534973
2026-07-09 06:05:27,8.895999908447266,93.39800262451172,0.10300000011920929
2026-07-09 06:10:29,11.126999855041504,79.77999877929688,0.10999999940395355
2026-07-09 06:15:31,13.197999954223633,97.27999877929688,0.1589999943971634
2026-07-09 06:20:33,15.538000106811523,92.95899963378906,0.17900000512599945
2026-07-09 06:25:35,17.68199920654297,89.98600006103516,0.19699999690055847
2026-07-09 06:30:37,20.01099967956543,91.3550033569336,0.22699999809265137
2026-07-09 06:35:40,22.71299934387207,96.37699890136719,0.2709999978542328
2026-07-09 06:40:42,25.7189998626709,97.2229995727539,0.3100000023841858
2026-07-09 06:45:44,28.117000579833984,86.4739990234375,0.3009999990463257
2026-07-09 06:50:46,29.881000518798828,88.03700256347656,0.32600000500679016
2026-07-09 06:55:48,31.520000457763672,97.98300170898438,0.382999986410141
2026-07-09 07:00:50,33.279998779296875,89.97799682617188,0.3709999918937683
2026-07-09 07:05:52,34.81100082397461,89.23100280761719,0.38499999046325684
2026-07-09 07:10:54,36.680999755859375,86.06300354003906,0.39100000262260437
2026-07-09 07:15:56,38.229000091552734,94.72799682617188,0.4490000009536743
2026-07-09 07:20:58,40.01599884033203,94.64700317382812,0.4699999988079071
2026-07-09 07:26:00,41.768001556396484,96.09400177001953,0.49799999594688416
2026-07-09 07:31:02,43.34299850463867,95.60900115966797,0.5139999985694885
2026-07-09 07:36:05,44.55500030517578,98.12799835205078,0.5419999957084656
2026-07-09 07:41:07,45.89699935913086,95.03700256347656,0.5410000085830688
2026-07-09 07:46:09,47.19499969482422,95.00800323486328,0.5559999942779541
2026-07-09 07:51:11,48.79399871826172,96.97200012207031,0.5870000123977661
2026-07-09 07:56:13,197.11500549316406,24.172000885009766,0.5910000205039978
2026-07-09 08:01:15,225.21099853515625,22.297000885009766,0.6230000257492065
2026-07-09 08:06:17,244.7949981689453,35.867000579833984,1.0889999866485596
2026-07-09 08:11:19,262.0710144042969,58.452999114990234,1.899999976158142
2026-07-09 08:16:21,278.2380065917969,60.494998931884766,2.0869998931884766
2026-07-09 08:21:23,296.7380065917969,61.78099822998047,2.2730000019073486
2026-07-09 08:26:26,314.3909912109375,62.85599899291992,2.450000047683716
2026-07-09 08:31:28,332.98699951171875,64.16000366210938,2.6489999294281006
2026-07-09 08:36:30,351.62701416015625,65.58699798583984,2.859999895095825
2026-07-09 08:41:32,371.21099853515625,67.28500366210938,3.0969998836517334
2026-07-09 08:46:34,389.0929870605469,68.26100158691406,3.2929999828338623
2026-07-09 08:51:36,406.4179992675781,69.80699920654297,3.5179998874664307
2026-07-09 08:56:38,424.0690002441406,70.06999969482422,3.684999942779541
2026-07-09 09:01:40,440.2149963378906,71.74299621582031,3.9159998893737793
2026-07-09 09:06:42,458.7539978027344,72.46800231933594,4.122000217437744
2026-07-09 09:11:44,478.0639953613281,73.11399841308594,4.334000110626221
2026-07-09 09:16:47,499.6080017089844,73.5260009765625,4.554999828338623
2026-07-09 09:21:49,516.2830200195312,74.50399780273438,4.769999980926514
2026-07-09 09:26:51,533.5789794921875,75.23200225830078,4.978000164031982
2026-07-09 09:31:53,550.7570190429688,76.49500274658203,5.223999977111816
2026-07-09 09:36:55,569.073974609375,76.85600280761719,5.422999858856201
2026-07-09 09:41:57,586.43798828125,76.91799926757812,5.5929999351501465
2026-07-09 09:46:59,605.9500122070312,78.11599731445312,5.86899995803833
2026-07-09 09:52:01,623.7830200195312,78.94999694824219,6.10699987411499
2026-07-09 09:57:03,638.5490112304688,79.56300354003906,6.300000190734863
2026-07-09 10:02:05,657.427001953125,80.0510025024414,6.526000022888184
2026-07-09 10:07:08,677.2319946289062,80.41300201416016,6.752999782562256
2026-07-09 10:12:10,691.8870239257812,81.36799621582031,6.980999946594238
2026-07-09 10:17:12,706.5549926757812,82.1520004272461,7.197999954223633
2026-07-09 10:22:14,728.1530151367188,81.71099853515625,7.377999782562256
2026-07-09 10:27:16,743.6729736328125,82.99800109863281,7.6539998054504395
2026-07-09 10:32:18,758.593994140625,83.24700164794922,7.830999851226807
2026-07-09 10:37:20,770.2379760742188,84.06400299072266,8.029000282287598
2026-07-09 10:42:22,789.2639770507812,84.0479965209961,8.22599983215332
2026-07-09 10:47:24,804.7429809570312,85.01499938964844,8.484000205993652
2026-07-09 10:52:27,816.68798828125,85.95600128173828,8.704999923706055
2026-07-09 10:57:29,835.06298828125,86.28800201416016,8.9350004196167
2026-07-09 11:02:31,846.010986328125,86.88999938964844,9.114999771118164
2026-07-09 11:07:33,858.7540283203125,87.30000305175781,9.295999526977539
2026-07-09 11:12:35,873.1909790039062,88.18900299072266,9.548999786376953
2026-07-09 11:17:37,885.7529907226562,88.86100006103516,9.760000228881836
2026-07-09 11:22:39,895.4450073242188,89.34700012207031,9.920999526977539
2026-07-09 11:27:41,902.5919799804688,91.0739974975586,10.192999839782715
2026-07-09 11:32:43,916.6079711914062,92.08200073242188,10.465999603271484
2026-07-09 11:37:46,929.5609741210938,92.9010009765625,10.708000183105469
2026-07-09 11:42:48,942.2379760742188,93.71399688720703,10.949000358581543
2026-07-09 11:47:50,952.322021484375,94.48500061035156,11.157999992370605
2026-07-09 11:52:52,959.1110229492188,95.23300170898438,11.326000213623047
2026-07-09 11:57:54,964.35400390625,95.5999984741211,11.432000160217285
2026-07-09 12:02:56,975.47900390625,96.05899810791016,11.619000434875488
2026-07-09 12:07:58,985.1110229492188,96.32099914550781,11.765999794006348
2026-07-09 12:13:00,989.301025390625,97.03800201416016,11.904000282287598
2026-07-09 12:18:02,997.3330078125,97.60900115966797,12.071000099182129
2026-07-09 12:23:04,1001.93798828125,98.68199920654297,12.260000228881836
2026-07-09 12:28:06,1006.0499877929688,99.22799682617188,12.378999710083008
2026-07-09 12:33:09,1012.27197265625,100.66500091552734,12.63599967956543
2026-07-09 12:38:11,1013.947021484375,101.5510025024414,12.767999649047852
2026-07-09 12:43:13,1018.1939697265625,101.72000122070312,12.843000411987305
2026-07-09 12:48:15,1022.1290283203125,101.79499816894531,12.902000427246094
2026-07-09 12:53:17,1024.2099609375,102.5479965209961,13.02400016784668
2026-07-09 12:58:19,1023.0590209960938,101.98699951171875,12.937999725341797
2026-07-09 13:03:21,1025.0810546875,101.93800354003906,12.956999778747559
2026-07-09 13:08:23,1021.385009765625,104.3010025024414,13.210000038146973
2026-07-09 13:13:25,1020.3179931640625,104.43499755859375,13.213000297546387
2026-07-09 13:18:27,1022.18701171875,104.25499725341797,13.21399974822998
2026-07-09 13:23:30,1019.7069702148438,104.9489974975586,13.270000457763672
2026-07-09 13:28:32,1017.9019775390625,104.3489990234375,13.170999526977539
2026-07-09 13:50:44,1012.4299926757812,16.558000564575195,2.0789999961853027
2026-07-09 13:55:46,1006.2769775390625,98.89700317382812,12.34000015258789
2026-07-09 14:00:48,1004.3820190429688,100.84600067138672,12.5600004196167
2026-07-09 14:05:50,999.6589965820312,102.35199737548828,12.687000274658203
2026-07-09 14:10:52,994.9810180664062,102.60600280761719,12.659000396728516
2026-07-09 14:15:54,992.5599975585938,102.86799621582031,12.66100025177002
2026-07-09 14:20:56,990.2739868164062,103.86100006103516,12.753000259399414
2026-07-09 14:25:58,985.9860229492188,104.53500366210938,12.781000137329102
2026-07-09 14:31:00,972.9869995117188,104.8290023803711,12.64799976348877
2026-07-09 14:36:03,969.7020263671875,105.25299835205078,12.656000137329102
2026-07-09 14:41:05,965.905029296875,105.43499755859375,12.628000259399414
2026-07-09 14:46:07,960.5390014648438,104.55799865722656,12.454000473022461
2026-07-09 14:51:09,948.1190185546875,105.93800354003906,12.454999923706055
2026-07-09 14:56:11,942.302001953125,105.98200225830078,12.383999824523926
2026-07-09 15:01:13,931.0260009765625,106.18499755859375,12.258999824523926
2026-07-09 15:06:15,921.9849853515625,106.177001953125,12.138999938964844
2026-07-09 15:11:17,915.10400390625,105.14299774169922,11.930999755859375
2026-07-09 15:16:20,906.7410278320312,104.04499816894531,11.697999954223633
2026-07-09 15:21:22,894.43701171875,102.95999908447266,11.418999671936035
2026-07-09 15:26:24,881.9149780273438,102.43199920654297,11.20199966430664
2026-07-09 15:31:26,869.6500244140625,101.68699645996094,10.965999603271484
2026-07-09 15:36:28,860.906982421875,100.41200256347656,10.718999862670898
2026-07-09 15:41:30,848.9580078125,100.05899810791016,10.532999992370605
2026-07-09 15:46:32,835.6849975585938,99.66000366210938,10.32699966430664
2026-07-09 15:51:34,820.6749877929688,99.68900299072266,10.145000457763672
2026-07-09 15:56:36,806.1259765625,98.93699645996094,9.890000343322754
2026-07-09 16:01:38,790.5830078125,98.45500183105469,9.652000427246094
2026-07-09 16:06:41,781.6729736328125,97.11199951171875,9.413000106811523
2026-07-09 16:11:43,778.0880126953125,96.26200103759766,9.288000106811523
2026-07-09 16:16:45,759.177001953125,96.76000213623047,9.109000205993652
2026-07-09 16:21:47,742.5139770507812,95.73400115966797,8.814000129699707
2026-07-09 16:26:49,725.3070068359375,95.10600280761719,8.553999900817871
2026-07-09 16:31:51,702.4619750976562,94.71499633789062,8.25
2026-07-09 16:36:53,687.4010009765625,93.85399627685547,8.0
2026-07-09 16:41:55,673.343017578125,93.32599639892578,7.791999816894531
2026-07-09 16:46:57,653.6480102539062,92.66200256347656,7.511000156402588
2026-07-09 16:51:59,637.2529907226562,92.11699676513672,7.2789998054504395
2026-07-09 16:57:02,624.2349853515625,90.80400085449219,7.0289998054504395
2026-07-09 17:02:04,607.5250244140625,89.96800231933594,6.7779998779296875
2026-07-09 17:07:06,587.3259887695312,89.13099670410156,6.491000175476074
2026-07-09 17:12:08,573.4829711914062,88.52799987792969,6.295000076293945
2026-07-09 17:17:10,554.6300048828125,87.23600006103516,6.0
2026-07-09 17:22:12,533.60498046875,86.41600036621094,5.7179999351501465
2026-07-09 17:27:14,518.1389770507812,84.98600006103516,5.460000038146973
2026-07-09 17:32:16,499.4540100097656,84.21600341796875,5.216000080108643
2026-07-09 17:37:18,480.489013671875,83.45700073242188,4.9720001220703125
2026-07-09 17:42:20,462.2170104980469,82.68499755859375,4.738999843597412
2026-07-09 17:47:23,445.1449890136719,81.21900177001953,4.482999801635742
2026-07-09 17:52:25,425.7300109863281,80.36900329589844,4.243000030517578
2026-07-09 17:57:27,405.8900146484375,79.14600372314453,3.9830000400543213
2026-07-09 18:02:29,372.6449890136719,81.06400299072266,3.746000051498413
2026-07-09 18:07:31,83.66899871826172,340.6029968261719,3.5339999198913574
2026-07-09 18:12:33,55.33000183105469,478.2900085449219,3.2820000648498535
2026-07-09 18:17:35,53.78499984741211,464.8949890136719,3.1010000705718994
2026-07-09 18:22:37,52.775001525878906,440.677001953125,2.884000062942505
2026-07-09 18:27:39,52.07400131225586,405.4110107421875,2.618000030517578
2026-07-09 18:32:41,51.12200164794922,122.6449966430664,0.7770000100135803
2026-07-09 18:37:44,50.025001525878906,123.56999969482422,0.7670000195503235
2026-07-09 18:42:46,48.832000732421875,119.35900115966797,0.7229999899864197
2026-07-09 18:47:48,47.81399917602539,117.5780029296875,0.6970000267028809
2026-07-09 18:52:50,46.888999938964844,121.4800033569336,0.7059999704360962
2026-07-09 18:57:52,46.24700164794922,120.30999755859375,0.6899999976158142
2026-07-09 19:02:54,45.17499923706055,122.44100189208984,0.6859999895095825
2026-07-09 19:07:56,43.78300094604492,121.03099822998047,0.6570000052452087
2026-07-09 19:12:58,42.69499969482422,120.23600006103516,0.6370000243186951
2026-07-09 19:18:00,41.89699935913086,125.33300018310547,0.6510000228881836
2026-07-09 19:23:02,40.775001525878906,121.44200134277344,0.6140000224113464
2026-07-09 19:28:04,39.8650016784668,125.21399688720703,0.6190000176429749
2026-07-09 19:33:07,38.74100112915039,120.9520034790039,0.5809999704360962
2026-07-09 19:38:09,37.597999572753906,121.63800048828125,0.5669999718666077
2026-07-09 19:43:11,36.12099838256836,122.33200073242188,0.5479999780654907
2026-07-09 19:48:13,34.89400100708008,125.552001953125,0.5429999828338623
2026-07-09 19:53:15,33.79999923706055,120.00199890136719,0.503000020980835
2026-07-09 19:58:17,32.5989990234375,132.00399780273438,0.5339999794960022
2026-07-09 20:03:19,31.368999481201172,124.68699645996094,0.48500001430511475
2026-07-09 20:08:21,30.427000045776367,125.71499633789062,0.4740000069141388
2026-07-09 20:13:23,29.214000701904297,125.55400085449219,0.45500001311302185
2026-07-09 20:18:25,28.26300048828125,127.70899963378906,0.4480000138282776
2026-07-09 20:23:28,23.243000030517578,135.36900329589844,0.38999998569488525
2026-07-09 20:28:30,21.354999542236328,153.31199645996094,0.4059999883174896
2026-07-09 20:33:32,19.702999114990234,149.86500549316406,0.3659999966621399
2026-07-09 20:38:34,18.267000198364258,148.3730010986328,0.335999995470047
2026-07-09 20:43:36,16.375,149.21400451660156,0.30300000309944153
2026-07-09 20:48:38,14.694999694824219,135.2989959716797,0.24699999392032623
2026-07-09 20:53:40,12.791000366210938,147.58700561523438,0.23399999737739563
2026-07-09 20:58:42,10.989999771118164,144.8179931640625,0.19699999690055847
2026-07-09 21:03:44,9.048999786376953,152.3780059814453,0.17100000381469727
2026-07-09 21:08:47,7.125,172.2259979248047,0.15199999511241913
2026-07-09 21:13:49,5.426000118255615,177.21499633789062,0.11900000274181366
2026-07-09 21:18:51,3.7100000381469727,0.9139999747276306,0.0
2026-07-09 21:23:53,2.4570000171661377,0.3050000071525574,0.0
2026-07-09 21:28:55,1.1679999828338623,0.24500000476837158,0.0
2026-07-10 05:51:49,1.1679999828338623,0.24500000476837158,0.0
2026-07-10 05:56:51,5.798999786376953,0.257999986410141,0.0
2026-07-10 06:01:53,7.64300012588501,62.42499923706055,0.05900000035762787
2026-07-10 06:06:55,9.482999801635742,84.63600158691406,0.10000000149011612
2026-07-10 06:11:57,11.369000434875488,86.63300323486328,0.12200000137090683
2026-07-10 06:16:59,13.486000061035156,86.947998046875,0.14499999582767487
2026-07-10 06:22:01,15.590999603271484,90.177001953125,0.17399999499320984
2026-07-10 06:27:03,17.910999298095703,88.3270034790039,0.19599999487400055
2026-07-10 06:32:05,19.72599983215332,90.01699829101562,0.2199999988079071
2026-07-10 06:37:07,22.957000732421875,89.44000244140625,0.2549999952316284
2026-07-10 06:42:09,24.885000228881836,90.16400146484375,0.27799999713897705
2026-07-10 06:47:12,27.45800018310547,94.20500183105469,0.32100000977516174
2026-07-10 06:52:14,29.099000930786133,87.36499786376953,0.3149999976158142
2026-07-10 06:57:16,31.177000045776367,89.875,0.34700000286102295
2026-07-10 07:02:18,32.69499969482422,91.1510009765625,0.3700000047683716
2026-07-10 07:07:20,34.005001068115234,88.05999755859375,0.3709999918937683
2026-07-10 07:12:22,35.21500015258789,89.43900299072266,0.39100000262260437
2026-07-10 07:17:24,36.69300079345703,93.5479965209961,0.4259999990463257
2026-07-10 07:22:26,38.30400085449219,94.15699768066406,0.44699999690055847
2026-07-10 07:27:28,39.566001892089844,95.1969985961914,0.46700000762939453
2026-07-10 07:32:30,40.93600082397461,98.5979995727539,0.5
2026-07-10 07:37:33,42.38199996948242,96.91600036621094,0.5090000033378601
2026-07-10 07:42:35,43.57899856567383,100.53299713134766,0.5429999828338623
2026-07-10 07:47:37,44.78099822998047,94.21399688720703,0.5230000019073486
2026-07-10 07:52:39,49.70100021362305,94.43599700927734,0.5820000171661377
2026-07-10 07:57:41,211.5659942626953,23.107999801635742,0.6060000061988831
2026-07-10 08:02:43,230.26699829101562,19.63599967956543,0.5609999895095825
2026-07-10 08:07:45,248.25399780273438,56.49100112915039,1.7389999628067017
2026-07-10 08:12:47,267.62298583984375,58.042999267578125,1.9259999990463257
2026-07-10 08:17:49,286.2900085449219,59.72800064086914,2.119999885559082
2026-07-10 08:22:51,302.7149963378906,60.25600051879883,2.26200008392334
2026-07-10 08:27:54,320.9670104980469,61.64699935913086,2.4539999961853027
2026-07-10 08:32:56,337.8699951171875,63.696998596191406,2.6689999103546143
2026-07-10 08:37:58,356.2130126953125,64.89099884033203,2.865999937057495
2026-07-10 08:43:00,373.6780090332031,67.37000274658203,3.121999979019165
2026-07-10 08:48:02,391.8789978027344,68.34600067138672,3.321000099182129
2026-07-10 08:53:04,409.43499755859375,69.45800018310547,3.5260000228881836
2026-07-10 08:58:06,428.5509948730469,70.35800170898438,3.739000082015991
2026-07-10 09:03:08,445.6300048828125,71.18599700927734,3.934000015258789
2026-07-10 09:08:10,464.13299560546875,72.83799743652344,4.191999912261963
2026-07-10 09:13:13,482.93701171875,73.29900360107422,4.388999938964844
2026-07-10 09:18:15,500.99700927734375,73.83200073242188,4.586999893188477
2026-07-10 09:23:17,520.1829833984375,74.80799865722656,4.824999809265137
2026-07-10 09:28:19,535.5570068359375,76.49099731445312,5.079999923706055
2026-07-10 09:33:21,556.0590209960938,76.31500244140625,5.26200008392334
2026-07-10 09:38:23,573.1409912109375,76.88200378417969,5.464000225067139
2026-07-10 09:43:25,589.9310302734375,77.5510025024414,5.672999858856201
2026-07-10 09:48:27,608.8880004882812,78.81500244140625,5.951000213623047
2026-07-10 09:53:29,623.2369995117188,79.66400146484375,6.1570000648498535
2026-07-10 09:58:31,641.531005859375,79.98899841308594,6.36299991607666
2026-07-10 10:03:34,658.458984375,80.86000061035156,6.6020002365112305
2026-07-10 10:08:36,674.343017578125,81.58699798583984,6.822000026702881
2026-07-10 10:13:38,692.9420166015625,81.99299621582031,7.045000076293945
2026-07-10 10:18:40,710.6950073242188,81.70800018310547,7.201000213623047
2026-07-10 10:23:42,726.9450073242188,83.11699676513672,7.492000102996826
2026-07-10 10:28:44,742.8209838867188,84.18599700927734,7.754000186920166
2026-07-10 10:33:46,762.0819702148438,84.4229965209961,7.978000164031982
2026-07-10 10:38:48,776.1370239257812,85.04100036621094,8.184000015258789
2026-07-10 10:43:51,792.0390014648438,85.5270004272461,8.399999618530273
2026-07-10 10:48:53,805.85400390625,86.73899841308594,8.666999816894531
2026-07-10 10:53:55,820.1279907226562,86.88700103759766,8.836000442504883
2026-07-10 10:58:57,834.3820190429688,87.6050033569336,9.064000129699707
2026-07-10 11:03:59,849.593017578125,88.04000091552734,9.274999618530273
2026-07-10 11:09:01,864.0650024414062,89.3489990234375,9.572999954223633
2026-07-10 11:14:03,326.8940124511719,69.24600219726562,2.806999921798706
2026-07-13 08:35:06,326.8940124511719,69.24600219726562,2.806999921798706
2026-07-13 08:40:08,149.36000061035156,83.64800262451172,1.5490000247955322
2026-07-13 08:45:10,152.00999450683594,85.31300354003906,1.6080000400543213
2026-07-13 08:50:12,165.52699279785156,84.98600006103516,1.74399995803833
2026-07-13 08:55:15,253.16099548339844,73.58100128173828,2.309999942779541
2026-07-13 09:00:17,209.47900390625,79.4469985961914,2.063999891281128
2026-07-13 09:05:19,228.11399841308594,85.0739974975586,2.4059998989105225
2026-07-13 09:10:21,450.9230041503906,75.31400299072266,4.210999965667725
2026-07-13 09:15:23,470.885009765625,75.2959976196289,4.396999835968018
2026-07-13 09:20:25,485.7049865722656,75.37200164794922,4.539000034332275
2026-07-13 09:25:27,510.0299987792969,76.63500213623047,4.8470001220703125
2026-07-13 09:30:29,528.31201171875,77.71700286865234,5.091000080108643
2026-07-13 09:35:31,529.7579956054688,78.06999969482422,5.127999782562256
2026-07-13 09:40:33,509.3070068359375,79.33899688720703,5.011000156402588
2026-07-13 09:45:36,521.8330078125,80.0739974975586,5.181000232696533
2026-07-13 09:50:38,559.9910278320312,81.89900207519531,5.686999797821045
2026-07-13 09:55:40,599.8109741210938,80.5790023803711,5.993000030517578
2026-07-13 10:00:42,569.6849975585938,79.86599731445312,5.642000198364258
2026-07-13 10:05:44,594.6740112304688,82.58699798583984,6.090000152587891
2026-07-13 10:10:46,625.541015625,83.38300323486328,6.4679999351501465
2026-07-13 10:15:48,666.1599731445312,82.28399658203125,6.796999931335449
2026-07-13 10:20:50,673.3070068359375,82.66999816894531,6.9019999504089355
2026-07-13 10:25:52,664.302001953125,84.68499755859375,6.97599983215332
2026-07-13 10:30:55,703.9450073242188,84.16000366210938,7.3460001945495605
2026-07-13 10:35:57,716.5170288085938,85.8219985961914,7.625
2026-07-13 10:40:59,736.1420288085938,85.71700286865234,7.823999881744385
2026-07-13 10:46:01,722.552978515625,89.49199676513672,8.017999649047852
2026-07-13 10:51:03,773.1699829101562,86.65699768066406,8.307999610900879
2026-07-13 10:56:05,641.7030029296875,97.6989974975586,7.77400016784668
2026-07-13 11:01:07,639.3900146484375,95.802001953125,7.5960001945495605
2026-07-13 11:06:09,838.6090087890625,88.3280029296875,9.1850004196167
2026-07-13 11:11:11,367.9930114746094,98.96299743652344,4.515999794006348
2026-07-13 11:16:14,339.5469970703125,101.98600006103516,4.294000148773193
2026-07-13 11:21:16,337.3760070800781,104.08499908447266,4.354000091552734
2026-07-13 11:26:18,307.7049865722656,105.4749984741211,4.02400016784668
2026-07-13 11:31:20,221.51100158691406,106.75599670410156,2.931999921798706
2026-07-13 11:36:22,217.06500244140625,106.49400329589844,2.865999937057495
2026-07-13 11:41:24,263.66400146484375,106.14099884033203,3.4700000286102295
2026-07-13 11:46:26,484.4729919433594,108.18599700927734,6.499000072479248
2026-07-13 11:51:28,590.3250122070312,99.93199920654297,7.315000057220459
2026-07-13 11:56:30,643.6500244140625,99.12699890136719,7.9120001792907715
2026-07-13 12:01:33,588.9329833984375,99.48200225830078,7.264999866485596
2026-07-13 12:06:35,527.280029296875,101.61900329589844,6.644000053405762
2026-07-13 12:11:37,505.4469909667969,103.12300109863281,6.4629998207092285
2026-07-13 12:16:39,565.3670043945312,100.48799896240234,7.045000076293945
2026-07-13 12:21:41,723.5780029296875,99.28500366210938,8.907999992370605
2026-07-13 12:26:43,607.072021484375,100.22799682617188,7.545000076293945
2026-07-13 12:31:45,514.5919799804688,102.03299713134766,6.511000156402588
2026-07-13 12:36:47,642.8140258789062,98.82599639892578,7.876999855041504
2026-07-13 12:41:50,742.3060302734375,105.25800323486328,9.689000129699707
2026-07-13 12:46:52,587.0289916992188,102.95500183105469,7.49399995803833
2026-07-13 12:51:54,544.56201171875,105.63899993896484,7.132999897003174
2026-07-13 12:56:56,570.093994140625,102.4530029296875,7.243000030517578
2026-07-13 13:01:58,527.3460083007812,101.99400329589844,6.669000148773193
2026-07-13 13:07:00,580.9530029296875,104.74500274658203,7.546000003814697
2026-07-13 13:12:02,584.9030151367188,102.81900024414062,7.456999778747559
2026-07-13 13:17:04,708.801025390625,107.30500030517578,9.430999755859375
2026-07-13 13:22:06,875.3599853515625,102.0989990234375,11.081999778747559
2026-07-13 13:27:08,787.094970703125,103.32599639892578,10.085000038146973
2026-07-13 13:32:11,752.6320190429688,101.13200378417969,9.437999725341797
2026-07-13 13:54:04,661.8350219726562,9.432999610900879,0.7739999890327454
2026-07-13 13:59:06,548.0430297851562,104.01399993896484,7.068999767303467
2026-07-13 14:04:08,637.35302734375,102.87899780273438,8.130999565124512
2026-07-13 14:09:10,728.8369750976562,109.69599914550781,9.913999557495117
2026-07-13 14:14:12,720.8930053710938,104.73699951171875,9.36299991607666
2026-07-13 14:19:14,674.7860107421875,108.5770034790039,9.085000038146973
2026-07-13 14:24:17,640.1010131835938,102.98400115966797,8.173999786376953
2026-07-13 14:29:19,610.9439697265625,105.5260009765625,7.99399995803833
2026-07-13 14:34:21,639.0239868164062,78.33000183105469,6.206999778747559
2026-07-13 14:39:23,665.06298828125,107.5469970703125,8.869000434875488
2026-07-13 14:44:25,491.3349914550781,104.79000091552734,6.383999824523926
2026-07-13 14:49:27,497.2590026855469,102.6050033569336,6.327000141143799
2026-07-13 14:54:29,542.2239990234375,110.07599639892578,7.401000022888184
2026-07-13 14:59:31,654.9299926757812,106.3280029296875,8.635000228881836
2026-07-13 15:04:33,772.0689697265625,105.25599670410156,10.07699966430664
2026-07-13 15:09:36,759.7030029296875,103.75700378417969,9.77400016784668
2026-07-13 15:14:38,610.9509887695312,103.80699920654297,7.863999843597412
2026-07-13 15:19:40,869.9520263671875,92.15699768066406,9.940999984741211
2026-07-13 15:24:42,750.0020141601562,99.48100280761719,9.251999855041504
2026-07-13 15:29:44,708.7020263671875,93.89299774169922,8.25100040435791
2026-07-13 15:34:46,920.2739868164062,98.31600189208984,11.218999862670898
2026-07-13 15:39:48,869.3369750976562,92.4020004272461,9.961000442504883
2026-07-13 15:44:50,517.885986328125,82.66400146484375,5.308000087738037
2026-07-13 15:49:52,727.2160034179688,95.20800018310547,8.585000038146973
2026-07-13 15:54:54,781.5579833984375,94.09200286865234,9.119000434875488
2026-07-13 15:59:57,551.6069946289062,99.77799987792969,6.824999809265137
2026-07-13 16:04:59,679.7529907226562,96.2490005493164,8.11299991607666
2026-07-13 16:10:01,296.0369873046875,101.89800262451172,3.740999937057495
2026-07-13 16:15:03,281.25,103.52999877929688,3.6110000610351562
2026-07-13 16:20:05,387.489990234375,102.58799743652344,4.928999900817871
2026-07-13 16:25:07,389.9570007324219,98.52100372314453,4.763999938964844
2026-07-13 16:30:09,299.6180114746094,102.75299835205078,3.818000078201294
2026-07-13 16:35:11,244.3820037841797,104.6259994506836,3.1710000038146973
2026-07-13 16:40:13,224.593994140625,105.13600158691406,2.927999973297119
2026-07-13 16:45:16,197.6020050048828,106.8949966430664,2.61899995803833
2026-07-13 16:50:18,257.0610046386719,97.14399719238281,3.0969998836517334
2026-07-13 16:55:20,169.7969970703125,111.35900115966797,2.3450000286102295
2026-07-13 17:00:22,143.68899536132812,109.36900329589844,1.9490000009536743
2026-07-13 17:05:24,124.8499984741211,109.86399841308594,1.7009999752044678
2026-07-13 17:10:26,94.8499984741211,111.89299774169922,1.315999984741211
2026-07-13 17:15:28,77.27799987792969,115.35299682617188,1.1050000190734863
2026-07-13 17:20:30,66.54299926757812,113.8759994506836,0.9399999976158142
2026-07-13 17:25:33,68.63800048828125,116.3010025024414,0.9900000095367432
2026-07-13 17:30:35,76.06900024414062,115.0270004272461,1.0850000381469727
2026-07-13 17:35:37,84.24500274658203,113.52899932861328,1.1859999895095825
2026-07-13 17:40:39,88.11699676513672,112.35700225830078,1.2280000448226929
2026-07-13 17:45:41,94.51799774169922,115.7249984741211,1.3559999465942383
2026-07-13 17:50:43,52.45000076293945,113.25599670410156,0.7369999885559082
2026-07-13 17:55:45,45.93600082397461,123.18800354003906,0.7020000219345093
2026-07-13 18:00:47,66.43900299072266,120.69000244140625,0.9940000176429749
2026-07-13 18:05:50,76.95800018310547,116.3280029296875,1.1100000143051147
2026-07-13 18:10:52,93.51100158691406,114.66400146484375,1.3300000429153442
2026-07-13 18:15:54,80.01799774169922,113.86499786376953,1.1299999952316284
2026-07-13 18:20:56,53.29800033569336,108.11399841308594,0.7149999737739563
2026-07-13 18:25:58,54.433998107910156,119.7239990234375,0.8080000281333923
2026-07-13 18:31:00,54.875,112.03700256347656,0.7620000243186951
2026-07-13 18:36:02,81.5199966430664,112.10900115966797,1.1330000162124634
2026-07-13 18:41:04,97.8270034790039,114.50499725341797,1.3890000581741333
2026-07-13 18:46:07,70.3270034790039,111.33999633789062,0.9710000157356262
2026-07-13 18:51:09,57.06100082397461,107.36599731445312,0.7599999904632568
2026-07-13 18:56:11,58.33100128173828,108.61399841308594,0.7860000133514404
2026-07-13 19:01:13,82.10299682617188,108.00299835205078,1.100000023841858
2026-07-13 19:06:15,112.15799713134766,105.66999816894531,1.4700000286102295
2026-07-13 19:11:17,113.84500122070312,105.35800170898438,1.4869999885559082
2026-07-13 19:16:19,119.5790023803711,104.66999816894531,1.5520000457763672
2026-07-13 19:21:21,122.7040023803711,106.35299682617188,1.6180000305175781
2026-07-13 19:26:23,113.58399963378906,102.51100158691406,1.444000005722046
2026-07-13 19:31:25,95.81300354003906,103.35800170898438,1.2280000448226929
2026-07-13 19:36:28,73.23699951171875,105.85800170898438,0.9610000252723694
2026-07-13 19:41:30,62.41400146484375,103.68399810791016,0.8019999861717224
2026-07-13 19:46:32,67.12699890136719,99.7239990234375,0.8299999833106995
2026-07-13 19:51:34,63.93600082397461,108.90699768066406,0.8629999756813049
2026-07-13 19:56:36,58.42300033569336,108.96600341796875,0.7889999747276306
2026-07-13 20:01:38,54.8390007019043,107.55899810791016,0.7310000061988831
2026-07-13 20:06:40,47.16299819946289,106.50299835205078,0.6230000257492065
2026-07-13 20:11:42,40.72200012207031,97.44200134277344,0.492000013589859
2026-07-13 20:16:44,35.970001220703125,111.09100341796875,0.4959999918937683
2026-07-13 20:21:47,31.663999557495117,110.53199768066406,0.4339999854564667
2026-07-13 20:26:49,29.413000106811523,116.83999633789062,0.4259999990463257
2026-07-13 20:31:51,27.173999786376953,118.91100311279297,0.4009999930858612
2026-07-13 20:36:53,22.95800018310547,115.68800354003906,0.32899999618530273
2026-07-13 20:41:55,19.482999801635742,124.75399780273438,0.3009999990463257
2026-07-13 20:46:57,15.597999572753906,108.822998046875,0.20999999344348907
2026-07-13 20:51:59,11.27299976348877,122.8740005493164,0.1720000058412552
2026-07-13 20:57:01,8.364999771118164,136.60800170898438,0.1420000046491623
2026-07-13 21:02:03,6.011000156402588,23.268999099731445,0.017000000923871994
2026-07-13 21:07:05,4.166999816894531,0.2329999953508377,0.0
2026-07-13 21:12:08,2.365999937057495,0.210999995470047,0.0
2026-07-13 21:17:10,1.253000020980835,0.3050000071525574,0.0
2026-07-13 21:22:12,0.25600001215934753,0.20999999344348907,0.0
2026-07-14 05:50:15,0.25600001215934753,0.20999999344348907,0.0
2026-07-14 05:55:17,2.190000057220459,0.11400000005960464,0.0
2026-07-14 06:00:19,3.3389999866485596,0.1979999989271164,0.0
2026-07-14 06:05:21,5.238999843597412,0.19099999964237213,0.0
2026-07-14 06:10:23,9.727999687194824,52.742000579833984,0.06400000303983688
2026-07-14 06:15:25,14.229000091552734,64.88600158691406,0.11400000005960464
2026-07-14 06:20:27,18.0939998626709,66.24400329589844,0.14900000393390656
2026-07-14 06:25:29,22.00200080871582,64.427001953125,0.17599999904632568
2026-07-14 06:30:31,23.474000930786133,63.85200119018555,0.1860000044107437
2026-07-14 06:35:33,24.368000030517578,67.92500305175781,0.20499999821186066
2026-07-14 06:40:36,26.347000122070312,73.6729965209961,0.2409999966621399
2026-07-14 06:45:38,29.413000106811523,69.65799713134766,0.2540000081062317
2026-07-14 06:50:40,32.72200012207031,75.3290023803711,0.3059999942779541
2026-07-14 06:55:42,36.229000091552734,74.43099975585938,0.33399999141693115
2026-07-14 07:00:44,39.3650016784668,78.91000366210938,0.38499999046325684
2026-07-14 07:05:46,43.375999450683594,78.93199920654297,0.42500001192092896
2026-07-14 07:10:48,46.56700134277344,81.14700317382812,0.4690000116825104
2026-07-14 07:15:50,50.202999114990234,78.26200103759766,0.4869999885559082
2026-07-14 07:20:52,53.44200134277344,85.80899810791016,0.5690000057220459
2026-07-14 07:25:54,56.768001556396484,81.1729965209961,0.5709999799728394
2026-07-14 07:30:57,60.76599884033203,81.43299865722656,0.6140000224113464
2026-07-14 07:35:59,65.04000091552734,84.64700317382812,0.6830000281333923
2026-07-14 07:41:01,67.69000244140625,87.52200317382812,0.7350000143051147
2026-07-14 07:46:03,74.88899993896484,86.60399627685547,0.8040000200271606
2026-07-14 07:51:05,85.41799926757812,79.2979965209961,0.8399999737739563
2026-07-14 07:56:07,82.0780029296875,78.18000030517578,0.7960000038146973
2026-07-14 08:01:09,113.3740005493164,67.02200317382812,0.9419999718666077
2026-07-14 08:06:11,198.447998046875,66.5530014038086,1.6380000114440918
2026-07-14 08:11:13,268.2770080566406,66.89600372314453,2.2249999046325684
2026-07-14 08:16:15,320.239990234375,66.85199737548828,2.6549999713897705
2026-07-14 08:21:17,225.4969940185547,75.78399658203125,2.11899995803833
2026-07-14 08:26:20,245.35800170898438,71.3499984741211,2.1710000038146973
2026-07-14 08:31:22,202.73399353027344,88.7770004272461,2.2320001125335693
2026-07-14 08:36:24,142.99000549316406,92.22200012207031,1.6349999904632568
2026-07-14 08:41:26,133.76199340820312,90.45899963378906,1.5
2026-07-14 08:46:28,156.01100158691406,89.46600341796875,1.7309999465942383
2026-07-14 08:51:30,217.19500732421875,83.20899963378906,2.240999937057495
2026-07-14 08:56:32,402.86199951171875,72.16799926757812,3.6050000190734863
2026-07-14 09:01:34,388.53900146484375,78.0719985961914,3.760999917984009
2026-07-14 09:06:36,411.5360107421875,74.80999755859375,3.818000078201294
2026-07-14 09:11:39,323.114990234375,82.34200286865234,3.2990000247955322
2026-07-14 09:16:41,449.2619934082031,74.93599700927734,4.175000190734863
2026-07-14 09:21:43,460.3810119628906,75.90699768066406,4.333000183105469
2026-07-14 09:26:45,480.3039855957031,76.70999908447266,4.568999767303467
2026-07-14 09:31:47,499.2799987792969,77.2969970703125,4.785999774932861
2026-07-14 09:36:49,520.6170043945312,78.18399810791016,5.046999931335449
2026-07-14 09:41:51,538.8090209960938,77.54499816894531,5.181000232696533
2026-07-14 09:46:53,558.8159790039062,78.2239990234375,5.420000076293945
2026-07-14 09:51:55,562.9849853515625,79.90599822998047,5.578000068664551
2026-07-14 09:56:57,520.2239990234375,82.75399780273438,5.3379998207092285
2026-07-14 10:01:59,549.8880004882812,80.53800201416016,5.492000102996826
2026-07-14 10:07:02,572.1580200195312,81.30999755859375,5.769000053405762
2026-07-14 10:12:04,617.0650024414062,82.36900329589844,6.302999973297119
2026-07-14 10:17:06,633.5430297851562,81.33000183105469,6.388999938964844
2026-07-14 10:22:08,655.9949951171875,82.51100158691406,6.711999893188477
2026-07-14 10:27:10,660.2369995117188,81.99400329589844,6.7129998207092285
2026-07-14 10:32:12,691.7919921875,81.61000061035156,7.000999927520752
2026-07-14 10:37:14,709.0170288085938,82.85900115966797,7.284999847412109
2026-07-14 10:42:16,693.7739868164062,83.72100067138672,7.202000141143799
2026-07-14 10:47:18,743.1859741210938,83.48300170898438,7.692999839782715
2026-07-14 10:52:21,740.9550170898438,84.20500183105469,7.736999988555908
2026-07-14 10:57:23,738.4320068359375,85.52899932861328,7.831999778747559
2026-07-14 11:02:25,759.7260131835938,85.21199798583984,8.027999877929688
2026-07-14 11:07:27,740.5540161132812,86.81300354003906,7.9720001220703125
2026-07-14 11:12:29,778.27197265625,87.55500030517578,8.449999809265137
2026-07-14 11:17:31,833.5040283203125,86.73899841308594,8.96500015258789
2026-07-14 11:22:33,816.2169799804688,89.01200103759766,9.008999824523926
2026-07-14 11:27:35,849.0880126953125,88.08799743652344,9.27400016784668
2026-07-14 11:32:37,834.3389892578125,89.64199829101562,9.27400016784668
2026-07-14 11:37:40,823.989013671875,90.53299713134766,9.25
2026-07-14 11:42:42,545.1630249023438,98.53600311279297,6.660999774932861
2026-07-14 11:47:44,733.9459838867188,89.43299865722656,8.138999938964844
2026-07-14 11:52:46,662.333984375,73.0999984741211,6.004000186920166
2026-07-14 11:57:48,920.9920043945312,90.97000122070312,10.388999938964844
2026-07-14 12:02:50,602.1229858398438,114.88999938964844,8.57800006866455
2026-07-14 12:07:52,595.6409912109375,96.7229995727539,7.144000053405762
2026-07-14 12:12:54,762.718017578125,102.19499969482422,9.664999961853027
2026-07-14 12:17:56,965.280029296875,94.4229965209961,11.302000045776367
2026-07-14 12:22:58,925.6370239257812,92.6520004272461,10.633999824523926
2026-07-14 12:28:01,967.89697265625,92.80599975585938,11.137999534606934
2026-07-14 12:33:03,964.8889770507812,94.13300323486328,11.262999534606934
2026-07-14 12:38:05,933.6339721679688,85.11199951171875,9.854000091552734
2026-07-14 12:43:07,959.8579711914062,97.12100219726562,11.5600004196167
2026-07-14 12:48:09,931.3939819335938,97.6760025024414,11.281000137329102
2026-07-14 12:53:11,990.2739868164062,97.23699951171875,11.9399995803833
2026-07-14 12:58:13,594.2219848632812,80.95700073242188,5.965000152587891
2026-07-14 13:03:15,996.1939697265625,98.28399658203125,12.140999794006348
2026-07-14 13:08:18,401.9700012207031,100.60800170898438,5.014999866485596
2026-07-14 13:13:20,979.4130249023438,90.4800033569336,10.98900032043457
2026-07-14 13:18:22,1035.8299560546875,85.27100372314453,10.95199966430664
2026-07-14 13:23:24,901.4719848632812,93.76599884033203,10.480999946594238
2026-07-14 13:28:26,967.2979736328125,93.64700317382812,11.232999801635742
2026-07-14 13:33:28,885.583984375,102.10399627685547,11.211999893188477
2026-07-14 13:55:23,869.2429809570312,14.87399959564209,1.6030000448226929
2026-07-14 14:00:25,1093.489990234375,92.9540023803711,12.604000091552734
2026-07-14 14:05:27,620.2269897460938,161.6219940185547,12.430000305175781
2026-07-14 14:10:29,849.77099609375,100.2770004272461,10.565999984741211
2026-07-14 14:15:31,221.03799438476562,109.7770004272461,3.009000062942505
2026-07-14 14:20:34,331.2799987792969,108.50599670410156,4.456999778747559
2026-07-14 14:25:36,994.719970703125,108.68699645996094,13.406000137329102
2026-07-14 14:30:38,775.3510131835938,85.7969970703125,8.24899959564209
2026-07-14 14:35:40,279.63299560546875,122.23100280761719,4.23799991607666
2026-07-14 14:40:42,327.7359924316406,106.9520034790039,4.3460001945495605
2026-07-14 14:45:44,241.7050018310547,111.17900085449219,3.3320000171661377
2026-07-14 14:50:46,190.01100158691406,111.57099914550781,2.628999948501587
2026-07-14 14:55:48,178.45599365234375,109.96299743652344,2.433000087738037
2026-07-14 15:00:50,197.9499969482422,106.52300262451172,2.615000009536743
2026-07-14 15:05:52,317.37799072265625,116.01100158691406,4.565999984741211
2026-07-14 15:10:55,267.510986328125,140.20700073242188,4.651000022888184
2026-07-14 15:15:57,226.98699951171875,112.7490005493164,3.1730000972747803
2026-07-14 15:20:59,192.27000427246094,115.61000061035156,2.75600004196167
2026-07-14 15:26:01,181.72999572753906,112.86900329589844,2.5429999828338623
2026-07-14 15:31:03,186.0019989013672,112.12699890136719,2.5859999656677246
2026-07-14 15:36:05,154.1739959716797,110.3740005493164,2.109999895095825
2026-07-14 15:41:07,141.9949951171875,110.88899993896484,1.9520000219345093
2026-07-14 15:46:09,122.91999816894531,115.83699798583984,1.7660000324249268
2026-07-14 15:51:11,137.02499389648438,113.00599670410156,1.9199999570846558
2026-07-14 15:56:14,189.66600036621094,112.62100219726562,2.6489999294281006
2026-07-14 16:01:16,204.35400390625,114.0009994506836,2.8889999389648438
2026-07-14 16:06:18,153.30299377441406,103.38999938964844,1.965000033378601
2026-07-14 16:11:20,163.5570068359375,104.46299743652344,2.11899995803833
2026-07-14 16:16:22,207.60000610351562,110.90599822998047,2.8550000190734863
2026-07-14 16:21:24,215.60499572753906,110.60700225830078,2.9570000171661377
2026-07-14 16:26:26,251.83799743652344,241.78500366210938,7.550000190734863
2026-07-14 16:31:28,156.41099548339844,107.0199966430664,2.0759999752044678
2026-07-14 16:36:30,148.3820037841797,106.34500122070312,1.9570000171661377
2026-07-14 16:41:33,141.31700134277344,107.18599700927734,1.878000020980835
2026-07-14 16:46:35,127.45600128173828,106.11000061035156,1.6770000457763672
2026-07-14 16:51:37,189.68899536132812,106.51300048828125,2.505000114440918
2026-07-14 16:56:39,192.25599670410156,110.48500061035156,2.634000062942505
2026-07-14 17:01:41,143.44700622558594,107.09100341796875,1.9049999713897705
2026-07-14 17:06:43,110.30400085449219,108.63899993896484,1.4859999418258667
2026-07-14 17:11:45,112.57599639892578,101.59600067138672,1.4179999828338623
2026-07-14 17:16:47,482.76800537109375,85.73100280761719,5.131999969482422
2026-07-14 17:21:49,434.6189880371094,92.18900299072266,4.9679999351501465
2026-07-14 17:26:51,180.27200317382812,96.58200073242188,2.1589999198913574
2026-07-14 17:31:54,511.8900146484375,89.5250015258789,5.683000087738037
2026-07-14 17:36:56,450.135009765625,88.28199768066406,4.927999973297119
2026-07-14 17:41:58,457.66400146484375,85.9540023803711,4.877999782562256
2026-07-14 17:47:00,166.63999938964844,103.63099670410156,2.1410000324249268
2026-07-14 17:52:02,368.76300048828125,86.125,3.937999963760376
2026-07-14 17:57:04,407.3599853515625,83.8740005493164,4.236999988555908
2026-07-14 18:02:06,421.1499938964844,82.84600067138672,4.326000213623047
2026-07-14 18:07:08,388.0849914550781,83.32599639892578,4.010000228881836
2026-07-14 18:12:11,185.1820068359375,169.38499450683594,3.890000104904175
2026-07-14 18:17:13,162.02999877929688,106.74600219726562,2.1449999809265137
2026-07-14 18:22:15,134.84800720214844,115.74299621582031,1.934999942779541
2026-07-14 18:27:17,126.6240005493164,140.7729949951172,2.2100000381469727
2026-07-14 18:32:19,122.79100036621094,109.74199676513672,1.6710000038146973
2026-07-14 18:37:21,120.9229965209961,108.96099853515625,1.6339999437332153
2026-07-14 18:42:23,114.7979965209961,106.3489990234375,1.5140000581741333
2026-07-14 18:47:25,101.93800354003906,107.06999969482422,1.3530000448226929
2026-07-14 18:52:28,97.95700073242188,103.59200286865234,1.2580000162124634
2026-07-14 18:57:30,98.58100128173828,106.23300170898438,1.2990000247955322
2026-07-14 19:02:32,103.46499633789062,104.71700286865234,1.343000054359436
2026-07-14 19:07:34,108.7699966430664,108.08300018310547,1.4579999446868896
2026-07-14 19:12:36,100.60600280761719,108.2959976196289,1.3509999513626099
2026-07-14 19:17:38,86.35199737548828,107.79900360107422,1.1540000438690186
2026-07-14 19:22:40,77.70099639892578,105.26499938964844,1.0140000581741333
2026-07-14 19:27:42,80.35399627685547,109.40299987792969,1.090000033378601
2026-07-14 19:32:44,80.6259994506836,108.33000183105469,1.0829999446868896
2026-07-14 19:37:47,75.98200225830078,106.27400207519531,1.0010000467300415
2026-07-14 19:42:49,70.80699920654297,107.38200378417969,0.9430000185966492
2026-07-14 19:47:51,75.36499786376953,105.29000091552734,0.984000027179718
2026-07-14 19:52:53,76.47100067138672,110.28500366210938,1.0460000038146973
2026-07-14 19:57:55,80.24500274658203,107.64600372314453,1.0709999799728394
2026-07-14 20:02:57,70.23999786376953,107.6240005493164,0.9369999766349792
2026-07-14 20:07:59,56.058998107910156,107.1510009765625,0.7450000047683716
2026-07-14 20:13:01,53.72999954223633,107.73699951171875,0.7179999947547913
2026-07-14 20:18:03,44.75899887084961,113.59500122070312,0.6299999952316284
2026-07-14 20:23:05,40.04199981689453,110.73100280761719,0.550000011920929
2026-07-14 20:28:08,36.25400161743164,119.94300079345703,0.5389999747276306
2026-07-14 20:33:10,31.98200035095215,113.23300170898438,0.4490000009536743
2026-07-14 20:38:12,26.216999053955078,128.2469940185547,0.4169999957084656
2026-07-14 20:43:14,21.047000885009766,135.93299865722656,0.35499998927116394
2026-07-14 20:48:16,17.815000534057617,128.89199829101562,0.2849999964237213
2026-07-14 20:53:18,15.5600004196167,122.72100067138672,0.2370000034570694
2026-07-14 20:58:20,12.470999717712402,132.4409942626953,0.20499999821186066
2026-07-14 21:03:22,9.279999732971191,139.56300354003906,0.16099999845027924
2026-07-14 21:08:25,6.625999927520752,26.562999725341797,0.02199999988079071
2026-07-14 21:13:27,3.9590001106262207,0.20000000298023224,0.0
2026-07-14 21:18:29,2.240000009536743,0.22300000488758087,0.0
2026-07-14 21:23:31,0.8220000267028809,0.14499999582767487,0.0
2026-07-15 06:01:35,0.8220000267028809,0.14499999582767487,0.0
2026-07-15 06:06:37,8.161999702453613,31.70400047302246,0.03200000151991844
2026-07-15 06:11:39,11.803000450134277,54.183998107910156,0.07900000363588333
2026-07-15 06:16:41,19.093000411987305,57.59199905395508,0.13600000739097595
2026-07-15 06:21:43,18.218000411987305,58.93600082397461,0.13300000131130219
2026-07-15 06:26:45,19.309999465942383,62.82699966430664,0.15000000596046448
2026-07-15 06:31:47,27.615999221801758,62.05099868774414,0.21199999749660492
2026-07-15 06:36:49,27.589000701904297,67.30899810791016,0.23000000417232513
2026-07-15 06:41:52,26.503000259399414,73.14800262451172,0.23999999463558197
2026-07-15 06:46:54,30.858999252319336,70.85299682617188,0.2709999978542328
2026-07-15 06:51:56,36.0369987487793,72.38099670410156,0.3230000138282776
2026-07-15 06:56:58,42.305999755859375,73.29499816894531,0.38499999046325684
2026-07-15 07:02:00,42.736000061035156,78.09200286865234,0.414000004529953
2026-07-15 07:07:02,43.16299819946289,80.98799896240234,0.43299999833106995
2026-07-15 07:12:04,55.28900146484375,83.15899658203125,0.5699999928474426
2026-07-15 07:17:06,51.99100112915039,81.625,0.5260000228881836
2026-07-15 07:22:08,51.79399871826172,80.01200103759766,0.5139999985694885
2026-07-15 07:27:11,60.768001556396484,82.66899871826172,0.6230000257492065
2026-07-15 07:32:13,67.31300354003906,86.56199645996094,0.7229999899864197
2026-07-15 07:37:15,77.41699981689453,89.61699676513672,0.8600000143051147
2026-07-15 07:42:17,97.03099822998047,87.97699737548828,1.059000015258789
2026-07-15 07:47:19,93.5250015258789,89.2490005493164,1.034999966621399
2026-07-15 07:52:21,100.75199890136719,71.59100341796875,0.8939999938011169
2026-07-15 07:57:23,87.96600341796875,90.40499877929688,0.9860000014305115
2026-07-15 08:02:25,99.93800354003906,91.6780014038086,1.1360000371932983
2026-07-15 08:07:27,102.6719970703125,91.95600128173828,1.1710000038146973
2026-07-15 08:12:29,121.26599884033203,92.60099792480469,1.3919999599456787
2026-07-15 08:17:32,94.83100128173828,95.66999816894531,1.125
2026-07-15 08:22:34,100.31099700927734,99.40899658203125,1.2369999885559082
2026-07-15 08:27:36,112.14600372314453,96.92500305175781,1.3480000495910645
2026-07-15 08:32:38,107.30699920654297,103.12000274658203,1.371999979019165
2026-07-15 08:37:40,136.0019989013672,100.6709976196289,1.6979999542236328
2026-07-15 08:42:42,137.20199584960938,95.40699768066406,1.6230000257492065
2026-07-15 08:47:44,95.18399810791016,100.3489990234375,1.184000015258789
2026-07-15 08:52:46,112.51399993896484,103.51000213623047,1.444000005722046
2026-07-15 08:57:49,141.36700439453125,101.30599975585938,1.7760000228881836
2026-07-15 09:02:51,154.76100158691406,104.8030014038086,2.010999917984009
2026-07-15 09:07:53,112.09600067138672,104.6719970703125,1.4550000429153442
2026-07-15 09:12:55,122.2979965209961,107.78099822998047,1.6339999437332153
2026-07-15 09:17:57,130.5330047607422,109.10700225830078,1.7660000324249268
2026-07-15 09:22:59,131.1269989013672,106.2020034790039,1.7269999980926514
2026-07-15 09:28:01,126.03900146484375,104.93900299072266,1.6399999856948853
2026-07-15 09:33:03,147.17300415039062,104.78600311279297,1.9119999408721924
2026-07-15 09:38:05,160.47999572753906,102.3010025024414,2.0360000133514404
2026-07-15 09:43:07,244.11900329589844,96.72699737548828,2.927999973297119
2026-07-15 09:48:10,276.7250061035156,98.30000305175781,3.372999906539917
2026-07-15 09:53:12,213.5590057373047,98.8030014038086,2.615999937057495
2026-07-15 09:58:14,168.3249969482422,104.76499938964844,2.187000036239624
2026-07-15 10:03:16,194.84300231933594,107.39800262451172,2.5950000286102295
2026-07-15 10:08:18,139.11300659179688,109.39199829101562,1.8869999647140503
2026-07-15 10:13:20,152.78599548339844,115.45800018310547,2.187000036239624
2026-07-15 10:18:22,110.8499984741211,117.72599792480469,1.6180000305175781
2026-07-15 10:23:24,76.89099884033203,112.86799621582031,1.0759999752044678
2026-07-15 10:28:26,54.608001708984375,120.2969970703125,0.8149999976158142
2026-07-15 10:33:28,42.65599822998047,117.85800170898438,0.6230000257492065
2026-07-15 10:38:31,35.12900161743164,129.8090057373047,0.5649999976158142
2026-07-15 10:43:33,40.207000732421875,117.31900024414062,0.5849999785423279
2026-07-15 10:48:35,65.50599670410156,119.0459976196289,0.9670000076293945
2026-07-15 10:53:37,80.60299682617188,121.79299926757812,1.2170000076293945
2026-07-15 10:58:39,82.7699966430664,121.947998046875,1.2519999742507935
2026-07-15 11:03:41,74.30599975585938,116.677001953125,1.0750000476837158
2026-07-15 11:08:43,58.75299835205078,121.00700378417969,0.8820000290870667
2026-07-15 11:13:45,49.48099899291992,119.86100006103516,0.7350000143051147
2026-07-15 11:18:48,41.35499954223633,110.572998046875,0.5669999718666077
2026-07-15 11:23:50,36.76599884033203,111.4280014038086,0.5080000162124634
2026-07-15 11:28:52,37.00600051879883,124.45999908447266,0.5709999799728394
2026-07-15 11:33:54,36.66999816894531,121.31300354003906,0.5519999861717224
2026-07-15 11:38:56,38.17599868774414,123.24700164794922,0.5830000042915344
2026-07-15 11:43:58,30.363000869750977,129.04600524902344,0.4860000014305115
2026-07-15 11:49:00,18.679000854492188,125.91400146484375,0.2919999957084656
2026-07-15 11:54:02,15.76200008392334,121.06300354003906,0.2370000034570694
2026-07-15 11:59:05,23.83300018310547,128.68899536132812,0.3799999952316284
2026-07-15 12:04:07,27.35300064086914,135.01499938964844,0.4580000042915344
2026-07-15 12:09:09,43.3489990234375,129.9010009765625,0.6980000138282776
2026-07-15 12:14:11,74.23300170898438,127.49199676513672,1.1740000247955322
2026-07-15 12:19:13,108.52100372314453,121.18399810791016,1.63100004196167
2026-07-15 12:24:15,88.0530014038086,115.08499908447266,1.2569999694824219
2026-07-15 12:29:17,41.064998626708984,119.49099731445312,0.6079999804496765
2026-07-15 12:34:19,37.48099899291992,118.01000213623047,0.5479999780654907
2026-07-15 12:39:21,58.654998779296875,118.30699920654297,0.8600000143051147
2026-07-15 12:44:23,122.73799896240234,115.87200164794922,1.7640000581741333
2026-07-15 12:49:25,128.4980010986328,118.61399841308594,1.8899999856948853
2026-07-15 12:54:27,125.5469970703125,113.92500305175781,1.7740000486373901
2026-07-15 12:59:29,151.16600036621094,113.3550033569336,2.125
2026-07-15 13:04:32,175.3300018310547,114.9000015258789,2.497999906539917
2026-07-15 13:09:34,186.41600036621094,111.09500122070312,2.568000078201294
2026-07-15 13:14:36,210.36599731445312,108.98500061035156,2.8429999351501465
2026-07-15 13:19:38,248.86700439453125,108.87699890136719,3.359999895095825
2026-07-15 13:24:40,170.24600219726562,105.31099700927734,2.2230000495910645
2026-07-15 13:29:42,197.302001953125,111.49400329589844,2.7279999256134033
2026-07-15 13:51:47,195.3780059814453,2.816999912261963,0.06800000369548798
2026-07-15 13:56:49,170.6060028076172,113.31400299072266,2.3970000743865967
2026-07-15 14:01:51,166.13900756835938,116.72200012207031,2.4049999713897705
2026-07-15 14:06:53,98.75199890136719,117.5790023803711,1.440000057220459
2026-07-15 14:11:55,88.79299926757812,117.7770004272461,1.2970000505447388
2026-07-15 14:16:57,112.9739990234375,115.11000061035156,1.6130000352859497
2026-07-15 14:21:59,120.802001953125,114.96800231933594,1.722000002861023
2026-07-15 14:27:01,67.56999969482422,118.13500213623047,0.9900000095367432
2026-07-15 14:32:04,56.3129997253418,123.01599884033203,0.859000027179718
2026-07-15 14:37:06,66.27200317382812,121.11299896240234,0.9950000047683716
2026-07-15 14:42:08,65.72699737548828,121.5260009765625,0.9900000095367432
2026-07-15 14:47:10,70.15299987792969,120.7300033569336,1.0499999523162842
2026-07-15 14:52:12,105.33699798583984,120.39099884033203,1.5729999542236328
2026-07-15 14:57:14,119.21900177001953,117.02300262451172,1.7300000190734863
2026-07-15 15:02:16,174.8159942626953,111.32499694824219,2.4130001068115234
2026-07-15 15:07:18,330.3909912109375,107.30899810791016,4.395999908447266
2026-07-15 15:12:20,616.0050048828125,108.4520034790039,8.284000396728516
2026-07-15 15:17:22,448.2650146484375,149.125,8.288999557495117
2026-07-15 15:22:24,526.416015625,108.75700378417969,7.098999977111816
2026-07-15 15:27:27,503.6619873046875,106.02400207519531,6.622000217437744
2026-07-15 15:32:29,706.051025390625,99.63600158691406,8.722999572753906
2026-07-15 15:37:31,317.7969970703125,103.28399658203125,4.070000171661377
2026-07-15 15:42:33,622.8159790039062,104.60900115966797,8.079000473022461
2026-07-15 15:47:35,634.093994140625,112.49600219726562,8.845000267028809
2026-07-15 15:52:37,475.0419921875,122.47599792480469,7.215000152587891
2026-07-15 15:57:39,698.3469848632812,105.06199645996094,9.097999572753906
2026-07-15 16:02:41,688.5599975585938,106.80599975585938,9.119000434875488
2026-07-15 16:07:43,325.5450134277344,105.38099670410156,4.254000186920166
2026-07-15 16:12:45,679.7369995117188,78.18599700927734,6.590000152587891
2026-07-15 16:17:47,739.3670043945312,95.41999816894531,8.748000144958496
2026-07-15 16:22:50,644.8980102539062,100.12200164794922,8.006999969482422
2026-07-15 16:27:52,383.9859924316406,106.2969970703125,5.060999870300293
2026-07-15 16:32:54,541.1500244140625,90.8239974975586,6.09499979019165
2026-07-15 16:37:56,543.9340209960938,96.26399993896484,6.493000030517578
2026-07-15 16:42:58,369.0830078125,99.19400024414062,4.539999961853027
2026-07-15 16:48:00,416.3219909667969,98.3949966430664,5.079999923706055
2026-07-15 16:53:02,537.2000122070312,94.08200073242188,6.267000198364258
2026-07-15 16:58:04,477.8190002441406,98.7300033569336,5.849999904632568
2026-07-15 17:03:06,330.32000732421875,98.90799713134766,4.051000118255615
2026-07-15 17:08:09,677.4559936523438,91.87200164794922,7.7179999351501465
2026-07-15 17:13:11,613.6110229492188,94.7490005493164,7.209000110626221
2026-07-15 17:18:13,601.2940063476562,87.5790023803711,6.53000020980835
2026-07-15 17:23:15,556.593994140625,87.04900360107422,6.007999897003174
2026-07-15 17:28:17,535.0029907226562,86.29900360107422,5.724999904632568
2026-07-15 17:33:19,515.0170288085938,85.97899627685547,5.491000175476074
2026-07-15 17:38:21,463.12200927734375,65.9530029296875,3.7880001068115234
2026-07-15 17:43:23,385.5119934082031,90.46800231933594,4.324999809265137
2026-07-15 17:48:26,421.8219909667969,77.70899963378906,4.065000057220459
2026-07-15 17:53:28,514.875,85.14600372314453,5.435999870300293
2026-07-15 17:58:30,157.98500061035156,106.80999755859375,2.0920000076293945
2026-07-15 18:03:32,107.67900085449219,112.00800323486328,1.496000051498413
2026-07-15 18:08:34,114.74099731445312,108.30500030517578,1.5410000085830688
2026-07-15 18:13:36,149.51100158691406,112.0510025024414,2.0769999027252197
2026-07-15 18:18:38,137.0540008544922,180.60800170898438,3.069000005722046
2026-07-15 18:23:40,131.4219970703125,109.18599700927734,1.7790000438690186
2026-07-15 18:28:43,166.61700439453125,108.7030029296875,2.246000051498413
2026-07-15 18:33:45,156.76100158691406,119.81600189208984,2.3289999961853027
2026-07-15 18:38:47,141.1540069580078,108.7300033569336,1.902999997138977
2026-07-15 18:43:49,119.66899871826172,112.072998046875,1.6629999876022339
2026-07-15 18:48:51,101.45800018310547,105.177001953125,1.3229999542236328
2026-07-15 18:53:53,82.33799743652344,116.4000015258789,1.187999963760376
2026-07-15 18:58:55,75.02400207519531,115.822998046875,1.0770000219345093
2026-07-15 19:03:57,70.17400360107422,117.73999786376953,1.024999976158142
2026-07-15 19:08:59,66.11000061035156,113.74199676513672,0.9319999814033508
2026-07-15 19:14:01,61.19499969482422,117.7770004272461,0.8939999938011169
2026-07-15 19:19:04,58.79999923706055,116.57099914550781,0.8500000238418579
2026-07-15 19:24:06,56.308998107910156,112.2699966430664,0.7839999794960022
2026-07-15 19:29:08,53.486000061035156,118.7300033569336,0.7870000004768372
2026-07-15 19:34:10,50.22999954223633,117.36799621582031,0.7310000061988831
2026-07-15 19:39:12,45.981998443603516,121.41799926757812,0.6919999718666077
2026-07-15 19:44:14,36.185001373291016,119.11799621582031,0.5339999794960022
2026-07-15 19:49:16,28.319000244140625,125.4800033569336,0.4410000145435333
2026-07-15 19:54:18,23.983999252319336,132.3260040283203,0.39399999380111694
2026-07-15 19:59:20,20.888999938964844,126.43699645996094,0.328000009059906
2026-07-15 20:04:22,18.576000213623047,140.3000030517578,0.3230000138282776
2026-07-15 20:09:25,17.235000610351562,140.88499450683594,0.3009999990463257
2026-07-15 20:14:27,16.350000381469727,140.79400634765625,0.2849999964237213
2026-07-15 20:19:29,14.420999526977539,148.8939971923828,0.26600000262260437
2026-07-15 20:24:31,12.942000389099121,127.50900268554688,0.20499999821186066
2026-07-15 20:29:33,11.371000289916992,146.22300720214844,0.20600000023841858
2026-07-15 20:34:35,9.741999626159668,126.13700103759766,0.15199999511241913
2026-07-15 20:39:37,5.540999889373779,0.22300000488758087,0.0
2026-07-15 20:44:39,4.769999980926514,0.18000000715255737,0.0
2026-07-15 20:49:41,5.513000011444092,0.22499999403953552,0.0
2026-07-15 20:54:43,4.692999839782715,0.18799999356269836,0.0
2026-07-15 20:59:46,3.8380000591278076,0.23000000417232513,0.0
2026-07-15 21:04:48,3.0899999141693115,0.2930000126361847,0.0
2026-07-15 21:09:50,2.010999917984009,0.26499998569488525,0.0
2026-07-15 21:14:52,1.406000018119812,0.22300000488758087,0.0
2026-07-15 21:19:54,0.7950000166893005,0.22499999403953552,0.0
2026-07-16 06:02:49,0.7950000166893005,0.22499999403953552,0.0
2026-07-16 06:07:51,6.855000019073486,0.20900000631809235,0.0
2026-07-16 06:12:53,9.128999710083008,46.724998474121094,0.05299999937415123
2026-07-16 06:17:55,11.380999565124512,72.01200103759766,0.10199999809265137
2026-07-16 06:22:57,13.946999549865723,68.56999969482422,0.11900000274181366
2026-07-16 06:27:59,16.829999923706055,76.73899841308594,0.1599999964237213
2026-07-16 06:33:01,19.968000411987305,82.82099914550781,0.20499999821186066
2026-07-16 06:38:03,23.527000427246094,77.11499786376953,0.22499999403953552
2026-07-16 06:43:05,27.038000106811523,75.8219985961914,0.2540000081062317
2026-07-16 06:48:07,30.202999114990234,80.72799682617188,0.3019999861717224
2026-07-16 06:53:10,33.553001403808594,81.42400360107422,0.33899998664855957
2026-07-16 06:58:12,36.672000885009766,86.29900360107422,0.3919999897480011
2026-07-16 07:03:14,39.35499954223633,86.58799743652344,0.4230000078678131
2026-07-16 07:08:16,42.21900177001953,82.12899780273438,0.4300000071525574
2026-07-16 07:13:18,44.832000732421875,82.78600311279297,0.46000000834465027
2026-07-16 07:18:20,47.21099853515625,82.02400207519531,0.47999998927116394
2026-07-16 07:23:22,47.42499923706055,87.96299743652344,0.5170000195503235
2026-07-16 07:28:24,44.737998962402344,88.39299774169922,0.49000000953674316
2026-07-16 07:33:26,46.4370002746582,90.50299835205078,0.5210000276565552
2026-07-16 07:38:28,55.1619987487793,90.08699798583984,0.6159999966621399
2026-07-16 07:43:31,57.10200119018555,88.76100158691406,0.628000020980835
2026-07-16 07:48:33,59.12699890136719,89.05000305175781,0.652999997138977
2026-07-16 07:53:35,171.58599853515625,33.99599838256836,0.7229999899864197
2026-07-16 07:58:37,189.1580047607422,32.24700164794922,0.7559999823570251
2026-07-16 08:03:39,205.41000366210938,50.29800033569336,1.281000018119812
2026-07-16 08:08:41,220.33799743652344,59.03200149536133,1.6130000352859497
2026-07-16 08:13:43,235.53799438476562,61.48699951171875,1.7960000038146973
2026-07-16 08:18:46,252.56199645996094,60.71699905395508,1.9019999504089355
2026-07-16 08:23:48,269.4020080566406,62.25400161743164,2.0799999237060547
2026-07-16 08:28:50,292.55999755859375,62.72800064086914,2.2760000228881836
2026-07-16 08:33:52,311.489990234375,65.45999908447266,2.5280001163482666
2026-07-16 08:38:54,330.3219909667969,66.86100006103516,2.739000082015991
2026-07-16 08:43:56,346.9259948730469,68.25399780273438,2.936000108718872
2026-07-16 08:48:58,363.29400634765625,69.94000244140625,3.1510000228881836
2026-07-16 08:54:00,373.4859924316406,72.57599639892578,3.3610000610351562
2026-07-16 08:59:02,378.5299987792969,74.68399810791016,3.50600004196167
2026-07-16 09:04:05,399.0469970703125,74.7239990234375,3.697000026702881
2026-07-16 09:09:07,444.86199951171875,72.6989974975586,4.010000228881836
2026-07-16 09:14:09,462.7749938964844,71.89700317382812,4.125999927520752
2026-07-16 09:19:11,479.75299072265625,74.41300201416016,4.427000045776367
2026-07-16 09:24:13,497.4419860839844,75.42900085449219,4.6529998779296875
2026-07-16 09:29:15,520.5570068359375,75.51100158691406,4.874000072479248
2026-07-16 09:34:17,538.0159912109375,76.87999725341797,5.129000186920166
2026-07-16 09:39:19,572.7340087890625,74.19300079345703,5.269000053405762
2026-07-16 09:44:21,578.6690063476562,74.77200317382812,5.364999771118164
2026-07-16 09:49:24,573.9219970703125,80.72000122070312,5.744999885559082
2026-07-16 09:54:26,611.9290161132812,79.9520034790039,6.066999912261963
2026-07-16 09:59:28,574.4210205078125,81.16400146484375,5.781000137329102
2026-07-16 10:04:30,625.81298828125,81.77799987792969,6.3460001945495605
2026-07-16 10:09:32,632.1510009765625,81.81999969482422,6.414000034332275
2026-07-16 10:14:34,583.6229858398438,86.6780014038086,6.2729997634887695
2026-07-16 10:19:36,645.8610229492188,83.64299774169922,6.698999881744385
2026-07-16 10:24:38,626.0390014648438,82.71600341796875,6.421000003814697
2026-07-16 10:29:40,662.4849853515625,83.33399963378906,6.8460001945495605
2026-07-16 10:34:43,686.5390014648438,84.68800354003906,7.210000038146973
2026-07-16 10:39:45,758.93701171875,82.00499725341797,7.7170000076293945
2026-07-16 10:44:47,692.14599609375,88.03199768066406,7.554999828338623
2026-07-16 10:49:49,769.0789794921875,83.49299621582031,7.961999893188477
2026-07-16 10:54:51,787.4719848632812,81.36599731445312,7.945000171661377
2026-07-16 10:59:53,773.7940063476562,86.71199798583984,8.319999694824219
2026-07-16 11:04:55,785.4010009765625,85.09600067138672,8.288000106811523
2026-07-16 11:09:57,839.927001953125,87.47000122070312,9.109999656677246
2026-07-16 11:14:59,854.8300170898438,85.96499633789062,9.112000465393066
2026-07-16 11:20:02,866.1690063476562,86.43599700927734,9.284000396728516
2026-07-16 11:25:04,910.81298828125,86.16600036621094,9.732000350952148
2026-07-16 11:30:06,930.2990112304688,86.77200317382812,10.010000228881836
2026-07-16 11:35:08,524.6610107421875,86.4749984741211,5.625999927520752
2026-07-16 11:40:10,875.8930053710938,88.89700317382812,9.654999732971191
2026-07-16 11:45:12,897.2739868164062,89.8239974975586,9.994000434875488
2026-07-16 11:50:14,909.4609985351562,91.88099670410156,10.362000465393066
2026-07-16 11:55:16,927.6110229492188,92.44100189208984,10.633000373840332
2026-07-16 12:00:18,943.6270141601562,91.86799621582031,10.74899959564209
2026-07-16 12:05:20,890.6719970703125,92.677001953125,10.236000061035156
2026-07-16 12:10:23,914.2490234375,89.21199798583984,10.11400032043457
2026-07-16 12:15:25,908.9550170898438,95.25900268554688,10.737000465393066
2026-07-16 12:20:27,935.8579711914062,90.89299774169922,10.54800033569336
2026-07-16 12:25:29,978.7130126953125,93.81600189208984,11.38599967956543
2026-07-16 12:30:31,959.2979736328125,95.25499725341797,11.331000328063965
2026-07-16 12:35:33,1012.843017578125,95.75199890136719,12.026000022888184
2026-07-16 12:40:35,996.708984375,97.21199798583984,12.015000343322754
2026-07-16 12:45:37,998.405029296875,96.2229995727539,11.913000106811523
2026-07-16 12:50:40,1004.6580200195312,95.14600372314453,11.852999687194824
2026-07-16 12:55:42,1004.6079711914062,94.63500213623047,11.788999557495117
2026-07-16 13:00:44,1005.510986328125,94.5790023803711,11.791999816894531
2026-07-16 13:05:46,890.0819702148438,101.66699981689453,11.220999717712402
2026-07-16 13:10:48,1004.1510009765625,96.83100128173828,12.057000160217285
2026-07-16 13:15:50,1045.7939453125,97.5530014038086,12.651000022888184
2026-07-16 13:20:52,942.5390014648438,67.75900268554688,7.919000148773193
2026-07-16 13:25:54,1016.7379760742188,98.17900085449219,12.378000259399414
2026-07-16 13:30:56,1024.3360595703125,97.75599670410156,12.416999816894531
2026-07-16 13:53:05,903.5659790039062,12.887999534606934,1.444000005722046
2026-07-16 13:58:07,859.0540161132812,100.62699890136719,10.718999862670898
2026-07-16 14:03:09,916.3060302734375,101.26000213623047,11.505000114440918
2026-07-16 14:08:12,411.82598876953125,96.36599731445312,4.921000003814697
2026-07-16 14:13:14,355.4330139160156,102.54900360107422,4.519999980926514
2026-07-16 14:18:16,682.9910278320312,100.01100158691406,8.470000267028809
2026-07-16 14:23:18,520.989990234375,111.28399658203125,7.189000129699707
2026-07-16 14:28:20,364.6719970703125,104.91300201416016,4.74399995803833
2026-07-16 14:33:22,1047.1700439453125,40.236000061035156,5.224999904632568
2026-07-16 14:38:24,957.8380126953125,103.84700012207031,12.333999633789062
2026-07-16 14:43:26,667.5349731445312,105.43099975585938,8.72700023651123
2026-07-16 14:48:28,270.25799560546875,100.70500183105469,3.375
2026-07-16 14:53:31,377.64300537109375,103.39900207519531,4.8420000076293945
2026-07-16 14:58:33,504.5299987792969,101.05799865722656,6.322000026702881
2026-07-16 15:03:35,239.7689971923828,104.94999694824219,3.119999885559082
2026-07-16 15:08:37,187.48800659179688,104.28500366210938,2.4240000247955322
2026-07-16 15:13:39,212.85699462890625,108.36100006103516,2.859999895095825
2026-07-16 15:18:41,207.76300048828125,109.9010009765625,2.8310000896453857
2026-07-16 15:23:43,224.72500610351562,111.6719970703125,3.111999988555908
2026-07-16 15:28:45,270.13299560546875,108.55500030517578,3.635999917984009
2026-07-16 15:33:47,330.7950134277344,108.40399932861328,4.447000026702881
2026-07-16 15:38:50,584.0869750976562,87.58100128173828,6.3429999351501465
2026-07-16 15:43:52,485.0769958496094,113.90499877929688,6.85099983215332
2026-07-16 15:48:54,918.2009887695312,98.36199951171875,11.199000358581543
2026-07-16 15:53:56,871.3740234375,96.04199981689453,10.376999855041504
2026-07-16 15:58:58,388.9630126953125,108.90599822998047,5.252999782562256
2026-07-16 16:04:00,474.010986328125,100.90399932861328,5.931000232696533
2026-07-16 16:09:02,411.5469970703125,96.9749984741211,4.948999881744385
2026-07-16 16:14:04,157.96600341796875,108.98500061035156,2.134999990463257
2026-07-16 16:19:06,119.3759994506836,112.48400115966797,1.6649999618530273
2026-07-16 16:24:09,90.91899871826172,108.7490005493164,1.2259999513626099
2026-07-16 16:29:11,71.64099884033203,113.58200073242188,1.0089999437332153
2026-07-16 16:34:13,72.26100158691406,118.69999694824219,1.0640000104904175
2026-07-16 16:39:15,100.02100372314453,113.7229995727539,1.409999966621399
2026-07-16 16:44:17,441.57501220703125,60.96200180053711,3.3380000591278076
2026-07-16 16:49:19,504.8269958496094,100.96499633789062,6.320000171661377
2026-07-16 16:54:21,160.97799682617188,111.64199829101562,2.2290000915527344
2026-07-16 16:59:23,118.29499816894531,110.73400115966797,1.6239999532699585
2026-07-16 17:04:25,87.71900177001953,112.14199829101562,1.2200000286102295
2026-07-16 17:09:27,57.63199996948242,114.6520004272461,0.8190000057220459
2026-07-16 17:14:30,33.77399826049805,119.6719970703125,0.5009999871253967
2026-07-16 17:19:32,25.582000732421875,113.94300079345703,0.3610000014305115
2026-07-16 17:24:34,21.951000213623047,134.62600708007812,0.3659999966621399
2026-07-16 17:29:36,19.489999771118164,152.18800354003906,0.36800000071525574
2026-07-16 17:34:38,7.560999870300293,196.5330047607422,0.18400000035762787
2026-07-16 17:39:40,11.324999809265137,187.39300537109375,0.2630000114440918
2026-07-16 17:44:42,78.0739974975586,122.89299774169922,1.190000057220459
2026-07-16 17:49:44,321.0929870605469,103.86100006103516,4.135000228881836
2026-07-16 17:54:46,218.1439971923828,104.84500122070312,2.8359999656677246
2026-07-16 17:59:48,125.91999816894531,111.24400329589844,1.7369999885559082
2026-07-16 18:04:50,162.82699584960938,91.26799774169922,1.843000054359436
2026-07-16 18:09:53,285.89300537109375,99.30999755859375,3.5209999084472656
2026-07-16 18:14:55,174.49400329589844,121.48899841308594,2.628999948501587
2026-07-16 18:19:57,199.1269989013672,155.24000549316406,3.8329999446868896
2026-07-16 18:24:59,183.3489990234375,148.01100158691406,3.365000009536743
2026-07-16 18:30:01,145.8719940185547,138.7760009765625,2.509999990463257
2026-07-16 18:35:03,134.63800048828125,111.78900146484375,1.8660000562667847
2026-07-16 18:40:05,135.125,107.09400177001953,1.7940000295639038
2026-07-16 18:45:08,125.39700317382812,107.21499633789062,1.6670000553131104
2026-07-16 18:50:10,115.8479995727539,106.04900360107422,1.5230000019073486
2026-07-16 18:55:12,98.46600341796875,105.4260025024414,1.2869999408721924
2026-07-16 19:00:14,82.72200012207031,104.19000244140625,1.069000005722046
2026-07-16 19:05:16,73.6780014038086,110.29199981689453,1.0080000162124634
2026-07-16 19:10:18,71.0510025024414,109.07099914550781,0.9610000252723694
2026-07-16 19:15:20,69.67500305175781,111.91500091552734,0.9670000076293945
2026-07-16 19:20:22,56.54399871826172,109.33300018310547,0.7670000195503235
2026-07-16 19:25:24,49.30500030517578,116.48600006103516,0.7120000123977661
2026-07-16 19:30:26,36.91400146484375,109.55799865722656,0.5009999871253967
2026-07-16 19:35:29,25.364999771118164,114.22599792480469,0.35899999737739563
2026-07-16 19:40:31,14.758999824523926,124.302001953125,0.22699999809265137
2026-07-16 19:45:33,13.49899959564209,123.11699676513672,0.20600000023841858
2026-07-16 19:50:35,11.71399974822998,127.56400299072266,0.1850000023841858
2026-07-16 19:55:37,11.927000045776367,135.86900329589844,0.20100000500679016
2026-07-16 20:00:39,14.857000350952148,122.54499816894531,0.22599999606609344
2026-07-16 20:05:41,13.930999755859375,123.22599792480469,0.21299999952316284
2026-07-16 20:10:43,10.694999694824219,127.31300354003906,0.16899999976158142
2026-07-16 20:15:45,12.048999786376953,138.35299682617188,0.2070000022649765
2026-07-16 20:20:48,12.293000221252441,125.39600372314453,0.19099999964237213
2026-07-16 20:25:50,7.206999778747559,111.97000122070312,0.10000000149011612
2026-07-16 20:30:52,5.848999977111816,4.978000164031982,0.004000000189989805
2026-07-16 20:35:54,4.0320000648498535,0.20200000703334808,0.0
2026-07-16 20:40:56,3.4830000400543213,0.210999995470047,0.0
2026-07-16 20:45:58,5.374000072479248,0.17599999904632568,0.0
2026-07-16 20:51:00,6.71999979019165,0.15299999713897705,0.0
2026-07-16 20:56:02,5.168000221252441,0.18000000715255737,0.0
2026-07-16 21:01:04,5.557000160217285,0.1550000011920929,0.0
2026-07-16 21:06:06,4.448999881744385,0.17299999296665192,0.0
2026-07-16 21:11:09,3.063999891281128,0.1940000057220459,0.0
2026-07-16 21:16:11,2.7149999141693115,0.12800000607967377,0.0
2026-07-16 21:21:13,1.3910000324249268,0.15000000596046448,0.0
2026-07-17 06:03:00,1.3910000324249268,0.15000000596046448,0.0
2026-07-17 06:08:02,4.7820000648498535,0.15600000321865082,0.0
2026-07-17 06:13:04,6.039000034332275,0.16599999368190765,0.0
2026-07-17 06:18:06,7.263999938964844,25.21500015258789,0.023000000044703484
2026-07-17 06:23:08,9.35099983215332,69.11599731445312,0.07999999821186066
2026-07-17 06:28:10,12.303999900817871,80.2229995727539,0.12200000137090683
2026-07-17 06:33:12,15.965999603271484,83.5199966430664,0.16500000655651093
2026-07-17 06:38:14,20.570999145507812,84.36799621582031,0.2150000035762787
2026-07-17 06:43:16,27.02199935913086,80.63999938964844,0.27000001072883606
2026-07-17 06:48:19,30.493999481201172,81.83599853515625,0.3089999854564667
2026-07-17 06:53:21,34.641998291015625,81.25900268554688,0.3490000069141388
2026-07-17 06:58:23,40.24100112915039,84.7300033569336,0.4230000078678131
2026-07-17 07:03:25,46.60300064086914,86.9209976196289,0.5019999742507935
2026-07-17 07:08:27,52.74300003051758,82.71499633789062,0.5410000085830688
2026-07-17 07:13:29,63.03300094604492,88.08200073242188,0.6880000233650208
2026-07-17 07:18:31,79.14299774169922,88.06999969482422,0.8640000224113464
2026-07-17 07:23:33,92.86900329589844,86.90599822998047,1.0010000467300415
2026-07-17 07:28:35,106.15299987792969,88.28800201416016,1.1619999408721924
2026-07-17 07:33:38,95.8489990234375,87.25,1.0369999408721924
2026-07-17 07:38:40,75.93599700927734,89.98899841308594,0.847000002861023
2026-07-17 07:43:42,68.72200012207031,93.13800048828125,0.7940000295639038
2026-07-17 07:48:44,64.1969985961914,95.53900146484375,0.7609999775886536
2026-07-17 07:53:46,60.47999954223633,99.29399871826172,0.7450000047683716
2026-07-17 07:58:48,67.81300354003906,101.7770004272461,0.8560000061988831
2026-07-17 08:03:50,76.03199768066406,98.63600158691406,0.9300000071525574
2026-07-17 08:08:52,74.8499984741211,105.9530029296875,0.9829999804496765
2026-07-17 08:13:54,77.68199920654297,103.46399688720703,0.996999979019165
2026-07-17 08:18:57,65.58200073242188,100.24500274658203,0.8149999976158142
2026-07-17 08:23:59,75.78299713134766,98.91899871826172,0.9300000071525574
2026-07-17 08:29:01,117.66200256347656,92.53099822998047,1.350000023841858
2026-07-17 08:34:03,292.0979919433594,73.01499938964844,2.6449999809265137
2026-07-17 08:39:05,331.2659912109375,70.40399932861328,2.8919999599456787
2026-07-17 08:44:07,118.68199920654297,89.74500274658203,1.3209999799728394
2026-07-17 08:49:09,310.5459899902344,70.23799896240234,2.7049999237060547
2026-07-17 08:54:12,403.8009948730469,69.20600128173828,3.4649999141693115
2026-07-17 08:59:14,410.8389892578125,70.29199981689453,3.5810000896453857
2026-07-17 09:04:16,430.84100341796875,69.49199676513672,3.7130000591278076
2026-07-17 09:09:18,453.7510070800781,71.20700073242188,4.00600004196167
2026-07-17 09:14:20,473.885986328125,71.00199890136719,4.171999931335449
2026-07-17 09:19:22,492.4460144042969,72.71199798583984,4.440000057220459
2026-07-17 09:24:24,509.4159851074219,73.23300170898438,4.625999927520752
2026-07-17 09:29:26,526.6740112304688,73.68199920654297,4.811999797821045
2026-07-17 09:34:28,543.4130249023438,74.54499816894531,5.0229997634887695
2026-07-17 09:39:31,563.0700073242188,75.4530029296875,5.26800012588501
2026-07-17 09:44:33,579.5250244140625,76.55599975585938,5.500999927520752
2026-07-17 09:49:35,597.6710205078125,76.44000244140625,5.664999961853027
2026-07-17 09:54:37,613.8790283203125,77.20999908447266,5.876999855041504
2026-07-17 09:59:39,630.8499755859375,78.18900299072266,6.116000175476074
2026-07-17 10:04:41,647.8319702148438,78.8499984741211,6.334000110626221
2026-07-17 10:09:43,662.7750244140625,79.33499908447266,6.519999980926514
2026-07-17 10:14:45,679.2739868164062,79.8010025024414,6.7220001220703125
2026-07-17 10:19:47,697.5540161132812,79.59500122070312,6.885000228881836
2026-07-17 10:24:49,713.1270141601562,80.24299621582031,7.0960001945495605
2026-07-17 10:29:52,734.3209838867188,80.65299987792969,7.343999862670898
2026-07-17 10:34:54,749.2570190429688,80.5770034790039,7.486000061035156
2026-07-17 10:39:56,765.4509887695312,81.68299865722656,7.752999782562256
2026-07-17 10:44:58,776.302001953125,82.75399780273438,7.966000080108643
2026-07-17 10:50:00,790.697021484375,82.46399688720703,8.085000038146973
2026-07-17 10:55:02,809.594970703125,83.18000030517578,8.350000381469727
2026-07-17 11:00:04,820.8709716796875,83.66600036621094,8.515999794006348
2026-07-17 11:05:06,849.8330078125,83.90299987792969,8.842000007629395
2026-07-17 11:10:08,854.2329711914062,85.4749984741211,9.053999900817871
2026-07-17 11:15:11,873.9979858398438,85.7760009765625,9.295999526977539
2026-07-17 11:20:13,897.8560180664062,87.47699737548828,9.73900032043457
2026-07-17 11:25:15,885.6090087890625,86.81800079345703,9.534000396728516
2026-07-17 11:30:17,900.7429809570312,86.78399658203125,9.692999839782715
2026-07-17 11:35:19,912.8499755859375,87.6240005493164,9.918000221252441
2026-07-17 11:40:21,923.9979858398438,88.51000213623047,10.140999794006348
2026-07-17 11:45:23,935.9660034179688,89.36499786376953,10.371999740600586
2026-07-17 11:50:25,959.6339721679688,89.24600219726562,10.619999885559082
2026-07-17 11:55:27,973.7509765625,89.9209976196289,10.857000350952148
2026-07-17 12:00:30,981.947021484375,90.28500366210938,10.993000030517578
2026-07-17 12:05:32,1002.573974609375,90.0,11.189000129699707
2026-07-17 12:10:34,992.416015625,90.41400146484375,11.12600040435791
2026-07-17 12:15:36,983.5499877929688,93.00299835205078,11.343000411987305
2026-07-17 12:20:38,988.7570190429688,92.37100219726562,11.324999809265137
2026-07-17 12:25:40,996.4869995117188,94.2040023803711,11.640000343322754
2026-07-17 12:30:42,1001.0650024414062,94.01399993896484,11.670000076293945
2026-07-17 12:35:44,1009.708984375,94.46399688720703,11.82699966430664
2026-07-17 12:40:46,1013.4630126953125,95.88300323486328,12.050000190734863
2026-07-17 12:45:48,1025.5460205078125,95.58799743652344,12.156000137329102
2026-07-17 12:50:51,972.6699829101562,100.25599670410156,12.092000007629395
2026-07-17 12:55:53,1038.5140380859375,96.54199981689453,12.432000160217285
2026-07-17 13:00:55,1045.64599609375,95.95700073242188,12.442000389099121
2026-07-17 13:05:57,1047.02197265625,96.99600219726562,12.593000411987305
2026-07-17 13:10:59,1048.824951171875,97.6500015258789,12.699999809265137
2026-07-17 13:16:01,1031.094970703125,98.26799774169922,12.564000129699707
2026-07-17 13:21:03,1050.23095703125,96.7750015258789,12.602999687194824
2026-07-17 13:26:05,1030.8349609375,98.0510025024414,12.532999992370605
2026-07-17 13:31:07,1043.0699462890625,98.01100158691406,12.677000045776367
2026-07-17 13:53:01,1008.4940185546875,14.178000450134277,1.7730000019073486
2026-07-17 13:58:03,1004.4910278320312,100.69599914550781,12.541999816894531
2026-07-17 14:03:05,1006.9669799804688,101.19999694824219,12.63599967956543
2026-07-17 14:08:08,1005.906005859375,100.26799774169922,12.506999969482422
2026-07-17 14:13:10,1000.3889770507812,100.14600372314453,12.42300033569336
2026-07-17 14:18:12,998.5170288085938,101.41600036621094,12.557000160217285
2026-07-17 14:23:14,1031.6180419921875,82.47699737548828,10.550999641418457
2026-07-17 14:28:16,988.5549926757812,19.902000427246094,2.440000057220459
2026-07-17 14:33:18,973.8259887695312,102.90299987792969,12.425999641418457
2026-07-17 14:38:20,978.7020263671875,101.68099975585938,12.34000015258789
2026-07-17 14:43:22,965.1500244140625,103.38200378417969,12.373000144958496
2026-07-17 14:48:24,966.0800170898438,102.48200225830078,12.277000427246094
2026-07-17 14:53:27,197.1199951171875,124.00199890136719,3.0309998989105225
2026-07-17 14:58:29,993.8469848632812,101.83599853515625,12.550000190734863
2026-07-17 15:03:31,297.1629943847656,94.76599884033203,3.492000102996826
2026-07-17 15:08:33,956.0460205078125,105.52999877929688,12.510000228881836
2026-07-17 15:13:35,969.5590209960938,101.97200012207031,12.260000228881836
2026-07-17 15:18:37,957.4879760742188,99.50199890136719,11.814000129699707
2026-07-17 15:23:39,963.1820068359375,99.5780029296875,11.892999649047852
2026-07-17 15:28:41,164.43699645996094,105.59700012207031,2.1530001163482666
2026-07-17 15:33:43,260.1709899902344,103.93800354003906,3.3529999256134033
2026-07-17 15:38:46,976.9299926757812,51.00400161743164,6.178999900817871
2026-07-17 15:43:48,892.2670288085938,99.51399993896484,11.010000228881836
2026-07-17 15:48:50,895.6929931640625,97.875,10.871000289916992
2026-07-17 15:53:52,877.6320190429688,96.69300079345703,10.52299976348877
2026-07-17 15:58:54,252.83900451660156,339.4309997558594,10.642000198364258
2026-07-17 16:03:56,852.0609741210938,96.43000030517578,10.187999725341797
2026-07-17 16:08:58,158.14199829101562,99.74099731445312,1.9559999704360962
2026-07-17 16:14:00,852.0819702148438,97.0979995727539,10.258999824523926
2026-07-17 16:19:03,484.07501220703125,35.69599914550781,2.1429998874664307
2026-07-17 16:24:05,386.0329895019531,156.41400146484375,7.486999988555908
2026-07-17 16:29:07,682.0689697265625,82.13200378417969,6.946000099182129
2026-07-17 16:34:09,196.40499877929688,80.2750015258789,1.9550000429153442
2026-07-17 16:39:11,788.1389770507812,93.72799682617188,9.15999984741211
2026-07-17 16:44:13,733.885986328125,91.84700012207031,8.357999801635742
2026-07-17 16:49:15,739.5059814453125,90.60900115966797,8.309000015258789
2026-07-17 16:54:17,712.6929931640625,88.70800018310547,7.839000225067139
2026-07-17 16:59:19,256.822998046875,83.21399688720703,2.6500000953674316
2026-07-17 17:04:22,680.89599609375,90.1050033569336,7.607999801635742
2026-07-17 17:09:24,640.52099609375,88.74299621582031,7.047999858856201
2026-07-17 17:14:26,621.8740234375,88.31400299072266,6.809999942779541
2026-07-17 17:19:28,612.0079956054688,87.51499938964844,6.640999794006348
2026-07-17 17:24:30,563.6690063476562,86.14900207519531,6.020999908447266
2026-07-17 17:29:32,546.2030029296875,84.6709976196289,5.735000133514404
2026-07-17 17:34:34,515.1060180664062,82.55400085449219,5.2729997634887695
2026-07-17 17:39:36,210.70899963378906,195.51300048828125,5.107999801635742
2026-07-17 17:44:39,451.4630126953125,79.93099975585938,4.474999904632568
2026-07-17 17:49:41,139.781005859375,84.7959976196289,1.4700000286102295
2026-07-17 17:54:43,439.00799560546875,81.53099822998047,4.438000202178955
2026-07-17 17:59:45,418.2860107421875,79.06700134277344,4.10099983215332
2026-07-17 18:04:47,391.3330078125,77.08200073242188,3.740000009536743
2026-07-17 18:09:49,361.2179870605469,78.1729965209961,3.500999927520752
2026-07-17 18:14:51,83.03800201416016,330.6570129394531,3.4049999713897705
2026-07-17 18:19:53,76.98999786376953,317.6579895019531,3.0329999923706055
2026-07-17 18:24:55,77.48200225830078,300.82000732421875,2.890000104904175
2026-07-17 18:29:57,73.46099853515625,284.04901123046875,2.5869998931884766
2026-07-17 18:35:00,72.1969985961914,250.17300415039062,2.240000009536743
2026-07-17 18:40:02,75.74400329589844,110.04100036621094,1.034000039100647
2026-07-17 18:45:04,74.98999786376953,112.94300079345703,1.0499999523162842
2026-07-17 18:50:06,65.9520034790039,112.53900146484375,0.9200000166893005
2026-07-17 18:55:08,66.9990005493164,112.4219970703125,0.9340000152587891
2026-07-17 19:00:10,61.733001708984375,110.72799682617188,0.8479999899864197
2026-07-17 19:05:12,59.19499969482422,114.84600067138672,0.8429999947547913
2026-07-17 19:10:14,58.60100173950195,114.92500305175781,0.8349999785423279
2026-07-17 19:15:17,59.702999114990234,111.91600036621094,0.8289999961853027
2026-07-17 19:20:19,60.345001220703125,110.38500213623047,0.8259999752044678
2026-07-17 19:25:21,61.654998779296875,107.65499877929688,0.8230000138282776
2026-07-17 19:30:23,58.737998962402344,107.0199966430664,0.7789999842643738
2026-07-17 19:35:25,61.499000549316406,111.58699798583984,0.8510000109672546
2026-07-17 19:40:27,55.805999755859375,112.22799682617188,0.7770000100135803
2026-07-17 19:45:29,50.06399917602539,109.98899841308594,0.6830000281333923
2026-07-17 19:50:31,47.4379997253418,112.00700378417969,0.6589999794960022
2026-07-17 19:55:33,46.305999755859375,111.56700134277344,0.640999972820282
2026-07-17 20:00:35,41.08100128173828,112.13200378417969,0.5709999799728394
2026-07-17 20:05:37,41.54499816894531,106.24299621582031,0.546999990940094
2026-07-17 20:10:40,41.50199890136719,112.01599884033203,0.5759999752044678
2026-07-17 20:15:42,40.249000549316406,106.93800354003906,0.5339999794960022
2026-07-17 20:20:44,29.503999710083008,108.64099884033203,0.3970000147819519
2026-07-17 20:25:46,19.8700008392334,122.85099792480469,0.30300000309944153
2026-07-17 20:30:48,17.226999282836914,111.13600158691406,0.2370000034570694
2026-07-17 20:35:50,16.10099983215332,122.45500183105469,0.24400000274181366
2026-07-17 20:40:52,16.503000259399414,113.43900299072266,0.23199999332427979
2026-07-17 20:45:54,13.048999786376953,126.37799835205078,0.20399999618530273
2026-07-17 20:50:56,10.074999809265137,136.3939971923828,0.17000000178813934
2026-07-17 20:55:59,6.848999977111816,126.08000183105469,0.10700000077486038
2026-07-17 21:01:01,5.927000045776367,31.113000869750977,0.023000000044703484
2026-07-17 21:06:03,9.243000030517578,49.222999572753906,0.0560000017285347
2026-07-17 21:11:05,14.152999877929688,113.05899810791016,0.1979999989271164
2026-07-17 21:16:07,7.781000137329102,27.43400001525879,0.026000000536441803
2026-07-17 21:21:09,1.6319999694824219,0.16599999368190765,0.0
2026-07-18 05:59:07,1.6319999694824219,0.16599999368190765,0.0
2026-07-18 06:04:09,5.241000175476074,0.2150000035762787,0.0
2026-07-18 06:09:11,7.508999824523926,22.093000411987305,0.020999999716877937
2026-07-18 06:14:13,11.229999542236328,66.12300109863281,0.09200000017881393
2026-07-18 06:19:15,13.626999855041504,67.31300354003906,0.11400000005960464
2026-07-18 06:24:17,16.503000259399414,73.02899932861328,0.14900000393390656
2026-07-18 06:29:19,18.363000869750977,71.21900177001953,0.16200000047683716
2026-07-18 06:34:22,20.672000885009766,66.94000244140625,0.1720000058412552
2026-07-18 06:39:24,24.562000274658203,73.26799774169922,0.22300000488758087
2026-07-18 06:44:26,27.857999801635742,74.36499786376953,0.25699999928474426
2026-07-18 06:49:28,30.231000900268555,76.552001953125,0.28700000047683716
2026-07-18 06:54:30,32.93299865722656,80.79499816894531,0.33000001311302185
2026-07-18 06:59:32,35.558998107910156,81.45800018310547,0.35899999737739563
2026-07-18 07:04:34,38.65800094604492,84.39700317382812,0.4050000011920929
2026-07-18 07:09:36,43.518001556396484,83.85199737548828,0.4519999921321869
2026-07-18 07:14:38,49.42399978637695,81.51200103759766,0.5
2026-07-18 07:19:41,54.07099914550781,83.03700256347656,0.5569999814033508
2026-07-18 07:24:43,54.85499954223633,82.8030014038086,0.5630000233650208
2026-07-18 07:29:45,61.095001220703125,84.50800323486328,0.6399999856948853
2026-07-18 07:34:47,71.6050033569336,84.68000030517578,0.7519999742507935
2026-07-18 07:39:49,82.62899780273438,82.4020004272461,0.843999981880188
2026-07-18 07:44:51,88.69499969482422,87.10199737548828,0.9580000042915344
2026-07-18 07:49:53,162.70199584960938,48.33599853515625,0.9750000238418579
2026-07-18 07:54:55,207.60000610351562,35.66299819946289,0.9179999828338623
2026-07-18 07:59:57,219.59100341796875,33.56999969482422,0.9139999747276306
2026-07-18 08:04:59,243.54100036621094,60.74100112915039,1.8339999914169312
2026-07-18 08:10:02,263.10400390625,60.88399887084961,1.9859999418258667
2026-07-18 08:15:04,274.9410095214844,61.26599884033203,2.0889999866485596
2026-07-18 08:20:06,286.281005859375,62.22700119018555,2.2090001106262207
2026-07-18 08:25:08,302.52099609375,63.4010009765625,2.378000020980835
2026-07-18 08:30:10,307.24200439453125,64.17900085449219,2.444999933242798
2026-07-18 08:35:12,324.8710021972656,65.15899658203125,2.625
2026-07-18 08:40:14,351.5090026855469,65.3010025024414,2.8459999561309814
2026-07-18 08:45:16,376.3059997558594,66.58399963378906,3.1070001125335693
2026-07-18 08:50:19,388.20599365234375,67.59200286865234,3.253999948501587
2026-07-18 08:55:21,408.1390075683594,68.18800354003906,3.4509999752044678
2026-07-18 09:00:23,424.5350036621094,68.00199890136719,3.5799999237060547
2026-07-18 09:05:25,441.25799560546875,68.24700164794922,3.7339999675750732
2026-07-18 09:10:27,457.84698486328125,68.49700164794922,3.8889999389648438
2026-07-18 09:15:29,476.0870056152344,69.1240005493164,4.080999851226807
2026-07-18 09:20:31,494.03399658203125,69.69999694824219,4.269999980926514
2026-07-18 09:25:33,505.625,70.99099731445312,4.451000213623047
2026-07-18 09:30:35,518.4849853515625,71.62100219726562,4.605000019073486
2026-07-18 09:35:38,548.9190063476562,72.56999969482422,4.940000057220459
2026-07-18 09:40:40,567.8829956054688,73.2699966430664,5.158999919891357
2026-07-18 09:45:42,584.3679809570312,73.8740005493164,5.353000164031982
2026-07-18 09:50:44,596.5230102539062,75.24500274658203,5.565999984741211
2026-07-18 09:55:46,617.1220092773438,76.50499725341797,5.854000091552734
2026-07-18 10:00:48,633.031005859375,76.2020034790039,5.98199987411499
2026-07-18 10:05:50,650.8729858398438,77.16100311279297,6.228000164031982
2026-07-18 10:10:52,666.7680053710938,77.58999633789062,6.414999961853027
2026-07-18 10:15:55,687.39697265625,78.06999969482422,6.6539998054504395
2026-07-18 10:20:57,695.9949951171875,78.6729965209961,6.789999961853027
2026-07-18 10:25:59,715.9249877929688,79.3219985961914,7.041999816894531
2026-07-18 10:31:01,742.5969848632812,79.73100280761719,7.3420000076293945
2026-07-18 10:36:03,767.9500122070312,80.06700134277344,7.624000072479248
2026-07-18 10:41:05,809.39697265625,80.89800262451172,8.119000434875488
2026-07-18 10:46:07,807.2570190429688,80.13999938964844,8.022000312805176
2026-07-18 10:51:09,805.6110229492188,80.76799774169922,8.067999839782715
2026-07-18 10:56:11,801.6640014648438,81.59100341796875,8.111000061035156
2026-07-18 11:01:14,829.3330078125,82.96399688720703,8.531999588012695
2026-07-18 11:06:16,840.7570190429688,83.31600189208984,8.685999870300293
2026-07-18 11:11:18,853.8380126953125,85.29399871826172,9.031000137329102
2026-07-18 11:16:20,879.3989868164062,84.4020004272461,9.204000473022461
2026-07-18 11:21:22,884.7130126953125,83.74700164794922,9.187000274658203
2026-07-18 11:26:24,894.5369873046875,85.73600006103516,9.510000228881836
2026-07-18 11:31:26,957.9310302734375,84.70500183105469,10.062000274658203
2026-07-18 11:36:28,1004.3930053710938,88.88200378417969,11.069999694824219
2026-07-18 11:41:30,936.7789916992188,87.93099975585938,10.21399974822998
2026-07-18 11:46:33,945.3140258789062,89.47100067138672,10.48799991607666
2026-07-18 11:51:35,954.0,89.55000305175781,10.593000411987305
2026-07-18 11:56:37,969.47900390625,91.09400177001953,10.951000213623047
2026-07-18 12:01:39,1017.4219970703125,90.58000183105469,11.428000450134277
2026-07-18 12:06:41,1037.8330078125,90.33100128173828,11.625
2026-07-18 12:11:43,491.5090026855469,110.4000015258789,6.729000091552734
2026-07-18 12:16:45,1028.7030029296875,90.46900177001953,11.539999961853027
2026-07-18 12:21:47,1014.197021484375,90.48699951171875,11.380000114440918
2026-07-18 12:26:49,1017.1909790039062,91.7040023803711,11.567000389099121
2026-07-18 12:31:52,1023.6480102539062,91.93000030517578,11.668999671936035
2026-07-18 12:36:54,1030.1390380859375,92.59200286865234,11.82699966430664
2026-07-18 12:41:56,1015.3460083007812,94.3479995727539,11.878999710083008
2026-07-18 12:46:58,1046.9029541015625,92.65399932861328,12.027999877929688
2026-07-18 12:52:00,1045.9820556640625,93.63800048828125,12.145000457763672
2026-07-18 12:57:02,1071.4300537109375,94.56700134277344,12.564000129699707
2026-07-18 13:02:04,1109.239013671875,94.21299743652344,12.958999633789062
2026-07-18 13:07:06,1104.4639892578125,94.8239974975586,12.986000061035156
2026-07-18 13:12:08,1111.0810546875,94.6500015258789,13.039999961853027
2026-07-18 13:17:11,1096.7979736328125,97.90499877929688,13.3149995803833
2026-07-18 13:22:13,1117.012939453125,97.02200317382812,13.437999725341797
2026-07-18 13:27:15,1137.199951171875,97.052001953125,13.685999870300293
2026-07-18 13:32:17,1128.906005859375,103.8239974975586,14.534000396728516
2026-07-18 13:54:26,188.218994140625,2.621999979019165,0.061000000685453415
2026-07-18 13:59:28,195.20899963378906,97.44200134277344,2.3589999675750732
2026-07-18 14:04:30,288.2550048828125,108.45800018310547,3.877000093460083
2026-07-18 14:09:32,1129.2640380859375,103.10600280761719,14.437999725341797
2026-07-18 14:14:35,1155.35595703125,97.23500061035156,13.930000305175781
2026-07-18 14:19:37,1160.4339599609375,98.94400024414062,14.237000465393066
2026-07-18 14:24:39,1079.68603515625,103.50599670410156,13.857000350952148
2026-07-18 14:29:41,1085.89697265625,102.60800170898438,13.815999984741211
2026-07-18 14:34:43,1154.31494140625,111.03700256347656,15.892999649047852
2026-07-18 14:39:45,1064.593017578125,104.31099700927734,13.770000457763672
2026-07-18 14:44:47,1054.77001953125,103.28500366210938,13.508999824523926
2026-07-18 14:49:49,1011.3829956054688,105.52400207519531,13.234000205993652
2026-07-18 14:54:52,1050.6810302734375,105.11100006103516,13.694000244140625
2026-07-18 14:59:54,1013.3099975585938,101.60399627685547,12.767000198364258
2026-07-18 15:04:56,1021.8579711914062,101.94400024414062,12.916999816894531
2026-07-18 15:09:58,983.6409912109375,99.7490005493164,12.166999816894531
2026-07-18 15:15:00,1002.4569702148438,97.66000366210938,12.140000343322754
2026-07-18 15:20:02,1014.6290283203125,97.8740005493164,12.314000129699707
2026-07-18 15:25:04,138.6009979248047,110.572998046875,1.899999976158142
2026-07-18 15:30:06,164.2790069580078,105.81800079345703,2.1559998989105225
2026-07-18 15:35:08,333.75799560546875,105.72799682617188,4.375999927520752
2026-07-18 15:40:10,969.3510131835938,99.64199829101562,11.97700023651123
2026-07-18 15:45:13,345.01800537109375,86.61699676513672,3.7060000896453857
2026-07-18 15:50:15,222.29299926757812,103.85299682617188,2.86299991607666
2026-07-18 15:55:17,225.75799560546875,108.39800262451172,3.0339999198913574
2026-07-18 16:00:19,214.1009979248047,106.48300170898438,2.8269999027252197
2026-07-18 16:05:21,887.3670043945312,103.91100311279297,11.434000015258789
2026-07-18 16:10:23,223.52000427246094,109.25700378417969,3.0280001163482666
2026-07-18 16:15:25,179.19500732421875,106.81700134277344,2.374000072479248
2026-07-18 16:20:27,703.2849731445312,90.99700164794922,7.935999870300293
2026-07-18 16:25:29,853.3809814453125,95.04299926757812,10.057000160217285
2026-07-18 16:30:31,162.03399658203125,108.23400115966797,2.174999952316284
2026-07-18 16:35:33,143.9250030517578,108.95999908447266,1.9450000524520874
2026-07-18 16:40:36,141.62100219726562,110.9020004272461,1.9479999542236328
2026-07-18 16:45:38,137.7209930419922,110.83699798583984,1.8930000066757202
2026-07-18 16:50:40,129.28700256347656,110.76100158691406,1.7760000228881836
2026-07-18 16:55:42,120.28600311279297,107.447998046875,1.6030000448226929
2026-07-18 17:00:44,237.9199981689453,84.46399688720703,2.492000102996826
2026-07-18 17:05:46,165.06100463867188,104.91999816894531,2.1470000743865967
2026-07-18 17:10:48,398.6239929199219,46.21099853515625,2.2839999198913574
2026-07-18 17:15:50,174.68600463867188,104.98400115966797,2.2739999294281006
2026-07-18 17:20:52,549.5430297851562,55.4119987487793,3.7760000228881836
2026-07-18 17:25:54,552.2969970703125,79.8030014038086,5.465000152587891
2026-07-18 17:30:57,595.552001953125,42.33599853515625,3.125999927520752
2026-07-18 17:35:59,579.4739990234375,84.12799835205078,6.045000076293945
2026-07-18 17:41:01,406.6130065917969,103.66100311279297,5.2270002365112305
2026-07-18 17:46:03,162.23500061035156,97.15699768066406,1.9550000429153442
2026-07-18 17:51:05,126.2030029296875,107.01399993896484,1.6749999523162842
2026-07-18 17:56:07,195.43299865722656,94.0790023803711,2.2799999713897705
2026-07-18 18:01:09,297.2799987792969,58.42399978637695,2.1540000438690186
2026-07-18 18:06:11,141.50900268554688,106.51599884033203,1.86899995803833
2026-07-18 18:11:13,105.71399688720703,107.86900329589844,1.4140000343322754
2026-07-18 18:16:16,112.08699798583984,254.0959930419922,3.5320000648498535
2026-07-18 18:21:18,109.10199737548828,244.06399536132812,3.302000045776367
2026-07-18 18:26:20,97.79900360107422,216.07699584960938,2.619999885559082
2026-07-18 18:31:22,106.74299621582031,189.71800231933594,2.510999917984009
2026-07-18 18:36:24,122.12799835205078,172.63999938964844,2.614000082015991
2026-07-18 18:41:26,121.62300109863281,101.54900360107422,1.531000018119812
2026-07-18 18:46:28,132.16200256347656,104.125,1.7059999704360962
2026-07-18 18:51:30,130.9759979248047,106.91500091552734,1.7359999418258667
2026-07-18 18:56:32,131.1179962158203,104.21399688720703,1.694000005722046
2026-07-18 19:01:35,111.26599884033203,109.72200012207031,1.5140000581741333
2026-07-18 19:06:37,86.9260025024414,107.83399963378906,1.1619999408721924
2026-07-18 19:11:39,77.94300079345703,107.02200317382812,1.034000039100647
2026-07-18 19:16:41,72.38099670410156,113.11000061035156,1.0149999856948853
2026-07-18 19:21:43,65.98200225830078,110.77200317382812,0.906000018119812
2026-07-18 19:26:45,58.96900177001953,109.66699981689453,0.8019999861717224
2026-07-18 19:31:47,58.74100112915039,110.18299865722656,0.8029999732971191
2026-07-18 19:36:49,54.53900146484375,109.62200164794922,0.7409999966621399
2026-07-18 19:41:51,40.89899826049805,115.13200378417969,0.5839999914169312
2026-07-18 19:46:53,35.3849983215332,119.7040023803711,0.5249999761581421
2026-07-18 19:51:56,36.737998962402344,114.21499633789062,0.5199999809265137
2026-07-18 19:56:58,35.81100082397461,122.96099853515625,0.5460000038146973
2026-07-18 20:02:00,33.965999603271484,127.52100372314453,0.5370000004768372
2026-07-18 20:07:02,27.861000061035156,125.63300323486328,0.4339999854564667
2026-07-18 20:12:04,26.187000274658203,121.41899871826172,0.39399999380111694
2026-07-18 20:17:06,22.670000076293945,121.78500366210938,0.34200000762939453
2026-07-18 20:22:08,21.694000244140625,127.93399810791016,0.3440000116825104
2026-07-18 20:27:10,19.601999282836914,127.83300018310547,0.3109999895095825
2026-07-18 20:32:12,19.239999771118164,121.39099884033203,0.28999999165534973
2026-07-18 20:37:15,17.684999465942383,133.3470001220703,0.2919999957084656
2026-07-18 20:42:17,15.553999900817871,136.8470001220703,0.2639999985694885
2026-07-18 20:47:19,13.359999656677246,143.4429931640625,0.23800000548362732
2026-07-18 20:52:21,11.211000442504883,129.7729949951172,0.18000000715255737
2026-07-18 20:57:23,9.057999610900879,167.88699340820312,0.1889999955892563
2026-07-18 21:02:25,7.058000087738037,154.2100067138672,0.13500000536441803
2026-07-18 21:07:27,4.8420000076293945,0.531000018119812,0.0
2026-07-18 21:12:29,3.2309999465942383,0.22499999403953552,0.0
2026-07-18 21:17:31,2.1740000247955322,0.28700000047683716,0.0
2026-07-18 21:22:34,1.2269999980926514,0.13199999928474426,0.0
2026-07-19 06:00:16,1.2269999980926514,0.13199999928474426,0.0
2026-07-19 06:05:18,4.715000152587891,0.16300000250339508,0.0
2026-07-19 06:10:21,6.941999912261963,0.1979999989271164,0.0
2026-07-19 06:15:23,9.26200008392334,45.88199996948242,0.05299999937415123
2026-07-19 06:20:25,11.935999870300293,62.27000045776367,0.09200000017881393
2026-07-19 06:25:27,14.944000244140625,74.7959976196289,0.13899999856948853
2026-07-19 06:30:29,18.038999557495117,73.67900085449219,0.16500000655651093
2026-07-19 06:35:31,22.01799964904785,70.4010009765625,0.19200000166893005
2026-07-19 06:40:33,26.283000946044922,70.51100158691406,0.23000000417232513
2026-07-19 06:45:35,29.655000686645508,79.59700012207031,0.2930000126361847
2026-07-19 06:50:37,32.439998626708984,79.55999755859375,0.3199999928474426
2026-07-19 06:55:39,35.20899963378906,74.62100219726562,0.32600000500679016
2026-07-19 07:00:41,39.71900177001953,73.7509994506836,0.3630000054836273
2026-07-19 07:05:44,42.196998596191406,81.76200103759766,0.42800000309944153
2026-07-19 07:10:46,45.38999938964844,82.33599853515625,0.46299999952316284
2026-07-19 07:15:48,48.31800079345703,81.06700134277344,0.4860000014305115
2026-07-19 07:20:50,50.983001708984375,82.7699966430664,0.5230000019073486
2026-07-19 07:25:52,54.95100021362305,85.2750015258789,0.5809999704360962
2026-07-19 07:30:54,58.76300048828125,84.25499725341797,0.6140000224113464
2026-07-19 07:35:56,63.3390007019043,86.9280014038086,0.6830000281333923
2026-07-19 07:40:58,67.68900299072266,87.23100280761719,0.7319999933242798
2026-07-19 07:46:00,71.31700134277344,91.34600067138672,0.8080000281333923
2026-07-19 07:51:03,160.8730010986328,41.066001892089844,0.8190000057220459
2026-07-19 07:56:05,174.71099853515625,43.194000244140625,0.9359999895095825
2026-07-19 08:01:07,178.197998046875,55.62099838256836,1.2289999723434448
2026-07-19 08:06:09,201.9199981689453,61.03300094604492,1.527999997138977
2026-07-19 08:11:11,193.05299377441406,63.409000396728516,1.5180000066757202
2026-07-19 08:16:13,220.6510009765625,64.69000244140625,1.7699999809265137
2026-07-19 08:21:15,178.48500061035156,76.21900177001953,1.687000036239624
2026-07-19 08:26:17,137.76199340820312,92.49700164794922,1.5800000429153442
2026-07-19 08:31:20,118.58699798583984,97.3010025024414,1.430999994277954
2026-07-19 08:36:22,123.91300201416016,95.63099670410156,1.468999981880188
2026-07-19 08:41:24,126.1050033569336,97.73400115966797,1.527999997138977
2026-07-19 08:46:26,115.10399627685547,101.8740005493164,1.4539999961853027
2026-07-19 08:51:28,125.04000091552734,100.86000061035156,1.5640000104904175
2026-07-19 08:56:30,132.49099731445312,99.22699737548828,1.6299999952316284
2026-07-19 09:01:32,284.7659912109375,76.55500030517578,2.703000068664551
2026-07-19 09:06:34,136.39100646972656,101.19599914550781,1.7109999656677246
2026-07-19 09:11:36,141.36900329589844,101.43499755859375,1.777999997138977
2026-07-19 09:16:38,170.04299926757812,102.03399658203125,2.1510000228881836
2026-07-19 09:21:41,433.89898681640625,72.8949966430664,3.921999931335449
2026-07-19 09:26:43,479.0580139160156,72.9540023803711,4.334000110626221
2026-07-19 09:31:45,511.89300537109375,74.37300109863281,4.7210001945495605
2026-07-19 09:36:47,537.7050170898438,65.97000122070312,4.39900016784668
2026-07-19 09:41:49,559.8099975585938,73.94999694824219,5.132999897003174
2026-07-19 09:46:51,580.9810180664062,74.61399841308594,5.375
2026-07-19 09:51:53,576.3679809570312,74.57499694824219,5.329999923706055
2026-07-19 09:56:55,572.093994140625,75.04199981689453,5.322999954223633
2026-07-19 10:01:57,604.656005859375,75.00599670410156,5.624000072479248
2026-07-19 10:06:59,644.5460205078125,76.92400360107422,6.1479997634887695
2026-07-19 10:12:02,414.9259948730469,80.3010025024414,4.131999969482422
2026-07-19 10:17:04,274.114013671875,95.59700012207031,3.249000072479248
2026-07-19 10:22:06,655.0330200195312,77.70600128173828,6.311999797821045
2026-07-19 10:27:08,678.02099609375,79.8030014038086,6.709000110626221
2026-07-19 10:32:10,690.7570190429688,79.81500244140625,6.835999965667725
2026-07-19 10:37:12,712.9439697265625,79.89399719238281,7.063000202178955
2026-07-19 10:42:14,732.9650268554688,79.7020034790039,7.24399995803833
2026-07-19 10:47:16,705.6389770507812,81.5719985961914,7.13700008392334
2026-07-19 10:52:18,736.7659912109375,80.61199951171875,7.364999771118164
2026-07-19 10:57:21,763.4450073242188,81.67400360107422,7.73199987411499
2026-07-19 11:02:23,771.9730224609375,82.18499755859375,7.867000102996826
2026-07-19 11:07:25,791.5700073242188,81.9540023803711,8.043999671936035
2026-07-19 11:12:27,801.072021484375,83.62100219726562,8.305999755859375
2026-07-19 11:17:29,828.0020141601562,83.32099914550781,8.555000305175781
2026-07-19 11:22:31,837.4990234375,84.44300079345703,8.769000053405762
2026-07-19 11:27:33,855.7030029296875,85.56800079345703,9.079000473022461
2026-07-19 11:32:35,883.0859985351562,84.89800262451172,9.29699993133545
2026-07-19 11:37:38,958.0689697265625,85.65399932861328,10.175999641418457
2026-07-19 11:42:40,959.7219848632812,86.18499755859375,10.255999565124512
2026-07-19 11:47:42,981.9149780273438,87.02999877929688,10.597000122070312
2026-07-19 11:52:44,219.31399536132812,104.85299682617188,2.8510000705718994
2026-07-19 11:57:46,217.54100036621094,101.94400024414062,2.75
2026-07-19 12:02:48,634.510009765625,146.51499938964844,11.527999877929688
2026-07-19 12:07:50,996.198974609375,91.0979995727539,11.253000259399414
2026-07-19 12:12:52,1025.4659423828125,88.91100311279297,11.305999755859375
2026-07-19 12:17:54,989.031982421875,87.96900177001953,10.788999557495117
2026-07-19 12:22:57,994.5670166015625,89.91300201416016,11.08899974822998
2026-07-19 12:27:59,1021.5679931640625,87.09700012207031,11.032999992370605
2026-07-19 12:33:01,1050.446044921875,87.69100189208984,11.42199993133545
2026-07-19 12:38:03,1100.08203125,88.19300079345703,12.029999732971191
2026-07-19 12:43:05,423.45098876953125,146.0760040283203,7.670000076293945
2026-07-19 12:48:07,686.3250122070312,120.46700286865234,10.251999855041504
2026-07-19 12:53:09,1010.1129760742188,92.8550033569336,11.630000114440918
2026-07-19 12:58:11,1014.2540283203125,92.51100158691406,11.635000228881836
2026-07-19 13:03:13,1064.135009765625,91.80599975585938,12.11400032043457
2026-07-19 13:08:16,257.9110107421875,110.34200286865234,3.5290000438690186
2026-07-19 13:13:18,337.5060119628906,115.63899993896484,4.840000152587891
2026-07-19 13:18:20,1040.8389892578125,98.33599853515625,12.692000389099121
2026-07-19 13:23:22,1020.2670288085938,96.88999938964844,12.258000373840332
2026-07-19 13:28:24,1033.8179931640625,96.16400146484375,12.32800006866455
2026-07-19 13:33:26,294.5950012207031,107.0530014038086,3.9110000133514404
2026-07-19 13:55:39,1076.387939453125,8.980999946594238,1.1990000009536743
2026-07-19 14:00:41,1038.467041015625,99.74299621582031,12.843999862670898
2026-07-19 14:05:43,169.22999572753906,111.0510025024414,2.3299999237060547
2026-07-19 14:10:45,209.90899658203125,110.72200012207031,2.881999969482422
2026-07-19 14:15:47,245.41700744628906,113.95600128173828,3.4679999351501465
2026-07-19 14:20:49,177.11300659179688,116.53700256347656,2.559000015258789
2026-07-19 14:25:52,1046.219970703125,104.51000213623047,13.557999610900879
2026-07-19 14:30:54,965.1859741210938,101.89600372314453,12.194999694824219
2026-07-19 14:35:56,180.53900146484375,108.83699798583984,2.437000036239624
2026-07-19 14:40:58,1012.3909912109375,103.93199920654297,13.04699993133545
2026-07-19 14:46:00,982.4569702148438,100.90499877929688,12.293000221252441
2026-07-19 14:51:02,262.2380065917969,117.8270034790039,3.8310000896453857
2026-07-19 14:56:04,191.49000549316406,106.87899780273438,2.5380001068115234
2026-07-19 15:01:06,1007.10400390625,100.31099700927734,12.527000427246094
2026-07-19 15:06:08,372.4530029296875,111.0,5.125999927520752
2026-07-19 15:11:11,153.1750030517578,101.02100372314453,1.9190000295639038
2026-07-19 15:16:13,162.7689971923828,102.43099975585938,2.066999912261963
2026-07-19 15:21:15,257.3970031738281,106.44000244140625,3.3970000743865967
2026-07-19 15:26:17,513.7069702148438,113.17400360107422,7.209000110626221
2026-07-19 15:31:19,160.375,109.01100158691406,2.1679999828338623
2026-07-19 15:36:21,173.2270050048828,106.73600006103516,2.2929999828338623
2026-07-19 15:41:23,397.572998046875,85.91200256347656,4.235000133514404
2026-07-19 15:46:25,870.3629760742188,95.57499694824219,10.3149995803833
2026-07-19 15:51:27,520.4530029296875,151.5800018310547,9.781999588012695
2026-07-19 15:56:30,641.4819946289062,124.56900024414062,9.909000396728516
2026-07-19 16:01:32,791.5499877929688,105.34600067138672,10.34000015258789
2026-07-19 16:06:34,809.35400390625,91.5009994506836,9.182999610900879
2026-07-19 16:11:36,194.7449951171875,100.05999755859375,2.4159998893737793
2026-07-19 16:16:38,786.375,88.1719970703125,8.597999572753906
2026-07-19 16:21:40,795.4190063476562,88.62000274658203,8.741000175476074
2026-07-19 16:26:42,782.8159790039062,86.79499816894531,8.425000190734863
2026-07-19 16:31:44,757.0670166015625,86.56500244140625,8.12600040435791
2026-07-19 16:36:46,727.22900390625,87.16699981689453,7.860000133514404
2026-07-19 16:41:48,706.155029296875,86.4749984741211,7.572000026702881
2026-07-19 16:46:50,684.843017578125,85.68900299072266,7.2769999504089355
2026-07-19 16:51:52,669.7169799804688,84.44300079345703,7.013000011444092
2026-07-19 16:56:55,649.9769897460938,83.79299926757812,6.752999782562256
2026-07-19 17:01:57,647.0250244140625,85.07499694824219,6.826000213623047
2026-07-19 17:06:59,612.0640258789062,84.43900299072266,6.408999919891357
2026-07-19 17:12:01,605.2069702148438,83.81099700927734,6.289999961853027
2026-07-19 17:17:03,583.2639770507812,83.78199768066406,6.059000015258789
2026-07-19 17:22:05,541.7849731445312,82.3010025024414,5.5289998054504395
2026-07-19 17:27:07,518.31298828125,81.50599670410156,5.23799991607666
2026-07-19 17:32:09,506.74700927734375,80.63099670410156,5.066999912261963
2026-07-19 17:37:11,487.9330139160156,77.72699737548828,4.703000068664551
2026-07-19 17:42:14,469.52899169921875,78.84500122070312,4.590000152587891
2026-07-19 17:47:16,440.0429992675781,78.802001953125,4.300000190734863
2026-07-19 17:52:18,419.0260009765625,77.83699798583984,4.044000148773193
2026-07-19 17:57:20,393.2309875488281,77.07499694824219,3.757999897003174
2026-07-19 18:02:22,370.510009765625,74.2490005493164,3.4110000133514404
2026-07-19 18:07:24,350.53900146484375,75.40699768066406,3.2780001163482666
2026-07-19 18:12:26,305.25299072265625,82.31400299072266,3.115999937057495
2026-07-19 18:17:28,89.75299835205078,269.8800048828125,3.003999948501587
2026-07-19 18:22:30,86.9280014038086,262.3240051269531,2.828000068664551
2026-07-19 18:27:32,83.9739990234375,249.26499938964844,2.5959999561309814
2026-07-19 18:32:35,80.49800109863281,239.19000244140625,2.388000011444092
2026-07-19 18:37:37,77.89099884033203,182.97999572753906,1.7669999599456787
2026-07-19 18:42:39,76.90899658203125,114.29499816894531,1.090000033378601
2026-07-19 18:47:41,75.04199981689453,116.45899963378906,1.0839999914169312
2026-07-19 18:52:43,72.16000366210938,109.84500122070312,0.9829999804496765
2026-07-19 18:57:45,68.76100158691406,115.60299682617188,0.9860000014305115
2026-07-19 19:02:47,65.68199920654297,118.50900268554688,0.9649999737739563
2026-07-19 19:07:49,63.207000732421875,115.96099853515625,0.9089999794960022
2026-07-19 19:12:51,61.047000885009766,113.56999969482422,0.8600000143051147
2026-07-19 19:17:53,58.62200164794922,116.31600189208984,0.8460000157356262
2026-07-19 19:22:56,56.57699966430664,115.87699890136719,0.8130000233650208
2026-07-19 19:27:58,54.577999114990234,114.697998046875,0.7760000228881836
2026-07-19 19:33:00,52.417999267578125,115.96800231933594,0.7540000081062317
2026-07-19 19:38:02,50.62099838256836,119.37999725341797,0.7490000128746033
2026-07-19 19:43:04,48.42100143432617,118.37699890136719,0.7110000252723694
2026-07-19 19:48:06,45.70199966430664,111.16799926757812,0.6299999952316284
2026-07-19 19:53:08,43.20899963378906,112.4729995727539,0.6029999852180481
2026-07-19 19:58:10,41.1150016784668,120.84600067138672,0.6159999966621399
2026-07-19 20:03:13,38.50699996948242,115.55999755859375,0.5519999861717224
2026-07-19 20:08:15,36.05500030517578,113.97100067138672,0.5099999904632568
2026-07-19 20:13:17,33.28499984741211,119.49299621582031,0.49300000071525574
2026-07-19 20:18:19,29.549999237060547,127.22899627685547,0.4659999907016754
2026-07-19 20:23:21,26.413999557495117,126.22899627685547,0.4129999876022339
2026-07-19 20:28:23,23.961000442504883,117.4260025024414,0.3490000069141388
2026-07-19 20:33:25,21.367000579833984,129.5240020751953,0.34299999475479126
2026-07-19 20:38:27,18.639999389648438,110.25900268554688,0.2549999952316284
2026-07-19 20:43:30,15.78499984741211,123.76300048828125,0.24199999868869781
2026-07-19 20:48:32,13.152000427246094,123.51300048828125,0.20100000500679016
2026-07-19 20:53:34,10.454999923706055,130.2790069580078,0.16899999976158142
2026-07-19 20:58:36,8.02299976348877,109.26599884033203,0.10899999737739563
2026-07-19 21:03:38,4.724999904632568,0.36500000953674316,0.0
2026-07-19 21:08:40,2.9739999771118164,0.32600000500679016,0.0
2026-07-19 21:13:42,1.656999945640564,0.16599999368190765,0.0
2026-07-19 21:18:44,0.6240000128746033,0.19099999964237213,0.0
2026-07-20 06:01:18,0.6240000128746033,0.19099999964237213,0.0
2026-07-20 06:06:20,4.881999969482422,0.1940000057220459,0.0
2026-07-20 06:11:22,7.010000228881836,0.1720000058412552,0.0
2026-07-20 06:16:24,8.911999702453613,22.719999313354492,0.02500000037252903
2026-07-20 06:21:26,11.178999900817871,67.7040023803711,0.09399999678134918
2026-07-20 06:26:28,13.991000175476074,72.28900146484375,0.125
2026-07-20 06:31:30,17.95400047302246,69.40599822998047,0.1550000011920929
2026-07-20 06:36:33,21.152999877929688,69.68900299072266,0.18299999833106995
2026-07-20 06:41:35,24.117000579833984,71.56800079345703,0.21400000154972076
2026-07-20 06:46:37,24.663000106811523,82.83200073242188,0.2529999911785126
2026-07-20 06:51:39,26.847000122070312,80.81099700927734,0.26899999380111694
2026-07-20 06:56:41,28.190000534057617,78.54499816894531,0.2750000059604645
2026-07-20 07:01:43,33.04499816894531,87.12300109863281,0.3569999933242798
2026-07-20 07:06:45,36.237998962402344,80.70899963378906,0.3630000054836273
2026-07-20 07:11:47,38.90700149536133,82.69499969482422,0.39899998903274536
2026-07-20 07:16:49,40.689998626708984,86.59400177001953,0.43700000643730164
2026-07-20 07:21:51,42.67399978637695,87.51599884033203,0.46299999952316284
2026-07-20 07:26:54,44.084999084472656,82.875,0.453000009059906
2026-07-20 07:31:56,45.72600173950195,84.4000015258789,0.4790000021457672
2026-07-20 07:36:58,50.18299865722656,87.33799743652344,0.5429999828338623
2026-07-20 07:42:00,53.71200180053711,88.9520034790039,0.5920000076293945
2026-07-20 07:47:02,61.766998291015625,77.49299621582031,0.593999981880188
2026-07-20 07:52:04,138.1739959716797,35.61399841308594,0.6100000143051147
2026-07-20 07:57:06,188.38600158691406,26.11400032043457,0.6100000143051147
2026-07-20 08:02:08,208.7429962158203,52.69900131225586,1.3639999628067017
2026-07-20 08:07:10,226.5489959716797,53.698001861572266,1.5080000162124634
2026-07-20 08:12:13,245.125,54.52199935913086,1.656999945640564
2026-07-20 08:17:15,263.99700927734375,55.236000061035156,1.8079999685287476
2026-07-20 08:22:17,282.8710021972656,57.61399841308594,2.0209999084472656
2026-07-20 08:27:19,301.1839904785156,58.4119987487793,2.180999994277954
2026-07-20 08:32:21,320.9939880371094,61.09000015258789,2.431999921798706
2026-07-20 08:37:23,334.3999938964844,61.409000396728516,2.5460000038146973
2026-07-20 08:42:25,356.4530029296875,62.30699920654297,2.753999948501587
2026-07-20 08:47:27,376.9679870605469,63.48400115966797,2.9670000076293945
2026-07-20 08:52:29,396.3340148925781,64.19300079345703,3.1549999713897705
2026-07-20 08:57:32,419.1679992675781,64.11399841308594,3.3320000171661377
2026-07-20 09:02:34,439.3909912109375,65.38700103759766,3.562999963760376
2026-07-20 09:07:36,460.6449890136719,66.04900360107422,3.7730000019073486
2026-07-20 09:12:38,480.7699890136719,66.97200012207031,3.993000030517578
2026-07-20 09:17:40,502.7149963378906,67.86199951171875,4.230000019073486
2026-07-20 09:22:42,520.4710083007812,68.9520034790039,4.449999809265137
2026-07-20 09:27:44,539.1220092773438,69.13800048828125,4.622000217437744
2026-07-20 09:32:46,558.552978515625,70.00199890136719,4.8480000495910645
2026-07-20 09:37:49,578.5369873046875,69.8489990234375,5.011000156402588
2026-07-20 09:42:51,599.52197265625,70.37999725341797,5.23199987411499
2026-07-20 09:47:53,618.9530029296875,70.36399841308594,5.400000095367432
2026-07-20 09:52:55,635.3690185546875,71.79900360107422,5.6570000648498535
2026-07-20 09:57:57,652.593994140625,72.24500274658203,5.8460001945495605
2026-07-20 10:02:59,670.6699829101562,73.01399993896484,6.072000026702881
2026-07-20 10:08:01,686.4569702148438,73.36000061035156,6.24399995803833
2026-07-20 10:13:03,703.8460083007812,74.13999938964844,6.4710001945495605
2026-07-20 10:18:05,721.5650024414062,74.4229965209961,6.658999919891357
2026-07-20 10:23:08,740.47802734375,74.49800109863281,6.840000152587891
2026-07-20 10:28:10,754.6259765625,75.75399780273438,7.089000225067139
2026-07-20 10:33:12,771.6339721679688,75.4800033569336,7.2220001220703125
2026-07-20 10:38:14,788.9500122070312,76.04900360107422,7.440000057220459
2026-07-20 10:43:16,804.2219848632812,76.15599822998047,7.59499979019165
2026-07-20 10:48:18,822.708984375,76.23100280761719,7.7769999504089355
2026-07-20 10:53:20,837.0239868164062,77.62300109863281,8.057000160217285
2026-07-20 10:58:22,853.14501953125,79.01000213623047,8.357999801635742
2026-07-20 11:03:24,868.4500122070312,79.06700134277344,8.515000343322754
2026-07-20 11:08:27,881.8319702148438,79.81999969482422,8.727999687194824
2026-07-20 11:13:29,892.4619750976562,80.09600067138672,8.86400032043457
2026-07-20 11:18:31,906.39697265625,79.80500030517578,8.970000267028809
2026-07-20 11:23:33,916.552001953125,80.58799743652344,9.159000396728516
2026-07-20 11:28:35,927.6729736328125,81.80699920654297,9.40999984741211
2026-07-20 11:33:37,939.6799926757812,81.58399963378906,9.505999565124512
2026-07-20 11:38:39,950.5260009765625,84.14199829101562,9.916999816894531
2026-07-20 11:43:41,961.9130249023438,84.74600219726562,10.107999801635742
2026-07-20 11:48:43,971.5759887695312,84.4739990234375,10.177000045776367
2026-07-20 11:53:45,980.6380004882812,85.6240005493164,10.411999702453613
2026-07-20 11:58:48,990.760986328125,85.91000366210938,10.553999900817871
2026-07-20 12:03:50,999.5360107421875,86.25399780273438,10.690999984741211
2026-07-20 12:08:52,1008.698974609375,86.44000244140625,10.812000274658203
2026-07-20 12:13:54,1015.5570068359375,88.66400146484375,11.164999961853027
2026-07-20 12:18:56,1023.3900146484375,87.58699798583984,11.114999771118164
2026-07-20 12:23:58,1026.616943359375,89.87699890136719,11.440999984741211
2026-07-20 12:29:00,1033.052001953125,90.13700103759766,11.545999526977539
2026-07-20 12:34:02,1039.06201171875,92.48899841308594,11.916999816894531
2026-07-20 12:39:04,1038.864990234375,91.62899780273438,11.803999900817871
2026-07-20 12:44:07,1043.3260498046875,92.81500244140625,12.008000373840332
2026-07-20 12:49:09,1048.14404296875,92.572998046875,12.031999588012695
2026-07-20 12:54:11,1048.862060546875,93.84400177001953,12.204999923706055
2026-07-20 12:59:13,1050.3719482421875,95.97100067138672,12.5
2026-07-20 13:04:15,1050.5689697265625,95.21499633789062,12.404000282287598
2026-07-20 13:09:17,1046.093994140625,96.375,12.50100040435791
2026-07-20 13:14:19,1046.77001953125,96.66799926757812,12.54699993133545
2026-07-20 13:19:21,1045.4150390625,97.38400268554688,12.62399959564209
2026-07-20 13:24:23,1044.802001953125,96.21199798583984,12.46500015258789
2026-07-20 13:29:26,1046.06201171875,96.64700317382812,12.53600025177002
2026-07-20 13:52:29,1032.3609619140625,100.07599639892578,12.810999870300293
2026-07-20 13:57:31,1029.677978515625,100.76000213623047,12.864999771118164
2026-07-20 14:02:34,1027.9200439453125,101.2040023803711,12.899999618530273
2026-07-20 14:07:36,1023.781005859375,100.55599975585938,12.765000343322754
2026-07-20 14:12:38,1024.9000244140625,99.70099639892578,12.670999526977539
2026-07-20 14:17:40,1019.4099731445312,100.28500366210938,12.677000045776367
2026-07-20 14:22:42,1007.6179809570312,99.7760009765625,12.465999603271484
2026-07-20 14:27:44,1007.7429809570312,98.33300018310547,12.288000106811523
2026-07-20 14:32:46,1004.5650024414062,98.54900360107422,12.276000022888184
2026-07-20 14:37:48,996.56201171875,98.35600280761719,12.154000282287598
2026-07-20 14:42:50,990.3109741210938,99.00299835205078,12.156999588012695
2026-07-20 14:47:52,985.9450073242188,100.10199737548828,12.23799991607666
2026-07-20 14:52:55,975.5150146484375,98.97200012207031,11.972000122070312
2026-07-20 14:57:57,965.2659912109375,98.74600219726562,11.819000244140625
2026-07-20 15:02:59,957.656005859375,97.69999694824219,11.60200023651123
2026-07-20 15:08:01,945.1890258789062,98.15399932861328,11.503999710083008
2026-07-20 15:13:03,937.4639892578125,98.19100189208984,11.413999557495117
2026-07-20 15:18:05,925.7119750976562,97.25900268554688,11.163999557495117
2026-07-20 15:23:07,915.2689819335938,96.09600067138672,10.906000137329102
2026-07-20 15:28:09,900.7440185546875,94.86799621582031,10.595999717712402
2026-07-20 15:33:12,887.9310302734375,95.26000213623047,10.48799991607666
2026-07-20 15:38:14,878.4210205078125,95.18199920654297,10.368000030517578
2026-07-20 15:43:16,859.7919921875,95.58499908447266,10.190999984741211
2026-07-20 15:48:18,844.5230102539062,94.98999786376953,9.946999549865723
2026-07-20 15:53:20,835.2750244140625,94.60800170898438,9.798999786376953
2026-07-20 15:58:22,824.8709716796875,93.8479995727539,9.598999977111816
2026-07-20 16:03:24,806.2739868164062,93.23100280761719,9.321000099182129
2026-07-20 16:08:26,794.8300170898438,91.50900268554688,9.019000053405762
2026-07-20 16:13:29,782.2310180664062,91.72100067138672,8.897000312805176
2026-07-20 16:18:31,771.93798828125,90.74400329589844,8.685999870300293
2026-07-20 16:23:33,753.7230224609375,89.26100158691406,8.342000007629395
2026-07-20 16:28:35,741.5130004882812,87.96800231933594,8.088000297546387
2026-07-20 16:33:37,712.1010131835938,89.3740005493164,7.892000198364258
2026-07-20 16:38:39,697.5910034179688,88.46099853515625,7.6519999504089355
2026-07-20 16:43:41,689.0880126953125,87.15299987792969,7.447000026702881
2026-07-20 16:48:43,669.06298828125,85.60299682617188,7.1020002365112305
2026-07-20 16:53:45,657.781005859375,85.06999969482422,6.939000129699707
2026-07-20 16:58:47,646.8140258789062,85.06300354003906,6.822000026702881
2026-07-20 17:03:50,617.7579956054688,84.6259994506836,6.48199987411499
2026-07-20 17:08:52,600.8300170898438,82.71900177001953,6.163000106811523
2026-07-20 17:13:54,599.5449829101562,83.66600036621094,6.21999979019165
2026-07-20 17:18:56,492.37298583984375,95.73100280761719,5.84499979019165
2026-07-20 17:23:58,101.7229995727539,106.13300323486328,1.3389999866485596
2026-07-20 17:29:00,545.6909790039062,80.53600311279297,5.449999809265137
2026-07-20 17:34:02,508.4939880371094,81.18000030517578,5.11899995803833
2026-07-20 17:39:04,493.5679931640625,77.5530014038086,4.745999813079834
2026-07-20 17:44:06,479.64599609375,78.34500122070312,4.659999847412109
2026-07-20 17:49:08,459.2569885253906,76.51100158691406,4.35699987411499
2026-07-20 17:54:11,92.72699737548828,103.17500305175781,1.1859999895095825
2026-07-20 17:59:13,424.3890075683594,75.69499969482422,3.9830000400543213
2026-07-20 18:04:15,395.0509948730469,74.36100006103516,3.6429998874664307
2026-07-20 18:09:17,371.5379943847656,73.46099853515625,3.384000062942505
2026-07-20 18:14:19,163.2270050048828,158.90699768066406,3.2160000801086426
2026-07-20 18:19:21,90.8479995727539,271.364013671875,3.056999921798706
2026-07-20 18:24:23,83.45600128173828,272.3949890136719,2.819000005722046
2026-07-20 18:29:26,82.77300262451172,171.3090057373047,1.7580000162124634
2026-07-20 18:34:28,79.11100006103516,236.19200134277344,2.316999912261963
2026-07-20 18:39:30,77.2020034790039,137.41799926757812,1.315999984741211
2026-07-20 18:44:32,73.38700103759766,108.78800201416016,0.9900000095367432
2026-07-20 18:49:34,73.177001953125,108.1520004272461,0.9810000061988831
2026-07-20 18:54:36,70.00499725341797,110.3949966430664,0.9580000042915344
2026-07-20 18:59:38,64.93299865722656,109.56400299072266,0.8820000290870667
2026-07-20 19:04:40,65.20700073242188,106.74199676513672,0.8629999756813049
2026-07-20 19:09:43,63.14500045776367,106.38600158691406,0.8330000042915344
2026-07-20 19:14:45,62.50699996948242,95.55699920654297,0.7409999966621399
2026-07-20 19:19:47,60.005001068115234,109.55000305175781,0.8149999976158142
2026-07-20 19:24:49,64.04100036621094,103.62300109863281,0.8230000138282776
2026-07-20 19:29:51,60.4109992980957,103.58699798583984,0.7760000228881836
2026-07-20 19:34:53,57.99300003051758,103.14800262451172,0.7419999837875366
2026-07-20 19:39:55,56.87799835205078,109.0999984741211,0.7689999938011169
2026-07-20 19:44:57,56.529998779296875,111.86199951171875,0.7839999794960022
2026-07-20 19:49:59,51.957000732421875,108.50800323486328,0.6990000009536743
2026-07-20 19:55:02,52.1870002746582,99.43800354003906,0.6430000066757202
2026-07-20 20:00:04,55.79899978637695,101.30799865722656,0.7009999752044678
2026-07-20 20:05:06,57.270999908447266,105.80699920654297,0.7509999871253967
2026-07-20 20:10:08,57.941001892089844,103.81500244140625,0.7459999918937683
2026-07-20 20:15:10,53.722999572753906,107.80699920654297,0.7179999947547913
2026-07-20 20:20:12,43.790000915527344,110.28900146484375,0.5989999771118164
2026-07-20 20:25:14,36.79999923706055,105.98699951171875,0.48399999737739563
2026-07-20 20:30:16,25.70199966430664,120.54199981689453,0.3840000033378601
2026-07-20 20:35:19,18.368000030517578,122.74099731445312,0.2800000011920929
2026-07-20 20:40:21,15.071999549865723,128.54600524902344,0.23999999463558197
2026-07-20 20:45:23,13.29800033569336,122.6259994506836,0.20200000703334808
2026-07-20 20:50:25,12.04800033569336,158.38099670410156,0.2370000034570694
2026-07-20 20:55:27,10.531000137329102,132.85299682617188,0.17299999296665192
2026-07-20 21:00:29,7.605000019073486,132.3260040283203,0.125
2026-07-20 21:05:31,4.702000141143799,0.23999999463558197,0.0
2026-07-20 21:10:33,2.6050000190734863,0.26100000739097595,0.0
2026-07-20 21:15:35,1.430999994277954,0.2770000100135803,0.0
2026-07-20 21:20:37,0.3840000033378601,0.13199999928474426,0.0
2026-07-21 06:02:20,0.3840000033378601,0.13199999928474426,0.0
2026-07-21 06:07:22,4.736000061035156,0.1770000010728836,0.0
2026-07-21 06:12:24,6.958000183105469,0.2199999988079071,0.0
2026-07-21 06:17:26,10.015999794006348,53.12900161743164,0.06599999964237213
2026-07-21 06:22:28,12.753999710083008,73.1510009765625,0.11599999666213989
2026-07-21 06:27:30,15.390000343322754,66.39900207519531,0.12700000405311584
2026-07-21 06:32:32,17.655000686645508,79.1050033569336,0.17299999296665192
2026-07-21 06:37:34,20.358999252319336,86.3280029296875,0.21799999475479126
2026-07-21 06:42:37,24.43899917602539,72.61100006103516,0.2199999988079071
2026-07-21 06:47:39,27.033000946044922,80.47100067138672,0.27000001072883606
2026-07-21 06:52:41,29.486000061035156,78.41699981689453,0.28700000047683716
2026-07-21 06:57:43,31.957000732421875,80.0260009765625,0.31700000166893005
2026-07-21 07:02:45,34.474998474121094,82.99400329589844,0.35499998927116394
2026-07-21 07:07:47,37.263999938964844,84.28800201416016,0.3889999985694885
2026-07-21 07:12:49,39.52199935913086,83.24400329589844,0.40799999237060547
2026-07-21 07:17:51,41.54999923706055,83.19100189208984,0.42899999022483826
2026-07-21 07:22:53,43.7140007019043,85.6760025024414,0.46399998664855957
2026-07-21 07:27:55,45.77399826049805,83.35399627685547,0.4729999899864197
2026-07-21 07:32:58,48.301998138427734,88.21299743652344,0.527999997138977
2026-07-21 07:38:00,50.37699890136719,87.5770034790039,0.546999990940094
2026-07-21 07:43:02,52.393001556396484,88.3759994506836,0.5740000009536743
2026-07-21 07:48:04,125.84200286865234,36.36399841308594,0.5669999718666077
2026-07-21 07:53:06,183.0399932861328,27.822999954223633,0.6309999823570251
2026-07-21 07:58:08,200.49000549316406,28.14699935913086,0.699999988079071
2026-07-21 08:03:10,216.90499877929688,53.22999954223633,1.4320000410079956
2026-07-21 08:08:12,234.8769989013672,54.54499816894531,1.5889999866485596
2026-07-21 08:13:14,252.79400634765625,55.23899841308594,1.7319999933242798
2026-07-21 08:18:16,273.0350036621094,55.237998962402344,1.8700000047683716
2026-07-21 08:23:19,291.47900390625,58.138999938964844,2.1010000705718994
2026-07-21 08:28:21,311.65899658203125,58.74800109863281,2.2699999809265137
2026-07-21 08:33:23,331.2250061035156,60.0359992980957,2.4660000801086426
2026-07-21 08:38:25,348.3999938964844,61.39099884033203,2.6519999504089355
2026-07-21 08:43:27,370.7409973144531,62.29100036621094,2.864000082015991
2026-07-21 08:48:29,388.0459899902344,63.944000244140625,3.0769999027252197
2026-07-21 08:53:31,403.1340026855469,64.77100372314453,3.23799991607666
2026-07-21 08:58:33,424.2330017089844,64.70899963378906,3.4040000438690186
2026-07-21 09:03:35,443.0719909667969,65.64800262451172,3.6070001125335693
2026-07-21 09:08:38,463.32000732421875,65.6240005493164,3.7699999809265137
2026-07-21 09:13:40,478.5379943847656,67.31500244140625,3.99399995803833
2026-07-21 09:18:42,498.4179992675781,58.347999572753906,3.6059999465942383
2026-07-21 09:23:44,514.3380126953125,67.90799713134766,4.330999851226807
2026-07-21 09:28:46,538.0960083007812,68.12200164794922,4.545000076293945
2026-07-21 09:33:48,555.239013671875,68.9010009765625,4.74399995803833
2026-07-21 09:38:50,572.6090087890625,69.125,4.9079999923706055
2026-07-21 09:43:52,587.666015625,69.65699768066406,5.076000213623047
2026-07-21 09:48:54,607.280029296875,70.83200073242188,5.334000110626221
2026-07-21 09:53:57,622.1389770507812,71.6780014038086,5.53000020980835
2026-07-21 09:58:59,638.4459838867188,71.875,5.690000057220459
2026-07-21 10:04:01,656.708984375,71.88099670410156,5.853000164031982
2026-07-21 10:09:03,668.7509765625,73.09700012207031,6.061999797821045
2026-07-21 10:14:05,688.27197265625,73.86499786376953,6.303999900817871
2026-07-21 10:19:07,700.3619995117188,74.83999633789062,6.499000072479248
2026-07-21 10:24:09,723.8629760742188,74.08000183105469,6.64900016784668
2026-07-21 10:29:11,738.385986328125,75.23200225830078,6.888000011444092
2026-07-21 10:34:13,755.7260131835938,75.59600067138672,7.084000110626221
2026-07-21 10:39:15,772.135009765625,75.42500305175781,7.2220001220703125
2026-07-21 10:44:18,789.8289794921875,75.53600311279297,7.3979997634887695
2026-07-21 10:49:20,804.93701171875,75.78399658203125,7.564000129699707
2026-07-21 10:54:22,820.6810302734375,76.1719970703125,7.751999855041504
2026-07-21 10:59:24,837.60498046875,77.7040023803711,8.071000099182129
2026-07-21 11:04:26,850.6290283203125,78.16000366210938,8.244000434875488
2026-07-21 11:09:28,861.5250244140625,79.41999816894531,8.484000205993652
2026-07-21 11:14:30,879.2020263671875,80.08399963378906,8.730999946594238
2026-07-21 11:19:32,892.3179931640625,80.78199768066406,8.937999725341797
2026-07-21 11:24:34,903.35498046875,80.95800018310547,9.069000244140625
2026-07-21 11:29:37,914.0659790039062,81.2229995727539,9.206000328063965
2026-07-21 11:34:39,927.8989868164062,81.07099914550781,9.32800006866455
2026-07-21 11:39:41,938.3790283203125,81.4489974975586,9.47700023651123
2026-07-21 11:44:43,946.4340209960938,82.39900207519531,9.670000076293945
2026-07-21 11:49:45,959.4829711914062,82.82099914550781,9.854000091552734
2026-07-21 11:54:47,968.3699951171875,83.4530029296875,10.020999908447266
2026-07-21 11:59:49,976.0390014648438,83.71399688720703,10.131999969482422
2026-07-21 12:04:51,987.3369750976562,85.21800231933594,10.432999610900879
2026-07-21 12:09:53,994.6699829101562,85.82599639892578,10.586000442504883
2026-07-21 12:14:55,999.6300048828125,87.46800231933594,10.842000007629395
2026-07-21 12:19:58,1008.8480224609375,87.85800170898438,10.991000175476074
2026-07-21 12:25:00,1014.1329956054688,88.75800323486328,11.161999702453613
2026-07-21 12:30:02,1020.010986328125,89.03399658203125,11.26099967956543
2026-07-21 12:35:04,1024.81494140625,89.97799682617188,11.434000015258789
2026-07-21 12:40:06,1028.0870361328125,90.18299865722656,11.496999740600586
2026-07-21 12:45:08,1028.6650390625,92.39600372314453,11.78600025177002
2026-07-21 12:50:10,1031.552978515625,92.8219985961914,11.873000144958496
2026-07-21 12:55:12,1037.073974609375,93.10099792480469,11.972999572753906
2026-07-21 13:00:14,1037.8800048828125,92.65299987792969,11.923999786376953
2026-07-21 13:05:17,1036.68505859375,92.91100311279297,11.944000244140625
2026-07-21 13:10:19,1034.2149658203125,93.91100311279297,12.043000221252441
2026-07-21 13:15:21,1031.4169921875,94.5719985961914,12.095000267028809
2026-07-21 13:20:23,1028.23095703125,95.0719985961914,12.121999740600586
2026-07-21 13:25:25,1026.635009765625,96.52999877929688,12.288999557495117
2026-07-21 13:30:27,1029.072021484375,96.39900207519531,12.300999641418457
2026-07-21 13:52:23,1012.9710083007812,12.71399974822998,1.597000002861023
2026-07-21 13:57:25,1015.6749877929688,97.66300201416016,12.300000190734863
2026-07-21 14:02:27,1019.3170166015625,97.20099639892578,12.28600025177002
2026-07-21 14:07:29,1007.4509887695312,97.26300048828125,12.149999618530273
2026-07-21 14:12:31,972.0549926757812,97.90399932861328,11.800999641418457
2026-07-21 14:17:33,1003.5570068359375,97.31600189208984,12.109999656677246
2026-07-21 14:22:36,994.6649780273438,97.50299835205078,12.026000022888184
2026-07-21 14:27:38,989.4099731445312,98.28099822998047,12.057999610900879
2026-07-21 14:32:40,987.8820190429688,97.35199737548828,11.925000190734863
2026-07-21 14:37:42,993.9660034179688,97.85399627685547,12.060999870300293
2026-07-21 14:42:44,977.218017578125,97.8479995727539,11.857000350952148
2026-07-21 14:47:46,970.5120239257812,97.83699798583984,11.77400016784668
2026-07-21 14:52:48,966.0640258789062,97.11399841308594,11.633000373840332
2026-07-21 14:57:50,958.2239990234375,97.68499755859375,11.607000350952148
2026-07-21 15:02:52,958.4849853515625,96.86299896240234,11.51200008392334
2026-07-21 15:07:54,940.6900024414062,95.35800170898438,11.123000144958496
2026-07-21 15:12:57,931.3939819335938,95.03900146484375,10.97599983215332
2026-07-21 15:17:59,913.9409790039062,93.86900329589844,10.637999534606934
2026-07-21 15:23:01,857.7849731445312,93.51899719238281,9.946999549865723
2026-07-21 15:28:03,921.2020263671875,94.33999633789062,10.776000022888184
2026-07-21 15:33:05,906.3610229492188,94.36000061035156,10.604999542236328
2026-07-21 15:38:07,880.4249877929688,93.28500366210938,10.184000015258789
2026-07-21 15:43:09,887.8900146484375,94.09600067138672,10.359999656677246
2026-07-21 15:48:11,179.03500366210938,101.9229965209961,2.263000011444092
2026-07-21 15:53:13,893.5040283203125,94.06700134277344,10.42199993133545
2026-07-21 15:58:16,859.4010009765625,91.88099670410156,9.791000366210938
2026-07-21 16:03:18,853.1500244140625,90.76499938964844,9.60200023651123
2026-07-21 16:08:20,849.594970703125,89.21499633789062,9.39900016784668
2026-07-21 16:13:22,816.6810302734375,92.76000213623047,9.394000053405762
2026-07-21 16:18:24,297.5979919433594,97.19499969482422,3.5869998931884766
2026-07-21 16:23:26,150.25399780273438,103.4260025024414,1.9270000457763672
2026-07-21 16:28:28,165.0709991455078,104.39800262451172,2.13700008392334
2026-07-21 16:33:30,227.27499389648438,97.8949966430664,2.759000062942505
2026-07-21 16:38:32,166.85000610351562,102.97100067138672,2.130000114440918
2026-07-21 16:43:35,146.68299865722656,102.8489990234375,1.871000051498413
2026-07-21 16:48:37,170.32899475097656,103.04000091552734,2.1760001182556152
2026-07-21 16:53:39,175.61399841308594,98.87300109863281,2.1530001163482666
2026-07-21 16:58:41,161.4409942626953,99.29499816894531,1.9880000352859497
2026-07-21 17:03:43,186.61700439453125,98.02999877929688,2.2679998874664307
2026-07-21 17:08:45,170.3730010986328,97.83699798583984,2.066999912261963
2026-07-21 17:13:47,183.4720001220703,179.60800170898438,4.085999965667725
2026-07-21 17:18:49,141.406005859375,100.22200012207031,1.7569999694824219
2026-07-21 17:23:52,147.3780059814453,99.19400024414062,1.812999963760376
2026-07-21 17:28:54,148.7220001220703,99.00900268554688,1.8259999752044678
2026-07-21 17:33:56,153.8509979248047,100.01100158691406,1.9079999923706055
2026-07-21 17:38:58,538.6489868164062,87.09700012207031,5.816999912261963
2026-07-21 17:44:00,541.8259887695312,79.91999816894531,5.369999885559082
2026-07-21 17:49:02,153.4010009765625,98.65599822998047,1.8769999742507935
2026-07-21 17:54:04,155.08799743652344,98.5459976196289,1.8949999809265137
2026-07-21 17:59:06,482.4230041503906,78.41600036621094,4.690999984741211
2026-07-21 18:04:08,457.41900634765625,75.99099731445312,4.309999942779541
2026-07-21 18:09:11,438.93701171875,74.79100036621094,4.071000099182129
2026-07-21 18:14:13,347.36199951171875,85.1240005493164,3.6670000553131104
2026-07-21 18:19:15,116.31300354003906,231.9080047607422,3.3450000286102295
2026-07-21 18:24:17,90.98300170898438,259.3580017089844,2.9260001182556152
2026-07-21 18:29:19,75.25900268554688,270.11700439453125,2.5209999084472656
2026-07-21 18:34:21,73.04499816894531,257.5929870605469,2.3329999446868896
2026-07-21 18:39:23,65.60700225830078,202.70599365234375,1.6490000486373901
2026-07-21 18:44:25,63.17900085449219,107.51399993896484,0.8420000076293945
2026-07-21 18:49:27,60.58100128173828,108.11100006103516,0.8119999766349792
2026-07-21 18:54:29,58.2239990234375,109.66500091552734,0.7919999957084656
2026-07-21 18:59:32,57.03499984741211,109.85800170898438,0.7770000100135803
2026-07-21 19:04:34,54.361000061035156,112.3280029296875,0.7570000290870667
2026-07-21 19:09:36,52.94599914550781,110.25800323486328,0.7239999771118164
2026-07-21 19:14:38,50.617000579833984,118.85900115966797,0.7459999918937683
2026-07-21 19:19:40,49.62099838256836,113.29100036621094,0.6970000267028809
2026-07-21 19:24:42,47.21099853515625,116.125,0.6800000071525574
2026-07-21 19:29:44,45.957000732421875,110.53600311279297,0.6299999952316284
2026-07-21 19:34:46,44.06399917602539,112.20500183105469,0.6129999756813049
2026-07-21 19:39:48,41.994998931884766,115.90799713134766,0.6039999723434448
2026-07-21 19:44:51,39.92900085449219,114.24500274658203,0.5659999847412109
2026-07-21 19:49:53,38.10300064086914,107.76200103759766,0.5090000033378601
2026-07-21 19:54:55,36.32699966430664,111.78399658203125,0.5040000081062317
2026-07-21 19:59:57,34.78900146484375,109.7040023803711,0.4729999899864197
2026-07-21 20:04:59,33.21799850463867,117.73999786376953,0.48500001430511475
2026-07-21 20:10:01,31.575000762939453,113.06700134277344,0.4429999887943268
2026-07-21 20:15:03,29.910999298095703,115.27999877929688,0.42800000309944153
2026-07-21 20:20:05,25.413000106811523,125.69599914550781,0.3959999978542328
2026-07-21 20:25:08,23.051000595092773,123.21700286865234,0.35199999809265137
2026-07-21 20:30:10,20.673999786376953,111.66899871826172,0.28600001335144043
2026-07-21 20:35:12,18.21500015258789,121.69999694824219,0.2750000059604645
2026-07-21 20:40:14,16.224000930786133,130.3520050048828,0.2619999945163727
2026-07-21 20:45:16,13.401000022888184,115.76399993896484,0.19200000166893005
2026-07-21 20:50:18,11.281999588012695,133.50999450683594,0.18700000643730164
2026-07-21 20:55:20,8.967000007629395,154.62100219726562,0.1720000058412552
2026-07-21 21:00:22,6.9029998779296875,143.37600708007812,0.12300000339746475
2026-07-21 21:05:24,4.943999767303467,0.23899999260902405,0.0
2026-07-21 21:10:27,3.1470000743865967,0.24500000476837158,0.0
2026-07-21 21:15:29,1.5520000457763672,0.34299999475479126,0.0
