Time,Irr,PR,Pmpp
5/12/2026 18:55,39.68500137,72.52400208,0.439999998
5/12/2026 19:00,38.67399979,72.41000366,0.428000003
5/12/2026 19:05,37.72600174,74.08399963,0.428000003
5/12/2026 19:10,36.67200089,74.76899719,0.419999987
5/12/2026 19:16,35.75099945,71.03600311,0.388999999
5/12/2026 19:21,34.61500168,74.95600128,0.397000015
5/12/2026 19:26,33.54100037,83.30200195,0.426999986
5/12/2026 19:31,32.6269989,73.66400146,0.368000001
5/12/2026 19:36,31.49500084,73.05999756,0.351999998
5/12/2026 19:41,30.43000031,74.57299805,0.347000003
5/12/2026 19:46,29.14599991,76.72000122,0.342000008
5/12/2026 19:51,27.99500084,74.61799622,0.319999993
5/12/2026 19:56,26.48900032,72.95899963,0.296000004
5/12/2026 20:01,21.70499992,78.8809967,0.261999995
5/12/2026 20:06,19.71699905,74.03199768,0.223000005
5/12/2026 20:11,18.00699997,77.36799622,0.213
5/12/2026 20:16,16.24200058,76.10199738,0.188999996
5/12/2026 20:21,14.5369997,72.1740036,0.160999998
5/12/2026 20:26,12.19200039,76.60299683,0.143000007
5/12/2026 20:31,9.269000053,68.95600128,0.097999997
5/12/2026 20:36,7.098999977,25.21100044,0.027000001
5/12/2026 20:41,5.284999847,0.470999986,0
5/12/2026 20:46,3.710000038,0.463,0
5/12/2026 20:51,2.46600008,0.523999989,0
5/12/2026 20:56,1.355000019,0.256000012,0
5/13/2026 6:02,1.355000019,0.256000012,0
5/13/2026 6:07,5.52699995,0.34799999,0
5/13/2026 6:12,7.752999783,0.317999989,0
5/13/2026 6:17,10.29899979,53.25400162,0.083999999
5/13/2026 6:22,13.47900009,51.82099915,0.107000001
5/13/2026 6:27,17.08300018,48.86199951,0.128000006
5/13/2026 6:32,21.14100075,55.68700027,0.180000007
5/13/2026 6:37,25.37400055,54.38100052,0.210999995
5/13/2026 6:42,27.83300018,60.14400101,0.256000012
5/13/2026 6:47,30.26499939,57.70299911,0.26699999
5/13/2026 6:52,34.26300049,58.08800125,0.305000007
5/13/2026 6:57,38.69499969,58.20299911,0.344999999
5/13/2026 7:02,42.72200012,62.625,0.409000009
5/13/2026 7:07,45.83000183,62.58100128,0.43900001
5/13/2026 7:13,44.70399857,63.03300095,0.430999994
5/13/2026 7:18,45.6570015,65.55999756,0.458000004
5/13/2026 7:23,48.21699905,65.78600311,0.485000014
5/13/2026 7:28,66.10299683,51.24700165,0.518000007
5/13/2026 7:33,153.2689972,21.82799911,0.512000024
5/13/2026 7:38,170.0319977,20.71899986,0.538999975
5/13/2026 7:43,195.4380035,19.32099915,0.578000009
5/13/2026 7:48,224.6419983,19.79000092,0.680000007
5/13/2026 7:53,237.7140045,17.98699951,0.653999984
5/13/2026 7:58,274.3930054,18.00699997,0.755999982
5/13/2026 8:03,305.1440125,18.15699959,0.84799999
5/13/2026 8:08,329.9630127,21.77899933,1.098999977
5/13/2026 8:13,236.654007,37.37799835,1.353000045
5/13/2026 8:18,292.053009,35.28900146,1.577000022
5/13/2026 8:23,169.0879974,59.32099915,1.534999967
5/13/2026 8:28,190.9850006,56.22700119,1.643000007
5/13/2026 8:33,220.1649933,46.89199829,1.580000043
5/13/2026 8:38,272.3500061,37.74000168,1.572999954
5/13/2026 8:43,516.2990112,19.47800064,1.539000034
5/13/2026 8:48,234.2319946,37.38299942,1.340000033
5/13/2026 8:53,228.1670074,36.78900146,1.284000039
5/13/2026 8:58,390,21.34600067,1.274000049
5/13/2026 9:03,302.0780029,23.88400078,1.103999972
5/13/2026 9:08,540.2080078,13.21500015,1.092000008
5/13/2026 9:13,460.7730103,18.14900017,1.279000044
5/13/2026 9:18,505.223999,65.66899872,5.076000214
5/13/2026 9:23,439.7229919,73.98400116,4.977000237
5/13/2026 9:28,586.2700195,80.77500153,7.244999886
5/13/2026 9:33,618.2009888,80.66999817,7.630000114
5/13/2026 9:38,638.4000244,84.53199768,8.256999969
5/13/2026 9:44,642.0689697,88.72499847,8.715999603
5/13/2026 9:49,680.7109985,76.04100037,7.920000076
5/13/2026 9:54,700.822998,80.07299805,8.586000443
5/13/2026 9:59,639.7280273,84.8710022,8.30700016
5/13/2026 10:04,756.3499756,83.15599823,9.623000145
5/13/2026 10:09,735.1950073,84.98999786,9.56000042
5/13/2026 10:14,773.1060181,89.98999786,10.64400005
5/13/2026 10:19,775.7940063,89.80899811,10.65999985
5/13/2026 10:24,775.8930054,90.29599762,10.71899986
5/13/2026 10:29,334.1140137,110.6220016,5.65500021
5/13/2026 10:34,211.473999,81.51899719,2.638000011
5/13/2026 10:39,404.0960083,53.29600143,3.295000076
5/13/2026 10:44,263.8150024,78.47499847,3.167999983
5/13/2026 10:49,228.2929993,79.77200317,2.786000013
5/13/2026 10:54,187.6569977,73.74700165,2.117000103
5/13/2026 10:59,142.7660065,75.2990036,1.644999981
5/13/2026 11:04,181.9109955,80.52100372,2.240999937
5/13/2026 11:09,181.9949951,75.16600037,2.092999935
5/13/2026 11:14,170.1779938,76.97000122,2.003999949
5/13/2026 11:19,180.8049927,73.22200012,2.026000023
5/13/2026 11:24,201.2779999,73.65299988,2.267999887
5/13/2026 11:29,213.9259949,78.83999634,2.579999924
5/13/2026 11:34,254.1410065,75.95899963,2.953999996
5/13/2026 11:39,217.423996,74.22399902,2.469000101
5/13/2026 11:44,221.7330017,74.37200165,2.523000002
5/13/2026 11:49,248.0500031,74.54499817,2.828999996
5/13/2026 11:54,237.9539948,74.20899963,2.701999903
5/13/2026 11:59,258.053009,74.79599762,2.953000069
5/13/2026 12:04,436.1900024,75.51300049,5.039999962
5/13/2026 12:09,547.7529907,82.98600006,6.954999924
5/13/2026 12:14,375.3599854,78.07499695,4.484000206
5/13/2026 12:20,1341.55896,90.15100098,18.50399971
5/13/2026 12:25,544.1530151,107.4380035,8.944999695
5/13/2026 12:30,1344.397949,88.01799774,18.10499954
5/13/2026 12:35,632.4530029,66.64299774,6.448999882
5/13/2026 12:40,322.7109985,80.52400208,3.976000071
5/13/2026 12:45,271.8309937,79.68199921,3.313999891
5/13/2026 12:50,554.4589844,88.6780014,7.522999763
5/13/2026 12:55,423.8609924,80.22799683,5.203000069
5/13/2026 13:00,405.0650024,139.1230011,8.621999741
5/13/2026 13:05,1028.587036,117.663002,18.5170002
5/13/2026 13:10,376.1140137,75.5490036,4.34800005
5/13/2026 13:15,299.6910095,78.70700073,3.608999968
5/13/2026 13:20,1350.401978,91.3730011,18.87899971
5/13/2026 13:44,279.8469849,76.18599701,3.262000084
5/13/2026 13:49,256.8269958,82.91899872,3.257999897
5/13/2026 13:54,199.7440033,80.57800293,2.463000059
5/13/2026 13:59,267.1539917,81.61399841,3.335999966
5/13/2026 14:04,151.2749939,81.80000305,1.893000007
5/13/2026 14:09,148.2630005,83.52999878,1.894999981
5/13/2026 14:14,216.9140015,86.91500092,2.88499999
5/13/2026 14:19,842.2470093,41.02099991,5.285999775
5/13/2026 14:24,638.4180298,72.95400238,7.125999928
5/13/2026 14:29,389.9219971,82.84600067,4.941999912
5/13/2026 14:34,370.9230042,83.36100006,4.730999947
5/13/2026 14:39,1088.81604,96.6190033,16.09600067
5/13/2026 14:44,244.5440063,88.82499695,3.322999954
5/13/2026 14:49,339.125,90.02200317,4.671000004
5/13/2026 14:54,213.7420044,83.00700378,2.714999914
5/13/2026 14:59,793.3599854,97.98100281,11.89299965
5/13/2026 15:04,265.4169922,84.42900085,3.428999901
5/13/2026 15:09,257.1520081,85.14299774,3.349999905
5/13/2026 15:14,183.0079956,100.9319992,2.825999975
5/13/2026 15:19,245.2819977,81.03299713,3.040999889
5/13/2026 15:24,284.4299927,99.51300049,4.330999851
5/13/2026 15:29,192.1549988,73.875,2.171999931
5/13/2026 15:34,200.1670074,77.28600311,2.367000103
5/13/2026 15:39,963.1859741,58.70999908,8.652000427
5/13/2026 15:44,640.9069824,108.8809967,10.67700005
5/13/2026 15:49,167.8899994,73.55799866,1.889000058
5/13/2026 15:55,141.4329987,79.80000305,1.726999998
5/13/2026 16:00,151.9750061,74.71299744,1.736999989
5/13/2026 16:05,113.7969971,78.14800262,1.360999942
5/13/2026 16:10,103.3190002,75.02600098,1.18599999
5/13/2026 16:15,77.84700012,74.11799622,0.883000016
5/13/2026 16:20,138.5370026,78.35700226,1.661000013
5/13/2026 16:25,272.0480042,85.19400024,3.546000004
5/13/2026 16:30,507.0480042,85.61499786,6.642000198
5/13/2026 16:35,316.6289978,68.91899872,3.338999987
5/13/2026 16:40,172.7290039,74.23899841,1.962000012
5/13/2026 16:45,289.9339905,66.26599884,2.940000057
5/13/2026 16:50,246.0339966,79.79100037,3.003999949
5/13/2026 16:55,275.1220093,79.03800201,3.326999903
5/13/2026 17:00,220.3730011,79.22100067,2.671000004
5/13/2026 17:05,169.7510071,76.47000122,1.985999942
5/13/2026 17:10,271.2479858,100.487999,4.170000076
5/13/2026 17:15,187.9219971,77.43099976,2.226000071
5/13/2026 17:20,185.5769958,74.44499969,2.114000082
5/13/2026 17:25,198.8179932,75.95400238,2.309999943
5/13/2026 17:30,168.6970062,72.47399902,1.871000051
5/13/2026 17:35,364.4710083,41.07600021,2.290999889
5/13/2026 17:40,146.2350006,70.44000244,1.575999975
5/13/2026 17:45,104.6589966,73.26200104,1.172999978
5/13/2026 17:50,250.3630066,54.08300018,2.072000027
5/13/2026 17:55,123.8030014,137.8959961,2.611999989
5/13/2026 18:00,132.5740051,76.29699707,1.547999978
5/13/2026 18:05,118.5419998,66.67199707,1.208999991
5/13/2026 18:10,164.0590057,98.69100189,2.476999998
5/13/2026 18:15,134.7680054,73.11499786,1.508000016
5/13/2026 18:20,154.2059937,72.26300049,1.705000043
5/13/2026 18:25,119.4970016,75.51100159,1.381000042
5/13/2026 18:31,90.81800079,70.07299805,0.973999977
5/13/2026 18:36,106.7679977,70.76399994,1.156000018
5/13/2026 18:41,130.4140015,75.51799774,1.506999969
5/13/2026 18:46,144.8209991,68.73999786,1.523000002
5/13/2026 18:51,135.9519958,73.41500092,1.52699995
5/13/2026 18:56,110.9369965,73.86100006,1.253999949
5/13/2026 19:01,104.8209991,74.33899689,1.192000031
5/13/2026 19:06,88.64600372,68.73500061,0.931999981
5/13/2026 19:11,91.64800262,69.10199738,0.968999982
5/13/2026 19:16,81.67700195,69.54100037,0.869000018
5/13/2026 19:21,88.23500061,69.5059967,0.938000023
5/13/2026 19:26,81.16100311,66.85800171,0.829999983
5/13/2026 19:31,80.58699799,66.93599701,0.824999988
5/13/2026 19:36,66.26100159,63.43500137,0.643000007
5/13/2026 19:41,51.84199905,59.74100113,0.474000007
5/13/2026 19:46,36.97100067,54.4469986,0.307999998
5/13/2026 19:51,24.5739994,53.22399902,0.200000003
5/13/2026 19:56,26.27899933,44.31800079,0.178000003
5/13/2026 20:01,26.42300034,56.16199875,0.226999998
5/13/2026 20:06,25.12899971,49.85100174,0.192000002
5/13/2026 20:11,17.96299934,48.97900009,0.135000005
5/13/2026 20:16,18.58300018,44.15200043,0.126000002
5/13/2026 20:21,15.98400021,45.13999939,0.109999999
5/13/2026 20:26,8.420999527,0.254999995,0
5/13/2026 20:31,12.20600033,17.47999954,0.033
5/13/2026 20:36,10.97099972,27.60700035,0.046
5/13/2026 20:41,5.028999805,0.282000005,0
5/13/2026 20:46,2.063999891,0.432999998,0
5/13/2026 20:51,0.68599999,0.122000001,0
5/14/2026 6:01,0.68599999,0.122000001,0
5/14/2026 6:06,1.870000005,0.067000002,0
5/14/2026 6:11,3.719000101,0.301999986,0
5/14/2026 6:16,3.440000057,0.208000004,0
5/14/2026 6:21,6.151000023,0.263000011,0
5/14/2026 6:26,9.454000473,0.280000001,0
5/14/2026 6:32,10.10299969,11.32699966,0.017999999
5/14/2026 6:37,12.3039999,11.24800014,0.021
5/14/2026 6:42,11.04199982,14.10200024,0.024
5/14/2026 6:47,16.71999931,43.25600052,0.111000001
5/14/2026 6:52,20.43400002,49.95299911,0.156000003
5/14/2026 6:57,26.57799911,49.7159996,0.202000007
5/14/2026 7:02,24.18300056,53.68999863,0.199000001
5/14/2026 7:07,21.25799942,49.13199997,0.159999996
5/14/2026 7:12,43.35300064,45.87599945,0.30399999
5/14/2026 7:17,55.75799942,48.98899841,0.418000013
5/14/2026 7:22,72.34700012,49.52299881,0.547999978
5/14/2026 7:27,83.63200378,57.14599991,0.731000006
5/14/2026 7:32,53.43500137,53.00099945,0.432999998
5/14/2026 7:37,21.64800072,51.37200165,0.170000002
5/14/2026 7:42,19.41900063,56.20399857,0.166999996
5/14/2026 7:47,31.36899948,61.59500122,0.296000004
5/14/2026 7:52,33.63700104,64.8219986,0.333999991
5/14/2026 7:57,37.73899841,71.32499695,0.412
5/14/2026 8:02,25.10899925,67.64900208,0.25999999
5/14/2026 8:07,49.5019989,60.93799973,0.462000012
5/14/2026 8:12,32.18500137,66.65299988,0.328000009
5/14/2026 8:17,43.88100052,68.16400146,0.458000004
5/14/2026 8:22,32.91199875,68.34899902,0.344000012
5/14/2026 8:27,17.92200089,76.72499847,0.209999993
5/14/2026 8:32,20.49600029,68.27700043,0.214000002
5/14/2026 8:37,29.30699921,76.87400055,0.344999999
5/14/2026 8:42,22.42700005,70.61299896,0.241999999
5/14/2026 8:47,29.35099983,71.0530014,0.319000006
5/14/2026 8:52,37.22999954,66.54599762,0.379000008
5/14/2026 8:57,80.34300232,70.6190033,0.867999971
5/14/2026 9:03,171.7870026,53.60100174,1.409000039
5/14/2026 9:08,134.8619995,65.94499969,1.360999942
5/14/2026 9:13,114.2490005,63.79399872,1.11500001
5/14/2026 9:18,72.74199677,71.16799927,0.791999996
5/14/2026 9:23,91.04499817,67.85099792,0.944999993
5/14/2026 9:28,118.5370026,70.02200317,1.269999981
5/14/2026 9:33,95.19799805,70.88999939,1.032999992
5/14/2026 9:38,183.3009949,64.01200104,1.794999957
5/14/2026 9:43,168.772995,66.12799835,1.707999945
5/14/2026 9:48,220.4459991,65.53099823,2.210000038
5/14/2026 9:53,125.5039978,63.51499939,1.220000029
5/14/2026 9:58,130.9190063,77.90200043,1.559999943
5/14/2026 10:03,217.8809967,69.64700317,2.322000027
5/14/2026 10:08,224.7149963,67.05899811,2.305999994
5/14/2026 10:13,237.2640076,77.41100311,2.809999943
5/14/2026 10:18,142.0410004,74.20400238,1.613000035
5/14/2026 10:23,180.7749939,69.63200378,1.925999999
5/14/2026 10:28,268.0230103,71.01699829,2.911999941
5/14/2026 10:33,335.6640015,69.32299805,3.559999943
5/14/2026 10:38,351.9519958,73.3690033,3.950999975
5/14/2026 10:43,271.9179993,67.26300049,2.798000097
5/14/2026 10:48,510.6539917,45.83100128,3.58100009
5/14/2026 10:53,186.6860046,72.28500366,2.065000057
5/14/2026 10:58,148.7089996,74.46199799,1.694000006
5/14/2026 11:03,128.0160065,73.82099915,1.44599998
5/14/2026 11:08,139.8930054,74.26200104,1.588999987
5/14/2026 11:13,233.8289948,74.10399628,2.651000023
5/14/2026 11:18,294.1459961,79.44400024,3.575000048
5/14/2026 11:23,336.802002,76.1269989,3.923000097
5/14/2026 11:28,341.1409912,75.85700226,3.959000111
5/14/2026 11:33,344.7520142,79.78900146,4.209000111
5/14/2026 11:39,354.4049988,82.55400085,4.475999832
5/14/2026 11:44,412.9869995,83.35299683,5.267000198
5/14/2026 11:49,434.1860046,80.42700195,5.342999935
5/14/2026 11:54,1217.984009,70.52899933,13.14299965
5/14/2026 11:59,273.9519958,75.30500031,3.155999899
5/14/2026 12:04,206.651001,85.47200012,2.701999903
5/14/2026 12:09,178.5670013,84.12799835,2.298000097
5/14/2026 12:14,163.9409943,71.06199646,1.781999946
5/14/2026 12:19,186.2420044,80.16300201,2.28399992
5/14/2026 12:24,200.9530029,83.02100372,2.552999973
5/14/2026 12:29,199.7070007,81.07800293,2.476999998
5/14/2026 12:34,194.9900055,76.35800171,2.278000116
5/14/2026 12:39,162.4320068,79.28700256,1.970000029
5/14/2026 12:44,158.4909973,80.40599823,1.950000048
5/14/2026 12:49,277.4790039,77.75,3.301000118
5/14/2026 12:54,318.5780029,76.82099915,3.743999958
5/14/2026 12:59,319.0929871,78.48000336,3.83100009
5/14/2026 13:04,539.617981,83.63800049,6.90500021
5/14/2026 13:09,1048.51001,39.88000107,6.397999763
5/14/2026 13:14,513.1660156,87.6210022,6.880000114
5/14/2026 13:19,1365.737061,66.03299713,13.79800034
5/14/2026 13:43,419.7120056,82.25800323,5.282000065
5/14/2026 13:48,380.1260071,88.1289978,5.125999928
5/14/2026 13:53,295.6589966,77.18800354,3.492000103
5/14/2026 13:58,302.1849976,88.31300354,4.083000183
5/14/2026 14:03,450.8110046,93.13999939,6.423999786
5/14/2026 14:08,908.0800171,74.31300354,10.32499981
5/14/2026 14:13,668.8300171,83.75900269,8.571000099
5/14/2026 14:18,827.3619995,101.3570023,12.82999992
5/14/2026 14:23,1130.811035,95.73200226,16.56299973
5/14/2026 14:28,1150.921021,92.70200348,16.3239994
5/14/2026 14:33,337.3580017,85.22799683,4.399000168
5/14/2026 14:38,252.8849945,86.88899994,3.361999989
5/14/2026 14:43,196.6239929,75.95999908,2.285000086
5/14/2026 14:48,350.2609863,86.39199829,4.630000114
5/14/2026 14:53,988.1530151,80.91300201,12.2329998
5/14/2026 14:58,1057.968018,95.6740036,15.48700047
5/14/2026 15:04,670.1810303,101.3649979,10.39400005
5/14/2026 15:09,90.6740036,61.35699844,0.851000011
5/14/2026 15:14,180.4889984,70.4240036,1.945000052
5/14/2026 15:19,214.5870056,74.86699677,2.457999945
5/14/2026 15:24,192.779007,82.13400269,2.423000097
5/14/2026 15:29,270.6950073,85.63500214,3.546999931
5/14/2026 15:34,219.9380035,80.62000275,2.713000059
5/14/2026 15:39,304.75,87.14399719,4.063000202
5/14/2026 15:44,537.0560303,92.38400269,7.59100008
5/14/2026 15:49,265.2820129,80.96299744,3.286000013
5/14/2026 15:54,434.7359924,87.10600281,5.794000149
5/14/2026 15:59,399.8770142,143.2890015,8.767000198
5/14/2026 16:04,535.2069702,76.37999725,6.255000114
5/14/2026 16:09,299.6000061,88.6230011,4.061999798
5/14/2026 16:14,248.6009979,85.43199921,3.249000072
5/14/2026 16:19,280.7090149,86.30799866,3.707000017
5/14/2026 16:24,270.1350098,83.64399719,3.457000017
5/14/2026 16:29,248.0249939,80.31999969,3.048000097
5/14/2026 16:34,261.3760071,78.26000214,3.130000114
5/14/2026 16:39,402.5119934,75.81300354,4.669000149
5/14/2026 16:44,373.9979858,63.42499924,3.628999949
5/14/2026 16:49,287.3070068,79.75,3.506000042
5/14/2026 16:54,275.0379944,83.30699921,3.506000042
5/14/2026 16:59,256.5209961,88.24299622,3.463000059
5/14/2026 17:04,724.2290039,87.90899658,9.741000175
5/14/2026 17:09,519.4769897,122.262001,9.717000008
5/14/2026 17:14,307.1109924,69.47100067,3.263999939
5/14/2026 17:19,322.7909851,64.16100311,3.16899991
5/14/2026 17:24,222.5330048,78.81300354,2.683000088
5/14/2026 17:29,580.3380127,83.42500305,7.407000065
5/14/2026 17:34,324.196991,101.5309982,5.035999775
5/14/2026 17:40,415.9360046,94.36299896,6.005000114
5/14/2026 17:45,161.7189941,75.9940033,1.879999995
5/14/2026 17:50,179.348999,68.55699921,1.881000042
5/14/2026 17:55,116.814003,71.59200287,1.279999971
5/14/2026 18:00,102.2539978,70.14900208,1.097000003
5/14/2026 18:05,101.3030014,66.71299744,1.034000039
5/14/2026 18:10,50.01599884,50.02500153,0.382999986
5/14/2026 18:15,13.58600044,22.8920002,0.048
5/14/2026 18:20,32.06900024,44.57500076,0.218999997
5/14/2026 18:25,38.74499893,58.72299957,0.34799999
5/14/2026 18:30,61.56800079,59.73899841,0.563000023
5/14/2026 18:35,77.36199951,69.49299622,0.823000014
5/14/2026 18:40,64.86199951,60.97700119,0.605000019
5/14/2026 18:45,57.67499924,55.57699966,0.49000001
5/14/2026 18:50,48.40000153,62.64500046,0.463999987
5/14/2026 18:55,59.66400146,63.25,0.577000022
5/14/2026 19:00,65.86499786,67.96499634,0.685000002
5/14/2026 19:05,89.93800354,74.3769989,1.023000002
5/14/2026 19:10,94.18699646,69.15599823,0.996999979
5/14/2026 19:15,68.23200226,66.31199646,0.691999972
5/14/2026 19:20,48.7519989,63.88000107,0.476000011
5/14/2026 19:25,49.81900024,69.42199707,0.528999984
5/14/2026 19:30,40.78900146,68.09999847,0.425000012
5/14/2026 19:35,33.09500122,63.28900146,0.319999993
5/14/2026 19:40,31.93799973,62.47299957,0.305000007
5/14/2026 19:45,28.61100006,60.35400009,0.263999999
5/14/2026 19:50,29.1060009,61.02700043,0.272000015
5/14/2026 19:55,24.88699913,57.98300171,0.221000001
5/14/2026 20:00,23.09000015,54.36399841,0.192000002
5/14/2026 20:05,19.90600014,55.14799881,0.167999998
5/14/2026 20:11,17.49900055,46.17699814,0.123999998
5/14/2026 20:16,16.36300087,54.76900101,0.136999995
5/14/2026 20:21,16.17099953,44.16899872,0.108999997
5/14/2026 20:26,15.27499962,46.79600143,0.108999997
5/14/2026 20:31,13.42199993,31.07600021,0.064000003
5/14/2026 20:36,11.05599976,15.14999962,0.026000001
5/14/2026 20:41,8.517000198,0.157000005,0
5/14/2026 20:46,6.895999908,0.241999999,0
5/14/2026 20:51,4.376999855,0.172999993,0
5/14/2026 20:56,1.034999967,-0.112000003,0
5/15/2026 6:00,1.034999967,-0.112000003,0
5/15/2026 6:05,1.771000028,0.122000001,0
5/15/2026 6:10,3.177000046,0.261999995,0
5/15/2026 6:15,4.342999935,0.164000005,0
5/15/2026 6:20,5.46999979,0.191,0
5/15/2026 6:25,6.902999878,0.263000011,0
5/15/2026 6:30,8.468999863,0.228,0
5/15/2026 6:35,11.83300018,10.58199978,0.018999999
5/15/2026 6:40,14.22900009,20.23800087,0.044
5/15/2026 6:45,14.67399979,31.15600014,0.07
5/15/2026 6:50,16.36599922,34.1230011,0.085000001
5/15/2026 6:55,17.52899933,39.97900009,0.107000001
5/15/2026 7:00,19.4829998,43.05799866,0.128000006
5/15/2026 7:05,21.10400009,47.17900085,0.151999995
5/15/2026 7:10,22.12800026,49.03300095,0.165999994
5/15/2026 7:15,21.72999954,49.49499893,0.165000007
5/15/2026 7:20,21.50900078,46.47299957,0.152999997
5/15/2026 7:25,22.11400032,44.72999954,0.150999993
5/15/2026 7:30,22.50699997,51.14699936,0.175999999
5/15/2026 7:35,24.84799957,50.07500076,0.189999998
5/15/2026 7:40,29.34600067,52.89300156,0.237000003
5/15/2026 7:45,32.44800186,53.27299881,0.263999999
5/15/2026 7:50,36.0870018,53.93000031,0.298000008
5/15/2026 7:55,37.99300003,59.11199951,0.344000012
5/15/2026 8:00,40.16500092,56.79100037,0.349000007
5/15/2026 8:05,42.62200165,58.4070015,0.381000012
5/15/2026 8:10,47.38700104,60.37799835,0.437999994
5/15/2026 8:15,52.27000046,57.72999954,0.462000012
5/15/2026 8:21,52.33599854,60.96699905,0.488000005
5/15/2026 8:26,50.68600082,61.0909996,0.474000007
5/15/2026 8:31,51.54999924,57.39699936,0.453000009
5/15/2026 8:36,55.56999969,68.29000092,0.58099997
5/15/2026 8:41,64.40200043,70.15899658,0.690999985
5/15/2026 8:46,69.36000061,74.97200012,0.796000004
5/15/2026 8:51,71.02200317,75.54499817,0.82099998
5/15/2026 8:56,77.30500031,77.97000122,0.921999991
5/15/2026 9:01,79.36699677,73.72399902,0.894999981
5/15/2026 9:06,65.93599701,73.47200012,0.740999997
5/15/2026 9:11,54.88000107,70.77799988,0.593999982
5/15/2026 9:16,46.45299911,71.74099731,0.50999999
5/15/2026 9:21,43.29800034,61.69400024,0.409000009
5/15/2026 9:26,47.46500015,66.42900085,0.481999993
5/15/2026 9:31,52.99000168,65.54599762,0.531000018
5/15/2026 9:36,67.74199677,63.83399963,0.662
5/15/2026 9:41,81.40299988,68.06900024,0.84799999
5/15/2026 9:46,64.48899841,71.36699677,0.703999996
5/15/2026 9:51,55.75799942,74.19000244,0.633000016
5/15/2026 9:56,65.69599915,80.31300354,0.806999981
5/15/2026 10:01,88.18099976,82.52799988,1.113000035
5/15/2026 10:06,83.375,80.41300201,1.026000023
5/15/2026 10:11,54.81800079,76.91699982,0.644999981
5/15/2026 10:16,44.96699905,68.40499878,0.470999986
5/15/2026 10:21,46.26699829,66.19799805,0.469000012
5/15/2026 10:26,50.42900085,75.45200348,0.582000017
5/15/2026 10:31,47.77600098,78.53600311,0.574000001
5/15/2026 10:36,34.81700134,74.2559967,0.395999998
5/15/2026 10:41,36.11000061,73.16999817,0.404000014
5/15/2026 10:46,62.1969986,73.86599731,0.703000009
5/15/2026 10:51,86.39499664,76.3010025,1.008999944
5/15/2026 10:57,110.7539978,74.20500183,1.256999969
5/15/2026 11:02,155.326004,77.83699799,1.850000024
5/15/2026 11:07,198.6809998,81.41500092,2.474999905
5/15/2026 11:12,228.8300018,80.87000275,2.83100009
5/15/2026 11:17,198.5330048,83.27500153,2.529999971
5/15/2026 11:22,125.6070023,77.68900299,1.493000031
5/15/2026 11:27,91.47000122,88.27899933,1.235000014
5/15/2026 11:32,85.9469986,89.05000305,1.171000004
5/15/2026 11:37,102.137001,83.39900208,1.302999973
5/15/2026 11:42,139.6779938,81.66600037,1.745000005
5/15/2026 11:47,200.5740051,84.98300171,2.60800004
5/15/2026 11:52,244.7039948,81.22299957,3.040999889
5/15/2026 11:57,259.6369934,83.08100128,3.299999952
5/15/2026 12:02,239.2250061,79.78800201,2.920000076
5/15/2026 12:07,189.3540039,88.30400085,2.558000088
5/15/2026 12:12,224.6560059,83.32499695,2.864000082
5/15/2026 12:17,251.4700012,86.13999939,3.313999891
5/15/2026 12:22,291.3940125,85.41600037,3.808000088
5/15/2026 12:27,247.4490051,86.83799744,3.288000107
5/15/2026 12:32,557.8170166,76.45300293,6.525000095
5/15/2026 12:37,889.1749878,81.81199646,11.13000011
5/15/2026 12:42,1001.796997,83.51999664,12.80200005
5/15/2026 12:47,1003.31897,88.0719986,13.52000046
5/15/2026 12:52,665.7269897,87.52999878,8.914999962
5/15/2026 12:57,685.190979,99.47399902,10.42800045
5/15/2026 13:02,590.5939941,81.66300201,7.379000187
5/15/2026 13:07,678.5100098,91.86000061,9.536000252
5/15/2026 13:12,635.2910156,92.99500275,9.038999557
5/15/2026 13:17,749.3870239,82.17900085,9.421999931
5/15/2026 13:22,1044.619019,91.18099976,14.57299995
5/15/2026 13:46,117.1179962,89.41799927,1.601999998
5/15/2026 13:51,72.52999878,89.97200012,0.998000026
5/15/2026 13:56,72.38899994,92.33000183,1.023000002
5/15/2026 14:01,77.87400055,87.38600159,1.041000009
5/15/2026 14:06,79.5019989,85.46399689,1.039999962
5/15/2026 14:11,143.8950043,90.73400116,1.998000026
5/15/2026 14:16,218.8370056,85.39099884,2.858999968
5/15/2026 14:21,1208.744995,88.83300018,16.42900085
5/15/2026 14:26,1151.817017,86.24299622,15.19799995
5/15/2026 14:31,491.0310059,77.99099731,5.859000206
5/15/2026 14:36,952.6190186,109.8219986,16.00699997
5/15/2026 14:41,1151.42395,92.90499878,16.36700058
5/15/2026 14:46,1102.53894,91.41500092,15.42099953
5/15/2026 14:51,993.789978,96.64600372,14.69499969
5/15/2026 14:57,1010.624023,91.27799988,14.11400032
5/15/2026 15:02,1092.68396,89.95200348,15.03800011
5/15/2026 15:07,1142.420044,91.44100189,15.9829998
5/15/2026 15:12,347.553009,87.08100128,4.631000042
5/15/2026 15:17,1139.583984,51.46300125,8.972999573
5/15/2026 15:22,1198.734009,90.08899689,16.52300072
5/15/2026 15:27,542.5670166,94.33799744,7.830999851
5/15/2026 15:32,366.4429932,90.90499878,5.097000122
5/15/2026 15:37,322.8800049,94.04799652,4.645999908
5/15/2026 15:42,220.9329987,95.00900269,3.211999893
5/15/2026 15:47,311.8110046,94.16100311,4.492000103
5/15/2026 15:52,863.3189697,54.60100174,7.211999893
5/15/2026 15:57,772.8480225,122.4580002,14.47999954
5/15/2026 16:02,766.53302,104.5240021,12.25800037
5/15/2026 16:07,919.3599854,90.56199646,12.73900032
5/15/2026 16:12,907.927002,91.18599701,12.66699982
5/15/2026 16:17,757.2410278,94.78600311,10.98200035
5/15/2026 16:22,877.9819946,89.1269989,11.97299957
5/15/2026 16:27,863.125,89.66699982,11.8409996
5/15/2026 16:32,877.4450073,86.79100037,11.65200043
5/15/2026 16:37,206.5469971,76.59100342,2.420000076
5/15/2026 16:42,88.58300018,70.29699707,0.953000009
5/15/2026 16:47,107.8010025,66.58599854,1.09800005
5/15/2026 16:52,731.6890259,85.79199982,9.604000092
5/15/2026 16:57,758.8870239,84.22000122,9.779000282
5/15/2026 17:02,675.197998,84.83799744,8.763999939
5/15/2026 17:07,130.1710052,79.88899994,1.590999961
5/15/2026 17:12,139.5679932,73.48100281,1.569000006
5/15/2026 17:17,120.427002,72.3769989,1.333999991
5/15/2026 17:22,128.2330017,75.92199707,1.49000001
5/15/2026 17:28,122.1849976,78.1740036,1.460999966
5/15/2026 17:33,99.59100342,76.81199646,1.169999957
5/15/2026 17:38,103.5059967,75.1309967,1.190000057
5/15/2026 17:43,99.74900055,77.18199921,1.177999973
5/15/2026 17:48,97.81500244,78.65399933,1.177000046
5/15/2026 17:53,87.47399902,73.2519989,0.980000019
5/15/2026 17:58,85.58899689,67.96700287,0.889999986
5/15/2026 18:03,86.38899994,69.81300354,0.922999978
5/15/2026 18:08,86.83399963,69.30400085,0.921000004
5/15/2026 18:13,91.59300232,70.02999878,0.981000006
5/15/2026 18:18,93.14700317,73.46199799,1.047000051
5/15/2026 18:23,98.53900146,66.71199799,1.006000042
5/15/2026 18:28,89.28900146,72.02799988,0.984000027
5/15/2026 18:33,76.41100311,67.58599854,0.790000021
5/15/2026 18:38,61.49700165,65.80200195,0.619000018
5/15/2026 18:43,59.60200119,61.97200012,0.564999998
5/15/2026 18:48,72.11000061,67.55899811,0.745000005
5/15/2026 18:53,70.35099792,65.19400024,0.702000022
5/15/2026 18:58,66.89800262,61.38700104,0.628000021
5/15/2026 19:03,54.97100067,64.31400299,0.541000009
5/15/2026 19:08,50.88499832,65.96499634,0.513999999
5/15/2026 19:13,47.05400085,60.54999924,0.43599999
5/15/2026 19:18,41.27899933,55.63199997,0.351000011
5/15/2026 19:23,46.875,69.70400238,0.5
5/15/2026 19:28,36.76800156,75.76300049,0.425999999
5/15/2026 19:33,15.63199997,53.33000183,0.128000006
5/15/2026 19:38,11.12699986,31.40999985,0.052999999
5/15/2026 19:43,11.01000023,18.67000008,0.030999999
5/15/2026 19:48,13.61800003,28.25300026,0.059
5/15/2026 19:53,30.6970005,52.17699814,0.245000005
5/15/2026 19:59,42.28099823,48.93799973,0.317000002
5/15/2026 20:04,36.04800034,53.19900131,0.293000013
5/15/2026 20:09,36.31299973,57.10499954,0.317000002
5/15/2026 20:14,26.4640007,49.2859993,0.200000003
5/15/2026 20:19,25.24799919,44.83100128,0.172999993
5/15/2026 20:24,18.77799988,62.47600174,0.179000005
5/15/2026 20:29,11.60000038,40.90999985,0.072999999
5/15/2026 20:34,7.784999847,16.91500092,0.02
5/15/2026 20:39,4.934999943,0.27700001,0
5/15/2026 20:44,2.288000107,0.312000006,0
5/15/2026 20:49,0.841000021,0.395999998,0
5/15/2026 20:54,0.495999992,0.093999997,0
5/16/2026 5:59,0.495999992,0.093999997,0
5/16/2026 6:04,8.305999756,0.150000006,0
5/16/2026 6:09,9.767000198,0.156000003,0
5/16/2026 6:14,10.90699959,0.226999998,0
5/16/2026 6:19,12.71100044,7.796000004,0.015
5/16/2026 6:24,14.60999966,22.02000046,0.048999999
5/16/2026 6:29,16.47100067,36.16199875,0.090999998
5/16/2026 6:34,18.70299911,32.48199844,0.093000002
5/16/2026 6:39,21.10400009,36.76100159,0.119000003
5/16/2026 6:44,23.03300095,40.70600128,0.143000007
5/16/2026 6:49,25.09900093,44.72600174,0.172000006
5/16/2026 6:54,27.18199921,45.63199997,0.189999998
5/16/2026 6:59,29.24099922,44.79399872,0.200000003
5/16/2026 7:04,31.83300018,51.30599976,0.25
5/16/2026 7:09,33.05099869,47.00799942,0.238000005
5/16/2026 7:14,34.50699997,47.93500137,0.252999991
5/16/2026 7:19,36.0909996,53.54299927,0.296000004
5/16/2026 7:24,37.10400009,54.92300034,0.312000006
5/16/2026 7:29,39.13700104,52.78099823,0.316000015
5/16/2026 7:34,42.05500031,57.55899811,0.370000005
5/16/2026 7:40,45.08100128,59.87400055,0.412999988
5/16/2026 7:45,47.10900116,57.00500107,0.411000013
5/16/2026 7:50,47.2159996,59.44200134,0.42899999
5/16/2026 7:55,47.63399887,61.0530014,0.444999993
5/16/2026 8:00,46.25400162,60.8030014,0.430000007
5/16/2026 8:05,45.74599838,64.85900116,0.453999996
5/16/2026 8:10,45.64300156,65.04799652,0.453999996
5/16/2026 8:15,46.09799957,63.05699921,0.444999993
5/16/2026 8:20,48.76800156,66.80899811,0.497999996
5/16/2026 8:25,50.13000107,70.95999908,0.54400003
5/16/2026 8:30,52.0870018,67.84799957,0.541000009
5/16/2026 8:35,49.57699966,62.06000137,0.470999986
5/16/2026 8:40,55.65100098,72.09500122,0.614000022
5/16/2026 8:45,63.81700134,66.83000183,0.652999997
5/16/2026 8:50,78.99900055,72.72299957,0.879000008
5/16/2026 8:55,103.4580002,73.3010025,1.159999967
5/16/2026 9:00,125.0739975,73.00299835,1.396999955
5/16/2026 9:05,141.4640045,74.61599731,1.61500001
5/16/2026 9:10,165.0899963,71.30999756,1.800999999
5/16/2026 9:15,187.1929932,71.53299713,2.049000025
5/16/2026 9:20,187.0169983,72.10500336,2.062999964
5/16/2026 9:25,167.3170013,75.40000153,1.929999948
5/16/2026 9:30,159.0540009,78.1780014,1.90199995
5/16/2026 9:35,165.5019989,76.81500244,1.945000052
5/16/2026 9:40,190.1100006,76.01599884,2.210999966
5/16/2026 9:45,205.326004,75.83300018,2.381999969
5/16/2026 9:50,220.6529999,77.23300171,2.607000113
5/16/2026 9:55,224.6860046,79.9509964,2.747999907
5/16/2026 10:00,234.1049957,77.2440033,2.76699996
5/16/2026 10:05,263.7349854,76.68499756,3.094000101
5/16/2026 10:11,295.1359863,73.4960022,3.319000006
5/16/2026 10:16,333.303009,74.92299652,3.821000099
5/16/2026 10:21,347.9890137,76.36799622,4.065999985
5/16/2026 10:26,409.7349854,77.49299622,4.857999802
5/16/2026 10:31,465.7260132,80.16699982,5.711999893
5/16/2026 10:36,433.4970093,78.09799957,5.179999828
5/16/2026 10:41,365.3670044,77.89800262,4.355000019
5/16/2026 10:46,357.5220032,72.51499939,3.967000008
5/16/2026 10:51,351.5679932,74.23200226,3.993000031
5/16/2026 10:56,331.177002,80.13300323,4.059999943
5/16/2026 11:01,312.54599,78.01799774,3.730999947
5/16/2026 11:06,319.4769897,78.50099945,3.836999893
5/16/2026 11:11,260.9899902,76.42299652,3.052000046
5/16/2026 11:16,312.6799927,80.71099854,3.861000061
5/16/2026 11:21,315.8469849,77.80699921,3.75999999
5/16/2026 11:26,296.6579895,77.85900116,3.53399992
5/16/2026 11:31,444.3770142,71.26799774,4.84499979
5/16/2026 11:36,403.2799988,78.47200012,4.842000008
5/16/2026 11:41,424.5369873,78.63999939,5.107999802
5/16/2026 11:46,458.3729858,79.57800293,5.580999851
5/16/2026 11:51,651.7670288,80.78600311,8.055999756
5/16/2026 11:56,662.0960083,82.08000183,8.31499958
5/16/2026 12:01,813.3809814,84.26000214,10.48600006
5/16/2026 12:06,565.9819946,80.88400269,7.004000187
5/16/2026 12:11,594.7540283,89.17700195,8.114999771
5/16/2026 12:16,465.7739868,76.4469986,5.447999954
5/16/2026 12:21,762.1550293,92.26100159,10.75899982
5/16/2026 12:26,651.1610107,87.30200195,8.697999954
5/16/2026 12:31,1289.36499,79.23500061,15.63099957
5/16/2026 12:36,603.7620239,81.74199677,7.551000118
5/16/2026 12:41,451.8450012,76.59999847,5.296000004
5/16/2026 12:47,1486.792969,81.47899628,18.53499985
5/16/2026 12:52,1373.32605,80.47699738,16.90999985
5/16/2026 12:57,1166.706055,81.41300201,14.53299999
5/16/2026 13:02,598.2059937,91.0039978,8.329000473
5/16/2026 13:07,1214.697021,83.61399841,15.53999996
5/16/2026 13:12,1217.944946,82.18299866,15.31400013
5/16/2026 13:17,1191.901978,81.56099701,14.8739996
5/16/2026 13:22,1179.766968,82.52899933,14.89700031
5/16/2026 13:45,1250.767944,83.53700256,15.98600006
5/16/2026 13:51,1307.237061,86.88600159,17.37800026
5/16/2026 13:56,290.3859863,81.2559967,3.609999895
5/16/2026 14:01,1314.001953,91.62999725,18.42200089
5/16/2026 14:06,1199.688965,89.57299805,16.44099998
5/16/2026 14:11,623.3010254,120.4250031,11.48400021
5/16/2026 14:16,1247.916992,89,16.99300003
5/16/2026 14:21,177.753006,69.66600037,1.894999981
5/16/2026 14:26,181.8930054,72.0019989,2.003999949
5/16/2026 14:31,191.7669983,73.89399719,2.167999983
5/16/2026 14:36,246.5509949,74.09400177,2.795000076
5/16/2026 14:41,612.5280151,104.1360016,9.758999825
5/16/2026 14:46,291.2130127,78.40000153,3.493000031
5/16/2026 14:51,226.4989929,75.64800262,2.621999979
5/16/2026 14:56,208.1580048,75.37200165,2.400000095
5/16/2026 15:01,163.8099976,71.92500305,1.802999973
5/16/2026 15:06,151.4349976,73.3010025,1.697999954
5/16/2026 15:11,174.4649963,79.30500031,2.117000103
5/16/2026 15:16,334.5870056,95.3219986,4.880000114
5/16/2026 15:21,1172.598999,91.2440033,16.37000084
5/16/2026 15:26,627.1090088,64.91699982,6.229000092
5/16/2026 15:31,209.477005,85.57800293,2.743000031
5/16/2026 15:36,199.8809967,82.69499969,2.529000044
5/16/2026 15:41,141.3419952,70.03299713,1.514000058
5/16/2026 15:46,123.2779999,70.33399963,1.327000022
5/16/2026 15:51,117.8899994,75.96600342,1.370000005
5/16/2026 15:56,121.5770035,73.0530014,1.358999968
5/16/2026 16:01,127.413002,74.04599762,1.442999959
5/16/2026 16:06,154.9349976,79.88899994,1.894000053
5/16/2026 16:11,305.1679993,104.7109985,4.888999939
5/16/2026 16:16,354.7789917,77.88999939,4.228000164
5/16/2026 16:21,892.3359985,88.05500031,12.02200031
5/16/2026 16:27,748.3150024,93.74099731,10.7329998
5/16/2026 16:32,925.1110229,86.79499817,12.28499985
5/16/2026 16:37,195.0509949,81.20600128,2.423000097
5/16/2026 16:42,812.3380127,83.55400085,10.38500023
5/16/2026 16:47,186.2149963,88.36399841,2.517999887
5/16/2026 16:52,150.5330048,80.8710022,1.863000035
5/16/2026 16:57,126.7269974,86.15100098,1.669999957
5/16/2026 17:02,233.6499939,85.14299774,3.04399991
5/16/2026 17:07,651.8469849,87.77799988,8.75399971
5/16/2026 17:12,160.779007,143.8329926,3.538000107
5/16/2026 17:17,134.2740021,83.81600189,1.722000003
5/16/2026 17:22,148.5169983,80.26499939,1.824000001
5/16/2026 17:27,158.0070038,76.58699799,1.850999951
5/16/2026 17:32,183.776001,75.38600159,2.119999886
5/16/2026 17:37,165.0650024,75.64299774,1.909999967
5/16/2026 17:42,182.548996,78.39199829,2.188999891
5/16/2026 17:47,187.6499939,76.17199707,2.187000036
5/16/2026 17:52,170.5440063,78.43299866,2.046999931
5/16/2026 17:57,134.2369995,73.97100067,1.519000053
5/16/2026 18:02,102.6029968,64.53600311,1.013000011
5/16/2026 18:07,84.34300232,68.66799927,0.885999978
5/16/2026 18:12,68.33599854,66.78099823,0.698000014
5/16/2026 18:17,58.68299866,68.75800323,0.616999984
5/16/2026 18:22,58.0909996,62.59000015,0.555999994
5/16/2026 18:27,58.29700089,65.33699799,0.583000004
5/16/2026 18:32,53.32099915,66.06300354,0.538999975
5/16/2026 18:37,50.3409996,68.88500214,0.531000018
5/16/2026 18:42,47.55199814,51.58200073,0.375
5/16/2026 18:47,46.85499954,62.65499878,0.449000001
5/16/2026 18:52,50.77299881,64.45400238,0.500999987
5/16/2026 18:58,55.89799881,64.60600281,0.552999973
5/16/2026 19:03,52.50099945,67.71299744,0.54400003
5/16/2026 19:08,48.44800186,62.2159996,0.460999995
5/16/2026 19:13,48.08000183,66.08999634,0.486000001
5/16/2026 19:18,45.24599838,63.95899963,0.442999989
5/16/2026 19:23,43.58200073,60.34600067,0.40200001
5/16/2026 19:28,42.89799881,59.94499969,0.393000007
5/16/2026 19:33,42.60100174,68.21900177,0.444999993
5/16/2026 19:38,43.30500031,53.7159996,0.356000006
5/16/2026 19:43,39.72600174,65.20700073,0.395999998
5/16/2026 19:48,35.47900009,55.85800171,0.303000003
5/16/2026 19:53,32.45500183,54.4109993,0.270000011
5/16/2026 19:58,34.11899948,54.93999863,0.287
5/16/2026 20:03,28.75699997,52.35499954,0.230000004
5/16/2026 20:08,25.08099937,46.72900009,0.179000005
5/16/2026 20:13,23.01499939,45.00299835,0.158000007
5/16/2026 20:18,21.84000015,50.47000122,0.169
5/16/2026 20:23,18.49799919,44.90999985,0.127000004
5/16/2026 20:28,16.64500046,37.26900101,0.094999999
5/16/2026 20:33,14.86400032,37.68500137,0.086000003
5/16/2026 20:38,11.55799961,10.35000038,0.017999999
5/16/2026 20:43,9.359999657,0.194999993,0
5/16/2026 20:48,6.544000149,0.254999995,0
5/16/2026 20:53,3.762000084,0.232999995,0
5/16/2026 20:58,2.118999958,0.264999986,0
5/17/2026 6:03,2.118999958,0.264999986,0
5/17/2026 6:08,7.609000206,0.26699999,0
5/17/2026 6:13,9.401000023,19.50099945,0.028000001
5/17/2026 6:18,11.71700001,45.45399857,0.081
5/17/2026 6:23,14.4090004,51.56200027,0.114
5/17/2026 6:28,17.29800034,54.38399887,0.143999994
5/17/2026 6:33,20.03700066,55.125,0.169
5/17/2026 6:38,21.93600082,53.3030014,0.179000005
5/17/2026 6:43,24.79100037,50.99200058,0.193000004
5/17/2026 6:48,26.95999908,49.76499939,0.204999998
5/17/2026 6:53,28.91900063,54.68099976,0.241999999
5/17/2026 6:58,30.53499985,60.57600021,0.282999992
5/17/2026 7:04,32.74700165,55.79199982,0.280000001
5/17/2026 7:09,34.39799881,63.35499954,0.333000004
5/17/2026 7:14,36.34500122,61.15100098,0.340000004
5/17/2026 7:19,38.27700043,63.375,0.370999992
5/17/2026 7:24,40.18899918,56.35200119,0.345999986
5/17/2026 7:29,42.43899918,59.41699982,0.386000007
5/17/2026 7:34,142.5670013,18.79500008,0.409999996
5/17/2026 7:39,154.8529968,17.6609993,0.418000013
5/17/2026 7:44,199.348999,15.09799957,0.460000008
5/17/2026 7:49,212.6790009,15.57999992,0.507000029
5/17/2026 7:54,234.7089996,14.89000034,0.535000026
5/17/2026 7:59,258.2669983,14.93299961,0.589999974
5/17/2026 8:04,282.2330017,15.67000008,0.676999986
5/17/2026 8:09,303.7900085,16.84900093,0.782999992
5/17/2026 8:14,340.4819946,17.12100029,0.89200002
5/17/2026 8:19,360.5509949,18.10199928,0.999000013
5/17/2026 8:24,390.5920105,19.45400047,1.162999988
5/17/2026 8:29,373.9129944,23.95800018,1.371000051
5/17/2026 8:34,448.9419861,35.98899841,2.471999884
5/17/2026 8:39,485.2980042,20.31200027,1.508000016
5/17/2026 8:44,512.2810059,20.43799973,1.601999998
5/17/2026 8:49,497.8160095,22.97699928,1.75
5/17/2026 8:54,417.6900024,28.41699982,1.815999985
5/17/2026 8:59,305.4509888,41.54399872,1.942000031
5/17/2026 9:04,352.0230103,38.65800095,2.082000017
5/17/2026 9:09,356.4230042,38.09400177,2.076999903
5/17/2026 9:14,314.1530151,43.14799881,2.073999882
5/17/2026 9:19,295.0509949,45.61399841,2.059000015
5/17/2026 9:24,288.2449951,49.64099884,2.188999891
5/17/2026 9:29,454.3519897,66.2539978,4.605999947
5/17/2026 9:35,423.9890137,67.60700226,4.386000156
5/17/2026 9:40,363.2250061,47.64199829,2.648000002
5/17/2026 9:45,318.8049927,67.65599823,3.299999952
5/17/2026 9:50,445.776001,78.2559967,5.336999893
5/17/2026 9:55,549.9769897,81.2440033,6.835999966
5/17/2026 10:00,673.6209717,68.81800079,7.092999935
5/17/2026 10:05,611.8510132,81.56999969,7.636000156
5/17/2026 10:10,550.7630005,81.19000244,6.842000008
5/17/2026 10:15,525.3530273,81.99900055,6.59100008
5/17/2026 10:20,639.8079834,78.17199707,7.65199995
5/17/2026 10:25,613.5310059,79.97100067,7.506999969
5/17/2026 10:30,676.664978,85.10399628,8.81099987
5/17/2026 10:35,810.2449951,83.7990036,10.38799953
5/17/2026 10:40,806.3569946,87.35800171,10.77799988
5/17/2026 10:45,752.8590088,81.66300201,9.406999588
5/17/2026 10:50,837.8670044,85.50800323,10.96199989
5/17/2026 10:55,845.9589844,86.05799866,11.13899994
5/17/2026 11:00,851.2340088,85.48200226,11.13300037
5/17/2026 11:05,918.3859863,85.63700104,12.03299999
5/17/2026 11:10,945.4370117,83.60299683,12.09300041
5/17/2026 11:15,953.0059814,85.22200012,12.42599964
5/17/2026 11:20,966.3140259,85.2990036,12.61100006
5/17/2026 11:25,983.1220093,86.20300293,12.9659996
5/17/2026 11:30,991.3619995,86.9489975,13.18799973
5/17/2026 11:35,1000.437012,85.53500366,13.09200001
5/17/2026 11:40,1014.895996,84.59100342,13.13500023
5/17/2026 11:45,1022.249023,84.73999786,13.25399971
5/17/2026 11:50,1044.625977,85.14600372,13.60900021
5/17/2026 11:55,1051.508057,84.89199829,13.65699959
5/17/2026 12:00,1023.914978,85.46499634,13.38899994
5/17/2026 12:05,1014.500977,85.12799835,13.2130003
5/17/2026 12:11,1123.243042,84.32800293,14.49199963
5/17/2026 12:16,1040.349976,85.1740036,13.55700016
5/17/2026 12:21,744.6829834,77.7519989,8.859000206
5/17/2026 12:26,1101.860962,85.64399719,14.43799973
5/17/2026 12:31,1129.064941,83.125,14.35999966
5/17/2026 12:36,1159.275024,83.05500031,14.73099995
5/17/2026 12:41,1004.166016,78.91699982,12.125
5/17/2026 12:46,925.9790039,81.58999634,11.55900002
5/17/2026 12:51,842.2470093,79.65299988,10.26399994
5/17/2026 12:56,886.6060181,79.74900055,10.81799984
5/17/2026 13:01,868.3950195,84.89299774,11.27900028
5/17/2026 13:06,602.8909912,83.28299713,7.68200016
5/17/2026 13:11,593.3870239,77.1780014,7.006999969
5/17/2026 13:16,690.7849731,79.7480011,8.428999901
5/17/2026 13:21,799.4260254,85.27899933,10.43099976
5/17/2026 13:45,485.6799927,84.70200348,6.294000149
5/17/2026 13:50,500.696991,86.01799774,6.590000153
5/17/2026 13:55,483.552002,85.63300323,6.335000038
5/17/2026 14:00,465.3210144,85.25499725,6.070000172
5/17/2026 14:05,501.3169861,87.01899719,6.673999786
5/17/2026 14:10,630.1329956,86.86499786,8.375
5/17/2026 14:15,637.6290283,87.24199677,8.51099968
5/17/2026 14:20,768.4749756,90.04499817,10.58699989
5/17/2026 14:25,761.7299805,88.86799622,10.35700035
5/17/2026 14:30,593.7529907,86.52700043,7.860000134
5/17/2026 14:35,595.5250244,85.95200348,7.831999779
5/17/2026 14:40,573.6690063,83.8710022,7.361000061
5/17/2026 14:45,521.697998,85.94799805,6.860000134
5/17/2026 14:50,502.9259949,83.40799713,6.418000221
5/17/2026 14:55,628.0209961,88.06300354,8.461999893
5/17/2026 15:00,615.8859863,85.66899872,8.072999954
5/17/2026 15:05,609.5310059,84.99099731,7.926000118
5/17/2026 15:10,502.4660034,87.59899902,6.734000206
5/17/2026 15:15,478.7059937,85.3259964,6.249000072
5/17/2026 15:20,488.9389954,84.78700256,6.342999935
5/17/2026 15:25,409.7829895,83.9469986,5.263000011
5/17/2026 15:30,426.8299866,83.09100342,5.426000118
5/17/2026 15:35,378.5490112,81.43900299,4.717000008
5/17/2026 15:40,313.2139893,79.38500214,3.803999901
5/17/2026 15:45,396.3089905,81.25900269,4.927000046
5/17/2026 15:50,378.427002,77.40799713,4.481999874
5/17/2026 15:55,514.5759888,80.34799957,6.326000214
5/17/2026 16:01,797.2089844,84.2009964,10.27000046
5/17/2026 16:06,856.3289795,84.89499664,11.12300014
5/17/2026 16:11,815.5980225,84.58300018,10.55500031
5/17/2026 16:16,794.1049805,83.93800354,10.19799995
5/17/2026 16:21,779.6459961,84.36199951,10.06299973
5/17/2026 16:26,774.6350098,84.3010025,9.991000175
5/17/2026 16:31,402.7149963,86.55400085,5.333000183
5/17/2026 16:36,806.8709717,83.15499878,10.26599979
5/17/2026 16:41,759.4310303,83.20300293,9.668000221
5/17/2026 16:46,675.1859741,82.54699707,8.527000427
5/17/2026 16:51,654.3660278,81.44300079,8.154000282
5/17/2026 16:56,640.0889893,80.7460022,7.907999992
5/17/2026 17:01,623.117981,78.01799774,7.438000202
5/17/2026 17:06,606.1740112,79.03199768,7.329999924
5/17/2026 17:11,592.1459961,78.11599731,7.077000141
5/17/2026 17:16,587.3439941,77.2519989,6.941999912
5/17/2026 17:21,581.8880005,77.08999634,6.862999916
5/17/2026 17:26,456.1329956,93.13899994,6.5
5/17/2026 17:31,444.118988,68.76000214,4.671999931
5/17/2026 17:36,392.5209961,72.66400146,4.363999844
5/17/2026 17:41,440.730011,65.46800232,4.414999962
5/17/2026 17:46,478.6350098,77.2519989,5.657000065
5/17/2026 17:51,412.2690125,77.34300232,4.879000187
5/17/2026 17:56,252.654007,115.5810013,4.467999935
5/17/2026 18:01,252.6349945,45.95899963,1.776000023
5/17/2026 18:06,102.4820023,268.4289856,4.209000111
5/17/2026 18:11,78.72000122,74.16600037,0.893000007
5/17/2026 18:16,66.6289978,75.59899902,0.771000028
5/17/2026 18:21,52.24499893,72.71600342,0.58099997
5/17/2026 18:26,50.95500183,78.5,0.611999989
5/17/2026 18:32,51.69800186,75.65599823,0.59799999
5/17/2026 18:37,48.125,82.17700195,0.605000019
5/17/2026 18:42,46.90999985,77.44000244,0.555999994
5/17/2026 18:47,46.01100159,83.65499878,0.588999987
5/17/2026 18:52,45.20700073,80.24500275,0.555000007
5/17/2026 18:57,46.48199844,78.94100189,0.56099999
5/17/2026 19:02,47.36000061,80.06300354,0.579999983
5/17/2026 19:07,49.27099991,76.83399963,0.578999996
5/17/2026 19:12,54.5870018,81.20899963,0.677999973
5/17/2026 19:17,53.39799881,74.53700256,0.609000027
5/17/2026 19:22,44.64199829,76.23999786,0.521000028
5/17/2026 19:27,39.80099869,72.41000366,0.441000015
5/17/2026 19:32,37.14699936,71.55200195,0.407000005
5/17/2026 19:37,35.33300018,72.34600067,0.391000003
5/17/2026 19:42,31.86499977,65.51200104,0.319000006
5/17/2026 19:47,27.46100044,78.45600128,0.330000013
5/17/2026 19:52,24.94199944,70.77300262,0.270000011
5/17/2026 19:57,22.69499969,72.03099823,0.25
5/17/2026 20:02,20.90500069,61.49300003,0.196999997
5/17/2026 20:07,19.20499992,68.14499664,0.200000003
5/17/2026 20:12,18.19499969,72.25499725,0.201000005
5/17/2026 20:17,16.2329998,57.22299957,0.142000005
5/17/2026 20:22,15.09899998,44.99499893,0.104000002
5/17/2026 20:27,12.86400032,68.36699677,0.135000005
5/17/2026 20:32,10.375,49.49900055,0.079000004
5/17/2026 20:37,8.112000465,13.79399967,0.017000001
5/17/2026 20:42,6.006999969,0.347000003,0
5/17/2026 20:47,4.113999844,0.381999999,0
5/17/2026 20:52,2.806999922,0.333999991,0
5/17/2026 20:57,1.687000036,0.211999997,0
5/17/2026 21:03,0.720000029,0.495000005,0
5/18/2026 6:01,0.720000029,0.495000005,0
5/18/2026 6:06,2.234999895,0.208000004,0
5/18/2026 6:11,3.898999929,0.011,0
5/18/2026 6:16,3.687000036,0.222000003,0
5/18/2026 6:21,3.976999998,0.26699999,0
5/18/2026 6:27,6.18599987,0.162,0
5/18/2026 6:32,6.414000034,0.171000004,0
5/18/2026 6:37,4.649000168,0.35800001,0
5/18/2026 6:42,4.242000103,0.191,0
5/18/2026 6:47,4.494999886,0.307999998,0
5/18/2026 6:52,6.145999908,0.296000004,0
5/18/2026 6:57,10.76099968,16.38800049,0.027000001
5/18/2026 7:02,11.06299973,12.11999989,0.021
5/18/2026 7:07,14.43000031,43.21900177,0.094999999
5/18/2026 7:12,11.54500008,35.2120018,0.061999999
5/18/2026 7:17,8.944000244,14.35099983,0.02
5/18/2026 7:22,7.988999844,0.254999995,0
5/18/2026 7:27,7.769000053,0.296000004,0
5/18/2026 7:32,9.553999901,16.19199944,0.024
5/18/2026 7:37,11.66899967,38.28499985,0.068000004
5/18/2026 7:42,23.81699944,42.83200073,0.156000003
5/18/2026 7:47,41.49300003,47.86000061,0.30399999
5/18/2026 7:52,43.99100113,47.68999863,0.32100001
5/18/2026 7:57,43.86700058,46.68999863,0.312999994
5/18/2026 8:02,56.35400009,48.2159996,0.416000009
5/18/2026 8:07,43.02199936,51.4640007,0.338999987
5/18/2026 8:12,26.76300049,51.44800186,0.210999995
5/18/2026 8:17,23.88599968,60.58000183,0.221000001
5/18/2026 8:22,26.64699936,58.46699905,0.238000005
5/18/2026 8:27,39.56999969,57.56499863,0.349000007
5/18/2026 8:32,26.21899986,59.19300079,0.237000003
5/18/2026 8:37,22.52599907,56.63899994,0.194999993
5/18/2026 8:42,21.88299942,61.4620018,0.206
5/18/2026 8:47,13.14999962,61.48300171,0.123999998
5/18/2026 8:52,16.32500076,59.95199966,0.150000006
5/18/2026 8:57,30.24699974,57.16600037,0.264999986
5/18/2026 9:03,66.70200348,54.70800018,0.558000028
5/18/2026 9:08,94.36100006,57.36700058,0.828000009
5/18/2026 9:13,103.6660004,54.54600143,0.86500001
5/18/2026 9:18,77.97899628,62.40800095,0.745000005
5/18/2026 9:23,73.72299957,60.65200043,0.684000015
5/18/2026 9:28,63.68799973,60.61299896,0.591000021
5/18/2026 9:33,69.44499969,60.0379982,0.638000011
5/18/2026 9:38,76.03199768,56.57899857,0.657999992
5/18/2026 9:43,46.50099945,59.43500137,0.423000008
5/18/2026 9:48,33.87400055,61.66799927,0.319999993
5/18/2026 9:53,26.79299927,57.49000168,0.236000001
5/18/2026 9:58,29.37100029,59.4679985,0.26699999
5/18/2026 10:03,43.19100189,59.76300049,0.395000011
5/18/2026 10:08,41.68500137,69.63300323,0.444000006
5/18/2026 10:13,38.91400146,65.5510025,0.389999986
5/18/2026 10:18,37.25,64.7460022,0.368999988
5/18/2026 10:23,38.15800095,67.42700195,0.393999994
5/18/2026 10:28,24.23800087,62.17699814,0.231000006
5/18/2026 10:33,20.99699974,72.75,0.233999997
5/18/2026 10:38,47.75999832,75.48200226,0.551999986
5/18/2026 10:43,104.9670029,71.96199799,1.156000018
5/18/2026 10:48,69.58399963,62.74599838,0.667999983
5/18/2026 10:53,52.01399994,74.48999786,0.592999995
5/18/2026 10:58,53.57799911,75.72499847,0.620999992
5/18/2026 11:03,51.09000015,74.29299927,0.58099997
5/18/2026 11:08,32.27399826,77.50900269,0.382999986
5/18/2026 11:13,21.36000061,68.39199829,0.224000007
5/18/2026 11:18,23.89699936,72.88800049,0.266000003
5/18/2026 11:23,16.79800034,64.6780014,0.165999994
5/18/2026 11:28,13.77099991,58.7519989,0.123999998
5/18/2026 11:34,24.25799942,55.14599991,0.204999998
5/18/2026 11:39,39.02399826,82.77799988,0.493999988
5/18/2026 11:44,33.40599823,66.10399628,0.338
5/18/2026 11:49,53.37799835,74.85800171,0.611000001
5/18/2026 11:54,82.70899963,75.02799988,0.949000001
5/18/2026 11:59,94.29699707,73.3219986,1.057999969
5/18/2026 12:04,131.621994,77.12799835,1.552999973
5/18/2026 12:09,283.9859924,72.35700226,3.144000053
5/18/2026 12:14,370.2470093,93.49700165,5.296000004
5/18/2026 12:19,215.9309998,74.09500122,2.447999954
5/18/2026 12:24,365.45401,71.86199951,4.018000126
5/18/2026 12:29,332.1170044,68.94799805,3.503000021
5/18/2026 12:34,306.8389893,71.1780014,3.342000008
5/18/2026 12:39,196.1849976,74.15599823,2.226000071
5/18/2026 12:44,223.6710052,72.03800201,2.464999914
5/18/2026 12:49,406.9419861,77.90599823,4.850999832
5/18/2026 12:54,780.447998,98.60299683,11.77400017
5/18/2026 12:59,467.4129944,76.15100098,5.446000099
5/18/2026 13:04,925.8880005,77.18299866,10.93400002
5/18/2026 13:09,1098.598999,78.68000031,13.22500038
5/18/2026 13:14,1085.753052,85.14700317,14.14500046
5/18/2026 13:19,1005.195007,87.65100098,13.47999954
5/18/2026 13:43,543.1409912,75.7519989,6.295000076
5/18/2026 13:48,340.6289978,78.27799988,4.079999924
5/18/2026 13:53,213.4029999,78.9940033,2.578999996
5/18/2026 13:58,166.5050049,82.59899902,2.104000092
5/18/2026 14:03,167.2640076,81.2009964,2.078000069
5/18/2026 14:08,132.1900024,85.30699921,1.725000024
5/18/2026 14:13,121.8290024,81.7440033,1.524000049
5/18/2026 14:18,86.15100098,84.15499878,1.108999968
5/18/2026 14:23,62.43399811,87.37599945,0.834999979
5/18/2026 14:28,52.18299866,93.4980011,0.745999992
5/18/2026 14:33,65.32099915,93.4260025,0.934000015
5/18/2026 14:38,98.48200226,89.52100372,1.348999977
5/18/2026 14:43,177.177002,88.6989975,2.404000044
5/18/2026 14:48,211.0379944,81.04199982,2.617000103
5/18/2026 14:53,235.7100067,87.76999664,3.164999962
5/18/2026 14:58,710.434021,95.93399811,10.42800045
5/18/2026 15:03,495.4060059,113.9660034,8.637999535
5/18/2026 15:08,395.6960144,88.51499939,5.359000206
5/18/2026 15:13,277.1950073,86.56099701,3.671000004
5/18/2026 15:18,432.7219849,128.6779938,8.519000053
5/18/2026 15:23,1074.06897,82.27899933,13.52099991
5/18/2026 15:28,378.3590088,68.20600128,3.947999954
5/18/2026 15:34,284.4960022,88.43199921,3.848999977
5/18/2026 15:39,531.5380249,91.94300079,7.477000237
5/18/2026 15:44,266.8500061,82.69300079,3.375999928
5/18/2026 15:49,252.022995,86.40599823,3.332000017
5/18/2026 15:54,196.2579956,83.14299774,2.496999979
5/18/2026 15:59,118.1230011,74.14099884,1.340000033
5/18/2026 16:04,94.51399994,80.97399902,1.171000004
5/18/2026 16:09,73.81500244,77.16899872,0.871999979
5/18/2026 16:14,40.63499832,71.62000275,0.444999993
5/18/2026 16:19,24.75699997,82.55699921,0.312999994
5/18/2026 16:24,25.96999931,88.76699829,0.352999985
5/18/2026 16:29,38.47499847,78.7990036,0.463999987
5/18/2026 16:34,79.91799927,84.19499969,1.029000044
5/18/2026 16:39,135.7940063,82.74900055,1.718999982
5/18/2026 16:44,148.6029968,81.19300079,1.845999956
5/18/2026 16:49,93.4240036,80.5759964,1.15199995
5/18/2026 16:54,59.2179985,82.04100037,0.742999971
5/18/2026 16:59,50.35900116,77.30799866,0.596000016
5/18/2026 17:04,45.28900146,78.26699829,0.541999996
5/18/2026 17:09,41.57699966,79.20400238,0.504000008
5/18/2026 17:14,56.77299881,89.08599854,0.773999989
5/18/2026 17:19,134.7519989,87.80899811,1.809999943
5/18/2026 17:24,98.8730011,77.6780014,1.174999952
5/18/2026 17:29,51.40100098,78.45700073,0.616999984
5/18/2026 17:34,40.78900146,66.03800201,0.412
5/18/2026 17:39,21.87899971,61.04199982,0.203999996
5/18/2026 17:44,14.29699993,63.45800018,0.138999999
5/18/2026 17:49,12.03899956,62.79499817,0.115999997
5/18/2026 17:54,12.13000011,78.35399628,0.144999996
5/18/2026 17:59,15.31400013,62.87799835,0.147
5/18/2026 18:05,20.49399948,64.81700134,0.202999994
5/18/2026 18:10,26.25600052,72.84600067,0.293000013
5/18/2026 18:15,42.43899918,80.6210022,0.523000002
5/18/2026 18:20,67.10600281,85.34400177,0.875999987
5/18/2026 18:25,74.11499786,78.55500031,0.890999973
5/18/2026 18:30,121.560997,84.09799957,1.56400001
5/18/2026 18:35,133.121994,77.49199677,1.577999949
5/18/2026 18:40,103.9179993,75.85500336,1.20599997
5/18/2026 18:45,79.49299622,71.74700165,0.873000026
5/18/2026 18:50,75.84899902,80.63800049,0.93599999
5/18/2026 18:55,60.99900055,85.48899841,0.797999978
5/18/2026 19:00,54.86899948,84.23200226,0.707000017
5/18/2026 19:05,51.27500153,82.11699677,0.643999994
5/18/2026 19:10,49.02199936,68.02999878,0.50999999
5/18/2026 19:15,57.18600082,79.21800232,0.693000019
5/18/2026 19:20,65.55200195,81.19000244,0.81400001
5/18/2026 19:25,60.36800003,75.53299713,0.698000014
5/18/2026 19:30,52.05699921,70.13600159,0.559000015
5/18/2026 19:35,34.13899994,79.96499634,0.418000013
5/18/2026 19:40,29.24600029,77.55699921,0.347000003
5/18/2026 19:45,46.29299927,69.13899994,0.49000001
5/18/2026 19:50,22.76300049,67.02300262,0.232999995
5/18/2026 19:55,20.05500031,48.18199921,0.148000002
5/18/2026 20:00,18.68099976,62.27600098,0.178000003
5/18/2026 20:05,27.29800034,69.98500061,0.291999996
5/18/2026 20:10,26.95800018,58.38100052,0.240999997
5/18/2026 20:15,18.60300064,71.04199982,0.202000007
5/18/2026 20:20,15.63899994,59.30400085,0.142000005
5/18/2026 20:25,17.31900024,54.59000015,0.144999996
5/18/2026 20:30,20.73399925,50.33399963,0.159999996
5/18/2026 20:35,16.68799973,57.05099869,0.145999998
5/18/2026 20:41,10.86600018,17.09900093,0.028000001
5/18/2026 20:46,7.56799984,0.291000009,0
5/18/2026 20:51,5.952000141,0.375999987,0
5/18/2026 20:56,4.098999977,0.301999986,0
5/18/2026 21:01,2.125999928,0.093999997,0
5/19/2026 5:50,2.125999928,0.093999997,0
5/19/2026 5:56,2.77699995,0.135000005,0
5/19/2026 6:01,4.085000038,0.052999999,0
5/19/2026 6:06,5.664000034,0.187000006,0
5/19/2026 6:11,8.711000443,0.219999999,0
5/19/2026 6:16,11.43500042,0.197999999,0
5/19/2026 6:21,13.26900005,15.09500027,0.030999999
5/19/2026 6:26,16.4640007,32.94200134,0.082999997
5/19/2026 6:31,18.84300041,29.21500015,0.083999999
5/19/2026 6:36,24.41399956,37.6780014,0.141000003
5/19/2026 6:41,32.73400116,40.23199844,0.201000005
5/19/2026 6:46,42.20999908,40.13800049,0.259000003
5/19/2026 6:51,43.14099884,46,0.30399999
5/19/2026 6:56,50.24900055,43.02500153,0.331
5/19/2026 7:01,53.55400085,44.15499878,0.361999989
5/19/2026 7:06,58.96500015,43.5870018,0.393000007
5/19/2026 7:11,59.97900009,46.55599976,0.426999986
5/19/2026 7:16,66.73600006,46.27899933,0.47299999
5/19/2026 7:21,60.59199905,48.55799866,0.449999988
5/19/2026 7:26,70.55999756,44.55199814,0.481000006
5/19/2026 7:31,82.25499725,48.77000046,0.614000022
5/19/2026 7:36,84.28299713,47.49599838,0.611999989
5/19/2026 7:41,59.13100052,54.77700043,0.495999992
5/19/2026 7:46,82.01599884,52.88299942,0.663999975
5/19/2026 7:51,77.88600159,50.62099838,0.602999985
5/19/2026 7:56,96.77300262,53.49499893,0.791999996
5/19/2026 8:01,118.2080002,50.79299927,0.91900003
5/19/2026 8:06,132.4459991,50.4679985,1.023000002
5/19/2026 8:11,166.0019989,47.25299835,1.200000048
5/19/2026 8:16,152.6100006,53.56499863,1.251000047
5/19/2026 8:21,131.3990021,54.69300079,1.100000024
5/19/2026 8:27,130.5740051,54.10200119,1.08099997
5/19/2026 8:32,149.3990021,48.97499847,1.118999958
5/19/2026 8:37,168.2700043,53.97200012,1.389999986
5/19/2026 8:42,247.2550049,37.43299866,1.416000009
5/19/2026 8:47,258.2609863,33.42900085,1.32099998
5/19/2026 8:52,287.1499939,34.44100189,1.513000011
5/19/2026 8:57,273.730011,47.56900024,1.991999984
5/19/2026 9:02,199.5019989,63.07699966,1.924999952
5/19/2026 9:07,252.901001,60.70299911,2.348999977
5/19/2026 9:12,282.0020142,55.20299911,2.381999969
5/19/2026 9:17,330.9549866,49.16500092,2.49000001
5/19/2026 9:22,408.177002,44.87099838,2.802000046
5/19/2026 9:27,375.8150024,58.18000031,3.345000029
5/19/2026 9:32,466.5759888,61.76300049,4.40899992
5/19/2026 9:37,362.2789917,62.90599823,3.486999989
5/19/2026 9:42,481.6140137,51.21500015,3.773999929
5/19/2026 9:47,378.6719971,65.16999817,3.776000023
5/19/2026 9:52,379.1019897,69.32700348,4.020999908
5/19/2026 9:57,380.8890076,67.80500031,3.950999975
5/19/2026 10:02,298.9389954,72.79299927,3.328999996
5/19/2026 10:07,274.269989,74.15499878,3.111999989
5/19/2026 10:12,282.5169983,74.95700073,3.24000001
5/19/2026 10:17,246.3970032,76.7519989,2.892999887
5/19/2026 10:22,254.7250061,76.35299683,2.976000071
5/19/2026 10:27,273.3349915,77.97399902,3.260999918
5/19/2026 10:32,307.4330139,76.79499817,3.611999989
5/19/2026 10:37,256.7170105,78.17900085,3.071000099
5/19/2026 10:42,244.0690002,79.36699677,2.963999987
5/19/2026 10:47,248.0939941,80.08499908,3.039999962
5/19/2026 10:52,276.5270081,76.5039978,3.236999989
5/19/2026 10:58,346.5490112,79.19499969,4.198999882
5/19/2026 11:03,388.7909851,78.98500061,4.697999954
5/19/2026 11:08,420.0429993,78.93299866,5.072999954
5/19/2026 11:13,435.3389893,76.54599762,5.09800005
5/19/2026 11:18,356.7030029,75.91699982,4.143000126
5/19/2026 11:23,471.3299866,80.70899963,5.820000172
5/19/2026 11:28,630.8870239,81.29299927,7.847000122
5/19/2026 11:33,589.9769897,82.34300232,7.433000088
5/19/2026 11:38,646.677002,81.76000214,8.088999748
5/19/2026 11:43,697.5789795,82.63500214,8.819999695
5/19/2026 11:48,694.4940186,82.3769989,8.753000259
5/19/2026 11:53,326.9989929,75.48500061,3.77699995
5/19/2026 11:58,639.4790039,79.69599915,7.796999931
5/19/2026 12:03,761.6820068,81.66000366,9.515999794
5/19/2026 12:08,782.072998,82.68499756,9.894000053
5/19/2026 12:13,603.3369751,81.80000305,7.551000118
5/19/2026 12:18,428.5050049,76.78700256,5.03399992
5/19/2026 12:23,509.6990051,81.25900269,6.336999893
5/19/2026 12:28,586.5280151,79.97799683,7.177000046
5/19/2026 12:33,673.4349976,80.80000305,8.324999809
5/19/2026 12:38,582.1849976,85.52799988,7.618000031
5/19/2026 12:43,533.059021,75.70800018,6.175000191
5/19/2026 12:48,755.1569824,85.42500305,9.869999886
5/19/2026 12:53,875.1680298,83.62400055,11.19699955
5/19/2026 12:58,452.4500122,76.43800354,5.290999889
5/19/2026 13:03,564.5579834,84.50700378,7.300000191
5/19/2026 13:08,553.4450073,77.92900085,6.598999977
5/19/2026 13:13,496.6419983,83.15399933,6.318999767
5/19/2026 13:18,558.5440063,79.99900055,6.836999893
5/19/2026 13:23,467.2070007,76.30500031,5.453999996
5/19/2026 13:47,284.9630127,83.3769989,3.63499999
5/19/2026 13:52,233.1580048,84.70700073,3.022000074
5/19/2026 13:57,199.9909973,82.93399811,2.538000107
5/19/2026 14:02,153.6410065,81.96499634,1.927000046
5/19/2026 14:07,126.0210037,87.73100281,1.692000031
5/19/2026 14:12,110.677002,87.65299988,1.483999968
5/19/2026 14:17,107.7870026,87.95999908,1.450999975
5/19/2026 14:22,113.6569977,89.89199829,1.562999964
5/19/2026 14:27,125.3389969,87.45500183,1.677000046
5/19/2026 14:32,147.1289978,85.6190033,1.927000046
5/19/2026 14:37,180.0890045,85.01499939,2.342000008
5/19/2026 14:42,196.5670013,82.19300079,2.471999884
5/19/2026 14:48,194.7839966,89.53700256,2.667999983
5/19/2026 14:53,264.1530151,85.64299774,3.460999966
5/19/2026 14:58,465.0289917,84.68599701,6.025000095
5/19/2026 15:03,649.9249878,85.98400116,8.550000191
5/19/2026 15:08,540.9920044,84.64800262,7.006000042
5/19/2026 15:13,573.3359985,85.27300262,7.480000019
5/19/2026 15:18,506.6069946,82.92199707,6.427000046
5/19/2026 15:23,507.6409912,81.87400055,6.359000206
5/19/2026 15:28,407.3619995,87.80599976,5.47300005
5/19/2026 15:33,315.7170105,78.91799927,3.812000036
5/19/2026 15:38,261.9909973,77.44400024,3.104000092
5/19/2026 15:43,236.2799988,75.9489975,2.746000051
5/19/2026 15:48,213.720993,76.13999939,2.49000001
5/19/2026 15:53,204.8869934,76.51399994,2.398999929
5/19/2026 15:58,183.6159973,75.48799896,2.121000051
5/19/2026 16:03,167.2799988,76.68199921,1.963000059
5/19/2026 16:08,196.4750061,77.35199738,2.325000048
5/19/2026 16:13,200.5149994,79.02300262,2.424000025
5/19/2026 16:18,215.5500031,77.34799957,2.551000118
5/19/2026 16:23,195.7599945,72.95200348,2.184999943
5/19/2026 16:28,178.4019928,72.63899994,1.98300004
5/19/2026 16:33,159.7440033,75.54000092,1.845999956
5/19/2026 16:38,162.7680054,75.12799835,1.871000051
5/19/2026 17:01,190.8820038,73.49299622,2.145999908
5/19/2026 17:06,189.4609985,75.00499725,2.174000025
5/19/2026 17:11,211.6660004,71.93900299,2.329999924
5/19/2026 17:16,258.8619995,77.20200348,3.058000088
5/19/2026 17:22,255.9219971,77.16000366,3.020999908
5/19/2026 17:27,220.427002,76.1269989,2.566999912
5/19/2026 17:32,225.0809937,76.56500244,2.637000084
5/19/2026 17:37,442.7359924,77.69999695,5.263000011
5/19/2026 17:42,346.5050049,57.34999847,3.039999962
5/19/2026 17:47,304.3919983,92.77799988,4.321000099
5/19/2026 17:52,194.0980072,80.52899933,2.391000032
5/19/2026 17:58,156.0910034,76.48200226,1.827000022
5/19/2026 18:03,143.3439941,74.19000244,1.626999974
5/19/2026 18:08,154.4140015,71.1309967,1.679999948
5/19/2026 18:16,163.9859924,73.97399902,1.855999947
5/19/2026 18:21,128.3730011,69.62999725,1.368000031
5/19/2026 18:26,121.5220032,74.96600342,1.394000053
5/19/2026 18:31,116.6009979,73.98899841,1.320000052
5/19/2026 18:36,94.78600311,70.98300171,1.029000044
5/19/2026 18:41,89.75099945,67.16899872,0.921999991
5/19/2026 18:46,96.02500153,65.58200073,0.963999987
5/19/2026 18:51,92.10299683,69.89700317,0.985000014
5/19/2026 18:56,76.98999786,69.0039978,0.813000023
5/19/2026 19:01,73.58899689,65.72699738,0.74000001
5/19/2026 19:06,56.75400162,55.63299942,0.48300001
5/19/2026 19:12,78.01799774,71.54000092,0.853999972
5/19/2026 19:17,76.15100098,70.45200348,0.82099998
5/19/2026 19:22,61.99300003,66.39600372,0.629999995
5/19/2026 19:27,49.09700012,64.77999878,0.486999989
5/19/2026 19:32,44.25799942,65.3010025,0.442000002
5/19/2026 19:37,39.4469986,68.43699646,0.412999988
5/19/2026 19:42,33.7140007,57.70299911,0.298000008
5/19/2026 19:47,38.08499908,62.93899918,0.367000014
5/19/2026 19:52,38.92300034,60.53099823,0.360000014
5/19/2026 19:57,39.31700134,56.45399857,0.340000004
5/19/2026 20:02,36.20100021,64.58699799,0.35800001
5/19/2026 20:07,33.17300034,69.92199707,0.354999989
5/19/2026 20:12,30.82099915,64.90100098,0.305999994
5/19/2026 20:17,28.2310009,59.73500061,0.257999986
5/19/2026 20:22,25.08799934,66.87400055,0.256999999
5/19/2026 20:27,21.36800003,67.18499756,0.219999999
5/19/2026 20:32,16.93300056,43.63399887,0.112999998
5/19/2026 20:37,13.34200001,63.36700058,0.128999993
5/19/2026 20:42,10.98700047,15.88199997,0.027000001
5/19/2026 20:47,8.494000435,0.326000005,0
5/19/2026 20:52,5.550000191,0.310000002,0
5/19/2026 20:57,3.325999975,0.294999987,0
5/19/2026 21:02,1.677999973,0.206,0
5/20/2026 5:50,1.677999973,0.206,0
5/20/2026 5:55,2.438999891,-0.017000001,0
5/20/2026 6:00,4.527999878,0.172000006,0
5/20/2026 6:05,7.085999966,0.270999998,0
5/20/2026 6:10,7.407999992,0.211999997,0
5/20/2026 6:15,11.04699993,0.229000002,0
5/20/2026 6:20,13.31200027,25.78300095,0.052999999
5/20/2026 6:25,20.01099968,37.17200089,0.114
5/20/2026 6:30,22.4090004,37.97700119,0.129999995
5/20/2026 6:35,25.87899971,36.92900085,0.145999998
5/20/2026 6:40,32.86899948,41.45700073,0.208000004
5/20/2026 6:45,40.70199966,39.67900085,0.246999994
5/20/2026 6:50,46.22600174,42.83000183,0.303000003
5/20/2026 6:55,46.74700165,46.82300186,0.335000008
5/20/2026 7:00,51.84500122,46.1230011,0.365999997
5/20/2026 7:05,62.42300034,51.38700104,0.490999997
5/20/2026 7:10,70.86399841,49.77299881,0.540000021
5/20/2026 7:15,75.31400299,49.54700089,0.57099998
5/20/2026 7:20,87.14499664,49.73799896,0.662999988
5/20/2026 7:25,90.77300262,48.63800049,0.675000012
5/20/2026 7:30,91.0490036,47.13800049,0.657000005
5/20/2026 7:35,98.14199829,43.82699966,0.657999992
5/20/2026 7:40,116.1600037,37.33399963,0.663999975
5/20/2026 7:45,144.9600067,32.49499893,0.721000016
5/20/2026 7:51,145.529007,37.98500061,0.846000016
5/20/2026 7:56,238.7290039,27.54400063,1.006000042
5/20/2026 8:01,186.3150024,37.95399857,1.082000017
5/20/2026 8:06,166.9689941,43.17100143,1.103000045
5/20/2026 8:11,159.0789948,45.86800003,1.116000056
5/20/2026 8:16,147.8419952,49.47200012,1.118999958
5/20/2026 8:21,181.5039978,45.52000046,1.264000058
5/20/2026 8:26,300.3429871,30.24699974,1.389999986
5/20/2026 8:31,276.7860107,37.17599869,1.574000001
5/20/2026 8:36,311.0740051,46.15399933,2.197000027
5/20/2026 8:41,319.006012,36.29700089,1.771999955
5/20/2026 8:46,266.875,42.98199844,1.754999995
5/20/2026 8:51,264.8320007,42.07699966,1.705000043
5/20/2026 8:56,404.8710022,28.93300056,1.792000055
5/20/2026 9:01,379.2430115,32.08300018,1.861999989
5/20/2026 9:06,467.8169861,28.70499992,2.055000067
5/20/2026 9:11,580.289978,22.94499969,2.036999941
5/20/2026 9:16,636.3770142,25.20800018,2.453999996
5/20/2026 9:21,493.131012,33.70199966,2.542999983
5/20/2026 9:26,464.5740051,38.4090004,2.730000019
5/20/2026 9:31,447.8510132,46.80400085,3.207000017
5/20/2026 9:36,386.9849854,61.84700012,3.661999941
5/20/2026 9:41,379.9339905,57.1629982,3.322999954
5/20/2026 9:46,351.4580078,62.18299866,3.344000101
5/20/2026 9:51,312.1229858,71.21399689,3.401000023
5/20/2026 9:56,333.946991,74.15499878,3.789000034
5/20/2026 10:01,485.6690063,47.06000137,3.496999979
5/20/2026 10:06,659.4719849,45.78499985,4.619999886
5/20/2026 10:11,631.1199951,67.12000275,6.480999947
5/20/2026 10:16,288.5899963,75.43099976,3.33100009
5/20/2026 10:22,324.3999939,71.43199921,3.545000076
5/20/2026 10:27,573.4990234,54.82799911,4.81099987
5/20/2026 10:32,216.2259979,78.57900238,2.599999905
5/20/2026 10:37,323.730011,76.20700073,3.775000095
5/20/2026 10:42,886.8569946,85.97499847,11.66600037
5/20/2026 10:47,827.5859985,94.95300293,12.02299976
5/20/2026 10:52,1008.382019,83.15899658,12.82999992
5/20/2026 10:57,423.57901,73.45800018,4.761000156
5/20/2026 11:02,412.0620117,65.21900177,4.111999989
5/20/2026 11:07,574.5280151,97.05799866,8.531999588
5/20/2026 11:12,947.2800293,84.3789978,12.22900009
5/20/2026 11:17,937.1469727,85.73799896,12.29300022
5/20/2026 11:22,969.7990112,85.2559967,12.64999962
5/20/2026 11:27,1042.103027,78.48600006,12.51399994
5/20/2026 11:32,550.8909912,106.961998,9.015000343
5/20/2026 11:37,1180.840942,70.88700104,12.80700016
5/20/2026 11:42,1115.197998,79.03199768,13.48499966
5/20/2026 11:47,490.7470093,80.9489975,6.078000069
5/20/2026 11:52,470.4089966,79.03099823,5.688000202
5/20/2026 11:57,1150.491943,74.79699707,13.16600037
5/20/2026 12:02,574.2990112,116.6809998,10.25199986
5/20/2026 12:07,467.0379944,73.09799957,5.22300005
5/20/2026 12:12,435.7600098,72.05000305,4.803999901
5/20/2026 12:17,497.6340027,78.09600067,5.946000099
5/20/2026 12:22,540.59198,71.2440033,5.893000126
5/20/2026 12:27,799.1669922,37.38399887,4.571000099
5/20/2026 12:32,1235.833008,78.90000153,14.91899967
5/20/2026 12:37,411.7709961,79.08100128,4.981999874
5/20/2026 12:42,451.3280029,77.23200226,5.333000183
5/20/2026 12:47,935.5410156,37.17300034,5.321000099
5/20/2026 12:53,1222.999023,79.34100342,14.84599972
5/20/2026 12:58,1274.630981,80.14800262,15.63000011
5/20/2026 13:03,477.5629883,71.09799957,5.195000172
5/20/2026 13:08,572.6400146,92.88800049,8.137999535
5/20/2026 13:13,1185.104004,82.83999634,15.02099991
5/20/2026 13:18,1107.720947,82.57700348,13.99499989
5/20/2026 13:23,1139.264038,81.08000183,14.13300037
5/20/2026 13:46,292.92099,87.10700226,3.904000044
5/20/2026 13:51,282.5230103,82.6190033,3.571000099
5/20/2026 13:56,1127.704956,88.8710022,15.33399963
5/20/2026 14:02,1107.227051,85.60199738,14.5010004
5/20/2026 14:07,1164.312988,86.27600098,15.36900043
5/20/2026 14:12,1141.151978,82.83399963,14.4630003
5/20/2026 14:17,1155.102051,81.12400055,14.33699989
5/20/2026 14:22,263.605011,78.14199829,3.15199995
5/20/2026 14:27,1182.438965,77.64099884,14.04599953
5/20/2026 14:32,209.5279999,78.24900055,2.509000063
5/20/2026 14:37,237.451004,67.37599945,2.447999954
5/20/2026 14:42,711.8790283,20.40999985,2.22300005
5/20/2026 14:43,262.7179871,84.11599731,3.381000042
5/20/2026 17:50,414.5939941,3.730999947,0.237000003
5/20/2026 17:55,395.2820129,48.68500137,2.944000006
5/20/2026 18:00,380.5509949,51.48500061,2.997999907
5/20/2026 18:05,66.18099976,221.1920013,2.24000001
5/20/2026 18:10,65.67299652,68.09899902,0.684000015
5/20/2026 18:15,68.59400177,68.71800232,0.721000016
5/20/2026 18:20,66.73799896,69.83999634,0.713
5/20/2026 18:25,61.66600037,70.22899628,0.662999988
5/20/2026 18:30,57.56600189,72.91500092,0.64200002
5/20/2026 18:35,53.37799835,75.90299988,0.620000005
5/20/2026 18:40,53.02899933,72.95200348,0.592000008
5/20/2026 18:44,53.26399994,78.41000366,0.638999999
5/20/2026 18:49,49.55899811,77.86799622,0.589999974
5/20/2026 18:54,50.10100174,79.02700043,0.606000006
5/20/2026 18:59,52.63299942,76.59400177,0.616999984
5/20/2026 19:04,50.80500031,76.93000031,0.59799999
5/20/2026 19:09,47.84500122,80.0759964,0.586000025
5/20/2026 19:14,50.52299881,75.63800049,0.584999979
5/20/2026 19:19,43.99300003,81.29399872,0.546999991
5/20/2026 19:24,42.97600174,79.95500183,0.526000023
5/20/2026 19:29,41.26399994,83.79299927,0.528999984
5/20/2026 19:34,39.33499908,82.05599976,0.493999988
5/20/2026 19:39,36.69499969,87.05200195,0.488999993
5/20/2026 19:44,35.46500015,86.51999664,0.469000012
5/20/2026 19:49,33.49499893,85.65599823,0.43900001
5/20/2026 19:54,32.22200012,77.77100372,0.382999986
5/20/2026 19:59,30.39500046,80.25700378,0.372999996
5/20/2026 20:04,25.0739994,92.14900208,0.354000002
5/20/2026 20:09,23.15699959,88.11499786,0.312000006
5/20/2026 20:14,22.75399971,89.52799988,0.312000006
5/20/2026 20:19,20.53899956,88.17700195,0.27700001
5/20/2026 20:24,18.34300041,90.75,0.254999995
5/20/2026 20:29,16.5189991,92.58300018,0.233999997
5/20/2026 20:34,13.76900005,100.2040024,0.210999995
5/20/2026 20:39,11.3739996,92.90499878,0.162
5/20/2026 20:44,9.668999672,82.84600067,0.123000003
5/20/2026 20:49,7.104000092,17.52799988,0.018999999
5/20/2026 20:54,5.199999809,0.421000004,0
5/20/2026 20:59,3.565999985,0.453999996,0
5/20/2026 21:04,1.978999972,0.254000008,0
5/21/2026 5:53,1.978999972,0.254000008,0
5/21/2026 5:58,5.889999866,0.25,0
5/21/2026 6:03,8.194000244,0.328999996,0
5/21/2026 6:08,10.27700043,24.33200073,0.037999999
5/21/2026 6:13,12.35700035,51.60100174,0.097999997
5/21/2026 6:18,14.875,42.13600159,0.096000001
5/21/2026 6:23,17.85400009,46.49399948,0.127000004
5/21/2026 6:28,20.54899979,54.47200012,0.171000004
5/21/2026 6:33,25.06999969,51.98699951,0.199000001
5/21/2026 6:38,27.77599907,52.49200058,0.223000005
5/21/2026 6:43,30.64900017,52.64699936,0.246999994
5/21/2026 6:48,33.64599991,51.16400146,0.263000011
5/21/2026 6:53,36.45899963,53.56399918,0.298999995
5/21/2026 6:58,39.22100067,49.52500153,0.296999991
5/21/2026 7:03,42.94599915,49.1609993,0.323000014
5/21/2026 7:08,45.69400024,51.40499878,0.358999997
5/21/2026 7:13,46.88000107,51.00099945,0.365999997
5/21/2026 7:18,48.65100098,53.00500107,0.395000011
5/21/2026 7:23,53.27299881,52.24100113,0.425999999
5/21/2026 7:28,55.52700043,53.55400085,0.455000013
5/21/2026 7:33,59.89500046,49.4070015,0.453000009
5/21/2026 7:38,167.8930054,18.94000053,0.486999989
5/21/2026 7:43,190.2830048,18.69599915,0.54400003
5/21/2026 7:48,186.022995,19.14599991,0.545000017
5/21/2026 7:53,215.9790039,16.86000061,0.556999981
5/21/2026 7:58,220.5529938,17.70700073,0.59799999
5/21/2026 8:03,240.8959961,16.76499939,0.617999971
5/21/2026 8:08,270.0409851,15.26599979,0.630999982
5/21/2026 8:13,281.3670044,15.38599968,0.662
5/21/2026 8:18,302.3980103,15.14599991,0.700999975
5/21/2026 8:23,326.6149902,13.72500038,0.68599999
5/21/2026 8:28,346.618988,35.10200119,1.861999989
5/21/2026 8:33,331.8770142,29.22800064,1.483999968
5/21/2026 8:38,357.6229858,22.19400024,1.213999987
5/21/2026 8:43,367.2269897,14.94400024,0.839999974
5/21/2026 8:48,373.3120117,15.93999958,0.910000026
5/21/2026 8:53,385.5039978,15.79899979,0.931999981
5/21/2026 8:58,435.894989,15.3409996,1.023000002
5/21/2026 9:03,454.7059937,15.02499962,1.044999957
5/21/2026 9:08,480.151001,15.53800011,1.141000032
5/21/2026 9:13,495.1749878,15.77099991,1.195000052
5/21/2026 9:18,486.178009,16.43300056,1.222000003
5/21/2026 9:23,486.4710083,17.27700043,1.286000013
5/21/2026 9:28,506.9370117,19.94799995,1.547000051
5/21/2026 9:31,557.9890137,19.42000008,1.657999992
5/21/2026 9:37,566.1489868,41.94800186,3.634000063
5/21/2026 9:42,558.6329956,24.0189991,2.052999973
5/21/2026 9:47,643.4509888,19.91399956,1.960999966
5/21/2026 10:00,677.34198,19.4470005,2.015000105
5/21/2026 10:04,693.6339722,18.44799995,1.957999945
5/21/2026 10:05,696.3220215,19.11599922,2.036999941
5/21/2026 10:21,651.7600098,79.90100098,7.967999935
5/21/2026 10:21,668.7089844,76.87799835,7.866000175
5/21/2026 10:21,690.9869995,77.05699921,8.147000313
5/21/2026 10:26,724.7310181,80.28500366,8.902000427
5/21/2026 10:31,733.9520264,80.59500122,9.050000191
5/21/2026 10:36,724.3569946,81.68199921,9.052000046
5/21/2026 10:41,772.6829834,81.37200165,9.619999886
5/21/2026 10:46,768.5100098,83.57900238,9.826999664
5/21/2026 10:52,823.9730225,82.43099976,10.3920002
5/21/2026 10:57,843.2730103,81.35600281,10.49699974
5/21/2026 11:02,899.0579834,80.9940033,11.14099979
5/21/2026 11:07,865.8880005,78.33899689,10.37800026
5/21/2026 11:12,886.742981,80.8769989,10.97299957
5/21/2026 11:17,925.4329834,80.02600098,11.33100033
5/21/2026 11:22,844.3469849,79.71499634,10.29800034
5/21/2026 11:27,927.3330078,80.26499939,11.38799953
5/21/2026 11:32,922.2030029,79.96600342,11.28299999
5/21/2026 11:37,921.0700073,73.08100128,10.29899979
5/21/2026 11:42,917.348999,80.65799713,11.3210001
5/21/2026 11:47,967.84198,78.09100342,11.56400013
5/21/2026 11:52,967.4400024,77.86299896,11.52499962
5/21/2026 11:57,1025.588989,76.97200012,12.07800007
5/21/2026 12:02,1062.68396,76.51899719,12.44099998
5/21/2026 12:07,915.242981,82.16400146,11.50599957
5/21/2026 12:12,979.1729736,78.9980011,11.83500004
5/21/2026 12:17,1014.281006,78.69999695,12.2130003
5/21/2026 12:22,1036.18103,81.53099823,12.92599964
5/21/2026 12:27,1035.477051,81.32800293,12.88500023
5/21/2026 12:32,1063.172974,81.68099976,13.2869997
5/21/2026 12:37,984.5369873,81.37200165,12.25699997
5/21/2026 12:42,1025.866943,81.79799652,12.83899975
5/21/2026 12:47,995.617981,81.76100159,12.45499992
5/21/2026 12:52,1038.619019,82.2480011,13.06999969
5/21/2026 12:57,1056.612061,79.8010025,12.90100002
5/21/2026 13:02,1026.771973,80.34200287,12.62100029
5/21/2026 13:07,1071.064941,78.88400269,12.92700005
5/21/2026 13:12,1058.001953,80.40000153,13.01500034
5/21/2026 13:17,1065.755005,81.62599945,13.31000042
5/21/2026 13:23,923.6500244,84.64600372,11.96199989
5/21/2026 13:46,937.2789917,82.42700195,11.81999969
5/21/2026 13:51,1061.339966,87.03299713,14.13300037
5/21/2026 13:56,1014.953003,82.6760025,12.83899975
5/21/2026 14:01,980.4660034,83.72599792,12.56000042
5/21/2026 14:06,1030.209961,80.45600128,12.68200016
5/21/2026 14:11,1060.89502,80.3239975,13.03800011
5/21/2026 14:16,1026.750977,77.80899811,12.22299957
5/21/2026 14:21,1020.086975,78.79699707,12.29800034
5/21/2026 14:26,1011.614014,77.43800354,11.98600006
5/21/2026 14:32,988.9349976,80.48899841,12.1789999
5/21/2026 14:37,1028.407959,80.42500305,12.65499973
5/21/2026 14:42,968.5709839,81.93099976,12.1420002
5/21/2026 14:47,960.0230103,79.29199982,11.64700031
5/21/2026 14:52,989.7260132,77.0739975,11.67099953
5/21/2026 14:57,977.8029785,76.71199799,11.47599983
5/21/2026 15:02,985.0349731,75.8730011,11.43500042
5/21/2026 15:07,956.7789917,75.72699738,11.08500004
5/21/2026 15:12,891.9019775,74.71499634,10.1960001
5/21/2026 15:17,945.7579956,76.03399658,11.00199986
5/21/2026 15:22,908.5209961,75.52600098,10.49800014
5/21/2026 15:27,910.815979,74.58799744,10.39400005
5/21/2026 15:32,832.4689941,74.25299835,9.456999779
5/21/2026 15:37,761.9860229,70.87200165,8.262999535
5/21/2026 15:42,796.4459839,73.47499847,8.953000069
5/21/2026 15:47,829.8909912,75.06199646,9.531000137
5/21/2026 15:52,737.2020264,73.05400085,8.239999771
5/21/2026 15:57,657.0969849,74.77400208,7.518000126
5/21/2026 16:02,458.0589905,74.41200256,5.215000153
5/21/2026 16:07,452.0069885,75.86799622,5.247000217
5/21/2026 16:12,556.5139771,75.08100128,6.393000126
5/21/2026 16:17,689.440979,72.90699768,7.690999985
5/21/2026 16:22,581.0059814,74.53299713,6.625
5/21/2026 16:27,726.5529785,72.81300354,8.093999863
5/21/2026 16:32,763.559021,69.48300171,8.116999626
5/21/2026 16:37,739.4069824,71.00499725,8.032999992
5/21/2026 16:42,709.3939819,73.20500183,7.945000172
5/21/2026 16:47,669.3989868,72.72299957,7.447999954
5/21/2026 16:52,643.559021,73.6289978,7.25
5/21/2026 16:57,635.3969727,71.29000092,6.929999828
5/21/2026 17:03,581.7119751,72.74199677,6.473999977
5/21/2026 17:08,629.3920288,72.4940033,6.980999947
5/21/2026 17:13,567.1610107,70.26300049,6.097000122
5/21/2026 17:18,493.7030029,73.81199646,5.576000214
5/21/2026 17:23,543.78302,71.34200287,5.93599987
5/21/2026 17:28,425.5440063,70.72899628,4.605000019
5/21/2026 17:33,512.4869995,70.27799988,5.511000156
5/21/2026 17:38,490.7890015,70.32700348,5.281000137
5/21/2026 17:43,424.5369873,72.52300262,4.710999966
5/21/2026 17:48,456.2969971,68.01300049,4.748000145
5/21/2026 17:53,429.572998,65.46099854,4.302000046
5/21/2026 17:58,427.6910095,67.52999878,4.419000149
5/21/2026 18:03,157.6000061,163.4909973,3.941999912
5/21/2026 18:08,87.53800201,70.78800201,0.948000014
5/21/2026 18:13,83.73300171,75.39399719,0.966000021
5/21/2026 18:18,79.72100067,78.25,0.953999996
5/21/2026 18:23,76.3789978,74.88400269,0.875
5/21/2026 18:28,72.97599792,77.46600342,0.86500001
5/21/2026 18:33,68.83200073,76.06199646,0.800999999
5/21/2026 18:38,67.4240036,76.7519989,0.791999996
5/21/2026 18:43,67.46299744,79.45899963,0.819999993
5/21/2026 18:48,61.90599823,78.28500366,0.740999997
5/21/2026 18:53,56.03699875,76.74700165,0.657999992
5/21/2026 18:58,50.58499908,78.13500214,0.605000019
5/21/2026 19:03,50.52299881,80.21499634,0.620000005
5/21/2026 19:08,50.11899948,78.0059967,0.59799999
5/21/2026 19:13,46.37900162,77.90399933,0.552999973
5/21/2026 19:18,45.56600189,81.21800232,0.565999985
5/21/2026 19:23,46.97100067,74.00299835,0.532000005
5/21/2026 19:28,46.72499847,76.44400024,0.546000004
5/21/2026 19:34,44.99000168,73.34600067,0.504999995
5/21/2026 19:39,42.44300079,77.77400208,0.504999995
5/21/2026 19:44,40.88700104,80.91500092,0.505999982
5/21/2026 19:49,37.9469986,77.03299713,0.446999997
5/21/2026 19:54,36.0320015,79.25099945,0.437000006
5/21/2026 19:59,34.6969986,77.14600372,0.409999996
5/21/2026 20:04,32.04800034,83.45600128,0.409000009
5/21/2026 20:09,27.54700089,85.33000183,0.360000014
5/21/2026 20:14,25.30500031,87.59400177,0.338999987
5/21/2026 20:19,23.50600052,89.14299774,0.32100001
5/21/2026 20:24,22.50300026,87.70300293,0.301999986
5/21/2026 20:29,21.66200066,79.80400085,0.263999999
5/21/2026 20:34,19.46299934,75.34600067,0.224000007
5/21/2026 20:39,16.15099907,79.8219986,0.196999997
5/21/2026 20:44,13.43999958,80.91600037,0.165999994
5/21/2026 20:49,10.84300041,68.80899811,0.114
5/21/2026 20:54,8.06400013,6.418000221,0.008
5/21/2026 20:59,5.59499979,0.316000015,0
5/21/2026 21:04,3.661999941,0.266000003,0
5/22/2026 5:52,3.661999941,0.266000003,0
5/22/2026 5:57,5.367000103,0.310000002,0
5/22/2026 6:02,7.789999962,0.294,0
5/22/2026 6:07,10.05599976,19.52700043,0.029999999
5/22/2026 6:12,12.42300034,38.8370018,0.074000001
5/22/2026 6:17,14.87800026,44.9679985,0.101999998
5/22/2026 6:22,17.29400063,51.37400055,0.136000007
5/22/2026 6:27,19.79899979,49.6269989,0.150000006
5/22/2026 6:32,22.92300034,52.65100098,0.185000002
5/22/2026 6:37,24.63999939,53.59400177,0.202000007
5/22/2026 6:42,26.84300041,52.01100159,0.214000002
5/22/2026 6:47,28.82099915,55.35200119,0.244000003
5/22/2026 6:52,30.50300026,54.76599884,0.256000012
5/22/2026 6:58,32.43000031,58.01699829,0.287999988
5/22/2026 7:03,33.94100189,58.79499817,0.305000007
5/22/2026 7:08,35.63899994,61.88100052,0.337000012
5/22/2026 7:13,37.45600128,53.68899918,0.307999998
5/22/2026 7:18,38.9280014,57.43299866,0.342000008
5/22/2026 7:23,40.48199844,56.06200027,0.347000003
5/22/2026 7:28,41.97900009,55.60800171,0.356999993
5/22/2026 7:33,43.45399857,57.61399841,0.382999986
5/22/2026 7:38,153.8930054,17.28899956,0.407000005
5/22/2026 7:43,189.7709961,15.2159996,0.442000002
5/22/2026 7:48,208.1300049,14.05700016,0.448000014
5/22/2026 7:53,224.0549927,13.71700001,0.469999999
5/22/2026 7:58,244.128006,13.62100029,0.509000003
5/22/2026 8:03,262.3089905,11.94799995,0.479999989
5/22/2026 8:08,281.7579956,11.52600002,0.497000009
5/22/2026 8:13,299.2049866,11.70100021,0.536000013
5/22/2026 8:18,316.9030151,11.10499954,0.537999988
5/22/2026 8:23,335.1380005,10.8760004,0.558000028
5/22/2026 8:28,353.2049866,27.96199989,1.511000037
5/22/2026 8:33,372.3059998,38.30699921,2.181999922
5/22/2026 8:38,391.4509888,17.97900009,1.077000022
5/22/2026 8:43,411.0329895,10.61600018,0.667999983
5/22/2026 8:48,430.3770142,10.54800034,0.694999993
5/22/2026 8:53,452.4020081,9.987000465,0.690999985
5/22/2026 8:58,470.7890015,10.09300041,0.726999998
5/22/2026 9:03,488.0299988,9.963999748,0.744000018
5/22/2026 9:08,507.6300049,9.807999611,0.762000024
5/22/2026 9:13,527.5930176,10.0909996,0.814999998
5/22/2026 9:18,543.3759766,9.994000435,0.83099997
5/22/2026 9:23,563.6550293,9.659999847,0.833000004
5/22/2026 9:28,581.4470215,9.777000427,0.870000005
5/22/2026 9:34,599.9660034,10.21500015,0.938000023
5/22/2026 9:39,616.8369751,34.76200104,3.280999899
5/22/2026 9:44,638.6149902,14.94699955,1.460000038
5/22/2026 9:49,652.3309937,10.00699997,0.999000013
5/22/2026 9:54,672.8070068,35.43799973,3.648000002
5/22/2026 9:59,688.6489868,26.20400047,2.760999918
5/22/2026 10:04,706.3179932,9.663000107,1.04400003
5/22/2026 10:09,722.9509888,10.83399963,1.197999954
5/22/2026 10:14,741.2589722,30.55699921,3.46600008
5/22/2026 10:19,758.5490112,77.61299896,9.008000374
5/22/2026 10:24,777.3300171,82.17500305,9.772999763
5/22/2026 10:29,792.3270264,81.99199677,9.93999958
5/22/2026 10:34,807.8720093,81.95700073,10.13000011
5/22/2026 10:39,823.4290161,81.05999756,10.21199989
5/22/2026 10:44,837.8740234,81.17299652,10.40600014
5/22/2026 11:03,892.0230103,78.30500031,10.68700027
5/22/2026 11:08,906.9169922,77.65599823,10.77499962
5/22/2026 11:13,918.9190063,78.44799805,11.02900028
5/22/2026 11:18,931.0079956,77.41200256,11.02700043
5/22/2026 11:23,941.7780151,76.06900024,10.96100044
5/22/2026 11:28,955.2479858,75.58799744,11.04699993
5/22/2026 11:33,965.3510132,75.31300354,11.1239996
5/22/2026 11:38,976.7589722,75.61000061,11.29899979
5/22/2026 11:43,987.0009766,75.39600372,11.38599968
5/22/2026 11:48,997.2780151,74.59400177,11.38199997
5/22/2026 11:53,1007.284973,74.47299957,11.47700024
5/22/2026 11:58,1017.362,73.56800079,11.45100021
5/22/2026 12:03,1021.25,73.58399963,11.49800014
5/22/2026 12:08,1029.447021,73.55799866,11.58600044
5/22/2026 12:13,1029.671021,75.39399719,11.87800026
5/22/2026 12:18,1040.797974,75.4280014,12.01099968
5/22/2026 12:23,1040.633057,75.44100189,12.01099968
5/22/2026 12:28,1049.439941,75.11299896,12.06099987
5/22/2026 12:33,1053.598022,75.46800232,12.16499996
5/22/2026 12:38,1047.46106,76.14700317,12.20300007
5/22/2026 12:43,1048.875977,76.97200012,12.35200024
5/22/2026 12:48,1053.896973,76.94599915,12.40699959
5/22/2026 12:53,1052.177979,76.57499695,12.32699966
5/22/2026 12:58,1052.956055,76.87400055,12.38500023
5/22/2026 13:03,1047.150024,77.88800049,12.47900009
5/22/2026 13:08,1051.915039,76.54699707,12.31999969
5/22/2026 13:13,1052.281006,76,12.23600006
5/22/2026 13:18,1050.649048,75.83100128,12.18999958
5/22/2026 13:23,1054.359009,75.89600372,12.24300003
5/22/2026 13:47,1040.23999,81.61000061,12.98900032
5/22/2026 13:52,1024.107056,82.45400238,12.92000008
5/22/2026 13:57,1032.116943,79.28800201,12.52099991
5/22/2026 14:02,1007.59198,77.7559967,11.98700047
5/22/2026 14:07,1012.424988,76.83200073,11.90100002
5/22/2026 14:12,988.1350098,78.78800201,11.9119997
5/22/2026 14:17,1003.143005,76.61499786,11.75899982
5/22/2026 14:22,1011.072021,76.44200134,11.82499981
5/22/2026 14:27,991.257019,76.09100342,11.53999996
5/22/2026 14:32,995.3259888,76.72599792,11.68400002
5/22/2026 14:37,992.2650146,75.98200226,11.53499985
5/22/2026 14:42,944.3930054,74.96399689,10.83199978
5/22/2026 14:48,966.0050049,74.98100281,11.08199978
5/22/2026 14:53,953.3099976,75.64299774,11.03299999
5/22/2026 14:58,917.8629761,74.5019989,10.4630003
5/22/2026 15:03,879.8510132,74.59500122,10.04199982
5/22/2026 15:08,913.6530151,75.19999695,10.51200008
5/22/2026 15:13,903.7420044,75.54699707,10.4460001
5/22/2026 15:18,922.5980225,75.06800079,10.59599972
5/22/2026 15:23,870.1170044,75.44999695,10.04500008
5/22/2026 15:28,857.992981,76.58599854,10.0539999
5/22/2026 15:33,786.1420288,76.92900085,9.253000259
5/22/2026 15:38,855.6380005,74.30699921,9.727999687
5/22/2026 15:43,840.4000244,69.05400085,8.87899971
5/22/2026 15:48,857.2369995,72.58100128,9.520000458
5/22/2026 15:53,837.1220093,72.28600311,9.258000374
5/22/2026 15:58,817.2849731,72.02700043,9.006999969
5/22/2026 16:03,813.1729736,71.41200256,8.885000229
5/22/2026 16:08,753.6389771,71.75299835,8.274000168
5/22/2026 16:13,668.5670166,73.40899658,7.508999825
5/22/2026 16:18,765.5089722,70.95500183,8.31000042
5/22/2026 16:23,742.5579834,71.6989975,8.145999908
5/22/2026 16:28,697.2750244,72.53399658,7.737999916
5/22/2026 16:33,691.5540161,70.96900177,7.508999825
5/22/2026 16:38,606.4959717,72.05400085,6.68599987
5/22/2026 16:43,627.5410156,73.02700043,7.012000084
5/22/2026 16:48,507.7070007,74.79399872,5.809999943
5/22/2026 16:53,590.598999,68.67500305,6.205999851
5/22/2026 16:58,516.1829834,70.3259964,5.553999901
5/22/2026 17:03,373.3779907,72.31400299,4.131000042
5/22/2026 17:08,458.4460144,72.11000061,5.058000088
5/22/2026 17:13,403.4240112,71.36399841,4.40500021
5/22/2026 17:19,393.1929932,71.52700043,4.302999973
5/22/2026 17:24,429.8309937,70.63400269,4.644999981
5/22/2026 17:29,364.4089966,70.71199799,3.943000078
5/22/2026 17:34,328.3930054,68.73500061,3.453999996
5/22/2026 17:39,326.5090027,69.79100037,3.486000061
5/22/2026 17:44,340.2510071,68.62599945,3.572999954
5/22/2026 17:49,311.0220032,68.23000336,3.246999979
5/22/2026 17:54,304.7609863,66.3710022,3.095000029
5/22/2026 17:59,301.446991,70.20800018,3.237999916
5/22/2026 18:04,129.1300049,108.9469986,2.15199995
5/22/2026 18:09,119.3850021,72.4260025,1.322999954
5/22/2026 18:14,115.6910019,73.50800323,1.300999999
5/22/2026 18:19,108.5759964,75.51399994,1.253999949
5/22/2026 18:24,100.3199997,74.08300018,1.136999965
5/22/2026 18:29,89.35800171,76.48699951,1.046000004
5/22/2026 18:34,84.98999786,76.20800018,0.990999997
5/22/2026 18:39,80.43900299,72.75800323,0.894999981
5/22/2026 18:44,76.89099884,74.125,0.871999979
5/22/2026 18:49,71.65899658,77.84300232,0.852999985
5/22/2026 18:54,67.4240036,75.83100128,0.782000005
5/22/2026 18:59,64.59700012,75.30000305,0.744000018
5/22/2026 19:04,62.4659996,75.08599854,0.717999995
5/22/2026 19:09,60.46900177,76.32700348,0.70599997
5/22/2026 19:14,58.04100037,75.46800232,0.670000017
5/22/2026 19:19,55.25299835,75.52200317,0.638000011
5/22/2026 19:24,50.77700043,77.97899628,0.606000006
5/22/2026 19:29,47.01499939,76.21700287,0.547999978
5/22/2026 19:34,44.05500031,77.99500275,0.526000023
5/22/2026 19:39,42.23300171,78.84700012,0.509000003
5/22/2026 19:44,40.0909996,74.12999725,0.455000013
5/22/2026 19:50,37.15200043,77.52799988,0.441000015
5/22/2026 19:55,34.55799866,82.3239975,0.435000002
5/22/2026 20:00,32.45899963,76.73799896,0.381000012
5/22/2026 20:05,29.95899963,77.74900055,0.356000006
5/22/2026 20:10,25.17700005,84.17299652,0.324000001
5/22/2026 20:15,22.95499992,71.89199829,0.252000004
5/22/2026 20:20,19.79100037,84.47299957,0.256000012
5/22/2026 20:25,16.72699928,83.83499908,0.215000004
5/22/2026 20:30,13.8739996,101.3069992,0.215000004
5/22/2026 20:35,11.38700008,86.79299927,0.150999993
5/22/2026 20:40,9.675000191,56.01699829,0.082999997
5/22/2026 20:45,7.736999989,5.011000156,0.006
5/22/2026 20:50,5.428999901,0.354999989,0
5/22/2026 20:55,3.687000036,0.323000014,0
5/22/2026 21:00,2.101000071,0.416999996,0
5/22/2026 21:05,0.890999973,0.58099997,0
5/22/2026 21:10,0.133000001,0.310000002,0
5/23/2026 5:51,0.133000001,0.310000002,0
5/23/2026 5:56,5.647999763,0.241999999,0
5/23/2026 6:01,7.888000011,0.277999997,0
5/23/2026 6:06,9.899000168,14.06400013,0.021
5/23/2026 6:11,11.68700027,37.26599884,0.067000002
5/23/2026 6:16,14.19699955,42.43000031,0.092
5/23/2026 6:21,16.16900063,50.17900085,0.123999998
5/23/2026 6:26,18.01399994,49.61100006,0.136999995
5/23/2026 6:31,20.99399948,51.48699951,0.165000007
5/23/2026 6:37,24.53499985,46.51399994,0.174999997
5/23/2026 6:42,27.72299957,53.10400009,0.224999994
5/23/2026 6:47,29.45599937,53.67699814,0.241999999
5/23/2026 6:52,31.4829998,50.43199921,0.243000001
5/23/2026 6:57,33.40100098,49.11100006,0.250999987
5/23/2026 7:02,34.66500092,57.00500107,0.301999986
5/23/2026 7:07,37.08100128,53.45399857,0.303000003
5/23/2026 7:12,38.95800018,54.76800156,0.326000005
5/23/2026 7:17,41.15399933,52.94499969,0.333000004
5/23/2026 7:22,43.56299973,57.45299911,0.382999986
5/23/2026 7:27,45.56600189,54.84899902,0.381999999
5/23/2026 7:32,46.99000168,46.87799835,0.337000012
5/23/2026 7:37,66.23300171,41.81100082,0.423999995
5/23/2026 7:42,186.3730011,15.58300018,0.444000006
5/23/2026 7:47,193.0829926,15.45199966,0.456
5/23/2026 7:52,229.2070007,14.50500011,0.509000003
5/23/2026 7:57,247.8970032,13.42800045,0.509000003
5/23/2026 8:02,265.4580078,12.29599953,0.499000013
5/23/2026 8:07,191.8990021,17.77199936,0.522000015
5/23/2026 8:12,309.7650146,12.16899967,0.577000022
5/23/2026 8:17,254.8320007,14.97500038,0.583999991
5/23/2026 8:22,333.7390137,11.73700047,0.598999977
5/23/2026 8:27,365.2019958,18.40399933,1.027999997
5/23/2026 8:32,388.5620117,34.76399994,2.066999912
5/23/2026 8:37,391.3649902,21.75200081,1.302000046
5/23/2026 8:42,422.5870056,11.47700024,0.741999984
5/23/2026 8:47,408.8160095,11.87899971,0.742999971
5/23/2026 8:52,445.8399963,11.10299969,0.757000029
5/23/2026 8:57,456.5169983,11.15999985,0.778999984
5/23/2026 9:02,481.8009949,10.66100025,0.786000013
5/23/2026 9:08,483.322998,11.22299957,0.829999983
5/23/2026 9:13,539.2319946,10.79199982,0.889999986
5/23/2026 9:18,501.9660034,11.68700027,0.898000002
5/23/2026 9:23,551.9949951,11.05599976,0.934000015
5/23/2026 9:28,586.9210205,10.75699997,0.966000021
5/23/2026 9:33,577.835022,12.25599957,1.083999991
5/23/2026 9:38,563.8099976,17.96100044,1.549000025
5/23/2026 9:43,546.2719727,20.46299934,1.710000038
5/23/2026 9:48,561.4400024,16.22200012,1.393000007
5/23/2026 9:53,578.7059937,19.35700035,1.713999987
5/23/2026 9:58,626.7379761,31.67000008,3.036999941
5/23/2026 10:03,614.65802,15.10700035,1.421000004
5/23/2026 10:08,659.3070068,14.66100025,1.478999972
5/23/2026 10:13,683.3599854,16.81699944,1.758000016
5/23/2026 10:18,734.6240234,51.25,5.760000229
5/23/2026 10:23,764.8389893,78.4940033,9.18500042
5/23/2026 10:28,806.4500122,78.67199707,9.706999779
5/23/2026 10:33,816.973999,78.16100311,9.770000458
5/23/2026 10:38,830.309021,76.57499695,9.727999687
5/23/2026 10:43,807.7119751,77.29499817,9.552000046
5/23/2026 10:48,855.2969971,74.44300079,9.741999626
5/23/2026 10:53,867.8150024,75.17099762,9.980999947
5/23/2026 10:58,881.8079834,75.02799988,10.12199974
5/23/2026 11:03,895.5499878,74.25700378,10.17500019
5/23/2026 11:08,907.5499878,74.53700256,10.35000038
5/23/2026 11:13,919.6870117,74.18199921,10.43799973
5/23/2026 11:18,930.4299927,74.59500122,10.61900043
5/23/2026 11:23,940.072998,74.07499695,10.65400028
5/23/2026 11:28,952.598999,73.1190033,10.65699959
5/23/2026 11:33,965.4219971,72.51300049,10.71100044
5/23/2026 11:39,975.992981,71.98000336,10.74800014
5/23/2026 11:44,985.8029785,71.125,10.72799969
5/23/2026 11:49,994.3770142,71.23500061,10.8380003
5/23/2026 11:54,1003.119019,71.54799652,10.98099995
5/23/2026 11:59,1009.153992,72.09500122,11.13099957
5/23/2026 12:04,1013.046997,72.69200134,11.2670002
5/23/2026 12:09,1024.384033,71.65599823,11.23099995
5/23/2026 12:14,1031.072021,70.80000305,11.16899967
5/23/2026 12:19,1037.38501,70.14399719,11.13300037
5/23/2026 12:24,1038.772949,70.43099976,11.19400024
5/23/2026 12:29,1043.831055,70.42299652,11.24699974
5/23/2026 12:34,1046.047974,70.71600342,11.31799984
5/23/2026 12:39,1049.953979,70.89099884,11.38799953
5/23/2026 12:44,1050.107056,70.62599945,11.34700012
5/23/2026 12:49,1047.790039,71.1230011,11.40200043
5/23/2026 12:54,1051.66394,70.82800293,11.39700031
5/23/2026 12:59,1051.435059,70.20400238,11.29399967
5/23/2026 13:04,1046.004028,71.40699768,11.42800045
5/23/2026 13:09,1050.107056,71.99900055,11.56799984
5/23/2026 13:14,1049.844971,72.01399994,11.56700039
5/23/2026 13:19,1050.258057,72.30599976,11.61900043
5/23/2026 13:43,1044.359009,76.21700287,12.1789999
5/23/2026 13:48,1039.485962,75.7990036,12.05500031
5/23/2026 13:53,1041.069946,72.23699951,11.50599957
5/23/2026 13:58,1033.48999,70.96499634,11.22099972
5/23/2026 14:03,1025.838013,70.07499695,10.99800014
5/23/2026 14:08,1025.58606,70.35900116,11.03999996
5/23/2026 14:13,1018.557983,70.23699951,10.9460001
5/23/2026 14:18,1010.607971,70.34100342,10.8760004
5/23/2026 14:23,1005.739014,69.89800262,10.75599957
5/23/2026 14:28,899.651001,73.55799866,10.125
5/23/2026 14:33,983.8880005,69.93599701,10.52799988
5/23/2026 14:38,983.5469971,70.64299774,10.63099957
5/23/2026 14:43,978.7449951,69.45800018,10.40100002
5/23/2026 14:48,971.1450195,68.57700348,10.18999958
5/23/2026 14:53,961.0289917,69.80400085,10.26399994
5/23/2026 14:58,950.3289795,68.65000153,9.982000351
5/23/2026 15:03,934.1140137,68.19499969,9.74600029
5/23/2026 15:08,932.2009888,67.40499878,9.61400032
5/23/2026 15:13,912.9489746,67.80200195,9.470999718
5/23/2026 15:18,891.8720093,67.69799805,9.237999916
5/23/2026 15:23,889.3170166,67.79000092,9.223999977
5/23/2026 15:28,861.6209717,69.39700317,9.147999763
5/23/2026 15:34,818.75,70.15100098,8.788000107
5/23/2026 15:39,818.6079712,70.06600189,8.776000023
5/23/2026 15:44,814.0709839,69.2460022,8.625
5/23/2026 15:49,814.1140137,70.02700043,8.722999573
5/23/2026 15:54,817.473999,70.22699738,8.784000397
5/23/2026 15:59,768.6329956,70.58000183,8.300000191
5/23/2026 16:04,773.026001,69.7539978,8.25
5/23/2026 16:09,723.7650146,69.64700317,7.711999893
5/23/2026 16:14,680.6989746,68.8690033,7.171999931
5/23/2026 16:19,693.1890259,70.77899933,7.506999969
5/23/2026 16:24,709.492981,68.70500183,7.458000183
5/23/2026 16:29,673.3829956,70.2559967,7.237999916
5/23/2026 16:34,582.96698,69.19499969,6.171999931
5/23/2026 16:39,653.8629761,68.34899902,6.837999821
5/23/2026 16:44,626.7949829,68.82700348,6.599999905
5/23/2026 16:49,658.526001,68.9280014,6.945000172
5/23/2026 16:54,619.0579834,68.89299774,6.525000095
5/23/2026 16:59,617.401001,67.84600067,6.40899992
5/23/2026 17:04,559.0310059,66.6269989,5.698999882
5/23/2026 17:09,575.0380249,66.28600311,5.831999779
5/23/2026 17:14,560.164978,65.3219986,5.59800005
5/23/2026 17:19,526.4730225,65.87400055,5.306000233
5/23/2026 17:24,508.9869995,67.04199982,5.221000195
5/23/2026 17:29,493.4700012,67.50700378,5.097000122
5/23/2026 17:34,473.9750061,67.29299927,4.880000114
5/23/2026 17:39,450.6010132,66.44499969,4.580999851
5/23/2026 17:44,433.1270142,64.41799927,4.269000053
5/23/2026 17:49,411.7030029,64.04100037,4.03399992
5/23/2026 17:54,390.3269958,63.18600082,3.773000002
5/23/2026 17:59,332.7309875,70.02899933,3.565000057
5/23/2026 18:05,56.19400024,89.43499756,0.768999994
5/23/2026 18:10,54.75699997,78.23600006,0.654999971
5/23/2026 18:15,54.11700058,86.38300323,0.714999974
5/23/2026 18:20,53.01900101,82.19000244,0.666999996
5/23/2026 18:25,52.89400101,78.69400024,0.637000024
5/23/2026 18:30,52.60100174,79.47100067,0.639999986
5/23/2026 18:35,51.05400085,79.6740036,0.621999979
5/23/2026 18:40,48.88199997,77.80699921,0.582000017
5/23/2026 18:45,47.86299896,82.04599762,0.601000011
5/23/2026 18:50,47.48300171,79.31199646,0.575999975
5/23/2026 18:55,46.42699814,75.51200104,0.536000013
5/23/2026 19:00,44.9280014,81.23699951,0.558000028
5/23/2026 19:05,44.50099945,79.3730011,0.540000021
5/23/2026 19:10,43.71699905,73.09700012,0.488999993
5/23/2026 19:15,42.7820015,77.63999939,0.508000016
5/23/2026 19:20,41.47399902,79.3259964,0.503000021
5/23/2026 19:25,40.02099991,81.93099976,0.501999974
5/23/2026 19:30,38.92599869,77.70899963,0.463
5/23/2026 19:35,37.49000168,81.89199829,0.469999999
5/23/2026 19:40,36.0320015,79.53900146,0.437999994
5/23/2026 19:45,34.47100067,79.08599854,0.416999996
5/23/2026 19:50,33.05400085,78.02100372,0.395000011
5/23/2026 19:55,31.52700043,81.54699707,0.393000007
5/23/2026 20:00,30.12100029,74.68000031,0.344000012
5/23/2026 20:05,27.85099983,75.59799957,0.321999997
5/23/2026 20:10,23.45599937,81.29599762,0.291999996
5/23/2026 20:15,21.13400078,83.35299683,0.270000011
5/23/2026 20:20,19.28899956,86.36199951,0.254999995
5/23/2026 20:25,17.36899948,91.23899841,0.241999999
5/23/2026 20:30,15.64999962,62.60400009,0.150000006
5/23/2026 20:35,13.6619997,101.5759964,0.211999997
5/23/2026 20:41,11.35999966,105.0739975,0.182999998
5/23/2026 20:46,9.265999794,86.89900208,0.123000003
5/23/2026 20:51,7.361999989,19.00099945,0.021
5/23/2026 20:56,5.421999931,0.400999993,0
5/23/2026 21:01,3.673000097,0.479999989,0
5/23/2026 21:06,2.335999966,0.458999991,0
5/23/2026 21:11,0.999000013,0.207000002,0
5/24/2026 5:50,0.999000013,0.207000002,0
5/24/2026 5:55,5.638999939,0.261999995,0
5/24/2026 6:00,7.487999916,0.256999999,0
5/24/2026 6:05,9.51099968,15.48400021,0.023
5/24/2026 6:10,11.625,40.18600082,0.071000002
5/24/2026 6:16,13.81299973,47.86600113,0.101000004
5/24/2026 6:21,16.26099968,46.52199936,0.115999997
5/24/2026 6:26,18.74500084,44.13899994,0.127000004
5/24/2026 6:31,22.51399994,50.47399902,0.173999995
5/24/2026 6:36,24.35499954,47.3370018,0.175999999
5/24/2026 6:41,26.58499908,49.93600082,0.202999994
5/24/2026 6:46,28.41399956,52.45299911,0.228
5/24/2026 6:51,30.33399963,50.13000107,0.232999995
5/24/2026 6:56,32.25799942,54.49499893,0.268999994
5/24/2026 7:01,33.83399963,54.6230011,0.282999992
5/24/2026 7:06,35.44499969,53.28300095,0.289000005
5/24/2026 7:11,37.29399872,53.28699875,0.30399999
5/24/2026 7:16,38.76599884,56.12599945,0.333000004
5/24/2026 7:21,40.13000107,51.72700119,0.317999989
5/24/2026 7:26,41.39899826,55.40299988,0.351000011
5/24/2026 7:31,42.70600128,57.50699997,0.375999987
5/24/2026 7:36,44.70399857,59.31100082,0.405999988
5/24/2026 7:41,183.2689972,13.85299969,0.388000011
5/24/2026 7:46,200.871994,13.40299988,0.412
5/24/2026 7:51,218.6380005,12.35400009,0.412999988
5/24/2026 7:56,236.9440002,11.65499973,0.423000008
5/24/2026 8:01,256.427002,11.94799995,0.469000012
5/24/2026 8:06,274.0799866,11.81000042,0.495000005
5/24/2026 8:11,293.1700134,11.27499962,0.505999982
5/24/2026 8:16,312.4960022,10.22999954,0.488999993
5/24/2026 8:21,331.3210144,10.49600029,0.532000005
5/24/2026 8:26,348.8940125,26.44499969,1.411999941
5/24/2026 8:31,366.644989,19.63699913,1.101999998
5/24/2026 8:36,384.5329895,26.61000061,1.565999985
5/24/2026 8:41,405.743988,10.02700043,0.621999979
5/24/2026 8:47,424.5209961,9.862999916,0.640999973
5/24/2026 8:52,445.5499878,10.07600021,0.686999977
5/24/2026 8:57,465.7810059,9.355999947,0.666999996
5/24/2026 9:02,485.2640076,9.24600029,0.68599999
5/24/2026 9:07,505.9859924,8.98900032,0.69599998
5/24/2026 9:12,524.6420288,9.331000328,0.749000013
5/24/2026 9:17,544.0479736,9.126000404,0.75999999
5/24/2026 9:22,561.7230225,8.659000397,0.744000018
5/24/2026 9:27,584.9810181,8.753000259,0.782999992
5/24/2026 9:32,602.7589722,8.93200016,0.824000001
5/24/2026 9:37,622.0159912,8.822999954,0.839999974
5/24/2026 9:42,639.3759766,12.78800011,1.251000047
5/24/2026 9:47,654.2739868,14.24699974,1.425999999
5/24/2026 9:52,671.7869873,8.717000008,0.896000028
5/24/2026 9:57,689.5839844,15.02000046,1.585000038
5/24/2026 10:02,708.6400146,7.728000164,0.838
5/24/2026 10:07,723.3439941,8.399999619,0.930000007
5/24/2026 10:12,739.2109985,8.348999977,0.944000006
5/24/2026 10:17,756.8070068,16.62999916,1.925999999
5/24/2026 10:22,773.8150024,73.52100372,8.704000473
5/24/2026 10:27,790.5570068,72.91000366,8.819000244
5/24/2026 10:32,806.4019775,72.28099823,8.918000221
5/24/2026 10:37,821.6669922,71.22699738,8.954000473
5/24/2026 10:42,838.664978,70.26499939,9.015999794
5/24/2026 10:47,854.9760132,69.3730011,9.074999809
5/24/2026 10:52,871.1019897,68.66999817,9.152000427
5/24/2026 10:57,883.5089722,68.98600006,9.324999809
5/24/2026 11:02,895.4829712,68.50299835,9.38599968
5/24/2026 11:07,908.1779785,68.94599915,9.579999924
5/24/2026 11:12,919.8740234,69.10299683,9.725999832
5/24/2026 11:18,932.3449707,68.5,9.770999908
5/24/2026 11:23,945.1450195,68.40200043,9.890999794
5/24/2026 11:28,956.2310181,68.33399963,9.998000145
5/24/2026 11:33,966.059021,67.81800079,10.02400017
5/24/2026 11:38,976.901001,67.70500183,10.11999989
5/24/2026 11:43,987.7119751,67.38600159,10.18299961
5/24/2026 11:48,995.9730225,66.15599823,10.08100033
5/24/2026 11:53,1004.856995,66.36299896,10.20300007
5/24/2026 11:58,1015.921997,66.22100067,10.29300022
5/24/2026 12:03,1023.682007,66.28900146,10.38199997
5/24/2026 12:08,1028.775024,66.1309967,10.4090004
5/24/2026 12:13,1040.532959,0.476999998,0.075999998
5/24/2026 12:18,1043.650024,0.535000026,0.085000001
5/24/2026 12:23,1043.329956,0.74000001,0.118000001
5/24/2026 12:28,1049.552002,0.629000008,0.101000004
5/24/2026 12:33,1053.921997,0.606999993,0.097999997
5/24/2026 12:38,1047.52002,0.479999989,0.077
5/24/2026 12:43,1062.697021,0.407000005,0.066
5/24/2026 12:48,1056.409058,0.284000009,0.046
5/24/2026 12:53,1064.155029,0.119000003,0.018999999
5/24/2026 12:58,1060.859009,0.120999999,0.02
5/24/2026 13:03,1059.115967,0.128000006,0.021
5/24/2026 13:08,1060.873047,0.105999999,0.017000001
5/24/2026 13:13,1063.647949,0.126000002,0.02
5/24/2026 13:18,1062.262939,0.118000001,0.018999999
5/24/2026 13:23,1064.352051,0.361000001,0.059
5/24/2026 13:47,1058.667969,0.370000005,0.059999999
5/24/2026 13:52,1056.612061,0.453999996,0.072999999
5/24/2026 13:57,1050.078003,0.469000012,0.075000003
5/24/2026 14:02,1046.494019,0.56099999,0.090000004
5/24/2026 14:07,1042.94397,12.0010004,1.914999962
5/24/2026 14:12,1035.102051,0.460999995,0.072999999
5/24/2026 14:17,1037.911011,0.476999998,0.075999998
5/24/2026 14:22,1027.944946,0.462000012,0.072999999
5/24/2026 14:27,1023.70697,0.391000003,0.061000001
5/24/2026 14:32,1015.48999,0.55400002,0.086000003
5/24/2026 14:37,1007.210999,0.575999975,0.089000002
5/24/2026 14:42,1001.583984,0.444999993,0.068000004
5/24/2026 14:47,994.0300293,0.555999994,0.083999999
5/24/2026 14:52,983.9019775,0.55400002,0.082999997
5/24/2026 14:57,971.9290161,0.488999993,0.072999999
5/24/2026 15:02,957.1950073,0.731000006,0.107000001
5/24/2026 15:07,945.5889893,0.680999994,0.098999999
5/24/2026 15:13,935.0059814,0.648999989,0.093000002
5/24/2026 15:18,914.8909912,0.694999993,0.097000003
5/24/2026 15:23,901.9219971,0.796999991,0.109999999
5/24/2026 15:28,892.0529785,0.550999999,0.075000003
5/24/2026 15:33,879.4719849,0.568000019,0.075999998
5/24/2026 15:38,869.0349731,0.538999975,0.071999997
5/24/2026 15:43,851.9450073,0.546000004,0.071000002
5/24/2026 15:48,835.7780151,0.653999984,0.083999999
5/24/2026 15:53,817.5700073,0.615999997,0.077
5/24/2026 15:58,802.0980225,0.624000013,0.077
5/24/2026 16:03,794.0640259,0.630999982,0.077
5/24/2026 16:08,786.1069946,0.704999983,0.085000001
5/24/2026 16:13,767.6229858,0.782999992,0.092
5/24/2026 16:18,751.9219971,0.876999974,0.101000004
5/24/2026 16:23,728.2930298,1.001999974,0.112000003
5/24/2026 16:28,714.5620117,0.888000011,0.097000003
5/24/2026 16:33,698.2030029,1.034000039,0.109999999
5/24/2026 16:38,675.3049927,0.94599998,0.097999997
5/24/2026 16:43,664.6719971,0.976000011,0.098999999
5/24/2026 16:48,645.4699707,0.896000028,0.089000002
5/24/2026 16:53,623.7210083,1.131000042,0.108000003
5/24/2026 16:58,604.0889893,0.92900002,0.086000003
5/24/2026 17:03,593.3120117,0.95599997,0.086999997
5/24/2026 17:08,570.0250244,1.172999978,0.101999998
5/24/2026 17:13,547.2249756,1.547999978,0.129999995
5/24/2026 17:18,526.6719971,1.213999987,0.097999997
5/24/2026 17:23,510.0830078,31.19099998,2.434000015
5/24/2026 17:28,488.2260132,28.45100021,2.125
5/24/2026 17:33,467.9060059,8.88599968,0.635999978
5/24/2026 17:38,445.8129883,5.15500021,0.351999998
5/24/2026 17:44,425.7550049,31.3220005,2.039999962
5/24/2026 17:49,407.8930054,28.5510006,1.781999946
5/24/2026 17:54,388.6579895,30.37000084,1.805999994
5/24/2026 17:59,357.4859924,33.30500031,1.822000027
5/24/2026 18:04,76.3769989,46.22999954,0.540000021
5/24/2026 18:09,73.72100067,46.58100128,0.524999976
5/24/2026 18:14,71.66600037,44.93500137,0.493000001
5/24/2026 18:19,69.76200104,44.76399994,0.477999985
5/24/2026 18:24,67.97499847,43.70199966,0.455000013
5/24/2026 18:29,66.53700256,46.64199829,0.474999994
5/24/2026 18:34,64.1780014,44.30799866,0.435000002
5/24/2026 18:39,62.53699875,42.8390007,0.409999996
5/24/2026 18:44,60.56000137,42.69800186,0.395999998
5/24/2026 18:49,58.22900009,43.35300064,0.386000007
5/24/2026 18:54,56.10699844,46.92699814,0.402999997
5/24/2026 18:59,54.56200027,45.47299957,0.379999995
5/24/2026 19:04,52.64199829,45.56999969,0.367000014
5/24/2026 19:09,51.01900101,45.3409996,0.354000002
5/24/2026 19:14,49.76699829,46.63299942,0.354999989
5/24/2026 19:19,48.12799835,47.01599884,0.345999986
5/24/2026 19:24,46.14899826,41.75600052,0.294999987
5/24/2026 19:29,44.65800095,35.98799896,0.246000007
5/24/2026 19:34,43.15000153,37.47100067,0.246999994
5/24/2026 19:39,41.75099945,33.61299896,0.215000004
5/24/2026 19:44,39.9469986,32.71900177,0.200000003
5/24/2026 19:49,38.44900131,34.50099945,0.202999994
5/24/2026 19:54,36.87200165,35.51800156,0.200000003
5/24/2026 19:59,34.73600006,32.89500046,0.174999997
5/24/2026 20:04,32.25600052,35.53499985,0.174999997
5/24/2026 20:09,28.67700005,32.11000061,0.141000003
5/24/2026 20:14,26.47100067,41.03099823,0.165999994
5/24/2026 20:20,24.04800034,37.71900177,0.138999999
5/24/2026 20:25,21.87899971,45.04499817,0.150999993
5/24/2026 20:30,19.30699921,27.46999931,0.081
5/24/2026 20:35,15.97299957,40.97299957,0.100000001
5/24/2026 20:40,13.63399982,20.32699966,0.041999999
5/24/2026 20:45,11.47000027,6.380000114,0.011
5/24/2026 20:50,8.11400032,0.256999999,0
5/24/2026 20:55,5.448999882,0.261999995,0
5/24/2026 21:00,3.112999916,0.300999999,0
5/24/2026 21:05,1.934000015,0.300000012,0
5/24/2026 21:10,0.648999989,0.133000001,0
5/25/2026 5:49,0.648999989,0.133000001,0
5/25/2026 5:55,7.163000107,0.225999996,0
5/25/2026 6:00,9.458000183,0.203999996,0
5/25/2026 6:05,12.75300026,0.195999995,0
5/25/2026 6:10,16.18700027,12.03299999,0.029999999
5/25/2026 6:15,20.28300095,15.37899971,0.048
5/25/2026 6:20,23.82900047,17.66200066,0.064000003
5/25/2026 6:25,27.69499969,16.75300026,0.071000002
5/25/2026 6:30,32.03699875,22.51499939,0.109999999
5/25/2026 6:35,36.70199966,24.14699936,0.136000007
5/25/2026 6:40,40.42499924,25.62299919,0.158000007
5/25/2026 6:45,43.26599884,25.75,0.170000002
5/25/2026 6:50,46.33800125,24.14900017,0.171000004
5/25/2026 6:55,49.32600021,20.23699951,0.152999997
5/25/2026 7:00,52.84799957,21.87700081,0.177000001
5/25/2026 7:05,56.33399963,22.89900017,0.196999997
5/25/2026 7:10,60.01399994,13.4460001,0.123000003
5/25/2026 7:15,63.29399872,14.22099972,0.137999997
5/25/2026 7:20,67.23899841,12.3920002,0.127000004
5/25/2026 7:25,71.59999847,14.53800011,0.158999994
5/25/2026 7:30,76.78199768,12.32999992,0.144999996
5/25/2026 7:35,82.02999878,20.1439991,0.252999991
5/25/2026 7:40,133.3390045,12.48400021,0.254999995
5/25/2026 7:45,172.0910034,9.984000206,0.263000011
5/25/2026 7:50,181.6230011,14.72700024,0.409000009
5/25/2026 7:55,203.1999969,13.56299973,0.421999991
5/25/2026 8:00,221.5610046,12.40699959,0.421000004
5/25/2026 8:05,237.2940063,13.2159996,0.479999989
5/25/2026 8:10,268.0020142,11.45499992,0.469999999
5/25/2026 8:15,288.9349976,11.0539999,0.488999993
5/25/2026 8:20,309.7550049,11.29300022,0.535000026
5/25/2026 8:26,310.2399902,11.46199989,0.54400003
5/25/2026 8:31,341.3670044,16.68000031,0.870999992
5/25/2026 8:36,359.7690125,13.86699963,0.763000011
5/25/2026 8:41,376.3890076,11.3739996,0.654999971
5/25/2026 8:46,395.2940063,12.02900028,0.727999985
5/25/2026 8:51,413.8930054,11.4630003,0.726000011
5/25/2026 8:56,433.9060059,10.45499992,0.694000006
5/25/2026 9:01,449.5910034,10.79800034,0.742999971
5/25/2026 9:06,473.5109863,11,0.796999991
5/25/2026 9:11,491.7919922,10.69400024,0.805000007
5/25/2026 9:16,487.006012,10.88799953,0.81099999
5/25/2026 9:21,524.9190063,10.85999966,0.871999979
5/25/2026 9:26,535.3189697,11.06700039,0.906000018
5/25/2026 9:31,537.632019,10.99199963,0.903999984
5/25/2026 9:36,567.0289917,10.70300007,0.92900002
5/25/2026 9:41,592.9920044,10.32699966,0.936999977
5/25/2026 9:46,614.1049805,13.94099998,1.309999943
5/25/2026 9:51,625.9439697,9.98900032,0.957000017
5/25/2026 9:56,633.3029785,10.52400017,1.019999981
5/25/2026 10:01,652.7810059,10.01500034,1
5/25/2026 10:06,672.5419922,9.534000397,0.981000006
5/25/2026 10:11,688.3729858,9.045000076,0.953000009
5/25/2026 10:16,703.940979,1.355999947,0.145999998
5/25/2026 10:21,721.3779907,1.465999961,0.162
5/25/2026 10:26,740.6790161,4.730000019,0.536000013
5/25/2026 10:31,757.8790283,1.978000045,0.229000002
5/25/2026 10:36,772.1660156,1.799999952,0.213
5/25/2026 10:41,789.4699707,1.411999941,0.171000004
5/25/2026 10:46,806.3150024,2.236000061,0.275999993
5/25/2026 10:51,820.9229736,2.630000114,0.330000013
5/25/2026 10:56,833.690979,5.472000122,0.698000014
5/25/2026 11:02,846.21698,2.696000099,0.349000007
5/25/2026 11:07,859.6389771,0.931999981,0.123000003
5/25/2026 11:12,872.8590088,1.036000013,0.137999997
5/25/2026 11:17,885.2529907,0.89200002,0.120999999
5/25/2026 11:22,895.0949707,2.144999981,0.294
5/25/2026 11:27,905.1929932,2.684999943,0.372000009
5/25/2026 11:32,918.4069824,4.077000141,0.573000014
5/25/2026 11:37,927.8239746,4.026000023,0.57099998
5/25/2026 11:42,940.875,1.559999943,0.224999994
5/25/2026 11:47,949.5910034,2.361000061,0.342999995
5/25/2026 11:52,956.4710083,0.935000002,0.136999995
5/25/2026 11:57,963.0510254,1.103000045,0.162
5/25/2026 12:02,975.1199951,8.572999954,1.279000044
5/25/2026 12:07,984.1829834,1.156999946,0.173999995
5/25/2026 12:12,991.0700073,1.139000058,0.172999993
5/25/2026 12:17,996.7789917,1.445000052,0.219999999
5/25/2026 12:22,985.3330078,2.463000059,0.370999992
5/25/2026 12:27,1008.359009,2.648999929,0.409000009
5/25/2026 12:32,1006.065979,3.928999901,0.605000019
5/25/2026 12:37,1022.106995,0.862999976,0.135000005
5/25/2026 12:42,1008.648987,6.863999844,1.059000015
5/25/2026 12:47,1011.815002,1.236999989,0.192000002
5/25/2026 12:52,1015.487976,1.802999973,0.280000001
5/25/2026 12:57,1017.76001,0.953999996,0.149000004
5/25/2026 13:02,1016.83197,0.75999999,0.118000001
5/25/2026 13:07,1016.250977,0.799000025,0.123999998
5/25/2026 13:12,1019.515015,0.870000005,0.136000007
5/25/2026 13:17,1015.114014,0.829999983,0.128999993
5/25/2026 13:22,1017.528992,0.97299999,0.150999993
5/25/2026 13:46,1007.34198,36.83200073,5.677000046
5/25/2026 13:51,1007.823975,36.11899948,5.568999767
5/25/2026 13:56,998.9390259,35.92499924,5.491000175
5/25/2026 14:01,986.5620117,35.4640007,5.353000164
5/25/2026 14:06,989.7579956,34.94200134,5.290999889
5/25/2026 14:11,987.9680176,34.48699951,5.212999821
5/25/2026 14:16,986.8480225,34.16199875,5.157999992
5/25/2026 14:21,977.5200195,34.04800034,5.092000008
5/25/2026 14:26,977.1040039,33.86700058,5.063000202
5/25/2026 14:31,974.1229858,33.76599884,5.032999992
5/25/2026 14:36,968.3469849,33.38700104,4.946000099
5/25/2026 14:41,962.5440063,33.25299835,4.896999836
5/25/2026 14:46,951.8099976,33.26300049,4.843999863
5/25/2026 14:51,939.8330078,32.94499969,4.736999989
5/25/2026 14:56,931.9769897,33.63899994,4.796999931
5/25/2026 15:02,921.9219971,33.10499954,4.670000076
5/25/2026 15:07,909.5109863,33.29100037,4.632999897
5/25/2026 15:12,887.7940063,32.97499847,4.479000092
5/25/2026 15:17,880.9530029,32.88399887,4.43200016
5/25/2026 15:22,872.5549927,32.40999985,4.327000141
5/25/2026 15:27,859.7620239,32.5,4.275000095
5/25/2026 15:32,852.9439697,32.45899963,4.236000061
5/25/2026 15:37,841.8129883,31.90200043,4.109000206
5/25/2026 15:42,827.552002,31.68000031,4.011000156
5/25/2026 15:47,816.1439819,31.31500053,3.910000086
5/25/2026 15:52,800.7020264,30.73600006,3.765000105
5/25/2026 15:57,788.8779907,31.01499939,3.743000031
5/25/2026 16:02,777.0739746,30.5,3.625999928
5/25/2026 16:07,763.1859741,30.8220005,3.598999977
5/25/2026 16:12,744.651001,30.89599991,3.519999981
5/25/2026 16:17,727.0449829,30.77099991,3.423000097
5/25/2026 16:22,706.7249756,31.04800034,3.357000113
5/25/2026 16:27,690.2189941,31.15999985,3.290999889
5/25/2026 16:32,669.7069702,31.06900024,3.183000088
5/25/2026 16:37,656.4710083,31.20000076,3.134000063
5/25/2026 16:42,641.2940063,30.32699966,2.976000071
5/25/2026 16:47,630,29.75900078,2.868000031
5/25/2026 16:52,604.1690063,29.89100075,2.763000011
5/25/2026 16:57,586.9869995,29.74099922,2.671000004
5/25/2026 17:02,576.9869995,29.60000038,2.612999916
5/25/2026 17:07,556.5280151,29.22400093,2.487999916
5/25/2026 17:12,534.0020142,29.56800079,2.415999889
5/25/2026 17:17,512.9069824,29.51300049,2.315999985
5/25/2026 17:22,494.7730103,28.77300072,2.177999973
5/25/2026 17:27,476.855011,29.26099968,2.13499999
5/25/2026 17:33,454.9989929,28.95100021,2.015000105
5/25/2026 17:38,434.1530151,28.40399933,1.886999965
5/25/2026 17:43,414.2709961,28.54400063,1.809000015
5/25/2026 17:48,397.3099976,27.7310009,1.68599999
5/25/2026 17:53,377.7669983,28.01499939,1.618999958
5/25/2026 17:58,351.1470032,28.20100021,1.514999986
5/25/2026 18:03,92.02500153,39.39500046,0.555000007
5/25/2026 18:08,88.75,35.16400146,0.476999998
5/25/2026 18:13,85.55000305,35.10200119,0.458999991
5/25/2026 18:18,82.8710022,35.70100021,0.453000009
5/25/2026 18:23,79.6780014,35.57799911,0.433999985
5/25/2026 18:28,78.04100037,35.60499954,0.425000012
5/25/2026 18:33,75.81900024,36.7519989,0.425999999
5/25/2026 18:38,72.86399841,33.79899979,0.377000004
5/25/2026 18:43,70.75900269,36.47000122,0.395000011
5/25/2026 18:48,68.89399719,38.47499847,0.405999988
5/25/2026 18:53,65.73899841,37.0929985,0.372999996
5/25/2026 18:58,64.36599731,39.81200027,0.39199999
5/25/2026 19:03,62.23500061,37.43600082,0.356000006
5/25/2026 19:08,59.46300125,37.41199875,0.340000004
5/25/2026 19:13,57.3390007,39.47000122,0.345999986
5/25/2026 19:18,55.25500107,34.94300079,0.294999987
5/25/2026 19:23,53.16600037,36.5719986,0.296999991
5/25/2026 19:28,50.73400116,37.19900131,0.289000005
5/25/2026 19:33,48.23300171,36.73699951,0.270999998
5/25/2026 19:38,46.13499832,37.32500076,0.263000011
5/25/2026 19:43,43.87900162,37.80500031,0.254000008
5/25/2026 19:48,41.57699966,33.56299973,0.214000002
5/25/2026 19:53,39.28900146,33.21500015,0.200000003
5/25/2026 19:58,36.8390007,40.14699936,0.225999996
5/25/2026 20:04,34.27399826,35.03300095,0.184
5/25/2026 20:09,31.30999947,39.6780014,0.189999998
5/25/2026 20:14,27.73500061,40.11100006,0.170000002
5/25/2026 20:19,25.1420002,38.43500137,0.148000002
5/25/2026 20:24,22.46199989,38.43899918,0.131999999
5/25/2026 20:29,19.67099953,36.55799866,0.109999999
5/25/2026 20:34,17.03700066,23.77099991,0.061999999
5/25/2026 20:39,14.36999989,8.826999664,0.018999999
5/25/2026 20:44,11.71899986,0.241999999,0
5/25/2026 20:49,9.090000153,0.188999996,0
5/25/2026 20:54,6.866000175,0.229000002,0
5/25/2026 20:59,4.926000118,0.150000006,0
5/25/2026 21:04,2.967000008,0.232999995,0
5/25/2026 21:09,1.577000022,0.208000004,0
5/26/2026 5:49,1.577000022,0.208000004,0
5/26/2026 5:54,5.56799984,0.059999999,0
5/26/2026 5:59,7.861000061,0.090999998,0
5/26/2026 6:04,10.39500046,0.118000001,0
5/26/2026 6:09,13.23200035,0.122000001,0
5/26/2026 6:14,16.07500076,0.107000001,0
5/26/2026 6:19,19.58399963,0.108999997,0
5/26/2026 6:24,22.64699936,5.357999802,0.018999999
5/26/2026 6:29,25.83099937,8.828000069,0.035
5/26/2026 6:34,29.3010006,13.00199986,0.057999998
5/26/2026 6:39,32.40499878,16.39999962,0.081
5/26/2026 6:44,35.37400055,16.76099968,0.090999998
5/26/2026 6:49,38.24700165,16.93000031,0.098999999
5/26/2026 6:54,41.1269989,17.06299973,0.107000001
5/26/2026 6:59,43.85800171,13.63500023,0.090999998
5/26/2026 7:04,46.88700104,17.84600067,0.128000006
5/26/2026 7:09,49.66400146,18.36700058,0.140000001
5/26/2026 7:14,52.54899979,18.46699905,0.148000002
5/26/2026 7:19,55.28499985,19.55699921,0.165000007
5/26/2026 7:24,58.16899872,18.36100006,0.163000003
5/26/2026 7:29,61.21099854,15.91800022,0.149000004
5/26/2026 7:34,64.94499969,19.04400063,0.188999996
5/26/2026 7:39,80.47100067,14.82800007,0.182999998
5/26/2026 7:44,177.0540009,6.696000099,0.180999994
5/26/2026 7:49,133.0769958,10.99600029,0.224000007
5/26/2026 7:54,210.6190033,7.547999859,0.243000001
5/26/2026 7:59,227.9470062,6.596000195,0.230000004
5/26/2026 8:04,245.5570068,6.198999882,0.232999995
5/26/2026 8:10,264.196991,6.137000084,0.247999996
5/26/2026 8:15,282.2900085,6.230999947,0.268999994
5/26/2026 8:20,298.4769897,6.339000225,0.289000005
5/26/2026 8:25,315.3280029,5.725999832,0.275999993
5/26/2026 8:30,333.6390076,16.78800011,0.856999993
5/26/2026 8:35,351.6430054,7.981999874,0.42899999
5/26/2026 8:40,370.7520142,5.84800005,0.331999987
5/26/2026 8:45,388.2260132,5.949999809,0.352999985
5/26/2026 8:50,411.5929871,5.862999916,0.368999988
5/26/2026 8:55,431.3580017,5.406000137,0.356999993
5/26/2026 9:00,447.5769958,5.357999802,0.367000014
5/26/2026 9:05,466.42099,5.446000099,0.388999999
5/26/2026 9:10,484.2470093,5.84100008,0.432999998
5/26/2026 9:15,502.8460083,5.132999897,0.395000011
5/26/2026 9:20,522.427002,5.097000122,0.407000005
5/26/2026 9:25,537.9500122,5.423999786,0.44600001
5/26/2026 9:30,556.7059937,5.517000198,0.469999999
5/26/2026 9:35,574.2579956,5.643000126,0.495999992
5/26/2026 9:40,591.8469849,5.300000191,0.479999989
5/26/2026 9:45,608.6970215,7.005000114,0.65200001
5/26/2026 9:50,627.2689819,6.403999805,0.61500001
5/26/2026 9:55,643.0800171,5.464000225,0.537999988
5/26/2026 10:00,661.0859985,5.078999996,0.513999999
5/26/2026 10:05,675.1129761,5.270999908,0.545000017
5/26/2026 10:10,696.0800171,4.742000103,0.504999995
5/26/2026 10:15,710.802002,5.21600008,0.566999972
5/26/2026 10:20,728.3040161,16.23900032,1.809000015
5/26/2026 10:25,742.4799805,28.73699951,3.263999939
5/26/2026 10:30,759.7009888,28.16699982,3.273999929
5/26/2026 10:35,772.8590088,28.01199913,3.312000036
5/26/2026 10:40,786.9970093,28.05200005,3.378000021
5/26/2026 10:46,801.5789795,27.86700058,3.417999983
5/26/2026 10:51,815.8989868,27.41200066,3.421999931
5/26/2026 10:56,831.5440063,27.50099945,3.499000072
5/26/2026 11:01,844.6929932,27.70299911,3.579999924
5/26/2026 11:06,856.4569702,27.87299919,3.65199995
5/26/2026 11:11,868.0549927,28.01199913,3.720000029
5/26/2026 11:16,879.0130005,28.00499916,3.766000032
5/26/2026 11:21,890.0800171,27.78800011,3.78399992
5/26/2026 11:26,902.7039795,27.24300003,3.763000011
5/26/2026 11:31,914.1389771,26.43600082,3.697000027
5/26/2026 11:36,923.8619995,24.43000031,3.453000069
5/26/2026 11:41,932.1010132,20.31900024,2.898000002
5/26/2026 11:46,942.2470093,0.138999999,0.02
5/26/2026 11:51,951.1929932,25.13899994,3.65899992
5/26/2026 11:56,961.5219727,25.58799934,3.763999939
5/26/2026 12:01,969.0629883,25.43600082,3.770999908
5/26/2026 12:06,977.559021,25.26300049,3.779000044
5/26/2026 12:11,985.0650024,24.44599915,3.684000015
5/26/2026 12:16,988.2379761,24.65999985,3.729000092
5/26/2026 12:21,994.8690186,0.160999998,0.024
5/26/2026 12:26,999.6849976,0.284999996,0.044
5/26/2026 12:31,1002.062012,0.216000006,0.033
5/26/2026 12:36,1006.255981,0.206,0.032000002
5/26/2026 12:41,1008.640015,0.430000007,0.066
5/26/2026 12:46,1010.367004,0.284000009,0.044
5/26/2026 12:51,1014.138977,18.77199936,2.913000107
5/26/2026 12:56,1014.273987,0.151999995,0.024
5/26/2026 13:01,1008.914001,22.55599976,3.482000113
5/26/2026 13:06,1010.033997,23.40099907,3.615999937
5/26/2026 13:11,1009.78302,23.11800003,3.572000027
5/26/2026 13:17,1009.088013,23.37299919,3.608999968
5/26/2026 13:22,1007.616028,23.13199997,3.565999985
5/26/2026 13:45,997.3790283,24.11499977,3.680000067
5/26/2026 13:50,994.447998,23.76199913,3.61500001
5/26/2026 13:55,991.4860229,22.4470005,3.404999971
5/26/2026 14:00,987.8779907,22.35099983,3.378000021
5/26/2026 14:05,984.3770142,22.45899963,3.382999897
5/26/2026 14:10,979.1569824,22.10700035,3.312000036
5/26/2026 14:15,975.0650024,22.12599945,3.301000118
5/26/2026 14:20,971.8699951,22.00799942,3.273000002
5/26/2026 14:25,965.5200195,22.13899994,3.269999981
5/26/2026 14:31,958.6030273,21.86499977,3.207000017
5/26/2026 14:36,949.4450073,21.78499985,3.164999962
5/26/2026 14:41,941.4970093,21.81900024,3.142999887
5/26/2026 14:46,935.4580078,21.7310009,3.109999895
5/26/2026 14:51,924.7730103,21.27599907,3.00999999
5/26/2026 14:56,916.3729858,20.97900009,2.940999985
5/26/2026 15:01,908.0390015,20.63100052,2.865999937
5/26/2026 15:06,899.3829956,20.94000053,2.881000042
5/26/2026 15:11,887.4219971,21.1989994,2.878000021
5/26/2026 15:16,877.1190186,21.06800079,2.826999903
5/26/2026 15:21,866.6669922,21.05400085,2.792000055
5/26/2026 15:26,855.5250244,0.365999997,0.048
5/26/2026 15:31,842.960022,6.31400013,0.81400001
5/26/2026 15:36,830.9920044,1.402999997,0.178000003
5/26/2026 15:41,822.4299927,1.860999942,0.233999997
5/26/2026 15:46,805.3439941,0.261999995,0.032000002
5/26/2026 15:51,794.2219849,0.63499999,0.077
5/26/2026 15:56,778.085022,0.449999988,0.054000001
5/26/2026 16:01,765.2960205,0.356999993,0.041999999
5/26/2026 16:06,759.5020142,17.51099968,2.035000086
5/26/2026 16:11,743.0469971,17.72900009,2.016000032
5/26/2026 16:16,722.0369873,18.8560009,2.082999945
5/26/2026 16:21,703.401001,18.84700012,2.028000116
5/26/2026 16:26,685.2550049,18.77000046,1.968000054
5/26/2026 16:31,666.757019,18.69599915,1.906999946
5/26/2026 16:36,654.2860107,18.54899979,1.856999993
5/26/2026 16:41,642.7680054,18.35700035,1.804999948
5/26/2026 16:46,630.1010132,18.13199997,1.748000026
5/26/2026 16:51,604.5689697,18.37199974,1.699000001
5/26/2026 16:56,591.2050171,18.62700081,1.684999943
5/26/2026 17:02,580.3980103,17.86000061,1.585999966
5/26/2026 17:07,565.3389893,17.94000053,1.552000046
5/26/2026 17:12,539.2290039,18.47100067,1.524000049
5/26/2026 17:17,523.9099731,18.53700066,1.485999942
5/26/2026 17:22,468.5580139,18.46899986,1.324000001
5/26/2026 17:27,482.5390015,18.24099922,1.347000003
5/26/2026 17:32,311.0469971,20.54299927,0.977999985
5/26/2026 17:37,211.6049957,21.25499916,0.688000023
5/26/2026 17:42,111.4449997,22.71999931,0.386999995
5/26/2026 17:47,144.8589935,24.5340004,0.54400003
5/26/2026 17:52,72.02700043,26.04199982,0.287
5/26/2026 17:57,69.38300323,22.98399925,0.244000003
5/26/2026 18:02,57.62099838,22.37599945,0.196999997
5/26/2026 18:07,55.81000137,24.07299995,0.206
5/26/2026 18:12,59.48799896,23.26799965,0.211999997
5/26/2026 18:17,66.15299988,22.72400093,0.230000004
5/26/2026 18:22,62.47100067,23.7310009,0.226999998
5/26/2026 18:27,61.04000092,22.11400032,0.207000002
5/26/2026 18:32,61.77600098,26.52199936,0.250999987
5/26/2026 18:37,59.27999878,25.98699951,0.236000001
5/26/2026 18:42,59.50600052,20.02300072,0.181999996
5/26/2026 18:47,62.99000168,23.27799988,0.224000007
5/26/2026 18:52,64.26300049,21.10199928,0.207000002
5/26/2026 18:57,63.7179985,23.91300011,0.232999995
5/26/2026 19:02,62.51699829,24.9109993,0.238000005
5/26/2026 19:07,61.62099838,21.65999985,0.203999996
5/26/2026 19:12,59.85100174,23.99900055,0.219999999
5/26/2026 19:17,57.63700104,22.46199989,0.197999999
5/26/2026 19:22,54.81800079,22.77799988,0.191
5/26/2026 19:27,52.07300186,21.8239994,0.173999995
5/26/2026 19:33,49.40999985,22.92200089,0.172999993
5/26/2026 19:38,45.2820015,24.62299919,0.171000004
5/26/2026 19:43,44.26300049,22.74200058,0.153999999
5/26/2026 19:48,46,23.87899971,0.167999998
5/26/2026 19:53,46.73600006,25.31399918,0.180999994
5/26/2026 19:58,45.88600159,24.13500023,0.169
5/26/2026 20:03,43.49900055,23.26499939,0.155000001
5/26/2026 20:08,39.61100006,20.62999916,0.125
5/26/2026 20:13,35.58200073,23.04899979,0.125
5/26/2026 20:18,32.24499893,17.63999939,0.086999997
5/26/2026 20:23,29.15500069,10.81400013,0.048
5/26/2026 20:28,25.67300034,5.890999794,0.023
5/26/2026 20:33,22.53899956,3.625999928,0.013
5/26/2026 20:38,20.38899994,0.127000004,0
5/26/2026 20:43,18.21299934,0.128999993,0
5/26/2026 20:48,14.69499969,0.123999998,0
5/26/2026 20:53,11.33500004,0.128999993,0
5/26/2026 20:58,8.100999832,0.101999998,0
5/26/2026 21:03,5.462999821,0.143999994,0
5/26/2026 21:08,3.509000063,0.061000001,0
5/26/2026 21:13,2.191999912,0.02,0
5/27/2026 5:53,2.191999912,0.02,0
5/27/2026 5:58,6.425000191,0.159999996,0
5/27/2026 6:03,8.897999763,0.135000005,0
5/27/2026 6:08,12.23799992,0.104999997,0
5/27/2026 6:13,15.97299957,0.089000002,0
5/27/2026 6:18,18.87000084,0.114,0
5/27/2026 6:23,22.27400017,0.101999998,0
5/27/2026 6:28,26.53899956,4.354000092,0.017999999
5/27/2026 6:33,31.44000053,8.477999687,0.041000001
5/27/2026 6:38,34.47100067,13.30900002,0.07
5/27/2026 6:43,37.86999893,15.32600021,0.089000002
5/27/2026 6:48,39.48099899,12.36400032,0.075000003
5/27/2026 6:53,38.78900146,14.54500008,0.086000003
5/27/2026 6:58,41.56100082,14.83699989,0.093999997
5/27/2026 7:03,45.93799973,12.27600002,0.086000003
5/27/2026 7:08,48.43700027,13.22099972,0.097999997
5/27/2026 7:13,51.26599884,14.64799976,0.115000002
5/27/2026 7:18,53.88199997,17.48900032,0.143999994
5/27/2026 7:23,56.375,16.5359993,0.143000007
5/27/2026 7:28,59.46699905,15.75300026,0.143000007
5/27/2026 7:33,62.99200058,16.93499947,0.163000003
5/27/2026 7:38,65.8769989,18.0170002,0.181999996
5/27/2026 7:43,179.6640015,6.806000233,0.187000006
5/27/2026 7:48,196.7610016,6.065000057,0.182999998
5/27/2026 7:54,213.8860016,5.902999878,0.193000004
5/27/2026 7:59,230.298996,6.143000126,0.216000006
5/27/2026 8:04,247.6549988,5.291999817,0.201000005
5/27/2026 8:09,266.0369873,5.484000206,0.223000005
5/27/2026 8:14,282.9049988,5.199999809,0.224999994
5/27/2026 8:19,301.1199951,5.427999973,0.25
5/27/2026 8:24,319.0509949,5.366000175,0.261999995
5/27/2026 8:29,337.1820068,6.862999916,0.354000002
5/27/2026 8:34,354.9030151,11.23400021,0.610000014
5/27/2026 8:39,373.6870117,5.110000134,0.291999996
5/27/2026 8:44,392.0639954,5.406000137,0.324000001
5/27/2026 8:49,408.8179932,5.334000111,0.333999991
5/27/2026 8:54,428.0480042,4.877999783,0.319000006
5/27/2026 8:59,447.7669983,4.736999989,0.324999988
5/27/2026 9:04,464.8819885,4.874000072,0.347000003
5/27/2026 9:09,483.0419922,5.046000004,0.372999996
5/27/2026 9:14,501.230011,4.757999897,0.36500001
5/27/2026 9:19,519.7620239,4.734000206,0.375999987
5/27/2026 9:24,538.4089966,4.558000088,0.375
5/27/2026 9:29,557.7550049,4.309000015,0.368000001
5/27/2026 9:34,573.46698,4.272999763,0.375
5/27/2026 9:39,592.1870117,4.428999901,0.400999993
5/27/2026 9:44,611.4829712,4.662000179,0.43599999
5/27/2026 9:49,632.6329956,8.010000229,0.774999976
5/27/2026 9:54,650.6030273,4.40500021,0.437999994
5/27/2026 9:59,663.4879761,4.414000034,0.448000014
5/27/2026 10:04,682.0620117,4.086999893,0.425999999
5/27/2026 10:09,696.6140137,4.138000011,0.441000015
5/27/2026 10:14,716.4210205,4.179999828,0.458000004
5/27/2026 10:19,733.1290283,5.609000206,0.629000008
5/27/2026 10:25,749.4879761,24.36400032,2.79399991
5/27/2026 10:30,765.9290161,22.66500092,2.655999899
5/27/2026 10:35,780.3460083,22.49099922,2.684999943
5/27/2026 10:40,793.0029907,22.4489994,2.723999977
5/27/2026 10:45,811.1090088,21.43300056,2.660000086
5/27/2026 10:50,821.2890015,22.50900078,2.828000069
5/27/2026 10:52,829.2659912,21.6760006,2.75
5/27/2026 10:57,847.3510132,23.42399979,3.036999941
5/27/2026 11:02,856.1459961,23.09300041,3.025000095
5/27/2026 11:07,872.7470093,23.125,3.088000059
5/27/2026 11:12,890.9899902,23.13599968,3.154000044
5/27/2026 11:27,919.7680054,0.096000001,0.013
5/27/2026 12:49,1014.434021,8.918999672,1.383999944
5/27/2026 12:54,1022.799988,19.01600075,2.976000071
5/27/2026 12:59,1017.78302,18.09600067,2.818000078
5/27/2026 13:04,1024.511963,17.19799995,2.696000099
5/27/2026 13:09,1015.737,16.18700027,2.516000032
5/27/2026 13:14,1021.432983,2.443000078,0.381999999
5/27/2026 13:19,1007.869995,1.603999972,0.246999994
5/27/2026 13:24,1012.638977,15.8739996,2.459000111
5/27/2026 13:47,1005.627014,0.004,0.001
5/27/2026 13:52,1003.718994,0.037,0.006
5/27/2026 13:57,1002.182983,20.70999908,3.176000118
5/27/2026 14:02,1008.278992,0.152999997,0.024
5/27/2026 14:07,990.6380005,0.131999999,0.02
5/27/2026 14:12,975.5130005,20.4829998,3.056999922
5/27/2026 14:23,971.1810303,10.95800018,1.628000021
5/27/2026 15:09,898.6480103,11.86600018,1.631000042
5/27/2026 15:16,886.9169922,1.159000039,0.157000005
5/27/2026 15:31,848.2290039,0.118000001,0.015
5/27/2026 15:55,821.5369873,17.2840004,2.173000097
5/27/2026 16:07,783.6480103,9.394000053,1.126000047
5/27/2026 16:12,768.7609863,16.77599907,1.97300005
5/27/2026 16:17,747.4169922,17.23800087,1.970999956
5/27/2026 16:22,728.3129883,17.1779995,1.914000034
5/27/2026 16:27,703.4580078,16.97400093,1.827000022
5/27/2026 16:32,684.5360107,17.31500053,1.812999964
5/27/2026 16:37,665.5629883,17.14500046,1.746000051
5/27/2026 16:42,654.1760254,17.10199928,1.712000012
5/27/2026 16:47,639.6300049,17.3409996,1.697000027
5/27/2026 16:52,618.1690063,17.20000076,1.626999974
5/27/2026 16:57,612.7789917,17.05599976,1.598999977
5/27/2026 17:02,597.8629761,16.79700089,1.536999941
5/27/2026 17:07,573.6749878,16.52099991,1.450000048
5/27/2026 17:12,545.1610107,16.82699966,1.404000044
5/27/2026 17:17,527.4899902,16.91699982,1.36500001
5/27/2026 17:22,515.8619995,16.50099945,1.302000046
5/27/2026 17:27,500.1650085,16.31299973,1.248000026
5/27/2026 17:32,480.5870056,16.37299919,1.203999996
5/27/2026 17:37,462.2510071,16.19000053,1.144999981
5/27/2026 17:42,440.2149963,15.15499973,1.021000028
5/27/2026 17:47,422.0270081,15.7159996,1.014999986
5/27/2026 17:52,404.2650146,15.11999989,0.935000002
5/27/2026 17:57,301.1470032,19.49099922,0.898000002
5/27/2026 18:02,91.97699738,18.39100075,0.259000003
5/27/2026 18:07,87.47399902,19.62299919,0.263000011
5/27/2026 18:12,79.04699707,20.43499947,0.246999994
5/27/2026 18:18,73.21900177,20.99399948,0.234999999
5/27/2026 18:23,70.21499634,22.34300041,0.239999995
5/27/2026 18:28,67.82700348,20.19799995,0.209999993
5/27/2026 18:33,64.76300049,21.78700066,0.216000006
5/27/2026 18:38,63.08800125,20.54800034,0.197999999
5/27/2026 18:43,60.94599915,19.18199921,0.179000005
5/27/2026 18:48,59.2820015,21.65200043,0.195999995
5/27/2026 18:53,57.7120018,19.38599968,0.171000004
5/27/2026 18:58,55.33499908,22.95199966,0.194000006
5/27/2026 19:03,53.78699875,20.01600075,0.165000007
5/27/2026 19:08,52.81800079,21.31200027,0.172000006
5/27/2026 19:13,52.11199951,22.11400032,0.175999999
5/27/2026 19:18,51.31000137,19.9829998,0.157000005
5/27/2026 19:23,49.52700043,21.76600075,0.165000007
5/27/2026 19:28,47.52500153,20.28499985,0.147
5/27/2026 19:33,46.08200073,23.66200066,0.166999996
5/27/2026 19:38,44.07099915,25.98200035,0.174999997
5/27/2026 19:43,41.9090004,17.87599945,0.115000002
5/27/2026 19:48,40.0870018,18.94099998,0.115999997
5/27/2026 19:53,38.28300095,16.34399986,0.096000001
5/27/2026 19:58,36.42100143,20.51000023,0.114
5/27/2026 20:03,34.31299973,18.82600021,0.098999999
5/27/2026 20:08,32.01599884,19.29999924,0.094999999
5/27/2026 20:13,27.4659996,5.250999928,0.022
5/27/2026 20:18,24.61700058,3.822999954,0.014
5/27/2026 20:23,22.62599945,5.142000198,0.017999999
5/27/2026 20:28,20.23999977,0.094999999,0
5/27/2026 20:33,18.11400032,0.116999999,0
5/27/2026 20:38,15.80799961,0.112000003,0
5/27/2026 20:43,13.48099995,0.123999998,0
5/27/2026 20:49,11.30099964,0.135000005,0
5/27/2026 20:54,9.121999741,0.072999999,0
5/27/2026 20:59,6.842999935,0.123999998,0
5/27/2026 21:04,5.000999928,0.137999997,0
5/27/2026 21:09,2.834000111,0.059,0
5/27/2026 21:14,1.304999948,0.096000001,0
5/28/2026 5:52,1.304999948,0.096000001,0
5/28/2026 5:57,6.697000027,0.077,0
5/28/2026 6:02,9.105999947,0.097999997,0
5/28/2026 6:07,11.63000011,0.118000001,0
5/28/2026 6:12,14.26099968,0.100000001,0
5/28/2026 6:17,17.05599976,0.112999998,0
5/28/2026 6:22,19.99099922,0.119999997,0
5/28/2026 6:27,22.74500084,0.105999999,0
5/28/2026 6:32,26.06200027,6.697999954,0.027000001
5/28/2026 6:37,28.93000031,6.426000118,0.028000001
5/28/2026 6:42,31.32999992,7.465000153,0.035999998
5/28/2026 6:47,33.87400055,12.54500008,0.064999998
5/28/2026 6:52,36.42100143,13.29800034,0.074000001
5/28/2026 6:57,38.49399948,12.68299961,0.075000003
5/28/2026 7:02,40.8429985,12.98700047,0.081
5/28/2026 7:07,42.97600174,16.21199989,0.107000001
5/28/2026 7:12,45.38700104,16.64500046,0.115999997
5/28/2026 7:17,47.79000092,14.61800003,0.107000001
5/28/2026 7:22,49.94499969,12.24800014,0.093999997
5/28/2026 7:27,52.16699982,12.85200024,0.103
5/28/2026 7:32,54.25400162,14.63500023,0.120999999
5/28/2026 7:37,56.4640007,16.52099991,0.143000007
5/28/2026 7:42,127.314003,7.677999973,0.150000006
5/28/2026 7:48,192.2030029,4.732999802,0.138999999
5/28/2026 7:53,208.7539978,4.725999832,0.150999993
5/28/2026 7:58,226.0740051,4.473999977,0.155000001
5/28/2026 8:03,244.2660065,4.922999859,0.184
5/28/2026 8:08,260.5759888,4.208000183,0.167999998
5/28/2026 8:13,276.9049988,3.818000078,0.162
5/28/2026 8:18,295.7449951,4.481999874,0.202999994
5/28/2026 8:23,313.6499939,4.355999947,0.209000006
5/28/2026 8:28,332.6380005,18.21699905,0.926999986
5/28/2026 8:33,350.4330139,13.68299961,0.734000027
5/28/2026 8:38,371.1220093,4.671000004,0.264999986
5/28/2026 8:43,389.5610046,4.06799984,0.241999999
5/28/2026 8:48,403.2659912,4.038000107,0.248999998
5/28/2026 8:53,421.7260132,3.816999912,0.246000007
5/28/2026 8:58,443.5629883,3.338999987,0.226999998
5/28/2026 9:03,479.0580139,3.740999937,0.273999989
5/28/2026 9:08,486.4620056,3.855999947,0.287
5/28/2026 9:13,467.7009888,5.816999912,0.416000009
5/28/2026 9:18,544.3859863,3.95600009,0.328999996
5/28/2026 9:23,472.1300049,4.605000019,0.333000004
5/28/2026 9:28,537.3120117,4.414999962,0.363000005
5/28/2026 9:47,641.3649902,2.394999981,0.234999999
5/28/2026 9:52,655.4879761,4.302999973,0.432000011
5/28/2026 9:57,630.7949829,3.551000118,0.342999995
5/28/2026 10:39,805.690979,10.88099957,1.340999961
5/28/2026 10:44,812.9190063,0.039000001,0.005
5/28/2026 12:03,988.4429932,12.53199959,1.894999981
5/28/2026 12:08,998.007019,18.87800026,2.882999897
5/28/2026 12:13,1008.299011,18.55599976,2.862999916
5/28/2026 12:18,1012.820984,16.68199921,2.585000038
5/28/2026 12:23,1017.273987,16.00600052,2.490999937
5/28/2026 12:28,1020.267029,18.60000038,2.903000116
5/28/2026 12:33,1022.875,18.74200058,2.933000088
5/28/2026 12:38,1026.379028,18.77199936,2.947999954
5/28/2026 12:43,1028.249023,18.59399986,2.924999952
5/28/2026 12:48,1027.912964,18.35000038,2.885999918
5/28/2026 12:53,1031.237061,18.12599945,2.859999895
5/28/2026 12:58,1026.004028,17.95499992,2.819000006
5/28/2026 13:03,1030.833984,17.52700043,2.763999939
5/28/2026 13:08,1035.764038,16.9829998,2.690999985
5/28/2026 13:13,1032.829956,17.31599998,2.736000061
5/28/2026 13:18,1037.31604,17.21699905,2.73300004
5/28/2026 13:23,1035.631958,17.05699921,2.703000069
5/28/2026 17:25,292.5440063,2.520999908,0.112999998
5/29/2026 8:09,292.5440063,2.520999908,0.112999998
5/29/2026 8:14,310.3699951,2.757999897,0.130999997
5/29/2026 8:19,329.348999,2.579999924,0.129999995
5/29/2026 8:24,348.5710144,2.493000031,0.133000001
5/29/2026 8:29,369.2479858,12.98900032,0.734000027
5/29/2026 8:34,385.4419861,10.83399963,0.638999999
5/29/2026 8:39,406.0140076,2.318000078,0.143999994
5/29/2026 8:45,424.6740112,2.059000015,0.134000003
5/29/2026 8:50,444.2059937,2.035000086,0.137999997
5/29/2026 8:55,465.5589905,2.096999884,0.149000004
5/29/2026 9:00,484.0549927,2.148000002,0.158999994
5/29/2026 9:05,504.4819946,2.256999969,0.173999995
5/29/2026 9:10,522.5689697,3.102999926,0.247999996
5/29/2026 9:15,541.1630249,2.595000029,0.215000004
5/29/2026 9:20,564.3150024,1.858999968,0.160999998
5/29/2026 9:25,580.5460205,2.066999912,0.184
5/29/2026 9:30,600.1900024,1.978000045,0.181999996
5/29/2026 9:35,616.8569946,2.137000084,0.202000007
5/29/2026 9:40,633.7369995,1.978000045,0.192000002
5/29/2026 9:45,651.9890137,1.907999992,0.189999998
5/29/2026 9:50,668.3330078,5.063000202,0.518000007
5/29/2026 9:55,688.3200073,1.957000017,0.206
5/29/2026 10:00,704.9899902,1.616999984,0.173999995
5/29/2026 10:05,721.9680176,2.107000113,0.232999995
5/29/2026 10:10,738.0009766,1.924000025,0.216999993
5/29/2026 10:15,753.6799927,1.909000039,0.219999999
5/29/2026 10:20,773.8289795,2.224999905,0.263000011
5/29/2026 10:25,790.9140015,20.34499931,2.461999893
5/29/2026 10:30,806.414978,20.80699921,2.566999912
5/29/2026 11:26,957.7689819,19.82999992,2.905999899
5/29/2026 11:30,965.3499756,19.70000076,2.910000086
5/29/2026 11:34,974.9210205,19.48999977,2.907000065
5/29/2026 11:38,985.4329834,19.28199959,2.907000065
5/29/2026 11:39,985.4329834,19.28199959,2.907000065
5/29/2026 11:44,995.5130005,19.17300034,2.920000076
5/29/2026 11:50,1002.546021,19.03800011,2.920000076
5/29/2026 11:54,1008.671997,18.92300034,2.920000076
5/29/2026 11:55,1014.218994,18.81900024,2.920000076
5/29/2026 11:55,1015.03302,18.80400085,2.920000076
5/29/2026 11:56,1015.03302,18.80400085,2.920000076
5/29/2026 11:56,1015.854004,18.78899956,2.920000076
5/29/2026 12:01,1020.724976,18.6989994,2.920000076
5/29/2026 12:01,1021.703003,18.68099976,2.920000076
5/29/2026 12:05,1020.203003,18.70899963,2.920000076
5/29/2026 12:08,1032.718018,18.48200035,2.920000076
5/29/2026 12:09,1032.654053,18.4829998,2.920000076
5/29/2026 12:09,1032.654053,18.4829998,2.920000076
5/29/2026 12:09,1033.552002,18.46699905,2.920000076
5/29/2026 12:11,1035.785034,18.42700005,2.920000076
5/29/2026 12:12,1035.927002,18.63899994,2.953999996
5/29/2026 12:17,1042.984009,18.35499954,2.928999901
5/29/2026 12:22,1047.01001,18.42900085,2.951999903
5/29/2026 12:27,1050.619019,18.13800049,2.915999889
5/29/2026 12:32,1054.025024,18.01399994,2.904999971
5/29/2026 12:37,1056.667969,17.99900055,2.910000086
5/29/2026 12:42,1061.192993,17.96999931,2.917999983
5/29/2026 12:47,1061.180054,17.7159996,2.875999928
5/29/2026 12:52,1065.537964,17.61899948,2.871999979
5/29/2026 12:57,1063.774048,17.47599983,2.844000101
5/29/2026 13:02,1063.213989,17.49099922,2.845000029
5/29/2026 13:10,1063.035034,17.49399948,2.845000029
5/29/2026 13:11,1062.727051,17.49900055,2.845000029
5/29/2026 13:11,1063.415039,17.48800087,2.845000029
5/29/2026 17:13,567.7369995,32.75600052,2.845000029
5/29/2026 17:16,557.3140259,33.36800003,2.845000029
5/29/2026 17:19,545.0809937,34.11700058,2.845000029
5/29/2026 17:20,543.6569824,13.81200027,1.149000049
5/29/2026 17:20,542.7009888,13.93099976,1.156999946
5/29/2026 17:20,542.7009888,13.93099976,1.156999946
5/29/2026 17:20,542.7009888,13.60499954,1.129999995
5/29/2026 17:34,488.1839905,13.50500011,1.008999944
5/29/2026 17:35,479.5220032,13.23799992,0.971000016
5/29/2026 17:36,478.2099915,13.15799999,0.963
5/29/2026 17:41,458.6700134,12.82199955,0.899999976
5/29/2026 17:46,439.1499939,12.81799984,0.861000001
5/29/2026 17:51,421.4549866,12.55700016,0.810000002
5/29/2026 17:56,348.1459961,14.31499958,0.762000024
5/29/2026 18:01,54.79499817,20.15699959,0.169
5/29/2026 18:06,53.37599945,17.59900093,0.143999994
5/29/2026 18:11,51.98899841,17.50499916,0.138999999
5/29/2026 18:16,51.4129982,17.54299927,0.137999997
5/29/2026 18:21,50.25600052,17.91300011,0.137999997
5/29/2026 18:26,49.74200058,17.61700058,0.134000003
5/29/2026 18:31,49.05799866,15.31200027,0.115000002
5/29/2026 18:36,47.83800125,17.50300026,0.128000006
5/29/2026 18:42,46.60599899,16.22400093,0.115999997
5/29/2026 18:47,45.81000137,17.33099937,0.120999999
5/29/2026 18:52,44.90299988,16.20899963,0.111000001
5/29/2026 18:57,44.04999924,17.9829998,0.120999999
5/29/2026 19:02,43.09700012,15.25,0.101000004
5/29/2026 19:07,42.1969986,13.35000038,0.086000003
5/29/2026 19:12,41.28699875,19.26499939,0.122000001
5/29/2026 19:17,40.22200012,16.54800034,0.101999998
5/29/2026 19:22,39.18600082,15.91699982,0.094999999
5/29/2026 19:27,38.04100037,14.32699966,0.082999997
5/29/2026 19:32,36.94900131,14.96899986,0.085000001
5/29/2026 19:37,35.22700119,13.52499962,0.072999999
5/29/2026 19:42,34.29299927,15.87199974,0.082999997
5/29/2026 19:47,33.51499939,16.60899925,0.085000001
5/29/2026 19:52,29.74200058,5.535999775,0.025
5/29/2026 19:57,28.61899948,4.277999878,0.018999999
5/29/2026 20:02,28.50699997,6.589000225,0.028999999
5/29/2026 20:07,26.70199966,4.09800005,0.017000001
5/29/2026 20:12,23.22500038,4.855999947,0.017000001
5/29/2026 20:17,21.43499947,0.131999999,0
5/29/2026 20:22,20.1060009,0.130999997,0
5/29/2026 20:27,18.36499977,0.096000001,0
5/29/2026 20:32,16.08699989,0.109999999,0
5/29/2026 20:37,13.45600033,0.127000004,0
5/29/2026 20:42,10.42300034,0.142000005,0
5/29/2026 20:47,8.027000427,0.092,0
5/29/2026 20:52,5.959000111,0.172000006,0
5/29/2026 20:57,4.552999973,0.142000005,0
5/29/2026 21:03,3.134000063,0.141000003,0
5/29/2026 21:08,1.776000023,-0.136000007,0
5/29/2026 21:13,0.842999995,0.140000001,0
5/30/2026 5:41,0.842999995,0.140000001,0
5/30/2026 5:46,1.963000059,0.085000001,0
5/30/2026 5:51,4.27699995,0.01,0
5/30/2026 5:56,6.40500021,0.046,0
5/30/2026 6:01,9.777999878,0.068000004,0
5/30/2026 6:06,12.61100006,0.109999999,0
5/30/2026 6:11,16.2329998,0.085000001,0
5/30/2026 6:16,20.13500023,0.068000004,0
5/30/2026 6:21,24.41799927,0.061999999,0
5/30/2026 6:26,28.07099915,0.085000001,0
5/30/2026 6:31,32.01599884,0.090000004,0
5/30/2026 6:36,35.86899948,3.584000111,0.02
5/30/2026 6:41,39.61100006,4.527999878,0.027000001
5/30/2026 6:46,43.9679985,7.964000225,0.054000001
5/30/2026 6:51,48.44800186,8.142000198,0.059999999
5/30/2026 6:56,53.36199951,10.06099987,0.082000002
5/30/2026 7:01,57.68700027,10.09399986,0.089000002
5/30/2026 7:06,61.25299835,12.21399975,0.114
5/30/2026 7:11,64.25900269,11.59300041,0.114
5/30/2026 7:16,68.04299927,10.60999966,0.109999999
5/30/2026 7:21,72.44300079,11.17199993,0.123999998
5/30/2026 7:26,77.11499786,10.17599964,0.119999997
5/30/2026 7:31,82.49099731,12.89099979,0.163000003
5/30/2026 7:37,89.92099762,12.6590004,0.173999995
5/30/2026 7:42,99.21600342,12.90600014,0.195999995
5/30/2026 7:47,117.3130035,10.31099987,0.185000002
5/30/2026 7:52,119.7050018,10.23999977,0.187999994
5/30/2026 7:57,120.0459976,11.30900002,0.208000004
5/30/2026 8:02,138.2449951,11.40100002,0.240999997
5/30/2026 8:07,152.2810059,10.81599998,0.252000004
5/30/2026 8:12,183.1970062,8.651000023,0.241999999
5/30/2026 8:17,207.3029938,8.991999626,0.284999996
5/30/2026 8:22,248.4830017,8.819999695,0.335000008
5/30/2026 8:27,289.9110107,12.91800022,0.573000014
5/30/2026 8:32,289.3009949,13.75300026,0.609000027
5/30/2026 8:37,318.4979858,9.855999947,0.479999989
5/30/2026 8:42,300.2349854,8.595000267,0.395000011
5/30/2026 8:47,338.8380127,8.05700016,0.418000013
5/30/2026 8:52,341.8190002,7.958000183,0.416000009
5/30/2026 8:57,397.4930115,7.349999905,0.446999997
5/30/2026 9:02,368.1929932,8.012000084,0.451000005
5/30/2026 9:07,331.9729919,9.199000359,0.467000008
5/30/2026 9:12,354.5409851,10.47500038,0.568000019
5/30/2026 9:17,432.6470032,7.656000137,0.507000029
5/30/2026 9:22,453.5180054,6.882999897,0.477999985
5/30/2026 9:27,496.8049927,6.625999928,0.504000008
5/30/2026 9:32,444.5209961,7.316999912,0.497999996
5/30/2026 9:37,539.7940063,6.138000011,0.507000029
5/30/2026 9:42,432.9899902,8.090000153,0.536000013
5/30/2026 9:47,571.1569824,5.931000233,0.518000007
5/30/2026 9:52,556.1760254,8.010000229,0.681999981
5/30/2026 9:58,584.5969849,6.203999996,0.555000007
5/30/2026 10:03,637.039978,6.218999863,0.606000006
5/30/2026 10:08,531.2550049,7.420000076,0.602999985
5/30/2026 10:13,584.4639893,6.790999889,0.606999993
5/30/2026 10:18,592.7849731,6.894000053,0.625
5/30/2026 10:23,714.1010132,9.699999809,1.059999943
5/30/2026 10:28,807.1409912,18.86300087,2.328999996
5/30/2026 10:33,759.2410278,18.92099953,2.197999954
5/30/2026 10:38,801.914978,18.68499947,2.292000055
5/30/2026 10:43,870.9910278,18.17700005,2.421999931
5/30/2026 10:48,830.1939697,18.12299919,2.302000046
5/30/2026 10:53,779.8720093,19.90600014,2.375
5/30/2026 10:58,750.4180298,17.45999908,2.005000114
5/30/2026 11:03,811.8629761,17.04999924,2.118000031
5/30/2026 11:08,726.4140015,18.2310009,2.026000023
5/30/2026 11:13,738.9329834,18.07900047,2.04399991
5/30/2026 11:18,647.0170288,17.94099998,1.776000023
5/30/2026 11:23,772.8179932,17.6779995,2.089999914
5/30/2026 11:28,788.0269775,17.60700035,2.122999907
5/30/2026 11:33,800.4959717,17.79000092,2.178999901
5/30/2026 11:38,852.2990112,17.98900032,2.345999956
5/30/2026 11:43,917.2219849,17.62000084,2.47300005
5/30/2026 11:48,949.348999,17.47699928,2.538000107
5/30/2026 11:53,897.026001,17.58699989,2.414000034
5/30/2026 11:58,878.1849976,17.3029995,2.325000048
5/30/2026 12:03,841.4310303,16.7159996,2.15199995
5/30/2026 12:08,818.2249756,17.59900093,2.203000069
5/30/2026 12:13,903.0650024,17.37400055,2.401000023
5/30/2026 12:18,959.8330078,16.91600037,2.483999968
5/30/2026 12:24,938.0529785,17.01499939,2.441999912
5/30/2026 12:29,976.0300293,16.99500084,2.538000107
5/30/2026 12:34,994.2769775,16.73900032,2.546000004
5/30/2026 12:39,1027.517944,16.57900047,2.605999947
5/30/2026 12:44,1010.583008,16.67300034,2.578000069
5/30/2026 12:49,1016.775024,16.69199944,2.596999884
5/30/2026 12:54,1041.980957,16.63400078,2.65199995
5/30/2026 12:59,1017.991028,16.56699944,2.579999924
5/30/2026 13:04,1004.030029,16.71500015,2.568000078
5/30/2026 13:09,1005.158997,16.47800064,2.53399992
5/30/2026 13:14,1009.046997,16.57600021,2.559000015
5/30/2026 13:19,1041.728027,16.3010006,2.59800005
5/30/2026 13:24,1053.96106,16.29000092,2.627000093
5/30/2026 13:46,1037.234009,1.350999951,0.214000002
5/30/2026 13:51,1035.035034,16.61899948,2.631999969
5/30/2026 13:56,1032.958008,16.07999992,2.540999889
5/30/2026 14:01,1009.872009,15.66800022,2.421000004
5/30/2026 14:07,948.9299927,15.86400032,2.302999973
5/30/2026 14:12,972,15.32999992,2.279999971
5/30/2026 14:17,950.3950195,15.07199955,2.191999912
5/30/2026 14:22,959.6110229,15.13500023,2.221999884
5/30/2026 14:27,864.6569824,14.81999969,1.960999966
5/30/2026 14:32,726.4229736,15.05900002,1.674000025
5/30/2026 14:37,845.9569702,15.12100029,1.957000017
5/30/2026 14:42,795.6530151,14.81000042,1.802999973
5/30/2026 14:47,792.039978,15.44499969,1.871999979
5/30/2026 14:52,699.7650146,15.35299969,1.644000053
5/30/2026 14:57,577.2109985,14.87300014,1.312999964
5/30/2026 15:02,564.7390137,15.44799995,1.335000038
5/30/2026 15:07,695.6619873,15.15200043,1.613000035
5/30/2026 15:12,805.8010254,14.52700043,1.791000009
5/30/2026 15:17,319.6940002,2.471999884,0.120999999
6/1/2026 8:12,319.6940002,2.471999884,0.120999999
6/1/2026 8:17,334.1350098,2.681999922,0.136999995
6/1/2026 8:23,344.2810059,2.698999882,0.142000005
6/1/2026 8:28,361.0239868,12.58199978,0.694999993
6/1/2026 8:33,377.6730042,7.339000225,0.423999995
6/1/2026 8:38,395.6140137,2.084000111,0.126000002
6/1/2026 8:43,412.8059998,2.203000069,0.138999999
6/1/2026 8:48,431.0580139,2.285000086,0.150999993
6/1/2026 8:53,446.7919922,1.97300005,0.135000005
6/1/2026 8:58,477.927002,2.002000093,0.145999998
6/1/2026 9:03,499.5950012,2.107000113,0.160999998
6/1/2026 9:08,524.3220215,2.290999889,0.184
6/1/2026 9:13,497.1820068,4.066999912,0.308999985
6/1/2026 9:18,504.2470093,4.460000038,0.344000012
6/1/2026 9:23,552.1439819,2.461999893,0.208000004
6/1/2026 9:28,607.1929932,2.020999908,0.187999994
6/1/2026 9:33,499.0130005,3.171000004,0.241999999
6/1/2026 9:38,613.5360107,2.64199996,0.247999996
6/1/2026 9:43,641.6430054,2.676000118,0.263000011
6/1/2026 9:48,631.5180054,3.015000105,0.291000009
6/1/2026 9:53,695.0969849,4.916999817,0.523000002
6/1/2026 9:58,681.0219727,3.473999977,0.361999989
6/1/2026 10:03,693.4290161,3.874000072,0.411000013
6/1/2026 10:08,698.6190186,3.984999895,0.425999999
6/1/2026 10:13,657.3120117,4.494999886,0.451999992
6/1/2026 10:18,562.5900269,5.855999947,0.504000008
6/1/2026 10:23,755.0579834,7.760000229,0.896000028
6/1/2026 10:28,731.4470215,16.6760006,1.866000056
6/1/2026 10:33,697.3029785,16.17000008,1.725000024
6/1/2026 10:38,690.0620117,16.39100075,1.730999947
6/1/2026 10:44,720.2130127,16.82799911,1.853999972
6/1/2026 10:49,761.7369995,16.35899925,1.906999946
6/1/2026 10:54,303.8380127,12.82600021,0.596000016
6/1/2026 10:59,569.9500122,14.64099979,1.27699995
6/1/2026 11:04,861.5859985,16.43799973,2.167000055
6/1/2026 11:09,795.7260132,16.00099945,1.947999954
6/1/2026 11:14,918.8049927,15.38599968,2.163000107
6/1/2026 11:19,812.7379761,15.36299992,1.909999967
6/1/2026 11:24,827.9379883,16.93799973,2.145999908
6/1/2026 11:29,972.0620117,15.55099964,2.312999964
6/1/2026 11:34,1052.328979,16.05200005,2.584000111
6/1/2026 11:39,883.4489746,17.86300087,2.414000034
6/1/2026 11:44,961.8969727,15.96399975,2.348999977
6/1/2026 11:49,985.4400024,15.60200024,2.351999998
6/1/2026 11:54,1056.043945,15.4630003,2.497999907
6/1/2026 11:59,1033.552002,15.44400024,2.441999912
6/1/2026 12:04,980.1049805,15.67800045,2.351000071
6/1/2026 12:09,904.9530029,15.65499973,2.167999983
6/1/2026 12:14,999.7390137,15.33300018,2.345000029
6/1/2026 12:19,659.559021,18.6609993,1.883000016
6/1/2026 12:24,1046.198975,15.81799984,2.532000065
6/1/2026 12:29,1046.85498,15.77999973,2.52699995
6/1/2026 12:34,1001.161011,15.99199963,2.450000048
6/1/2026 12:39,1020.473022,15.73499966,2.457000017
6/1/2026 12:44,1055.745972,15.24100018,2.461999893
6/1/2026 12:49,1057.732056,15.24800014,2.467999935
6/1/2026 12:54,1071.48999,14.99800014,2.459000111
6/1/2026 12:59,1025.81897,14.85000038,2.33100009
6/1/2026 13:04,1074.583008,14.73499966,2.423000097
6/1/2026 13:10,416.7409973,14.9659996,0.953999996
6/1/2026 13:15,977.0900269,15.11999989,2.25999999
6/1/2026 13:20,974.7979736,15.03999996,2.243000031
6/1/2026 13:25,986.6900024,14.72399998,2.22300005
6/1/2026 13:47,1035.000977,0.001,0
6/1/2026 13:52,1037.14502,0.001,0
6/1/2026 14:02,1024.68103,0.001,0
6/1/2026 14:07,1019.414001,0,0
6/1/2026 14:12,1011.583984,0.001,0
6/1/2026 14:17,1021.914978,0,0
6/1/2026 14:23,1006.213013,0.001,0
6/1/2026 14:28,1001.857971,0,0
6/1/2026 14:33,1013.252991,0,0
6/1/2026 14:38,984.0390015,0.001,0
6/1/2026 14:43,982.4660034,0,0
6/1/2026 14:48,972.2420044,0.538999975,0.079999998
6/1/2026 14:53,957.2210083,0.001,0
6/1/2026 14:58,941.7440186,0.001,0
6/1/2026 15:03,933.9290161,0.001,0
6/1/2026 15:08,933.2730103,0,0
6/1/2026 15:13,924.164978,0,0
6/1/2026 15:18,930.9140015,0.001,0
6/1/2026 15:23,906.5939941,0,0
6/1/2026 15:28,899.3120117,0.001,0
6/1/2026 15:33,889.0670166,0.001,0
6/1/2026 15:38,873.184021,12.14700031,1.623000026
6/1/2026 15:43,861.6569824,12.05000019,1.588999987
6/1/2026 15:48,844.6010132,12.0539999,1.557999969
6/1/2026 15:53,834.1190186,0.001,0
6/1/2026 15:58,818.3779907,12.14000034,1.519999981
6/1/2026 16:03,747.9110107,11.72799969,1.342000008
6/1/2026 16:08,588.0980225,13.27999973,1.195000052
6/1/2026 16:13,705.2180176,12.60400009,1.360000014
6/1/2026 16:18,781.8309937,12.61400032,1.508999944
6/1/2026 16:23,691.2960205,13.21500015,1.398000002
6/1/2026 16:28,698.4979858,12.38300037,1.322999954
6/1/2026 16:33,734.7219849,12.32600021,1.386000037
6/1/2026 16:38,705.8010254,12.36100006,1.335000038
6/1/2026 16:44,680.5300293,12.24800014,1.274999976
6/1/2026 16:49,658.7789917,12.27700043,1.236999989
6/1/2026 16:54,656.0570068,11.89099979,1.194000006
6/1/2026 16:59,648.7680054,11.86600018,1.177999973
6/1/2026 17:04,579.4559937,11.89000034,1.05400002
6/1/2026 17:09,568.5369873,11.47099972,0.998000026
6/1/2026 17:14,578.2540283,11.70300007,1.034999967
6/1/2026 17:19,558.1760254,11.45199966,0.977999985
6/1/2026 17:24,535.4509888,11.66699982,0.95599997
6/1/2026 17:29,448.9389954,12.76599979,0.876999974
6/1/2026 17:34,497.0830078,11.5010004,0.875
6/1/2026 17:39,474.2330017,10.93999958,0.79400003
6/1/2026 17:44,436.2810059,11.18299961,0.745999992
6/1/2026 17:49,425.2139893,10.71000004,0.697000027
6/1/2026 17:54,131.1840057,15.125,0.30399999
6/1/2026 17:59,66.80000305,11.29100037,0.115000002
6/1/2026 18:04,67.3010025,12.35999966,0.127000004
6/1/2026 18:09,67.67099762,12.44299984,0.128999993
6/1/2026 18:14,62.89799881,10.41100025,0.100000001
6/1/2026 18:19,57.6269989,12.11299992,0.107000001
6/1/2026 18:24,56.13700104,12.21899986,0.104999997
6/1/2026 18:29,57.97499847,11.05900002,0.097999997
6/1/2026 18:34,57.40800095,13.66699982,0.119999997
6/1/2026 18:39,53.14500046,11.8210001,0.096000001
6/1/2026 18:44,55.13600159,11.50899982,0.097000003
6/1/2026 18:49,62.13899994,12.40999985,0.118000001
6/1/2026 18:54,87.1289978,12.50300026,0.166999996
6/1/2026 18:59,80.71800232,10.44900036,0.128999993
6/1/2026 19:05,83.70700073,11.36699963,0.145999998
6/1/2026 19:10,76.29299927,9.755999565,0.114
6/1/2026 19:15,72.72699738,12.55200005,0.140000001
6/1/2026 19:20,64.92099762,10.42000008,0.104000002
6/1/2026 19:25,68.01300049,10.42500019,0.108000003
6/1/2026 19:30,69.96099854,13.7510004,0.147
6/1/2026 19:35,68.29699707,10.10900021,0.105999999
6/1/2026 19:40,62.26300049,10.60999966,0.101000004
6/1/2026 19:45,52.59000015,9.104999542,0.072999999
6/1/2026 19:50,46.72200012,10.34799957,0.074000001
6/1/2026 19:55,42.56000137,9.522000313,0.061999999
6/1/2026 20:00,37.95899963,4.414000034,0.026000001
6/1/2026 20:05,31.10400009,4.178999901,0.02
6/1/2026 20:10,28.74600029,2.262000084,0.01
6/1/2026 20:15,25.46100044,0.093000002,0
6/1/2026 20:20,22.24099922,0.092,0
6/1/2026 20:25,20.21500015,0.111000001,0
6/1/2026 20:30,18.78199959,0.141000003,0
6/1/2026 20:35,16.69000053,0.100000001,0
6/1/2026 20:40,14.35400009,0.075999998,0
6/1/2026 20:45,11.39900017,0.108999997,0
6/1/2026 20:50,9.755000114,0.083999999,0
6/1/2026 20:55,7.736999989,0.109999999,0
6/1/2026 21:00,5.920000076,0.056000002,0
6/1/2026 21:05,4.561999798,0.068000004,0
6/1/2026 21:10,2.667000055,-0.029999999,0
6/1/2026 21:15,1.220999956,0.165000007,0
6/1/2026 21:20,0.257999986,-0.291000009,0
6/2/2026 5:39,0.257999986,-0.291000009,0
6/2/2026 5:44,1.751000047,0.160999998,0
6/2/2026 5:49,3.017999887,0.166999996,0
6/2/2026 5:54,4.500999928,0.009,0
6/2/2026 5:59,6.40500021,0.050000001,0
6/2/2026 6:04,9.291000366,0.082000002,0
6/2/2026 6:09,12.03899956,0.061000001,0
6/2/2026 6:14,12.6789999,0.07,0
6/2/2026 6:19,14.93000031,0.098999999,0
6/2/2026 6:24,17.18899918,0.07,0
6/2/2026 6:29,17.65299988,0.071000002,0
6/2/2026 6:34,18.72900009,0.083999999,0
6/2/2026 6:39,19.56100082,0.057999998,0
6/2/2026 6:44,19.94499969,0.052999999,0
6/2/2026 6:49,27.73500061,0.075000003,0
6/2/2026 6:54,35.47000122,0.07,0
6/2/2026 6:59,41.77799988,3.627000093,0.023
6/2/2026 7:04,38.20600128,3.834000111,0.022
6/2/2026 7:09,48.67300034,6.269999981,0.046999998
6/2/2026 7:14,55.79700089,6.190999985,0.052999999
6/2/2026 7:19,62.87799835,8.140999794,0.078000002
6/2/2026 7:24,73.20500183,7.977000237,0.089000002
6/2/2026 7:29,90.77300262,7.237999916,0.101000004
6/2/2026 7:34,98.34300232,9.043999672,0.136000007
6/2/2026 7:39,102.2969971,9.934000015,0.155000001
6/2/2026 7:44,119.1549988,9.656999588,0.175999999
6/2/2026 7:50,101.1110001,11.04899979,0.171000004
6/2/2026 7:55,87.51300049,8.890000343,0.119000003
6/2/2026 8:00,80.5019989,11.60299969,0.143000007
6/2/2026 8:05,83.76699829,9.307999611,0.119000003
6/2/2026 8:10,99.71700287,9.300999641,0.142000005
6/2/2026 8:15,95.8030014,9.637000084,0.141000003
6/2/2026 8:20,79.8259964,8.741000175,0.107000001
6/2/2026 8:25,91.10600281,9.751000404,0.136000007
6/2/2026 8:30,119.2210007,10.21800041,0.186000004
6/2/2026 8:35,185.8809967,7.962999821,0.225999996
6/2/2026 8:40,144.246994,9.25399971,0.203999996
6/2/2026 8:45,164.802002,10.48600006,0.263999999
6/2/2026 8:50,226.3329926,7.769000053,0.268999994
6/2/2026 8:55,122.586998,10.98200035,0.206
6/2/2026 9:00,128.1490021,9.75,0.191
6/2/2026 9:05,98.66699982,9.654000282,0.145999998
6/2/2026 9:10,95.46099854,9.522000313,0.138999999
6/2/2026 9:15,86.35700226,9.442000389,0.125
6/2/2026 9:20,133.1040039,10.6590004,0.216999993
6/2/2026 9:25,143.4089966,9.767000198,0.214000002
6/2/2026 9:30,222.6799927,10.27600002,0.349999994
6/2/2026 9:35,333.3299866,8.321000099,0.423999995
6/2/2026 9:40,322.1329956,8.972999573,0.442000002
6/2/2026 9:45,175.4029999,11.14900017,0.298999995
6/2/2026 9:50,134.3269958,10.93599987,0.224999994
6/2/2026 9:55,146.9940033,11.82699966,0.266000003
6/2/2026 10:00,177.1790009,8.727999687,0.237000003
6/2/2026 10:05,674.6560059,4.093999863,0.423000008
6/2/2026 10:10,287.730011,10.80300045,0.476000011
6/2/2026 10:16,291.4309998,12.05099964,0.537
6/2/2026 10:21,286.5620117,10.79199982,0.47299999
6/2/2026 10:26,962.8549805,7.623000145,1.123000026
6/2/2026 10:31,291.1040039,12.05500031,0.537
6/2/2026 10:36,669.1630249,14.09899998,1.444000006
6/2/2026 10:41,935.8289795,15.07900047,2.15899992
6/2/2026 10:46,555.335022,15.29800034,1.299999952
6/2/2026 10:51,836.6380005,17.09000015,2.187999964
6/2/2026 10:56,967.8670044,14.81999969,2.194999933
6/2/2026 11:01,470.9440002,22.0189991,1.587000012
6/2/2026 11:06,774.3610229,12.66100025,1.5
6/2/2026 11:11,294.7409973,12.33199978,0.555999994
6/2/2026 11:16,365.1199951,12.39599991,0.691999972
6/2/2026 11:21,363.3510132,12.25599957,0.680999994
6/2/2026 11:26,282.2720032,12.36299992,0.533999979
6/2/2026 11:31,293.5490112,12.18599987,0.546999991
6/2/2026 11:36,229.1679993,12.47599983,0.437000006
6/2/2026 11:41,250.1419983,12.71800041,0.486999989
6/2/2026 11:46,301.8309937,12.45100021,0.574999988
6/2/2026 11:51,296.526001,12.67300034,0.574999988
6/2/2026 11:56,286.696991,13.22000027,0.579999983
6/2/2026 12:01,365.7099915,13.07999992,0.731999993
6/2/2026 12:06,253.8150024,13.94699955,0.541999996
6/2/2026 12:11,175.5269928,13.52000046,0.363000005
6/2/2026 12:16,155.1380005,13.99600029,0.331999987
6/2/2026 12:21,187.5590057,13.60099983,0.389999986
6/2/2026 12:26,225.1089935,11.70400047,0.402999997
6/2/2026 12:31,211.1860046,13.92399979,0.449999988
6/2/2026 12:37,243.0930023,12.09500027,0.449999988
6/2/2026 12:42,358.072998,13.91100025,0.762000024
6/2/2026 12:47,358.5169983,12.52600002,0.686999977
6/2/2026 12:52,292.2149963,13.59399986,0.60799998
6/2/2026 12:57,243.0610046,11.56900024,0.430000007
6/2/2026 13:02,255.272995,14.0340004,0.547999978
6/2/2026 13:07,179.7259979,11.83899975,0.326000005
6/2/2026 13:12,105.1949997,12.51200008,0.201000005
6/2/2026 13:17,46.50099945,13.68200016,0.097000003
6/2/2026 13:22,30.31500053,4.046000004,0.018999999
6/2/2026 13:45,322.8590088,15.05799961,0.744000018
6/2/2026 13:51,188.3430023,12.08399963,0.34799999
6/2/2026 13:56,93.63400269,11.91100025,0.171000004
6/2/2026 14:01,59.37400055,9.621999741,0.086999997
6/2/2026 14:06,38.82500076,4.393000126,0.026000001
6/2/2026 14:11,8.251000404,0.115000002,0
6/2/2026 14:16,11.66699982,0.092,0
6/2/2026 14:21,18.67399979,0.068000004,0
6/2/2026 14:26,58.42699814,5.989999771,0.054000001
6/2/2026 14:31,131.5090027,9.819000244,0.197999999
6/2/2026 14:36,111.4400024,11.29699993,0.193000004
6/2/2026 14:41,104.6809998,11.60099983,0.186000004
6/2/2026 14:46,141.7420044,12.98799992,0.282000005
6/2/2026 14:51,223.9019928,11.81900024,0.405000001
6/2/2026 14:56,370.5870056,13.79599953,0.782000005
6/2/2026 15:01,303.4700012,12.04500008,0.559000015
6/2/2026 15:06,662.2449951,12.70699978,1.286999941
6/2/2026 15:11,676.6400146,12.94799995,1.340000033
6/2/2026 15:16,476.5870056,12.69400024,0.925999999
6/2/2026 15:21,517.0789795,13.12199974,1.037999988
6/2/2026 15:26,525.1870117,12.6420002,1.016000032
6/2/2026 15:31,426.1870117,13.18200016,0.860000014
6/2/2026 15:36,250.6009979,13.1420002,0.504000008
6/2/2026 15:41,238.6239929,12.97000027,0.474000007
6/2/2026 15:46,211.4989929,12.97099972,0.419999987
6/2/2026 15:51,169.177002,11.6590004,0.301999986
6/2/2026 15:56,112.5670013,11.93000031,0.204999998
6/2/2026 16:01,182.0050049,12.38700008,0.344999999
6/2/2026 16:06,247.6940002,12.25399971,0.463999987
6/2/2026 16:12,331.848999,12.24699974,0.621999979
6/2/2026 16:17,319.946991,12.94999981,0.634000003
6/2/2026 16:22,232.772995,12.80700016,0.456
6/2/2026 16:27,255.7899933,12.46500015,0.488000005
6/2/2026 16:32,277.5589905,13.42300034,0.569999993
6/2/2026 16:37,171.9429932,13.47099972,0.354000002
6/2/2026 16:42,145.25,13.11699963,0.291999996
6/2/2026 16:47,238.2220001,12.93500042,0.470999986
6/2/2026 16:52,107.9589996,13.70899963,0.225999996
6/2/2026 16:57,85.48600006,10.33199978,0.135000005
6/2/2026 17:02,127.3050003,11.59399986,0.225999996
6/2/2026 17:07,100.9420013,12.10999966,0.187000006
6/2/2026 17:12,115.8099976,10.89400005,0.193000004
6/2/2026 17:17,141.6109924,11.92500019,0.257999986
6/2/2026 17:22,174.8049927,11.79300022,0.314999998
6/2/2026 17:27,61.79700089,12.44499969,0.118000001
6/2/2026 17:32,43.98199844,6.986000061,0.046999998
6/2/2026 17:37,24.61899948,0.085000001,0
6/2/2026 17:42,13.37100029,0.068999998,0
6/2/2026 17:47,13.39700031,0.075999998,0
6/2/2026 17:52,14,0.068999998,0
6/2/2026 17:57,10.04300022,0.114,0
6/2/2026 18:02,16.43700027,0.093000002,0
6/2/2026 18:07,23.78300095,0.074000001,0
6/2/2026 18:12,26.24200058,0.093999997,0
6/2/2026 18:17,34.79499817,0.111000001,0.001
6/2/2026 18:22,52.6969986,6.272999763,0.050999999
6/2/2026 18:27,64.23500061,10.01099968,0.097999997
6/2/2026 18:33,69.34600067,9.5,0.101000004
6/2/2026 18:38,80.01599884,8.175999641,0.100000001
6/2/2026 18:43,83.19100189,11.91600037,0.151999995
6/2/2026 18:48,81.71199799,11.0369997,0.137999997
6/2/2026 18:53,54.68999863,7.638000011,0.064000003
6/2/2026 18:58,50.99200058,10.61200047,0.082999997
6/2/2026 19:03,66.375,7.785999775,0.079000004
6/2/2026 19:08,75.72899628,12.54699993,0.144999996
6/2/2026 19:13,67.59300232,11.71800041,0.120999999
6/2/2026 19:18,73.8259964,12.25699997,0.137999997
6/2/2026 19:23,72,12.57600021,0.138999999
6/2/2026 19:28,68.64900208,9.44299984,0.098999999
6/2/2026 19:33,67.34600067,8.604000092,0.089000002
6/2/2026 19:38,58.5870018,10.90799999,0.097999997
6/2/2026 19:43,43.20700073,3.368000031,0.022
6/2/2026 19:48,43.01300049,3.720999956,0.024
6/2/2026 19:53,38.29899979,3.624000072,0.021
6/2/2026 19:58,18.99399948,0.064999998,0
6/2/2026 20:03,8.223999977,0.037,0
6/2/2026 20:08,10.39099979,0.090000004,0
6/2/2026 20:13,7.497000217,0.086000003,0
6/2/2026 20:18,2.335999966,0.214000002,0
6/2/2026 20:23,3.275000095,0.013,0
6/2/2026 20:28,6.488999844,0.141000003,0
6/2/2026 20:33,5.84499979,0.075999998,0
6/2/2026 20:38,16.66300011,0.046,0
6/2/2026 20:43,23.38299942,0.068999998,0
6/2/2026 20:48,25.0739994,0.061000001,0
6/2/2026 20:53,22.92099953,0.068999998,0
6/2/2026 20:59,18.73600006,0.061999999,0
6/2/2026 21:04,7.782999992,0.061000001,0
6/2/2026 21:09,5.801000118,0.028000001,0
6/2/2026 21:14,4.946000099,0.059,0
6/2/2026 21:19,1.575000048,-0.221000001,0
6/3/2026 5:44,1.575000048,-0.221000001,0
6/3/2026 5:49,3.345999956,0.052000001,0
6/3/2026 5:54,6.105000019,0.048,0
6/3/2026 5:59,7.697999954,0.056000002,0
6/3/2026 6:04,9.489999771,0.064000003,0
6/3/2026 6:09,7.433000088,0.006,0
6/3/2026 6:14,13.97299957,0.022,0
6/3/2026 6:19,25.04899979,0.061000001,0
6/3/2026 6:24,29.32999992,0.067000002,0
6/3/2026 6:29,24.65099907,0.100000001,0
6/3/2026 6:34,20.02700043,0.075999998,0
6/3/2026 6:39,17.3579998,0.068000004,0
6/3/2026 6:44,14.65600014,0.063000001,0
6/3/2026 6:49,11.97299957,0.068000004,0
6/3/2026 6:54,9.569999695,0.056000002,0
6/3/2026 6:59,11.86499977,0.075000003,0
6/3/2026 7:04,15.95100021,0.086999997,0
6/3/2026 7:09,21.25,0.068999998,0
6/3/2026 7:14,30.60099983,0.054000001,0
6/3/2026 7:19,26.35000038,0.063000001,0
6/3/2026 7:24,27.19099998,0.090000004,0
6/3/2026 7:29,36.84799957,4.254000187,0.024
6/3/2026 7:34,47.52199936,5.800000191,0.041999999
6/3/2026 7:39,48.20600128,5.703000069,0.041999999
6/3/2026 7:44,48.64699936,5.521999836,0.041000001
6/3/2026 7:49,49.81100082,6.762000084,0.052000001
6/3/2026 7:54,40.1969986,4.136000156,0.025
6/3/2026 7:59,74.26100159,6.03399992,0.068999998
6/3/2026 8:05,78.85500336,7.252999783,0.088
6/3/2026 8:10,68.7519989,6.474999905,0.068000004
6/3/2026 8:15,81.38500214,8.468000412,0.104999997
6/3/2026 8:20,87.11100006,11.56999969,0.153999999
6/3/2026 8:25,92.07099915,8.583999634,0.120999999
6/3/2026 8:30,106.9120026,7.947000027,0.129999995
6/3/2026 8:35,125.4219971,7.300000191,0.140000001
6/3/2026 8:40,110.7600021,9.729000092,0.165000007
6/3/2026 8:45,67.06300354,8.876999855,0.090999998
6/3/2026 8:50,57.08599854,10.93900013,0.096000001
6/3/2026 8:55,71.47200012,8.737000465,0.096000001
6/3/2026 9:00,45.51100159,4.554999828,0.032000002
6/3/2026 9:05,47.36299896,6.857999802,0.050000001
6/3/2026 9:10,58.89300156,7.160999775,0.064999998
6/3/2026 9:15,67.1760025,10.13599968,0.104000002
6/3/2026 9:20,50.10499954,9.029000282,0.068999998
6/3/2026 9:25,58.28300095,7.754000187,0.068999998
6/3/2026 9:30,46.54600143,5.269000053,0.037999999
6/3/2026 9:35,43.38700104,2.99000001,0.02
6/3/2026 9:40,49.12900162,7.55700016,0.057
6/3/2026 9:45,49.46699905,8.93500042,0.068000004
6/3/2026 9:50,58.47900009,7.818999767,0.07
6/3/2026 9:55,56.54199982,9.494000435,0.082000002
6/3/2026 10:00,52.82099915,7.912000179,0.064000003
6/3/2026 10:05,50.67399979,9.23900032,0.071999997
6/3/2026 10:10,61.27299881,10.56900024,0.098999999
6/3/2026 10:15,51.83499908,8.395000458,0.067000002
6/3/2026 10:20,59.49000168,11.01099968,0.100000001
6/3/2026 10:25,66.14600372,11.07900047,0.112000003
6/3/2026 10:31,61.91500092,7.880000114,0.075000003
6/3/2026 10:36,139.2460022,11.20600033,0.238999993
6/3/2026 10:41,101.0029984,10.72900009,0.165999994
6/3/2026 10:46,137.6620026,10.05000019,0.211999997
6/3/2026 10:51,132.9869995,9.734999657,0.197999999
6/3/2026 10:56,190.0939941,11.1789999,0.324999988
6/3/2026 11:01,174.0549927,9.454999924,0.252000004
6/3/2026 11:06,174.4570007,10.77200031,0.287999988
6/3/2026 11:11,143.7279968,11.04899979,0.243000001
6/3/2026 11:16,135.1629944,12.35599995,0.256000012
6/3/2026 11:21,100.9530029,11.09899998,0.171000004
6/3/2026 11:26,85.85600281,10.24400043,0.135000005
6/3/2026 11:31,79.11499786,9.414999962,0.114
6/3/2026 11:36,105.2779999,7.967000008,0.128000006
6/3/2026 11:41,127.0189972,11.26399994,0.218999997
6/3/2026 11:46,234.0529938,10.99100018,0.393999994
6/3/2026 11:51,333.1090088,13.86699963,0.707000017
6/3/2026 11:56,218.2420044,10.99199963,0.367000014
6/3/2026 12:01,207.253006,10.59399986,0.335999995
6/3/2026 12:06,445.2139893,11.11100006,0.757000029
6/3/2026 12:11,434.2669983,11.64400005,0.773999989
6/3/2026 12:16,238.0939941,13.15499973,0.479000002
6/3/2026 12:21,212.4869995,12.35099983,0.40200001
6/3/2026 12:26,1237.277954,12.86999989,2.436000109
6/3/2026 12:31,239.4949951,10.60900021,0.388999999
6/3/2026 12:36,272.2170105,10.99300003,0.458000004
6/3/2026 12:41,222.326004,11.75500011,0.400000006
6/3/2026 12:46,270.5809937,10.5,0.435000002
6/3/2026 12:52,423.4289856,12.19200039,0.790000021
6/3/2026 12:57,379.29599,11.36400032,0.658999979
6/3/2026 13:02,1213.255981,12.75599957,2.368000031
6/3/2026 13:07,1164.560059,13.07199955,2.328999996
6/3/2026 13:12,1216.718018,12.73099995,2.369999886
6/3/2026 13:17,337.5539856,11.47299957,0.592999995
6/3/2026 13:22,559.6849976,11.57999992,0.991999984
6/3/2026 13:44,1121.432983,0.207000002,0.035999998
6/3/2026 13:49,392.5750122,10.87300014,0.652999997
6/3/2026 13:54,552.9190063,29.12400055,2.463999987
6/3/2026 13:59,245.0879974,10.72500038,0.40200001
6/3/2026 14:04,1188.630981,12.43000031,2.25999999
6/3/2026 14:09,238.973999,11.77799988,0.430999994
6/3/2026 14:14,769.8720093,12.91800022,1.521999955
6/3/2026 14:20,238.1390076,11.62100029,0.423000008
6/3/2026 14:25,1213.618042,12.14500046,2.255000114
6/3/2026 14:30,231.7120056,11.68500042,0.414000005
6/3/2026 14:35,1213.428955,12.10999966,2.247999907
6/3/2026 14:40,228.3699951,10.92199993,0.381999999
6/3/2026 14:45,260.3609924,12.53999996,0.5
6/3/2026 14:50,254.227005,10.91600037,0.425000012
6/3/2026 14:55,274.3630066,11.20300007,0.469999999
6/3/2026 15:00,962.5050049,13.64900017,2.00999999
6/3/2026 15:05,1024.930054,11.70100021,1.835000038
6/3/2026 15:10,367.3940125,35.38100052,1.988999963
6/3/2026 15:15,972.4429932,11.72500038,1.743999958
6/3/2026 15:20,972.210022,11.65100002,1.73300004
6/3/2026 15:25,860.0869751,11.53899956,1.518000007
6/3/2026 15:30,238.2630005,11.91300011,0.433999985
6/3/2026 15:35,193.6340027,12.14700031,0.360000014
6/3/2026 15:40,210.7109985,12.22900009,0.393999994
6/3/2026 15:45,246.8130035,11.19200039,0.423000008
6/3/2026 15:50,773.0650024,11.6590004,1.378999949
6/3/2026 15:55,290.2030029,12.04100037,0.535000026
6/3/2026 16:00,672.6959839,12.49199963,1.286000013
6/3/2026 16:05,272.6350098,10.70400047,0.44600001
6/3/2026 16:10,206.0980072,11.75500011,0.370999992
6/3/2026 16:15,212.9779968,11.27999973,0.368000001
6/3/2026 16:20,209.3170013,10.39400005,0.333000004
6/3/2026 16:25,198.5930023,10.29199982,0.312999994
6/3/2026 16:30,244.7059937,10.65299988,0.398999989
6/3/2026 16:35,221.6730042,12.05700016,0.409000009
6/3/2026 16:41,210.0429993,11.26200008,0.361999989
6/3/2026 16:46,201.0079956,11.23900032,0.345999986
6/3/2026 16:51,318.7590027,12.01099968,0.586000025
6/3/2026 16:56,167.3569946,10.8409996,0.277999997
6/3/2026 17:01,203.6710052,12.52700043,0.389999986
6/3/2026 17:06,170.8300018,11.18700027,0.291999996
6/3/2026 17:11,177.602005,11.68099976,0.317000002
6/3/2026 17:16,157.6230011,11.31000042,0.273000002
6/3/2026 17:21,267.9679871,11.27200031,0.462000012
6/3/2026 17:26,195.3739929,10.51900005,0.31400001
6/3/2026 17:31,196.1759949,11.29800034,0.338999987
6/3/2026 17:36,272.1279907,6.907999992,0.287999988
6/3/2026 17:41,243.2369995,8.482999802,0.316000015
6/3/2026 17:46,121.8830032,10.43200016,0.194999993
6/3/2026 17:51,433.3529968,9.515999794,0.630999982
6/3/2026 17:56,133.0010071,21.07299995,0.42899999
6/3/2026 18:01,95.18599701,10.84000015,0.158000007
6/3/2026 18:06,86.62599945,11.91300011,0.158000007
6/3/2026 18:11,78.36100006,11.22299957,0.135000005
6/3/2026 18:16,71.55899811,10.43700027,0.114
6/3/2026 18:21,70.75900269,10.50199986,0.114
6/3/2026 18:26,73.09899902,11.69900036,0.130999997
6/3/2026 18:31,64.9509964,10.02099991,0.100000001
6/3/2026 18:36,54.99700165,11.11499977,0.093999997
6/3/2026 18:41,49.60699844,7.994999886,0.061000001
6/3/2026 18:46,47.6230011,8.987999916,0.064999998
6/3/2026 18:51,47.23400116,10.39799976,0.075000003
6/3/2026 18:56,45.84000015,10.2510004,0.071999997
6/3/2026 19:02,44.86600113,8.062000275,0.055
6/3/2026 19:07,44.18299866,8.381999969,0.057
6/3/2026 19:12,43.54100037,6.510000229,0.043000001
6/3/2026 19:17,42.95299911,6.481999874,0.043000001
6/3/2026 19:22,43.22299957,7.366000175,0.048999999
6/3/2026 19:27,42.68600082,8.897999763,0.057999998
6/3/2026 19:32,44.61399841,7.336999893,0.050000001
6/3/2026 19:37,49.63199997,8.800999641,0.067000002
6/3/2026 19:42,58.33100128,8.291000366,0.074000001
6/3/2026 19:47,60.50500107,8.710000038,0.081
6/3/2026 19:52,59.95199966,10.03999996,0.092
6/3/2026 19:57,58.51900101,8.743000031,0.078000002
6/3/2026 20:02,57.39699936,10.94299984,0.096000001
6/3/2026 20:07,54.14599991,9.263999939,0.077
6/3/2026 20:12,49.68700027,9.397000313,0.071000002
6/3/2026 20:17,42.53300095,5.468999863,0.035999998
6/3/2026 20:22,36.82099915,4.257999897,0.024
6/3/2026 20:27,31.11100006,3.167999983,0.015
6/3/2026 20:32,26.39100075,0.079000004,0
6/3/2026 20:37,22.19799995,0.103,0
6/3/2026 20:42,18.22599983,0.101999998,0
6/3/2026 20:47,14.72599983,0.090999998,0
6/3/2026 20:52,12.07800007,0.075999998,0
6/3/2026 20:57,9.668999672,0.061999999,0
6/3/2026 21:02,6.285999775,0.046,0
6/3/2026 21:07,4.205999851,0.098999999,0
6/3/2026 21:12,2.953000069,-0.014,0
6/3/2026 21:17,1.373000026,0.052000001,0
6/4/2026 5:42,1.373000026,0.052000001,0
6/4/2026 5:47,5.822999954,0.136000007,0
6/4/2026 5:52,7.098999977,0.097000003,0
6/4/2026 5:58,9.142999649,0.098999999,0
6/4/2026 6:03,11.68700027,0.050000001,0
6/4/2026 6:08,11.76900005,0.059,0
6/4/2026 6:13,18.38199997,0.061999999,0
6/4/2026 6:18,19.75200081,0.050000001,0
6/4/2026 6:23,23.04899979,0.068000004,0
6/4/2026 6:28,28.0909996,0.074000001,0
6/4/2026 6:33,28.8560009,0.074000001,0
6/4/2026 6:38,28.68099976,0.064999998,0
6/4/2026 6:43,28.98500061,0.066,0
6/4/2026 6:48,32.92100143,0.078000002,0
6/4/2026 6:53,39.54499817,2.161000013,0.013
6/4/2026 6:58,41.40999985,3.003999949,0.018999999
6/4/2026 7:03,46.15100098,4.156000137,0.028999999
6/4/2026 7:08,38.3769989,2.835000038,0.017000001
6/4/2026 7:13,52.61299896,8.968999863,0.071999997
6/4/2026 7:18,78.06900024,7.308000088,0.086999997
6/4/2026 7:23,78.76799774,8.696000099,0.104999997
6/4/2026 7:28,49.67100143,6.131999969,0.046999998
6/4/2026 7:33,74.10399628,8.894000053,0.101000004
6/4/2026 7:38,57.94100189,9.081999779,0.081
6/4/2026 7:43,53.52000046,6.495999813,0.052999999
6/4/2026 7:48,53.88999939,5.238999844,0.043000001
6/4/2026 7:53,60.26699829,9.637000084,0.089000002
6/4/2026 7:58,52.51699829,8.593000412,0.068999998
6/4/2026 8:03,78.38899994,8.595999718,0.103
6/4/2026 8:08,76.64499664,10.1590004,0.119000003
6/4/2026 8:13,62.67399979,10.74499989,0.103
6/4/2026 8:18,63.25699997,6.907999992,0.067000002
6/4/2026 8:24,69.18599701,8.970999718,0.094999999
6/4/2026 8:29,62.43700027,7.28399992,0.07
6/4/2026 8:34,78.79699707,9.531000137,0.115000002
6/4/2026 8:39,112.2470016,9.270999908,0.158999994
6/4/2026 8:44,146.8730011,8.954000473,0.201000005
6/4/2026 8:49,213.5820007,9.911000252,0.324000001
6/4/2026 8:54,146.6799927,9.526000023,0.214000002
6/4/2026 8:59,150.8090057,7.413000107,0.171000004
6/4/2026 9:04,161.7579956,9.961999893,0.246999994
6/4/2026 9:09,156.9850006,10.13099957,0.243000001
6/4/2026 9:14,159.1750031,8.975000381,0.218999997
6/4/2026 9:19,182.8249969,9.888999939,0.27700001
6/4/2026 9:24,217.0930023,9.368000031,0.31099999
6/4/2026 9:29,202.2720032,10.78199959,0.333999991
6/4/2026 9:34,148.6490021,10.78199959,0.245000005
6/4/2026 9:39,193.1820068,10.54800034,0.312000006
6/4/2026 9:44,381.7919922,7.471000195,0.43599999
6/4/2026 9:49,315.5090027,8.602999687,0.414999992
6/4/2026 9:54,200.9689941,10.04699993,0.308999985
6/4/2026 9:59,228.7200012,9.956000328,0.34799999
6/4/2026 10:04,302.6539917,7.785999775,0.361000001
6/4/2026 10:09,253.6000061,9.975000381,0.386999995
6/4/2026 10:14,212.897995,10.62800026,0.345999986
6/4/2026 10:19,359.4649963,10.31200027,0.566999972
6/4/2026 10:24,301.6799927,10.0909996,0.465999991
6/4/2026 10:29,308.4110107,11.37699986,0.537
6/4/2026 10:34,272.5870056,11.33899975,0.47299999
6/4/2026 10:39,239.6430054,11.10000038,0.407000005
6/4/2026 10:45,179.4380035,11.23600006,0.307999998
6/4/2026 10:50,124.3519974,11.61200047,0.221000001
6/4/2026 10:55,81.09500122,9.234000206,0.115000002
6/4/2026 11:00,84.41600037,8.376999855,0.108000003
6/4/2026 11:05,123.8399963,10.66399956,0.202000007
6/4/2026 11:10,187.8930054,10.85700035,0.312000006
6/4/2026 11:15,389.4649963,11.48099995,0.684000015
6/4/2026 11:20,563.5130005,11.95100021,1.029999971
6/4/2026 11:25,263.7330017,10.96399975,0.442000002
6/4/2026 11:30,459.9060059,17.41699982,1.225999951
6/4/2026 11:35,340.0249939,11.97099972,0.623000026
6/4/2026 11:40,279.0899963,11.88500023,0.508000016
6/4/2026 11:45,157.4989929,10.14599991,0.244000003
6/4/2026 11:50,175.2709961,10.97999954,0.294
6/4/2026 11:55,123.9540024,11.6960001,0.222000003
6/4/2026 12:00,88.73799896,12.37100029,0.167999998
6/4/2026 12:05,59.3370018,8.93999958,0.081
6/4/2026 12:10,60.10499954,10.79300022,0.098999999
6/4/2026 12:15,73.45800018,10.99800014,0.123999998
6/4/2026 12:20,62.1969986,10.53499985,0.100000001
6/4/2026 12:25,75.43299866,11.79899979,0.136000007
6/4/2026 12:30,81.78700256,8.579000473,0.107000001
6/4/2026 12:35,114.6490021,10.41100025,0.182999998
6/4/2026 12:40,133.1060028,11.34899998,0.231000006
6/4/2026 12:45,109.413002,9.388999939,0.157000005
6/4/2026 12:50,109.552002,10.48600006,0.175999999
6/4/2026 12:55,144.772995,12.18599987,0.270000011
6/4/2026 13:00,188.8130035,12.42099953,0.358999997
6/4/2026 13:06,125.2109985,10.30599976,0.196999997
6/4/2026 13:11,136.9669952,11.11400032,0.232999995
6/4/2026 13:16,161.177002,11.68099976,0.287999988
6/4/2026 13:21,119.697998,12.20699978,0.224000007
6/4/2026 13:26,135.0480042,10.93500042,0.225999996
6/4/2026 13:48,38.05899811,0.082999997,0
6/4/2026 13:53,77.95999908,9.284999847,0.111000001
6/4/2026 13:58,93.15200043,11.75699997,0.167999998
6/4/2026 14:03,96.05899811,9.487999916,0.138999999
6/4/2026 14:08,99.56099701,9.588999748,0.145999998
6/4/2026 14:13,108.3679962,9.822999954,0.163000003
6/4/2026 14:18,116.9940033,10.88399982,0.194999993
6/4/2026 14:23,120.1350021,11.32900047,0.208000004
6/4/2026 14:28,117.5289993,10.28199959,0.185000002
6/4/2026 14:34,105.0289993,11.13799953,0.179000005
6/4/2026 14:39,103.4400024,10.62699986,0.167999998
6/4/2026 14:44,102.8960037,10.55500031,0.165999994
6/4/2026 14:49,104.4369965,11.5710001,0.185000002
6/4/2026 14:54,104.4550018,9.93200016,0.158999994
6/4/2026 14:59,86.59200287,8.248999596,0.108999997
6/4/2026 15:04,75.60500336,10.44900036,0.120999999
6/4/2026 15:09,61.75799942,8.305999756,0.078000002
6/4/2026 15:14,60.1969986,9.085000038,0.083999999
6/4/2026 15:19,54.875,11.33399963,0.094999999
6/4/2026 15:24,49.84000015,8.402000427,0.064000003
6/4/2026 15:29,51.17699814,10.4460001,0.082000002
6/4/2026 15:34,50.75699997,8.579999924,0.067000002
6/4/2026 15:39,55.79899979,8.19299984,0.07
6/4/2026 15:44,50.55500031,8.045000076,0.061999999
6/4/2026 15:49,49.84700012,10.69499969,0.082000002
6/4/2026 15:54,50.18099976,8.343000412,0.064000003
6/4/2026 15:59,50.74499893,9.013999939,0.07
6/4/2026 16:04,66.35099792,6.382999897,0.064999998
6/4/2026 16:09,62.22600174,9.475000381,0.090000004
6/4/2026 16:14,63.24599838,9.762999535,0.093999997
6/4/2026 16:19,73.51699829,10.0539999,0.112999998
6/4/2026 16:24,77.32800293,7.839000225,0.093000002
6/4/2026 16:29,64.16000366,9.520000458,0.093000002
6/4/2026 16:34,69.65000153,10.06900024,0.107000001
6/4/2026 16:39,60.04600143,9.154000282,0.083999999
6/4/2026 16:44,62.24900055,10.40799999,0.098999999
6/4/2026 16:49,55.49700165,9.05700016,0.077
6/4/2026 16:55,55.61800003,5.861999989,0.050000001
6/4/2026 17:00,55.55699921,11.97500038,0.101999998
6/4/2026 17:05,54.61899948,7.691999912,0.064000003
6/4/2026 17:10,56.42499924,8.119000435,0.07
6/4/2026 17:15,61.04899979,8.225999832,0.077
6/4/2026 17:20,57.49000168,9.696000099,0.085000001
6/4/2026 17:25,51.98400116,8.244000435,0.066
6/4/2026 17:30,46.50500107,5.775000095,0.041000001
6/4/2026 17:35,55.79000092,9.036000252,0.077
6/4/2026 17:40,52.58100128,8.286000252,0.067000002
6/4/2026 17:45,49.02399826,7.553999901,0.057
6/4/2026 17:50,44.43700027,6.34800005,0.043000001
6/4/2026 17:55,44.06399918,4.390999794,0.029999999
6/4/2026 18:00,35.48300171,0.223000005,0.001
6/4/2026 18:05,23.76000023,0.075999998,0
6/4/2026 18:10,26.54899979,0.063000001,0
6/4/2026 18:15,30.31100082,0.075999998,0
6/4/2026 18:20,16.79500008,0.090999998,0
6/4/2026 18:25,15.58600044,0.075999998,0
6/4/2026 18:30,16.67399979,0.108999997,0
6/4/2026 18:35,16.49099922,0.071999997,0
6/4/2026 18:40,14.11400032,0.097999997,0
6/4/2026 18:45,20.06999969,0.078000002,0
6/4/2026 18:50,18.55500031,0.071000002,0
6/4/2026 18:55,19.74399948,0.059,0
6/4/2026 19:00,14.80900002,0.045000002,0
6/4/2026 19:05,16.74300003,0.072999999,0
6/4/2026 19:10,20.8939991,0.068000004,0
6/4/2026 19:15,19.30999947,0.066,0
6/4/2026 19:21,19.62999916,0.068000004,0
6/4/2026 19:26,22.22400093,0.059999999,0
6/4/2026 19:31,22.68799973,0.061000001,0
6/4/2026 19:36,18.54199982,0.057,0
6/4/2026 19:41,17.87899971,0.077,0
6/4/2026 19:46,18.71800041,0.079000004,0
6/4/2026 19:51,14.59799957,0.101000004,0
6/4/2026 19:56,13.95199966,0.075999998,0
6/4/2026 20:01,10.31799984,0.054000001,0
6/4/2026 20:06,9.215999603,0.101999998,0
6/4/2026 20:11,11.0010004,0.064000003,0
6/4/2026 20:16,11.50699997,0.034000002,0
6/4/2026 20:21,8.965000153,0.07,0
6/4/2026 20:26,9.74600029,0.043000001,0
6/4/2026 20:31,6.795000076,0.082999997,0
6/4/2026 20:36,3.578999996,0.101000004,0
6/4/2026 20:46,4.741000175,0.025,0
6/4/2026 20:51,2.663000107,0.057999998,0
6/4/2026 20:56,2.782000065,0.119999997,0
6/4/2026 21:06,1.182000041,0.170000002,0
6/4/2026 21:11,0.683000028,-0.059,0
6/4/2026 21:16,0.326999992,0.354999989,0
6/4/2026 21:21,0.286000013,-0.129999995,0
6/5/2026 5:42,0.286000013,-0.129999995,0
6/5/2026 5:47,1.319000006,0.234999999,0
6/5/2026 5:52,1.738999963,0.254000008,0
6/5/2026 5:57,3.007999897,0.200000003,0
6/5/2026 6:02,3.351000071,0.077,0
6/5/2026 6:12,6.110000134,-0.028000001,0
6/5/2026 6:17,10.20800018,-0.016000001,0
6/5/2026 6:23,13.47099972,0.068000004,0
6/5/2026 6:28,14.80000019,0.034000002,0
6/5/2026 6:33,15.13099957,0.041000001,0
6/5/2026 6:38,14.28299999,0.061999999,0
6/5/2026 6:43,15.21800041,0.059,0
6/5/2026 6:48,15.79699993,0.075999998,0
6/5/2026 6:53,19.2689991,0.071999997,0
6/5/2026 6:58,23.96699905,0.064999998,0
6/5/2026 7:03,32.4620018,0.063000001,0
6/5/2026 7:08,31.96800041,0.068000004,0
6/5/2026 7:13,41.40599823,0.07,0
6/5/2026 7:18,48.39500046,3.345000029,0.025
6/5/2026 7:23,41.27799988,3.296000004,0.021
6/5/2026 7:28,31.8239994,0.064000003,0
6/5/2026 7:33,31.61599922,0.072999999,0
6/5/2026 7:38,35.4469986,0.082000002,0
6/5/2026 7:43,30.43899918,0.07,0
6/5/2026 7:48,30.22900009,0.068999998,0
6/5/2026 7:53,37.74700165,2.762000084,0.016000001
6/5/2026 7:58,42.7840004,3.596999884,0.024
6/5/2026 8:03,36.59899902,3.369999886,0.018999999
6/5/2026 8:08,42.70700073,3.556999922,0.023
6/5/2026 8:13,86.80200195,8.692000389,0.115000002
6/5/2026 8:18,118.1709976,8.234999657,0.149000004
6/5/2026 8:23,128.7449951,7.833000183,0.153999999
6/5/2026 8:28,128.0050049,9.022999763,0.177000001
6/5/2026 8:33,226.0390015,10.17700005,0.351999998
6/5/2026 8:38,143.1730042,8.045000076,0.175999999
6/5/2026 8:44,134.3730011,7.346000195,0.150999993
6/5/2026 8:49,122.5690002,7.632999897,0.143000007
6/5/2026 8:54,204.1260071,7.637000084,0.238999993
6/5/2026 8:59,247.4669952,7.106999874,0.268999994
6/5/2026 9:04,350.8890076,6.118999958,0.328000009
6/5/2026 9:09,666.2329712,3.506999969,0.356999993
6/5/2026 9:14,437.3139954,4.801000118,0.32100001
6/5/2026 9:19,212.5709991,10.13500023,0.330000013
6/5/2026 9:24,162.7660065,9.517999649,0.237000003
6/5/2026 9:29,181.4450073,8.102000237,0.224999994
6/5/2026 9:34,266.4869995,7.869999886,0.32100001
6/5/2026 9:39,259.9949951,9.805999756,0.389999986
6/5/2026 9:44,223.2640076,9.789999962,0.333999991
6/5/2026 9:49,192.5970001,9.616000175,0.282999992
6/5/2026 9:54,218.779007,10.0880003,0.338
6/5/2026 9:59,256.4140015,10.08300018,0.395999998
6/5/2026 10:04,324.2479858,9.366000175,0.465000004
6/5/2026 10:09,387.7940063,8.121999741,0.481999993
6/5/2026 10:14,331.697998,9.49600029,0.481999993
6/5/2026 10:19,363.07901,9.076999664,0.504000008
6/5/2026 10:24,288.0809937,9.663999557,0.425999999
6/5/2026 10:29,259.7510071,10.25,0.407000005
6/5/2026 10:34,287.0899963,10.02299976,0.439999998
6/5/2026 10:39,423.8330078,9.529000282,0.617999971
6/5/2026 10:44,933.0650024,7.440000057,1.062000036
6/5/2026 10:49,636.0109863,7.090000153,0.689999998
6/5/2026 10:54,1071.639038,9.737999916,1.597000003
6/5/2026 10:59,573.1630249,15.5710001,1.36500001
6/5/2026 11:04,394.8940125,10.01000023,0.605000019
6/5/2026 11:10,367.8150024,10.3920002,0.584999979
6/5/2026 11:15,290.0069885,8.614999771,0.381999999
6/5/2026 11:20,342.973999,9.182999611,0.481999993
6/5/2026 11:25,302.2990112,9.427000046,0.43599999
6/5/2026 11:30,428.6010132,10.0710001,0.660000026
6/5/2026 11:35,628.4780273,11.10099983,1.067000031
6/5/2026 11:40,467.7420044,10.36699963,0.741999984
6/5/2026 11:45,652.6790161,11.82800007,1.180999994
6/5/2026 11:50,702.7180176,13.04699993,1.402999997
6/5/2026 11:55,1158.63501,12.03299999,2.132999897
6/5/2026 12:00,965.2069702,12.72599983,1.878999949
6/5/2026 12:05,879.8829956,12.15100002,1.636000037
6/5/2026 12:10,1043.464966,11.24199963,1.794999957
6/5/2026 12:15,1015.557007,11.7840004,1.83099997
6/5/2026 12:20,1030.254028,11.90699959,1.876999974
6/5/2026 12:25,1088.92395,11.6960001,1.949000001
6/5/2026 12:30,1014.880981,11.35999966,1.764000058
6/5/2026 12:35,1168.817993,0,0
6/5/2026 12:40,1159.259033,0,0
6/5/2026 12:45,1170.78894,0,0
6/5/2026 12:50,930.3569946,0,0
6/5/2026 12:55,627.8649902,0,0
6/5/2026 13:00,954.1170044,0,0
6/5/2026 13:05,583.5360107,0,0
6/5/2026 13:10,598.5709839,0.001,0
6/5/2026 13:15,1155.56604,0,0
6/5/2026 13:20,1138.417969,0,0
6/5/2026 13:25,1159.08606,0,0
6/5/2026 13:49,394.4639893,10.3739996,0.625999987
6/5/2026 13:54,480.2290039,11.33300018,0.833000004
6/5/2026 13:59,548.9370117,11.38700008,0.95599997
6/5/2026 14:04,456.5539856,10.02400017,0.699999988
6/5/2026 14:09,1294.824951,10.30099964,2.040999889
6/5/2026 14:14,1097.715942,10.90299988,1.83099997
6/5/2026 14:19,1181.261963,7.120999813,1.286999941
6/5/2026 14:24,250.1920013,11.35400009,0.435000002
6/5/2026 14:29,241.8809967,10.52400017,0.388999999
6/5/2026 14:34,252.7890015,10.5369997,0.407999992
6/5/2026 14:39,267.7349854,10.61100006,0.435000002
6/5/2026 14:44,294.2510071,10.83300018,0.488000005
6/5/2026 14:50,341.9769897,10.45199966,0.546999991
6/5/2026 14:55,735.8380127,9.883000374,1.113000035
6/5/2026 15:00,739.5910034,10.61699963,1.200999975
6/5/2026 15:05,646.1370239,13.53800011,1.338000059
6/5/2026 15:10,712.7269897,10.53499985,1.149000049
6/5/2026 15:15,1015.424011,10.18400002,1.582000017
6/5/2026 15:20,918.1459961,10.09799957,1.41900003
6/5/2026 15:25,926.3270264,9.93200016,1.407999992
6/5/2026 15:30,786.6259766,10.49100018,1.263000011
6/5/2026 15:35,729.9359741,9.991000175,1.116000056
6/5/2026 15:40,888.6170044,9.831999779,1.337000012
6/5/2026 15:45,785.6090088,11.56799984,1.389999986
6/5/2026 15:50,862.6740112,10.49400043,1.38499999
6/5/2026 15:55,369.1430054,10.56200027,0.597000003
6/5/2026 16:00,406.6220093,10.9119997,0.67900002
6/5/2026 16:05,770.4110107,9.937999725,1.171000004
6/5/2026 16:10,796.5969849,10.01500034,1.220999956
6/5/2026 16:15,859.0969849,9.536000252,1.253000021
6/5/2026 16:20,274.2789917,10.5170002,0.441000015
6/5/2026 16:25,275.2909851,11.04899979,0.465000004
6/5/2026 16:30,349.8510132,11.07499981,0.592999995
6/5/2026 16:35,275.0849915,10.76900005,0.453000009
6/5/2026 16:40,255.9019928,11.51200008,0.451000005
6/5/2026 16:45,212.9759979,11.11800003,0.361999989
6/5/2026 16:50,202.5119934,10.31900024,0.319999993
6/5/2026 16:55,189.7830048,10.24800014,0.298000008
6/5/2026 17:00,190.397995,10.41300011,0.303000003
6/5/2026 17:05,249.1060028,10.4989996,0.400000006
6/5/2026 17:10,392.6629944,10.58600044,0.635999978
6/5/2026 17:16,635.6660156,9.545999527,0.927999973
6/5/2026 17:21,600.9780273,9.767000198,0.898000002
6/5/2026 17:26,170.9349976,9.048999786,0.237000003
6/5/2026 17:31,142.1609955,9.869000435,0.215000004
6/5/2026 17:36,138.8410034,9.744000435,0.207000002
6/5/2026 17:41,132.897995,10.94299984,0.223000005
6/5/2026 17:46,144.6580048,10.10400009,0.224000007
6/5/2026 17:51,134.1900024,10.18599987,0.209000006
6/5/2026 17:56,129.5359955,10.48799992,0.208000004
6/5/2026 18:01,116.6790009,9.937000275,0.177000001
6/5/2026 18:06,106.4749985,8.531999588,0.138999999
6/5/2026 18:11,99.26399994,9.800999641,0.149000004
6/5/2026 18:16,109.4830017,8.970000267,0.150000006
6/5/2026 18:21,119.3440018,8.994999886,0.164000005
6/5/2026 18:26,116.0550003,10.16800022,0.180999994
6/5/2026 18:31,108.2740021,10.34700012,0.171000004
6/5/2026 18:36,112.875,10.06799984,0.173999995
6/5/2026 18:41,94.47299957,10.16600037,0.147
6/5/2026 18:46,93.84500122,8.866000175,0.127000004
6/5/2026 18:51,84.48200226,11.86299992,0.152999997
6/5/2026 18:56,85.16300201,7.315000057,0.094999999
6/5/2026 19:01,74.35900116,8.36400032,0.094999999
6/5/2026 19:06,69.01300049,9.11400032,0.096000001
6/5/2026 19:11,51.22299957,8.18599987,0.064000003
6/5/2026 19:16,45.97900009,5.590000153,0.039000001
6/5/2026 19:21,48.09600067,6.449999809,0.046999998
6/5/2026 19:26,40.65599823,3.980000019,0.025
6/5/2026 19:31,40.79299927,4.991000175,0.030999999
6/5/2026 19:37,37.35800171,3.236000061,0.017999999
6/5/2026 19:42,36.29000092,3.88499999,0.022
6/5/2026 19:47,34.39799881,3.269999981,0.017000001
6/5/2026 19:52,31.34199905,0.181999996,0.001
6/5/2026 19:57,29.90600014,0.07,0
6/5/2026 20:02,32.31499863,0.089000002,0
6/5/2026 20:07,28.23900032,0.082000002,0
6/5/2026 20:12,26.25099945,0.088,0
6/5/2026 20:17,25.13400078,0.061999999,0
6/5/2026 20:22,23.63199997,0.075000003,0
6/5/2026 20:27,22.00699997,0.074000001,0
6/5/2026 20:32,19.0720005,0.079999998,0
6/5/2026 20:37,16.37299919,0.071999997,0
6/5/2026 20:42,14.22399998,0.055,0
6/5/2026 20:47,13.78100014,0.078000002,0
6/5/2026 20:52,11.3210001,0.105999999,0
6/5/2026 20:57,9.298000336,0.125,0
6/5/2026 21:02,8.144000053,0.085000001,0
6/5/2026 21:07,5.767000198,0.074000001,0
6/5/2026 21:12,4.092999935,0.143000007,0
6/5/2026 21:17,2.650000095,-0.028999999,0
6/5/2026 21:22,1.536000013,-0.101000004,0
6/6/2026 5:42,1.536000013,-0.101000004,0
6/6/2026 5:47,4.263999939,0.122000001,0
6/6/2026 5:52,5.357999802,-0.008,0
6/6/2026 5:57,6.643000126,0.057999998,0
6/6/2026 6:02,9.890000343,0.017000001,0
6/6/2026 6:07,12.83699989,0.079000004,0
6/6/2026 6:12,14.83699989,0.037,0
6/6/2026 6:17,14.35400009,0.039999999,0
6/6/2026 6:22,13.90400028,0.037,0
6/6/2026 6:27,13.21800041,0.071999997,0
6/6/2026 6:32,16.17099953,0.059,0
6/6/2026 6:37,24.77899933,0.067000002,0
6/6/2026 6:42,38.05699921,0.077,0
6/6/2026 6:48,54.0340004,3.736000061,0.030999999
6/6/2026 6:53,62.33599854,4.90199995,0.046999998
6/6/2026 6:58,63.17300034,4.920000076,0.048
6/6/2026 7:03,61.01499939,6.139999866,0.057
6/6/2026 7:08,61.99499893,7.217000008,0.068000004
6/6/2026 7:13,69.65599823,7.631000042,0.081
6/6/2026 7:18,76.44799805,5.816999912,0.068000004
6/6/2026 7:23,72.9509964,7.090000153,0.079000004
6/6/2026 7:28,77.38700104,9.376999855,0.111000001
6/6/2026 7:33,86.84999847,7.93599987,0.104999997
6/6/2026 7:38,87.50900269,10.05700016,0.135000005
6/6/2026 7:43,93.33499908,7.936999798,0.112999998
6/6/2026 7:48,109.1809998,6.803999901,0.114
6/6/2026 7:53,114.0800018,8.704999924,0.151999995
6/6/2026 7:58,120.2669983,6.611999989,0.122000001
6/6/2026 8:03,113.1149979,5.830999851,0.101000004
6/6/2026 8:08,119.5090027,7.605000019,0.138999999
6/6/2026 8:13,144.9389954,8.01099968,0.178000003
6/6/2026 8:18,152.447998,8.385000229,0.195999995
6/6/2026 8:23,156.8269958,7.722000122,0.185000002
6/6/2026 8:28,194.7949982,6.250999928,0.186000004
6/6/2026 8:33,166.5619965,7.65899992,0.194999993
6/6/2026 8:38,247.2050018,9.048000336,0.342000008
6/6/2026 8:43,246.3379974,4.96600008,0.187000006
6/6/2026 8:48,183.4949951,9.017000198,0.252999991
6/6/2026 8:53,459.197998,4.848999977,0.340999991
6/6/2026 8:58,355.5700073,5.964000225,0.324000001
6/6/2026 9:03,162.0160065,8.012999535,0.199000001
6/6/2026 9:09,186.9100037,8.472999573,0.241999999
6/6/2026 9:14,282.0910034,7.808000088,0.337000012
6/6/2026 9:19,372.5830078,6.577000141,0.375
6/6/2026 9:24,243.2590027,8.522999763,0.317000002
6/6/2026 9:29,204.5140076,9.241999626,0.289000005
6/6/2026 9:34,232.3679962,9.31400013,0.331
6/6/2026 9:39,260.803009,9.595999718,0.382999986
6/6/2026 9:44,332.9169922,9.027000427,0.460000008
6/6/2026 9:49,354.2219849,9.003000259,0.488000005
6/6/2026 9:54,428.3699951,7.732999802,0.507000029
6/6/2026 9:59,246.1809998,9.732999802,0.367000014
6/6/2026 10:04,259.5629883,8.418000221,0.333999991
6/6/2026 10:09,252.673996,9.607000351,0.370999992
6/6/2026 10:14,349.2139893,8.807999611,0.470999986
6/6/2026 10:19,490.802002,8.619999886,0.647000015
6/6/2026 10:24,409.2909851,8.491000175,0.532000005
6/6/2026 10:29,489.4970093,8.734999657,0.653999984
6/6/2026 10:34,682.5780029,9.760000229,1.019000053
6/6/2026 10:39,444.2099915,9.605999947,0.652999997
6/6/2026 10:44,436.3269958,8.31499958,0.555000007
6/6/2026 10:49,526.3270264,10.35900021,0.833999991
6/6/2026 10:54,654.367981,12.87199974,1.289000034
6/6/2026 10:59,985.5250244,12.12100029,1.827999949
6/6/2026 11:04,953.4990234,12.25399971,1.787999988
6/6/2026 11:09,946.822998,12.35000038,1.789000034
6/6/2026 11:14,936.9829712,12.41800022,1.779999971
6/6/2026 11:19,936.7109985,12.4289999,1.781000018
6/6/2026 11:24,943.565979,12.05099964,1.74000001
6/6/2026 11:29,951.3809814,12.23200035,1.779999971
6/6/2026 11:35,962.0910034,12.15299988,1.789000034
6/6/2026 11:40,970.6329956,12.06999969,1.792000055
6/6/2026 11:45,979.1890259,12.18000031,1.825000048
6/6/2026 11:50,980.6450195,12.0010004,1.800999999
6/6/2026 11:55,985.7349854,11.95499992,1.802999973
6/6/2026 12:00,993.6409912,11.64400005,1.769999981
6/6/2026 12:05,988.0159912,11.68400002,1.766000032
6/6/2026 12:10,1000.432007,11.55000019,1.768000007
6/6/2026 12:15,1005.906006,11.59899998,1.784999967
6/6/2026 12:20,1015.278015,11.3210001,1.758999944
6/6/2026 12:25,1016.609985,11.41100025,1.774999976
6/6/2026 12:30,1023.362,11.25399971,1.761999965
6/6/2026 12:35,1024.608032,11.26000023,1.764999986
6/6/2026 12:40,1023.401001,10.28800011,1.610999942
6/6/2026 12:45,1027.569946,10.5010004,1.651000023
6/6/2026 12:50,1023.713013,10.24400043,1.603999972
6/6/2026 12:55,1030.708984,10.31200027,1.626000047
6/6/2026 13:00,1028.139038,10.22999954,1.608999968
6/6/2026 13:05,1027.545044,10.34799957,1.626999974
6/6/2026 13:10,1027.42395,9.934000015,1.562000036
6/6/2026 13:15,1025.269043,9.635000229,1.511000037
6/6/2026 13:20,1027.72998,7.596000195,1.194000006
6/6/2026 13:25,1020.385986,4.987999916,0.778999984
6/6/2026 13:48,1019.481018,0.913999975,0.143000007
6/6/2026 13:53,1019.458008,12.31499958,1.921000004
6/6/2026 13:58,1015.301025,11.93400002,1.853999972
6/6/2026 14:03,1012.911987,11.94999981,1.851999998
6/6/2026 14:08,1011.822021,11.77299976,1.822999954
6/6/2026 14:13,1005.140991,11.63199997,1.789000034
6/6/2026 14:18,1001.844971,11.60299969,1.777999997
6/6/2026 14:23,1006.924988,11.2489996,1.73300004
6/6/2026 14:28,1028.790039,11.25,1.771000028
6/6/2026 14:33,1019.565979,11.08699989,1.728999972
6/6/2026 14:38,1147.097046,10.59700012,1.860000014
6/6/2026 14:43,1078.368042,9.732000351,1.605999947
6/6/2026 14:48,402.2130127,10.58199978,0.651000023
6/6/2026 14:53,290.9509888,10.47900009,0.465999991
6/6/2026 14:58,651.4650269,15.40600014,1.536000013
6/6/2026 15:03,523.9569702,14.46500015,1.159999967
6/6/2026 15:08,1178.541992,10.61400032,1.914000034
6/6/2026 15:13,1018.127991,8.201000214,1.27699995
6/6/2026 15:18,736.5869751,10.60099983,1.195000052
6/6/2026 15:24,1193.937988,10.30599976,1.883000016
6/6/2026 15:29,1051.895996,11.02700043,1.774999976
6/6/2026 15:34,1109.634033,9.635000229,1.636000037
6/6/2026 15:39,1008.064026,10.03800011,1.547999978
6/6/2026 15:44,1082.918945,9.850999832,1.631999969
6/6/2026 15:49,402.802002,10.90100002,0.671999991
6/6/2026 15:54,708.7139893,10.68900013,1.159000039
6/6/2026 15:59,376.5390015,11.4659996,0.661000013
6/6/2026 16:04,476.8429871,9.414999962,0.686999977
6/6/2026 16:09,375.401001,10.36100006,0.595000029
6/6/2026 16:14,325.9949951,9.661999702,0.481999993
6/6/2026 16:19,271.4609985,10.50199986,0.43599999
6/6/2026 16:24,280.9190063,10.19099998,0.437999994
6/6/2026 16:29,356.9490051,10.06700039,0.550000012
6/6/2026 16:34,371.6270142,10.83500004,0.615999997
6/6/2026 16:39,254.3670044,10.11600018,0.393999994
6/6/2026 16:44,275.5020142,10.92599964,0.460999995
6/6/2026 16:49,378.0780029,9.793000221,0.566999972
6/6/2026 16:54,613.9699707,9.68200016,0.910000026
6/6/2026 16:59,621.46698,9.925000191,0.944000006
6/6/2026 17:04,560.6779785,8.345000267,0.716000021
6/6/2026 17:09,312.0849915,8.56799984,0.409000009
6/6/2026 17:14,153.7350006,10.45300007,0.246000007
6/6/2026 17:19,141.3739929,11.07999992,0.239999995
6/6/2026 17:24,165.5579987,10.22399998,0.259000003
6/6/2026 17:29,165.7830048,8.843999863,0.224000007
6/6/2026 17:34,141.154007,10.5909996,0.229000002
6/6/2026 17:39,116.1389999,10.94299984,0.194000006
6/6/2026 17:45,180.1139984,8.843999863,0.244000003
6/6/2026 17:50,264.4670105,8.498999596,0.344000012
6/6/2026 17:55,319.3989868,11.94799995,0.583999991
6/6/2026 18:00,185.9539948,9.217000008,0.261999995
6/6/2026 18:05,174.1999969,9.517000198,0.254000008
6/6/2026 18:10,133.9389954,9.581999779,0.195999995
6/6/2026 18:15,104.7470016,9.032999992,0.144999996
6/6/2026 18:20,99.98400116,9.166999817,0.140000001
6/6/2026 18:25,128.9989929,7.145999908,0.141000003
6/6/2026 18:30,129.451004,9.409999847,0.186000004
6/6/2026 18:35,129.8009949,9.326000214,0.185000002
6/6/2026 18:40,120.4250031,10.01599979,0.185000002
6/6/2026 18:45,114.177002,9.26099968,0.162
6/6/2026 18:50,100.2419968,8.758000374,0.134000003
6/6/2026 18:55,84.57800293,7.659999847,0.098999999
6/6/2026 19:00,78.36299896,6.572000027,0.079000004
6/6/2026 19:05,101.697998,8.401000023,0.130999997
6/6/2026 19:10,126.526001,9.387000084,0.181999996
6/6/2026 19:15,113.5169983,8.798999786,0.152999997
6/6/2026 19:20,99.01899719,8.48900032,0.128999993
6/6/2026 19:25,103.1350021,7.353000164,0.115999997
6/6/2026 19:30,81.1309967,7.656000137,0.094999999
6/6/2026 19:35,79.95200348,7.84499979,0.096000001
6/6/2026 19:40,80.45500183,7.679999828,0.094999999
6/6/2026 19:45,70.9280014,7.239999771,0.079000004
6/6/2026 19:50,67.47000122,7.887000084,0.081
6/6/2026 19:55,60.49100113,7.791999817,0.071999997
6/6/2026 20:00,62.06200027,5.772999763,0.055
6/6/2026 20:05,62.29899979,7.486000061,0.071000002
6/6/2026 20:11,56.47999954,7.613999844,0.066
6/6/2026 20:16,37.01900101,3.313999891,0.018999999
6/6/2026 20:21,32.13299942,0.077,0
6/6/2026 20:26,27.41900063,0.082000002,0
6/6/2026 20:31,23.64800072,0.075000003,0
6/6/2026 20:36,18.08499908,0.074000001,0
6/6/2026 20:41,14.85000038,0.061999999,0
6/6/2026 20:46,12.59000015,0.077,0
6/6/2026 20:51,10.73600006,0.104000002,0
6/6/2026 20:56,8.736000061,0.061000001,0
6/6/2026 21:01,6.968999863,0.082999997,0
6/6/2026 21:06,5.364999771,0.039000001,0
6/6/2026 21:11,3.755000114,0.044,0
6/6/2026 21:16,2.464999914,0.068000004,0
6/6/2026 21:21,1.284999967,0.011,0
6/7/2026 5:51,1.284999967,0.011,0
6/7/2026 5:56,5.041999817,-0.009,0
6/7/2026 6:01,6.025000095,0.027000001,0
6/7/2026 6:06,11.89599991,0.068000004,0
6/7/2026 6:11,11.43299961,0.045000002,0
6/7/2026 6:16,11.73900032,0.090999998,0
6/7/2026 6:21,15.81700039,0.035,0
6/7/2026 6:26,18.61899948,0.064000003,0
6/7/2026 6:31,25.62299919,0.044,0
6/7/2026 6:36,30.78300095,0.043000001,0
6/7/2026 6:41,34.97499847,0.068999998,0
6/7/2026 6:46,35.47200012,0.071999997,0
6/7/2026 6:51,51.85100174,1.963999987,0.016000001
6/7/2026 6:56,60.36100006,5.21999979,0.048
6/7/2026 7:01,62.48899841,6.494999886,0.061999999
6/7/2026 7:06,70.45300293,7.058000088,0.075999998
6/7/2026 7:11,84.27899933,7.251999855,0.093999997
6/7/2026 7:17,81.52200317,7.84800005,0.097999997
6/7/2026 7:22,89.74199677,5.71999979,0.079000004
6/7/2026 7:27,106.8320007,7.775000095,0.127000004
6/7/2026 7:32,101.0810013,8.315999985,0.128999993
6/7/2026 7:37,85.87400055,7.300000191,0.096000001
6/7/2026 7:42,103.2870026,7.336999893,0.115999997
6/7/2026 7:47,104.6650009,6.501999855,0.104000002
6/7/2026 7:52,111.4219971,7.353000164,0.125
6/7/2026 7:57,123.5270004,8.364999771,0.158000007
6/7/2026 8:02,127.7649994,7.894999981,0.153999999
6/7/2026 8:07,153.5269928,8.187000275,0.192000002
6/7/2026 8:12,157.098999,7.06799984,0.170000002
6/7/2026 8:17,152.970993,8.656999588,0.202999994
6/7/2026 8:22,143.647995,8.163999557,0.179000005
6/7/2026 8:27,151.0579987,8.201000214,0.189999998
6/7/2026 8:32,174.4909973,7.585999966,0.202999994
6/7/2026 8:37,279.2269897,9.236000061,0.395000011
6/7/2026 8:42,445.197998,3.74000001,0.254999995
6/7/2026 8:47,478.5830078,5.923999786,0.433999985
6/7/2026 8:52,474.6170044,2.753999949,0.200000003
6/7/2026 8:57,479.9930115,2.303999901,0.169
6/7/2026 9:02,493.8959961,2.413000107,0.181999996
6/7/2026 9:07,304.855011,4.447999954,0.207000002
6/7/2026 9:12,557.0349731,2.464999914,0.209999993
6/7/2026 9:17,575.8449707,2.121000051,0.187000006
6/7/2026 9:22,590.5939941,2.138999939,0.193000004
6/7/2026 9:27,583.6640015,2.186000109,0.194999993
6/7/2026 9:32,564.6430054,3.303999901,0.284999996
6/7/2026 9:37,219.2070007,6.519999981,0.218999997
6/7/2026 9:43,511.7940063,3.861000061,0.301999986
6/7/2026 9:48,562.0800171,3.605000019,0.310000002
6/7/2026 9:53,747.3010254,3.424999952,0.39199999
6/7/2026 9:58,416.5660095,6.229000092,0.397000015
6/7/2026 10:03,334.3380127,6.919000149,0.354000002
6/7/2026 10:08,320.269989,7.93599987,0.388999999
6/7/2026 10:13,231.9109955,9.022000313,0.319999993
6/7/2026 10:18,300.4660034,8.868000031,0.407999992
6/7/2026 10:23,289.3169861,9.201000214,0.407000005
6/7/2026 10:28,589.8189697,6.764999866,0.610000014
6/7/2026 10:33,677.3280029,8.720999718,0.903999984
6/7/2026 10:38,810.0209961,11.72900009,1.453999996
6/7/2026 10:43,767.348999,12.57400036,1.475999951
6/7/2026 10:48,878.0269775,12.27200031,1.649000049
6/7/2026 10:53,871.0789795,12.33199978,1.644000053
6/7/2026 10:58,897.5089722,12.08699989,1.659999967
6/7/2026 11:03,892.4619751,12.32400036,1.682999969
6/7/2026 11:08,914.4400024,12.1420002,1.699000001
6/7/2026 11:13,939.4799805,12.19299984,1.753000021
6/7/2026 11:18,589.8300171,10.64400005,0.961000025
6/7/2026 11:23,1013.726013,11.74100018,1.82099998
6/7/2026 11:28,1000.978027,11.87699986,1.819000006
6/7/2026 11:33,907.1729736,11.89099979,1.649999976
6/7/2026 11:38,1054.180054,11.73600006,1.893000007
6/7/2026 11:43,980.2080078,11.53800011,1.730000019
6/7/2026 11:48,1031.928955,11.87899971,1.875
6/7/2026 11:53,1003.687012,11.95300007,1.835999966
6/7/2026 11:58,1029.774048,11.99100018,1.889000058
6/7/2026 12:04,1006.302979,11.90799999,1.832999945
6/7/2026 12:09,1029.675049,11.82499981,1.863000035
6/7/2026 12:14,1008.343018,11.94299984,1.843000054
6/7/2026 12:19,996.2150269,11.89999962,1.81400001
6/7/2026 12:24,1027.012939,11.79599953,1.853999972
6/7/2026 12:29,1016.752991,11.69499969,1.819000006
6/7/2026 12:34,1047.688965,11.78899956,1.889999986
6/7/2026 12:39,1011.008972,11.59300041,1.792999983
6/7/2026 12:44,1039.584961,11.62899971,1.850000024
6/7/2026 12:49,1040.405029,11.80700016,1.878999949
6/7/2026 12:54,1055.687012,11.68400002,1.886999965
6/7/2026 12:59,1052.47998,11.61400032,1.870000005
6/7/2026 13:04,1023.52002,11.73700047,1.838000059
6/7/2026 13:09,1055.963013,11.56400013,1.868000031
6/7/2026 13:14,1054.590942,11.54699993,1.863000035
6/7/2026 13:19,1053.926025,11.41600037,1.840999961
6/7/2026 13:24,1070.259033,11.45600033,1.876000047
6/7/2026 13:47,1043.259033,0.871999979,0.138999999
6/7/2026 13:52,1047.374023,11.72999954,1.879999995
6/7/2026 13:57,1041.640991,11.36900043,1.812000036
6/7/2026 14:02,1038.271973,11.10900021,1.764999986
6/7/2026 14:07,1029.682007,11.0710001,1.743999958
6/7/2026 14:12,1027.198975,10.88300037,1.710000038
6/7/2026 14:17,1025.477051,10.91100025,1.712000012
6/7/2026 14:22,1014.583008,10.80700016,1.677999973
6/7/2026 14:27,964.7860107,11.0539999,1.631999969
6/7/2026 14:32,1004.065979,10.58300018,1.626000047
6/7/2026 14:37,990.6129761,10.61400032,1.608999968
6/7/2026 14:42,985.6019897,10.59599972,1.59800005
6/7/2026 14:47,972.2130127,10.25800037,1.526000023
6/7/2026 14:52,965.9660034,10.11100006,1.493999958
6/7/2026 14:57,953.1450195,10.26099968,1.496000051
6/7/2026 15:02,950.289978,10.28299999,1.495000005
6/7/2026 15:07,940.15802,10.22200012,1.470000029
6/7/2026 15:12,930.2990112,10.07600021,1.434000015
6/7/2026 15:17,921.1129761,9.928999901,1.399000049
6/7/2026 15:23,909.7459717,9.845000267,1.370000005
6/7/2026 15:28,892.632019,10.1260004,1.383000016
6/7/2026 15:33,884.5579834,9.711999893,1.31400001
6/7/2026 15:38,872.8109741,9.718000412,1.297999978
6/7/2026 15:43,857.8989868,9.82199955,1.289000034
6/7/2026 15:48,844.5339966,9.843999863,1.271999955
6/7/2026 15:53,830.289978,9.798999786,1.245000005
6/7/2026 15:58,814.3449707,9.668000221,1.205000043
6/7/2026 16:03,803.9890137,9.579000473,1.177999973
6/7/2026 16:08,789.8859863,9.619000435,1.161999941
6/7/2026 16:13,772.8179932,9.55700016,1.129999995
6/7/2026 16:18,759.8670044,9.593000412,1.11500001
6/7/2026 16:23,742.5809937,9.56000042,1.085999966
6/7/2026 16:28,723.4860229,9.598999977,1.062999964
6/7/2026 16:33,703.9699707,9.654999733,1.039999962
6/7/2026 16:38,695.0349731,9.18900013,0.976999998
6/7/2026 16:43,675.5750122,9.491999626,0.981000006
6/7/2026 16:48,646.28302,9.31400013,0.921000004
6/7/2026 16:53,644.0390015,9.156000137,0.90200001
6/7/2026 16:58,614.1209717,9.425999641,0.885999978
6/7/2026 17:03,591.3619995,8.94299984,0.809000015
6/7/2026 17:08,584.6450195,9.081999779,0.811999977
6/7/2026 17:13,559.7299805,9.149999619,0.783999979
6/7/2026 17:18,547.0029907,8.642000198,0.72299999
6/7/2026 17:23,517.197998,8.734000206,0.690999985
6/7/2026 17:28,519.4190063,8.347999573,0.662999988
6/7/2026 17:33,485.348999,8.32199955,0.617999971
6/7/2026 17:38,464.9419861,8.36400032,0.595000029
6/7/2026 17:44,447.7919922,7.808000088,0.535000026
6/7/2026 17:49,372.6830139,7.913000107,0.451000005
6/7/2026 17:54,367.7170105,8.251000404,0.463999987
6/7/2026 17:59,70.43699646,8.739999771,0.093999997
6/7/2026 18:04,68.09600067,7.198999882,0.075000003
6/7/2026 18:09,66.50299835,8.241000175,0.083999999
6/7/2026 18:14,65.34100342,6.758999825,0.068000004
6/7/2026 18:19,63.50899887,9.241000175,0.090000004
6/7/2026 18:24,62.96900177,7.40199995,0.071000002
6/7/2026 18:29,61.17900085,8.616999626,0.081
6/7/2026 18:34,60.15100098,8.614999771,0.079000004
6/7/2026 18:39,57.77399826,4.623000145,0.041000001
6/7/2026 18:44,57.90200043,7.836999893,0.068999998
6/7/2026 18:49,56.72200012,8.057999611,0.07
6/7/2026 18:54,54.79999924,5.402999878,0.045000002
6/7/2026 18:59,54.42599869,5.797999859,0.048
6/7/2026 19:04,52.77000046,8.187999725,0.066
6/7/2026 19:09,51.36000061,5.434000015,0.043000001
6/7/2026 19:14,50.09600067,4.869999886,0.037
6/7/2026 19:19,48.55400085,5.563000202,0.041000001
6/7/2026 19:24,47.14500046,3.625999928,0.026000001
6/7/2026 19:29,45.39899826,4.107999802,0.028999999
6/7/2026 19:34,43.86500168,4.664999962,0.030999999
6/7/2026 19:39,42.0019989,4.401000023,0.028000001
6/7/2026 19:44,40.69300079,4.306000233,0.027000001
6/7/2026 19:49,38.07799911,3.697000027,0.022
6/7/2026 19:54,36.15100098,3.085000038,0.017000001
6/7/2026 19:59,35.13399887,2.497999907,0.013
6/7/2026 20:04,33.22999954,1.644000053,0.008
6/7/2026 20:10,31.12899971,0.175999999,0.001
6/7/2026 20:15,28.74799919,0.064999998,0
6/7/2026 20:20,24.90699959,0.075000003,0
6/7/2026 20:25,22.29700089,0.071999997,0
6/7/2026 20:30,20.56500053,0.059999999,0
6/7/2026 20:35,17.78899956,0.050999999,0
6/7/2026 20:40,15.14299965,0.071999997,0
6/7/2026 20:45,13.26200008,0.085000001,0
6/7/2026 20:50,10.9989996,0.112999998,0
6/7/2026 20:55,10.15100002,0.082000002,0
6/7/2026 21:00,8.05300045,0.086000003,0
6/7/2026 21:05,6.638000011,0.107000001,0
6/7/2026 21:10,4.782000065,0.041999999,0
6/7/2026 21:15,2.851000071,0.204999998,0
6/7/2026 21:20,1.210999966,0.224000007,0
6/7/2026 21:25,0.321999997,-0.345999986,0
6/8/2026 5:41,0.321999997,-0.345999986,0
6/8/2026 5:46,5.486000061,0.037999999,0
6/8/2026 5:51,7.867000103,0.01,0
6/8/2026 5:56,10.66499996,0.072999999,0
6/8/2026 6:01,13.38099957,0.055,0
6/8/2026 6:06,16.61300087,0.075000003,0
6/8/2026 6:11,20.4090004,0.037,0
6/8/2026 6:16,25.04899979,0.075999998,0
6/8/2026 6:21,28.61000061,0.059999999,0
6/8/2026 6:26,32.88199997,0.066,0
6/8/2026 6:31,39.58200073,0.068999998,0
6/8/2026 6:36,48.01399994,2.838000059,0.021
6/8/2026 6:41,51.28900146,3.698999882,0.028999999
6/8/2026 6:46,55.9659996,5.112999916,0.044
6/8/2026 6:51,58.70600128,5.019999981,0.045000002
6/8/2026 6:56,59.84199905,4.618000031,0.041999999
6/8/2026 7:01,59.95399857,6.758999825,0.061999999
6/8/2026 7:06,62.69499969,5.791999817,0.056000002
6/8/2026 7:11,68.34600067,5.93599987,0.061999999
6/8/2026 7:16,72.08200073,6.038000107,0.067000002
6/8/2026 7:21,78.5530014,7.297999859,0.088
6/8/2026 7:26,101.1930008,6.984000206,0.108000003
6/8/2026 7:31,104.2490005,7.326000214,0.116999999
6/8/2026 7:36,107.5790024,7.566999912,0.125
6/8/2026 7:41,93.95500183,7.836999893,0.112999998
6/8/2026 7:46,77.0719986,6.065999985,0.071999997
6/8/2026 7:52,68.51699829,6.326000214,0.066
6/8/2026 7:57,206.8800049,2.311000109,0.072999999
6/8/2026 8:02,200.8849945,2.365999937,0.072999999
6/8/2026 8:07,255.7550049,1.840000033,0.071999997
6/8/2026 8:12,250.7940063,2.094000101,0.079999998
6/8/2026 8:17,253.776001,1.952999949,0.075999998
6/8/2026 8:22,327.5950012,1.792999983,0.090000004
6/8/2026 8:27,338.2799988,2.118000031,0.109999999
6/8/2026 8:32,324.1300049,2.34100008,0.115999997
6/8/2026 8:37,331.2460022,9.163000107,0.463999987
6/8/2026 8:42,382.1099854,2.164999962,0.127000004
6/8/2026 8:47,388.8909912,7.086999893,0.421999991
6/8/2026 8:52,446.4530029,2.065999985,0.141000003
6/8/2026 8:57,455.3829956,1.789999962,0.125
6/8/2026 9:02,420.7860107,2.010999918,0.128999993
6/8/2026 9:07,480.17099,2.055999994,0.150999993
6/8/2026 9:12,491.5499878,2.055000067,0.155000001
6/8/2026 9:17,450.6470032,1.968999982,0.136000007
6/8/2026 9:22,545.2550049,1.19599998,0.100000001
6/8/2026 9:27,520.7219849,2.131999969,0.170000002
6/8/2026 9:32,589.0930176,1.743999958,0.157000005
6/8/2026 9:37,554.6459961,2.150000095,0.181999996
6/8/2026 9:42,590.0479736,1.952000022,0.175999999
6/8/2026 9:47,689.1110229,2.023999929,0.213
6/8/2026 9:52,568.0250244,2.937999964,0.254999995
6/8/2026 9:57,572.2719727,2.904000044,0.254000008
6/8/2026 10:02,600.210022,2.835000038,0.25999999
6/8/2026 10:07,564.6240234,3.137000084,0.270999998
6/8/2026 10:12,643.2639771,3.246999979,0.319999993
6/8/2026 10:18,577.9420166,3.894999981,0.344000012
6/8/2026 10:23,556.0869751,4.277999878,0.363999993
6/8/2026 10:28,530.6740112,4.816999912,0.391000003
6/8/2026 10:33,535.7349854,7.059999943,0.578999996
6/8/2026 10:38,626.8870239,9.579999924,0.91900003
6/8/2026 10:43,535.7050171,9.951999664,0.815999985
6/8/2026 10:48,635.960022,10.64400005,1.036000013
6/8/2026 10:53,619.3070068,10.88700008,1.031999946
6/8/2026 10:58,698.7059937,11.80700016,1.261999965
6/8/2026 11:03,686.7659912,11.59000015,1.218000054
6/8/2026 11:08,623.6550293,10.35299969,0.987999976
6/8/2026 11:13,682.2990112,10.78199959,1.126000047
6/8/2026 11:18,966.3359985,11.41100025,1.687000036
6/8/2026 11:23,987.9180298,11.29199982,1.707000017
6/8/2026 11:28,777.9379883,10.77000046,1.281999946
6/8/2026 11:33,649.4400024,10.96199989,1.088999987
6/8/2026 11:38,534.1300049,9.979999542,0.815999985
6/8/2026 11:43,695.3599854,10.40100002,1.106999993
6/8/2026 11:48,701.7659912,10.26000023,1.101999998
6/8/2026 11:53,869.0319824,11.30900002,1.503999949
6/8/2026 11:58,763.026001,10.50599957,1.226999998
6/8/2026 12:03,734.4069824,11.57600021,1.300999999
6/8/2026 12:08,834.2700195,11.36699963,1.450999975
6/8/2026 12:13,726.4210205,10.95899963,1.218000054
6/8/2026 12:18,663.492981,9.862000465,1.001000047
6/8/2026 12:23,491.5700073,8.986000061,0.675999999
6/8/2026 12:28,454.3410034,8.586000443,0.597000003
6/8/2026 12:33,513.4810181,9.265999794,0.727999985
6/8/2026 12:39,565.5250244,8.659999847,0.749000013
6/8/2026 12:44,476.6099854,8.835000038,0.643999994
6/8/2026 12:49,467.7290039,8.539999962,0.611000001
6/8/2026 12:54,434.2219849,8.842000008,0.587000012
6/8/2026 12:59,427.7869873,9.42800045,0.616999984
6/8/2026 13:04,386.8250122,8.628000259,0.510999978
6/8/2026 13:09,313.6390076,8.989999771,0.430999994
6/8/2026 13:14,292.8049927,8.847000122,0.395999998
6/8/2026 13:19,319.1470032,8.401000023,0.409999996
6/8/2026 13:24,388.072998,8.527999878,0.505999982
6/8/2026 13:46,302.4710083,0.257999986,0.012
6/8/2026 13:51,264.7149963,9.850999832,0.398999989
6/8/2026 13:56,271.446991,9.866000175,0.409999996
6/8/2026 14:01,360.1440125,9.468000412,0.522000015
6/8/2026 14:07,411.9179993,12.73700047,0.802999973
6/8/2026 14:12,332.696991,9.409000397,0.479000002
6/8/2026 14:17,900.7860107,7.423999786,1.023000002
6/8/2026 14:22,516.2969971,8.303999901,0.656000018
6/8/2026 14:27,649.8060303,8.588000298,0.853999972
6/8/2026 14:32,367.8399963,8.173999786,0.460000008
6/8/2026 14:37,269.8309937,9.338000298,0.386000007
6/8/2026 14:42,400.9490051,7.008999825,0.430000007
6/8/2026 14:47,216.1170044,7.607999802,0.252000004
6/8/2026 14:52,108.3889999,8.918999672,0.148000002
6/8/2026 14:57,52.31499863,6.644999981,0.052999999
6/8/2026 15:02,27.05800056,0.079000004,0
6/8/2026 15:07,26.18499947,0.108000003,0
6/8/2026 15:12,30.47800064,4.486999989,0.021
6/8/2026 15:17,30.18300056,3.213999987,0.015
6/8/2026 15:22,41.73500061,5.013999939,0.032000002
6/8/2026 15:27,62.14099884,9.793000221,0.093000002
6/8/2026 15:32,66.96299744,7.550000191,0.077
6/8/2026 15:37,60.91899872,7.205999851,0.067000002
6/8/2026 15:42,63.01699829,9.177000046,0.088
6/8/2026 15:47,87.82299805,6.796000004,0.090999998
6/8/2026 15:52,73.99099731,8.399000168,0.094999999
6/8/2026 15:57,64.79299927,7.984000206,0.079000004
6/8/2026 16:02,82.21700287,8.12899971,0.101999998
6/8/2026 16:07,164.503006,8.555999756,0.215000004
6/8/2026 16:12,206.1100006,9.031999588,0.284999996
6/8/2026 16:17,237.0970001,8.517999649,0.308999985
6/8/2026 16:22,296.4979858,8.140000343,0.368999988
6/8/2026 16:28,421.9729919,8.362999916,0.540000021
6/8/2026 16:33,347.144989,8.036000252,0.426999986
6/8/2026 16:38,235.0590057,8.324999809,0.298999995
6/8/2026 16:43,147.3049927,8.581999779,0.193000004
6/8/2026 16:48,126.3420029,8.545999527,0.165000007
6/8/2026 16:53,119.913002,8.048999786,0.148000002
6/8/2026 16:58,97.53800201,7.353000164,0.109999999
6/8/2026 17:03,73.3710022,6.007999897,0.067000002
6/8/2026 17:08,68.58999634,5.961999893,0.063000001
6/8/2026 17:13,52.73600006,5.471000195,0.044
6/8/2026 17:18,50.2879982,4.418000221,0.034000002
6/8/2026 17:23,48.56900024,4.842999935,0.035999998
6/8/2026 17:28,44.06499863,3.348999977,0.023
6/8/2026 17:33,40.63499832,4.789999962,0.029999999
6/8/2026 17:38,40.2879982,3.90199995,0.024
6/8/2026 17:43,44.95100021,3.983999968,0.027000001
6/8/2026 17:48,40.34999847,2.904000044,0.017999999
6/8/2026 17:53,33.21099854,0.108999997,0.001
6/8/2026 17:58,35.2820015,1.991999984,0.011
6/8/2026 18:03,50.14400101,5.451000214,0.041999999
6/8/2026 18:08,64.65699768,6.147999763,0.061000001
6/8/2026 18:13,52.10300064,5.306000233,0.041999999
6/8/2026 18:18,41.68500137,2.732000113,0.017000001
6/8/2026 18:23,30.21699905,0.072999999,0
6/8/2026 18:28,27.69599915,0.072999999,0
6/8/2026 18:33,24.90699959,0.097000003,0
6/8/2026 18:38,21.01499939,0.089000002,0
6/8/2026 18:43,22.7310009,0.072999999,0
6/8/2026 18:49,25.60499954,0.072999999,0
6/8/2026 18:54,38.57799911,2.522000074,0.015
6/8/2026 18:59,63.63199997,9.006999969,0.088
6/8/2026 19:04,69.59300232,4.738999844,0.050000001
6/8/2026 19:09,51.11100006,3.128000021,0.024
6/8/2026 19:14,40.19200134,2.209000111,0.014
6/8/2026 19:19,32.11999893,0.075999998,0
6/8/2026 19:24,35.80500031,0.068999998,0
6/8/2026 19:29,41.87900162,2.173000097,0.014
6/8/2026 19:34,45.41899872,2.049000025,0.014
6/8/2026 19:39,32.14899826,0.066,0
6/8/2026 19:44,23.93799973,0.050999999,0
6/8/2026 19:49,15.78499985,0.067000002,0
6/8/2026 19:54,7.815000057,0.061999999,0
6/8/2026 19:59,4.677999973,0.112000003,0
6/8/2026 20:04,4.973999977,0.112999998,0
6/8/2026 20:09,6.948999882,0.061999999,0
6/8/2026 20:14,11.51299953,0.046999998,0
6/8/2026 20:19,14.90299988,0.030999999,0
6/8/2026 20:24,12.8409996,0.075999998,0
6/8/2026 20:29,12.5170002,0.030999999,0
6/8/2026 20:34,9.336000443,0.089000002,0
6/8/2026 20:39,4.15500021,0.028000001,0
6/8/2026 20:44,2.746999979,-0.028999999,0
6/8/2026 20:49,7.336999893,0.066,0
6/8/2026 20:54,9.98900032,0.033,0
6/8/2026 21:04,5.090000153,-0.008,0
6/8/2026 21:09,1.998000026,-0.039000001,0
6/8/2026 21:15,1.478999972,0.052000001,0
6/8/2026 21:20,0.486999989,0.714999974,0
6/8/2026 21:25,0.247999996,-0.083999999,0
6/9/2026 5:40,0.247999996,-0.083999999,0
6/9/2026 5:45,0.773000002,0.048,0
6/9/2026 5:50,1.453999996,0.079999998,0
6/9/2026 5:55,3.499000072,0.071000002,0
6/9/2026 6:00,6.015999794,0.021,0
6/9/2026 6:05,9.602000237,0.067000002,0
6/9/2026 6:11,12.82999992,0.059,0
6/9/2026 6:16,11.34399986,0.052999999,0
6/9/2026 6:21,12.78899956,0.057999998,0
6/9/2026 6:26,14.70199966,0.066,0
6/9/2026 6:31,15.00599957,0.074000001,0
6/9/2026 6:36,10.84799957,0.018999999,0
6/9/2026 6:41,12.31999969,0.021,0
6/9/2026 6:46,20.29299927,0.079999998,0
6/9/2026 6:51,17.59799957,0.056000002,0
6/9/2026 6:56,23.80800056,0.052000001,0
6/9/2026 7:01,27.00600052,0.044,0
6/9/2026 7:06,33.14300156,0.041000001,0
6/9/2026 7:11,42.22900009,0.055,0
6/9/2026 7:16,48.91699982,2.647000074,0.02
6/9/2026 7:21,48.42699814,2.232000113,0.017000001
6/9/2026 7:26,51.42200089,2.13499999,0.017000001
6/9/2026 7:31,47.40599823,1.868000031,0.014
6/9/2026 7:36,49.97900009,2.494999886,0.018999999
6/9/2026 7:41,53.86500168,3.977999926,0.033
6/9/2026 7:46,40.89099884,0.061999999,0
6/9/2026 7:51,46.52999878,2.571000099,0.017999999
6/9/2026 7:56,59.64899826,3.641000032,0.033
6/9/2026 8:01,65.73300171,4.197999954,0.041999999
6/9/2026 8:06,74.34500122,5.005000114,0.057
6/9/2026 8:11,73.22299957,5.15500021,0.057999998
6/9/2026 8:16,77.66400146,4.499000072,0.052999999
6/9/2026 8:21,94.58100128,4.278999805,0.061999999
6/9/2026 8:26,116.3339996,5.078000069,0.090000004
6/9/2026 8:32,125.9250031,5.22300005,0.101000004
6/9/2026 8:37,116.586998,6.322000027,0.112999998
6/9/2026 8:42,89.4509964,5.157000065,0.071000002
6/9/2026 8:47,77.6230011,4.545000076,0.054000001
6/9/2026 8:52,69.94499969,3.657000065,0.039000001
6/9/2026 8:57,95.88800049,3.683000088,0.054000001
6/9/2026 9:02,87.88999939,5.691999912,0.077
6/9/2026 9:07,123.3970032,5.289999962,0.100000001
6/9/2026 9:12,190.3470001,5.004000187,0.145999998
6/9/2026 9:17,182.651001,5.085000038,0.142000005
6/9/2026 9:22,162.151001,5.586999893,0.138999999
6/9/2026 9:27,164.4499969,5.499000072,0.137999997
6/9/2026 9:32,180.75,5.488999844,0.151999995
6/9/2026 9:37,136.6900024,6.696000099,0.140000001
6/9/2026 9:42,144.3110046,5.829999924,0.128999993
6/9/2026 9:47,225.5059967,4.977000237,0.172000006
6/9/2026 9:52,250.6239929,4.863999844,0.187000006
6/9/2026 9:57,261.1440125,5.173999786,0.207000002
6/9/2026 10:02,216.6100006,6.072999954,0.201000005
6/9/2026 10:07,225.2100067,6.078999996,0.209000006
6/9/2026 10:12,201.1130066,6.051000118,0.186000004
6/9/2026 10:17,154.8139954,5.796999931,0.136999995
6/9/2026 10:22,130.973999,6.449999809,0.128999993
6/9/2026 10:27,169.6589966,6.076000214,0.158000007
6/9/2026 10:32,170.6190033,5.767000198,0.150999993
6/9/2026 10:37,208.9869995,5.229000092,0.166999996
6/9/2026 10:42,185.5249939,5.982999802,0.170000002
6/9/2026 10:47,133.552002,6.002999783,0.123000003
6/9/2026 10:52,126.1849976,6.425000191,0.123999998
6/9/2026 10:58,113.6230011,6.565999985,0.114
6/9/2026 11:03,140.2189941,6.467000008,0.138999999
6/9/2026 11:08,140.9299927,6.047999859,0.129999995
6/9/2026 11:13,164.8589935,6.662000179,0.167999998
6/9/2026 11:18,156.3840027,6.068999767,0.144999996
6/9/2026 11:23,150.3950043,5.840000153,0.134000003
6/9/2026 11:28,119.2369995,5.22300005,0.094999999
6/9/2026 11:33,140.0180054,5.563000202,0.119000003
6/9/2026 11:38,229.8789978,4.718999863,0.165999994
6/9/2026 11:43,332.7890015,5.320000172,0.270999998
6/9/2026 11:48,325.0239868,5.239999771,0.261000007
6/9/2026 11:53,321.2909851,7.202000141,0.354000002
6/9/2026 11:58,354.9389954,6.989999771,0.379999995
6/9/2026 12:03,312.618988,4.697000027,0.224999994
6/9/2026 12:08,294.7109985,4.699999809,0.211999997
6/9/2026 12:13,521.2780151,5.744999886,0.458000004
6/9/2026 12:18,321.678009,4.410999775,0.216999993
6/9/2026 12:23,275.730011,5.06099987,0.214000002
6/9/2026 12:28,271.8739929,4.539999962,0.188999996
6/9/2026 12:33,323.4790039,0,0
6/9/2026 12:38,242.2330017,0,0
6/9/2026 12:43,259.7579956,0,0
6/9/2026 12:48,306.4089966,0,0
6/9/2026 12:53,901.3989868,0,0
6/9/2026 12:58,498.8089905,0,0
6/9/2026 13:03,531.4580078,0,0
6/9/2026 13:08,694.3540039,0,0
6/9/2026 13:13,410.1489868,-0.001,0
6/9/2026 13:19,703.3920288,0,0
6/9/2026 13:24,693.3209839,6.941999912,0.736000001
6/9/2026 13:46,832.526001,0.368000001,0.046999998
6/9/2026 13:51,778.1530151,6.987999916,0.832000017
6/9/2026 13:56,838.3859863,6.797999859,0.871999979
6/9/2026 14:01,795.5910034,6.998000145,0.851999998
6/9/2026 14:06,750.1810303,7.267000198,0.833999991
6/9/2026 14:11,775.0700073,6.468999863,0.76700002
6/9/2026 14:16,782.9619751,6.927999973,0.829999983
6/9/2026 14:21,788.6989746,6.973999977,0.842000008
6/9/2026 14:26,762.6929932,7.024000168,0.819999993
6/9/2026 14:31,671.1680298,7.611999989,0.782000005
6/9/2026 14:37,658.9630127,5.80700016,0.586000025
6/9/2026 14:42,731.4310303,7.058000088,0.790000021
6/9/2026 14:47,326.3980103,7.165999889,0.35800001
6/9/2026 14:52,436.6650085,7.534999847,0.503000021
6/9/2026 14:57,539.8259888,6.412000179,0.529999971
6/9/2026 15:02,457.3049927,9.043999672,0.633000016
6/9/2026 15:07,316.6149902,7.486999989,0.363000005
6/9/2026 15:12,630.2969971,5.945000172,0.573000014
6/9/2026 15:17,347.6459961,8.152000427,0.433999985
6/9/2026 15:22,263.7510071,7.34499979,0.296000004
6/9/2026 15:27,303.7510071,7.453999996,0.345999986
6/9/2026 15:32,539.4099731,7.09800005,0.586000025
6/9/2026 15:37,419.1629944,7.211999893,0.463
6/9/2026 15:42,440.4849854,7.302999973,0.492000014
6/9/2026 15:47,366.2630005,7.965000153,0.44600001
6/9/2026 15:52,392.7009888,7.146999836,0.42899999
6/9/2026 15:57,424.5440063,7.186999798,0.467000008
6/9/2026 16:02,351.8150024,7.335000038,0.395000011
6/9/2026 16:07,300.0390015,7.227000237,0.331999987
6/9/2026 16:12,281.5109863,7.306000233,0.314999998
6/9/2026 16:17,275.446991,7.532999992,0.317000002
6/9/2026 16:22,289.4219971,7.047999859,0.312000006
6/9/2026 16:27,256.1619873,7.177999973,0.280999988
6/9/2026 16:32,266.1229858,7.472000122,0.30399999
6/9/2026 16:37,158.75,6.909999847,0.167999998
6/9/2026 16:42,149.8130035,6.771999836,0.155000001
6/9/2026 16:47,125.6409988,6.997000217,0.135000005
6/9/2026 16:52,110.1549988,6.288000107,0.105999999
6/9/2026 16:58,108.2149963,6.471000195,0.107000001
6/9/2026 17:03,93.65000153,6.278999805,0.090000004
6/9/2026 17:08,98.63800049,5.991000175,0.090000004
6/9/2026 17:13,101.2570038,7.179999828,0.111000001
6/9/2026 17:18,107.8970032,7.597000122,0.125
6/9/2026 17:23,119.1790009,7.394000053,0.135000005
6/9/2026 17:28,154.8170013,7.343999863,0.173999995
6/9/2026 17:33,133.8450012,6.977000237,0.143000007
6/9/2026 17:38,117.336998,6.826000214,0.123000003
6/9/2026 17:43,101.5339966,6.295000076,0.097999997
6/9/2026 17:48,95.03299713,5.815999985,0.085000001
6/9/2026 17:53,88.56900024,6.172999859,0.083999999
6/9/2026 17:58,85.03299713,6.831999779,0.089000002
6/9/2026 18:03,96.55999756,7.320000172,0.108000003
6/9/2026 18:08,109.8560028,7.327000141,0.123000003
6/9/2026 18:13,124.427002,6.459000111,0.123000003
6/9/2026 18:18,122.6740036,7.113999844,0.134000003
6/9/2026 18:23,122.0820007,6.756999969,0.126000002
6/9/2026 18:28,123.1220016,7.394999981,0.138999999
6/9/2026 18:33,114.6080017,6.616000175,0.115999997
6/9/2026 18:38,102.0780029,7.028999805,0.109999999
6/9/2026 18:43,83.21099854,5.922999859,0.075000003
6/9/2026 18:48,63.78699875,5.568999767,0.054000001
6/9/2026 18:53,57.50899887,3.398999929,0.029999999
6/9/2026 18:58,56.88899994,3.117000103,0.027000001
6/9/2026 19:03,59.54299927,2.638000011,0.024
6/9/2026 19:08,54.82099915,4.302000046,0.035999998
6/9/2026 19:13,50.24000168,2.727999926,0.021
6/9/2026 19:19,41.86299896,2.187000036,0.014
6/9/2026 19:24,38.33399963,0.059,0
6/9/2026 19:29,33.46300125,0.052999999,0
6/9/2026 19:34,30.14999962,0.074000001,0
6/9/2026 19:39,29.32799911,0.050000001,0
6/9/2026 19:44,26.25399971,0.071000002,0
6/9/2026 19:49,27.0189991,0.068999998,0
6/9/2026 19:54,26.10499954,0.075000003,0
6/9/2026 19:59,29.12199974,0.072999999,0
6/9/2026 20:04,28.21299934,0.061000001,0
6/9/2026 20:09,27.45800018,0.052999999,0
6/9/2026 20:14,20.72900009,0.064999998,0
6/9/2026 20:19,17.9470005,0.054000001,0
6/9/2026 20:24,17.4260006,0.074000001,0
6/9/2026 20:29,16.96899986,0.054000001,0
6/9/2026 20:34,13.45600033,0.056000002,0
6/9/2026 20:39,12.20800018,0.022,0
6/9/2026 20:44,12.59000015,0.064000003,0
6/9/2026 20:49,10.10299969,0.037999999,0
6/9/2026 20:54,7.749000072,0.048,0
6/9/2026 20:59,5.277999878,-0.033,0
6/9/2026 21:04,3.359999895,0.074000001,0
6/9/2026 21:09,2.443000078,0.066,0
6/9/2026 21:14,2.009000063,0.039000001,0
6/9/2026 21:19,1.226999998,0.136000007,0
6/9/2026 21:24,1.120000005,0.194000006,0
6/10/2026 5:40,1.120000005,0.194000006,0
6/10/2026 5:45,1.952000022,0.234999999,0
6/10/2026 5:50,4.934999943,0.041999999,0
6/10/2026 6:00,8.164999962,0.092,0
6/10/2026 6:05,10.36499977,0.046,0
6/10/2026 6:10,11.65299988,0.039000001,0
6/10/2026 6:15,14.44099998,0.066,0
6/10/2026 6:20,14.08699989,0.057999998,0
6/10/2026 6:25,20.42499924,0.056000002,0
6/10/2026 6:30,20.93000031,0.052000001,0
6/10/2026 6:35,15.74400043,0.067000002,0
6/10/2026 6:40,10.8210001,0.068999998,0
6/10/2026 6:45,10.51000023,0.008,0
6/10/2026 6:51,10.0710001,0.043000001,0
6/10/2026 6:56,10.74699974,0.082000002,0
6/10/2026 7:01,16.53000069,0.048999999,0
6/10/2026 7:06,17.9470005,0.035999998,0
6/10/2026 7:11,22.69300079,0.057999998,0
6/10/2026 7:16,28.45299911,0.044,0
6/10/2026 7:21,41.09899902,0.071000002,0
6/10/2026 7:26,45.5929985,2.476000071,0.017000001
6/10/2026 7:31,30.40200043,0.064999998,0
6/10/2026 7:36,31.52899933,0.061000001,0
6/10/2026 7:41,53.83200073,2.832999945,0.023
6/10/2026 7:46,65.26399994,4.373000145,0.044
6/10/2026 7:51,60.80500031,3.023000002,0.028000001
6/10/2026 7:56,62.94400024,4.164999962,0.039999999
6/10/2026 8:01,75.08599854,5.933000088,0.068000004
6/10/2026 8:06,70.31099701,6.020999908,0.064999998
6/10/2026 8:11,72.52300262,5.46600008,0.061000001
6/10/2026 8:16,83.32700348,6.302999973,0.079999998
6/10/2026 8:21,84.84300232,4.725999832,0.061000001
6/10/2026 8:26,79.69799805,6.034999847,0.074000001
6/10/2026 8:31,84.02700043,5.454999924,0.07
6/10/2026 8:36,95.60900116,6.43900013,0.093999997
6/10/2026 8:41,91.70300293,6.020999908,0.083999999
6/10/2026 8:46,125.0970001,6.336999893,0.120999999
6/10/2026 8:51,140.1869965,6.506000042,0.140000001
6/10/2026 8:56,161.3760071,6.445000172,0.158999994
6/10/2026 9:01,172.4210052,6.118999958,0.160999998
6/10/2026 9:06,163.4420013,7.230999947,0.180999994
6/10/2026 9:11,189.3370056,6.117000103,0.177000001
6/10/2026 9:17,192.7429962,6.554999828,0.193000004
6/10/2026 9:22,165.3329926,6.919000149,0.174999997
6/10/2026 9:27,163.6730042,7.374000072,0.185000002
6/10/2026 9:32,155.0079956,6.30700016,0.150000006
6/10/2026 9:37,154.3430023,7.100999832,0.167999998
6/10/2026 9:42,155.0829926,7.334000111,0.173999995
6/10/2026 9:47,160.5200043,6.407000065,0.157000005
6/10/2026 9:52,184.2949982,6.84499979,0.193000004
6/10/2026 9:57,235.7070007,6.421999931,0.231999993
6/10/2026 10:02,258.2059937,6.501999855,0.256999999
6/10/2026 10:07,311.7869873,5.993999958,0.286000013
6/10/2026 10:12,221.9579926,6.394999981,0.216999993
6/10/2026 10:17,195.4530029,6.742000103,0.202000007
6/10/2026 10:22,192.3630066,6.610000134,0.194999993
6/10/2026 10:27,195.2660065,6.861000061,0.204999998
6/10/2026 10:32,191.6410065,6.406000137,0.187999994
6/10/2026 10:37,205.5980072,5.824999809,0.182999998
6/10/2026 10:42,235.3329926,6.43599987,0.231999993
6/10/2026 10:47,273.348999,6.502999783,0.272000015
6/10/2026 10:52,294.0339966,6.419000149,0.289000005
6/10/2026 10:57,307.3569946,6.406000137,0.300999999
6/10/2026 11:02,253.8509979,6.730000019,0.261000007
6/10/2026 11:07,220.1439972,6.872000217,0.231000006
6/10/2026 11:12,192.1990051,6.954999924,0.204999998
6/10/2026 11:17,202.470993,7.559000015,0.233999997
6/10/2026 11:22,221.322998,6.873000145,0.232999995
6/10/2026 11:27,269.2229919,7.224999905,0.298000008
6/10/2026 11:32,197.5330048,6.53399992,0.196999997
6/10/2026 11:38,161.0879974,6.355000019,0.157000005
6/10/2026 11:43,140.6100006,7.443999767,0.159999996
6/10/2026 11:48,161.6609955,7.248000145,0.179000005
6/10/2026 11:53,172.0749969,6.072999954,0.159999996
6/10/2026 11:58,152.9689941,6.638000011,0.155000001
6/10/2026 12:03,138.1390076,7.986999989,0.169
6/10/2026 12:08,125.7529984,7.113999844,0.136999995
6/10/2026 12:13,131.2899933,6.401000023,0.128999993
6/10/2026 12:18,88.70200348,5.936999798,0.081
6/10/2026 12:23,93.60700226,5.859000206,0.083999999
6/10/2026 12:28,174.4019928,6.940000057,0.185000002
6/10/2026 12:33,185.9109955,6.203000069,0.175999999
6/10/2026 12:38,134.3040009,6.642000198,0.136000007
6/10/2026 12:43,95.79399872,5.856999874,0.086000003
6/10/2026 12:48,77.46600342,7.045000076,0.083999999
6/10/2026 12:53,70.86100006,6.002999783,0.064999998
6/10/2026 12:58,64.83699799,4.940000057,0.048999999
6/10/2026 13:03,80.50299835,5.927000046,0.072999999
6/10/2026 13:08,89.58899689,7.059999943,0.097000003
6/10/2026 13:13,110.2139969,6.179999828,0.104000002
6/10/2026 13:18,130.2610016,7.296000004,0.144999996
6/10/2026 13:23,138.9779968,7.271999836,0.155000001
6/10/2026 13:47,268.0979919,7.204999924,0.296000004
6/10/2026 13:52,306.0979919,6.921000004,0.324000001
6/10/2026 13:57,635.7529907,6.850999832,0.666000009
6/10/2026 14:02,956.8640137,6.146999836,0.899999976
6/10/2026 14:07,501.743988,7.830999851,0.601000011
6/10/2026 14:12,651.8670044,4.931000233,0.492000014
6/10/2026 14:17,324.1459961,6.53000021,0.324000001
6/10/2026 14:22,306.2969971,7.159999847,0.335999995
6/10/2026 14:27,361.82901,7.09800005,0.393000007
6/10/2026 14:32,495.0190125,6.537000179,0.495000005
6/10/2026 14:37,469.1040039,7.302000046,0.523999989
6/10/2026 14:42,446.4429932,7.065999985,0.48300001
6/10/2026 14:47,856.1530151,3.565000057,0.467000008
6/10/2026 14:52,197.6369934,5.809000015,0.175999999
6/10/2026 14:57,162.4140015,6.209000111,0.153999999
6/10/2026 15:02,146.5119934,5.866000175,0.131999999
6/10/2026 15:08,167.7050018,6.988999844,0.179000005
6/10/2026 15:13,172.3110046,6.731999874,0.177000001
6/10/2026 15:18,174.6799927,6.199999809,0.165999994
6/10/2026 15:23,215.3139954,6.316999912,0.208000004
6/10/2026 15:28,240.3379974,5.836999893,0.215000004
6/10/2026 15:33,298.3649902,6.71600008,0.307000011
6/10/2026 15:38,280.8710022,6.791999817,0.291999996
6/10/2026 15:43,236.7050018,6.742000103,0.244000003
6/10/2026 15:48,240.2630005,6.526000023,0.239999995
6/10/2026 15:53,217.5820007,6.361999989,0.211999997
6/10/2026 15:58,226.772995,7.302999973,0.252999991
6/10/2026 16:03,507.6690063,5.254000187,0.407999992
6/10/2026 16:08,271.1499939,6.78000021,0.280999988
6/10/2026 16:13,274.9549866,6.142000198,0.257999986
6/10/2026 16:18,307.1749878,6.777999878,0.319000006
6/10/2026 16:23,897.2069702,5.828000069,0.800000012
6/10/2026 16:28,379.2749939,6.558000088,0.381000012
6/10/2026 16:33,492.3129883,9.23900032,0.69599998
6/10/2026 16:38,920.8410034,6.096000195,0.859000027
6/10/2026 16:43,864.2329712,5.988999844,0.791999996
6/10/2026 16:48,887.0100098,6.007999897,0.814999998
6/10/2026 16:53,887.0560303,5.90500021,0.800999999
6/10/2026 16:58,222.1869965,7.18599987,0.244000003
6/10/2026 17:03,308.6809998,5.34800005,0.252999991
6/10/2026 17:08,213.4579926,6.704999924,0.218999997
6/10/2026 17:13,204.8410034,6.157999992,0.193000004
6/10/2026 17:18,266.1390076,7.237999916,0.294999987
6/10/2026 17:23,276.1759949,6.640999794,0.280999988
6/10/2026 17:28,207.8670044,6.795000076,0.216000006
6/10/2026 17:34,135.3419952,7.544000149,0.156000003
6/10/2026 17:39,153.9250031,5.862999916,0.137999997
6/10/2026 17:44,627.3010254,5.644999981,0.541999996
6/10/2026 17:49,500.5710144,5.611000061,0.430000007
6/10/2026 17:54,444.178009,4.456999779,0.303000003
6/10/2026 17:59,64.85900116,4.388999939,0.044
6/10/2026 18:04,66.62599945,4.991000175,0.050999999
6/10/2026 18:09,76.60800171,4.414999962,0.052000001
6/10/2026 18:14,71.58200073,4.05700016,0.044
6/10/2026 18:19,114.3379974,5.71600008,0.100000001
6/10/2026 18:24,93.9280014,6.118999958,0.088
6/10/2026 18:29,60.2879982,2.936000109,0.027000001
6/10/2026 18:34,64.99700165,3.58100009,0.035999998
6/10/2026 18:39,68.26499939,4.790999889,0.050000001
6/10/2026 18:44,62.29700089,5.546999931,0.052999999
6/10/2026 18:49,50.93700027,3.667999983,0.028999999
6/10/2026 18:54,38.53499985,1.746000051,0.01
6/10/2026 18:59,36.4070015,0.048999999,0
6/10/2026 19:04,64.42099762,3.608999968,0.035999998
6/10/2026 19:09,84.08699799,5.697000027,0.072999999
6/10/2026 19:14,72.94400024,5.747000217,0.064000003
6/10/2026 19:19,69.55799866,3.644000053,0.039000001
6/10/2026 19:24,67.38300323,3.260999918,0.034000002
6/10/2026 19:29,60.27899933,2.976000071,0.027000001
6/10/2026 19:34,58.12599945,2.634000063,0.023
6/10/2026 19:39,59.08599854,3.217000008,0.028999999
6/10/2026 19:44,54.05899811,2.306999922,0.018999999
6/10/2026 19:49,56.91899872,2.987999916,0.026000001
6/10/2026 19:55,47.05099869,3.023000002,0.022
6/10/2026 20:00,38.63100052,0.057,0
6/10/2026 20:05,35.40100098,0.064999998,0
6/10/2026 20:10,35.28699875,0.064000003,0
6/10/2026 20:15,38.88000107,0.048,0
6/10/2026 20:20,31.52000046,0.046999998,0
6/10/2026 20:25,26.37700081,0.009,0
6/10/2026 20:30,24.14699936,0.048,0
6/10/2026 20:35,21.92200089,0.034000002,0
6/10/2026 20:40,20.0890007,0.035999998,0
6/10/2026 20:45,15.73700047,0.048999999,0
6/10/2026 20:50,12.04599953,0.011,0
6/10/2026 20:55,8.090999603,0.050999999,0
6/10/2026 21:00,6.980999947,0.017999999,0
6/10/2026 21:05,6.089000225,0.034000002,0
6/10/2026 21:10,4.532999992,0.035,0
6/10/2026 21:15,2.190000057,0.057,0
6/10/2026 21:20,1.402999997,0.137999997,0
6/10/2026 21:25,0.458999991,-0.674000025,0
6/11/2026 5:40,0.458999991,-0.674000025,0
6/11/2026 5:45,1.531000018,0.145999998,0
6/11/2026 5:50,2.101000071,0.052999999,0
6/11/2026 5:55,3.127000093,-0.024,0
6/11/2026 6:00,4.282999992,0.046999998,0
6/11/2026 6:05,5.675000191,0.066,0
6/11/2026 6:10,8.210000038,0.068000004,0
6/11/2026 6:15,12.85700035,0.075999998,0
6/11/2026 6:20,14.46899986,0.041999999,0
6/11/2026 6:25,15.77099991,0.027000001,0
6/11/2026 6:30,18.74699974,0.101000004,0
6/11/2026 6:35,20.90299988,0.061000001,0
6/11/2026 6:40,23.78700066,0.066,0
6/11/2026 6:45,31.70299911,0.043000001,0
6/11/2026 6:50,33.05599976,0.068000004,0
6/11/2026 6:55,32.99399948,0.063000001,0
6/11/2026 7:00,31.84300041,0.071999997,0
6/11/2026 7:05,33.9090004,0.064000003,0
6/11/2026 7:10,36.66699982,0.057999998,0
6/11/2026 7:15,38.82300186,0.07,0
6/11/2026 7:20,39.43799973,0.059,0
6/11/2026 7:25,40.09799957,0.071000002,0
6/11/2026 7:30,41.54999924,0.075999998,0
6/11/2026 7:36,44.32500076,2.667000055,0.017999999
6/11/2026 7:41,44.31900024,1.656999946,0.011
6/11/2026 7:46,45.39199829,2.63499999,0.017999999
6/11/2026 7:51,51.41400146,2.727999926,0.021
6/11/2026 7:56,250.4109955,0.661000013,0.025
6/11/2026 8:01,281.9630127,0.906000018,0.039000001
6/11/2026 8:06,296.3789978,0.879999995,0.039999999
6/11/2026 8:11,316.5939941,0.68599999,0.033
6/11/2026 8:16,328.3919983,0.897000015,0.045000002
6/11/2026 8:21,353.1610107,1.215000033,0.066
6/11/2026 8:26,360.6029968,0.77700001,0.043000001
6/11/2026 8:31,391.7189941,0.769999981,0.046
6/11/2026 8:36,408.6860046,3.194000006,0.200000003
6/11/2026 8:41,413.5820007,3.309000015,0.209000006
6/11/2026 8:46,73.46700287,4.046999931,0.045000002
6/11/2026 8:51,462.1900024,1.085000038,0.077
6/11/2026 8:56,137.3390045,3.584000111,0.075000003
6/11/2026 9:01,135.0829926,4.06400013,0.083999999
6/11/2026 9:06,143.2109985,5.954999924,0.129999995
6/11/2026 9:11,194.7449951,5.059000015,0.150999993
6/11/2026 9:16,214.2649994,4.704999924,0.153999999
6/11/2026 9:21,224.8430023,4.150000095,0.143000007
6/11/2026 9:26,229.322998,4.69299984,0.165000007
6/11/2026 9:31,330.8850098,3.003000021,0.151999995
6/11/2026 9:36,248.6170044,5.373000145,0.203999996
6/11/2026 9:41,211.0829926,6.260000229,0.202000007
6/11/2026 9:46,210.7949982,5.979000092,0.193000004
6/11/2026 9:51,180.503006,7.012000084,0.194000006
6/11/2026 9:56,127.887001,6.281000137,0.123000003
6/11/2026 10:02,140.0319977,7.001999855,0.150000006
6/11/2026 10:07,172.9459991,5.217000008,0.137999997
6/11/2026 10:12,411.1380005,3.111000061,0.195999995
6/11/2026 10:17,313.4809875,4.71999979,0.225999996
6/11/2026 10:22,174.576004,6.166999817,0.165000007
6/11/2026 10:27,205.8419952,4.618999958,0.144999996
6/11/2026 10:32,194.447998,5.250999928,0.156000003
6/11/2026 10:37,164.7700043,6.90500021,0.173999995
6/11/2026 10:42,147.5449982,6.303999901,0.142000005
6/11/2026 10:47,174.7929993,6.252999783,0.166999996
6/11/2026 10:52,179.3619995,6.568999767,0.180000007
6/11/2026 10:57,227.529007,4.967999935,0.172999993
6/11/2026 11:02,993.4310303,5.046000004,0.76700002
6/11/2026 11:07,1091.348022,6.712999821,1.121000051
6/11/2026 11:12,684.2810059,6.863999844,0.718999982
6/11/2026 11:17,817.0560303,5.991000175,0.749000013
6/11/2026 11:22,348.2449951,6.362999916,0.338999987
6/11/2026 11:27,1197.621948,6.777999878,1.241999984
6/11/2026 11:32,287.3389893,6.282000065,0.275999993
6/11/2026 11:37,254.3829956,6.586999893,0.256000012
6/11/2026 11:42,1109.988037,6.712999821,1.139999986
6/11/2026 11:47,312.5650024,6.177000046,0.294999987
6/11/2026 11:52,190.9170074,6.258999825,0.182999998
6/11/2026 11:57,167.3619995,5.639999866,0.143999994
6/11/2026 12:02,205.8170013,5.288000107,0.166999996
6/11/2026 12:07,266.6130066,6.164999962,0.250999987
6/11/2026 12:12,1265.505981,6.576000214,1.273000002
6/11/2026 12:17,1164.902954,6.755000114,1.203999996
6/11/2026 12:23,618.0020142,9.31400013,0.880999982
6/11/2026 12:28,302.2860107,7.085000038,0.328000009
6/11/2026 12:33,220.1549988,7.204999924,0.243000001
6/11/2026 12:38,179.1889954,7.150000095,0.195999995
6/11/2026 12:43,164.8269958,6.777999878,0.171000004
6/11/2026 12:48,179.0010071,6.660999775,0.181999996
6/11/2026 12:53,244.5269928,6.664999962,0.248999998
6/11/2026 12:58,295.0409851,6.015999794,0.272000015
6/11/2026 13:03,1209.883057,6.774000168,1.253999949
6/11/2026 13:08,1039.647949,7.587999821,1.207000017
6/11/2026 13:13,1183.312012,6.520999908,1.180999994
6/11/2026 13:18,329.230011,7.278999805,0.367000014
6/11/2026 13:23,209.4380035,6.434000015,0.206
6/11/2026 13:46,374.6220093,0.187000006,0.011
6/11/2026 13:51,324.2789917,11.44799995,0.568000019
6/11/2026 13:56,197.4349976,6.59800005,0.199000001
6/11/2026 14:01,211.8990021,6.816999912,0.221000001
6/11/2026 14:06,320.3609924,6.385000229,0.312999994
6/11/2026 14:11,1189.255005,7.801000118,1.41900003
6/11/2026 14:16,1224.302002,7.34800005,1.376000047
6/11/2026 14:21,1316.265015,6.355999947,1.279999971
6/11/2026 14:26,1159.332031,6.906000137,1.225000024
6/11/2026 14:31,1177.911011,7.275000095,1.31099999
6/11/2026 14:36,857.2589722,9.513999939,1.248000026
6/11/2026 14:41,307.0310059,6.895999908,0.324000001
6/11/2026 14:46,1246.735962,6.843999863,1.304999948
6/11/2026 14:51,351.9249878,6.43900013,0.347000003
6/11/2026 14:56,223.4880066,6.619999886,0.225999996
6/11/2026 15:01,203.7230072,6.816999912,0.211999997
6/11/2026 15:06,203.2890015,6.56400013,0.203999996
6/11/2026 15:11,243.9259949,6.919000149,0.257999986
6/11/2026 15:16,273.2340088,6.888000011,0.287999988
6/11/2026 15:21,1141.577026,6.763999939,1.180999994
6/11/2026 15:26,1128.817993,7.157999992,1.235999942
6/11/2026 15:31,205.8739929,6.368000031,0.201000005
6/11/2026 15:36,151.2960052,6.870999813,0.158999994
6/11/2026 15:41,170.2969971,6.743000031,0.175999999
6/11/2026 15:47,236.4409943,6.702000141,0.241999999
6/11/2026 15:52,204.0980072,6.644999981,0.207000002
6/11/2026 15:57,193.9539948,6.93200016,0.206
6/11/2026 16:02,159.9179993,6.804999828,0.166999996
6/11/2026 16:07,162.7409973,6.459000111,0.160999998
6/11/2026 16:12,145.8650055,8.451000214,0.188999996
6/11/2026 16:17,527.5430298,8.006999969,0.646000028
6/11/2026 16:22,283.7369995,6.257999897,0.272000015
6/11/2026 16:27,174.2149963,7.28399992,0.194000006
6/11/2026 16:32,179.5980072,6.736000061,0.185000002
6/11/2026 16:37,229.5890045,6.196000099,0.217999995
6/11/2026 16:42,202.598999,6.800000191,0.210999995
6/11/2026 16:47,167.3739929,6.428999901,0.165000007
6/11/2026 16:52,374.6700134,7.553999901,0.432999998
6/11/2026 16:57,171.7279968,6.229000092,0.164000005
6/11/2026 17:02,167.6869965,5.986999989,0.153999999
6/11/2026 17:07,195.5839996,5.927999973,0.177000001
6/11/2026 17:12,206.4940033,6.531000137,0.206
6/11/2026 17:17,208.5010071,6.714000225,0.214000002
6/11/2026 17:22,187.0950012,6.914000034,0.197999999
6/11/2026 17:27,144.651001,5.585999966,0.123999998
6/11/2026 17:32,156.0370026,6.735000134,0.160999998
6/11/2026 17:37,204.3600006,6.603000164,0.206
6/11/2026 17:42,186.9219971,5.907000065,0.169
6/11/2026 17:47,251.8289948,6.309999943,0.243000001
6/11/2026 17:52,174.2489929,6.724999905,0.179000005
6/11/2026 17:57,142.2559967,5.68599987,0.123999998
6/11/2026 18:02,192.9369965,6.790999889,0.200000003
6/11/2026 18:07,182.8820038,6.894999981,0.193000004
6/11/2026 18:13,157.6089935,5.953999996,0.143999994
6/11/2026 18:18,114.6190033,5.336999893,0.093999997
6/11/2026 18:23,112.2740021,5.565999985,0.096000001
6/11/2026 18:28,121.0820007,6.083000183,0.112999998
6/11/2026 18:33,126.0159988,5.813000202,0.112000003
6/11/2026 18:38,111.8209991,6.137000084,0.104999997
6/11/2026 18:43,103.4700012,5.089000225,0.081
6/11/2026 18:48,81.03099823,5.183000088,0.064000003
6/11/2026 18:53,83.94999695,5.159999847,0.066
6/11/2026 18:58,86.4960022,5.335000038,0.071000002
6/11/2026 19:03,80.28299713,5.282999992,0.064999998
6/11/2026 19:08,82.66100311,5.302000046,0.067000002
6/11/2026 19:13,93.53099823,5.623000145,0.079999998
6/11/2026 19:18,73.84500122,4.227000237,0.048
6/11/2026 19:23,75.80799866,4.531000137,0.052999999
6/11/2026 19:28,71.99099731,5.498000145,0.061000001
6/11/2026 19:33,88.96900177,6.129000187,0.082999997
6/11/2026 19:38,71.66600037,5.467999935,0.059999999
6/11/2026 19:43,56.61000061,2.516000032,0.022
6/11/2026 19:48,51.75899887,2.503999949,0.02
6/11/2026 19:53,51.60699844,2.98300004,0.024
6/11/2026 19:58,49.09600067,2.497999907,0.018999999
6/11/2026 20:03,40.92300034,0.068999998,0
6/11/2026 20:08,28.70599937,0.067000002,0
6/11/2026 20:13,27.99799919,0.048999999,0
6/11/2026 20:18,33.57699966,0.052999999,0
6/11/2026 20:23,34.53499985,0.061999999,0
6/11/2026 20:28,26.76799965,0.055,0
6/11/2026 20:34,20.36300087,0.063000001,0
6/11/2026 20:39,14.90499973,0.054000001,0
6/11/2026 20:44,11.81000042,0.082999997,0
6/11/2026 20:49,9.822999954,0.034000002,0
6/11/2026 20:54,9.777000427,0.093000002,0
6/11/2026 20:59,8.336000443,0.079999998,0
6/11/2026 21:04,8.543999672,0.050000001,0
6/11/2026 21:09,5.96600008,0.054000001,0
6/11/2026 21:14,3.150000095,0.048999999,0
6/11/2026 21:19,1.736999989,-0.048,0
6/11/2026 21:24,0.898999989,-0.045000002,0
6/12/2026 5:40,0.898999989,-0.045000002,0
6/12/2026 5:45,1.208999991,-0.128000006,0
6/12/2026 5:50,2.105000019,-0.172000006,0
6/12/2026 5:55,2.500999928,0.032000002,0
6/12/2026 6:00,3.417000055,0.122000001,0
6/12/2026 6:05,4.69299984,0.068000004,0
6/12/2026 6:10,4.339000225,0.082999997,0
6/12/2026 6:16,5.767000198,0.101000004,0
6/12/2026 6:21,6.639999866,0.063000001,0
6/12/2026 6:26,5.18200016,0.116999999,0
6/12/2026 6:31,6.294000149,0.143999994,0
6/12/2026 6:36,9.045000076,0.089000002,0
6/12/2026 6:41,14.39799976,0.068999998,0
6/12/2026 6:46,15.81900024,0.059,0
6/12/2026 6:51,14.60999966,0.043000001,0
6/12/2026 6:56,15.71399975,0.061999999,0
6/12/2026 7:01,14.10999966,0.059999999,0
6/12/2026 7:06,15.06499958,0.046999998,0
6/12/2026 7:11,17.63199997,0.039000001,0
6/12/2026 7:16,21.79000092,0.068000004,0
6/12/2026 7:21,31.49900055,0.035,0
6/12/2026 7:26,41.01499939,0.059,0
6/12/2026 7:31,37.39400101,0.046,0
6/12/2026 7:36,33.6269989,0.056000002,0
6/12/2026 7:41,29.49900055,0.044,0
6/12/2026 7:46,44.92699814,0.056000002,0
6/12/2026 7:51,70.43000031,4.427999973,0.048
6/12/2026 7:56,61.3370018,2.911000013,0.027000001
6/12/2026 8:01,55.93600082,2.500999928,0.021
6/12/2026 8:06,46.98699951,1.241000056,0.009
6/12/2026 8:11,50.47100067,2.579999924,0.02
6/12/2026 8:16,52.15999985,2.59100008,0.021
6/12/2026 8:21,51.24000168,1.973999977,0.015
6/12/2026 8:26,46.3219986,1.651000023,0.012
6/12/2026 8:31,47.40999985,2.065000057,0.015
6/12/2026 8:37,67.94300079,3.805999994,0.039999999
6/12/2026 8:42,75.86299896,3.47300005,0.039999999
6/12/2026 8:47,82.36299896,5.388000011,0.068000004
6/12/2026 8:52,67.92199707,4.84499979,0.050000001
6/12/2026 8:57,91.95300293,4.956999779,0.07
6/12/2026 9:02,85.8769989,5.618000031,0.074000001
6/12/2026 9:07,84.41400146,5.578999996,0.071999997
6/12/2026 9:12,70.83699799,3.680000067,0.039999999
6/12/2026 9:17,63.40299988,4.821000099,0.046999998
6/12/2026 9:22,76.44300079,4.025000095,0.046999998
6/12/2026 9:27,88.00499725,5.02699995,0.068000004
6/12/2026 9:32,99.31700134,5.951000214,0.090000004
6/12/2026 9:37,101.5930023,5.183000088,0.081
6/12/2026 9:42,103.4309998,5.552999973,0.088
6/12/2026 9:47,112.0339966,5.537000179,0.094999999
6/12/2026 9:52,127.0579987,4.697000027,0.090999998
6/12/2026 9:57,144.7039948,5.581999779,0.123999998
6/12/2026 10:02,190.9669952,5.015999794,0.147
6/12/2026 10:07,215.6139984,6.169000149,0.203999996
6/12/2026 10:12,166.522995,4.960999966,0.126000002
6/12/2026 10:17,155.9450073,5.80700016,0.138999999
6/12/2026 10:22,179.048996,6.261000156,0.172000006
6/12/2026 10:27,182.3930054,6.309999943,0.175999999
6/12/2026 10:32,185.9360046,6.080999851,0.172999993
6/12/2026 10:37,158.6289978,6.006999969,0.145999998
6/12/2026 10:42,157.1660004,5.973999977,0.143999994
6/12/2026 10:47,137.4790039,6.626999855,0.138999999
6/12/2026 10:52,149.3939972,6.451000214,0.147
6/12/2026 10:57,150.1029968,5.410999775,0.123999998
6/12/2026 11:03,171.4459991,5.632999897,0.148000002
6/12/2026 11:08,192.3470001,5.708000183,0.167999998
6/12/2026 11:13,172.2630005,6.309000015,0.165999994
6/12/2026 11:18,221.2709961,5.709000111,0.193000004
6/12/2026 11:23,170.2480011,6.659999847,0.172999993
6/12/2026 11:28,162.4069977,5.617000103,0.140000001
6/12/2026 11:33,163.2409973,5.823999882,0.144999996
6/12/2026 11:38,171.423996,6.335000038,0.165999994
6/12/2026 11:43,181.7350006,5.993000031,0.166999996
6/12/2026 11:48,206.0420074,6.059000015,0.191
6/12/2026 11:53,200.072998,6.610000134,0.202000007
6/12/2026 11:58,225.8079987,6.477000237,0.224000007
6/12/2026 12:03,246.0209961,6.574999809,0.246999994
6/12/2026 12:08,383.0310059,7.479000092,0.437999994
6/12/2026 12:13,309.6910095,6.56099987,0.31099999
6/12/2026 12:18,612.9819946,6.982999802,0.654999971
6/12/2026 12:23,466.6789856,6.815000057,0.486999989
6/12/2026 12:28,409.381012,6.802999973,0.425999999
6/12/2026 12:33,535.1290283,6.455999851,0.528999984
6/12/2026 12:38,645.742981,7.335999966,0.725000024
6/12/2026 12:43,624.3859863,6.855000019,0.654999971
6/12/2026 12:48,603.0150146,7.113999844,0.656000018
6/12/2026 12:53,994.507019,5.93200016,0.902999997
6/12/2026 12:58,498.6610107,6.956999779,0.531000018
6/12/2026 13:03,350.9970093,6.940999985,0.372999996
6/12/2026 13:08,322.0979919,6.53000021,0.321999997
6/12/2026 13:13,329.8080139,6.486999989,0.326999992
6/12/2026 13:18,345.8640137,6.918000221,0.365999997
6/12/2026 13:24,404.0140076,6.729000092,0.416000009
6/12/2026 13:46,354.6059875,0.199000001,0.011
6/12/2026 13:51,395.0350037,7.352000237,0.444000006
6/12/2026 13:56,327.6940002,6.756000042,0.338999987
6/12/2026 14:01,357.8640137,7.592000008,0.416000009
6/12/2026 14:06,362.4979858,6.730999947,0.372999996
6/12/2026 14:11,259.2590027,6.229000092,0.246999994
6/12/2026 14:16,246.0800018,6.282000065,0.237000003
6/12/2026 14:21,266.2900085,5.828000069,0.237000003
6/12/2026 14:26,284.1489868,6.254000187,0.272000015
6/12/2026 14:31,247.4060059,6.270999908,0.237000003
6/12/2026 14:37,216.3269958,5.488999844,0.181999996
6/12/2026 14:42,246.5809937,6.271999836,0.237000003
6/12/2026 14:47,213.3209991,6.56799984,0.214000002
6/12/2026 14:52,220.0209961,6.324999809,0.213
6/12/2026 14:57,256.6459961,5.798999786,0.228
6/12/2026 15:02,324.381012,7.063000202,0.351000011
6/12/2026 15:07,232.3950043,6.118000031,0.217999995
6/12/2026 15:12,186.503006,6.181000233,0.175999999
6/12/2026 15:17,220.9279938,6.324999809,0.214000002
6/12/2026 15:22,234.9120026,6.06099987,0.217999995
6/12/2026 15:27,285.2619934,5.880000114,0.256999999
6/12/2026 15:32,552.1849976,6.020999908,0.509000003
6/12/2026 15:37,380.7309875,6.811999798,0.397000015
6/12/2026 15:42,253.6320038,6.65199995,0.257999986
6/12/2026 15:47,227.0899963,6.651000023,0.231000006
6/12/2026 15:52,663.3909912,5.886000156,0.597000003
6/12/2026 15:57,247.9949951,5.840000153,0.222000003
6/12/2026 16:02,185.5200043,6.017000198,0.171000004
6/12/2026 16:07,200.6959991,6.048999786,0.186000004
6/12/2026 16:12,178.4589996,6.68900013,0.182999998
6/12/2026 16:17,169.8880005,6.139999866,0.159999996
6/12/2026 16:22,184.1900024,6.551000118,0.185000002
6/12/2026 16:27,239.6869965,6.52699995,0.238999993
6/12/2026 16:32,235.0410004,5.947000027,0.214000002
6/12/2026 16:37,227.6750031,7.252999783,0.252999991
6/12/2026 16:42,237.6430054,5.837999821,0.211999997
6/12/2026 16:47,242.7630005,6.051000118,0.224999994
6/12/2026 16:52,257.0969849,6.381000042,0.250999987
6/12/2026 16:58,250.5140076,5.56099987,0.213
6/12/2026 17:03,166.9179993,6.68200016,0.171000004
6/12/2026 17:08,170.0390015,5.40500021,0.141000003
6/12/2026 17:13,170.6719971,5.428999901,0.142000005
6/12/2026 17:18,138.3040009,6.763000011,0.143000007
6/12/2026 17:23,110.5419998,5.767000198,0.097999997
6/12/2026 17:28,109.7829971,5.311999798,0.089000002
6/12/2026 17:33,118.4970016,6.106999874,0.111000001
6/12/2026 17:38,166.3269958,5.249000072,0.134000003
6/12/2026 17:43,208.2259979,6.800000191,0.216999993
6/12/2026 17:48,196.4660034,6.382999897,0.192000002
6/12/2026 17:53,183.9819946,5.600999832,0.158000007
6/12/2026 17:58,182.5939941,6.583000183,0.184
6/12/2026 18:03,201.3760071,6.531000137,0.201000005
6/12/2026 18:08,190.8650055,6.045000076,0.177000001
6/12/2026 18:13,168.3820038,6.079999924,0.157000005
6/12/2026 18:18,159.927002,5.71600008,0.140000001
6/12/2026 18:23,170.5529938,5.827000141,0.151999995
6/12/2026 18:28,155.1269989,5.504000187,0.130999997
6/12/2026 18:33,144.9329987,4.980000019,0.109999999
6/12/2026 18:38,137.0140076,5.579999924,0.116999999
6/12/2026 18:43,130.1829987,5.156000137,0.103
6/12/2026 18:48,126.0940018,5.423999786,0.104999997
6/12/2026 18:53,129.401001,5.629000187,0.111000001
6/12/2026 18:58,114.1389999,5.750999928,0.100000001
6/12/2026 19:03,95.91300201,5.331999779,0.078000002
6/12/2026 19:08,97.95899963,5.776000023,0.086999997
6/12/2026 19:13,87.36499786,4.605000019,0.061999999
6/12/2026 19:18,82.56900024,4.202000141,0.052999999
6/12/2026 19:24,78.91200256,4.368999958,0.052999999
6/12/2026 19:29,79.74199677,4.071000099,0.050000001
6/12/2026 19:34,74.77700043,3.976999998,0.045000002
6/12/2026 19:39,63.5929985,3.529000044,0.034000002
6/12/2026 19:44,65.71399689,2.845999956,0.028999999
6/12/2026 19:49,66.58200073,3.772000074,0.037999999
6/12/2026 19:54,55.49700165,2.270999908,0.018999999
6/12/2026 19:59,55.34199905,2.773999929,0.023
6/12/2026 20:04,47.59500122,2.023000002,0.015
6/12/2026 20:09,47.07699966,1.483999968,0.011
6/12/2026 20:14,31.58399963,0.057999998,0
6/12/2026 20:19,25.79700089,0.057,0
6/12/2026 20:24,27.49699974,0.064000003,0
6/12/2026 20:29,22.62400055,0.061000001,0
6/12/2026 20:34,20.99200058,0.056000002,0
6/12/2026 20:39,20.98500061,0.050000001,0
6/12/2026 20:44,21.01099968,0.046,0
6/12/2026 20:49,13.26900005,0.061000001,0
6/12/2026 20:54,14.4659996,0.066,0
6/12/2026 20:59,12.17800045,0.074000001,0
6/12/2026 21:04,9.024999619,0.081,0
6/12/2026 21:09,5.710000038,0.054000001,0
6/12/2026 21:14,3.697999954,0.068000004,0
6/12/2026 21:19,2.601000071,0.059,0
6/12/2026 21:24,1.674999952,0.103,0
6/13/2026 5:40,1.674999952,0.103,0
6/13/2026 5:50,7.599999905,0.066,0
6/13/2026 5:55,10.77700043,0.044,0
6/13/2026 6:00,13.90400028,0.050999999,0
6/13/2026 6:05,15.86699963,0.028999999,0
6/13/2026 6:10,13.2489996,0.041999999,0
6/13/2026 6:15,13.14700031,0.046,0
6/13/2026 6:20,19.65500069,0.057999998,0
6/13/2026 6:25,31.51300049,0.046999998,0
6/13/2026 6:30,35.95399857,0.064999998,0
6/13/2026 6:35,36.79100037,0.067000002,0
6/13/2026 6:40,44.18099976,0.045000002,0
6/13/2026 6:45,43.08599854,0.055,0
6/13/2026 6:50,48.88000107,0.059,0
6/13/2026 6:55,49.65299988,0.935000002,0.007
6/13/2026 7:00,44.89400101,0.054000001,0
6/13/2026 7:05,46.3030014,1.993999958,0.014
6/13/2026 7:10,42.81399918,0.061999999,0
6/13/2026 7:16,44.13700104,0.100000001,0.001
6/13/2026 7:21,45.79000092,1.381999969,0.01
6/13/2026 7:26,48.04100037,2.252000093,0.017000001
6/13/2026 7:31,49.01100159,1.889999986,0.014
6/13/2026 7:36,50.42399979,2.207999945,0.017000001
6/13/2026 7:41,52.49000168,2.960000038,0.024
6/13/2026 7:46,54.21699905,2.326999903,0.018999999
6/13/2026 7:51,58.02099991,2.13499999,0.018999999
6/13/2026 7:56,229.602005,0.744000018,0.026000001
6/13/2026 8:01,246.128006,0.72299999,0.027000001
6/13/2026 8:06,261.1860046,0.829999983,0.033
6/13/2026 8:11,277.8630066,0.902999997,0.037999999
6/13/2026 8:16,296.4570007,0.702000022,0.032000002
6/13/2026 8:21,313.9339905,1.133000016,0.054000001
6/13/2026 8:26,331.7369995,0.939999998,0.048
6/13/2026 8:31,349.2640076,1.106999993,0.059
6/13/2026 8:36,366.9140015,2.164000034,0.120999999
6/13/2026 8:41,387.7049866,3.424000025,0.202999994
6/13/2026 8:46,407.2969971,1.743000031,0.108999997
6/13/2026 8:51,425.3510132,1.360000014,0.088
6/13/2026 8:56,443.368988,0.773999989,0.052000001
6/13/2026 9:01,462.6990051,1.065999985,0.075000003
6/13/2026 9:06,487.5570068,1.01699996,0.075999998
6/13/2026 9:11,507.6340027,0.731000006,0.057
6/13/2026 9:16,524.9260254,0.787999988,0.063000001
6/13/2026 9:21,544.6079712,0.903999984,0.075000003
6/13/2026 9:26,563.5200195,0.637000024,0.055
6/13/2026 9:31,577.2390137,0.716000021,0.063000001
6/13/2026 9:37,596.9099731,0.846000016,0.077
6/13/2026 9:42,613.625,0.903999984,0.085000001
6/13/2026 9:47,631.6530151,0.634000003,0.061000001
6/13/2026 9:52,649.0029907,0.79400003,0.079000004
6/13/2026 9:57,665.5549927,0.601999998,0.061000001
6/13/2026 10:02,680.7089844,0.783999979,0.082000002
6/13/2026 10:07,698.4210205,0.77700001,0.082999997
6/13/2026 10:12,715.4420166,0.63499999,0.07
6/13/2026 10:17,732.8530273,0.601000011,0.067000002
6/13/2026 10:22,747.7650146,0.707000017,0.081
6/13/2026 10:27,763.5540161,0.898999989,0.104999997
6/13/2026 10:32,779.9699707,0.709999979,0.085000001
6/13/2026 10:37,793.835022,1.932000041,0.234999999
6/13/2026 10:42,806.4619751,5.541999817,0.684000015
6/13/2026 10:47,819.5930176,7.864999771,0.986000001
6/13/2026 10:52,837.5889893,8.031000137,1.029000044
6/13/2026 10:57,852.8270264,8.010000229,1.044999957
6/13/2026 11:02,863.414978,7.901000023,1.04400003
6/13/2026 11:07,877.7969971,7.888000011,1.059000015
6/13/2026 11:12,891.1500244,7.703000069,1.049999952
6/13/2026 11:17,905.9450073,6.656000137,0.922999978
6/13/2026 11:22,872.1030273,7.434000015,0.991999984
6/13/2026 11:27,928.7260132,5.293000221,0.751999974
6/13/2026 11:32,941.1610107,6.008999825,0.86500001
6/13/2026 11:37,949.0449829,6.137000084,0.890999973
6/13/2026 11:42,959.0009766,5.925000191,0.869000018
6/13/2026 11:47,968.7379761,0,0
6/13/2026 11:52,973.7260132,0,0
6/13/2026 11:57,984.1459961,0,0
6/13/2026 12:03,990.151001,0,0
6/13/2026 12:08,998.065979,0,0
6/13/2026 12:13,1007.117981,0,0
6/13/2026 12:18,998.8889771,0,0
6/13/2026 12:28,1020.927979,0,0
6/13/2026 12:33,1027.704956,0,0
6/13/2026 12:38,1032.557983,0,0
6/13/2026 12:43,1030.39502,0,0
6/13/2026 12:48,1032.571045,0,0
6/13/2026 12:53,1035.119995,0,0
6/13/2026 12:58,1029.319946,0,0
6/13/2026 13:03,1028.296997,0,0
6/13/2026 13:08,1035.649048,0,0
6/13/2026 13:13,1033.741943,0,0
6/13/2026 13:18,1030.119019,0,0
6/13/2026 13:23,1029.051025,0,0
6/13/2026 13:46,1035.269043,0,0
6/13/2026 13:51,970.4630127,4.30700016,0.639999986
6/13/2026 13:56,1020.500977,4.31400013,0.674000025
6/13/2026 14:01,1016.010986,4.162000179,0.647000015
6/13/2026 14:06,1017.815002,5.013000011,0.781000018
6/13/2026 14:11,909.6110229,5.261000156,0.731999993
6/13/2026 14:16,990.375,5.138000011,0.778999984
6/13/2026 14:21,990.9099731,5.175000191,0.785000026
6/13/2026 14:26,979.2139893,5.135000229,0.768999994
6/13/2026 14:31,928.7130127,4.797999859,0.681999981
6/13/2026 14:36,944.5529785,0.173999995,0.025
6/13/2026 14:41,974.1370239,0,0
6/13/2026 14:46,947.9470215,0,0
6/13/2026 14:51,948.1439819,0,0
6/13/2026 14:56,935.2979736,0,0
6/13/2026 15:01,943.2269897,0,0
6/13/2026 15:06,943.3049927,0,0
6/13/2026 15:11,947.4630127,0,0
6/13/2026 15:17,875.2249756,0,0
6/13/2026 15:22,901.6799927,4.130000114,0.569999993
6/13/2026 15:27,905.6069946,4.144999981,0.574000001
6/13/2026 15:32,881.625,4.162000179,0.56099999
6/13/2026 15:37,869.6589966,4.236999989,0.56400001
6/13/2026 15:42,868.664978,4.354000092,0.578999996
6/13/2026 15:47,854.2689819,4.256999969,0.555999994
6/13/2026 15:52,839.4489746,4.031000137,0.518000007
6/13/2026 15:57,813.6300049,4.379000187,0.545000017
6/13/2026 16:02,757.117981,4.583000183,0.531000018
6/13/2026 16:07,785.3989868,4.477000237,0.537999988
6/13/2026 16:12,788.2030029,4.173999786,0.503000021
6/13/2026 16:17,737.8239746,4.288000107,0.483999997
6/13/2026 16:22,680.1370239,4.346000195,0.451999992
6/13/2026 16:27,674.1779785,4.455999851,0.460000008
6/13/2026 16:32,662.7930298,4.520999908,0.458000004
6/13/2026 16:37,565.5170288,4.617000103,0.398999989
6/13/2026 16:42,492.2099915,4.453999996,0.335000008
6/13/2026 16:47,481.9289856,4.790999889,0.352999985
6/13/2026 16:52,385.4419861,4.869999886,0.287
6/13/2026 16:57,229.8190002,4.93900013,0.173999995
6/13/2026 17:02,261.4649963,4.546000004,0.181999996
6/13/2026 17:07,288.7909851,5.592000008,0.246999994
6/13/2026 17:12,388.8500061,4.835999966,0.287999988
6/13/2026 17:17,389.8670044,5.548999786,0.331
6/13/2026 17:22,421.2619934,4.221000195,0.272000015
6/13/2026 17:27,418.6730042,4.381999969,0.280999988
6/13/2026 17:32,383.7550049,4.460000038,0.261999995
6/13/2026 17:38,407.8009949,4.224999905,0.263999999
6/13/2026 17:43,326.5169983,4.381999969,0.218999997
6/13/2026 17:48,302.8619995,4.328000069,0.201000005
6/13/2026 17:53,327.1839905,4.522999763,0.225999996
6/13/2026 17:58,188.4320068,4.576000214,0.131999999
6/13/2026 18:03,176.5370026,4.888999939,0.131999999
6/13/2026 18:08,178.7180023,4.853000164,0.133000001
6/13/2026 18:13,163.8339996,4.697000027,0.118000001
6/13/2026 18:18,157.7850037,4.510000229,0.108999997
6/13/2026 18:23,158.1759949,4.769999981,0.115000002
6/13/2026 18:28,152.8139954,5.06099987,0.118000001
6/13/2026 18:33,143.6730042,4.974999905,0.108999997
6/13/2026 18:38,131.0059967,4.434000015,0.089000002
6/13/2026 18:43,119.6139984,4.377999783,0.079999998
6/13/2026 18:48,109.5250015,4.637000084,0.078000002
6/13/2026 18:53,104.4250031,4.921000004,0.079000004
6/13/2026 18:58,103.0189972,5.086999893,0.079999998
6/13/2026 19:03,101.5059967,4.748000145,0.074000001
6/13/2026 19:08,100.1259995,4.429999828,0.068000004
6/13/2026 19:13,95.4469986,4.117000103,0.059999999
6/13/2026 19:18,86.98500061,4.801000118,0.064000003
6/13/2026 19:23,82.80699921,3.688999891,0.046999998
6/13/2026 19:28,73.81500244,3.289999962,0.037
6/13/2026 19:33,69.11100006,2.128999949,0.023
6/13/2026 19:38,66.08499908,2.239000082,0.023
6/13/2026 19:43,63.25699997,2.295000076,0.022
6/13/2026 19:48,56.92100143,1.480000019,0.013
6/13/2026 19:53,53.73699951,1.361999989,0.011
6/13/2026 19:58,55.12200165,1.641000032,0.014
6/13/2026 20:04,51.6230011,0.523999989,0.004
6/13/2026 20:09,42.86299896,0.043000001,0
6/13/2026 20:14,39.30699921,0.059999999,0
6/13/2026 20:19,36.55799866,0.050999999,0
6/13/2026 20:24,31.98399925,0.044,0
6/13/2026 20:29,26.35400009,0.052000001,0
6/13/2026 20:34,22.61000061,0.035999998,0
6/13/2026 20:39,19.89299965,0.041999999,0
6/13/2026 20:44,18.28800011,0.057,0
6/13/2026 20:49,16.52300072,0.043000001,0
6/13/2026 20:54,15.06999969,0.068000004,0
6/13/2026 20:59,13.40799999,0.064000003,0
6/13/2026 21:04,11.18400002,0.066,0
6/13/2026 21:09,8.557999611,0.056000002,0
6/13/2026 21:14,5.738999844,0.028999999,0
6/13/2026 21:19,3.769000053,0.111000001,0
6/13/2026 21:24,3.209000111,0.037999999,0
6/13/2026 21:29,1.42900002,0.017000001,0
6/14/2026 5:39,1.42900002,0.017000001,0
6/14/2026 5:44,8.119000435,0.046,0
6/14/2026 5:49,10.70199966,0.041999999,0
6/14/2026 5:55,13.71399975,0.039999999,0
6/14/2026 6:00,16.94599915,0.041999999,0
6/14/2026 6:05,20.79700089,0.039000001,0
6/14/2026 6:10,24.27799988,0.061000001,0
6/14/2026 6:15,27.42200089,0.030999999,0
6/14/2026 6:20,30.04500008,0.044,0
6/14/2026 6:25,34.02600098,0.045000002,0
6/14/2026 6:30,34.01900101,0.046,0
6/14/2026 6:35,31.31399918,0.055,0
6/14/2026 6:40,31.58399963,0.075000003,0
6/14/2026 6:45,33.18600082,0.044,0
6/14/2026 6:50,36.30400085,0.064999998,0
6/14/2026 6:55,37.24599838,0.052999999,0
6/14/2026 7:00,40.07500076,0.055,0
6/14/2026 7:05,43.70500183,0.055,0
6/14/2026 7:10,47.45600128,0.046,0
6/14/2026 7:15,50.96500015,0.045000002,0
6/14/2026 7:20,54.52899933,0.056000002,0
6/14/2026 7:25,59.27500153,1.203999996,0.011
6/14/2026 7:30,64.03900146,1.893000007,0.018999999
6/14/2026 7:35,66.11199951,1.613000035,0.016000001
6/14/2026 7:40,67.15899658,2.108999968,0.022
6/14/2026 7:45,69.10600281,1.707999945,0.017999999
6/14/2026 7:50,71.05599976,2.509000063,0.027000001
6/14/2026 7:55,248.6309967,0.671000004,0.026000001
6/14/2026 8:00,265.4450073,0.764999986,0.030999999
6/14/2026 8:05,291.6690063,0.632000029,0.028000001
6/14/2026 8:10,309.7690125,0.620000005,0.028999999
6/14/2026 8:15,326.5190125,0.634000003,0.032000002
6/14/2026 8:21,344.7929993,0.693000019,0.037
6/14/2026 8:26,367.4660034,0.987999976,0.056000002
6/14/2026 8:31,393.0379944,0.930000007,0.056000002
6/14/2026 8:36,400.9979858,1.217000008,0.075000003
6/14/2026 8:41,426.8819885,0.947000027,0.061999999
6/14/2026 8:46,447.2460022,0.811999977,0.056000002
6/14/2026 8:51,464.5419922,2.762000084,0.195999995
6/14/2026 8:56,488.553009,0.70599997,0.052999999
6/14/2026 9:01,504.2609863,0.588,0.045000002
6/14/2026 9:06,522.427002,0.949000001,0.075999998
6/14/2026 9:11,543.6569824,0.728999972,0.061000001
6/14/2026 9:16,551.835022,0.797999978,0.067000002
6/14/2026 9:21,567.1660156,0.870000005,0.075000003
6/14/2026 9:26,584.6420288,0.796999991,0.071000002
6/14/2026 9:31,612.1829834,0.751999974,0.07
6/14/2026 9:36,614.223999,0.802999973,0.075000003
6/14/2026 9:41,632.8460083,0.560000002,0.054000001
6/14/2026 9:46,654.4530029,0.765999973,0.077
6/14/2026 9:51,638.2490234,0.731000006,0.071000002
6/14/2026 9:56,686.4160156,0.596000016,0.063000001
6/14/2026 10:01,701.9249878,0.588999987,0.063000001
6/14/2026 10:06,712.7089844,0.592000008,0.064999998
6/14/2026 10:11,726.3289795,0.356000006,0.039999999
6/14/2026 10:16,746.5189819,0.48300001,0.055
6/14/2026 10:21,763.2269897,0.425000012,0.050000001
6/14/2026 10:26,762.5900269,0.533999979,0.061999999
6/14/2026 10:31,794.3969727,0.605000019,0.074000001
6/14/2026 10:36,812.5460205,0.976000011,0.120999999
6/14/2026 10:42,821.0130005,2.772000074,0.34799999
6/14/2026 10:47,817.8510132,2.900000095,0.363000005
6/14/2026 10:52,845.4790039,0,0
6/14/2026 11:02,883.1859741,0,0
6/14/2026 11:07,898.4550171,0,0
6/14/2026 11:12,910.9849854,0,0
6/14/2026 11:17,902.5739746,0,0
6/14/2026 11:22,937.2639771,0,0
6/14/2026 11:27,945.7509766,0,0
6/14/2026 11:32,953.6389771,0,0
6/14/2026 11:37,965.6389771,0,0
6/14/2026 11:42,975.1539917,0,0
6/14/2026 11:47,987.3530273,0.001,0
6/14/2026 11:52,993.9060059,0,0
6/14/2026 11:57,1000.367004,0,0
6/14/2026 12:02,1009.146973,0,0
6/14/2026 12:07,1019.333008,0,0
6/14/2026 12:12,1024.099976,0,0
6/14/2026 12:17,1021.828979,0,0
6/14/2026 12:22,1042.255981,0,0
6/14/2026 12:27,1030.536987,0,0
6/14/2026 12:37,1040.355957,0,0
6/14/2026 12:42,1053.22998,0,0
6/14/2026 12:52,1067.207031,0,0
6/14/2026 12:57,1063.72998,0,0
6/14/2026 13:02,1042.421021,0,0
6/14/2026 13:08,1044.505981,0.001,0
6/14/2026 13:13,1041.27002,0,0
6/14/2026 13:18,1043.135986,0,0
6/14/2026 13:23,1050.392944,0,0
6/14/2026 13:28,1062.927979,5.212999821,0.84799999
6/14/2026 13:51,1037.542969,0,0
6/14/2026 13:56,1041.293945,4.861999989,0.774999976
6/14/2026 14:01,1035.675049,4.850999832,0.768999994
6/14/2026 14:07,1030.886963,5.077000141,0.800999999
6/14/2026 14:12,1027.04895,4.97300005,0.781000018
6/14/2026 14:17,1020.817993,5.032000065,0.786000013
6/14/2026 14:22,1019.593994,4.769000053,0.744000018
6/14/2026 14:27,1008.106018,4.985000134,0.768999994
6/14/2026 14:32,1002.138977,4.836999893,0.741999984
6/14/2026 14:37,996.9899902,4.789999962,0.731000006
6/14/2026 14:42,987.0540161,0,0
6/14/2026 14:52,976.4569702,0.261999995,0.039000001
6/14/2026 14:57,963.8469849,4.414999962,0.651000023
6/14/2026 15:02,954.2700195,4.459000111,0.651000023
6/14/2026 15:07,944.7269897,4.381999969,0.633000016
6/14/2026 15:12,937.4030151,4.500999928,0.646000028
6/14/2026 15:17,926.1900024,4.474999905,0.634000003
6/14/2026 15:22,915.0469971,4.263999939,0.597000003
6/14/2026 15:27,903.6870117,4.353000164,0.601999998
6/14/2026 15:32,895.6290283,4.024000168,0.550999999
6/14/2026 15:37,880.3889771,3.687000036,0.497000009
6/14/2026 15:42,866.0109863,3.857000113,0.510999978
6/14/2026 15:47,851.2180176,3.90899992,0.509000003
6/14/2026 15:52,837.8809814,0.791999996,0.101999998
6/14/2026 15:57,823.3649902,0.888000011,0.112000003
6/14/2026 16:02,812.7700195,0.72299999,0.090000004
6/14/2026 16:07,796.3309937,0.912,0.111000001
6/14/2026 16:12,783.4060059,1.504999995,0.180000007
6/14/2026 16:17,767.9290161,1.41900003,0.166999996
6/14/2026 16:22,752.309021,0.912,0.104999997
6/14/2026 16:28,736.2769775,1.200999975,0.135000005
6/14/2026 16:33,719.552002,2.454999924,0.270000011
6/14/2026 16:38,703.7689819,1.195000052,0.128999993
6/14/2026 16:43,686.3129883,1.893000007,0.199000001
6/14/2026 16:48,668.8629761,1.10800004,0.112999998
6/14/2026 16:53,652.0960083,0.995000005,0.098999999
6/14/2026 16:58,635.401001,1.516000032,0.147
6/14/2026 17:03,617.875,1.567000031,0.148000002
6/14/2026 17:08,595.6550293,1.276000023,0.115999997
6/14/2026 17:13,578.2189941,1.705000043,0.150999993
6/14/2026 17:18,559.2410278,1.546000004,0.131999999
6/14/2026 17:23,542.367981,1.383999944,0.115000002
6/14/2026 17:28,521.4780273,1.585000038,0.126000002
6/14/2026 17:33,504.9590149,1.230000019,0.094999999
6/14/2026 17:38,485.9700012,1.610000014,0.119999997
6/14/2026 17:43,468.5740051,1.644999981,0.118000001
6/14/2026 17:48,449.4169922,1.777999997,0.122000001
6/14/2026 17:53,429.2000122,1.639000058,0.108000003
6/14/2026 17:58,78.06199646,0.029999999,0
6/14/2026 18:03,46.20999908,0.041999999,0
6/14/2026 18:08,45.92900085,0.048,0
6/14/2026 18:13,45.85599899,0.056000002,0
6/14/2026 18:18,45.76900101,0.037,0
6/14/2026 18:23,45.5379982,0.052999999,0
6/14/2026 18:28,44.66500092,0.044,0
6/14/2026 18:33,44.11700058,0.044,0
6/14/2026 18:38,43.35300064,0.044,0
6/14/2026 18:43,43.49700165,0.043000001,0
6/14/2026 18:48,42.86399841,0.048,0
6/14/2026 18:54,41.99100113,0.046,0
6/14/2026 18:59,41.11999893,0.048,0
6/14/2026 19:04,40.71500015,0.046999998,0
6/14/2026 19:09,39.74599838,0.043000001,0
6/14/2026 19:14,39.375,0.046,0
6/14/2026 19:19,38.30199814,0.054000001,0
6/14/2026 19:24,37.63000107,0.044,0
6/14/2026 19:29,36.59199905,0.041999999,0
6/14/2026 19:34,35.71699905,0.052000001,0
6/14/2026 19:39,34.94200134,0.050999999,0
6/14/2026 19:44,34.37900162,0.050999999,0
6/14/2026 19:49,33.55400085,0.048,0
6/14/2026 19:54,32.64699936,0.045000002,0
6/14/2026 19:59,31.69099998,0.043000001,0
6/14/2026 20:04,30.98699951,0.050999999,0
6/14/2026 20:09,29.84900093,0.037,0
6/14/2026 20:14,28.20100021,0.034000002,0
6/14/2026 20:19,25.93700027,0.052000001,0
6/14/2026 20:24,21.74300003,0.046999998,0
6/14/2026 20:29,20.2329998,0.039999999,0
6/14/2026 20:34,18.89500046,0.039000001,0
6/14/2026 20:39,18.10700035,0.041999999,0
6/14/2026 20:44,16.6420002,0.050999999,0
6/14/2026 20:49,15.54699993,0.037,0
6/14/2026 20:54,13.61800003,0.030999999,0
6/14/2026 20:59,11.18599987,0.041999999,0
6/14/2026 21:04,8.977999687,0.048999999,0
6/14/2026 21:09,6.953000069,0.041999999,0
6/14/2026 21:15,4.958000183,0.025,0
6/14/2026 21:20,3.204999924,0.090999998,0
6/14/2026 21:25,1.695000052,-0.023,0
6/14/2026 21:30,0.490999997,0.090999998,0
6/15/2026 5:40,0.490999997,0.090999998,0
6/15/2026 5:45,5.171000004,0.016000001,0
6/15/2026 5:50,7.066999912,0.041000001,0
6/15/2026 5:55,8.817000389,0.048999999,0
6/15/2026 6:00,11.11299992,0.029999999,0
6/15/2026 6:05,13.24300003,0.041999999,0
6/15/2026 6:10,16.02099991,0.033,0
6/15/2026 6:15,18.25099945,0.009,0
6/15/2026 6:20,20.9260006,0.032000002,0
6/15/2026 6:25,23.99500084,0.011,0
6/15/2026 6:30,26.51399994,0.035,0
6/15/2026 6:35,29.11800003,0.048999999,0
6/15/2026 6:40,30.75699997,0.041999999,0
6/15/2026 6:45,32.61299896,0.054000001,0
6/15/2026 6:50,35.01900101,0.032000002,0
6/15/2026 6:55,36.35900116,0.041000001,0
6/15/2026 7:00,38.06399918,0.039000001,0
6/15/2026 7:06,39.93799973,0.035,0
6/15/2026 7:11,41.44499969,0.035999998,0
6/15/2026 7:16,42.85699844,0.039999999,0
6/15/2026 7:21,44.46900177,0.034000002,0
6/15/2026 7:26,46.2859993,0.037,0
6/15/2026 7:31,48.15800095,0.033,0
6/15/2026 7:36,49.75099945,0.046,0
6/15/2026 7:41,51.43099976,0.039999999,0
6/15/2026 7:46,53.00799942,0.029999999,0
6/15/2026 7:51,54.32500076,0.037,0
6/15/2026 7:56,233.1840057,0.01,0
6/15/2026 8:01,249.5429993,0.009,0
6/15/2026 8:06,268.5490112,0.008,0
6/15/2026 8:11,284.7999878,0.009,0
6/15/2026 8:16,303.7330017,0.006,0
6/15/2026 8:21,320.2829895,0.007,0
6/15/2026 8:26,341.446991,0.008,0
6/15/2026 8:31,364.8630066,0.009,0
6/15/2026 8:36,380.8049927,0.360000014,0.021
6/15/2026 8:41,396.7860107,1.069000006,0.064999998
6/15/2026 8:46,414.1650085,0.136999995,0.009
6/15/2026 8:51,430.269989,1.472000003,0.097000003
6/15/2026 8:56,448.4530029,0.187000006,0.013
6/15/2026 9:01,464.618988,0.169,0.012
6/15/2026 9:06,485.7189941,0.241999999,0.017999999
6/15/2026 9:11,503.8789978,0.219999999,0.017000001
6/15/2026 9:16,522.6669922,0.215000004,0.017000001
6/15/2026 9:21,542.1550293,0.246999994,0.021
6/15/2026 9:26,566.151001,0.294999987,0.026000001
6/15/2026 9:32,582.164978,0.32100001,0.028999999
6/15/2026 9:37,600.3839722,0.331,0.029999999
6/15/2026 9:42,626.9650269,0.486000001,0.046999998
6/15/2026 9:47,636.0620117,0.437000006,0.041999999
6/15/2026 9:52,650.0020142,0.433999985,0.043000001
6/15/2026 9:57,680.4569702,0.402999997,0.041999999
6/15/2026 10:02,690.7130127,0.532999992,0.056000002
6/15/2026 10:07,738.5620117,0.595000029,0.067000002
6/15/2026 10:12,757.0079956,0.605000019,0.07
6/15/2026 10:17,770.3449707,0.550000012,0.064999998
6/15/2026 10:22,782.960022,0.495000005,0.059
6/15/2026 10:27,798.9589844,0.606999993,0.074000001
6/15/2026 10:32,832.4959717,0.578999996,0.074000001
6/15/2026 10:37,826.3129883,0.572000027,0.071999997
6/15/2026 10:42,815.0510254,1.121000051,0.140000001
6/15/2026 10:47,829.6480103,1.213999987,0.153999999
6/15/2026 10:52,842.7680054,1.906999946,0.246000007
6/15/2026 10:57,856.5280151,1.531000018,0.201000005
6/15/2026 11:02,867.7050171,1.628999949,0.216000006
6/15/2026 11:07,883.3699951,1.317000031,0.178000003
6/15/2026 11:12,885.0009766,0.961000025,0.129999995
6/15/2026 11:17,904.3859863,0.838,0.115999997
6/15/2026 11:22,921.789978,0.791999996,0.112000003
6/15/2026 11:27,933.1500244,0.779999971,0.111000001
6/15/2026 11:32,953.9910278,0.774999976,0.112999998
6/15/2026 11:37,962.6420288,0.458999991,0.068000004
6/15/2026 11:42,976.7180176,0.34799999,0.052000001
6/15/2026 11:47,977.8790283,0.386000007,0.057999998
6/15/2026 11:53,993.8850098,0.287999988,0.044
6/15/2026 11:58,990.2290039,0.335000008,0.050999999
6/15/2026 12:03,1003.953979,0.518999994,0.079999998
6/15/2026 12:08,1011.734985,0.423999995,0.066
6/15/2026 12:13,1011.367004,0.527999997,0.082000002
6/15/2026 12:18,1016.185974,0.533999979,0.082999997
6/15/2026 12:23,1035.56897,0.501999974,0.079000004
6/15/2026 12:28,1045.348022,0.474000007,0.075999998
6/15/2026 12:33,1031.58606,0.374000013,0.059
6/15/2026 12:38,1027.293945,0.58099997,0.090999998
6/15/2026 12:43,1032.776978,0.499000013,0.079000004
6/15/2026 12:48,1033.345947,0.474000007,0.075000003
6/15/2026 12:53,1037.880981,0.441000015,0.07
6/15/2026 12:58,1040.754028,0.495999992,0.079000004
6/15/2026 13:03,1025.858032,0.481000006,0.075000003
6/15/2026 13:08,1044.089966,0.342000008,0.055
6/15/2026 13:13,1051.831055,0.388000011,0.063000001
6/15/2026 13:18,1032.182983,0.493999988,0.078000002
6/15/2026 13:23,1024.119019,0.474999994,0.074000001
6/15/2026 13:47,1044.095947,0,0
6/15/2026 13:52,1022.307007,0,0
6/15/2026 13:57,1013.642029,0,0
6/15/2026 14:02,1009.963013,0,0
6/15/2026 14:07,1002.484985,0,0
6/15/2026 14:12,1014.921997,0,0
6/15/2026 14:17,1005.060974,0,0
6/15/2026 14:22,995.4609985,0,0
6/15/2026 14:27,986.6500244,0,0
6/15/2026 14:32,986.4110107,0,0
6/15/2026 14:37,988.2310181,0,0
6/15/2026 14:42,1003.060974,0,0
6/15/2026 14:52,969.4509888,0,0
6/15/2026 14:57,955.8729858,0,0
6/15/2026 15:02,942.1870117,0,0
6/15/2026 15:07,916.4550171,0,0
6/15/2026 15:13,925.1890259,0,0
6/15/2026 15:18,763.03302,0,0
6/15/2026 15:23,752.8980103,0,0
6/15/2026 15:28,843.414978,0,0
6/15/2026 15:33,802.8339844,0,0
6/15/2026 15:38,826.8339844,0,0
6/15/2026 15:43,830.9970093,0,0
6/15/2026 15:48,837.7290039,0,0
6/15/2026 15:53,780.526001,0,0
6/15/2026 15:58,775.0770264,0,0
6/15/2026 16:03,792.0689697,0,0
6/15/2026 16:08,748.6450195,0.001,0
6/15/2026 16:13,767.8099976,0,0
6/15/2026 16:18,755.1110229,0,0
6/15/2026 16:23,743.7940063,0,0
6/15/2026 16:28,724.1810303,0,0
6/15/2026 16:38,483.5539856,-0.001,0
6/15/2026 16:43,552.8270264,0,0
6/15/2026 16:48,355.8349915,0,0
6/15/2026 16:53,391.9020081,0,0
6/15/2026 16:58,470.1270142,0.001,0
6/15/2026 17:03,414.3129883,0.001,0
6/15/2026 17:08,310.17099,-0.001,0
6/15/2026 17:13,285.67099,0,0
6/15/2026 17:23,403.0169983,0.001,0
6/15/2026 17:28,323.6210022,0,0
6/15/2026 17:33,486.3729858,0.001,0
6/15/2026 17:39,467.8150024,0,0
6/15/2026 17:44,477.2569885,0,0
6/15/2026 17:49,387.0509949,0,0
6/15/2026 17:54,420.2569885,0,0
6/15/2026 17:59,90.76999664,-0.001,0
6/15/2026 18:04,79.83300018,0.001,0
6/15/2026 18:09,75.52100372,-0.001,0
6/15/2026 18:14,73.64600372,-0.004,0
6/15/2026 18:19,70.13300323,0.001,0
6/15/2026 18:24,70.45700073,-0.002,0
6/15/2026 18:29,67.01899719,0.003,0
6/15/2026 18:34,61.07500076,-0.001,0
6/15/2026 18:39,60.59199905,-0.002,0
6/15/2026 18:44,70.10399628,0.001,0
6/15/2026 18:49,73.48799896,-0.001,0
6/15/2026 18:59,60.45000076,-0.006,0
6/15/2026 19:04,57.05400085,0.005,0
6/15/2026 19:09,55.39199829,-0.003,0
6/15/2026 19:14,54.99399948,0.001,0
6/15/2026 19:19,53.81499863,-0.002,0
6/15/2026 19:24,54.32600021,0.002,0
6/15/2026 19:29,50.15499878,0.003,0
6/15/2026 19:34,52.85300064,-0.002,0
6/15/2026 19:39,51.05099869,0.004,0
6/15/2026 19:44,51.95399857,-0.002,0
6/15/2026 19:49,53.89099884,0.001,0
6/15/2026 19:54,54.47100067,0.004,0
6/15/2026 20:00,51.26599884,0.004,0
6/15/2026 20:05,47.97700119,0.002,0
6/15/2026 20:10,43.70700073,0.002,0
6/15/2026 20:15,44.99200058,-0.003,0
6/15/2026 20:20,41.71699905,-0.009,0
6/15/2026 20:30,28.03199959,0.006,0
6/15/2026 20:40,24.99200058,-0.003,0
6/15/2026 20:45,22.82900047,-0.005,0
6/15/2026 20:50,21.7689991,0.002,0
6/15/2026 20:55,17.53800011,0.017999999,0
6/15/2026 21:00,15.92199993,-0.018999999,0
6/15/2026 21:05,12.95499992,-0.006,0
6/15/2026 21:15,4.697000027,0.026000001,0
6/15/2026 21:20,3.303999901,-0.035999998,0
6/15/2026 21:25,1.338999987,0.111000001,0
6/15/2026 21:30,0.112000003,0.086000003,0
6/16/2026 5:39,0.112000003,0.086000003,0
6/16/2026 5:44,3.032999992,0.074000001,0
6/16/2026 5:49,4.008999825,-0.082999997,0
6/16/2026 5:54,5.706999779,0.02,0
6/16/2026 6:00,8.079999924,0.009,0
6/16/2026 6:05,11.91800022,-0.003,0
6/16/2026 6:10,14.28999996,0.002,0
6/16/2026 6:15,19.99399948,0.013,0
6/16/2026 6:20,21.49099922,-0.027000001,0
6/16/2026 6:25,23.15399933,-0.006,0
6/16/2026 6:30,26.16699982,-0.003,0
6/16/2026 6:35,28.22599983,-0.003,0
6/16/2026 6:40,31.88100052,-0.012,0
6/16/2026 6:45,34.13299942,0.002,0
6/16/2026 6:50,37.36500168,-0.005,0
6/16/2026 6:55,42.24900055,-0.016000001,0
6/16/2026 7:00,49.55699921,-0.005,0
6/16/2026 7:05,55.71699905,-0.004,0
6/16/2026 7:10,56.54600143,0.001,0
6/16/2026 7:15,60.07799911,0.004,0
6/16/2026 7:20,64.22899628,0.005,0
6/16/2026 7:25,68.66699982,-0.002,0
6/16/2026 7:30,79.92500305,-0.001,0
6/16/2026 7:35,91.56999969,0.001,0
6/16/2026 7:40,94.87200165,0,0
6/16/2026 7:45,101.4349976,0.001,0
6/16/2026 7:50,109.7850037,0.002,0
6/16/2026 7:55,112.1439972,-0.001,0
6/16/2026 8:00,184.548996,0,0
6/16/2026 8:10,137.9589996,0.001,0
6/16/2026 8:15,110.3219986,0.002,0
6/16/2026 8:21,98.43900299,0.002,0
6/16/2026 8:26,92.27700043,0.002,0
6/16/2026 8:36,174.8090057,-0.001,0
6/16/2026 8:41,185.8540039,-0.001,0
6/16/2026 8:51,416.0320129,0,0
6/16/2026 8:56,384.7950134,-0.001,0
6/16/2026 9:01,332.4020081,0.001,0
6/16/2026 9:06,505.7829895,0,0
6/16/2026 9:11,509.7650146,0.001,0
6/16/2026 9:16,447.7579956,-0.001,0
6/16/2026 9:26,263.4100037,0,0
6/16/2026 9:31,284.1350098,0,0
6/16/2026 9:36,233.1609955,0.001,0
6/16/2026 9:41,189.2660065,0.001,0
6/16/2026 9:46,264.6109924,0.001,0
6/16/2026 9:51,228.3769989,0,0
6/16/2026 10:01,208.7380066,0.001,0
6/16/2026 10:06,181.871994,-0.001,0
6/16/2026 10:16,132.5330048,0,0
6/16/2026 10:21,80.04299927,0.004,0
6/16/2026 10:26,72.77100372,0.001,0
6/16/2026 10:36,194.2129974,0,0
6/16/2026 10:41,168.802002,-0.001,0
6/16/2026 10:47,170.2030029,-0.001,0
6/16/2026 10:52,187.576004,-0.001,0
6/16/2026 10:57,185.9409943,-0.001,0
6/16/2026 11:02,207.1040039,0.001,0
6/16/2026 11:07,737.8400269,0,0
6/16/2026 11:12,260.6929932,-0.001,0
6/16/2026 11:17,322.0979919,0,0
6/16/2026 11:22,389.9379883,0,0
6/16/2026 11:27,396.2510071,0,0
6/16/2026 11:32,371.2590027,0,0
6/16/2026 11:37,392.0750122,-0.001,0
6/16/2026 11:42,626.6630249,0,0
6/16/2026 11:47,1061.515015,0,0
6/16/2026 11:52,999.7420044,0,0
6/16/2026 11:57,942.9730225,0,0
6/16/2026 12:07,1040.51001,0,0
6/16/2026 12:12,1007.416992,0,0
6/16/2026 12:17,984.9349976,0,0
6/16/2026 12:22,865.1539917,0,0
6/16/2026 12:32,768.815979,0,0
6/16/2026 12:37,911.6409912,0,0
6/16/2026 12:42,1036.703979,0,0
6/16/2026 12:47,1017.521973,0,0
6/16/2026 12:52,963.7630005,0,0
6/16/2026 12:57,998.0050049,0,0
6/16/2026 13:02,995.5059814,0,0
6/16/2026 13:07,995.8579712,0,0
6/16/2026 13:13,1004.30603,1.350999951,0.208000004
6/16/2026 13:18,1014.887024,1.111999989,0.172999993
6/16/2026 13:23,982.5170288,0.907999992,0.136999995
6/16/2026 13:28,1047.717041,0.860000014,0.137999997
6/16/2026 13:50,1051.094971,0,0
6/16/2026 13:55,1036.161987,0,0
6/16/2026 14:00,1033.019043,0,0
6/16/2026 14:05,1022.744995,0,0
6/16/2026 14:10,1011.041016,0,0
6/16/2026 14:15,1014.453003,0,0
6/16/2026 14:20,995.7210083,0,0
6/16/2026 14:26,982.6469727,0,0
6/16/2026 14:31,985.8950195,1.822000027,0.275000006
6/16/2026 14:36,951.6409912,1.128999949,0.164000005
6/16/2026 14:41,986.0499878,0.984000027,0.148000002
6/16/2026 14:46,981.5289917,1.008000016,0.150999993
6/16/2026 14:51,971.2579956,0.493999988,0.072999999
6/16/2026 14:56,1044.375,0.521000028,0.082999997
6/16/2026 15:01,713.7509766,0.727999985,0.079999998
6/16/2026 15:06,315.552002,0.815999985,0.039000001
6/16/2026 15:11,303.4129944,0.906000018,0.041999999
6/16/2026 15:16,506.8309937,0.731999993,0.057
6/16/2026 15:21,410.9920044,0.92900002,0.057999998
6/16/2026 15:26,290.3500061,0.943000019,0.041999999
6/16/2026 15:31,304.2650146,0.875999987,0.041000001
6/16/2026 15:36,290.5329895,0.949999988,0.041999999
6/16/2026 15:41,293.3670044,0.848999977,0.037999999
6/16/2026 15:46,303.3980103,0.933000028,0.043000001
6/16/2026 15:51,292.3059998,0.748000026,0.033
6/16/2026 15:56,301.8880005,0.842999995,0.039000001
6/16/2026 16:01,274.0549927,0.839999974,0.035
6/16/2026 16:06,237.0130005,0.652999997,0.024
6/16/2026 16:11,246.2189941,0.493000001,0.018999999
6/16/2026 16:16,331.9849854,0.648999989,0.033
6/16/2026 16:21,429.3580017,0.509000003,0.033
6/16/2026 16:26,198.2539978,0.479000002,0.015
6/16/2026 16:31,155.5090027,0.130999997,0.003
6/16/2026 16:36,193.9089966,0.675999999,0.02
6/16/2026 16:41,218.9120026,0.583000004,0.02
6/16/2026 16:46,196.6860046,0.598999977,0.017999999
6/16/2026 16:52,167.0399933,0.619000018,0.016000001
6/16/2026 16:57,162.2310028,0.372000009,0.009
6/16/2026 17:02,152.3829956,0.335999995,0.008
6/16/2026 17:07,126.5599976,0.017000001,0
6/16/2026 17:12,111.5029984,0.021,0
6/16/2026 17:17,104.9950027,0.024,0
6/16/2026 17:22,103.0070038,0.025,0
6/16/2026 17:27,120.4100037,0.023,0
6/16/2026 17:32,118.1050034,0.021,0
6/16/2026 17:37,110.8539963,0.02,0
6/16/2026 17:42,96.98300171,0.027000001,0
6/16/2026 17:47,82.46499634,0.028000001,0
6/16/2026 17:52,74.11199951,0.023,0
6/16/2026 17:57,61.79000092,0.023,0
6/16/2026 18:02,53.70500183,0.02,0
6/16/2026 18:07,47.69100189,0.017000001,0
6/16/2026 18:12,51.40100098,0.026000001,0
6/16/2026 18:17,66.9509964,0.02,0
6/16/2026 18:22,80.17299652,0.017000001,0
6/16/2026 18:27,75.88600159,0.021,0
6/16/2026 18:32,76.06400299,0.021,0
6/16/2026 18:37,82.32099915,0.021,0
6/16/2026 18:42,71.51999664,0.017999999,0
6/16/2026 18:47,63.5019989,0.018999999,0
6/16/2026 18:52,62.2859993,0.026000001,0
6/16/2026 18:57,65.55699921,0.02,0
6/16/2026 19:02,69.93800354,0.017000001,0
6/16/2026 19:07,73.52200317,0.021,0
6/16/2026 19:13,72.31300354,0.022,0
6/16/2026 19:18,73.35099792,0.017000001,0
6/16/2026 19:23,76.71900177,0.026000001,0
6/16/2026 19:28,79.63500214,0.022,0
6/16/2026 19:33,75.81800079,0.02,0
6/16/2026 19:38,69.93399811,0.02,0
6/16/2026 19:43,63.61500168,0.017999999,0
6/16/2026 19:48,59.06200027,0.024,0
6/16/2026 19:53,54.71500015,0.024,0
6/16/2026 19:58,57.66600037,0.02,0
6/16/2026 20:03,52.77899933,0.017999999,0
6/16/2026 20:08,49.87900162,0.025,0
6/16/2026 20:13,46.90100098,0.023,0
6/16/2026 20:18,45.42399979,0.017999999,0
6/16/2026 20:23,37.21099854,0.034000002,0
6/16/2026 20:28,30.52799988,0.030999999,0
6/16/2026 20:33,25.75300026,0.01,0
6/16/2026 20:38,21.71699905,0.030999999,0
6/16/2026 20:43,17.27499962,0.012,0
6/16/2026 20:48,14.56900024,0.028000001,0
6/16/2026 20:53,11.97000027,0.028000001,0
6/16/2026 20:58,9.937000275,0.029999999,0
6/16/2026 21:03,6.985000134,-0.006,0
6/16/2026 21:08,4.741000175,-0.050999999,0
6/16/2026 21:13,3.030999899,-0.039999999,0
6/16/2026 21:18,2.105000019,0.123999998,0
6/16/2026 21:23,1.434999943,-0.028000001,0
6/16/2026 21:28,0.774999976,-0.054000001,0
6/17/2026 5:40,0.774999976,-0.054000001,0
6/17/2026 5:45,5.809999943,-0.027000001,0
6/17/2026 5:50,8.218999863,0.005,0
6/17/2026 5:55,10.98499966,0.012,0
6/17/2026 6:00,13.84000015,0.006,0
6/17/2026 6:05,16.15500069,0.024,0
6/17/2026 6:10,19.61499977,0.015,0
6/17/2026 6:15,23.99900055,0.012,0
6/17/2026 6:20,27.77799988,0.021,0
6/17/2026 6:25,32.81600189,0.022,0
6/17/2026 6:30,36.64500046,0.013,0
6/17/2026 6:35,43.39799881,0.027000001,0
6/17/2026 6:40,47.88299942,0.017999999,0
6/17/2026 6:45,51.39400101,0.015,0
6/17/2026 6:50,54.47100067,0.013,0
6/17/2026 6:55,58.26699829,0.016000001,0
6/17/2026 7:00,62.39799881,0.01,0
6/17/2026 7:05,67.87200165,0.017999999,0
6/17/2026 7:10,74.4940033,0.009,0
6/17/2026 7:15,76.39099884,0.01,0
6/17/2026 7:21,78.94200134,0.015,0
6/17/2026 7:26,86.52799988,0.017000001,0
6/17/2026 7:31,94.31500244,0.009,0
6/17/2026 7:36,99.33000183,0.013,0
6/17/2026 7:41,104.0070038,0.012,0
6/17/2026 7:46,109.1679993,0.012,0
6/17/2026 7:51,114.2259979,0.006,0
6/17/2026 7:56,131.6889954,0.01,0
6/17/2026 8:01,191.3849945,0.006,0
6/17/2026 8:06,184.9140015,0.007,0
6/17/2026 8:11,134.7539978,0.009,0
6/17/2026 8:16,283.4989929,0.004,0
6/17/2026 8:21,297.927002,0.006,0
6/17/2026 8:26,366.3039856,0.004,0
6/17/2026 8:31,240.8500061,0.007,0
6/17/2026 8:36,413.4830017,0.004,0
6/17/2026 8:41,170.1990051,0.009,0
6/17/2026 8:46,206.5180054,0.011,0
6/17/2026 8:51,264.2260132,0.012,0
6/17/2026 8:56,258.7730103,0.01,0
6/17/2026 9:01,304.7430115,0.008,0
6/17/2026 9:06,472.5599976,0.004,0
6/17/2026 9:11,307.3169861,0.005,0
6/17/2026 9:16,527.2249756,0.003,0
6/17/2026 9:21,537.4130249,0.003,0
6/17/2026 9:26,553.6160278,0.003,0
6/17/2026 9:31,559.190979,0.003,0
6/17/2026 9:36,572.072998,0.003,0
6/17/2026 9:42,598.677002,0.003,0
6/17/2026 9:47,553.7369995,0.003,0
6/17/2026 9:52,630.6740112,0.004,0
6/17/2026 9:57,648.210022,0.004,0
6/17/2026 10:02,654.6149902,0.002,0
6/17/2026 10:07,595.8859863,0.003,0
6/17/2026 10:12,696.2470093,0.003,0
6/17/2026 10:17,684.6550293,0.003,0
6/17/2026 10:22,737.5059814,0.002,0
6/17/2026 10:27,793.0419922,0.002,0
6/17/2026 10:32,792.7130127,0.002,0
6/17/2026 10:37,611.5999756,0.004,0
6/17/2026 10:42,802.2540283,0.142000005,0.017000001
6/17/2026 10:47,804.302002,0.916999996,0.112999998
6/17/2026 10:52,784.4050293,1.205000043,0.144999996
6/17/2026 10:57,786.0960083,1.213999987,0.145999998
6/17/2026 11:02,778.8870239,1.108999968,0.131999999
6/17/2026 11:07,771.7990112,1.037999988,0.123000003
6/17/2026 11:12,778.382019,1.116999984,0.133000001
6/17/2026 11:17,911.4879761,0.972000003,0.136000007
6/17/2026 11:22,892.5250244,0.980000019,0.134000003
6/17/2026 11:27,914.1069946,0.792999983,0.111000001
6/17/2026 11:32,901.789978,1.233999968,0.170000002
6/17/2026 11:37,889.2479858,1.133999944,0.153999999
6/17/2026 11:42,908.4210205,0.155000001,0.022
6/17/2026 11:47,954.5419922,1.590000033,0.231999993
6/17/2026 11:52,960.6079712,1.56400001,0.230000004
6/17/2026 11:57,930.1389771,1.404000044,0.200000003
6/17/2026 12:02,969.8449707,0.833000004,0.123999998
6/17/2026 12:08,831.632019,1.327000022,0.169
6/17/2026 12:13,994.4370117,1.008000016,0.152999997
6/17/2026 12:18,1003.117981,0.99000001,0.151999995
6/17/2026 12:23,1005.406006,0.783999979,0.120999999
6/17/2026 12:28,1002.965027,0.708999991,0.108999997
6/17/2026 12:33,1012.624023,0.764999986,0.119000003
6/17/2026 12:38,1020.734009,1.055999994,0.165000007
6/17/2026 12:43,1006.481995,1.320000052,0.202999994
6/17/2026 12:48,1026.254028,1.485999942,0.232999995
6/17/2026 12:53,1069.890015,0.737999976,0.120999999
6/17/2026 12:58,1064.145996,0.601999998,0.097999997
6/17/2026 13:03,1103.774048,0.954999983,0.160999998
6/17/2026 13:08,1145.43103,0.625999987,0.109999999
6/17/2026 13:13,1128.084961,0.855000019,0.148000002
6/17/2026 13:18,1126.312988,0.654999971,0.112999998
6/17/2026 13:23,974.9229736,0.999000013,0.149000004
6/17/2026 13:28,1114.746948,1.069000006,0.181999996
6/17/2026 13:52,1109.102051,0.375,0.064000003
6/17/2026 13:57,1080.656006,0.323000014,0.052999999
6/17/2026 14:02,1111.52002,0.351000011,0.059999999
6/17/2026 14:07,1092.371948,0.349999994,0.059
6/17/2026 14:12,1092.640015,0.400000006,0.067000002
6/17/2026 14:17,1082.420044,0.352999985,0.059
6/17/2026 14:22,1014.195007,0.342000008,0.052999999
6/17/2026 14:27,1100.137939,0.268999994,0.045000002
6/17/2026 14:32,1035.625,0.437999994,0.068999998
6/17/2026 14:37,1012.825012,0.381999999,0.059
6/17/2026 14:42,832.1430054,0.453999996,0.057999998
6/17/2026 14:47,887.0830078,0.356000006,0.048
6/17/2026 14:52,976.1810303,0.400999993,0.059999999
6/17/2026 14:57,952.5100098,0.310000002,0.045000002
6/17/2026 15:02,1029.307007,0.425999999,0.067000002
6/17/2026 15:07,233.4539948,0.619000018,0.022
6/17/2026 15:12,203.7299957,0.352999985,0.011
6/17/2026 15:17,174.897995,0.056000002,0.001
6/17/2026 15:22,231.8379974,0.455000013,0.016000001
6/17/2026 15:27,181.2980042,0.045000002,0.001
6/17/2026 15:32,186.8890076,0.245000005,0.007
6/17/2026 15:37,908.7520142,0.326000005,0.045000002
6/17/2026 15:42,218.9669952,0.384000003,0.013
6/17/2026 15:48,171.5460052,0.037999999,0.001
6/17/2026 15:53,207.5919952,0.246000007,0.008
6/17/2026 15:58,243.3350067,0.542999983,0.02
6/17/2026 16:03,277.506012,0.495000005,0.021
6/17/2026 16:08,189.9570007,0.126000002,0.004
6/17/2026 16:13,208.5579987,0.31099999,0.01
6/17/2026 16:18,823.617981,0.338,0.043000001
6/17/2026 16:23,459.0029907,0.635999978,0.045000002
6/17/2026 16:28,436.0369873,0.005,0
6/17/2026 16:33,691.348999,0.51700002,0.055
6/17/2026 16:38,675.1270142,0.546000004,0.056000002
6/17/2026 16:43,577.8590088,0.006,0.001
6/17/2026 16:48,650.223999,0.469999999,0.046999998
6/17/2026 16:53,646.7930298,0.589999974,0.057999998
6/17/2026 16:58,107.2080002,0.017999999,0
6/17/2026 17:03,285.0130005,0.922999978,0.039999999
6/17/2026 17:08,622.6079712,0.469999999,0.045000002
6/17/2026 17:13,566.7269897,0.411000013,0.035999998
6/17/2026 17:18,100.0780029,0.016000001,0
6/17/2026 17:23,470.3859863,0.381999999,0.027000001
6/17/2026 17:28,514.3060303,0.444000006,0.035
6/17/2026 17:33,479.5390015,0.499000013,0.037
6/17/2026 17:38,461.7189941,0.514999986,0.035999998
6/17/2026 17:43,263.9429932,0.004,0
6/17/2026 17:48,186.1759949,1.131000042,0.032000002
6/17/2026 17:53,303.07901,0.009,0
6/17/2026 17:58,137.3769989,0.013,0
6/17/2026 18:03,83.45300293,0.017999999,0
6/17/2026 18:09,84.98100281,0.018999999,0
6/17/2026 18:14,88.82099915,0.022,0
6/17/2026 18:19,99.73500061,0.016000001,0
6/17/2026 18:24,91.43800354,0.014,0
6/17/2026 18:29,91.26899719,0.018999999,0
6/17/2026 18:34,71.81300354,0.014,0
6/17/2026 18:39,60.79999924,0.025,0
6/17/2026 18:44,56.15800095,0.018999999,0
6/17/2026 18:49,55.06299973,0.022,0
6/17/2026 18:54,50.90999985,0.023,0
6/17/2026 18:59,48.38600159,0.017000001,0
6/17/2026 19:04,48.14199829,0.025,0
6/17/2026 19:09,50.82699966,0.027000001,0
6/17/2026 19:14,49.79999924,0.025,0
6/17/2026 19:19,48.2179985,0.025,0
6/17/2026 19:24,46.16500092,0.014,0
6/17/2026 19:29,44.77099991,0.021,0
6/17/2026 19:34,43.20700073,0.017000001,0
6/17/2026 19:39,42.06600189,0.028999999,0
6/17/2026 19:44,40.6629982,0.026000001,0
6/17/2026 19:49,38.89799881,0.015,0
6/17/2026 19:54,37.49700165,0.015,0
6/17/2026 19:59,36.0870018,0.018999999,0
6/17/2026 20:04,34.27700043,0.032000002,0
6/17/2026 20:09,32.76699829,0.02,0
6/17/2026 20:14,31.08099937,0.035999998,0
6/17/2026 20:19,29.05699921,0.022,0
6/17/2026 20:24,24.47999954,0.023,0
6/17/2026 20:29,22.61899948,0.017000001,0
6/17/2026 20:35,20.70299911,0.030999999,0
6/17/2026 20:40,18.93600082,0.026000001,0
6/17/2026 20:45,17.17000008,0.01,0
6/17/2026 20:50,15.28499985,0.034000002,0
6/17/2026 20:55,13.33899975,0.025,0
6/17/2026 21:00,11.45300007,0.028000001,0
6/17/2026 21:05,9.430000305,0.021,0
6/17/2026 21:10,7.427000046,0.022,0
6/17/2026 21:15,5.626999855,0.007,0
6/17/2026 21:20,3.940999985,0.021,0
6/17/2026 21:25,2.355000019,0.148000002,0
6/17/2026 21:30,0.792999983,-0.244000003,0
6/18/2026 5:40,0.792999983,-0.244000003,0
6/18/2026 5:50,7.512000084,0.041000001,0
6/18/2026 5:55,9.751000404,0.004,0
6/18/2026 6:00,11.59000015,0.030999999,0
6/18/2026 6:05,13.25699997,0.035,0
6/18/2026 6:10,15.02200031,-0.006,0
6/18/2026 6:15,17.40600014,0.034000002,0
6/18/2026 6:20,20.71800041,0.004,0
6/18/2026 6:26,24.51000023,0.022,0
6/18/2026 6:31,26.59399986,0.028999999,0
6/18/2026 6:36,27.82900047,0.017000001,0
6/18/2026 6:41,30.82099915,0.017999999,0
6/18/2026 6:46,32.57099915,0.027000001,0
6/18/2026 6:51,34.2179985,0.015,0
6/18/2026 6:56,36.38999939,0.021,0
6/18/2026 7:01,38.34999847,0.021,0
6/18/2026 7:06,40.37900162,0.021,0
6/18/2026 7:11,42.20800018,0.008,0
6/18/2026 7:16,44.08499908,0.021,0
6/18/2026 7:21,45.95500183,0.028000001,0
6/18/2026 7:26,47.34199905,0.017000001,0
6/18/2026 7:31,48.7859993,0.017000001,0
6/18/2026 7:36,50.6780014,0.017999999,0
6/18/2026 7:41,52.4070015,0.023,0
6/18/2026 7:46,54.10400009,0.017000001,0
6/18/2026 7:51,55.61100006,0.016000001,0
6/18/2026 7:56,199.6820068,0.005,0
6/18/2026 8:01,238.7819977,0.003,0
6/18/2026 8:06,255.7389984,0.003,0
6/18/2026 8:11,271.5660095,0.004,0
6/18/2026 8:16,290.2569885,0.003,0
6/18/2026 8:21,308.1690063,0.005,0
6/18/2026 8:26,327.3919983,0.004,0
6/18/2026 8:31,344.3089905,0.004,0
6/18/2026 8:36,363.3049927,0.003,0
6/18/2026 8:41,379.4909973,0.006,0
6/18/2026 8:47,396.769989,0.003,0
6/18/2026 8:52,414.4410095,0.32100001,0.02
6/18/2026 8:57,433.8460083,0.002,0
6/18/2026 9:02,451.4809875,0.003,0
6/18/2026 9:07,470.6220093,0.003,0
6/18/2026 9:12,489.322998,0.002,0
6/18/2026 9:17,506.8959961,0.002,0
6/18/2026 9:22,523.3060303,0.002,0
6/18/2026 9:27,547.2249756,0.002,0
6/18/2026 9:32,562.4160156,0.004,0
6/18/2026 9:37,579.1110229,0.003,0
6/18/2026 9:42,594.0109863,0.003,0
6/18/2026 9:47,610.7089844,0.003,0
6/18/2026 9:52,628.1040039,0.002,0
6/18/2026 9:57,643.2299805,0.002,0
6/18/2026 10:02,659.7869873,0.002,0
6/18/2026 10:07,675.875,0.002,0
6/18/2026 10:12,692.1589966,0.002,0
6/18/2026 10:17,708.6240234,0.003,0
6/18/2026 10:22,725.7910156,0.002,0
6/18/2026 10:27,741.9420166,0.002,0
6/18/2026 10:32,758.6060181,0.002,0
6/18/2026 10:37,773.9299927,0.002,0
6/18/2026 10:42,788.8339844,0.120999999,0.015
6/18/2026 10:47,804.677002,0.360000014,0.044
6/18/2026 10:52,816.4899902,0.850000024,0.105999999
6/18/2026 10:57,830.1019897,1.05400002,0.134000003
6/18/2026 11:02,845.0670166,1.175999999,0.151999995
6/18/2026 11:07,856.3220215,1.044999957,0.136999995
6/18/2026 11:13,869.7189941,1.011000037,0.134000003
6/18/2026 11:18,883.5430298,1.05400002,0.142000005
6/18/2026 11:23,893.3309937,1.100000024,0.150000006
6/18/2026 11:28,904.9580078,0.925000012,0.128000006
6/18/2026 11:33,916.5130005,0.046999998,0.007
6/18/2026 11:38,926.6049805,0.750999987,0.107000001
6/18/2026 11:43,937.0239868,0.851000011,0.122000001
6/18/2026 11:48,945.0189819,0.875,0.127000004
6/18/2026 11:53,957.2659912,0.93599999,0.136999995
6/18/2026 11:58,964.1030273,0.88499999,0.130999997
6/18/2026 12:03,973.8339844,0.137999997,0.021
6/18/2026 12:08,982.6539917,0.649999976,0.097999997
6/18/2026 12:13,991.2050171,0.748000026,0.112999998
6/18/2026 12:18,998,0.730000019,0.112000003
6/18/2026 12:23,1001.58197,0.754000008,0.115999997
6/18/2026 12:28,1009.669983,0.745000005,0.115000002
6/18/2026 12:33,1012.776978,0.644999981,0.100000001
6/18/2026 12:38,1014.35199,0.684000015,0.105999999
6/18/2026 12:43,1018.546997,0.657999992,0.103
6/18/2026 12:48,1022.096008,0.638000011,0.100000001
6/18/2026 12:53,1024.177979,0.717999995,0.112999998
6/18/2026 12:58,1024.849976,0.648000002,0.101999998
6/18/2026 13:03,1024.165039,0.625,0.097999997
6/18/2026 13:08,1026.019043,0,0
6/18/2026 13:13,1025.918945,0,0
6/18/2026 13:18,1027.392944,0,0
6/18/2026 13:23,1026.197998,0,0
6/18/2026 13:28,1027.479004,0,0
6/18/2026 13:52,1024.72998,0,0
6/18/2026 13:57,1022.471008,0,0
6/18/2026 14:07,1019.426025,0,0
6/18/2026 14:12,1016.544006,0,0
6/18/2026 14:17,1012.835022,0,0
6/18/2026 14:22,1006.429993,0,0
6/18/2026 14:27,1000.603027,0,0
6/18/2026 14:32,994.7700195,0,0
6/18/2026 14:37,986.6859741,0,0
6/18/2026 14:43,977.0510254,0,0
6/18/2026 14:48,971.4310303,0,0
6/18/2026 14:58,952.1710205,0,0
6/18/2026 15:03,937.1729736,-0.001,0
6/18/2026 15:08,928.3449707,0,0
6/18/2026 15:13,921.8400269,0,0
6/18/2026 15:18,909.2089844,0,0
6/18/2026 15:28,886.7630005,0,0
6/18/2026 15:33,875.8699951,0,0
6/18/2026 15:38,867.4219971,0,0
6/18/2026 15:43,853.1370239,0,0
6/18/2026 15:48,836.6400146,0,0
6/18/2026 15:53,823.7059937,0,0
6/18/2026 15:58,808.3250122,0,0
6/18/2026 16:03,798.6669922,0,0
6/18/2026 16:08,781.2130127,1.682000041,0.201000005
6/18/2026 16:13,763.9550171,2.032999992,0.238000005
6/18/2026 16:18,748.1420288,2.003999949,0.229000002
6/18/2026 16:23,736.427002,2.066999912,0.232999995
6/18/2026 16:28,718.5009766,2.16899991,0.238000005
6/18/2026 16:33,700.7410278,2.096999884,0.224999994
6/18/2026 16:38,685.625,2.049000025,0.215000004
6/18/2026 16:43,668.9210205,1.853999972,0.189999998
6/18/2026 16:48,651.6779785,1.465999961,0.145999998
6/18/2026 16:53,633.9509888,1.440000057,0.140000001
6/18/2026 16:58,615.7919922,1.370000005,0.128999993
6/18/2026 17:04,600.34198,0.896000028,0.082000002
6/18/2026 17:09,577.7299805,0.750999987,0.066
6/18/2026 17:14,559.6959839,0,0
6/18/2026 17:19,541.3449707,0,0
6/18/2026 17:24,522.7249756,0,0
6/18/2026 17:29,503.3919983,1.434999943,0.109999999
6/18/2026 17:34,484.9249878,1.534999967,0.114
6/18/2026 17:39,466.2189941,1.488000035,0.105999999
6/18/2026 17:44,445.776001,1.409999967,0.096000001
6/18/2026 17:49,427.6229858,1.473999977,0.096000001
6/18/2026 17:54,409.3250122,0.80400002,0.050000001
6/18/2026 17:59,69.05400085,0.030999999,0
6/18/2026 18:04,61.56700134,0.032000002,0
6/18/2026 18:09,60.07300186,0.028999999,0
6/18/2026 18:14,59.06900024,0.043000001,0
6/18/2026 18:19,58.51699829,0.032000002,0
6/18/2026 18:24,57.66899872,0.032000002,0
6/18/2026 18:29,56.60599899,0.028000001,0
6/18/2026 18:34,55.66500092,0.027000001,0
6/18/2026 18:39,54.73500061,0.029999999,0
6/18/2026 18:44,53.75500107,0.022,0
6/18/2026 18:49,52.6629982,0.024,0
6/18/2026 18:54,51.68500137,0.030999999,0
6/18/2026 18:59,50.72200012,0.032000002,0
6/18/2026 19:04,49.61800003,0.028999999,0
6/18/2026 19:09,48.77700043,0.034000002,0
6/18/2026 19:14,48.00799942,0.027000001,0
6/18/2026 19:19,46.98099899,0.024,0
6/18/2026 19:24,45.74599838,0.035999998,0
6/18/2026 19:30,44.47100067,0.033,0
6/18/2026 19:35,43.43999863,0.034000002,0
6/18/2026 19:40,42.25500107,0.037,0
6/18/2026 19:45,40.8370018,0.029999999,0
6/18/2026 19:50,39.03699875,0.030999999,0
6/18/2026 19:55,37.94499969,0.039000001,0
6/18/2026 20:00,36.71900177,0.046999998,0
6/18/2026 20:05,35.14099884,0.035999998,0
6/18/2026 20:10,33.8390007,0.024,0
6/18/2026 20:15,32.49100113,0.021,0
6/18/2026 20:20,28.8239994,0.035,0
6/18/2026 20:25,25.58200073,0.029999999,0
6/18/2026 20:30,23.90699959,0.045000002,0
6/18/2026 20:35,22.44300079,0.037,0
6/18/2026 20:40,20.40699959,0.037999999,0
6/18/2026 20:45,18.43700027,0.029999999,0
6/18/2026 20:50,16.43899918,0.039000001,0
6/18/2026 20:55,14.28299999,0.035999998,0
6/18/2026 21:00,12.26099968,0.048,0
6/18/2026 21:05,10.11400032,0.07,0
6/18/2026 21:10,8.11400032,0.021,0
6/18/2026 21:15,6.289999962,0.041000001,0
6/18/2026 21:20,4.171000004,0.067000002,0
6/18/2026 21:30,0.841000021,0.028000001,0
6/19/2026 5:40,0.841000021,0.028000001,0
6/19/2026 5:45,8.152999878,-0.037999999,0
6/19/2026 5:50,11.78600025,-0.004,0
6/19/2026 5:55,14.06400013,0.034000002,0
6/19/2026 6:00,15.01399994,0.008,0
6/19/2026 6:05,17.81299973,0.035999998,0
6/19/2026 6:10,22.30200005,0.029999999,0
6/19/2026 6:15,28.28800011,0.012,0
6/19/2026 6:20,35.48500061,0.006,0
6/19/2026 6:25,41.98600006,0.017999999,0
6/19/2026 6:30,42.80199814,0.014,0
6/19/2026 6:35,44.98400116,0.026000001,0
6/19/2026 6:40,45.4090004,0.023,0
6/19/2026 6:45,44.28499985,0.021,0
6/19/2026 6:50,43.04000092,0.028000001,0
6/19/2026 6:55,40.05899811,0.024,0
6/19/2026 7:00,44.91999817,0.023,0
6/19/2026 7:05,55.73799896,0.025,0
6/19/2026 7:10,62.85100174,0.021,0
6/19/2026 7:15,69.18599701,0.028999999,0
6/19/2026 7:20,72.91999817,0.028000001,0
6/19/2026 7:25,75.38300323,0.022,0
6/19/2026 7:30,77.77100372,0.035,0
6/19/2026 7:35,80.37000275,0.025,0
6/19/2026 7:40,84.43099976,0.025,0
6/19/2026 7:45,91.65200043,0.024,0
6/19/2026 7:50,98.51999664,0.024,0
6/19/2026 7:56,115.5530014,0.446999997,0.008
6/19/2026 8:01,126.4140015,0.675999999,0.013
6/19/2026 8:06,125.1729965,0.723999977,0.014
6/19/2026 8:11,135.503006,0.879000008,0.017999999
6/19/2026 8:16,172.6699982,0.875999987,0.023
6/19/2026 8:21,201.1450043,0.714999974,0.022
6/19/2026 8:26,234.5690002,0.654999971,0.024
6/19/2026 8:31,256.0390015,0.755999982,0.029999999
6/19/2026 8:36,251.3999939,0.77700001,0.029999999
6/19/2026 8:41,420.1530151,0.740999997,0.048
6/19/2026 8:46,439.9609985,0.758000016,0.050999999
6/19/2026 8:51,423.2569885,1.391000032,0.090000004
6/19/2026 8:56,479.3609924,0.64200002,0.046999998
6/19/2026 9:01,516.3109741,0.523000002,0.041000001
6/19/2026 9:06,500.0010071,0.602999985,0.046
6/19/2026 9:11,477.5440063,0.508000016,0.037
6/19/2026 9:16,451.2000122,0.611999989,0.041999999
6/19/2026 9:21,522.2030029,0.531000018,0.041999999
6/19/2026 9:26,597.8859863,0.375999987,0.034000002
6/19/2026 9:31,633.026001,0.479000002,0.046
6/19/2026 9:36,660.1939697,0.529999971,0.054000001
6/19/2026 9:41,682.4210205,0.51700002,0.054000001
6/19/2026 9:46,692.8959961,0.456,0.048
6/19/2026 9:51,692.3519897,0.546999991,0.057999998
6/19/2026 9:56,666.5189819,0.495000005,0.050999999
6/19/2026 10:01,646.1779785,0.583000004,0.057999998
6/19/2026 10:06,655.3330078,0.563000023,0.056000002
6/19/2026 10:11,573.4910278,0.712000012,0.061999999
6/19/2026 10:16,747.5830078,0.509000003,0.057999998
6/19/2026 10:22,548.8660278,0.674000025,0.057
6/19/2026 10:27,675.15802,0.574000001,0.059
6/19/2026 10:32,671.2020264,0.486999989,0.050000001
6/19/2026 10:37,659.1110229,0.446999997,0.045000002
6/19/2026 10:42,685.8300171,0.717000008,0.075000003
6/19/2026 10:47,771.3389893,1.328999996,0.157000005
6/19/2026 10:52,785.9819946,1.812000036,0.217999995
6/19/2026 10:57,782.3270264,1.911000013,0.229000002
6/19/2026 11:02,787.6209717,1.656999946,0.200000003
6/19/2026 11:07,833.6870117,1.394000053,0.178000003
6/19/2026 11:12,846.5900269,1.192999959,0.155000001
6/19/2026 11:17,864.6480103,0.734000027,0.097000003
6/19/2026 11:22,876.3790283,0.66900003,0.090000004
6/19/2026 11:27,708.3610229,0.573000014,0.061999999
6/19/2026 11:32,896.8729858,0.538999975,0.074000001
6/19/2026 11:37,902.9439697,0.589999974,0.081
6/19/2026 11:42,914.5700073,0.492000014,0.068999998
6/19/2026 11:47,925.0170288,0.481999993,0.068000004
6/19/2026 11:52,930.3729858,0.537999988,0.077
6/19/2026 11:57,939.2709961,0.467999995,0.067000002
6/19/2026 12:02,944.6859741,0.451000005,0.064999998
6/19/2026 12:07,955.1829834,0.620000005,0.090999998
6/19/2026 12:12,962.7839966,0.432999998,0.064000003
6/19/2026 12:17,969.8809814,0.569999993,0.085000001
6/19/2026 12:22,976.6879883,0.510999978,0.075999998
6/19/2026 12:27,979.9030151,0.448000014,0.067000002
6/19/2026 12:32,981.1530151,0.638999999,0.096000001
6/19/2026 12:37,988.5050049,0.49000001,0.074000001
6/19/2026 12:43,991.4240112,0.635999978,0.096000001
6/19/2026 12:48,990.7299805,0.476999998,0.071999997
6/19/2026 12:53,994.3599854,0.531000018,0.081
6/19/2026 12:58,995.1049805,0.592999995,0.090000004
6/19/2026 13:03,993.4509888,0.497999996,0.075999998
6/19/2026 13:08,993.4470215,0.442999989,0.067000002
6/19/2026 13:13,992.9849854,0.444999993,0.068000004
6/19/2026 13:18,993.8449707,0.375999987,0.057
6/19/2026 13:23,991.7280273,0.537,0.081
6/19/2026 13:28,991.3579712,0.324000001,0.048999999
6/19/2026 13:51,986.5999756,0,0
6/19/2026 13:56,981.6389771,0,0
6/19/2026 14:01,979.9569702,0,0
6/19/2026 14:06,975.8880005,1.988999963,0.296999991
6/19/2026 14:11,970.8140259,1.886999965,0.280000001
6/19/2026 14:16,966.0629883,2.071000099,0.305999994
6/19/2026 14:21,962,1.995000005,0.294
6/19/2026 14:26,958.8389893,1.899000049,0.279000014
6/19/2026 14:31,955.8699951,1.986999989,0.291000009
6/19/2026 14:36,949.2819824,1.981999993,0.287999988
6/19/2026 14:41,945.072998,1.898000002,0.273999989
6/19/2026 14:46,934.6450195,1.888000011,0.270000011
6/19/2026 14:51,929.2399902,1.851999998,0.263000011
6/19/2026 14:56,922.5419922,1.835000038,0.259000003
6/19/2026 15:01,915.1870117,1.883000016,0.263999999
6/19/2026 15:06,907.7869873,1.891000032,0.263000011
6/19/2026 15:11,900.4869995,1.04400003,0.143999994
6/19/2026 15:16,895.0800171,0,0
6/19/2026 15:21,886.8259888,0,0
6/19/2026 15:26,876.6420288,-0.001,0
6/19/2026 15:31,863.53302,0,0
6/19/2026 15:36,860.6010132,0,0
6/19/2026 15:42,845.2700195,0,0
6/19/2026 15:47,834.7990112,0,0
6/19/2026 15:52,813.242981,0,0
6/19/2026 15:57,830.1190186,0,0
6/19/2026 16:02,826.8889771,1.588999987,0.201000005
6/19/2026 16:07,822.5650024,1.626000047,0.204999998
6/19/2026 16:12,834.8049927,1.631999969,0.208000004
6/19/2026 16:17,844.2609863,1.598999977,0.207000002
6/19/2026 16:22,833.6879883,1.700000048,0.216999993
6/19/2026 16:27,837.2230225,1.475999951,0.188999996
6/19/2026 16:32,810.7680054,1.682000041,0.209000006
6/19/2026 16:37,532.1099854,1.590000033,0.128999993
6/19/2026 16:42,323.7650146,1.368000031,0.068000004
6/19/2026 16:47,141.1470032,1.008000016,0.022
6/19/2026 16:52,100.0619965,0.405000001,0.006
6/19/2026 16:57,77.75299835,0.028999999,0
6/19/2026 17:02,57.66899872,0.025,0
6/19/2026 17:07,48.0530014,0.024,0
6/19/2026 17:12,48.45000076,0.027000001,0
6/19/2026 17:17,51.77299881,0.039999999,0
6/19/2026 17:22,64.23999786,0.028000001,0
6/19/2026 17:27,79.23400116,0.029999999,0
6/19/2026 17:32,100.4570007,0.67900002,0.01
6/19/2026 17:37,122.0530014,0.915000021,0.017000001
6/19/2026 17:42,105.6240005,0.465000004,0.008
6/19/2026 17:47,58.54399872,0.028000001,0
6/19/2026 17:52,43.45800018,0.029999999,0
6/19/2026 17:57,34.18099976,0.039999999,0
6/19/2026 18:02,36.38999939,0.028999999,0
6/19/2026 18:08,45.69599915,0.027000001,0
6/19/2026 18:13,47.5929985,0.02,0
6/19/2026 18:18,47.40200043,0.024,0
6/19/2026 18:23,38.42499924,0.018999999,0
6/19/2026 18:28,31.08600044,0.023,0
6/19/2026 18:33,19.875,0.024,0
6/19/2026 18:38,11.9630003,0.013,0
6/19/2026 18:43,4.761000156,0.017000001,0
6/19/2026 18:48,2.132999897,0.059,0
6/19/2026 18:53,1.960000038,0.216999993,0
6/19/2026 19:03,2.767999887,-0.028999999,0
6/19/2026 19:08,4.086999893,0.048999999,0
6/19/2026 19:13,5.59100008,-0.007,0
6/19/2026 19:18,6.948999882,0.022,0
6/19/2026 19:23,7.874000072,0.093000002,0
6/19/2026 19:28,9.039999962,0.023,0
6/19/2026 19:33,9.284999847,0.022,0
6/19/2026 19:38,7.96999979,0.086999997,0
6/19/2026 19:43,6.440999985,0.097000003,0
6/19/2026 19:48,5.140999794,0.101999998,0
6/19/2026 19:53,4.965000153,0.017000001,0
6/19/2026 19:58,4.888999939,0.066,0
6/19/2026 20:08,4.618999958,0.098999999,0
6/19/2026 20:13,4.632999897,0.116999999,0
6/19/2026 20:18,4.960000038,-0.008,0
6/19/2026 20:23,5.725999832,0.041000001,0
6/19/2026 20:29,5.929999828,-0.007,0
6/19/2026 20:39,6.361999989,0.025,0
6/19/2026 20:44,6.114999771,0.014,0
6/19/2026 20:49,6.440999985,-0.006,0
6/19/2026 20:54,6.902999878,0.017000001,0
6/19/2026 20:59,7.479000092,0.046999998,0
6/19/2026 21:04,8.017999649,0.034000002,0
6/19/2026 21:09,12.00699997,0.029999999,0
6/19/2026 21:14,12.05700016,-0.01,0
6/19/2026 21:19,9.541999817,0.041999999,0
6/19/2026 21:24,5.118000031,0.045000002,0
6/19/2026 21:29,3.302999973,-0.012,0
6/20/2026 5:50,3.302999973,-0.012,0
6/20/2026 5:55,8.661999702,0.004,0
6/20/2026 6:10,15.69099998,0.027000001,0
6/20/2026 6:20,20.87800026,0.032000002,0
6/20/2026 6:25,24.50200081,0.028000001,0
6/20/2026 6:30,27.26399994,0.02,0
6/20/2026 6:35,30.09799957,0.017999999,0
6/20/2026 6:40,32.35699844,0.013,0
6/20/2026 6:45,34.86899948,0.028000001,0
6/20/2026 6:50,37.29299927,0.025,0
6/20/2026 6:55,39.46500015,0.028999999,0
6/20/2026 7:00,41.6780014,0.02,0
6/20/2026 7:05,43.77099991,0.025,0
6/20/2026 7:11,46.00699997,0.039000001,0
6/20/2026 7:16,48.09799957,0.022,0
6/20/2026 7:21,50.35900116,0.028000001,0
6/20/2026 7:26,53.1629982,0.026000001,0
6/20/2026 7:31,56.40000153,0.012,0
6/20/2026 7:36,59.54700089,0.024,0
6/20/2026 7:41,62.34899902,0.024,0
6/20/2026 7:46,64.85900116,0.023,0
6/20/2026 7:51,67.65000153,0.021,0
6/20/2026 7:56,168.6549988,0.01,0
6/20/2026 8:01,228.3809967,0.006,0
6/20/2026 8:06,244.875,0.007,0
6/20/2026 8:11,260.053009,0.007,0
6/20/2026 8:16,276.1530151,0.007,0
6/20/2026 8:21,293.821991,0.006,0
6/20/2026 8:26,311.197998,0.007,0
6/20/2026 8:31,329.6019897,0.006,0
6/20/2026 8:36,347.5440063,0.007,0
6/20/2026 8:41,365.6459961,0.017000001,0.001
6/20/2026 8:46,383.4899902,0.006,0
6/20/2026 8:51,403.1570129,1.144000053,0.071000002
6/20/2026 8:56,417.8320007,0.007,0
6/20/2026 9:01,437.57901,0.007,0
6/20/2026 9:06,453.3439941,0.006,0
6/20/2026 9:11,471.4289856,0.005,0
6/20/2026 9:16,490.7219849,0.048,0.004
6/20/2026 9:21,506.5849915,0.090999998,0.007
6/20/2026 9:26,524.5529785,0.081,0.006
6/20/2026 9:31,543.8129883,0.098999999,0.008
6/20/2026 9:37,559.5280151,0.085000001,0.007
6/20/2026 9:42,576.4689941,0.138999999,0.012
6/20/2026 9:47,594.3120117,0.193000004,0.017999999
6/20/2026 9:52,611.9680176,0.142000005,0.013
6/20/2026 9:57,631.1530151,0.216000006,0.021
6/20/2026 10:02,646.6810303,0.156000003,0.015
6/20/2026 10:07,664.0510254,0.184,0.018999999
6/20/2026 10:12,681.4470215,0.141000003,0.015
6/20/2026 10:17,695.5310059,0.179000005,0.018999999
6/20/2026 10:22,714.7449951,0.165999994,0.017999999
6/20/2026 10:27,730.6950073,0.186000004,0.021
6/20/2026 10:32,743.8239746,0.217999995,0.025
6/20/2026 10:37,759.6409912,0.180999994,0.021
6/20/2026 10:42,774.5780029,0.34799999,0.041000001
6/20/2026 10:47,788.0670166,1.18900001,0.143000007
6/20/2026 10:52,802.2650146,1.657999992,0.203999996
6/20/2026 10:57,817.3530273,1.73300004,0.216999993
6/20/2026 11:02,830.9760132,1.815999985,0.231000006
6/20/2026 11:07,845.6389771,1.738999963,0.224999994
6/20/2026 11:12,858.3759766,1.697000027,0.223000005
6/20/2026 11:17,871.8829956,1.769000053,0.236000001
6/20/2026 11:22,885.2689819,1.600999951,0.216999993
6/20/2026 11:27,898.75,1.65199995,0.226999998
6/20/2026 11:32,909.7349854,1.666000009,0.231999993
6/20/2026 11:37,921.7849731,1.55400002,0.218999997
6/20/2026 11:42,931.940979,1.618000031,0.231000006
6/20/2026 11:47,940.3859863,1.588999987,0.229000002
6/20/2026 11:52,950.0449829,1.539999962,0.224000007
6/20/2026 11:58,958.2670288,1.48300004,0.216999993
6/20/2026 12:03,965.8449707,1.386000037,0.204999998
6/20/2026 12:08,971.8829956,1.347000003,0.200000003
6/20/2026 12:13,977.2940063,1.307999969,0.195999995
6/20/2026 12:18,984.6290283,1.315999985,0.197999999
6/20/2026 12:23,990.1669922,1.245000005,0.188999996
6/20/2026 12:28,994.367981,1.174000025,0.179000005
6/20/2026 12:33,996.3060303,1.226999998,0.187000006
6/20/2026 12:38,1001.695984,1.31099999,0.201000005
6/20/2026 12:43,1005.893982,1.322999954,0.203999996
6/20/2026 12:48,1008.953003,1.284000039,0.197999999
6/20/2026 12:53,1009.866028,1.230000019,0.189999998
6/20/2026 12:58,1009.687988,1.174000025,0.180999994
6/20/2026 13:03,1007.142029,1.200999975,0.185000002
6/20/2026 13:08,1004.828979,1.046000004,0.160999998
6/20/2026 13:13,1003.232971,1.302000046,0.200000003
6/20/2026 13:18,1003.317017,1.404999971,0.216000006
6/20/2026 13:23,1003.265991,1.422000051,0.217999995
6/20/2026 13:28,1003.617981,1.388000011,0.213
6/20/2026 13:51,999.9439697,0,0
6/20/2026 13:56,997.1619873,0,0
6/20/2026 14:01,994.2700195,0,0
6/20/2026 14:06,989.9569702,0,0
6/20/2026 14:16,981.6820068,0,0
6/20/2026 14:26,969.1929932,0,0
6/20/2026 14:31,966.757019,0,0
6/20/2026 14:36,960.4849854,0,0
6/20/2026 14:41,953.6500244,0,0
6/20/2026 14:51,939.2540283,0,0
6/20/2026 14:56,931.1500244,0,0
6/20/2026 15:01,918.9030151,0,0
6/20/2026 15:06,912.4819946,0,0
6/20/2026 15:11,901.5599976,0,0
6/20/2026 15:17,890.7310181,0,0
6/20/2026 15:22,878.7470093,0,0
6/20/2026 15:27,867.6820068,0,0
6/20/2026 15:32,854.3649902,0,0
6/20/2026 15:37,845.7730103,0,0
6/20/2026 15:42,833.223999,0,0
6/20/2026 15:47,820.6660156,0,0
6/20/2026 15:57,788.5189819,0,0
6/20/2026 16:02,779.8079834,0,0
6/20/2026 16:07,762.0339966,0,0
6/20/2026 16:17,736.8640137,0,0
6/20/2026 16:22,721.3969727,0,0
6/20/2026 16:27,704.6539917,0,0
6/20/2026 16:32,687.2589722,0,0
6/20/2026 16:37,673.3380127,0,0
6/20/2026 16:42,653.1019897,0,0
6/20/2026 16:47,637.5089722,0,0
6/20/2026 16:52,622.5280151,0,0
6/20/2026 16:57,606.664978,0,0
6/20/2026 17:02,588.1939697,0,0
6/20/2026 17:07,566.0139771,0,0
6/20/2026 17:12,548.7109985,-0.001,0
6/20/2026 17:17,532.0469971,0,0
6/20/2026 17:22,513.9609985,0,0
6/20/2026 17:27,495.1730042,0,0
6/20/2026 17:32,477.0230103,0,0
6/20/2026 17:37,456.6809998,0,0
6/20/2026 17:43,439.1730042,0,0
6/20/2026 17:48,420.7160034,0,0
6/20/2026 17:53,403.9360046,-0.001,0
6/20/2026 17:58,361.5979919,0,0
6/20/2026 18:03,78.62200165,-0.002,0
6/20/2026 18:08,76.19200134,-0.002,0
6/20/2026 18:13,74.29799652,0.001,0
6/20/2026 18:18,72.16200256,-0.009,0
6/20/2026 18:23,71.08000183,-0.002,0
6/20/2026 18:28,69.33000183,0.001,0
6/20/2026 18:33,67.72899628,0.002,0
6/20/2026 18:38,65.84200287,0.001,0
6/20/2026 18:43,64.18099976,0.004,0
6/20/2026 18:48,62.76300049,0.001,0
6/20/2026 18:53,61.38100052,-0.001,0
6/20/2026 18:58,60.02999878,0.005,0
6/20/2026 19:03,59.43500137,0.003,0
6/20/2026 19:08,58.23799896,0.005,0
6/20/2026 19:13,56.8429985,0.003,0
6/20/2026 19:18,65.6210022,0.004,0
6/20/2026 19:23,67.22200012,0.001,0
6/20/2026 19:28,59.4090004,-0.002,0
6/20/2026 19:33,50.4090004,0.004,0
6/20/2026 19:38,51.87799835,-0.003,0
6/20/2026 19:43,55.39699936,-0.003,0
6/20/2026 19:48,52.11700058,-0.003,0
6/20/2026 19:53,45.23899841,-0.001,0
6/20/2026 19:58,35.42599869,-0.008,0
6/20/2026 20:04,31.70400047,0.001,0
6/20/2026 20:09,30.56999969,-0.008,0
6/20/2026 20:14,29.55900002,0.012,0
6/20/2026 20:19,29.23200035,-0.007,0
6/20/2026 20:24,26.93499947,0.004,0
6/20/2026 20:29,22.89800072,-0.003,0
6/20/2026 20:34,18.08600044,-0.016000001,0
6/20/2026 20:39,13.8409996,-0.011,0
6/20/2026 20:44,9.831000328,-0.023,0
6/20/2026 20:49,7.749000072,-0.005,0
6/20/2026 20:54,6.46600008,-0.028999999,0
6/20/2026 20:59,5.52699995,0.007,0
6/20/2026 21:04,4.586999893,-0.008,0
6/20/2026 21:09,3.470999956,-0.032000002,0
6/20/2026 21:14,2.413000107,-0.172999993,0
6/20/2026 21:24,0.954999983,0.041000001,0
6/20/2026 21:29,0.247999996,-1.679999948,0
6/21/2026 5:40,0.247999996,-1.679999948,0
6/21/2026 5:45,5.013000011,-0.064000003,0
6/21/2026 5:50,6.968999863,-0.016000001,0
6/21/2026 5:55,9.340999603,-0.004,0
6/21/2026 6:00,11.86999989,-0.025,0
6/21/2026 6:05,14.2329998,0.006,0
6/21/2026 6:10,16.61800003,-0.037,0
6/21/2026 6:20,22.01499939,-0.014,0
6/21/2026 6:25,25.46100044,0.005,0
6/21/2026 6:31,28.08499908,0.001,0
6/21/2026 6:36,30.8390007,0.008,0
6/21/2026 6:46,35.0379982,0.001,0
6/21/2026 6:51,37.46500015,-0.003,0
6/21/2026 6:56,39.72100067,0.003,0
6/21/2026 7:01,41.8219986,0.003,0
6/21/2026 7:06,43.87400055,0.001,0
6/21/2026 7:11,46.19200134,-0.001,0
6/21/2026 7:21,50.61500168,0.003,0
6/21/2026 7:26,52.72900009,0.009,0
6/21/2026 7:31,55.30699921,-0.007,0
6/21/2026 7:36,57.59000015,-0.003,0
6/21/2026 7:41,59.96300125,-0.001,0
6/21/2026 7:46,62.40499878,0.001,0
6/21/2026 7:51,65.29000092,-0.006,0
6/21/2026 7:56,155.720993,-0.001,0
6/21/2026 8:01,232.0180054,0,0
6/21/2026 8:06,249.3139954,0,0
6/21/2026 8:16,280.3739929,0.001,0
6/21/2026 8:21,298.3770142,0,0
6/21/2026 8:26,310.2909851,0.001,0
6/21/2026 8:31,333.9519958,0.001,0
6/21/2026 8:36,351.8699951,0,0
6/21/2026 8:41,371.2550049,0,0
6/21/2026 8:46,389.54599,0,0
6/21/2026 8:51,406.321991,0,0
6/21/2026 8:57,423.7990112,0,0
6/21/2026 9:02,442.3590088,0,0
6/21/2026 9:07,459.9500122,0,0
6/21/2026 9:12,478.776001,-0.001,0
6/21/2026 9:17,495.7980042,0,0
6/21/2026 9:22,512.2810059,0,0
6/21/2026 9:27,531.8460083,0.001,0
6/21/2026 9:32,550.1550293,0,0
6/21/2026 9:37,567.8540039,0,0
6/21/2026 9:42,583.992981,0,0
6/21/2026 9:47,600.4190063,0,0
6/21/2026 9:52,617.1820068,0,0
6/21/2026 9:57,634.2789917,0,0
6/21/2026 10:02,650.7119751,0,0
6/21/2026 10:07,667.3599854,0,0
6/21/2026 10:12,683.1040039,0,0
6/21/2026 10:17,699.6699829,0,0
6/21/2026 10:22,715.8649902,0,0
6/21/2026 10:27,730.5650024,0,0
6/21/2026 10:32,745.9450073,0,0
6/21/2026 10:37,761.4990234,0,0
6/21/2026 10:42,778.0159912,0,0
6/21/2026 10:47,791.2130127,0,0
6/21/2026 10:52,804.6079712,0,0
6/21/2026 10:57,819.7329712,0,0
6/21/2026 11:02,831.7689819,0.001,0
6/21/2026 11:12,861.7189941,0,0
6/21/2026 11:18,873.6430054,0,0
6/21/2026 11:23,886.0830078,0,0
6/21/2026 11:33,903.9310303,0,0
6/21/2026 11:38,908.7059937,0,0
6/21/2026 11:43,921.8460083,0,0
6/21/2026 11:48,929.3120117,0,0
6/21/2026 11:53,938.9810181,0,0
6/21/2026 11:58,947.2550049,0,0
6/21/2026 12:03,950.585022,0,0
6/21/2026 12:08,956.085022,0,0
6/21/2026 12:13,960.8649902,0,0
6/21/2026 12:18,969.6890259,0,0
6/21/2026 12:23,974.1569824,0.001,0
6/21/2026 12:28,980.6719971,0,0
6/21/2026 12:33,984.8179932,0,0
6/21/2026 12:38,987.3950195,0,0
6/21/2026 12:43,993.0079956,0,0
6/21/2026 12:53,998.21698,0,0
6/21/2026 12:58,998.007019,0,0
6/21/2026 13:08,997.4099731,0,0
6/21/2026 13:13,999.2069702,0,0
6/21/2026 13:18,1001.505005,0,0
6/21/2026 13:23,999.5280151,0,0
6/21/2026 13:28,999.4359741,0,0
6/21/2026 13:57,991.4959717,0,0
6/21/2026 14:02,988.9990234,0,0
6/21/2026 14:07,984.3150024,0,0
6/21/2026 14:12,977.4400024,0,0
6/21/2026 14:17,971.8259888,0.001,0
6/21/2026 14:22,965.5310059,0,0
6/21/2026 14:27,961.2269897,0,0
6/21/2026 14:32,956.1619873,0,0
6/21/2026 14:37,950.90802,0,0
6/21/2026 14:47,936.0180054,0,0
6/21/2026 14:53,934.6190186,0,0
6/21/2026 14:58,1008.390991,0,0
6/21/2026 15:03,975.3699951,0,0
6/21/2026 15:08,961.4790039,0,0
6/21/2026 15:13,930.3060303,0,0
6/21/2026 15:18,914.7410278,0,0
6/21/2026 15:23,313.9890137,0,0
6/21/2026 15:28,595.5200195,0,0
6/21/2026 15:38,890.5469971,0,0
6/21/2026 15:43,253.3549957,0.001,0
6/21/2026 15:48,202.6719971,0,0
6/21/2026 15:53,162.6060028,0,0
6/21/2026 15:58,163.4400024,0.002,0
6/21/2026 16:03,232.177002,0,0
6/21/2026 16:08,221.378006,0,0
6/21/2026 16:13,228.197998,0,0
6/21/2026 16:18,338.7359924,0.001,0
6/21/2026 16:23,274.6170044,0,0
6/21/2026 16:33,226.7949982,-0.001,0
6/21/2026 16:38,150.4160004,-0.001,0
6/21/2026 16:48,99.19999695,0.001,0
6/21/2026 16:53,93.22100067,0.001,0
6/21/2026 16:58,93.95300293,0.002,0
6/21/2026 17:03,98.13300323,0.001,0
6/21/2026 17:08,107.163002,0,0
6/21/2026 17:13,180.9909973,-0.002,0
6/21/2026 17:19,390.0069885,0.001,0
6/21/2026 17:24,541.3510132,0,0
6/21/2026 17:29,593.164978,0,0
6/21/2026 17:39,575.7709961,0,0
6/21/2026 17:44,541.1829834,0,0
6/21/2026 17:49,520.223999,0,0
6/21/2026 17:59,241.1289978,-0.001,0
6/21/2026 18:04,170.7890015,0,0
6/21/2026 18:14,152.3820038,0,0
6/21/2026 18:19,148.2879944,-0.001,0
6/21/2026 18:24,143.5549927,-0.001,0
6/21/2026 18:29,143.529007,-0.001,0
6/21/2026 18:34,141.1920013,-0.003,0
6/21/2026 18:44,141.9060059,0.001,0
6/21/2026 18:49,143.7969971,0.003,0
6/21/2026 18:54,145.048996,-0.002,0
6/21/2026 18:59,146.1519928,0.002,0
6/21/2026 19:04,148.8730011,-0.001,0
6/21/2026 19:09,148.0630035,0.002,0
6/21/2026 19:14,143.5820007,0,0
6/21/2026 19:19,138.7409973,-0.001,0
6/21/2026 19:24,130.3569946,0.002,0
6/21/2026 19:29,122.5210037,0.004,0
6/21/2026 19:34,116.4609985,-0.004,0
6/21/2026 19:40,109.9089966,0,0
6/21/2026 19:45,103.4530029,0.001,0
6/21/2026 19:50,97.6210022,0.001,0
6/21/2026 19:55,92.45700073,0.001,0
6/21/2026 20:00,87.81099701,-0.002,0
6/21/2026 20:05,82.4960022,0.005,0
6/21/2026 20:15,72.28500366,-0.003,0
6/21/2026 20:20,66.34700012,-0.002,0
6/21/2026 20:25,58.38600159,-0.001,0
6/21/2026 20:30,52.89099884,0.003,0
6/21/2026 20:35,47.19800186,0.001,0
6/21/2026 20:40,40.75400162,-0.007,0
6/21/2026 20:45,35.09500122,-0.002,0
6/21/2026 20:50,29.40999985,0.001,0
6/21/2026 20:55,24.14100075,0.003,0
6/21/2026 21:00,19.2689991,-0.017000001,0
6/21/2026 21:05,15.06700039,0.015,0
6/21/2026 21:10,11.92500019,-0.006,0
6/21/2026 21:15,9.038000107,-0.039000001,0
6/21/2026 21:20,5.874000072,0.02,0
6/21/2026 21:25,4.044000149,-0.009,0
6/21/2026 21:30,1.819000006,-0.061000001,0
6/22/2026 5:40,1.819000006,-0.061000001,0
6/22/2026 5:45,5.31799984,0.007,0
6/22/2026 5:50,7.353000164,-0.048999999,0
6/22/2026 5:56,9.532999992,-0.028000001,0
6/22/2026 6:06,14.85099983,0.016000001,0
6/22/2026 6:11,17.46899986,-0.004,0
6/22/2026 6:16,20.1060009,-0.01,0
6/22/2026 6:21,22.42499924,-0.007,0
6/22/2026 6:26,26.00200081,-0.011,0
6/22/2026 6:36,30.89800072,-0.004,0
6/22/2026 6:41,32.93000031,0.004,0
6/22/2026 6:46,35.02399826,0.007,0
6/22/2026 6:51,36.98300171,0.004,0
6/22/2026 6:56,38.90299988,0.011,0
6/22/2026 7:01,41.20700073,0.002,0
6/22/2026 7:06,43.00099945,0.002,0
6/22/2026 7:11,44.83399963,0.004,0
6/22/2026 7:16,46.76300049,-0.002,0
6/22/2026 7:21,48.47999954,-0.004,0
6/22/2026 7:26,50.34600067,0.005,0
6/22/2026 7:31,52.1780014,0.001,0
6/22/2026 7:36,54.03499985,0.006,0
6/22/2026 7:41,55.7179985,-0.007,0
6/22/2026 7:46,58.65499878,-0.001,0
6/22/2026 7:51,61.93799973,0.004,0
6/22/2026 7:56,173.3139954,0,0
6/22/2026 8:01,233.4230042,-0.002,0
6/22/2026 8:06,249.9600067,-0.001,0
6/22/2026 8:16,285.5050049,0.001,0
6/22/2026 8:22,303.6289978,0,0
6/22/2026 8:32,339.1950073,0,0
6/22/2026 8:37,356.3999939,0.001,0
6/22/2026 8:42,374.3380127,-0.001,0
6/22/2026 8:47,394.572998,0,0
6/22/2026 8:52,411.7390137,0,0
6/22/2026 9:02,447.3739929,0,0
6/22/2026 9:07,466.6329956,0,0
6/22/2026 9:12,483.4609985,0,0
6/22/2026 9:17,502.0289917,-0.001,0
6/22/2026 9:22,520.6450195,-0.001,0
6/22/2026 9:27,539.3790283,0,0
6/22/2026 9:32,556.5570068,0,0
6/22/2026 9:37,570.3599854,0,0
6/22/2026 9:42,585.0419922,0,0
6/22/2026 9:47,601.5360107,0.001,0
6/22/2026 9:52,619.9910278,0,0
6/22/2026 9:57,638.5549927,0,0
6/22/2026 10:02,654.4979858,0,0
6/22/2026 10:07,673.0029907,0,0
6/22/2026 10:12,690.5900269,0,0
6/22/2026 10:17,706.4160156,0,0
6/22/2026 10:22,723.7990112,0,0
6/22/2026 10:27,733.0469971,0,0
6/22/2026 10:32,748.0269775,0,0
6/22/2026 10:37,764.59198,0,0
6/22/2026 10:43,780.2130127,0,0
6/22/2026 10:48,797.9359741,0,0
6/22/2026 10:53,807.6640015,0,0
6/22/2026 10:58,824.5510254,0,0
6/22/2026 11:03,837.710022,0,0
6/22/2026 11:08,851.2050171,0,0
6/22/2026 11:13,860.6030273,0,0
6/22/2026 11:18,876.2490234,0,0
6/22/2026 11:28,902.2139893,0,0
6/22/2026 11:33,909.4249878,0,0
6/22/2026 11:38,920.1810303,0,0
6/22/2026 11:43,933.4949951,0.001,0
6/22/2026 11:48,942.6810303,0,0
6/22/2026 11:53,950.0170288,0,0
6/22/2026 11:58,960.2529907,0,0
6/22/2026 12:03,961.7969971,0,0
6/22/2026 12:08,973.382019,0,0
6/22/2026 12:13,974.3770142,0,0
6/22/2026 12:18,985.0109863,0,0
6/22/2026 12:23,990.6480103,0,0
6/22/2026 12:28,999.6339722,0,0
6/22/2026 12:33,994.1779785,0,0
6/22/2026 12:38,992.4240112,0,0
6/22/2026 12:43,993.697998,0,0
6/22/2026 12:48,992.085022,0,0
6/22/2026 12:53,993.0289917,0,0
6/22/2026 12:58,997.0360107,0,0
6/22/2026 13:03,994.9210205,0,0
6/22/2026 13:09,1000.965027,0,0
6/22/2026 13:14,999.7230225,0,0
6/22/2026 13:19,999.6879883,0,0
6/22/2026 13:24,999.8289795,0,0
6/22/2026 13:29,993.4329834,0,0
6/22/2026 13:56,981.5059814,0,0
6/22/2026 14:01,974.2650146,0,0
6/22/2026 14:06,968.6220093,0,0
6/22/2026 14:12,957.5629883,0,0
6/22/2026 14:17,957.427002,0,0
6/22/2026 14:22,959.4760132,0,0
6/22/2026 14:27,952.164978,0,0
6/22/2026 14:32,953.1630249,0,0
6/22/2026 14:42,938.5560303,0,0
6/22/2026 14:47,928.9680176,0,0
6/22/2026 14:52,910.0869751,0,0
6/22/2026 14:57,900.085022,0,0
6/22/2026 15:02,899.5570068,0,0
6/22/2026 15:07,887.8189697,0,0
6/22/2026 15:12,877.1279907,0,0
6/22/2026 15:17,871.8330078,0,0
6/22/2026 15:22,857.5650024,0,0
6/22/2026 15:27,861.7880249,0,0
6/22/2026 15:32,856.1069946,0,0
6/22/2026 15:37,843.7579956,0,0
6/22/2026 15:42,831.4860229,0,0
6/22/2026 15:47,812.5689697,0,0
6/22/2026 15:52,801.0670166,0,0
6/22/2026 15:57,789.4719849,0,0
6/22/2026 16:02,775.2940063,0,0
6/22/2026 16:07,756.7910156,0,0
6/22/2026 16:12,745.4559937,0,0
6/22/2026 16:17,735.0540161,0,0
6/22/2026 16:22,720.7360229,0,0
6/22/2026 16:27,699.5360107,0,0
6/22/2026 16:32,677.0430298,0,0
6/22/2026 16:38,667.7849731,0,0
6/22/2026 16:43,646.1900024,0,0
6/22/2026 16:48,637.1820068,0.001,0
6/22/2026 16:53,578.2969971,0,0
6/22/2026 16:58,426.0859985,-0.001,0
6/22/2026 17:03,517.8010254,0,0
6/22/2026 17:08,581.6370239,0,0
6/22/2026 17:13,551.809021,-0.001,0
6/22/2026 17:18,538.0640259,0,0
6/22/2026 17:23,507.730011,0,0
6/22/2026 17:28,450.0480042,0,0
6/22/2026 17:33,350.5939941,-0.001,0
6/22/2026 17:38,478.7590027,0,0
6/22/2026 17:43,449.8330078,0.001,0
6/22/2026 17:48,426.5849915,-0.001,0
6/22/2026 17:53,405.6960144,0,0
6/22/2026 17:58,350.9570007,0.001,0
6/22/2026 18:03,78.97499847,-0.002,0
6/22/2026 18:08,79.41699982,0.001,0
6/22/2026 18:13,82.14499664,0.001,0
6/22/2026 18:18,84.76000214,0,0
6/22/2026 18:23,87.77500153,0.001,0
6/22/2026 18:28,88.97100067,0,0
6/22/2026 18:33,89.86100006,-0.003,0
6/22/2026 18:38,85.26899719,0,0
6/22/2026 18:43,81.93399811,-0.002,0
6/22/2026 18:48,79.09700012,-0.002,0
6/22/2026 18:53,76.88500214,-0.001,0
6/22/2026 18:59,77.54699707,0.003,0
6/22/2026 19:04,80.27200317,0.002,0
6/22/2026 19:09,81.89700317,-0.005,0
6/22/2026 19:14,73.91300201,0.004,0
6/22/2026 19:24,58.15299988,0.004,0
6/22/2026 19:29,57.45700073,-0.008,0
6/22/2026 19:34,57.12200165,-0.001,0
6/22/2026 19:39,56.39300156,-0.005,0
6/22/2026 19:44,60.83399963,0.004,0
6/22/2026 19:49,64.69499969,-0.003,0
6/22/2026 19:54,62.84999847,-0.001,0
6/22/2026 19:59,58.58499908,0.001,0
6/22/2026 20:04,53.5359993,-0.003,0
6/22/2026 20:09,48.10300064,-0.006,0
6/22/2026 20:14,42.86600113,-0.011,0
6/22/2026 20:19,37.8030014,-0.003,0
6/22/2026 20:24,30.71500015,0.003,0
6/22/2026 20:29,26.89599991,0.016000001,0
6/22/2026 20:34,24.12899971,-0.007,0
6/22/2026 20:39,21.73399925,0.011,0
6/22/2026 20:44,19.40800095,-0.006,0
6/22/2026 20:49,16.95100021,0.023,0
6/22/2026 20:59,11.88300037,0.023,0
6/22/2026 21:04,9.859000206,-0.027000001,0
6/22/2026 21:09,8.055000305,0.018999999,0
6/22/2026 21:14,6.227000237,-0.056000002,0
6/22/2026 21:19,4.349999905,0.134000003,0
6/22/2026 21:25,2.615999937,0.055,0
6/22/2026 21:30,1.18599999,-0.055,0
6/23/2026 5:41,1.18599999,-0.055,0
6/23/2026 5:46,5.25,-0.068999998,0
6/23/2026 5:51,7.221000195,0.006,0
6/23/2026 5:56,9.270000458,-0.039999999,0
6/23/2026 6:01,11.53800011,-0.018999999,0
6/23/2026 6:06,13.92000008,-0.017000001,0
6/23/2026 6:11,16.80900002,0.037,0
6/23/2026 6:16,19.40999985,-0.016000001,0
6/23/2026 6:21,21.65699959,-0.004,0
6/23/2026 6:26,24.92099953,0.006,0
6/23/2026 6:31,27.49699974,0.003,0
6/23/2026 6:36,30.04599953,0.002,0
6/23/2026 6:41,32.3219986,0.002,0
6/23/2026 6:46,34.93500137,0.008,0
6/23/2026 6:51,37.26200104,0.009,0
6/23/2026 6:56,39.20999908,0.004,0
6/23/2026 7:01,40.98300171,0.002,0
6/23/2026 7:06,43.02700043,0.004,0
6/23/2026 7:11,45.07699966,0.002,0
6/23/2026 7:16,47.02700043,-0.002,0
6/23/2026 7:21,48.98600006,-0.001,0
6/23/2026 7:26,51.34899902,-0.002,0
6/23/2026 7:31,53.54499817,-0.008,0
6/23/2026 7:36,55.54700089,-0.003,0
6/23/2026 7:41,57.74599838,0.003,0
6/23/2026 7:46,59.91999817,-0.001,0
6/23/2026 7:52,62.50699997,-0.004,0
6/23/2026 7:57,145.322998,0.001,0
6/23/2026 8:02,227.197998,-0.001,0
6/23/2026 8:07,244.4850006,0,0
6/23/2026 8:12,259.4880066,0.001,0
6/23/2026 8:17,278.0920105,0,0
6/23/2026 8:22,295.3370056,-0.001,0
6/23/2026 8:27,312.6929932,0,0
6/23/2026 8:32,332.105011,0,0
6/23/2026 8:37,348.6149902,0.001,0
6/23/2026 8:42,365.5310059,-0.001,0
6/23/2026 8:47,383.8670044,-0.001,0
6/23/2026 8:52,401.8580017,0,0
6/23/2026 8:57,418.776001,0,0
6/23/2026 9:02,436.6170044,-0.001,0
6/23/2026 9:07,446.9299927,0,0
6/23/2026 9:12,471.3900146,0.001,0
6/23/2026 9:17,487.071991,0,0
6/23/2026 9:22,501.8460083,0,0
6/23/2026 9:27,521.0640259,0,0
6/23/2026 9:32,538.1229858,-0.001,0
6/23/2026 9:42,572.3709717,0,0
6/23/2026 9:47,586.4229736,0,0
6/23/2026 9:52,605.414978,0,0
6/23/2026 9:57,622.3150024,-0.001,0
6/23/2026 10:02,636.4899902,0,0
6/23/2026 10:12,667.0050049,0,0
6/23/2026 10:23,698.1119995,0,0
6/23/2026 10:28,703.1309814,0,0
6/23/2026 10:33,721.6060181,0,0
6/23/2026 10:38,733.2730103,0,0
6/23/2026 10:43,736.4879761,0,0
6/23/2026 10:48,778.1569824,0,0
6/23/2026 10:53,792.039978,0,0
6/23/2026 10:58,807.8629761,0,0
6/23/2026 11:03,822.8709717,0,0
6/23/2026 11:08,830.427002,0,0
6/23/2026 11:13,845.25,0,0
6/23/2026 11:18,857.927002,0,0
6/23/2026 11:23,870.4210205,0,0
6/23/2026 11:28,879.5289917,0,0
6/23/2026 11:33,885.3779907,0,0
6/23/2026 11:38,900.2709961,0,0
6/23/2026 11:43,916.1350098,0,0
6/23/2026 11:48,924.7659912,0,0
6/23/2026 11:53,932.4299927,0,0
6/23/2026 11:58,939.6900024,0,0
6/23/2026 12:03,948.8400269,0,0
6/23/2026 12:08,953.1359863,0,0
6/23/2026 12:18,960.0339966,0,0
6/23/2026 12:23,964.8049927,0,0
6/23/2026 12:28,966.8109741,0,0
6/23/2026 12:33,983.1149902,0,0
6/23/2026 12:39,994.1740112,0,0
6/23/2026 12:44,1005.408997,0,0
6/23/2026 12:49,1011.224976,0,0
6/23/2026 12:54,1007.815002,0,0
6/23/2026 12:59,1011.728027,0,0
6/23/2026 13:04,985.7839966,0,0
6/23/2026 13:09,993.8560181,0,0
6/23/2026 13:14,994.8549805,0,0
6/23/2026 13:19,994.3289795,0,0
6/23/2026 13:24,1001.879028,0,0
6/23/2026 13:29,997.3920288,0,0
6/23/2026 13:53,997.9019775,0,0
6/23/2026 13:58,988.3449707,0,0
6/23/2026 14:03,988.4019775,0,0
6/23/2026 14:08,986.7769775,0,0
6/23/2026 14:13,973.3779907,0,0
6/23/2026 14:18,980.1929932,0,0
6/23/2026 14:23,973.473999,0,0
6/23/2026 14:28,970.7750244,0,0
6/23/2026 14:38,945.1699829,0,0
6/23/2026 14:43,945.9379883,0,0
6/23/2026 14:48,946.8510132,0,0
6/23/2026 14:53,943.0980225,0,0
6/23/2026 14:58,910.4639893,0,0
6/23/2026 15:03,897.5219727,0,0
6/23/2026 15:08,881.1060181,0,0
6/23/2026 15:13,873.7509766,0,0
6/23/2026 15:18,881.6719971,0,0
6/23/2026 15:23,867.3779907,0,0
6/23/2026 15:28,850.71698,0,0
6/23/2026 15:33,843.3540039,0,0
6/23/2026 15:38,810.8619995,0,0
6/23/2026 15:43,804.1859741,0,0
6/23/2026 15:48,800.6149902,0,0
6/23/2026 15:53,836.0369873,0,0
6/23/2026 15:58,851.8389893,0,0
6/23/2026 16:03,830.3060303,0,0
6/23/2026 16:08,122.711998,-0.001,0
6/23/2026 16:14,269.4020081,0.001,0
6/23/2026 16:19,791.0780029,0,0
6/23/2026 16:24,181.6799927,0,0
6/23/2026 16:29,577.2249756,0,0
6/23/2026 16:34,639.7600098,0,0
6/23/2026 16:39,536.8499756,0,0
6/23/2026 16:44,465.2070007,0,0
6/23/2026 16:49,290.8529968,0.001,0
6/23/2026 16:54,187.2129974,-0.001,0
6/23/2026 16:59,191.3350067,-0.001,0
6/23/2026 17:04,188.470993,0.001,0
6/23/2026 17:09,184.1900024,-0.001,0
6/23/2026 17:14,182.6529999,0.001,0
6/23/2026 17:19,179.4329987,0.002,0
6/23/2026 17:24,197.6049957,-0.003,0
6/23/2026 17:29,216.0050049,-0.001,0
6/23/2026 17:34,241.2630005,-0.001,0
6/23/2026 17:39,255.6869965,0.001,0
6/23/2026 17:44,279.8500061,0,0
6/23/2026 17:49,252.1060028,0,0
6/23/2026 17:54,319.8699951,0,0
6/23/2026 18:04,212.5299988,0.001,0
6/23/2026 18:09,202.0310059,-0.001,0
6/23/2026 18:14,192.951004,0.001,0
6/23/2026 18:19,185.4629974,-0.001,0
6/23/2026 18:24,178.6170044,0.001,0
6/23/2026 18:29,173.3300018,0.001,0
6/23/2026 18:35,165.3809967,0.003,0
6/23/2026 18:40,155.003006,0,0
6/23/2026 18:45,147.848999,-0.001,0
6/23/2026 18:50,143.7830048,0.001,0
6/23/2026 18:55,139.798996,-0.001,0
6/23/2026 19:00,132.0950012,0.002,0
6/23/2026 19:05,128.1580048,0.001,0
6/23/2026 19:10,126.5920029,0,0
6/23/2026 19:15,124.2170029,0.002,0
6/23/2026 19:20,121.1220016,-0.001,0
6/23/2026 19:30,120.8789978,-0.002,0
6/23/2026 19:35,117.9209976,-0.003,0
6/23/2026 19:40,111.3180008,0,0
6/23/2026 19:45,103.939003,0.001,0
6/23/2026 19:50,94.43000031,-0.003,0
6/23/2026 20:00,77.40699768,0.001,0
6/23/2026 20:05,70.93699646,0.004,0
6/23/2026 20:10,65.55200195,-0.001,0
6/23/2026 20:15,60.50699997,0.001,0
6/23/2026 20:20,52.59199905,0.001,0
6/23/2026 20:25,45.16899872,-0.005,0
6/23/2026 20:30,39.22100067,-0.004,0
6/23/2026 20:35,35.0530014,0.008,0
6/23/2026 20:40,30.86199951,0.004,0
6/23/2026 20:45,26.84499931,0.007,0
6/23/2026 20:50,22.11700058,0.016000001,0
6/23/2026 20:56,17.56100082,0.032000002,0
6/23/2026 21:01,14.64599991,0.008,0
6/23/2026 21:06,11.96800041,0.017000001,0
6/23/2026 21:11,9.413999557,-0.004,0
6/23/2026 21:16,6.622000217,-0.024,0
6/23/2026 21:21,4.506999969,-0.057999998,0
6/23/2026 21:26,2.880000114,0.086999997,0
6/23/2026 21:31,1.699000001,0.037999999,0
6/24/2026 5:41,1.699000001,0.037999999,0
6/24/2026 5:46,4.90199995,-0.103,0
6/24/2026 5:51,6.797999859,-0.006,0
6/24/2026 5:56,9.01099968,-0.017000001,0
6/24/2026 6:01,11.13399982,-0.017999999,0
6/24/2026 6:06,13.75800037,-0.028999999,0
6/24/2026 6:11,16.2329998,0.014,0
6/24/2026 6:16,19.14999962,-0.004,0
6/24/2026 6:21,21.46500015,-0.013,0
6/24/2026 6:26,24.95499992,-0.005,0
6/24/2026 6:31,27.96100044,0.003,0
6/24/2026 6:36,30.50499916,-0.006,0
6/24/2026 6:41,32.64300156,-0.001,0
6/24/2026 6:46,35.0719986,0.002,0
6/24/2026 6:51,37.57099915,0.005,0
6/24/2026 7:01,42.11899948,-0.001,0
6/24/2026 7:06,44.44800186,-0.005,0
6/24/2026 7:11,46.69900131,0.001,0
6/24/2026 7:16,48.86199951,-0.003,0
6/24/2026 7:21,51.2159996,-0.002,0
6/24/2026 7:26,53.60200119,0.002,0
6/24/2026 7:32,55.7820015,-0.009,0
6/24/2026 7:37,57.86899948,0.002,0
6/24/2026 7:42,60.31800079,-0.001,0
6/24/2026 7:47,62.47299957,0.002,0
6/24/2026 7:52,64.72799683,0.004,0
6/24/2026 8:02,224.0460052,0.001,0
6/24/2026 8:17,276.1919861,0,0
6/24/2026 8:22,293.2269897,0,0
6/24/2026 8:27,310.678009,0.001,0
6/24/2026 8:32,328.5169983,0.001,0
6/24/2026 8:37,347.3649902,-0.001,0
6/24/2026 8:42,365.1059875,0,0
6/24/2026 8:47,382.6380005,0.001,0
6/24/2026 8:52,400.4429932,0,0
6/24/2026 8:57,418.553009,0.001,0
6/24/2026 9:02,435.6480103,-0.001,0
6/24/2026 9:07,453.6080017,0.001,0
6/24/2026 9:12,467.3280029,0,0
6/24/2026 9:17,484.8370056,0.001,0
6/24/2026 9:22,503.6140137,0,0
6/24/2026 9:27,520.8300171,0,0
6/24/2026 9:32,538.0800171,0.001,0
6/24/2026 9:37,553.7709961,0,0
6/24/2026 9:42,570.4229736,0,0
6/24/2026 9:47,586.1500244,0,0
6/24/2026 9:53,607.8829956,0,0
6/24/2026 9:58,621.2390137,0,0
6/24/2026 10:03,639.7260132,0,0
6/24/2026 10:08,654.0250244,0,0
6/24/2026 10:13,673.3469849,0,0
6/24/2026 10:18,687.4940186,0,0
6/24/2026 10:23,704.3699951,0,0
6/24/2026 10:28,722.0910034,0,0
6/24/2026 10:33,741.0020142,0,0
6/24/2026 10:38,754.6240234,0,0
6/24/2026 10:43,769.9030151,0,0
6/24/2026 10:48,787.0170288,0,0
6/24/2026 10:53,795.2180176,0,0
6/24/2026 10:58,811.5889893,0,0
6/24/2026 11:03,827.242981,0,0
6/24/2026 11:08,842.242981,0,0
6/24/2026 11:13,853.7230225,0,0
6/24/2026 11:18,865.5339966,0.001,0
6/24/2026 11:23,880.3270264,0,0
6/24/2026 11:28,889.2529907,0,0
6/24/2026 11:33,899.6090088,0,0
6/24/2026 11:38,907.7670288,0,0
6/24/2026 11:43,920.4210205,0,0
6/24/2026 11:53,940.1669922,0,0
6/24/2026 11:58,945.3330078,0,0
6/24/2026 12:03,955.9000244,0,0
6/24/2026 12:08,962.7930298,0,0
6/24/2026 12:14,966.9749756,0,0
6/24/2026 12:19,976.6069946,0,0
6/24/2026 12:24,977.5679932,0,0
6/24/2026 12:29,987.7420044,0,0
6/24/2026 12:34,987.3939819,0,0
6/24/2026 12:39,993.0319824,0,0
6/24/2026 12:44,993.0189819,0,0
6/24/2026 12:49,997.5629883,0,0
6/24/2026 12:54,992.1669922,0,0
6/24/2026 12:59,997.4879761,0,0
6/24/2026 13:04,995.3829956,0,0
6/24/2026 13:09,995.6409912,0,0
6/24/2026 13:14,985.039978,0,0
6/24/2026 13:24,989.7709961,0,0
6/24/2026 13:29,986.7039795,0,0
6/24/2026 13:52,979.9860229,0,0
6/24/2026 13:57,972.1900024,0,0
6/24/2026 14:02,970.585022,0,0
6/24/2026 14:07,963.2069702,0,0
6/24/2026 14:12,967.6989746,0.001,0
6/24/2026 14:17,958.8480225,0,0
6/24/2026 14:22,954.0239868,0,0
6/24/2026 14:27,948.7420044,0,0
6/24/2026 14:32,939.7150269,0,0
6/24/2026 14:37,934.2080078,0,0
6/24/2026 14:42,928.7410278,0,0
6/24/2026 14:47,925.098999,0,0
6/24/2026 14:52,919.2249756,0,0
6/24/2026 14:57,907.8889771,0,0
6/24/2026 15:02,904.1099854,0,0
6/24/2026 15:07,902.1710205,0.001,0
6/24/2026 15:12,884.1229858,0,0
6/24/2026 15:22,869.2890015,0,0
6/24/2026 15:28,857.4379883,0,0
6/24/2026 15:33,844.6389771,0,0
6/24/2026 15:38,836.757019,0,0
6/24/2026 15:43,819.4630127,0,0
6/24/2026 15:48,813.0239868,0,0
6/24/2026 15:53,792.4689941,0,0
6/24/2026 15:58,793.2910156,0,0
6/24/2026 16:03,763.6290283,0,0
6/24/2026 16:08,756.4550171,0,0
6/24/2026 16:13,739.7810059,0,0
6/24/2026 16:18,732.7039795,0,0
6/24/2026 16:23,711.5889893,0,0
6/24/2026 16:28,690.6450195,0,0
6/24/2026 16:33,683.0100098,0,0
6/24/2026 16:38,667.3950195,0.001,0
6/24/2026 16:43,647.8969727,0,0
6/24/2026 16:48,640.9710083,0.001,0
6/24/2026 16:53,624.9829712,0,0
6/24/2026 16:58,604.6669922,0,0
6/24/2026 17:03,585.710022,0.001,0
6/24/2026 17:08,563.1110229,0,0
6/24/2026 17:13,551.2249756,0,0
6/24/2026 17:18,522.848999,-0.001,0
6/24/2026 17:23,510.0090027,0,0
6/24/2026 17:28,495.8770142,0,0
6/24/2026 17:33,477.125,-0.001,0
6/24/2026 17:38,457.8150024,0,0
6/24/2026 17:43,426.6889954,-0.001,0
6/24/2026 17:49,265.7059937,0,0
6/24/2026 17:54,395.7030029,0,0
6/24/2026 17:59,337.2789917,-0.001,0
6/24/2026 18:04,76.01100159,-0.002,0
6/24/2026 18:09,73.18199921,-0.002,0
6/24/2026 18:14,72.1740036,-0.002,0
6/24/2026 18:19,70.51399994,0.003,0
6/24/2026 18:24,69.15200043,0.004,0
6/24/2026 18:29,67.75900269,0.001,0
6/24/2026 18:34,66.09500122,0.001,0
6/24/2026 18:39,64.35900116,-0.002,0
6/24/2026 18:44,62.13600159,-0.006,0
6/24/2026 18:49,60.5530014,-0.006,0
6/24/2026 18:54,60.20800018,0.003,0
6/24/2026 18:59,59.27799988,-0.004,0
6/24/2026 19:04,58.03099823,-0.003,0
6/24/2026 19:09,56.67399979,0.003,0
6/24/2026 19:14,55.36199951,-0.002,0
6/24/2026 19:19,54.54399872,0.001,0
6/24/2026 19:24,53.43799973,0.001,0
6/24/2026 19:29,53.23400116,0.001,0
6/24/2026 19:34,51.61399841,-0.001,0
6/24/2026 19:39,50.63499832,0.001,0
6/24/2026 19:44,49.2820015,0.009,0
6/24/2026 19:54,46.54600143,0.005,0
6/24/2026 19:59,44.68099976,-0.006,0
6/24/2026 20:04,43.18700027,-0.004,0
6/24/2026 20:10,42.13499832,0.009,0
6/24/2026 20:15,40.60699844,-0.002,0
6/24/2026 20:20,38.8030014,0.01,0
6/24/2026 20:25,34.35400009,0.005,0
6/24/2026 20:30,31.97299957,-0.003,0
6/24/2026 20:35,29.57699966,-0.008,0
6/24/2026 20:40,26.94400024,-0.009,0
6/24/2026 20:45,24.37700081,0.017000001,0
6/24/2026 20:50,21.4640007,-0.009,0
6/24/2026 20:55,18.70100021,-0.002,0
6/24/2026 21:05,13.26500034,-0.003,0
6/24/2026 21:10,10.74100018,0.025,0
6/24/2026 21:15,8.236000061,-0.014,0
6/24/2026 21:20,5.90899992,0.026000001,0
6/24/2026 21:25,3.611000061,-0.054000001,0
6/24/2026 21:30,2.257999897,0.034000002,0
6/25/2026 5:42,2.257999897,0.034000002,0
6/25/2026 5:47,5.879000187,0.007,0
6/25/2026 5:52,7.877999783,0.050999999,0
6/25/2026 5:57,9.862999916,0.008,0
6/25/2026 6:02,11.87199974,0.003,0
6/25/2026 6:07,13.86299992,0.022,0
6/25/2026 6:12,16.0909996,0.016000001,0
6/25/2026 6:17,18.92499924,0.008,0
6/25/2026 6:22,21.30900002,-0.009,0
6/25/2026 6:32,27.2689991,-0.004,0
6/25/2026 6:37,29.4470005,-0.005,0
6/25/2026 6:42,31.13100052,0.014,0
6/25/2026 6:47,33.2480011,-0.01,0
6/25/2026 6:57,36.95299911,0.003,0
6/25/2026 7:02,38.70899963,-0.001,0
6/25/2026 7:07,40.29299927,0.002,0
6/25/2026 7:12,42.09000015,-0.001,0
6/25/2026 7:23,45.41500092,0.001,0
6/25/2026 7:28,46.95800018,0.003,0
6/25/2026 7:33,48.26599884,0.004,0
6/25/2026 7:38,49.9679985,-0.002,0
6/25/2026 7:43,51.84199905,-0.001,0
6/25/2026 7:48,53.58599854,-0.007,0
6/25/2026 7:58,111.9039993,0.002,0
6/25/2026 8:03,185.654007,0.001,0
6/25/2026 8:18,297.131012,-0.001,0
6/25/2026 8:23,314.9519958,0.001,0
6/25/2026 8:28,332.7659912,0,0
6/25/2026 8:33,350.6080017,0,0
6/25/2026 8:38,367.4689941,-0.001,0
6/25/2026 8:48,402.868988,0,0
6/25/2026 8:53,420.5899963,0,0
6/25/2026 8:58,438.3519897,0,0
6/25/2026 9:03,457.0889893,0,0
6/25/2026 9:08,476.5830078,0,0
6/25/2026 9:13,493.348999,0,0
6/25/2026 9:18,511.7780151,0.001,0
6/25/2026 9:23,528.3449707,0,0
6/25/2026 9:28,547.9869995,0,0
6/25/2026 9:33,564.2150269,0,0
6/25/2026 9:39,579.8660278,0,0
6/25/2026 9:44,596.3029785,0,0
6/25/2026 9:49,613.848999,0,0
6/25/2026 9:54,631.4169922,0,0
6/25/2026 9:59,648.3610229,0,0
6/25/2026 10:04,665.3660278,0,0
6/25/2026 10:09,681.3839722,0,0
6/25/2026 10:19,715.0009766,0,0
6/25/2026 10:24,731.9429932,0,0
6/25/2026 10:29,746.1170044,0,0
6/25/2026 10:34,760.8590088,0,0
6/25/2026 10:39,775.3179932,0,0
6/25/2026 10:44,790.4780273,0,0
6/25/2026 10:49,804.4390259,0,0
6/25/2026 10:54,819.1309814,0,0
6/25/2026 10:59,832.210022,0,0
6/25/2026 11:04,846.2299805,0,0
6/25/2026 11:09,857.3380127,0,0
6/25/2026 11:14,870.2960205,0,0
6/25/2026 11:19,881.7650146,0,0
6/25/2026 11:24,893.9680176,0,0
6/25/2026 11:29,906.2730103,0,0
6/25/2026 11:34,919.242981,0,0
6/25/2026 11:39,931.1630249,0,0
6/25/2026 11:44,939.6959839,0,0
6/25/2026 11:49,951.1279907,0,0
6/25/2026 11:54,957.1359863,0,0
6/25/2026 11:59,966.6879883,0,0
6/25/2026 12:10,980.9509888,0,0
6/25/2026 12:15,987.0419922,0,0
6/25/2026 12:20,994.2160034,0,0
6/25/2026 12:25,999.8430176,0,0
6/25/2026 12:30,1003.091003,0,0
6/25/2026 12:35,1003.062012,0,0
6/25/2026 12:40,1007.646973,0,0
6/25/2026 12:45,1008.518005,0,0
6/25/2026 12:50,1007.521973,0,0
6/25/2026 12:55,1009.174988,0,0
6/25/2026 13:00,1009.172974,0,0
6/25/2026 13:05,1007.588989,0,0
6/25/2026 13:10,1006.968018,0,0
6/25/2026 13:15,1004.609985,0,0
6/25/2026 13:20,1004.947021,0,0
6/25/2026 13:25,1005.91803,0,0
6/25/2026 13:30,1005.640991,0,0
6/25/2026 13:53,991.1149902,0,0
6/25/2026 13:58,987.940979,0,0
6/25/2026 14:13,976.5360107,-0.001,0
6/25/2026 14:18,972.6099854,0,0
6/25/2026 14:28,963.2849731,0,0
6/25/2026 14:33,956.815979,0,0
6/25/2026 14:38,950.8980103,0,0
6/25/2026 14:43,943.0629883,0,0
6/25/2026 14:48,933.8380127,0,0
6/25/2026 14:53,925.7650146,0,0
6/25/2026 14:58,917.5200195,0,0
6/25/2026 15:03,909.3759766,0,0
6/25/2026 15:08,902.0689697,0,0
6/25/2026 15:13,895.2030029,0,0
6/25/2026 15:23,871.5269775,0,0
6/25/2026 15:29,861.7139893,0,0
6/25/2026 15:34,856.1119995,0,0
6/25/2026 15:39,844.4089966,0,0
6/25/2026 15:44,831.8930054,0,0
6/25/2026 15:49,820.7219849,0,0
6/25/2026 15:54,808.4569702,0,0
6/25/2026 15:59,796.5969849,0,0
6/25/2026 16:04,791.5269775,0,0
6/25/2026 16:09,774.96698,0,0
6/25/2026 16:14,762.7609863,0,0
6/25/2026 16:19,751.8010254,0,0
6/25/2026 16:24,739.5050049,0,0
6/25/2026 16:29,727.7969971,0.001,0
6/25/2026 16:34,715.3510132,0,0
6/25/2026 16:39,709.539978,0,0
6/25/2026 16:44,694.1259766,-0.001,0
6/25/2026 16:49,688.21698,0,0
6/25/2026 16:54,679.5900269,0,0
6/25/2026 16:59,673.0369873,0,0
6/25/2026 17:04,616.3150024,0,0
6/25/2026 17:09,638.53302,0,0
6/25/2026 17:14,583.0460205,0,0
6/25/2026 17:24,461.2160034,0.001,0
6/25/2026 17:29,456.394989,-0.001,0
6/25/2026 17:34,274.7409973,0,0
6/25/2026 17:39,286.5920105,0,0
6/25/2026 17:44,321.3139954,0,0
6/25/2026 17:50,271.381012,0,0
6/25/2026 17:55,352.980011,0,0
6/25/2026 18:00,264.5660095,-0.001,0
6/25/2026 18:05,229.2579956,0,0
6/25/2026 18:10,206.2550049,0,0
6/25/2026 18:15,184.6130066,0,0
6/25/2026 18:20,173.9100037,-0.001,0
6/25/2026 18:25,160.5709991,-0.003,0
6/25/2026 18:30,145.4349976,0.003,0
6/25/2026 18:35,134.0269928,-0.003,0
6/25/2026 18:40,124.2559967,0.001,0
6/25/2026 18:50,110.3499985,-0.002,0
6/25/2026 18:55,104.3929977,-0.001,0
6/25/2026 19:00,98.89600372,0.003,0
6/25/2026 19:10,89.59300232,-0.003,0
6/25/2026 19:15,84.15100098,0.001,0
6/25/2026 19:20,78.5759964,0.001,0
6/25/2026 19:25,72.28600311,-0.001,0
6/25/2026 19:30,66.39299774,-0.002,0
6/25/2026 19:35,61.57600021,0.008,0
6/25/2026 19:40,56.67900085,0.002,0
6/25/2026 19:45,52.62900162,0.003,0
6/25/2026 19:50,49.00799942,0.007,0
6/25/2026 19:55,45.24300003,0.003,0
6/25/2026 20:00,41.36800003,-0.001,0
6/25/2026 20:05,38.65499878,0.007,0
6/25/2026 20:11,36.60900116,-0.003,0
6/25/2026 20:16,34.63800049,-0.003,0
6/25/2026 20:21,33.04700089,0.003,0
6/25/2026 20:26,30.7859993,0.004,0
6/25/2026 20:31,27.95700073,0.01,0
6/25/2026 20:36,25.59600067,0.003,0
6/25/2026 20:41,23.24300003,-0.01,0
6/25/2026 20:46,20.36100006,0.008,0
6/25/2026 20:51,15.84000015,0.008,0
6/25/2026 20:56,12.04599953,-0.013,0
6/25/2026 21:01,8.968999863,0.035,0
6/25/2026 21:06,6.977000237,0.028000001,0
6/25/2026 21:16,4.186999798,0.017999999,0
6/25/2026 21:21,3.101999998,0.039000001,0
6/25/2026 21:26,3.023000002,0.013,0
6/25/2026 21:31,3.161000013,0.048999999,0
6/26/2026 5:42,3.161000013,0.048999999,0
6/26/2026 5:47,5.046999931,0.054000001,0
6/26/2026 5:52,6.656000137,-0.037999999,0
6/26/2026 5:57,9.059000015,0.013,0
6/26/2026 6:02,12.26299953,-0.021,0
6/26/2026 6:07,15.47900009,-0.008,0
6/26/2026 6:12,19.64100075,0.024,0
6/26/2026 6:22,30.96899986,0.004,0
6/26/2026 6:27,38.43199921,-0.004,0
6/26/2026 6:32,46.15200043,0.003,0
6/26/2026 6:42,59.27500153,-0.001,0
6/26/2026 6:47,62.07699966,-0.003,0
6/26/2026 6:57,61.88000107,0.007,0
6/26/2026 7:08,58.79299927,-0.005,0
6/26/2026 7:13,57.81000137,-0.005,0
6/26/2026 7:18,58.61000061,-0.007,0
6/26/2026 7:23,59.21099854,-0.001,0
6/26/2026 7:28,60.01599884,-0.002,0
6/26/2026 7:33,60.84899902,0.002,0
6/26/2026 7:38,62.01100159,-0.001,0
6/26/2026 7:43,63.42499924,-0.001,0
6/26/2026 7:48,64.73100281,0.001,0
6/26/2026 7:53,66.6969986,0.002,0
6/26/2026 7:58,199.8950043,0.001,0
6/26/2026 8:03,216.6260071,-0.001,0
6/26/2026 8:08,231.9980011,0.001,0
6/26/2026 8:13,250.1499939,-0.001,0
6/26/2026 8:18,268.7659912,0.002,0
6/26/2026 8:23,290.0589905,-0.001,0
6/26/2026 8:28,309.696991,0,0
6/26/2026 8:33,330.2789917,0,0
6/26/2026 8:38,349.6229858,0.001,0
6/26/2026 8:43,367.6960144,0,0
6/26/2026 8:48,386.1459961,0.001,0
6/26/2026 8:53,404.2900085,0.001,0
6/26/2026 8:58,421.6809998,0,0
6/26/2026 9:03,436.9670105,0.001,0
6/26/2026 9:08,455.9979858,-0.001,0
6/26/2026 9:13,472.802002,0,0
6/26/2026 9:18,490.8909912,0,0
6/26/2026 9:23,504.9440002,0,0
6/26/2026 9:28,517.8049927,0,0
6/26/2026 9:34,527.5250244,0,0
6/26/2026 9:39,539.4619751,0,0
6/26/2026 9:44,558.1209717,0,0
6/26/2026 9:49,581.8499756,0,0
6/26/2026 9:54,595.5949707,0,0
6/26/2026 9:59,611.1870117,0,0
6/26/2026 10:04,615.9219971,0,0
6/26/2026 10:09,625.5980225,0,0
6/26/2026 10:14,653.4559937,0,0
6/26/2026 10:19,656.6859741,0,0
6/26/2026 10:24,676.75,0,0
6/26/2026 10:29,679.6480103,0.001,0
6/26/2026 10:34,712.5869751,0,0
6/26/2026 10:39,724.8259888,0,0
6/26/2026 10:44,747.0349731,0,0
6/26/2026 10:49,760.1350098,0,0
6/26/2026 10:54,777.1220093,0,0
6/26/2026 10:59,785.3049927,0,0
6/26/2026 11:04,796.4099731,0,0
6/26/2026 11:09,813.3510132,0,0
6/26/2026 11:14,831.0709839,0,0
6/26/2026 11:24,856.289978,0.001,0
6/26/2026 11:29,866.7039795,0,0
6/26/2026 11:34,889.3619995,0,0
6/26/2026 11:39,892.9509888,0,0
6/26/2026 11:44,897.9840088,0,0
6/26/2026 11:49,909.3880005,0,0
6/26/2026 11:55,924.3729858,0,0
6/26/2026 12:00,935.7249756,0,0
6/26/2026 12:05,943.9489746,0,0
6/26/2026 12:10,952.2189941,0,0
6/26/2026 12:15,957.5009766,0,0
6/26/2026 12:20,962.9140015,0,0
6/26/2026 12:25,968.2449951,0,0
6/26/2026 12:30,975.4219971,0,0
6/26/2026 12:35,979.4130249,0,0
6/26/2026 12:40,986.0980225,0,0
6/26/2026 12:45,986.8410034,0,0
6/26/2026 12:50,989.9949951,0,0
6/26/2026 12:55,990.8880005,0,0
6/26/2026 13:00,991.4790039,0,0
6/26/2026 13:05,989.690979,0,0
6/26/2026 13:10,993.3549805,0,0
6/26/2026 13:15,995.4489746,0,0
6/26/2026 13:20,995.8339844,0,0
6/26/2026 13:25,997.0780029,0,0
6/26/2026 13:30,995.1149902,0,0
6/26/2026 13:53,953.0180054,0,0
6/26/2026 13:58,1018.559021,0,0
6/26/2026 14:03,1005.31897,0,0
6/26/2026 14:08,984.1669922,0,0
6/26/2026 14:13,977.2020264,0,0
6/26/2026 14:18,974.822998,0,0
6/26/2026 14:23,969.2800293,0,0
6/26/2026 14:28,963.3209839,0,0
6/26/2026 14:33,959.1469727,0,0
6/26/2026 14:38,951.914978,0,0
6/26/2026 14:43,928.7910156,0,0
6/26/2026 14:48,942.3300171,0,0
6/26/2026 14:53,933.664978,0,0
6/26/2026 14:58,928.177002,0,0
6/26/2026 15:03,917.4819946,0,0
6/26/2026 15:08,910.2670288,0.001,0
6/26/2026 15:13,899.7189941,0,0
6/26/2026 15:18,888.8070068,0,0
6/26/2026 15:23,878.4050293,0,0
6/26/2026 15:28,863.0670166,0,0
6/26/2026 15:33,853.5819702,0,0
6/26/2026 15:38,836.0250244,0,0
6/26/2026 15:44,826.9970093,0,0
6/26/2026 15:49,817.835022,0,0
6/26/2026 15:54,803.9660034,0,0
6/26/2026 15:59,785.8619995,0,0
6/26/2026 16:04,764.1430054,0,0
6/26/2026 16:09,767.1699829,0,0
6/26/2026 16:14,755.2369995,0,0
6/26/2026 16:19,738.1359863,0.001,0
6/26/2026 16:24,704.8709717,0,0
6/26/2026 16:34,681.0469971,0,0
6/26/2026 16:39,666.5369873,0,0
6/26/2026 16:49,646.2420044,0,0
6/26/2026 16:54,629.9290161,0,0
6/26/2026 16:59,616.71698,0,0
6/26/2026 17:04,600.072998,0,0
6/26/2026 17:09,588.223999,0.001,0
6/26/2026 17:14,579.257019,0,0
6/26/2026 17:19,575.4470215,0,0
6/26/2026 17:24,520.4730225,0,0
6/26/2026 17:29,410.0910034,0,0
6/26/2026 17:34,348.5299988,0,0
6/26/2026 17:39,302.5069885,0,0
6/26/2026 17:44,249.4149933,0,0
6/26/2026 17:49,211.8990021,0.001,0
6/26/2026 17:54,187.4309998,0.001,0
6/26/2026 17:59,150.1349945,-0.001,0
6/26/2026 18:10,129.6179962,0.001,0
6/26/2026 18:15,127.8270035,0.001,0
6/26/2026 18:20,126.7369995,0,0
6/26/2026 18:25,124.7200012,0.002,0
6/26/2026 18:30,122.5189972,0,0
6/26/2026 18:35,119.9300003,-0.001,0
6/26/2026 18:40,116.5770035,0.002,0
6/26/2026 18:50,108.901001,0,0
6/26/2026 18:55,104.6259995,-0.003,0
6/26/2026 19:00,100.7129974,0.002,0
6/26/2026 19:05,96.97599792,-0.004,0
6/26/2026 19:10,92.83399963,0,0
6/26/2026 19:15,88.2559967,-0.001,0
6/26/2026 19:20,82.9980011,0.002,0
6/26/2026 19:25,78.24900055,-0.003,0
6/26/2026 19:35,71.08499908,0.002,0
6/26/2026 19:40,68.50099945,-0.002,0
6/26/2026 19:45,67.87400055,-0.003,0
6/26/2026 19:55,64.03399658,-0.003,0
6/26/2026 20:00,59.54100037,0.004,0
6/26/2026 20:05,54.54199982,-0.002,0
6/26/2026 20:10,51.22499847,0.002,0
6/26/2026 20:15,48.60100174,-0.008,0
6/26/2026 20:20,44.82600021,0.001,0
6/26/2026 20:26,39.24000168,-0.004,0
6/26/2026 20:31,33.80599976,0.007,0
6/26/2026 20:36,29.04100037,-0.004,0
6/26/2026 20:41,25.56800079,0.005,0
6/26/2026 20:46,22.17099953,0.014,0
6/26/2026 20:51,18.45899963,-0.018999999,0
6/26/2026 20:56,14.96700001,0.027000001,0
6/26/2026 21:01,12.21000004,0.006,0
6/26/2026 21:06,9.208999634,0.008,0
6/26/2026 21:11,6.40899992,-0.018999999,0
6/26/2026 21:16,4.513999939,0.064999998,0
6/26/2026 21:21,2.98300004,0.027000001,0
6/26/2026 21:26,1.421000004,0.191,0
6/26/2026 21:31,0.442999989,-0.611000001,0
6/27/2026 5:42,0.442999989,-0.611000001,0
6/27/2026 5:47,4.132999897,0.068000004,0
6/27/2026 5:52,6.422999859,0.012,0
6/27/2026 5:57,8.776000023,0.005,0
6/27/2026 6:02,10.80900002,-0.039000001,0
6/27/2026 6:07,13.27299976,-0.017999999,0
6/27/2026 6:12,15.74300003,0.013,0
6/27/2026 6:17,18.39999962,0.015,0
6/27/2026 6:22,21.3220005,-0.005,0
6/27/2026 6:27,24.7310009,0.008,0
6/27/2026 6:32,28.20100021,-0.004,0
6/27/2026 6:42,33.97000122,-0.008,0
6/27/2026 6:47,36.89500046,0.009,0
6/27/2026 6:52,39.77799988,-0.002,0
6/27/2026 6:57,42.37799835,-0.008,0
6/27/2026 7:03,44.65100098,0.002,0
6/27/2026 7:08,47.20899963,-0.001,0
6/27/2026 7:13,49.37599945,0.003,0
6/27/2026 7:18,51.98600006,-0.001,0
6/27/2026 7:23,54.42699814,-0.005,0
6/27/2026 7:28,56.79399872,-0.001,0
6/27/2026 7:33,59.01399994,-0.002,0
6/27/2026 7:38,61.27399826,-0.001,0
6/27/2026 7:43,63.99499893,-0.002,0
6/27/2026 7:48,66.30899811,0.002,0
6/27/2026 7:58,200.9049988,0.002,0
6/27/2026 8:03,220.0559998,0,0
6/27/2026 8:08,236.1300049,0,0
6/27/2026 8:18,270.4549866,-0.001,0
6/27/2026 8:23,287.2720032,0,0
6/27/2026 8:28,303.5029907,0,0
6/27/2026 8:33,319.0859985,0.001,0
6/27/2026 8:38,337.8739929,0.001,0
6/27/2026 8:43,356.0589905,-0.001,0
6/27/2026 8:53,391.4620056,0,0
6/27/2026 8:58,409.2730103,0,0
6/27/2026 9:03,426.1730042,0.001,0
6/27/2026 9:08,442.6809998,0,0
6/27/2026 9:13,459.8789978,0,0
6/27/2026 9:18,476.2879944,0,0
6/27/2026 9:23,493.6430054,0,0
6/27/2026 9:29,513.5120239,0,0
6/27/2026 9:34,530.4229736,0.001,0
6/27/2026 9:39,546.3660278,0,0
6/27/2026 9:44,561.3369751,0,0
6/27/2026 9:49,576.1550293,0,0
6/27/2026 9:54,595.1209717,0,0
6/27/2026 9:59,612.7620239,0,0
6/27/2026 10:04,630.3629761,0,0
6/27/2026 10:09,646.5510254,0.001,0
6/27/2026 10:14,665.3170166,0,0
6/27/2026 10:19,679.5410156,0,0
6/27/2026 10:24,694.4819946,-0.001,0
6/27/2026 10:29,709.6170044,0,0
6/27/2026 10:39,736.7719727,0,0
6/27/2026 10:44,752.0949707,0,0
6/27/2026 10:54,779.690979,0,0
6/27/2026 10:59,793.0809937,0,0
6/27/2026 11:04,807.5889893,0,0
6/27/2026 11:09,821.6290283,0,0
6/27/2026 11:14,837.2869873,-0.001,0
6/27/2026 11:19,849.5839844,0,0
6/27/2026 11:24,862.6030273,0,0
6/27/2026 11:29,873.5109863,0,0
6/27/2026 11:34,883.9249878,0,0
6/27/2026 11:39,893.1309814,0,0
6/27/2026 11:44,903.9019775,0,0
6/27/2026 11:50,912.8389893,0,0
6/27/2026 11:55,920.7449951,0,0
6/27/2026 12:00,932.9530029,0,0
6/27/2026 12:05,939.1779785,0,0
6/27/2026 12:10,947.0239868,0,0
6/27/2026 12:15,953.9899902,0,0
6/27/2026 12:20,959.1430054,0,0
6/27/2026 12:25,964.0889893,0,0
6/27/2026 12:30,968.7280273,0,0
6/27/2026 12:35,973.8220215,0,0
6/27/2026 12:40,975.8460083,0,0
6/27/2026 12:55,989.1019897,0,0
6/27/2026 13:00,988.8070068,0,0
6/27/2026 13:05,988.289978,0,0
6/27/2026 13:10,991.8259888,0,0
6/27/2026 13:15,995.3380127,0,0
6/27/2026 13:20,994.1309814,0,0
6/27/2026 13:25,990.7199707,0,0
6/27/2026 13:53,985.9019775,0,0
6/27/2026 13:58,981.697998,0,0
6/27/2026 14:03,980.4089966,0,0
6/27/2026 14:08,976.6530151,0,0
6/27/2026 14:13,970.0479736,0,0
6/27/2026 14:18,966.8729858,0,0
6/27/2026 14:23,960.2750244,0,0
6/27/2026 14:28,956.0250244,0,0
6/27/2026 14:33,949.7789917,0,0
6/27/2026 14:38,945.0130005,0,0
6/27/2026 14:43,936.8859863,0,0
6/27/2026 14:48,929.2550049,0,0
6/27/2026 14:53,926.1049805,0,0
6/27/2026 14:58,915.2969971,0,0
6/27/2026 15:03,905.1149902,0,0
6/27/2026 15:08,900.2860107,0,0
6/27/2026 15:13,889.4719849,0,0
6/27/2026 15:18,882.7860107,0,0
6/27/2026 15:23,874.2810059,0,0
6/27/2026 15:28,859.690979,0,0
6/27/2026 15:33,851.9180298,0,0
6/27/2026 15:39,837.4290161,0,0
6/27/2026 15:44,824.7969971,0,0
6/27/2026 15:49,811.5130005,0,0
6/27/2026 15:54,795.7739868,0,0
6/27/2026 15:59,782.1680298,0,0
6/27/2026 16:04,776.4979858,0,0
6/27/2026 16:09,758.0650024,0,0
6/27/2026 16:19,733.2230225,0.001,0
6/27/2026 16:24,720.007019,0,0
6/27/2026 16:29,705.9089966,0,0
6/27/2026 16:34,686.9069824,-0.001,0
6/27/2026 16:39,673.7990112,0.001,0
6/27/2026 16:54,621.8099976,0,0
6/27/2026 16:59,607.4400024,0,0
6/27/2026 17:04,578.6669922,0,0
6/27/2026 17:14,539.3129883,0,0
6/27/2026 17:24,506.1650085,0,0
6/27/2026 17:29,486.9859924,0,0
6/27/2026 17:34,474.1820068,0,0
6/27/2026 17:39,456.875,0,0
6/27/2026 17:44,438.7170105,0,0
6/27/2026 17:49,417.8770142,0,0
6/27/2026 17:54,402.1440125,0,0
6/27/2026 18:00,263.026001,0.001,0
6/27/2026 18:05,81.2559967,0,0
6/27/2026 18:10,77.53800201,0.004,0
6/27/2026 18:15,76.87799835,0.002,0
6/27/2026 18:20,75.67299652,0.002,0
6/27/2026 18:25,72.85700226,0.001,0
6/27/2026 18:30,70.2480011,-0.003,0
6/27/2026 18:35,68.94599915,-0.001,0
6/27/2026 18:40,61.13100052,0.001,0
6/27/2026 18:50,65.18599701,0.001,0
6/27/2026 18:55,65.30599976,0.001,0
6/27/2026 19:00,62.88499832,0.006,0
6/27/2026 19:05,63.28900146,0.003,0
6/27/2026 19:10,63.50600052,0.001,0
6/27/2026 19:20,61.00600052,-0.001,0
6/27/2026 19:25,58.11899948,0.004,0
6/27/2026 19:30,54.18500137,0.008,0
6/27/2026 19:40,47.94100189,-0.002,0
6/27/2026 19:45,46.94400024,0.005,0
6/27/2026 19:50,46.63999939,-0.01,0
6/27/2026 19:55,45.1609993,0.006,0
6/27/2026 20:00,44.10300064,0.012,0
6/27/2026 20:05,42.56200027,-0.002,0
6/27/2026 20:15,38.06600189,-0.002,0
6/27/2026 20:26,30.75799942,0.001,0
6/27/2026 20:31,28.1970005,0.007,0
6/27/2026 20:36,26.18600082,-0.004,0
6/27/2026 20:41,23.91500092,-0.005,0
6/27/2026 20:46,21.67700005,0.005,0
6/27/2026 20:51,19.64599991,-0.006,0
6/27/2026 20:56,17.43400002,0.024,0
6/27/2026 21:01,15.28499985,0.011,0
6/27/2026 21:06,13.07199955,-0.012,0
6/27/2026 21:11,10.84799957,0.004,0
6/27/2026 21:16,8.217000008,0.037999999,0
6/27/2026 21:26,2.482000113,-0.061999999,0
6/27/2026 21:31,0.513999999,-0.029999999,0
6/28/2026 5:43,0.513999999,-0.029999999,0
6/28/2026 5:48,4.335999966,-0.028000001,0
6/28/2026 5:53,6.212999821,-0.026000001,0
6/28/2026 5:58,8.298000336,-0.018999999,0
6/28/2026 6:03,10.28600025,0.004,0
6/28/2026 6:13,14.85000038,-0.01,0
6/28/2026 6:18,18.2159996,-0.005,0
6/28/2026 6:23,21.82900047,-0.006,0
6/28/2026 6:28,25.43000031,0.009,0
6/28/2026 6:43,33.19800186,-0.002,0
6/28/2026 6:48,36.79800034,-0.001,0
6/28/2026 6:53,39.27000046,0.009,0
6/28/2026 6:58,41.02600098,0.01,0
6/28/2026 7:03,42.58300018,-0.005,0
6/28/2026 7:09,44.1969986,0.005,0
6/28/2026 7:14,46.50299835,0.001,0
6/28/2026 7:19,48.72100067,-0.005,0
6/28/2026 7:24,51.78499985,0.003,0
6/28/2026 7:29,55.73500061,-0.003,0
6/28/2026 7:39,62.3030014,0.008,0
6/28/2026 7:44,65.48999786,0.001,0
6/28/2026 7:49,68.35199738,-0.002,0
6/28/2026 7:54,71.11799622,-0.001,0
6/28/2026 7:59,206.2559967,0.001,0
6/28/2026 8:04,228.8990021,0.001,0
6/28/2026 8:09,243.9949951,-0.001,0
6/28/2026 8:14,263.1430054,0,0
6/28/2026 8:19,286.3429871,-0.001,0
6/28/2026 8:24,301.5889893,-0.002,0
6/28/2026 8:29,319.177002,0,0
6/28/2026 8:34,334.1690063,0,0
6/28/2026 8:39,352.8410034,0.001,0
6/28/2026 8:49,390.2820129,0,0
6/28/2026 8:54,407.3739929,0,0
6/28/2026 8:59,427.5270081,0,0
6/28/2026 9:04,447.3259888,0,0
6/28/2026 9:09,462.3340149,0,0
6/28/2026 9:14,479.1359863,0,0
6/28/2026 9:19,498.75,0,0
6/28/2026 9:24,515.2210083,0,0
6/28/2026 9:35,551.5789795,0,0
6/28/2026 9:40,571.2490234,0,0
6/28/2026 9:45,588.6400146,0,0
6/28/2026 9:50,604.0739746,0,0
6/28/2026 9:55,618.302002,0,0
6/28/2026 10:00,635.6820068,0,0
6/28/2026 10:05,654.4290161,0,0
6/28/2026 10:10,671.96698,0,0
6/28/2026 10:15,688.1989746,0,0
6/28/2026 10:20,698.6849976,0,0
6/28/2026 10:30,735.3330078,0,0
6/28/2026 10:35,753.3499756,0,0
6/28/2026 10:40,771.039978,0.001,0
6/28/2026 10:45,784.0349731,0,0
6/28/2026 10:50,799.2659912,0,0
6/28/2026 10:55,816.8369751,0,0
6/28/2026 11:00,825.5980225,0,0
6/28/2026 11:05,837.8649902,0,0
6/28/2026 11:10,852.3569946,0,0
6/28/2026 11:15,859.9219971,0,0
6/28/2026 11:20,875.447998,0,0
6/28/2026 11:30,908.1069946,0,0
6/28/2026 11:35,972.4470215,0,0
6/28/2026 11:40,352.973999,-0.001,0
6/28/2026 11:45,385.303009,0,0
6/28/2026 11:51,547.4000244,0,0
6/28/2026 11:56,822.3270264,0,0
6/28/2026 12:01,419.6180115,0,0
6/28/2026 12:06,384.1300049,0,0
6/28/2026 12:11,409.3070068,0,0
6/28/2026 12:16,299.25,0,0
6/28/2026 12:21,1074.524048,0,0
6/28/2026 12:26,1056.317993,0,0
6/28/2026 12:31,1052.014038,0,0
6/28/2026 12:36,1048.584961,0,0
6/28/2026 12:41,1038.978027,0,0
6/28/2026 12:46,1014.630005,0,0
6/28/2026 12:51,1019.447998,0,0
6/28/2026 12:56,1025.394043,0,0
6/28/2026 13:01,1015.023987,0,0
6/28/2026 13:06,1008.671021,0,0
6/28/2026 13:11,1009.81897,0,0
6/28/2026 13:16,1007.807983,0,0
6/28/2026 13:21,1010.669983,0,0
6/28/2026 13:26,1004.29303,0,0
6/28/2026 13:49,999.7459717,0,0
6/28/2026 13:54,985.6660156,0,0
6/28/2026 13:59,990.1119995,0,0
6/28/2026 14:04,986.1140137,0,0
6/28/2026 14:09,979.7230225,0,0
6/28/2026 14:14,979.2180176,0,0
6/28/2026 14:19,980.2050171,0,0
6/28/2026 14:24,974.6539917,0,0
6/28/2026 14:29,966.1090088,0,0
6/28/2026 14:34,962.0410156,0,0
6/28/2026 14:39,953.6339722,0,0
6/28/2026 14:44,955.927002,0,0
6/28/2026 14:49,947.5180054,0,0
6/28/2026 14:54,936.1610107,0,0
6/28/2026 14:59,929.7139893,0,0
6/28/2026 15:04,920.5529785,0,0
6/28/2026 15:09,907.1350098,0,0
6/28/2026 15:14,900.3930054,0,0
6/28/2026 15:19,886.5139771,0,0
6/28/2026 15:24,876.4799805,0,0
6/28/2026 15:29,872.3549805,0,0
6/28/2026 15:34,863.4639893,0,0
6/28/2026 15:45,833.9349976,0,0
6/28/2026 15:55,805.9780273,0,0
6/28/2026 16:00,795.1680298,0,0
6/28/2026 16:05,780.9760132,0.001,0
6/28/2026 16:10,765.3270264,0,0
6/28/2026 16:15,751.5280151,0,0
6/28/2026 16:20,743.4559937,0,0
6/28/2026 16:25,730.4689941,0,0
6/28/2026 16:40,693.3850098,0,0
6/28/2026 16:45,685.257019,0,0
6/28/2026 16:50,679.5089722,0,0
6/28/2026 16:55,667.6170044,0,0
6/28/2026 17:00,653.4949951,0,0
6/28/2026 17:05,644.9780273,0.001,0
6/28/2026 17:10,638.9450073,0,0
6/28/2026 17:15,628.223999,0,0
6/28/2026 17:20,610.0479736,0,0
6/28/2026 17:25,579.0830078,0.001,0
6/28/2026 17:35,533.0809937,0,0
6/28/2026 17:40,517.632019,0,0
6/28/2026 17:45,469.32901,0,0
6/28/2026 17:50,469.3940125,0,0
6/28/2026 17:55,439.1350098,0,0
6/28/2026 18:01,150.0050049,0.001,0
6/28/2026 18:06,166.0180054,0.001,0
6/28/2026 18:11,161.7440033,0.003,0
6/28/2026 18:16,146.7089996,-0.003,0
6/28/2026 18:21,150.4329987,0.002,0
6/28/2026 18:26,142.6860046,-0.001,0
6/28/2026 18:31,132.6640015,-0.002,0
6/28/2026 18:46,95.07900238,0.003,0
6/28/2026 18:51,85.97499847,-0.001,0
6/28/2026 19:01,74.12599945,-0.001,0
6/28/2026 19:06,66.8710022,-0.003,0
6/28/2026 19:11,62.74300003,0.003,0
6/28/2026 19:16,53.32799911,0.004,0
6/28/2026 19:21,52.73099899,0.006,0
6/28/2026 19:26,52.89400101,0.002,0
6/28/2026 19:31,51.02899933,0.007,0
6/28/2026 19:36,46.79800034,0.002,0
6/28/2026 19:41,44.99200058,0.003,0
6/28/2026 19:46,39.14699936,-0.01,0
6/28/2026 19:51,32.55799866,0.001,0
6/28/2026 19:56,30.50099945,-0.005,0
6/28/2026 20:01,29.36700058,-0.009,0
6/28/2026 20:06,27.85099983,0.004,0
6/28/2026 20:11,27.63800049,-0.001,0
6/28/2026 20:16,26.94300079,-0.004,0
6/28/2026 20:22,25.34700012,0.008,0
6/28/2026 20:27,23.35499954,-0.005,0
6/28/2026 20:32,20.25099945,-0.011,0
6/28/2026 20:37,18.22100067,0.005,0
6/28/2026 20:42,18.37000084,0.021,0
6/28/2026 20:47,18.86899948,-0.002,0
6/28/2026 20:52,18.84499931,0.011,0
6/28/2026 20:57,18.80699921,0.01,0
6/28/2026 21:02,16.8939991,0.021,0
6/28/2026 21:07,14.01799965,-0.017999999,0
6/28/2026 21:12,10.02900028,0.022,0
6/28/2026 21:17,6.089000225,-0.012,0
6/28/2026 21:22,3.569000006,-0.011,0
6/28/2026 21:27,0.904999971,-0.085000001,0
6/29/2026 5:49,0.904999971,-0.085000001,0
6/29/2026 5:59,4.65500021,0.056000002,0
6/29/2026 6:04,6.897999763,0.046999998,0
6/29/2026 6:14,11.80300045,0.003,0
6/29/2026 6:19,12.72700024,-0.003,0
6/29/2026 6:24,15.20100021,-0.003,0
6/29/2026 6:29,19.40600014,0.004,0
6/29/2026 6:34,22.9489994,0.003,0
6/29/2026 6:39,30.67399979,0.005,0
6/29/2026 6:44,30.78899956,0.004,0
6/29/2026 6:49,36.10499954,0.006,0
6/29/2026 6:54,44.76599884,0.011,0
6/29/2026 6:59,59.02600098,0.002,0
6/29/2026 7:04,72.53299713,0.003,0
6/29/2026 7:09,86.70300293,0.001,0
6/29/2026 7:14,86.02100372,0.002,0
6/29/2026 7:20,85.65499878,0.001,0
6/29/2026 7:25,76.39700317,0.005,0
6/29/2026 7:30,59.43899918,0.001,0
6/29/2026 7:35,54.04299927,0.011,0
6/29/2026 7:40,56.0929985,0.001,0
6/29/2026 7:45,69.04599762,0.003,0
6/29/2026 7:50,85.94999695,0,0
6/29/2026 7:55,99.51999664,-0.003,0
6/29/2026 8:00,218.6990051,0.001,0
6/29/2026 8:05,99.18599701,0.003,0
6/29/2026 8:10,121.0719986,0,0
6/29/2026 8:15,93.71199799,-0.002,0
6/29/2026 8:20,196.8869934,-0.002,0
6/29/2026 8:25,268.0109863,0,0
6/29/2026 8:30,324.0209961,-0.001,0
6/29/2026 8:35,347.8659973,0.001,0
6/29/2026 8:40,364.7120056,0,0
6/29/2026 8:45,358.5690002,0,0
6/29/2026 8:50,358.4689941,0,0
6/29/2026 8:55,402.1119995,0,0
6/29/2026 9:00,404.0209961,0,0
6/29/2026 9:05,408.0209961,0,0
6/29/2026 9:10,471.6090088,-0.001,0
6/29/2026 9:15,509.9089966,0,0
6/29/2026 9:20,499.2569885,0,0
6/29/2026 9:25,516.5540161,0,0
6/29/2026 9:30,543.5700073,0,0
6/29/2026 9:35,565.8239746,0,0
6/29/2026 9:41,589.5469971,0.001,0
6/29/2026 9:46,570.9290161,0,0
6/29/2026 9:51,609.3930054,-0.001,0
6/29/2026 9:56,640.526001,0,0
6/29/2026 10:01,655.8930054,0,0
6/29/2026 10:06,675.3049927,0,0
6/29/2026 10:11,684.3200073,0,0
6/29/2026 10:16,683.3029785,0,0
6/29/2026 10:21,641.2849731,0,0
6/29/2026 10:26,690.0369873,-0.001,0
6/29/2026 10:31,726.8300171,0,0
6/29/2026 10:36,750.6030273,0,0
6/29/2026 10:41,764.3540039,-0.001,0
6/29/2026 10:46,773.9039917,0,0
6/29/2026 10:51,789.4810181,0,0
6/29/2026 10:56,808.3499756,0,0
6/29/2026 11:01,824.7150269,0,0
6/29/2026 11:06,879.9290161,0,0
6/29/2026 11:11,344.5469971,-0.001,0
6/29/2026 11:16,887.0310059,0,0
6/29/2026 11:21,890.9119873,0,0
6/29/2026 11:26,891.5750122,0,0
6/29/2026 11:31,897.8079834,0,0
6/29/2026 11:36,906.1259766,0,0
6/29/2026 11:41,907.2139893,0,0
6/29/2026 11:46,927.7130127,0,0
6/29/2026 11:51,938.4130249,0,0
6/29/2026 11:56,949.2819824,0,0
6/29/2026 12:02,931.9589844,0,0
6/29/2026 12:07,976.8150024,0,0
6/29/2026 12:17,981.1090088,0,0
6/29/2026 12:22,982.8530273,0,0
6/29/2026 12:27,987.4060059,0,0
6/29/2026 12:32,990.0159912,0,0
6/29/2026 12:37,993.5289917,0,0
6/29/2026 12:42,1000.539001,0,0
6/29/2026 12:47,1003.301025,0,0
6/29/2026 12:52,1005.70697,0,0
6/29/2026 13:02,1048.317993,0,0
6/29/2026 13:07,1082.349976,0,0
6/29/2026 13:12,1059.021973,0,0
6/29/2026 13:17,864.447998,0,0
6/29/2026 13:22,944.9050293,0,0
6/29/2026 13:27,927.914978,0,0
6/29/2026 13:50,1010.143005,0,0
6/29/2026 13:55,1017.330017,0,0
6/29/2026 14:00,1034.380981,0,0
6/29/2026 14:05,967.3330078,0,0
6/29/2026 14:10,985.1929932,0,0
6/29/2026 14:20,1002.731018,0,0
6/29/2026 14:25,982.3920288,0,0
6/29/2026 14:30,610.3200073,0,0
6/29/2026 14:40,961.2890015,0,0
6/29/2026 14:45,716.8909912,0,0
6/29/2026 14:50,970.3909912,0,0
6/29/2026 14:55,226.5119934,-0.001,0
6/29/2026 15:00,205.1569977,0.001,0
6/29/2026 15:05,235.6049957,0.002,0
6/29/2026 15:16,175.6549988,-0.001,0
6/29/2026 15:26,92.95300293,0.002,0
6/29/2026 15:31,86.53299713,0.004,0
6/29/2026 15:36,84.41799927,0,0
6/29/2026 15:41,68.23799896,0.006,0
6/29/2026 15:46,66.72899628,0.004,0
6/29/2026 15:51,80.09100342,0.001,0
6/29/2026 15:56,136.3190002,0.002,0
6/29/2026 16:01,613.1539917,0,0
6/29/2026 16:06,778.0159912,0.001,0
6/29/2026 16:11,763.2069702,0,0
6/29/2026 16:16,749.2009888,0,0
6/29/2026 16:21,733.5969849,-0.001,0
6/29/2026 16:26,712.3660278,0,0
6/29/2026 16:31,707.7670288,0,0
6/29/2026 16:36,693.9790039,0,0
6/29/2026 16:41,549.190979,-0.001,0
6/29/2026 16:46,573.3259888,0,0
6/29/2026 16:51,485.8940125,0,0
6/29/2026 16:56,375.1549988,0,0
6/29/2026 17:01,376.0069885,0.001,0
6/29/2026 17:06,427.1149902,0,0
6/29/2026 17:11,526.5109863,0.001,0
6/29/2026 17:16,595.1749878,0,0
6/29/2026 17:21,466.1459961,0,0
6/29/2026 17:26,407.6180115,0,0
6/29/2026 17:31,302.9230042,0,0
6/29/2026 17:37,265.0400085,-0.001,0
6/29/2026 17:42,267.0249939,0,0
6/29/2026 17:47,210.3699951,0,0
6/29/2026 17:52,192.5130005,0,0
6/29/2026 17:57,169.253006,0,0
6/29/2026 18:02,147.3840027,0.001,0
6/29/2026 18:07,150.2489929,0.001,0
6/29/2026 18:12,164.5209961,0,0
6/29/2026 18:17,169.1380005,0.002,0
6/29/2026 18:22,173.1889954,0.001,0
6/29/2026 18:27,169.8009949,0.001,0
6/29/2026 18:32,185.0809937,0.001,0
6/29/2026 18:37,187.5599976,-0.001,0
6/29/2026 18:42,167.0740051,-0.001,0
6/29/2026 18:47,153.6869965,0.001,0
6/29/2026 18:52,127.0100021,-0.002,0
6/29/2026 18:57,115.7389984,-0.001,0
6/29/2026 19:02,99.18900299,0.001,0
6/29/2026 19:12,83.77799988,0.003,0
6/29/2026 19:17,67.625,-0.007,0
6/29/2026 19:22,51.77799988,-0.003,0
6/29/2026 19:27,43.05099869,0.003,0
6/29/2026 19:32,37.17499924,0.009,0
6/29/2026 19:42,24.69099998,0.005,0
6/29/2026 19:47,21.14500046,0.004,0
6/29/2026 19:52,15.50300026,0.007,0
6/29/2026 19:58,11.01900005,0.011,0
6/29/2026 20:03,11.28899956,-0.007,0
6/29/2026 20:08,12.39099979,-0.003,0
6/29/2026 20:13,11.39000034,-0.011,0
6/29/2026 20:18,12.89599991,-0.012,0
6/29/2026 20:23,12.70300007,-0.016000001,0
6/29/2026 20:28,14.40200043,0.016000001,0
6/29/2026 20:33,14.63199997,-0.011,0
6/29/2026 20:38,17.58200073,0.014,0
6/29/2026 20:43,21.40600014,-0.002,0
6/29/2026 20:48,26.21699905,0.003,0
6/29/2026 20:53,32.89799881,0.008,0
6/29/2026 20:58,32.39099884,0.002,0
6/29/2026 21:03,25.54299927,0.02,0
6/29/2026 21:08,17.6609993,-0.009,0
6/29/2026 21:13,14.27299976,-0.022,0
6/29/2026 21:18,11.16699982,0.004,0
6/29/2026 21:23,7.543000221,0.011,0
6/29/2026 21:28,1.835000038,0.021,0
6/30/2026 5:39,1.835000038,0.021,0
6/30/2026 5:44,2.770999908,-0.059999999,0
6/30/2026 5:49,4.40199995,-0.088,0
6/30/2026 5:54,6.037000179,-0.006,0
6/30/2026 5:59,8.585000038,-0.022,0
6/30/2026 6:04,11.18400002,0.022,0
6/30/2026 6:09,14.02299976,0.01,0
6/30/2026 6:14,16.29299927,-0.009,0
6/30/2026 6:19,18.35899925,0.017999999,0
6/30/2026 6:24,20.68099976,0.013,0
6/30/2026 6:29,25.20499992,-0.013,0
6/30/2026 6:34,27.6779995,-0.008,0
6/30/2026 6:39,30.82099915,-0.004,0
6/30/2026 6:44,33.5909996,0.006,0
6/30/2026 6:54,38.9620018,0.006,0
6/30/2026 6:59,42.01100159,-0.007,0
6/30/2026 7:04,45.02199936,0.001,0
6/30/2026 7:09,48.06900024,-0.007,0
6/30/2026 7:14,51.0379982,-0.006,0
6/30/2026 7:24,56.93000031,0.005,0
6/30/2026 7:29,59.71500015,0.007,0
6/30/2026 7:35,62.95800018,0.003,0
6/30/2026 7:40,67.93099976,0.006,0
6/30/2026 7:45,73.01000214,-0.002,0
6/30/2026 7:50,76.08899689,0.002,0
6/30/2026 7:55,82.39499664,0.001,0
6/30/2026 8:00,198.4389954,0.001,0
6/30/2026 8:05,226.6029968,0,0
6/30/2026 8:10,241.7230072,0.001,0
6/30/2026 8:15,262.618988,0,0
6/30/2026 8:20,268.3890076,-0.001,0
6/30/2026 8:25,220.522995,0.001,0
6/30/2026 8:30,248.3430023,0.001,0
6/30/2026 8:35,315.0650024,0,0
6/30/2026 8:40,324.5419922,0,0
6/30/2026 8:50,339.4289856,0.001,0
6/30/2026 8:55,402.42099,0,0
6/30/2026 9:00,413.6589966,0,0
6/30/2026 9:05,417.5310059,0.001,0
6/30/2026 9:10,389.9060059,-0.001,0
6/30/2026 9:15,455.2569885,0,0
6/30/2026 9:20,447.1430054,0.001,0
6/30/2026 9:25,426.17099,0,0
6/30/2026 9:30,528.8980103,0,0
6/30/2026 9:35,543.3870239,0,0
6/30/2026 9:40,557.2620239,0,0
6/30/2026 9:45,571.992981,0,0
6/30/2026 9:50,587.5889893,0,0
6/30/2026 9:56,605.6550293,0,0
6/30/2026 10:01,618.7680054,0,0
6/30/2026 10:06,637.5609741,0,0
6/30/2026 10:11,652.2559814,0,0
6/30/2026 10:16,666.9210205,0,0
6/30/2026 10:21,684.8729858,0,0
6/30/2026 10:26,701.0650024,0,0
6/30/2026 10:31,720.6049805,0,0
6/30/2026 10:36,737.6019897,0,0
6/30/2026 10:41,754.2219849,0,0
6/30/2026 10:51,784.7589722,0,0
6/30/2026 10:56,797.9580078,0,0
6/30/2026 11:01,809.6959839,0,0
6/30/2026 11:06,822.7789917,0,0
6/30/2026 11:11,836.598999,0,0
6/30/2026 11:16,848.447998,0,0
6/30/2026 11:21,858.9390259,0,0
6/30/2026 11:26,872.6170044,0,0
6/30/2026 11:31,880.3980103,0,0
6/30/2026 11:36,892.8930054,0,0
6/30/2026 11:41,901.6539917,0,0
6/30/2026 11:46,913.1199951,0,0
6/30/2026 11:51,920.802002,0,0
6/30/2026 11:56,929.4580078,0,0
6/30/2026 12:01,939.9199829,0,0
6/30/2026 12:06,946.6989746,0,0
6/30/2026 12:11,955.6229858,0,0
6/30/2026 12:17,960.4299927,0,0
6/30/2026 12:22,965.78302,0,0
6/30/2026 12:27,961.9699707,0,0
6/30/2026 12:32,975.9089966,0,0
6/30/2026 12:37,978.2930298,0,0
6/30/2026 12:42,981.4869995,0,0
6/30/2026 12:47,980.1069946,0,0
6/30/2026 12:52,985.5679932,0,0
6/30/2026 12:57,991.0380249,0,0
6/30/2026 13:02,994.7360229,0,0
6/30/2026 13:07,990.4210205,0,0
6/30/2026 13:12,996.1900024,0,0
6/30/2026 13:17,995.6710205,0,0
6/30/2026 13:22,1012.573975,0,0
6/30/2026 13:27,1015.34198,0,0
6/30/2026 13:51,1024.347046,0,0
6/30/2026 13:56,1002.335999,0,0
6/30/2026 14:01,988.3499756,0,0
6/30/2026 14:06,983.6799927,0,0
6/30/2026 14:16,981.5449829,0,0
6/30/2026 14:21,981.4169922,0,0
6/30/2026 14:26,979.0670166,0,0
6/30/2026 14:31,977.8270264,0,0
6/30/2026 14:41,995.401001,0,0
6/30/2026 14:46,1007.682007,0,0
6/30/2026 14:51,858.7789917,0,0
6/30/2026 14:56,152.2079926,-0.001,0
6/30/2026 15:01,162.4019928,0,0
6/30/2026 15:06,165.3139954,0.001,0
6/30/2026 15:11,178.2140045,0.001,0
6/30/2026 15:16,202.6150055,0.002,0
6/30/2026 15:22,223.4960022,0,0
6/30/2026 15:27,193.9109955,0,0
6/30/2026 15:32,183.1450043,0.001,0
6/30/2026 15:37,186.9170074,-0.002,0
6/30/2026 15:42,172.2400055,0,0
6/30/2026 15:47,161.1699982,0,0
6/30/2026 15:52,142.6289978,0.001,0
6/30/2026 15:57,134.1190033,0,0
6/30/2026 16:07,140.4660034,-0.001,0
6/30/2026 16:12,148.973999,0,0
6/30/2026 16:17,154.2720032,0.001,0
6/30/2026 16:22,152.5350037,0,0
6/30/2026 16:27,140.6159973,-0.001,0
6/30/2026 16:32,127.0139999,0.003,0
6/30/2026 16:37,109.1210022,0,0
6/30/2026 16:42,92.76999664,-0.004,0
6/30/2026 16:47,79.54499817,0,0
6/30/2026 16:52,72.04599762,-0.002,0
6/30/2026 16:57,64.89800262,-0.002,0
6/30/2026 17:02,56.00899887,0.002,0
6/30/2026 17:07,59.79199982,-0.001,0
6/30/2026 17:12,65.68199921,0.001,0
6/30/2026 17:17,72.77899933,0.001,0
6/30/2026 17:22,85.32099915,0.002,0
6/30/2026 17:27,113.060997,0.003,0
6/30/2026 17:32,145.8829956,0.002,0
6/30/2026 17:37,181.1089935,0.001,0
6/30/2026 17:43,176.7250061,0.001,0
6/30/2026 17:48,246.5549927,0.001,0
6/30/2026 17:53,518.6259766,0.001,0
6/30/2026 17:58,524.3129883,0,0
6/30/2026 18:03,211.8379974,0.001,0
6/30/2026 18:08,168.7019958,0,0
6/30/2026 18:13,144.5549927,0.001,0
6/30/2026 18:18,127.776001,0.001,0
6/30/2026 18:23,124.0250015,0.002,0
6/30/2026 18:28,136.5899963,0.002,0
6/30/2026 18:33,144.6450043,-0.001,0
6/30/2026 18:38,130.0910034,-0.001,0
6/30/2026 18:43,125.7190018,0.003,0
6/30/2026 18:48,125.1589966,-0.002,0
6/30/2026 18:53,114.685997,0.001,0
6/30/2026 18:58,76.73799896,0.003,0
6/30/2026 19:08,53.54100037,-0.001,0
6/30/2026 19:13,47.38700104,0.002,0
6/30/2026 19:18,45.93799973,0.002,0
6/30/2026 19:23,46.58300018,-0.007,0
6/30/2026 19:28,54.51399994,-0.003,0
6/30/2026 19:33,46.72900009,-0.005,0
6/30/2026 19:38,41.29600143,0.001,0
6/30/2026 19:43,37.70500183,-0.002,0
6/30/2026 19:48,38.43899918,-0.006,0
6/30/2026 19:53,46.29100037,0.002,0
6/30/2026 19:58,46.875,0.01,0
6/30/2026 20:09,55.44499969,-0.001,0
6/30/2026 20:14,45.4129982,0.001,0
6/30/2026 20:19,45.70999908,0.002,0
6/30/2026 20:24,33.65000153,0.008,0
6/30/2026 20:29,24.25099945,-0.021,0
6/30/2026 20:34,25.52000046,0.006,0
6/30/2026 20:39,15.1590004,0.017999999,0
6/30/2026 20:44,13.90400028,-0.008,0
6/30/2026 20:49,9.673000336,0.004,0
6/30/2026 20:54,9.263999939,0.013,0
6/30/2026 20:59,9.81000042,0.008,0
6/30/2026 21:04,8.81799984,0.005,0
6/30/2026 21:09,8.217000008,-0.005,0
6/30/2026 21:14,6.947000027,0.023,0
6/30/2026 21:19,4.274000168,0.035999998,0
6/30/2026 21:24,1.914999962,-0.126000002,0
6/30/2026 21:29,0.469999999,-0.230000004,0
7/1/2026 5:40,0.469999999,-0.230000004,0
7/1/2026 5:45,1.024000049,-0.144999996,0
7/1/2026 5:50,1.995000005,-0.018999999,0
7/1/2026 5:55,3.282000065,0.075999998,0
7/1/2026 6:00,5.896999836,0.039000001,0
7/1/2026 6:05,9.25,0.025,0
7/1/2026 6:10,11.64299965,-0.003,0
7/1/2026 6:15,13.35099983,-0.009,0
7/1/2026 6:20,15.83100033,-0.003,0
7/1/2026 6:25,18.36100006,-0.004,0
7/1/2026 6:30,20.41799927,-0.007,0
7/1/2026 6:35,23.21100044,-0.012,0
7/1/2026 6:40,26.93099976,-0.007,0
7/1/2026 6:45,29.14500046,-0.008,0
7/1/2026 6:50,32.08300018,-0.004,0
7/1/2026 6:55,33.80599976,-0.002,0
7/1/2026 7:00,36.54899979,0.001,0
7/1/2026 7:10,39.4129982,-0.005,0
7/1/2026 7:15,40.8370018,0.009,0
7/1/2026 7:20,42.9129982,-0.005,0
7/1/2026 7:25,46.1230011,0.012,0
7/1/2026 7:30,48.4980011,0.002,0
7/1/2026 7:35,53.61800003,0.001,0
7/1/2026 7:40,62.36600113,0.003,0
7/1/2026 7:45,68.51000214,-0.004,0
7/1/2026 7:50,69.23400116,-0.001,0
7/1/2026 7:56,42.05699921,0.001,0
7/1/2026 8:01,38.875,0.005,0
7/1/2026 8:06,54.0320015,0.007,0
7/1/2026 8:11,61.33300018,0.001,0
7/1/2026 8:16,62.44200134,-0.007,0
7/1/2026 8:21,48.44100189,0.006,0
7/1/2026 8:26,36.15399933,-0.002,0
7/1/2026 8:31,14.67399979,-0.003,0
7/1/2026 8:41,6.855000019,0.017000001,0
7/1/2026 8:46,6.313000202,0.061000001,0
7/1/2026 8:51,8.045999527,0.050000001,0
7/1/2026 8:56,12.38399982,0.006,0
7/1/2026 9:01,17.94499969,0.006,0
7/1/2026 9:06,17.16300011,-0.009,0
7/1/2026 9:11,15.93400002,0.002,0
7/1/2026 9:16,20.7840004,-0.008,0
7/1/2026 9:21,31.20499992,-0.001,0
7/1/2026 9:26,39.52199936,-0.008,0
7/1/2026 9:31,20.76199913,-0.002,0
7/1/2026 9:36,20.86199951,-0.006,0
7/1/2026 9:41,23.8939991,0.003,0
7/1/2026 9:46,34.17399979,-0.005,0
7/1/2026 9:51,37.55199814,-0.001,0
7/1/2026 9:56,41.24100113,-0.002,0
7/1/2026 10:01,50.33800125,-0.009,0
7/1/2026 10:11,68.23799896,-0.004,0
7/1/2026 10:16,90.03700256,-0.004,0
7/1/2026 10:22,138.1849976,0,0
7/1/2026 10:27,165.0740051,0,0
7/1/2026 10:32,292.5299988,0,0
7/1/2026 10:37,545.1660156,0.001,0
7/1/2026 10:42,374.3789978,0,0
7/1/2026 10:47,531.1519775,0,0
7/1/2026 10:52,312.1130066,0,0
7/1/2026 10:57,153.423996,0,0
7/1/2026 11:02,122.6740036,0.001,0
7/1/2026 11:07,146.503006,0.002,0
7/1/2026 11:12,133.4649963,-0.001,0
7/1/2026 11:27,90.63999939,0,0
7/1/2026 11:32,109.2819977,-0.001,0
7/1/2026 11:37,102.0960007,0,0
7/1/2026 11:42,83.32099915,0.001,0
7/1/2026 11:47,70.68099976,-0.003,0
7/1/2026 11:52,47.62099838,0.002,0
7/1/2026 11:57,66.92900085,-0.002,0
7/1/2026 12:02,93.21099854,0.002,0
7/1/2026 12:07,117.0790024,0.003,0
7/1/2026 12:12,163.7420044,0.001,0
7/1/2026 12:17,122.4889984,-0.002,0
7/1/2026 12:22,149.2980042,-0.003,0
7/1/2026 12:27,137.6179962,0,0
7/1/2026 12:32,117.0739975,0.001,0
7/1/2026 12:37,87.17900085,0,0
7/1/2026 12:43,65.76000214,0.002,0
7/1/2026 12:48,51.63999939,0.002,0
7/1/2026 12:53,49.80599976,0.007,0
7/1/2026 12:58,55.63399887,-0.001,0
7/1/2026 13:03,68.70300293,-0.001,0
7/1/2026 13:08,87.6780014,0.003,0
7/1/2026 13:13,111.5439987,-0.001,0
7/1/2026 13:18,198.1849976,0.001,0
7/1/2026 13:23,276.6220093,0,0
7/1/2026 13:28,806.15802,0,0
7/1/2026 13:51,866.8499756,0,0
7/1/2026 13:56,888.8649902,0,0
7/1/2026 14:01,930.6010132,0,0
7/1/2026 14:06,817.0380249,0,0
7/1/2026 14:11,708.0479736,0,0
7/1/2026 14:16,554.28302,0,0
7/1/2026 14:21,325.5700073,0,0
7/1/2026 14:26,282.2470093,0.001,0
7/1/2026 14:31,503.3779907,0,0
7/1/2026 14:41,784.6539917,0,0
7/1/2026 14:46,923.40802,0,0
7/1/2026 14:51,971.2979736,0,0
7/1/2026 15:01,970.598999,0,0
7/1/2026 15:06,904.1389771,0,0
7/1/2026 15:11,953.9060059,0,0
7/1/2026 15:16,931.5369873,0,0
7/1/2026 15:21,910.9899902,0,0
7/1/2026 15:26,924.2329712,0,0
7/1/2026 15:31,897.5310059,0,0
7/1/2026 15:36,889.4500122,0,0
7/1/2026 15:41,885.815979,0,0
7/1/2026 15:47,717.4349976,0,0
7/1/2026 15:52,859.5679932,0,0
7/1/2026 15:57,360.355011,0,0
7/1/2026 16:02,441.4159851,-0.001,0
7/1/2026 16:07,856.6160278,0,0
7/1/2026 16:12,819.1779785,0,0
7/1/2026 16:17,826.8969727,0,0
7/1/2026 16:22,128.3500061,-0.004,0
7/1/2026 16:27,774.3670044,0,0
7/1/2026 16:37,190.9869995,0.001,0
7/1/2026 16:42,771.947998,0,0
7/1/2026 16:47,126.5009995,-0.001,0
7/1/2026 16:52,168.6880035,0,0
7/1/2026 16:57,142.0850067,0.004,0
7/1/2026 17:02,149.6080017,-0.001,0
7/1/2026 17:07,176.8200073,0,0
7/1/2026 17:12,642.8720093,0,0
7/1/2026 17:17,596.7269897,0,0
7/1/2026 17:22,594.7470093,0,0
7/1/2026 17:27,602.8579712,0.001,0
7/1/2026 17:32,594.1350098,0,0
7/1/2026 17:37,191.6730042,0.001,0
7/1/2026 17:42,150.3910065,0.003,0
7/1/2026 17:47,167.2799988,0.001,0
7/1/2026 18:02,118.4899979,0.002,0
7/1/2026 18:08,116.8710022,0.003,0
7/1/2026 18:18,77.11100006,-0.002,0
7/1/2026 18:23,71.67500305,-0.001,0
7/1/2026 18:28,72.75,0.002,0
7/1/2026 18:33,68.96700287,-0.002,0
7/1/2026 18:38,76.27100372,-0.002,0
7/1/2026 18:43,58.99000168,-0.001,0
7/1/2026 18:48,50.31999969,0.004,0
7/1/2026 18:53,50.09799957,0.002,0
7/1/2026 18:58,65.23699951,-0.002,0
7/1/2026 19:03,90.69300079,0.006,0
7/1/2026 19:08,98.21900177,0.001,0
7/1/2026 19:13,96.41400146,-0.004,0
7/1/2026 19:18,75.28900146,-0.001,0
7/1/2026 19:23,66.41400146,0.004,0
7/1/2026 19:28,67.31400299,-0.001,0
7/1/2026 19:33,71.94999695,0.005,0
7/1/2026 19:38,72.11199951,-0.001,0
7/1/2026 19:43,59.62099838,0.003,0
7/1/2026 19:48,50.15999985,0.002,0
7/1/2026 19:53,43.77799988,0.005,0
7/1/2026 19:58,49.41899872,-0.004,0
7/1/2026 20:03,55.41500092,-0.005,0
7/1/2026 20:08,48.49599838,0.001,0
7/1/2026 20:13,45.26399994,0.003,0
7/1/2026 20:18,43.31200027,0.003,0
7/1/2026 20:23,38.07300186,0.011,0
7/1/2026 20:29,35.02899933,0.005,0
7/1/2026 20:34,36.9280014,-0.003,0
7/1/2026 20:39,42.08200073,0.002,0
7/1/2026 20:44,40.9620018,-0.003,0
7/1/2026 20:59,19.63400078,0.012,0
7/1/2026 21:04,14.61499977,0.005,0
7/1/2026 21:09,11.80599976,-0.016000001,0
7/1/2026 21:14,8.182999611,0.015,0
7/1/2026 21:19,5.953999996,-0.007,0
7/1/2026 21:24,4.55700016,0.143999994,0
7/1/2026 21:29,2.305999994,-0.101000004,0
7/2/2026 5:40,2.305999994,-0.101000004,0
7/2/2026 5:45,3.832999945,0.064999998,0
7/2/2026 5:50,5.574999809,-0.014,0
7/2/2026 5:55,7.445000172,0.035,0
7/2/2026 6:01,9.529999733,0.008,0
7/2/2026 6:06,11.64099979,-0.007,0
7/2/2026 6:11,14.10700035,0.026000001,0
7/2/2026 6:16,16.39800072,-0.017000001,0
7/2/2026 6:21,18.85300064,0.009,0
7/2/2026 6:26,21.32099915,0.011,0
7/2/2026 6:31,26.4109993,-0.014,0
7/2/2026 6:36,27.16300011,-0.001,0
7/2/2026 6:41,29.89500046,-0.013,0
7/2/2026 6:46,31.8579998,0.001,0
7/2/2026 6:51,33.88600159,-0.001,0
7/2/2026 6:56,39.78300095,-0.005,0
7/2/2026 7:01,48.04600143,-0.003,0
7/2/2026 7:06,54.47999954,0.004,0
7/2/2026 7:11,58.24000168,0.001,0
7/2/2026 7:16,57.86399841,0.006,0
7/2/2026 7:26,70.23100281,-0.001,0
7/2/2026 7:31,68.53600311,-0.006,0
7/2/2026 7:36,91.22399902,0.002,0
7/2/2026 7:41,93.04299927,0,0
7/2/2026 7:46,92.52200317,-0.002,0
7/2/2026 7:51,94.82099915,-0.001,0
7/2/2026 7:56,97.90200043,0.003,0
7/2/2026 8:01,118.1900024,0.001,0
7/2/2026 8:06,132.2830048,0.001,0
7/2/2026 8:11,170.5440063,0,0
7/2/2026 8:16,280.7340088,-0.001,0
7/2/2026 8:22,303.5020142,0,0
7/2/2026 8:27,325.4719849,-0.001,0
7/2/2026 8:32,342.7250061,0.001,0
7/2/2026 8:37,359.9020081,-0.001,0
7/2/2026 8:42,378.9670105,-0.001,0
7/2/2026 8:47,398.0690002,0,0
7/2/2026 8:52,414.7999878,0,0
7/2/2026 8:57,435.5710144,0,0
7/2/2026 9:02,453.3729858,0,0
7/2/2026 9:07,475.1659851,0,0
7/2/2026 9:12,492.8779907,-0.001,0
7/2/2026 9:17,511.1789856,0,0
7/2/2026 9:22,527.0029907,0,0
7/2/2026 9:27,545.5999756,0.001,0
7/2/2026 9:32,560.9760132,0,0
7/2/2026 9:37,578.2349854,-0.001,0
7/2/2026 9:42,596.8800049,0,0
7/2/2026 9:47,613.710022,0.001,0
7/2/2026 9:52,632.3380127,0.001,0
7/2/2026 9:57,651.8289795,0,0
7/2/2026 10:02,668.8070068,0,0
7/2/2026 10:07,688.0640259,0,0
7/2/2026 10:12,706.1259766,0,0
7/2/2026 10:17,720.8569946,0,0
7/2/2026 10:22,736.3309937,0,0
7/2/2026 10:32,775.0579834,0,0
7/2/2026 10:37,789.2410278,0,0
7/2/2026 10:42,812.8590088,0,0
7/2/2026 10:48,828.9710083,0,0
7/2/2026 10:53,863.8610229,0,0
7/2/2026 10:58,896.3950195,0,0
7/2/2026 11:03,879.3070068,0,0
7/2/2026 11:08,886.8590088,0,0
7/2/2026 11:13,936.9050293,0,0
7/2/2026 11:23,947.0949707,0,0
7/2/2026 11:28,941.6140137,0,0
7/2/2026 11:38,965.2069702,0,0
7/2/2026 11:43,967.9810181,0,0
7/2/2026 11:48,1003.796997,0,0
7/2/2026 11:53,993.0980225,0,0
7/2/2026 11:58,998.210022,0,0
7/2/2026 12:03,1073.063965,0,0
7/2/2026 12:13,1147.300049,0,0
7/2/2026 12:18,1108.900024,0,0
7/2/2026 12:23,1076.209961,0,0
7/2/2026 12:28,1166.862061,0,0
7/2/2026 12:33,920.2219849,0,0
7/2/2026 12:38,1188.819946,0,0
7/2/2026 12:43,303.6849976,0,0
7/2/2026 12:53,317.0870056,0,0
7/2/2026 12:58,387.506012,0,0
7/2/2026 13:03,519.8829956,0.001,0
7/2/2026 13:09,285.4509888,-0.001,0
7/2/2026 13:14,802.0709839,0,0
7/2/2026 13:19,327.4549866,0,0
7/2/2026 13:24,332.8410034,0.001,0
7/2/2026 13:29,292.269989,-0.001,0
7/2/2026 13:51,1269.267944,0,0
7/2/2026 13:56,1013.69397,0,0
7/2/2026 14:01,328.8160095,0,0
7/2/2026 14:06,1166.357056,0,0
7/2/2026 14:11,1230.078003,0,0
7/2/2026 14:16,819.0510254,0,0
7/2/2026 14:22,1165.512939,0,0
7/2/2026 14:32,293.821991,0.001,0
7/2/2026 14:42,218.6380005,0,0
7/2/2026 14:47,1033.401001,0,0
7/2/2026 14:57,960.0050049,0,0
7/2/2026 15:02,958.4550171,0.001,0
7/2/2026 15:07,946.2739868,0,0
7/2/2026 15:12,938.5650024,0,0
7/2/2026 15:17,922.59198,0,0
7/2/2026 15:22,902.7910156,0,0
7/2/2026 15:27,893.2589722,0,0
7/2/2026 15:32,883.3460083,0,0
7/2/2026 15:37,873.4689941,0,0
7/2/2026 15:42,860.3200073,0,0
7/2/2026 15:47,855.3530273,0,0
7/2/2026 15:52,837.6220093,0,0
7/2/2026 15:57,818.6140137,0,0
7/2/2026 16:02,806.651001,0,0
7/2/2026 16:07,791.5469971,0,0
7/2/2026 16:17,764.7949829,0,0
7/2/2026 16:27,730.6610107,0,0
7/2/2026 16:32,717.1199951,0,0
7/2/2026 16:37,697.1420288,0,0
7/2/2026 16:43,679.4260254,0,0
7/2/2026 16:48,665.7440186,0,0
7/2/2026 16:53,646.8590088,0,0
7/2/2026 16:58,631.9949951,0,0
7/2/2026 17:03,614.8109741,0,0
7/2/2026 17:08,596.3610229,0,0
7/2/2026 17:13,575.6550293,0,0
7/2/2026 17:18,557.9849854,0,0
7/2/2026 17:23,537.5040283,0,0
7/2/2026 17:28,524.4500122,0,0
7/2/2026 17:33,515.5499878,0,0
7/2/2026 17:38,485.4949951,0,0
7/2/2026 17:43,467.6849976,0,0
7/2/2026 17:48,449.0379944,-0.001,0
7/2/2026 17:53,430.8729858,0,0
7/2/2026 17:58,410.4689941,0,0
7/2/2026 18:03,55.73899841,-0.002,0
7/2/2026 18:08,55.09600067,0.004,0
7/2/2026 18:13,54.90100098,0.006,0
7/2/2026 18:18,54.01399994,0.009,0
7/2/2026 18:23,52.80899811,0.003,0
7/2/2026 18:28,51.6609993,0.001,0
7/2/2026 18:33,50.81100082,0.002,0
7/2/2026 18:38,50.46099854,-0.002,0
7/2/2026 18:43,49.40599823,0.001,0
7/2/2026 18:48,48.65399933,0.002,0
7/2/2026 18:58,45.9659996,0.004,0
7/2/2026 19:03,45.49700165,-0.007,0
7/2/2026 19:09,44.07300186,-0.004,0
7/2/2026 19:14,43.28499985,0.003,0
7/2/2026 19:19,41.97499847,-0.008,0
7/2/2026 19:24,40.6629982,0.007,0
7/2/2026 19:29,39.4980011,-0.005,0
7/2/2026 19:34,38.58100128,0.006,0
7/2/2026 19:39,37.56800079,0.001,0
7/2/2026 19:44,36.35900116,0.003,0
7/2/2026 19:49,35.16999817,-0.001,0
7/2/2026 19:59,33.03499985,-0.003,0
7/2/2026 20:04,31.86499977,0.006,0
7/2/2026 20:09,30.93600082,0.004,0
7/2/2026 20:14,29.77300072,0.005,0
7/2/2026 20:19,28.33600044,-0.004,0
7/2/2026 20:24,23.48999977,0.014,0
7/2/2026 20:29,21.47400093,0.011,0
7/2/2026 20:34,19.96299934,0.018999999,0
7/2/2026 20:39,18.69799995,-0.004,0
7/2/2026 20:44,17.10199928,-0.007,0
7/2/2026 20:49,15.38500023,-0.005,0
7/2/2026 20:54,13.40799999,0.008,0
7/2/2026 20:59,11.66600037,-0.014,0
7/2/2026 21:04,9.807999611,-0.02,0
7/2/2026 21:09,7.952000141,0.015,0
7/2/2026 21:14,6.047999859,0.045000002,0
7/2/2026 21:19,4.256000042,-0.045000002,0
7/2/2026 21:24,2.828999996,0.066,0
7/2/2026 21:30,1.758000016,-0.022,0
7/3/2026 5:51,1.758000016,-0.022,0
7/3/2026 5:56,6.202000141,0.029999999,0
7/3/2026 6:01,9.161000252,-0.013,0
7/3/2026 6:06,11.17000008,0.003,0
7/3/2026 6:11,12.75699997,-0.009,0
7/3/2026 6:16,15.20199966,-0.008,0
7/3/2026 6:21,17.9109993,0.018999999,0
7/3/2026 6:31,25.89500046,-0.006,0
7/3/2026 6:37,24.91399956,0.011,0
7/3/2026 6:42,30.06500053,-0.004,0
7/3/2026 6:47,33.04899979,0.007,0
7/3/2026 6:52,37.46500015,0.003,0
7/3/2026 6:57,43.05099869,0.003,0
7/3/2026 7:02,45.83800125,-0.004,0
7/3/2026 7:07,46.62599945,-0.002,0
7/3/2026 7:12,55.20700073,-0.004,0
7/3/2026 7:17,68.16799927,-0.001,0
7/3/2026 7:27,55.3370018,0.005,0
7/3/2026 7:32,53.31200027,-0.009,0
7/3/2026 7:37,53.08800125,-0.001,0
7/3/2026 7:42,52.95800018,-0.004,0
7/3/2026 7:47,53.25899887,0.005,0
7/3/2026 7:52,54.94900131,-0.001,0
7/3/2026 7:57,194.0870056,-0.001,0
7/3/2026 8:02,235.848999,0,0
7/3/2026 8:07,253.3829956,0,0
7/3/2026 8:12,269.8980103,0.001,0
7/3/2026 8:17,286.855011,0,0
7/3/2026 8:22,309.4670105,0,0
7/3/2026 8:27,325.5910034,0.001,0
7/3/2026 8:32,344.8370056,0,0
7/3/2026 8:37,356.855011,0,0
7/3/2026 8:42,374.8729858,-0.001,0
7/3/2026 8:47,392.4159851,0.001,0
7/3/2026 8:52,413.3599854,0,0
7/3/2026 8:58,431.1059875,0,0
7/3/2026 9:03,453.7619934,0,0
7/3/2026 9:08,469.303009,0.001,0
7/3/2026 9:13,486.7269897,0.001,0
7/3/2026 9:18,506.6950073,0,0
7/3/2026 9:23,524.2009888,0.001,0
7/3/2026 9:28,542.9420166,0,0
7/3/2026 9:33,562.7949829,0,0
7/3/2026 9:38,579.7210083,0,0
7/3/2026 9:43,592.664978,0,0
7/3/2026 9:48,616.2160034,0,0
7/3/2026 9:58,653.5449829,0,0
7/3/2026 10:03,666.7379761,0,0
7/3/2026 10:08,679.8289795,0,0
7/3/2026 10:13,704.960022,0,0
7/3/2026 10:18,726.4069824,0,0
7/3/2026 10:28,750.3369751,0,0
7/3/2026 10:33,771.8530273,0,0
7/3/2026 10:38,788.5839844,0,0
7/3/2026 10:43,795.6550293,0,0
7/3/2026 10:45,804.2369995,0,0
7/3/2026 10:51,843.2369995,0,0
7/3/2026 11:42,961.5499878,0,0
7/3/2026 11:46,969.3120117,0,0
7/3/2026 12:02,1005.705017,0,0
7/3/2026 12:07,992.7999878,0,0
7/3/2026 17:05,216.1940002,0.001,0
7/3/2026 17:07,502.855011,0,0
7/3/2026 17:09,113.0559998,-0.003,0
7/3/2026 17:10,113.4059982,0.001,0
7/3/2026 17:13,104.8570023,-0.002,0
7/3/2026 17:14,349.4079895,0,0
7/3/2026 17:15,561.0510254,0,0
7/3/2026 17:15,566.4660034,0,0
7/3/2026 17:18,99.83499908,0.003,0
7/3/2026 17:23,380.9259949,0,0
7/3/2026 17:28,568.0180054,0,0
7/3/2026 17:33,541.8220215,0,0
7/3/2026 17:38,525.2410278,0.001,0
7/3/2026 17:43,504.4549866,0,0
7/3/2026 17:48,478.1990051,0.001,0
7/3/2026 17:53,440.8640137,0,0
7/3/2026 17:58,420.9440002,0,0
7/3/2026 18:03,63.36500168,0.003,0
7/3/2026 18:08,61.4469986,0.003,0
7/3/2026 18:13,63.47000122,-0.002,0
7/3/2026 18:18,57.75500107,0.003,0
7/3/2026 18:23,55.44100189,-0.003,0
7/3/2026 18:28,54.17100143,-0.003,0
7/3/2026 18:33,52.90100098,0.004,0
7/3/2026 18:38,51.40800095,-0.002,0
7/3/2026 18:43,50.25799942,-0.004,0
7/3/2026 18:48,49.29800034,-0.002,0
7/3/2026 18:53,48.33599854,-0.002,0
7/3/2026 18:58,47.24599838,0.01,0
7/3/2026 19:03,46.39500046,-0.003,0
7/3/2026 19:08,45.24900055,0.007,0
7/3/2026 19:13,44.05500031,0.003,0
7/3/2026 19:18,43.28300095,0.005,0
7/3/2026 19:23,42.28099823,0.001,0
7/3/2026 19:28,41.30500031,0.001,0
7/3/2026 19:33,40.44499969,-0.001,0
7/3/2026 19:38,39.3370018,0.009,0
7/3/2026 19:44,38.10499954,0.004,0
7/3/2026 19:49,37.32300186,-0.002,0
7/3/2026 19:54,36.27199936,-0.001,0
7/3/2026 19:59,35.02700043,-0.001,0
7/3/2026 20:04,32.08000183,-0.008,0
7/3/2026 20:09,32.15999985,-0.007,0
7/3/2026 20:14,30.52799988,0.013,0
7/3/2026 20:19,29.24099922,0.004,0
7/3/2026 20:24,23.96299934,0.003,0
7/3/2026 20:29,21.56100082,-0.009,0
7/3/2026 20:34,19.86100006,0.015,0
7/3/2026 20:44,16.90699959,0.01,0
7/3/2026 20:49,15.23700047,-0.008,0
7/3/2026 20:54,13.57900047,-0.012,0
7/3/2026 20:59,11.55700016,0.017000001,0
7/3/2026 21:04,9.798999786,-0.02,0
7/3/2026 21:09,7.802999973,0.005,0
7/3/2026 21:14,6.137000084,0.024,0
7/3/2026 21:19,4.526000023,-0.034000002,0
7/3/2026 21:24,3.061000109,-0.052999999,0
7/3/2026 21:29,1.648000002,0.007,0
7/4/2026 5:52,1.648000002,0.007,0
7/4/2026 5:57,7.581999779,-0.005,0
7/4/2026 6:02,9.472000122,-0.008,0
7/4/2026 6:07,11.84500027,0.02,0
7/4/2026 6:12,13.83100033,-0.016000001,0
7/4/2026 6:17,15.98900032,-0.01,0
7/4/2026 6:22,18.51000023,0.008,0
7/4/2026 6:27,20.61300087,-0.004,0
7/4/2026 6:32,24.71800041,0.002,0
7/4/2026 6:37,26.28100014,-0.003,0
7/4/2026 6:42,28.93700027,-0.004,0
7/4/2026 6:47,30.72500038,0.005,0
7/4/2026 6:52,32.72700119,0.001,0
7/4/2026 6:57,34.32699966,0.003,0
7/4/2026 7:02,35.87400055,0.007,0
7/4/2026 7:07,37.69400024,-0.009,0
7/4/2026 7:12,39.28699875,-0.01,0
7/4/2026 7:18,41.22999954,0.009,0
7/4/2026 7:23,42.72000122,-0.002,0
7/4/2026 7:28,44.32099915,0.002,0
7/4/2026 7:33,45.83499908,0.008,0
7/4/2026 7:38,47.57300186,0.002,0
7/4/2026 7:43,49.01300049,-0.002,0
7/4/2026 7:48,50.65100098,0.003,0
7/4/2026 7:53,52.0890007,-0.004,0
7/4/2026 7:58,222.2449951,0.001,0
7/4/2026 8:08,260.3840027,0,0
7/4/2026 8:18,294.480011,0.002,0
7/4/2026 8:23,312.1830139,-0.001,0
7/4/2026 8:28,332.5620117,0,0
7/4/2026 8:33,352.4890137,-0.001,0
7/4/2026 8:38,373.0950012,0.001,0
7/4/2026 8:48,411.743988,0,0
7/4/2026 8:53,429.1090088,0,0
7/4/2026 8:58,447.5660095,0,0
7/4/2026 9:03,467.1860046,0.001,0
7/4/2026 9:08,489.5450134,0,0
7/4/2026 9:13,509.0190125,0,0
7/4/2026 9:18,528.5620117,0,0
7/4/2026 9:23,545.7600098,0.001,0
7/4/2026 9:28,563.9869995,0,0
7/4/2026 9:33,583.0650024,0,0
7/4/2026 9:44,615.6630249,-0.001,0
7/4/2026 9:49,633.0540161,0,0
7/4/2026 9:54,650.6400146,0,0
7/4/2026 10:04,685.3540039,0,0
7/4/2026 10:09,701.5449829,0,0
7/4/2026 10:14,721.5360107,0.001,0
7/4/2026 10:19,737.2249756,0,0
7/4/2026 10:29,770.4160156,0,0
7/4/2026 10:34,784.5209961,0,0
7/4/2026 10:39,800.447998,0,0
7/4/2026 10:44,814.2219849,0,0
7/4/2026 10:49,829.5819702,0,0
7/4/2026 10:54,845.125,0,0
7/4/2026 10:59,860.4940186,0,0
7/4/2026 11:04,873.5410156,0,0
7/4/2026 11:09,887.1970215,0,0
7/4/2026 11:14,902.507019,0,0
7/4/2026 11:19,915.4580078,0,0
7/4/2026 11:24,926.1669922,0,0
7/4/2026 11:29,936.677002,0,0
7/4/2026 11:34,945.1270142,0,0
7/4/2026 11:39,956.5230103,0,0
7/4/2026 11:44,964.210022,0,0
7/4/2026 11:49,976.3469849,0,0
7/4/2026 11:54,987.7969971,0,0
7/4/2026 11:59,992.8510132,0,0
7/4/2026 12:05,1000.702026,0,0
7/4/2026 12:10,1005.156982,0,0
7/4/2026 12:15,1010.687988,0,0
7/4/2026 12:20,1015.64801,0,0
7/4/2026 12:25,1020.817993,0,0
7/4/2026 12:30,1024.77002,0,0
7/4/2026 12:35,1030.223022,0,0
7/4/2026 12:40,1028.53894,0,0
7/4/2026 12:45,1033.569946,0,0
7/4/2026 12:50,1037.573975,0,0
7/4/2026 12:55,1038.384033,0,0
7/4/2026 13:00,1041.115967,0,0
7/4/2026 13:05,1034.567017,0,0
7/4/2026 13:10,1034.092041,0,0
7/4/2026 13:15,1032.54895,0,0
7/4/2026 13:20,1028.527954,0,0
7/4/2026 13:25,1035.626953,0,0
7/4/2026 13:52,1021.445007,0,0
7/4/2026 13:57,1017.396973,0,0
7/4/2026 14:02,1011.487976,0,0
7/4/2026 14:07,1008.223999,0,0
7/4/2026 14:12,1005.43103,0,0
7/4/2026 14:17,1006.721985,0,0
7/4/2026 14:22,1011.151978,0,0
7/4/2026 14:27,1003.588989,0,0
7/4/2026 14:32,998.690979,0,0
7/4/2026 14:37,994.4229736,0,0
7/4/2026 14:42,985.5999756,0,0
7/4/2026 14:47,980.5969849,0,0
7/4/2026 14:52,972.9760132,0,0
7/4/2026 14:57,966.8480225,0,0
7/4/2026 15:02,957.6959839,0,0
7/4/2026 15:08,949.4650269,0,0
7/4/2026 15:13,938.3410034,0,0
7/4/2026 15:18,931.4650269,0,0
7/4/2026 15:23,920.598999,0,0
7/4/2026 15:28,908.2080078,0.001,0
7/4/2026 15:33,895.6339722,0,0
7/4/2026 15:43,870.7180176,0,0
7/4/2026 15:48,856.3070068,-0.001,0
7/4/2026 15:53,841.3709717,0,0
7/4/2026 15:58,829.2689819,0,0
7/4/2026 16:03,816.1030273,0,0
7/4/2026 16:08,804.4069824,0,0
7/4/2026 16:13,792.9420166,0,0
7/4/2026 16:18,776.1950073,0,0
7/4/2026 16:23,758.6010132,-0.001,0
7/4/2026 16:28,744.2789917,0,0
7/4/2026 16:33,724.4749756,-0.001,0
7/4/2026 16:38,710.2520142,0,0
7/4/2026 16:43,697.3870239,0,0
7/4/2026 16:48,677.9219971,0,0
7/4/2026 16:53,664.0780029,0,0
7/4/2026 16:58,647.5020142,0,0
7/4/2026 17:03,629.8170166,0,0
7/4/2026 17:08,611.3300171,0.001,0
7/4/2026 17:13,592.3909912,0,0
7/4/2026 17:18,573.6779785,0,0
7/4/2026 17:23,555.6640015,0,0
7/4/2026 17:28,538.8430176,0,0
7/4/2026 17:34,532.8640137,0,0
7/4/2026 17:39,500.0020142,0.001,0
7/4/2026 17:44,480.5299988,0,0
7/4/2026 17:49,461.3580017,0,0
7/4/2026 17:54,442.8959961,0,0
7/4/2026 17:59,424.6329956,0,0
7/4/2026 18:04,51.65299988,0.007,0
7/4/2026 18:09,49.91500092,-0.005,0
7/4/2026 18:14,49.11500168,0.004,0
7/4/2026 18:19,47.97900009,0.003,0
7/4/2026 18:29,46.35200119,-0.002,0
7/4/2026 18:34,46.09799957,0.008,0
7/4/2026 18:39,45.22499847,0.009,0
7/4/2026 18:44,44.0909996,-0.002,0
7/4/2026 18:49,43.65000153,0.003,0
7/4/2026 18:54,42.88499832,0.003,0
7/4/2026 18:59,42.20100021,0.003,0
7/4/2026 19:04,41.34600067,-0.003,0
7/4/2026 19:09,40.27700043,-0.002,0
7/4/2026 19:14,39.67300034,0.001,0
7/4/2026 19:19,38.5870018,0.001,0
7/4/2026 19:24,37.73300171,-0.001,0
7/4/2026 19:29,37.08300018,0.002,0
7/4/2026 19:34,35.92699814,0.009,0
7/4/2026 19:39,35.20199966,-0.005,0
7/4/2026 19:44,34.29000092,-0.002,0
7/4/2026 19:49,33.41899872,-0.001,0
7/4/2026 19:55,32.55099869,0.007,0
7/4/2026 20:00,31.63400078,0.001,0
7/4/2026 20:05,30.64900017,-0.001,0
7/4/2026 20:10,29.75799942,0.003,0
7/4/2026 20:15,28.8409996,0.004,0
7/4/2026 20:20,27.49500084,0.01,0
7/4/2026 20:25,22.06599998,-0.002,0
7/4/2026 20:30,20.35400009,0.004,0
7/4/2026 20:35,18.84600067,-0.008,0
7/4/2026 20:40,17.37400055,-0.007,0
7/4/2026 20:45,15.9630003,0.01,0
7/4/2026 20:50,14.13300037,0.011,0
7/4/2026 20:55,12.45699978,0.012,0
7/4/2026 21:00,10.80500031,0.021,0
7/4/2026 21:05,9.081000328,-0.025,0
7/4/2026 21:10,7.153999805,-0.041999999,0
7/4/2026 21:15,5.693999767,0.048999999,0
7/4/2026 21:20,4.212999821,0.028000001,0
7/4/2026 21:25,2.680999994,0.125,0
7/4/2026 21:30,1.258999944,-0.032000002,0
7/5/2026 5:53,1.258999944,-0.032000002,0
7/5/2026 5:58,7.18900013,0.054000001,0
7/5/2026 6:03,9.031000137,-0.013,0
7/5/2026 6:08,11.48999977,-0.016000001,0
7/5/2026 6:13,13.33500004,0.026000001,0
7/5/2026 6:18,15.9090004,0.01,0
7/5/2026 6:28,20.18499947,-0.008,0
7/5/2026 6:33,22.99900055,-0.003,0
7/5/2026 6:38,25.7329998,0.001,0
7/5/2026 6:43,27.61800003,-0.001,0
7/5/2026 6:48,29.38699913,0.01,0
7/5/2026 6:53,31.18400002,0.009,0
7/5/2026 6:58,32.53699875,0.006,0
7/5/2026 7:03,34.3429985,-0.008,0
7/5/2026 7:08,35.23699951,0.005,0
7/5/2026 7:13,36.45700073,-0.007,0
7/5/2026 7:23,38.86399841,-0.003,0
7/5/2026 7:28,40.22600174,-0.003,0
7/5/2026 7:33,41.29100037,-0.002,0
7/5/2026 7:38,42.43399811,-0.003,0
7/5/2026 7:43,43.6780014,0.002,0
7/5/2026 7:48,44.50699997,0.004,0
7/5/2026 7:53,46.16899872,-0.001,0
7/5/2026 7:58,229.798996,-0.001,0
7/5/2026 8:14,283.2590027,0.001,0
7/5/2026 8:19,301.3460083,-0.001,0
7/5/2026 8:24,318.8210144,0,0
7/5/2026 8:29,335.9840088,0.001,0
7/5/2026 8:34,354.0429993,0.001,0
7/5/2026 8:44,393.0859985,0,0
7/5/2026 8:49,410.0870056,0,0
7/5/2026 8:54,428.118988,0,0
7/5/2026 8:59,444.7730103,0,0
7/5/2026 9:04,463.8510132,-0.001,0
7/5/2026 9:09,480.3890076,0,0
7/5/2026 9:14,499.6619873,0,0
7/5/2026 9:19,520.0159912,0,0
7/5/2026 9:24,534.427002,0,0
7/5/2026 9:29,552.3289795,0,0
7/5/2026 9:34,569.8900146,0,0
7/5/2026 9:39,587.9459839,0,0
7/5/2026 9:44,604.5620117,0,0
7/5/2026 9:49,622.6129761,0,0
7/5/2026 9:54,639.7810059,0,0
7/5/2026 9:59,656.0300293,0,0
7/5/2026 10:04,674.367981,0,0
7/5/2026 10:09,692.6630249,0,0
7/5/2026 10:14,707.8469849,0,0
7/5/2026 10:19,727.1270142,0,0
7/5/2026 10:24,742.0939941,0,0
7/5/2026 10:30,755.9180298,0,0
7/5/2026 10:35,771.5469971,0,0
7/5/2026 10:40,787.117981,0,0
7/5/2026 10:45,803.3530273,0,0
7/5/2026 10:55,835.2769775,0,0
7/5/2026 11:00,848.5460205,0,0
7/5/2026 11:05,864.5739746,0,0
7/5/2026 11:10,878.0430298,0.001,0
7/5/2026 11:15,887.5889893,0,0
7/5/2026 11:20,900.5900269,0,0
7/5/2026 11:25,910.3699951,0.001,0
7/5/2026 11:30,920.5440063,0,0
7/5/2026 11:35,930.585022,0,0
7/5/2026 11:40,941.5770264,0,0
7/5/2026 11:45,950.0869751,0,0
7/5/2026 11:50,961.1699829,0.001,0
7/5/2026 11:55,968.1530151,0,0
7/5/2026 12:00,972.164978,0,0
7/5/2026 12:10,989.2369995,0,0
7/5/2026 12:15,994.085022,0,0
7/5/2026 12:20,1001.521973,0,0
7/5/2026 12:25,1003.689026,0,0
7/5/2026 12:30,1006.786987,0,0
7/5/2026 12:35,1009.656982,0,0
7/5/2026 12:40,1015.03302,0,0
7/5/2026 12:45,1017.76001,0,0
7/5/2026 12:51,1018.909973,0,0
7/5/2026 12:56,1019.494995,0,0
7/5/2026 13:01,1025.224976,0,0
7/5/2026 13:06,1021.572998,0,0
7/5/2026 13:11,1022.375,0,0
7/5/2026 13:16,1024.286011,0,0
7/5/2026 13:21,1026.141968,-0.001,0
7/5/2026 13:31,1024.352051,0,0
7/5/2026 13:53,1017.867004,0,0
7/5/2026 13:58,1014.440979,-0.001,0
7/5/2026 14:03,1010.203003,0,0
7/5/2026 14:08,1009.531006,0,0
7/5/2026 14:13,1004.250977,0,0
7/5/2026 14:18,1000.255981,0,0
7/5/2026 14:23,993.9199829,0,0
7/5/2026 14:28,987.7420044,0,0
7/5/2026 14:33,980.0460205,0,0
7/5/2026 14:38,977.7299805,0,0
7/5/2026 14:43,972.2990112,0,0
7/5/2026 14:48,966.8779907,0,0
7/5/2026 14:53,956.434021,0,0
7/5/2026 14:58,951.3389893,0,0
7/5/2026 15:03,939.7839966,0,0
7/5/2026 15:08,931.8469849,0,0
7/5/2026 15:13,921.5980225,0,0
7/5/2026 15:18,912.7379761,0,0
7/5/2026 15:24,899.3599854,0,0
7/5/2026 15:34,869.6339722,0,0
7/5/2026 15:39,858.7340088,0,0
7/5/2026 15:44,850.9390259,0,0
7/5/2026 15:49,839.4829712,0,0
7/5/2026 15:54,825.0349731,0.001,0
7/5/2026 15:59,807.1090088,0,0
7/5/2026 16:04,794.7930298,0,0
7/5/2026 16:09,784.9530029,0,0
7/5/2026 16:14,772.1849976,0,0
7/5/2026 16:19,778.2310181,0,0
7/5/2026 16:24,546.3220215,0,0
7/5/2026 16:29,355.3190002,0,0
7/5/2026 16:34,573.7069702,0,0
7/5/2026 16:39,678.7999878,0,0
7/5/2026 16:44,549.7990112,0.001,0
7/5/2026 16:49,479.1570129,0,0
7/5/2026 16:54,497.6950073,0,0
7/5/2026 16:59,318.4179993,0.001,0
7/5/2026 17:04,508.4909973,0,0
7/5/2026 17:09,370.2950134,0.001,0
7/5/2026 17:14,237.9179993,-0.001,0
7/5/2026 17:19,341.8630066,-0.001,0
7/5/2026 17:24,614.2379761,0,0
7/5/2026 17:29,551.3530273,0,0
7/5/2026 17:34,462.8110046,0,0
7/5/2026 17:39,361.1950073,0.001,0
7/5/2026 17:44,278.2399902,0,0
7/5/2026 17:50,264.8640137,-0.001,0
7/5/2026 17:55,440.5140076,0.001,0
7/5/2026 18:00,261.0029907,-0.002,0
7/5/2026 18:05,135.1750031,0.001,0
7/5/2026 18:10,158.6230011,0,0
7/5/2026 18:15,156.1829987,0.004,0
7/5/2026 18:20,150.4909973,0.001,0
7/5/2026 18:25,158.022995,-0.001,0
7/5/2026 18:30,137.7779999,0.002,0
7/5/2026 18:35,132.6699982,0.001,0
7/5/2026 18:40,130.3840027,0.002,0
7/5/2026 18:45,127.0289993,0.003,0
7/5/2026 18:50,109.0449982,0.001,0
7/5/2026 18:55,113.689003,-0.002,0
7/5/2026 19:00,129.4129944,0.003,0
7/5/2026 19:05,110.2129974,-0.003,0
7/5/2026 19:10,104.0370026,0.001,0
7/5/2026 19:15,95.51100159,0.002,0
7/5/2026 19:20,80.99500275,-0.001,0
7/5/2026 19:30,63.84500122,0.001,0
7/5/2026 19:35,68.40200043,0.001,0
7/5/2026 19:40,64.64900208,-0.001,0
7/5/2026 19:45,60.6570015,0.001,0
7/5/2026 19:50,57.88499832,0.004,0
7/5/2026 19:55,45.72299957,-0.002,0
7/5/2026 20:00,41.29600143,0.003,0
7/5/2026 20:11,33.74200058,0.002,0
7/5/2026 20:16,32.05899811,-0.006,0
7/5/2026 20:21,29.68499947,0.003,0
7/5/2026 20:26,25.63699913,-0.02,0
7/5/2026 20:31,24.96500015,0.003,0
7/5/2026 20:36,22.27799988,0.01,0
7/5/2026 20:41,17.93600082,0.004,0
7/5/2026 20:46,16.19000053,-0.002,0
7/5/2026 20:51,15.73499966,0.005,0
7/5/2026 20:56,14.32900047,-0.017000001,0
7/5/2026 21:01,12.70899963,0.003,0
7/5/2026 21:06,9.954000473,0.018999999,0
7/5/2026 21:11,8.199000359,-0.015,0
7/5/2026 21:16,6.232999802,0.039000001,0
7/5/2026 21:21,3.894000053,-0.079000004,0
7/5/2026 21:26,1.409999967,-0.273999989,0
7/6/2026 5:53,1.409999967,-0.273999989,0
7/6/2026 5:58,8.081999779,-0.014,0
7/6/2026 6:03,10.94900036,-0.007,0
7/6/2026 6:13,15.77799988,0.002,0
7/6/2026 6:18,18.31299973,-0.015,0
7/6/2026 6:23,20.5909996,-0.006,0
7/6/2026 6:28,23.06100082,0.008,0
7/6/2026 6:34,26.41399956,-0.001,0
7/6/2026 6:44,32.16199875,0.002,0
7/6/2026 6:54,35.59500122,-0.001,0
7/6/2026 7:04,38.81399918,-0.009,0
7/6/2026 7:09,39.86600113,0.005,0
7/6/2026 7:14,41.29399872,-0.003,0
7/6/2026 7:19,42.7820015,-0.005,0
7/6/2026 7:24,44.7820015,-0.001,0
7/6/2026 7:29,47.77600098,0.002,0
7/6/2026 7:39,52.15800095,-0.003,0
7/6/2026 7:44,54.30199814,0.005,0
7/6/2026 7:49,55.92900085,0.003,0
7/6/2026 7:54,66.36100006,-0.001,0
7/6/2026 7:59,217.3829956,-0.001,0
7/6/2026 8:04,248.6860046,0,0
7/6/2026 8:09,263.0289917,-0.001,0
7/6/2026 8:14,267.7999878,-0.002,0
7/6/2026 8:19,304.4049988,0,0
7/6/2026 8:24,322.8980103,0.001,0
7/6/2026 8:34,330.6740112,0,0
7/6/2026 8:39,332.5010071,0.001,0
7/6/2026 8:44,330.8110046,0.001,0
7/6/2026 8:54,401.8349915,0,0
7/6/2026 9:00,395.4060059,0.001,0
7/6/2026 9:05,422.7780151,0,0
7/6/2026 9:10,472.0020142,0,0
7/6/2026 9:15,487.1289978,0,0
7/6/2026 9:20,506.2879944,0,0
7/6/2026 9:25,538.4219971,0,0
7/6/2026 9:30,525.367981,0,0
7/6/2026 9:35,532.1939697,0,0
7/6/2026 9:40,601.7600098,0,0
7/6/2026 9:45,617.8930054,0,0
7/6/2026 9:50,641.4349976,0,0
7/6/2026 9:55,621.6420288,0,0
7/6/2026 10:00,652.9530029,0,0
7/6/2026 10:05,615.8209839,0,0
7/6/2026 10:10,674.9580078,0,0
7/6/2026 10:15,699.3049927,0,0
7/6/2026 10:20,691.3709717,0,0
7/6/2026 10:25,758.585022,0,0
7/6/2026 10:30,765.7230225,0,0
7/6/2026 10:35,819.6160278,0,0
7/6/2026 10:40,772.0709839,0,0
7/6/2026 10:45,803.5269775,0,0
7/6/2026 10:50,841.1569824,0,0
7/6/2026 10:55,809.6500244,0,0
7/6/2026 11:03,836.3460083,0,0
7/6/2026 11:08,726.4299927,0,0
7/6/2026 11:13,784.3950195,0,0
7/6/2026 11:18,813.9699707,0,0
7/6/2026 11:23,786.1439819,0,0
7/6/2026 11:28,848.2030029,0,0
7/6/2026 11:33,927.3989868,0,0
7/6/2026 11:38,943.7990112,0,0
7/6/2026 11:43,921.0969849,0,0
7/6/2026 11:48,942.3270264,0,0
7/6/2026 11:53,953.4219971,0,0
7/6/2026 11:58,1003.258972,0,0
7/6/2026 12:03,974.8300171,0,0
7/6/2026 12:08,1014.195007,0,0
7/6/2026 12:18,1016.841003,0,0
7/6/2026 12:23,1016.927979,0,0
7/6/2026 12:28,1022.103027,0,0
7/6/2026 12:33,1025.472046,0,0
7/6/2026 12:38,1016.968994,0,0
7/6/2026 12:43,1022.309021,0,0
7/6/2026 12:53,1038.064941,0,0
7/6/2026 12:58,1029.563965,0,0
7/6/2026 13:03,1029.671021,0,0
7/6/2026 13:09,1012.36499,0,0
7/6/2026 13:14,1024.906006,0,0
7/6/2026 13:19,1035.82605,0,0
7/6/2026 13:24,1038.974976,0,0
7/6/2026 13:29,1034.349976,0,0
7/6/2026 13:52,1027.469971,0,0
7/6/2026 13:57,1028.235962,0,0
7/6/2026 14:02,1000.559998,0,0
7/6/2026 14:07,1003.757019,0,0
7/6/2026 14:12,1016.61499,0,0
7/6/2026 14:17,1014.422974,0,0
7/6/2026 14:22,1005.890015,0,0
7/6/2026 14:27,995.5150146,0,0
7/6/2026 14:32,992.2769775,0,0
7/6/2026 14:37,986.0910034,0,0
7/6/2026 14:42,983.4290161,0,0
7/6/2026 14:52,966.4910278,0,0
7/6/2026 14:57,960.5910034,0,0
7/6/2026 15:02,948.0780029,0,0
7/6/2026 15:07,939.098999,0,0
7/6/2026 15:12,927.0579834,0,0
7/6/2026 15:17,920.7089844,0,0
7/6/2026 15:22,906.2860107,0,0
7/6/2026 15:27,898.065979,0,0
7/6/2026 15:32,885.4650269,0,0
7/6/2026 15:37,872.9210205,0,0
7/6/2026 15:42,864.742981,0,0
7/6/2026 15:47,853.0469971,0,0
7/6/2026 15:53,840.9580078,0,0
7/6/2026 15:58,827.4790039,0,0
7/6/2026 16:08,832.8959961,0,0
7/6/2026 16:13,887.9910278,0,0
7/6/2026 16:18,284.7999878,0.001,0
7/6/2026 16:23,662.526001,0,0
7/6/2026 16:28,768.9940186,0,0
7/6/2026 16:33,754.21698,0,0
7/6/2026 16:38,728.757019,0,0
7/6/2026 16:43,768.4160156,0,0
7/6/2026 16:48,401.3099976,0.001,0
7/6/2026 16:53,245.8419952,0,0
7/6/2026 16:58,240.4179993,0,0
7/6/2026 17:03,302.0079956,0,0
7/6/2026 17:08,304.321991,0.001,0
7/6/2026 17:13,672.6370239,0,0
7/6/2026 17:18,608.7949829,0,0
7/6/2026 17:23,552.25,0,0
7/6/2026 17:28,433.1369934,0,0
7/6/2026 17:33,454.105011,-0.001,0
7/6/2026 17:38,473.9060059,0,0
7/6/2026 17:43,411.5140076,0,0
7/6/2026 17:53,390.7090149,0.001,0
7/6/2026 17:58,439.8649902,0,0
7/6/2026 18:03,89.47399902,-0.003,0
7/6/2026 18:08,82.72000122,0.005,0
7/6/2026 18:13,99.68699646,0,0
7/6/2026 18:19,107.8170013,-0.002,0
7/6/2026 18:24,121.2340012,0.001,0
7/6/2026 18:29,114.5550003,-0.001,0
7/6/2026 18:34,102.3909988,-0.002,0
7/6/2026 18:39,102.5759964,-0.001,0
7/6/2026 18:44,121.1699982,0.002,0
7/6/2026 18:49,118.3769989,0.002,0
7/6/2026 18:54,87.76000214,0.002,0
7/6/2026 18:59,65.79699707,0.001,0
7/6/2026 19:04,54.5530014,-0.001,0
7/6/2026 19:09,51.75999832,-0.001,0
7/6/2026 19:14,48.49399948,0.003,0
7/6/2026 19:19,45.01900101,-0.004,0
7/6/2026 19:24,43.25899887,0.005,0
7/6/2026 19:29,41.14500046,-0.007,0
7/6/2026 19:34,39.86600113,0.002,0
7/6/2026 19:39,38.82500076,-0.002,0
7/6/2026 19:49,35.6570015,0.009,0
7/6/2026 19:59,34.20800018,-0.002,0
7/6/2026 20:04,33.48300171,0.005,0
7/6/2026 20:09,31.87400055,-0.002,0
7/6/2026 20:14,29.91799927,0.008,0
7/6/2026 20:19,29.48600006,0.005,0
7/6/2026 20:24,24.74699974,-0.005,0
7/6/2026 20:29,23.55900002,-0.01,0
7/6/2026 20:34,22.61000061,0.02,0
7/6/2026 20:40,21.02400017,0.006,0
7/6/2026 20:45,19.18400002,0.006,0
7/6/2026 20:50,17.45599937,0.002,0
7/6/2026 20:55,14.85499954,-0.003,0
7/6/2026 21:00,12.6079998,0.016000001,0
7/6/2026 21:05,9.904000282,-0.004,0
7/6/2026 21:10,7.633999825,0.061000001,0
7/6/2026 21:15,5.202000141,0.008,0
7/6/2026 21:20,2.953000069,-0.079000004,0
7/6/2026 21:25,1.36500001,0.052000001,0
7/6/2026 21:30,0.224999994,-0.172000006,0
7/7/2026 5:49,0.224999994,-0.172000006,0
7/7/2026 5:54,5.133999825,0.029999999,0
7/7/2026 6:04,8.505000114,-0.009,0
7/7/2026 6:09,10.58500004,0.048999999,0
7/7/2026 6:14,12.88199997,-0.014,0
7/7/2026 6:19,15.32600021,0.017999999,0
7/7/2026 6:24,17.67300034,-0.025,0
7/7/2026 6:29,19.59700012,-0.002,0
7/7/2026 6:34,21.97500038,0.005,0
7/7/2026 6:44,26.75499916,0.004,0
7/7/2026 6:49,28.88199997,-0.012,0
7/7/2026 6:54,30.28800011,0.008,0
7/7/2026 6:59,31.5909996,-0.004,0
7/7/2026 7:04,32.91999817,-0.015,0
7/7/2026 7:09,36.38700104,-0.008,0
7/7/2026 7:14,36.84600067,0.003,0
7/7/2026 7:19,39.56600189,-0.007,0
7/7/2026 7:24,43.33300018,-0.006,0
7/7/2026 7:30,48.75400162,0.004,0
7/7/2026 7:35,50.05899811,0.004,0
7/7/2026 7:45,54.79299927,-0.004,0
7/7/2026 7:50,59.43799973,0.004,0
7/7/2026 7:55,104.8590012,-0.001,0
7/7/2026 8:05,213.7870026,0,0
7/7/2026 8:10,243.7810059,0,0
7/7/2026 8:15,271.1789856,0.001,0
7/7/2026 8:20,262.0339966,-0.001,0
7/7/2026 8:25,274.6830139,-0.001,0
7/7/2026 8:30,301.5270081,0,0
7/7/2026 8:40,349.2390137,0,0
7/7/2026 8:45,379.4419861,0,0
7/7/2026 8:50,372.6990051,0,0
7/7/2026 9:00,439.625,-0.001,0
7/7/2026 9:05,458.1090088,-0.001,0
7/7/2026 9:10,481.2269897,0,0
7/7/2026 9:15,456.447998,0.001,0
7/7/2026 9:20,492.0499878,0.001,0
7/7/2026 9:25,545.1680298,0.001,0
7/7/2026 9:35,565.742981,0,0
7/7/2026 9:40,591.0579834,0,0
7/7/2026 9:45,614.9390259,0,0
7/7/2026 9:56,661.5679932,0,0
7/7/2026 10:01,635.1110229,0,0
7/7/2026 10:06,725.1359863,0,0
7/7/2026 10:11,615.9769897,0,0
7/7/2026 10:16,688.9749756,0,0
7/7/2026 10:21,737.8939819,0,0
7/7/2026 10:26,757.5200195,0,0
7/7/2026 10:31,776.367981,0,0
7/7/2026 10:36,789.1309814,0,0
7/7/2026 10:41,803.2479858,0,0
7/7/2026 10:46,818.3540039,0,0
7/7/2026 10:51,833.151001,0,0
7/7/2026 10:56,850.2849731,0,0
7/7/2026 11:01,861.1749878,0,0
7/7/2026 11:06,871.940979,0,0
7/7/2026 11:11,883.6660156,0,0
7/7/2026 11:16,893.6849976,0,0
7/7/2026 11:21,902.0780029,0,0
7/7/2026 11:26,915.7520142,0,0
7/7/2026 11:31,925.4569702,0,0
7/7/2026 11:36,937.4879761,0,0
7/7/2026 11:41,946.6569824,0,0
7/7/2026 11:46,957.7329712,0,0
7/7/2026 11:51,972.3569946,0,0
7/7/2026 11:56,980.2969971,0,0
7/7/2026 12:01,992.6329956,0,0
7/7/2026 12:06,1000.310974,0,0
7/7/2026 12:11,1002.088989,0,0
7/7/2026 12:17,996.7630005,0,0
7/7/2026 12:22,1019.854004,0,0
7/7/2026 12:27,1022.369995,0,0
7/7/2026 12:32,972.6829834,0,0
7/7/2026 12:37,989.0319824,0,0
7/7/2026 12:42,1065.879028,0,0
7/7/2026 12:47,1014.736023,0,0
7/7/2026 12:52,929.6849976,0,0
7/7/2026 12:57,901.5570068,0,0
7/7/2026 13:02,655.1500244,0,0
7/7/2026 13:07,819.4060059,0,0
7/7/2026 13:12,738.3839722,0,0
7/7/2026 13:17,554.5780029,0,0
7/7/2026 13:22,882.6010132,0,0
7/7/2026 13:32,987.0449829,0,0
7/7/2026 13:55,827.8170166,0,0
7/7/2026 14:00,986.2399902,0,0
7/7/2026 14:05,792.2219849,0,0
7/7/2026 14:10,946.6610107,0,0
7/7/2026 14:15,616.6669922,-0.001,0
7/7/2026 14:20,514.809021,0,0
7/7/2026 14:25,479.5979919,0,0
7/7/2026 14:30,556.0009766,0,0
7/7/2026 14:35,614.375,0,0
7/7/2026 14:40,918.2030029,0,0
7/7/2026 14:45,648.0089722,0,0
7/7/2026 14:50,587.9589844,0,0
7/7/2026 14:55,452.9670105,-0.001,0
7/7/2026 15:00,467.6109924,0.001,0
7/7/2026 15:05,646.2470093,0,0
7/7/2026 15:11,685.2800293,0,0
7/7/2026 15:16,744.8410034,0,0
7/7/2026 15:21,523.5789795,0,0
7/7/2026 15:26,506.4779968,0,0
7/7/2026 15:31,639.6779785,0,0
7/7/2026 15:36,761.6939697,0,0
7/7/2026 15:41,702.4370117,0,0
7/7/2026 15:46,812.0430298,0,0
7/7/2026 15:51,787.7440186,0,0
7/7/2026 15:56,788.2509766,0,0
7/7/2026 16:01,507.1499939,0,0
7/7/2026 16:06,478.0710144,0.001,0
7/7/2026 16:11,390.6560059,0,0
7/7/2026 16:16,493.0329895,0,0
7/7/2026 16:26,770.2719727,0,0
7/7/2026 16:31,745.5020142,0,0
7/7/2026 16:36,579.7490234,0,0
7/7/2026 16:41,350.04599,0.001,0
7/7/2026 16:46,366.5369873,-0.001,0
7/7/2026 16:51,512.53302,0,0
7/7/2026 17:01,367.0190125,0,0
7/7/2026 17:11,277.098999,-0.001,0
7/7/2026 17:16,249.2070007,0.002,0
7/7/2026 17:21,253.7420044,0,0
7/7/2026 17:26,224.0549927,0,0
7/7/2026 17:32,231.9149933,0,0
7/7/2026 17:37,220.7819977,0.001,0
7/7/2026 17:42,245.3190002,0,0
7/7/2026 17:47,218.3130035,0.001,0
7/7/2026 17:52,226.173996,-0.002,0
7/7/2026 17:57,225.9309998,0.001,0
7/7/2026 18:02,230.6009979,-0.002,0
7/7/2026 18:07,203.0390015,0,0
7/7/2026 18:12,197.2180023,0.001,0
7/7/2026 18:17,189.5679932,-0.002,0
7/7/2026 18:22,176.4340057,0.002,0
7/7/2026 18:27,157.4490051,0,0
7/7/2026 18:32,142.1670074,-0.001,0
7/7/2026 18:37,135.6730042,0.001,0
7/7/2026 18:42,126.5899963,0.003,0
7/7/2026 18:47,123.2389984,0.005,0
7/7/2026 18:52,121.4509964,0.001,0
7/7/2026 18:57,119.6050034,0.001,0
7/7/2026 19:02,113.6849976,-0.002,0
7/7/2026 19:07,104.2129974,0.002,0
7/7/2026 19:12,94.73400116,0.002,0
7/7/2026 19:17,87.81700134,0.001,0
7/7/2026 19:22,80.93299866,0,0
7/7/2026 19:27,79.55699921,0.002,0
7/7/2026 19:32,74.21299744,0.002,0
7/7/2026 19:37,68.87999725,-0.003,0
7/7/2026 19:42,66.9280014,0.004,0
7/7/2026 19:52,61.47399902,0.003,0
7/7/2026 19:58,56.07099915,-0.005,0
7/7/2026 20:03,49.92599869,0.007,0
7/7/2026 20:08,44.42200089,0.002,0
7/7/2026 20:13,39.72299957,-0.006,0
7/7/2026 20:18,37.10400009,-0.003,0
7/7/2026 20:23,33.36199951,-0.001,0
7/7/2026 20:28,28.56500053,-0.011,0
7/7/2026 20:33,26.5189991,0.003,0
7/7/2026 20:43,22.75900078,-0.007,0
7/7/2026 20:48,21.2689991,-0.013,0
7/7/2026 20:58,17.9090004,-0.015,0
7/7/2026 21:03,15.22999954,0.016000001,0
7/7/2026 21:08,11.52000046,-0.01,0
7/7/2026 21:13,8.840999603,-0.023,0
7/7/2026 21:18,7.725999832,0.045000002,0
7/7/2026 21:23,2.361000061,-0.034000002,0
7/8/2026 5:49,2.361000061,-0.034000002,0
7/8/2026 5:54,4.247000217,0.017999999,0
7/8/2026 5:59,5.879000187,-0.034000002,0
7/8/2026 6:04,7.758999825,-0.030999999,0
7/8/2026 6:09,10.19200039,0.028000001,0
7/8/2026 6:15,12.64500046,-0.021,0
7/8/2026 6:20,15.0170002,0.003,0
7/8/2026 6:25,18.06200027,0.017000001,0
7/8/2026 6:30,21.25,0.006,0
7/8/2026 6:35,23.92200089,-0.002,0
7/8/2026 6:40,27.53800011,0.01,0
7/8/2026 6:45,29.8579998,-0.001,0
7/8/2026 6:50,32.11700058,0.016000001,0
7/8/2026 6:55,34.19900131,0.003,0
7/8/2026 7:00,35.8769989,-0.002,0
7/8/2026 7:05,37.68000031,0.006,0
7/8/2026 7:10,39.48799896,0.001,0
7/8/2026 7:20,42.88700104,0.008,0
7/8/2026 7:25,44.59400177,-0.003,0
7/8/2026 7:30,45.37400055,0.001,0
7/8/2026 7:35,50.29899979,0.006,0
7/8/2026 7:40,54.71699905,-0.004,0
7/8/2026 7:45,53.26200104,0.001,0
7/8/2026 7:55,153.625,-0.001,0
7/8/2026 8:05,242.0070038,0.001,0
7/8/2026 8:10,258.5119934,-0.001,0
7/8/2026 8:15,275.5310059,0,0
7/8/2026 8:20,295.144989,0.001,0
7/8/2026 8:25,313.2139893,0,0
7/8/2026 8:30,329.0450134,-0.001,0
7/8/2026 8:41,364.178009,0,0
7/8/2026 8:46,383.177002,0,0
7/8/2026 8:51,398.6950073,0,0
7/8/2026 8:56,414.8389893,0,0
7/8/2026 9:01,430.0320129,0.001,0
7/8/2026 9:06,451.2000122,-0.001,0
7/8/2026 9:11,470.0979919,0,0
7/8/2026 9:21,506.2170105,0,0
7/8/2026 9:26,525.940979,0,0
7/8/2026 9:31,544.2769775,0,0
7/8/2026 9:36,564.2449951,0,0
7/8/2026 9:46,600.1190186,0,0
7/8/2026 9:51,615.492981,0,0
7/8/2026 9:56,633.3759766,0,0
7/8/2026 10:01,654.3790283,0.001,0
7/8/2026 10:06,672.5369873,0,0
7/8/2026 10:11,690.5189819,0,0
7/8/2026 10:21,728.9420166,0.001,0
7/8/2026 10:26,741.6619873,0,0
7/8/2026 10:31,757.0540161,0,0
7/8/2026 10:36,776.2420044,0,0
7/8/2026 10:41,790.6989746,0,0
7/8/2026 10:46,801.6110229,0,0
7/8/2026 10:51,822.0300293,0,0
7/8/2026 10:56,837.8950195,0,0
7/8/2026 11:02,851.3209839,0,0
7/8/2026 11:07,862.309021,0,0
7/8/2026 11:12,873.3189697,0,0
7/8/2026 11:17,887.6550293,0,0
7/8/2026 11:22,897.9890137,0,0
7/8/2026 11:27,908.8690186,0,0
7/8/2026 11:32,910.7609863,0,0
7/8/2026 11:37,926.3410034,0,0
7/8/2026 11:42,930.5739746,0,0
7/8/2026 11:47,939.8469849,0,0
7/8/2026 11:52,954.3649902,0,0
7/8/2026 11:57,958.6099854,0,0
7/8/2026 12:07,976.6950073,0,0
7/8/2026 12:17,991.8129883,0,0
7/8/2026 12:22,999.4329834,0,0
7/8/2026 12:27,1006.804993,0,0
7/8/2026 12:32,1013.357971,0,0
7/8/2026 12:37,1019.067017,0,0
7/8/2026 12:42,1019.851013,0,0
7/8/2026 12:47,1026.312988,0,0
7/8/2026 12:52,1027.725952,0,0
7/8/2026 12:57,1026.495972,0,0
7/8/2026 13:02,1025.480957,0,0
7/8/2026 13:12,1021.250977,0,0
7/8/2026 13:17,1018.45697,0,0
7/8/2026 13:23,1019.856018,0,0
7/8/2026 13:28,1017.502014,0,0
7/8/2026 13:50,1008.848022,0,0
7/8/2026 13:55,1007.336975,0,0
7/8/2026 14:00,1005.002991,0,0
7/8/2026 14:05,998.4320068,0,0
7/8/2026 14:10,994.4019775,0,0
7/8/2026 14:15,993.1019897,0,0
7/8/2026 14:20,991.6389771,0,0
7/8/2026 14:25,986.6240234,0,0
7/8/2026 14:30,974.1259766,0,0
7/8/2026 14:35,969.7940063,0,0
7/8/2026 14:40,965.6660156,0,0
7/8/2026 14:45,956.1140137,0,0
7/8/2026 14:50,942.6929932,0,0
7/8/2026 14:55,941.1359863,0,0
7/8/2026 15:00,935.9019775,0,0
7/8/2026 15:05,924.2310181,0,0
7/8/2026 15:10,916.6630249,0,0
7/8/2026 15:15,906.059021,0,0
7/8/2026 15:20,897.7849731,0,0
7/8/2026 15:25,884.6950073,0,0
7/8/2026 15:30,873.9769897,0,0
7/8/2026 15:41,853.3809814,0,0
7/8/2026 15:51,826.007019,0,0
7/8/2026 15:56,822.8800049,0,0
7/8/2026 16:01,844.6149902,-0.001,0
7/8/2026 16:06,795.4719849,-0.001,0
7/8/2026 16:11,375.5910034,0,0
7/8/2026 16:16,778.065979,0,0
7/8/2026 16:21,778.2609863,0,0
7/8/2026 16:26,833.0419922,0,0
7/8/2026 16:31,634.8300171,0,0
7/8/2026 16:36,230.1049957,0,0
7/8/2026 16:41,345.9410095,0.001,0
7/8/2026 16:46,807.3759766,0,0
7/8/2026 16:51,754.5230103,0,0
7/8/2026 16:56,689.757019,0,0
7/8/2026 17:01,662.3359985,0,0
7/8/2026 17:06,627.0469971,0,0
7/8/2026 17:11,616.2130127,0,0
7/8/2026 17:16,575.5020142,0,0
7/8/2026 17:21,540.3060303,0,0
7/8/2026 17:26,517.3439941,0,0
7/8/2026 17:31,497.8930054,-0.001,0
7/8/2026 17:36,482.5490112,-0.001,0
7/8/2026 17:41,461.946991,-0.001,0
7/8/2026 17:46,436.0750122,0,0
7/8/2026 17:51,421.5289917,0,0
7/8/2026 17:56,400.0750122,0,0
7/8/2026 18:02,323.9179993,0,0
7/8/2026 18:07,73.61599731,-0.003,0
7/8/2026 18:17,61.48099899,0.003,0
7/8/2026 18:22,59.93099976,0.003,0
7/8/2026 18:27,58.60300064,0.004,0
7/8/2026 18:32,57.35100174,0.001,0
7/8/2026 18:37,55.80799866,-0.002,0
7/8/2026 18:42,54.39799881,-0.001,0
7/8/2026 18:47,53.02899933,-0.001,0
7/8/2026 18:52,51.60200119,-0.004,0
7/8/2026 18:57,50.02099991,-0.004,0
7/8/2026 19:02,48.68999863,-0.002,0
7/8/2026 19:07,47.48300171,0.003,0
7/8/2026 19:12,46.26499939,0.003,0
7/8/2026 19:17,45.27299881,-0.003,0
7/8/2026 19:22,43.89300156,0.002,0
7/8/2026 19:27,42.52299881,0.007,0
7/8/2026 19:37,40.06299973,-0.002,0
7/8/2026 19:42,38.78099823,0.007,0
7/8/2026 19:47,37.18600082,0.001,0
7/8/2026 19:52,35.82899857,-0.001,0
7/8/2026 19:57,34.38499832,-0.012,0
7/8/2026 20:02,33.01699829,0.011,0
7/8/2026 20:07,31.88999939,-0.005,0
7/8/2026 20:12,30.65399933,-0.003,0
7/8/2026 20:17,29.12899971,0.011,0
7/8/2026 20:22,24.44000053,0.018999999,0
7/8/2026 20:28,22.1760006,-0.013,0
7/8/2026 20:33,20.55500031,-0.002,0
7/8/2026 20:38,18.71800041,0.014,0
7/8/2026 20:43,17.11300087,0.02,0
7/8/2026 20:48,15.15699959,-0.013,0
7/8/2026 20:53,13.19099998,0.006,0
7/8/2026 20:58,11.27999973,0.011,0
7/8/2026 21:03,9.081000328,-0.017000001,0
7/8/2026 21:08,7.56099987,-0.015,0
7/8/2026 21:13,5.840000153,0.007,0
7/8/2026 21:18,4.164999962,-0.01,0
7/8/2026 21:23,2.651000023,0.015,0
7/8/2026 21:28,1.254999995,0.012,0
7/9/2026 5:50,1.254999995,0.012,0
7/9/2026 5:55,5.051000118,0.007,0
7/9/2026 6:00,6.965000153,-0.044,0
7/9/2026 6:05,8.895999908,-0.004,0
7/9/2026 6:10,11.12699986,-0.007,0
7/9/2026 6:15,13.19799995,-0.015,0
7/9/2026 6:20,15.53800011,0.013,0
7/9/2026 6:25,17.68199921,-0.009,0
7/9/2026 6:30,20.01099968,0.004,0
7/9/2026 6:35,22.71299934,-0.012,0
7/9/2026 6:40,25.71899986,-0.007,0
7/9/2026 6:45,28.11700058,-0.001,0
7/9/2026 6:50,29.88100052,0.004,0
7/9/2026 6:55,31.52000046,-0.002,0
7/9/2026 7:00,33.27999878,0.008,0
7/9/2026 7:05,34.81100082,-0.002,0
7/9/2026 7:10,36.68099976,-0.005,0
7/9/2026 7:15,38.22900009,0.003,0
7/9/2026 7:20,40.01599884,0.004,0
7/9/2026 7:26,41.76800156,0.001,0
7/9/2026 7:31,43.3429985,0.001,0
7/9/2026 7:36,44.55500031,-0.005,0
7/9/2026 7:41,45.89699936,0.004,0
7/9/2026 7:46,47.19499969,-0.001,0
7/9/2026 7:51,48.79399872,-0.005,0
7/9/2026 7:56,197.1150055,0.001,0
7/9/2026 8:06,244.7949982,0,0
7/9/2026 8:11,262.0710144,-0.001,0
7/9/2026 8:21,296.7380066,0,0
7/9/2026 8:26,314.3909912,0,0
7/9/2026 8:31,332.9869995,0,0
7/9/2026 8:36,351.6270142,0,0
7/9/2026 8:41,371.2109985,0.001,0
7/9/2026 8:46,389.0929871,0,0
7/9/2026 8:51,406.4179993,0,0
7/9/2026 8:56,424.0690002,-0.001,0
7/9/2026 9:01,440.2149963,0.001,0
7/9/2026 9:06,458.7539978,0.001,0
7/9/2026 9:11,478.0639954,0,0
7/9/2026 9:16,499.6080017,0,0
7/9/2026 9:21,516.28302,0,0
7/9/2026 9:26,533.5789795,0,0
7/9/2026 9:31,550.757019,0,0
7/9/2026 9:41,586.4379883,0,0
7/9/2026 9:46,605.9500122,0,0
7/9/2026 9:52,623.78302,0,0
7/9/2026 9:57,638.5490112,0,0
7/9/2026 10:02,657.427002,0,0
7/9/2026 10:12,691.8870239,0,0
7/9/2026 10:17,706.5549927,0,0
7/9/2026 10:22,728.1530151,0,0
7/9/2026 10:27,743.6729736,0,0
7/9/2026 10:32,758.5939941,0,0
7/9/2026 10:37,770.2379761,0,0
7/9/2026 10:42,789.2639771,0,0
7/9/2026 10:47,804.742981,0,0
7/9/2026 10:52,816.6879883,0,0
7/9/2026 10:57,835.0629883,0,0
7/9/2026 11:02,846.0109863,0,0
7/9/2026 11:07,858.7540283,0,0
7/9/2026 11:12,873.190979,0,0
7/9/2026 11:17,885.7529907,0,0
7/9/2026 11:22,895.4450073,0,0
7/9/2026 11:27,902.59198,0,0
7/9/2026 11:32,916.6079712,0,0
7/9/2026 11:37,929.5609741,0,0
7/9/2026 11:42,942.2379761,0,0
7/9/2026 11:47,952.3220215,0,0
7/9/2026 11:52,959.1110229,0,0
7/9/2026 11:57,964.3540039,0,0
7/9/2026 12:02,975.4790039,0,0
7/9/2026 12:07,985.1110229,0,0
7/9/2026 12:13,989.3010254,0,0
7/9/2026 12:18,997.3330078,0,0
7/9/2026 12:23,1001.937988,0,0
7/9/2026 12:28,1006.049988,0,0
7/9/2026 12:33,1012.271973,0,0
7/9/2026 12:38,1013.947021,0,0
7/9/2026 12:43,1018.19397,0,0
7/9/2026 12:48,1022.129028,0,0
7/9/2026 12:53,1024.209961,0,0
7/9/2026 12:58,1023.059021,0,0
7/9/2026 13:03,1025.081055,0,0
7/9/2026 13:08,1021.38501,0,0
7/9/2026 13:13,1020.317993,0,0
7/9/2026 13:18,1022.187012,0,0
7/9/2026 13:23,1019.70697,0,0
7/9/2026 13:28,1017.901978,0,0
7/9/2026 13:50,1012.429993,0,0
7/9/2026 13:55,1006.276978,0,0
7/9/2026 14:00,1004.382019,0,0
7/9/2026 14:05,999.6589966,0,0
7/9/2026 14:10,994.9810181,0,0
7/9/2026 14:15,992.5599976,0,0
7/9/2026 14:20,990.2739868,0,0
7/9/2026 14:25,985.9860229,0,0
7/9/2026 14:31,972.9869995,0,0
7/9/2026 14:36,969.7020264,0,0
7/9/2026 14:41,965.9050293,0,0
7/9/2026 14:46,960.5390015,0,0
7/9/2026 14:51,948.1190186,0,0
7/9/2026 14:56,942.302002,0,0
7/9/2026 15:01,931.026001,0,0
7/9/2026 15:06,921.9849854,0,0
7/9/2026 15:11,915.1040039,0,0
7/9/2026 15:16,906.7410278,0,0
7/9/2026 15:21,894.4370117,0,0
7/9/2026 15:26,881.914978,0,0
7/9/2026 15:31,869.6500244,0,0
7/9/2026 15:36,860.9069824,0,0
7/9/2026 15:41,848.9580078,0,0
7/9/2026 15:46,835.6849976,0,0
7/9/2026 15:51,820.6749878,0,0
7/9/2026 15:56,806.1259766,0,0
7/9/2026 16:01,790.5830078,0,0
7/9/2026 16:06,781.6729736,0,0
7/9/2026 16:11,778.0880127,0,0
7/9/2026 16:16,759.177002,0,0
7/9/2026 16:21,742.5139771,0,0
7/9/2026 16:26,725.3070068,0,0
7/9/2026 16:31,702.4619751,0,0
7/9/2026 16:36,687.401001,0.001,0
7/9/2026 16:41,673.3430176,0,0
7/9/2026 16:51,637.2529907,0,0
7/9/2026 16:57,624.2349854,-0.001,0
7/9/2026 17:02,607.5250244,0,0
7/9/2026 17:07,587.3259888,0,0
7/9/2026 17:12,573.4829712,0,0
7/9/2026 17:17,554.6300049,0,0
7/9/2026 17:22,533.6049805,0,0
7/9/2026 17:27,518.1389771,0,0
7/9/2026 17:32,499.45401,0,0
7/9/2026 17:37,480.4890137,-0.001,0
7/9/2026 17:42,462.2170105,0,0
7/9/2026 17:47,445.144989,0,0
7/9/2026 17:52,425.730011,0.001,0
7/9/2026 18:02,372.644989,0.001,0
7/9/2026 18:07,83.66899872,0.003,0
7/9/2026 18:12,55.33000183,-0.004,0
7/9/2026 18:17,53.78499985,0.001,0
7/9/2026 18:22,52.77500153,-0.003,0
7/9/2026 18:27,52.07400131,-0.004,0
7/9/2026 18:32,51.12200165,-0.002,0
7/9/2026 18:37,50.02500153,0.007,0
7/9/2026 18:47,47.81399918,0.004,0
7/9/2026 18:52,46.88899994,0.004,0
7/9/2026 18:57,46.24700165,0.012,0
7/9/2026 19:02,45.17499924,0.002,0
7/9/2026 19:07,43.78300095,0.005,0
7/9/2026 19:12,42.69499969,-0.003,0
7/9/2026 19:18,41.89699936,-0.001,0
7/9/2026 19:23,40.77500153,0.001,0
7/9/2026 19:28,39.86500168,0.009,0
7/9/2026 19:33,38.74100113,0.005,0
7/9/2026 19:38,37.59799957,-0.002,0
7/9/2026 19:43,36.12099838,-0.002,0
7/9/2026 19:48,34.89400101,0.001,0
7/9/2026 19:53,33.79999924,-0.008,0
7/9/2026 19:58,32.59899902,0.007,0
7/9/2026 20:03,31.36899948,-0.01,0
7/9/2026 20:08,30.42700005,0.004,0
7/9/2026 20:18,28.26300049,0.008,0
7/9/2026 20:23,23.24300003,-0.005,0
7/9/2026 20:28,21.35499954,-0.021,0
7/9/2026 20:33,19.70299911,0.014,0
7/9/2026 20:38,18.2670002,0.021,0
7/9/2026 20:43,16.375,-0.017999999,0
7/9/2026 20:48,14.69499969,0.003,0
7/9/2026 20:53,12.79100037,0.006,0
7/9/2026 20:58,10.98999977,0.035,0
7/9/2026 21:03,9.048999786,-0.004,0
7/9/2026 21:08,7.125,0.028000001,0
7/9/2026 21:13,5.426000118,-0.055,0
7/9/2026 21:18,3.710000038,0.064999998,0
7/9/2026 21:23,2.457000017,-0.015,0
7/9/2026 21:28,1.167999983,0.078000002,0
7/10/2026 5:51,1.167999983,0.078000002,0
7/10/2026 5:56,5.798999786,0.028000001,0
7/10/2026 6:01,7.643000126,-0.005,0
7/10/2026 6:06,9.482999802,-0.017000001,0
7/10/2026 6:11,11.36900043,-0.014,0
7/10/2026 6:22,15.5909996,-0.01,0
7/10/2026 6:27,17.9109993,0.013,0
7/10/2026 6:32,19.72599983,0.004,0
7/10/2026 6:37,22.95700073,0.003,0
7/10/2026 6:42,24.88500023,-0.01,0
7/10/2026 6:47,27.45800018,-0.01,0
7/10/2026 6:52,29.09900093,0.012,0
7/10/2026 6:57,31.17700005,0.006,0
7/10/2026 7:02,32.69499969,0.001,0
7/10/2026 7:07,34.00500107,-0.007,0
7/10/2026 7:12,35.21500015,0.001,0
7/10/2026 7:17,36.69300079,-0.005,0
7/10/2026 7:22,38.30400085,-0.002,0
7/10/2026 7:27,39.56600189,-0.006,0
7/10/2026 7:32,40.93600082,-0.004,0
7/10/2026 7:37,42.38199997,0.002,0
7/10/2026 7:42,43.57899857,-0.002,0
7/10/2026 7:47,44.78099823,-0.006,0
7/10/2026 7:52,49.70100021,0.002,0
7/10/2026 8:02,230.2669983,-0.002,0
7/10/2026 8:07,248.2539978,0,0
7/10/2026 8:12,267.6229858,0,0
7/10/2026 8:22,302.7149963,0,0
7/10/2026 8:27,320.9670105,-0.001,0
7/10/2026 8:32,337.8699951,0.001,0
7/10/2026 8:37,356.2130127,-0.001,0
7/10/2026 8:43,373.678009,-0.001,0
7/10/2026 8:48,391.8789978,0,0
7/10/2026 8:53,409.4349976,0,0
7/10/2026 8:58,428.5509949,-0.001,0
7/10/2026 9:03,445.6300049,0,0
7/10/2026 9:08,464.1329956,-0.001,0
7/10/2026 9:13,482.9370117,0,0
7/10/2026 9:18,500.9970093,0,0
7/10/2026 9:28,535.5570068,0,0
7/10/2026 9:43,589.9310303,0,0
7/10/2026 9:48,608.8880005,0,0
7/10/2026 9:53,623.2369995,0,0
7/10/2026 9:58,641.5310059,0,0
7/10/2026 10:03,658.4589844,0.001,0
7/10/2026 10:13,692.9420166,0,0
7/10/2026 10:18,710.6950073,0,0
7/10/2026 10:23,726.9450073,0,0
7/10/2026 10:28,742.8209839,0,0
7/10/2026 10:33,762.0819702,0,0
7/10/2026 10:38,776.1370239,0,0
7/10/2026 10:43,792.0390015,0,0
7/10/2026 10:48,805.8540039,0,0
7/10/2026 10:53,820.1279907,0,0
7/10/2026 10:58,834.382019,0,0
7/10/2026 11:03,849.5930176,0,0
7/10/2026 11:09,864.0650024,0,0
7/10/2026 11:14,326.8940125,0,0
7/13/2026 8:35,326.8940125,0,0
7/13/2026 8:40,149.3600006,0.002,0
7/13/2026 8:45,152.0099945,-0.001,0
7/13/2026 8:50,165.5269928,-0.001,0
7/13/2026 8:55,253.1609955,0,0
7/13/2026 9:00,209.4790039,-0.001,0
7/13/2026 9:05,228.1139984,-0.001,0
7/13/2026 9:15,470.8850098,0.001,0
7/13/2026 9:20,485.7049866,0,0
7/13/2026 9:25,510.0299988,0,0
7/13/2026 9:30,528.3120117,0,0
7/13/2026 9:35,529.7579956,0,0
7/13/2026 9:40,509.3070068,0,0
7/13/2026 9:45,521.8330078,0,0
7/13/2026 9:50,559.9910278,0,0
7/13/2026 9:55,599.8109741,0,0
7/13/2026 10:00,569.6849976,0,0
7/13/2026 10:10,625.5410156,0.001,0
7/13/2026 10:15,666.1599731,0,0
7/13/2026 10:20,673.3070068,0,0
7/13/2026 10:25,664.302002,0,0
7/13/2026 10:30,703.9450073,0,0
7/13/2026 10:35,716.5170288,0,0
7/13/2026 10:40,736.1420288,0,0
7/13/2026 10:46,722.5529785,0,0
7/13/2026 10:51,773.1699829,0,0
7/13/2026 10:56,641.7030029,0,0
7/13/2026 11:01,639.3900146,0,0
7/13/2026 11:06,838.6090088,0,0
7/13/2026 11:16,339.5469971,0.001,0
7/13/2026 11:21,337.3760071,0,0
7/13/2026 11:26,307.7049866,0.001,0
7/13/2026 11:31,221.5110016,0.001,0
7/13/2026 11:36,217.0650024,0,0
7/13/2026 11:41,263.6640015,0,0
7/13/2026 11:46,484.4729919,0,0
7/13/2026 11:51,590.3250122,0,0
7/13/2026 12:01,588.9329834,0,0
7/13/2026 12:06,527.2800293,0,0
7/13/2026 12:11,505.446991,0,0
7/13/2026 12:16,565.3670044,0,0
7/13/2026 12:21,723.5780029,0,0
7/13/2026 12:26,607.0720215,0,0
7/13/2026 12:31,514.59198,0,0
7/13/2026 12:36,642.8140259,0,0
7/13/2026 12:46,587.0289917,0,0
7/13/2026 12:51,544.5620117,0,0
7/13/2026 12:56,570.0939941,0,0
7/13/2026 13:01,527.3460083,0,0
7/13/2026 13:07,580.9530029,0,0
7/13/2026 13:12,584.9030151,0.001,0
7/13/2026 13:17,708.8010254,0,0
7/13/2026 13:22,875.3599854,0,0
7/13/2026 13:27,787.0949707,0,0
7/13/2026 13:32,752.632019,0,0
7/13/2026 13:54,661.835022,0.001,0
7/13/2026 13:59,548.0430298,0,0
7/13/2026 14:04,637.3530273,0,0
7/13/2026 14:09,728.8369751,0,0
7/13/2026 14:14,720.8930054,0,0
7/13/2026 14:19,674.7860107,0,0
7/13/2026 14:24,640.1010132,0,0
7/13/2026 14:29,610.9439697,-0.001,0
7/13/2026 14:34,639.0239868,0,0
7/13/2026 14:39,665.0629883,0,0
7/13/2026 14:44,491.3349915,0,0
7/13/2026 14:49,497.2590027,0,0
7/13/2026 14:54,542.223999,0,0
7/13/2026 14:59,654.9299927,0,0
7/13/2026 15:09,759.7030029,0,0
7/13/2026 15:14,610.9509888,0,0
7/13/2026 15:19,869.9520264,0,0
7/13/2026 15:24,750.0020142,0,0
7/13/2026 15:34,920.2739868,0,0
7/13/2026 15:39,869.3369751,0,0
7/13/2026 15:44,517.8859863,0,0
7/13/2026 15:49,727.2160034,0,0
7/13/2026 15:54,781.5579834,0,0
7/13/2026 15:59,551.6069946,0,0
7/13/2026 16:04,679.7529907,0.001,0
7/13/2026 16:10,296.0369873,0,0
7/13/2026 16:15,281.25,0.002,0
7/13/2026 16:20,387.4899902,0,0
7/13/2026 16:25,389.9570007,0,0
7/13/2026 16:30,299.6180115,0.001,0
7/13/2026 16:35,244.3820038,0.001,0
7/13/2026 16:40,224.5939941,0.001,0
7/13/2026 16:50,257.0610046,0,0
7/13/2026 16:55,169.7969971,0,0
7/13/2026 17:00,143.6889954,-0.002,0
7/13/2026 17:05,124.8499985,0,0
7/13/2026 17:10,94.84999847,0,0
7/13/2026 17:15,77.27799988,-0.003,0
7/13/2026 17:20,66.54299927,0.001,0
7/13/2026 17:25,68.63800049,-0.001,0
7/13/2026 17:30,76.06900024,-0.004,0
7/13/2026 17:35,84.24500275,-0.003,0
7/13/2026 17:40,88.11699677,-0.002,0
7/13/2026 17:45,94.51799774,-0.002,0
7/13/2026 17:50,52.45000076,-0.002,0
7/13/2026 17:55,45.93600082,0.002,0
7/13/2026 18:00,66.43900299,0.003,0
7/13/2026 18:05,76.95800018,-0.003,0
7/13/2026 18:10,93.51100159,-0.001,0
7/13/2026 18:15,80.01799774,-0.002,0
7/13/2026 18:20,53.29800034,0.004,0
7/13/2026 18:25,54.43399811,0.004,0
7/13/2026 18:31,54.875,-0.001,0
7/13/2026 18:36,81.51999664,0.001,0
7/13/2026 18:41,97.82700348,0.002,0
7/13/2026 18:46,70.32700348,0.002,0
7/13/2026 18:51,57.06100082,0.001,0
7/13/2026 19:01,82.10299683,0.002,0
7/13/2026 19:06,112.1579971,0.002,0
7/13/2026 19:11,113.8450012,-0.001,0
7/13/2026 19:16,119.5790024,0.005,0
7/13/2026 19:21,122.7040024,-0.001,0
7/13/2026 19:26,113.5839996,0.004,0
7/13/2026 19:31,95.81300354,0,0
7/13/2026 19:36,73.23699951,-0.002,0
7/13/2026 19:41,62.41400146,-0.001,0
7/13/2026 19:46,67.1269989,-0.003,0
7/13/2026 19:56,58.42300034,-0.005,0
7/13/2026 20:01,54.8390007,0.004,0
7/13/2026 20:06,47.1629982,0.002,0
7/13/2026 20:11,40.72200012,-0.007,0
7/13/2026 20:16,35.97000122,-0.007,0
7/13/2026 20:21,31.66399956,0.01,0
7/13/2026 20:26,29.41300011,0.008,0
7/13/2026 20:31,27.17399979,-0.001,0
7/13/2026 20:36,22.95800018,-0.005,0
7/13/2026 20:41,19.4829998,0.027000001,0
7/13/2026 20:46,15.59799957,-0.015,0
7/13/2026 20:51,11.27299976,-0.027000001,0
7/13/2026 20:57,8.364999771,0.061999999,0
7/13/2026 21:02,6.011000156,0.039999999,0
7/13/2026 21:07,4.166999817,0.093000002,0
7/13/2026 21:12,2.365999937,0.016000001,0
7/13/2026 21:17,1.253000021,0.289000005,0
7/13/2026 21:22,0.256000012,-0.157000005,0
7/14/2026 5:50,0.256000012,-0.157000005,0
7/14/2026 5:55,2.190000057,0.071000002,0
7/14/2026 6:00,3.338999987,0.011,0
7/14/2026 6:05,5.238999844,0.023,0
7/14/2026 6:10,9.727999687,-0.037999999,0
7/14/2026 6:15,14.22900009,-0.005,0
7/14/2026 6:20,18.09399986,-0.006,0
7/14/2026 6:25,22.00200081,-0.004,0
7/14/2026 6:30,23.47400093,0.012,0
7/14/2026 6:35,24.36800003,0.022,0
7/14/2026 6:40,26.34700012,-0.007,0
7/14/2026 6:45,29.41300011,-0.004,0
7/14/2026 6:50,32.72200012,0.001,0
7/14/2026 6:55,36.22900009,-0.001,0
7/14/2026 7:00,39.36500168,0.001,0
7/14/2026 7:05,43.37599945,0.004,0
7/14/2026 7:10,46.56700134,-0.003,0
7/14/2026 7:20,53.44200134,-0.001,0
7/14/2026 7:25,56.76800156,0.001,0
7/14/2026 7:30,60.76599884,-0.003,0
7/14/2026 7:35,65.04000092,0.003,0
7/14/2026 7:41,67.69000244,0.004,0
7/14/2026 7:46,74.88899994,-0.002,0
7/14/2026 7:51,85.41799927,-0.002,0
7/14/2026 7:56,82.07800293,0.002,0
7/14/2026 8:01,113.3740005,0.003,0
7/14/2026 8:06,198.447998,0,0
7/14/2026 8:11,268.2770081,0.001,0
7/14/2026 8:16,320.2399902,0,0
7/14/2026 8:21,225.496994,-0.001,0
7/14/2026 8:26,245.3580017,0,0
7/14/2026 8:31,202.7339935,0,0
7/14/2026 8:36,142.9900055,-0.002,0
7/14/2026 8:41,133.7619934,0,0
7/14/2026 8:46,156.0110016,0,0
7/14/2026 8:51,217.1950073,-0.001,0
7/14/2026 8:56,402.8619995,-0.001,0
7/14/2026 9:01,388.5390015,0,0
7/14/2026 9:06,411.5360107,0,0
7/14/2026 9:11,323.1149902,0.001,0
7/14/2026 9:16,449.2619934,0,0
7/14/2026 9:21,460.381012,-0.001,0
7/14/2026 9:26,480.3039856,0,0
7/14/2026 9:31,499.2799988,0,0
7/14/2026 9:36,520.6170044,0.001,0
7/14/2026 9:41,538.809021,0,0
7/14/2026 9:46,558.815979,0,0
7/14/2026 9:51,562.9849854,0,0
7/14/2026 9:56,520.223999,0,0
7/14/2026 10:01,549.8880005,0,0
7/14/2026 10:07,572.15802,0,0
7/14/2026 10:12,617.0650024,0,0
7/14/2026 10:17,633.5430298,0,0
7/14/2026 10:22,655.9949951,0,0
7/14/2026 10:27,660.2369995,0.001,0
7/14/2026 10:32,691.7919922,0.001,0
7/14/2026 10:37,709.0170288,0,0
7/14/2026 10:42,693.7739868,0,0
7/14/2026 10:47,743.1859741,-0.001,0
7/14/2026 10:52,740.9550171,0,0
7/14/2026 10:57,738.4320068,0,0
7/14/2026 11:02,759.7260132,0,0
7/14/2026 11:12,778.2719727,0,0
7/14/2026 11:17,833.5040283,0,0
7/14/2026 11:27,849.0880127,0,0
7/14/2026 11:32,834.3389893,0.001,0
7/14/2026 11:37,823.9890137,0,0
7/14/2026 11:42,545.1630249,0,0
7/14/2026 11:47,733.9459839,0,0
7/14/2026 11:52,662.3339844,0,0
7/14/2026 12:02,602.1229858,0,0
7/14/2026 12:12,762.7180176,0,0
7/14/2026 12:17,965.2800293,0,0
7/14/2026 12:22,925.6370239,0,0
7/14/2026 12:28,967.8969727,0,0
7/14/2026 12:33,964.8889771,0,0
7/14/2026 12:38,933.6339722,0,0
7/14/2026 12:43,959.8579712,0,0
7/14/2026 12:48,931.3939819,0,0
7/14/2026 12:53,990.2739868,0,0
7/14/2026 12:58,594.2219849,0,0
7/14/2026 13:03,996.1939697,0,0
7/14/2026 13:08,401.9700012,0,0
7/14/2026 13:13,979.4130249,0,0
7/14/2026 13:18,1035.829956,0,0
7/14/2026 13:23,901.4719849,0,0
7/14/2026 13:28,967.2979736,0,0
7/14/2026 13:33,885.5839844,0,0
7/14/2026 13:55,869.242981,0,0
7/14/2026 14:00,1093.48999,0,0
7/14/2026 14:05,620.2269897,0,0
7/14/2026 14:10,849.7709961,0,0
7/14/2026 14:25,994.7199707,0,0
7/14/2026 14:30,775.3510132,0,0
7/14/2026 14:35,279.6329956,0,0
7/14/2026 14:40,327.7359924,0,0
7/14/2026 14:50,190.0110016,-0.001,0
7/14/2026 14:55,178.4559937,0,0
7/14/2026 15:05,317.3779907,-0.001,0
7/14/2026 15:10,267.5109863,0,0
7/14/2026 15:15,226.9869995,-0.001,0
7/14/2026 15:20,192.2700043,0.002,0
7/14/2026 15:26,181.7299957,0,0
7/14/2026 15:36,154.173996,0,0
7/14/2026 15:41,141.9949951,0,0
7/14/2026 15:46,122.9199982,0.002,0
7/14/2026 15:51,137.0249939,0.002,0
7/14/2026 15:56,189.6660004,0.001,0
7/14/2026 16:01,204.3540039,0,0
7/14/2026 16:06,153.3029938,0,0
7/14/2026 16:11,163.5570068,-0.002,0
7/14/2026 16:16,207.6000061,0.001,0
7/14/2026 16:21,215.6049957,-0.001,0
7/14/2026 16:26,251.8379974,0.001,0
7/14/2026 16:31,156.4109955,0.001,0
7/14/2026 16:36,148.3820038,0.002,0
7/14/2026 16:46,127.4560013,0.002,0
7/14/2026 16:51,189.6889954,0,0
7/14/2026 17:01,143.4470062,0.003,0
7/14/2026 17:06,110.3040009,0.002,0
7/14/2026 17:11,112.5759964,0.001,0
7/14/2026 17:16,482.7680054,0,0
7/14/2026 17:21,434.618988,0,0
7/14/2026 17:26,180.2720032,0.001,0
7/14/2026 17:31,511.8900146,0.001,0
7/14/2026 17:36,450.1350098,0,0
7/14/2026 17:41,457.6640015,0.001,0
7/14/2026 17:47,166.6399994,0.001,0
7/14/2026 17:52,368.7630005,0,0
7/14/2026 17:57,407.3599854,0,0
7/14/2026 18:07,388.0849915,0,0
7/14/2026 18:12,185.1820068,0,0
7/14/2026 18:17,162.0299988,0,0
7/14/2026 18:22,134.8480072,0.001,0
7/14/2026 18:27,126.6240005,0.001,0
7/14/2026 18:32,122.7910004,0.002,0
7/14/2026 18:37,120.9229965,0.001,0
7/14/2026 18:42,114.7979965,0.001,0
7/14/2026 18:47,101.9380035,0.001,0
7/14/2026 18:52,97.95700073,-0.004,0
7/14/2026 18:57,98.58100128,0.001,0
7/14/2026 19:02,103.4649963,0,0
7/14/2026 19:12,100.6060028,-0.002,0
7/14/2026 19:17,86.35199738,-0.002,0
7/14/2026 19:22,77.7009964,0.003,0
7/14/2026 19:27,80.35399628,-0.001,0
7/14/2026 19:32,80.62599945,-0.001,0
7/14/2026 19:37,75.98200226,0.001,0
7/14/2026 19:47,75.36499786,-0.001,0
7/14/2026 19:52,76.47100067,0.001,0
7/14/2026 19:57,80.24500275,-0.001,0
7/14/2026 20:02,70.23999786,-0.003,0
7/14/2026 20:07,56.05899811,0.007,0
7/14/2026 20:13,53.72999954,0.002,0
7/14/2026 20:18,44.75899887,-0.002,0
7/14/2026 20:23,40.04199982,0.002,0
7/14/2026 20:28,36.25400162,-0.008,0
7/14/2026 20:33,31.98200035,0.003,0
7/14/2026 20:38,26.21699905,-0.009,0
7/14/2026 20:43,21.04700089,-0.002,0
7/14/2026 20:48,17.81500053,-0.002,0
7/14/2026 20:53,15.56000042,0.012,0
7/14/2026 20:58,12.47099972,-0.006,0
7/14/2026 21:03,9.279999733,0.004,0
7/14/2026 21:08,6.625999928,0.032000002,0
7/14/2026 21:13,3.959000111,0.048999999,0
7/14/2026 21:18,2.24000001,0.224999994,0
7/14/2026 21:23,0.822000027,-0.044,0
7/15/2026 6:01,0.822000027,-0.044,0
7/15/2026 6:06,8.161999702,0.02,0
7/15/2026 6:11,11.80300045,-0.004,0
7/15/2026 6:16,19.09300041,-0.006,0
7/15/2026 6:21,18.21800041,0.004,0
7/15/2026 6:26,19.30999947,-0.002,0
7/15/2026 6:31,27.61599922,-0.008,0
7/15/2026 6:36,27.5890007,0.006,0
7/15/2026 6:41,26.50300026,0.003,0
7/15/2026 6:46,30.85899925,-0.008,0
7/15/2026 6:51,36.03699875,-0.002,0
7/15/2026 7:02,42.73600006,-0.001,0
7/15/2026 7:07,43.1629982,-0.002,0
7/15/2026 7:12,55.28900146,0.001,0
7/15/2026 7:17,51.99100113,-0.002,0
7/15/2026 7:22,51.79399872,0.004,0
7/15/2026 7:27,60.76800156,0.005,0
7/15/2026 7:32,67.31300354,-0.003,0
7/15/2026 7:37,77.41699982,-0.002,0
7/15/2026 7:42,97.03099823,-0.003,0
7/15/2026 7:47,93.52500153,0.003,0
7/15/2026 7:52,100.7519989,0.001,0
7/15/2026 7:57,87.96600342,0,0
7/15/2026 8:02,99.93800354,0.003,0
7/15/2026 8:07,102.6719971,0.002,0
7/15/2026 8:12,121.2659988,0.001,0
7/15/2026 8:17,94.83100128,0.002,0
7/15/2026 8:22,100.310997,0.002,0
7/15/2026 8:27,112.1460037,-0.001,0
7/15/2026 8:32,107.3069992,-0.003,0
7/15/2026 8:42,137.2019958,-0.001,0
7/15/2026 8:52,112.5139999,0.001,0
7/15/2026 8:57,141.3670044,0,0
7/15/2026 9:02,154.7610016,0.001,0
7/15/2026 9:07,112.0960007,0,0
7/15/2026 9:12,122.2979965,-0.001,0
7/15/2026 9:17,130.5330048,0,0
7/15/2026 9:22,131.1269989,-0.001,0
7/15/2026 9:28,126.0390015,0,0
7/15/2026 9:33,147.1730042,0.001,0
7/15/2026 9:38,160.4799957,-0.002,0
7/15/2026 9:43,244.1190033,-0.001,0
7/15/2026 9:48,276.7250061,0.001,0
7/15/2026 9:53,213.5590057,0,0
7/15/2026 9:58,168.3249969,0,0
7/15/2026 10:03,194.8430023,0.002,0
7/15/2026 10:08,139.1130066,0,0
7/15/2026 10:18,110.8499985,0.002,0
7/15/2026 10:28,54.60800171,0.001,0
7/15/2026 10:33,42.65599823,-0.003,0
7/15/2026 10:38,35.12900162,-0.006,0
7/15/2026 10:43,40.20700073,-0.005,0
7/15/2026 10:48,65.5059967,0.004,0
7/15/2026 10:53,80.60299683,0,0
7/15/2026 10:58,82.76999664,-0.001,0
7/15/2026 11:03,74.30599976,-0.003,0
7/15/2026 11:08,58.75299835,-0.005,0
7/15/2026 11:13,49.48099899,0.002,0
7/15/2026 11:18,41.35499954,-0.005,0
7/15/2026 11:23,36.76599884,-0.004,0
7/15/2026 11:28,37.00600052,-0.002,0
7/15/2026 11:33,36.66999817,0.008,0
7/15/2026 11:38,38.17599869,0.004,0
7/15/2026 11:43,30.36300087,0.007,0
7/15/2026 11:49,18.67900085,0.002,0
7/15/2026 11:54,15.76200008,-0.015,0
7/15/2026 11:59,23.83300018,0.002,0
7/15/2026 12:04,27.35300064,0.003,0
7/15/2026 12:09,43.34899902,-0.005,0
7/15/2026 12:14,74.23300171,-0.003,0
7/15/2026 12:19,108.5210037,0.003,0
7/15/2026 12:24,88.0530014,-0.003,0
7/15/2026 12:34,37.48099899,-0.005,0
7/15/2026 12:39,58.65499878,0.005,0
7/15/2026 12:44,122.737999,0.001,0
7/15/2026 12:49,128.4980011,-0.001,0
7/15/2026 12:54,125.5469971,-0.002,0
7/15/2026 12:59,151.1660004,-0.002,0
7/15/2026 13:04,175.3300018,0,0
7/15/2026 13:09,186.4160004,0,0
7/15/2026 13:14,210.3659973,0,0
7/15/2026 13:19,248.8670044,-0.001,0
7/15/2026 13:24,170.2460022,0,0
7/15/2026 13:29,197.302002,0,0
7/15/2026 13:51,195.378006,-0.001,0
7/15/2026 13:56,170.6060028,0.002,0
7/15/2026 14:01,166.1390076,0.001,0
7/15/2026 14:06,98.7519989,-0.001,0
7/15/2026 14:11,88.79299927,0.002,0
7/15/2026 14:16,112.973999,0,0
7/15/2026 14:21,120.802002,-0.001,0
7/15/2026 14:27,67.56999969,-0.007,0
7/15/2026 14:32,56.31299973,-0.002,0
7/15/2026 14:37,66.27200317,0.003,0
7/15/2026 14:42,65.72699738,0.006,0
7/15/2026 14:47,70.15299988,-0.001,0
7/15/2026 14:52,105.336998,-0.003,0
7/15/2026 14:57,119.2190018,-0.001,0
7/15/2026 15:02,174.8159943,0,0
7/15/2026 15:07,330.3909912,0,0
7/15/2026 15:12,616.0050049,0,0
7/15/2026 15:17,448.2650146,0.001,0
7/15/2026 15:22,526.4160156,0,0
7/15/2026 15:27,503.6619873,-0.001,0
7/15/2026 15:32,706.0510254,0,0
7/15/2026 15:37,317.7969971,0,0
7/15/2026 15:42,622.815979,0,0
7/15/2026 15:47,634.0939941,0,0
7/15/2026 15:52,475.0419922,0,0
7/15/2026 15:57,698.3469849,-0.001,0
7/15/2026 16:02,688.5599976,0,0
7/15/2026 16:07,325.5450134,0,0
7/15/2026 16:12,679.7369995,0,0
7/15/2026 16:17,739.3670044,0,0
7/15/2026 16:27,383.9859924,-0.001,0
7/15/2026 16:32,541.1500244,0,0
7/15/2026 16:37,543.934021,0.001,0
7/15/2026 16:42,369.0830078,0,0
7/15/2026 16:48,416.321991,0,0
7/15/2026 16:53,537.2000122,0,0
7/15/2026 16:58,477.8190002,0,0
7/15/2026 17:03,330.3200073,0,0
7/15/2026 17:08,677.4559937,0,0
7/15/2026 17:13,613.6110229,0,0
7/15/2026 17:18,601.2940063,0,0
7/15/2026 17:23,556.5939941,0,0
7/15/2026 17:28,535.0029907,0,0
7/15/2026 17:33,515.0170288,0,0
7/15/2026 17:38,463.1220093,0,0
7/15/2026 17:43,385.5119934,0,0
7/15/2026 17:48,421.821991,0,0
7/15/2026 17:58,157.9850006,0.002,0
7/15/2026 18:03,107.6790009,-0.002,0
7/15/2026 18:08,114.7409973,0,0
7/15/2026 18:13,149.5110016,-0.001,0
7/15/2026 18:18,137.0540009,0.004,0
7/15/2026 18:23,131.4219971,0.001,0
7/15/2026 18:28,166.6170044,0.002,0
7/15/2026 18:33,156.7610016,0,0
7/15/2026 18:38,141.154007,-0.001,0
7/15/2026 18:43,119.6689987,0.001,0
7/15/2026 18:48,101.4580002,0.001,0
7/15/2026 18:53,82.33799744,-0.002,0
7/15/2026 18:58,75.02400208,-0.002,0
7/15/2026 19:03,70.1740036,0.007,0
7/15/2026 19:08,66.11000061,0.002,0
7/15/2026 19:14,61.19499969,0.007,0
7/15/2026 19:19,58.79999924,-0.003,0
7/15/2026 19:24,56.30899811,0.001,0
7/15/2026 19:29,53.48600006,0.006,0
7/15/2026 19:34,50.22999954,0.004,0
7/15/2026 19:39,45.98199844,0.008,0
7/15/2026 19:44,36.18500137,-0.001,0
7/15/2026 19:49,28.31900024,0.007,0
7/15/2026 19:54,23.98399925,-0.003,0
7/15/2026 19:59,20.88899994,-0.011,0
7/15/2026 20:04,18.57600021,0.017000001,0
7/15/2026 20:09,17.23500061,0.015,0
7/15/2026 20:14,16.35000038,0.017000001,0
7/15/2026 20:19,14.42099953,-0.006,0
7/15/2026 20:24,12.94200039,0.024,0
7/15/2026 20:29,11.37100029,-0.034000002,0
7/15/2026 20:44,4.769999981,-0.122000001,0
7/15/2026 20:49,5.513000011,0.034000002,0
7/15/2026 20:54,4.69299984,0.066,0
7/15/2026 20:59,3.838000059,0.018999999,0
7/15/2026 21:04,3.089999914,-0.096000001,0
7/15/2026 21:09,2.010999918,-0.02,0
7/15/2026 21:14,1.406000018,-0.026000001,0
7/16/2026 6:02,1.406000018,-0.026000001,0
7/16/2026 6:12,9.12899971,-0.041000001,0
7/16/2026 6:17,11.38099957,-0.014,0
7/16/2026 6:22,13.94699955,0.013,0
7/16/2026 6:27,16.82999992,0.005,0
7/16/2026 6:33,19.96800041,-0.01,0
7/16/2026 6:38,23.52700043,0.007,0
7/16/2026 6:43,27.03800011,-0.001,0
7/16/2026 6:48,30.20299911,-0.004,0
7/16/2026 6:58,36.67200089,-0.006,0
7/16/2026 7:03,39.35499954,-0.004,0
7/16/2026 7:08,42.21900177,0.008,0
7/16/2026 7:13,44.83200073,0.003,0
7/16/2026 7:18,47.21099854,-0.007,0
7/16/2026 7:28,44.73799896,0.002,0
7/16/2026 7:33,46.43700027,-0.009,0
7/16/2026 7:38,55.16199875,-0.001,0
7/16/2026 7:43,57.10200119,0.003,0
7/16/2026 7:48,59.1269989,0.001,0
7/16/2026 7:53,171.5859985,0.002,0
7/16/2026 7:58,189.1580048,0.002,0
7/16/2026 8:03,205.4100037,0,0
7/16/2026 8:08,220.3379974,0,0
7/16/2026 8:18,252.5619965,0,0
7/16/2026 8:23,269.4020081,0,0
7/16/2026 8:28,292.5599976,0.001,0
7/16/2026 8:33,311.4899902,0.001,0
7/16/2026 8:38,330.321991,0,0
7/16/2026 8:43,346.9259949,0,0
7/16/2026 8:48,363.2940063,-0.001,0
7/16/2026 8:54,373.4859924,0,0
7/16/2026 8:59,378.5299988,0,0
7/16/2026 9:04,399.0469971,0,0
7/16/2026 9:09,444.8619995,0,0
7/16/2026 9:14,462.7749939,0.001,0
7/16/2026 9:19,479.7529907,0,0
7/16/2026 9:24,497.4419861,0,0
7/16/2026 9:29,520.5570068,0,0
7/16/2026 9:34,538.0159912,0,0
7/16/2026 9:39,572.7340088,0,0
7/16/2026 9:44,578.6690063,0,0
7/16/2026 9:49,573.9219971,-0.001,0
7/16/2026 9:54,611.9290161,0,0
7/16/2026 10:04,625.8129883,0,0
7/16/2026 10:09,632.151001,0,0
7/16/2026 10:14,583.6229858,0,0
7/16/2026 10:19,645.8610229,0,0
7/16/2026 10:24,626.0390015,0,0
7/16/2026 10:29,662.4849854,0,0
7/16/2026 10:34,686.5390015,0,0
7/16/2026 10:39,758.9370117,0,0
7/16/2026 10:44,692.1459961,0,0
7/16/2026 10:49,769.0789795,0,0
7/16/2026 10:54,787.4719849,0,0
7/16/2026 10:59,773.7940063,0,0
7/16/2026 11:04,785.401001,0,0
7/16/2026 11:09,839.927002,0,0
7/16/2026 11:14,854.8300171,0,0
7/16/2026 11:20,866.1690063,0,0
7/16/2026 11:25,910.8129883,0,0
7/16/2026 11:30,930.2990112,0,0
7/16/2026 11:35,524.6610107,0,0
7/16/2026 11:40,875.8930054,0,0
7/16/2026 11:45,897.2739868,0,0
7/16/2026 11:50,909.4609985,0,0
7/16/2026 11:55,927.6110229,0,0
7/16/2026 12:00,943.6270142,0,0
7/16/2026 12:05,890.6719971,0,0
7/16/2026 12:10,914.2490234,0,0
7/16/2026 12:15,908.9550171,0,0
7/16/2026 12:20,935.8579712,0,0
7/16/2026 12:25,978.7130127,0,0
7/16/2026 12:30,959.2979736,0,0
7/16/2026 12:35,1012.843018,0,0
7/16/2026 12:40,996.7089844,0,0
7/16/2026 12:45,998.4050293,0,0
7/16/2026 12:50,1004.65802,0,0
7/16/2026 12:55,1004.607971,0,0
7/16/2026 13:05,890.0819702,0,0
7/16/2026 13:10,1004.151001,0,0
7/16/2026 13:15,1045.793945,0,0
7/16/2026 13:20,942.5390015,0,0
7/16/2026 13:30,1024.33606,0,0
7/16/2026 13:53,903.565979,0,0
7/16/2026 13:58,859.0540161,0,0
7/16/2026 14:03,916.3060303,0,0
7/16/2026 14:08,411.8259888,0,0
7/16/2026 14:13,355.4330139,0.001,0
7/16/2026 14:18,682.9910278,0,0
7/16/2026 14:23,520.9899902,0,0
7/16/2026 14:28,364.6719971,-0.001,0
7/16/2026 14:33,1047.170044,0,0
7/16/2026 14:38,957.8380127,0,0
7/16/2026 14:43,667.5349731,0,0
7/16/2026 14:48,270.2579956,0.001,0
7/16/2026 14:53,377.6430054,0,0
7/16/2026 14:58,504.5299988,0.001,0
7/16/2026 15:03,239.7689972,0.001,0
7/16/2026 15:08,187.4880066,0,0
7/16/2026 15:13,212.8569946,-0.001,0
7/16/2026 15:18,207.7630005,0,0
7/16/2026 15:23,224.7250061,-0.002,0
7/16/2026 15:28,270.1329956,0,0
7/16/2026 15:33,330.7950134,0,0
7/16/2026 15:38,584.0869751,0,0
7/16/2026 15:43,485.0769958,0,0
7/16/2026 15:48,918.2009888,0,0
7/16/2026 15:53,871.3740234,0,0
7/16/2026 15:58,388.9630127,0,0
7/16/2026 16:04,474.0109863,0,0
7/16/2026 16:09,411.5469971,0,0
7/16/2026 16:14,157.9660034,0.002,0
7/16/2026 16:19,119.3759995,0.001,0
7/16/2026 16:24,90.91899872,-0.002,0
7/16/2026 16:29,71.64099884,-0.002,0
7/16/2026 16:34,72.26100159,0.002,0
7/16/2026 16:39,100.0210037,-0.001,0
7/16/2026 16:44,441.5750122,0,0
7/16/2026 16:49,504.8269958,0,0
7/16/2026 16:54,160.9779968,-0.001,0
7/16/2026 16:59,118.2949982,0.002,0
7/16/2026 17:04,87.71900177,-0.001,0
7/16/2026 17:09,57.63199997,0.003,0
7/16/2026 17:14,33.77399826,-0.008,0
7/16/2026 17:19,25.58200073,0.011,0
7/16/2026 17:34,7.56099987,0.015,0
7/16/2026 17:39,11.32499981,-0.011,0
7/16/2026 17:49,321.0929871,0.001,0
7/16/2026 17:54,218.1439972,0.001,0
7/16/2026 17:59,125.9199982,-0.002,0
7/16/2026 18:04,162.8269958,0.001,0
7/16/2026 18:09,285.8930054,0.001,0
7/16/2026 18:24,183.348999,0,0
7/16/2026 18:35,134.6380005,-0.002,0
7/16/2026 18:45,125.3970032,0.001,0
7/16/2026 18:50,115.8479996,0.002,0
7/16/2026 18:55,98.46600342,0.001,0
7/16/2026 19:00,82.72200012,0.001,0
7/16/2026 19:05,73.6780014,0.003,0
7/16/2026 19:10,71.0510025,-0.001,0
7/16/2026 19:15,69.67500305,0.002,0
7/16/2026 19:20,56.54399872,-0.003,0
7/16/2026 19:25,49.30500031,-0.002,0
7/16/2026 19:30,36.91400146,0.004,0
7/16/2026 19:35,25.36499977,-0.003,0
7/16/2026 19:45,13.4989996,-0.008,0
7/16/2026 19:50,11.71399975,0.026000001,0
7/16/2026 19:55,11.92700005,-0.018999999,0
7/16/2026 20:00,14.85700035,-0.024,0
7/16/2026 20:05,13.93099976,0.008,0
7/16/2026 20:10,10.69499969,0.004,0
7/16/2026 20:15,12.04899979,0.006,0
7/16/2026 20:20,12.29300022,-0.013,0
7/16/2026 20:25,7.206999779,0.02,0
7/16/2026 20:30,5.848999977,-0.048,0
7/16/2026 20:35,4.032000065,-0.037,0
7/16/2026 20:40,3.48300004,-0.011,0
7/16/2026 20:45,5.374000072,0.007,0
7/16/2026 20:51,6.71999979,-0.035,0
7/16/2026 20:56,5.168000221,0.057999998,0
7/16/2026 21:01,5.55700016,0.014,0
7/16/2026 21:06,4.448999882,0.050000001,0
7/16/2026 21:11,3.063999891,-0.075999998,0
7/16/2026 21:16,2.714999914,0.043000001,0
7/16/2026 21:21,1.391000032,0.052999999,0
7/17/2026 6:03,1.391000032,0.052999999,0
7/17/2026 6:08,4.782000065,0.016000001,0
7/17/2026 6:13,6.039000034,-0.012,0
7/17/2026 6:18,7.263999939,-0.005,0
7/17/2026 6:23,9.350999832,-0.02,0
7/17/2026 6:28,12.3039999,-0.018999999,0
7/17/2026 6:33,15.9659996,-0.005,0
7/17/2026 6:38,20.57099915,-0.002,0
7/17/2026 6:43,27.02199936,0.006,0
7/17/2026 6:48,30.49399948,-0.009,0
7/17/2026 6:53,34.64199829,0.004,0
7/17/2026 6:58,40.24100113,0.001,0
7/17/2026 7:03,46.60300064,-0.001,0
7/17/2026 7:08,52.74300003,-0.001,0
7/17/2026 7:13,63.03300095,0.006,0
7/17/2026 7:18,79.14299774,0,0
7/17/2026 7:23,92.8690033,-0.001,0
7/17/2026 7:28,106.1529999,0.002,0
7/17/2026 7:33,95.84899902,0,0
7/17/2026 7:38,75.93599701,-0.003,0
7/17/2026 7:43,68.72200012,-0.001,0
7/17/2026 7:48,64.1969986,-0.002,0
7/17/2026 7:53,60.47999954,-0.003,0
7/17/2026 7:58,67.81300354,0.002,0
7/17/2026 8:03,76.03199768,-0.002,0
7/17/2026 8:08,74.84999847,0.002,0
7/17/2026 8:13,77.68199921,0.004,0
7/17/2026 8:18,65.58200073,0.002,0
7/17/2026 8:23,75.78299713,0.001,0
7/17/2026 8:29,117.6620026,-0.002,0
7/17/2026 8:34,292.0979919,0,0
7/17/2026 8:39,331.2659912,0.001,0
7/17/2026 8:44,118.6819992,0.001,0
7/17/2026 8:49,310.54599,0,0
7/17/2026 8:54,403.8009949,0,0
7/17/2026 8:59,410.8389893,0,0
7/17/2026 9:04,430.8410034,0,0
7/17/2026 9:09,453.7510071,0,0
7/17/2026 9:14,473.8859863,0,0
7/17/2026 9:19,492.4460144,0,0
7/17/2026 9:24,509.4159851,0.001,0
7/17/2026 9:29,526.6740112,0,0
7/17/2026 9:34,543.4130249,0,0
7/17/2026 9:39,563.0700073,0,0
7/17/2026 9:44,579.5250244,0,0
7/17/2026 9:49,597.6710205,0,0
7/17/2026 9:54,613.8790283,0,0
7/17/2026 9:59,630.8499756,0,0
7/17/2026 10:04,647.8319702,0,0
7/17/2026 10:09,662.7750244,0,0
7/17/2026 10:14,679.2739868,0,0
7/17/2026 10:19,697.5540161,0,0
7/17/2026 10:29,734.3209839,0,0
7/17/2026 10:34,749.257019,0,0
7/17/2026 10:39,765.4509888,0,0
7/17/2026 10:44,776.302002,0,0
7/17/2026 10:50,790.6970215,0,0
7/17/2026 10:55,809.5949707,0,0
7/17/2026 11:00,820.8709717,0,0
7/17/2026 11:05,849.8330078,0,0
7/17/2026 11:10,854.2329712,0,0
7/17/2026 11:15,873.9979858,0,0
7/17/2026 11:20,897.8560181,0,0
7/17/2026 11:25,885.6090088,0,0
7/17/2026 11:30,900.742981,0,0
7/17/2026 11:40,923.9979858,0,0
7/17/2026 11:45,935.9660034,0,0
7/17/2026 11:50,959.6339722,0,0
7/17/2026 11:55,973.7509766,0,0
7/17/2026 12:00,981.9470215,0,0
7/17/2026 12:05,1002.573975,0,0
7/17/2026 12:10,992.4160156,0,0
7/17/2026 12:15,983.5499878,0,0
7/17/2026 12:20,988.757019,0,0
7/17/2026 12:25,996.4869995,0,0
7/17/2026 12:35,1009.708984,0,0
7/17/2026 12:45,1025.546021,0,0
7/17/2026 12:50,972.6699829,0,0
7/17/2026 12:55,1038.514038,0,0
7/17/2026 13:00,1045.645996,0,0
7/17/2026 13:05,1047.021973,0,0
7/17/2026 13:10,1048.824951,0,0
7/17/2026 13:16,1031.094971,0,0
7/17/2026 13:26,1030.834961,0,0
7/17/2026 13:31,1043.069946,0,0
7/17/2026 13:53,1008.494019,0,0
7/17/2026 13:58,1004.491028,0,0
7/17/2026 14:03,1006.96698,0,0
7/17/2026 14:08,1005.906006,0,0
7/17/2026 14:13,1000.388977,0,0
7/17/2026 14:18,998.5170288,0,0
7/17/2026 14:23,1031.618042,0,0
7/17/2026 14:28,988.5549927,0,0
7/17/2026 14:33,973.8259888,0,0
7/17/2026 14:38,978.7020264,0,0
7/17/2026 14:43,965.1500244,0,0
7/17/2026 14:48,966.0800171,0,0
7/17/2026 14:53,197.1199951,-0.001,0
7/17/2026 14:58,993.8469849,0,0
7/17/2026 15:03,297.1629944,0,0
7/17/2026 15:08,956.0460205,0,0
7/17/2026 15:13,969.559021,0,0
7/17/2026 15:18,957.4879761,0,0
7/17/2026 15:23,963.1820068,0,0
7/17/2026 15:28,164.4369965,0,0
7/17/2026 15:33,260.17099,-0.001,0
7/17/2026 15:38,976.9299927,0,0
7/17/2026 15:43,892.2670288,0,0
7/17/2026 15:48,895.6929932,0,0
7/17/2026 15:53,877.632019,0,0
7/17/2026 15:58,252.8390045,0.001,0
7/17/2026 16:03,852.0609741,0,0
7/17/2026 16:08,158.1419983,0.001,0
7/17/2026 16:14,852.0819702,0,0
7/17/2026 16:19,484.0750122,0.001,0
7/17/2026 16:24,386.0329895,0,0
7/17/2026 16:29,682.0689697,0,0
7/17/2026 16:34,196.4049988,0.002,0
7/17/2026 16:39,788.1389771,0,0
7/17/2026 16:44,733.8859863,0,0
7/17/2026 16:49,739.5059814,0,0
7/17/2026 16:54,712.6929932,0,0
7/17/2026 16:59,256.822998,0.001,0
7/17/2026 17:04,680.8959961,0,0
7/17/2026 17:09,640.5209961,0,0
7/17/2026 17:14,621.8740234,0,0
7/17/2026 17:24,563.6690063,0,0
7/17/2026 17:29,546.2030029,0,0
7/17/2026 17:34,515.1060181,0,0
7/17/2026 17:39,210.7089996,0.001,0
7/17/2026 17:44,451.4630127,0,0
7/17/2026 17:49,139.7810059,-0.001,0
7/17/2026 17:54,439.0079956,0,0
7/17/2026 17:59,418.2860107,0,0
7/17/2026 18:04,391.3330078,0,0
7/17/2026 18:09,361.2179871,0,0
7/17/2026 18:14,83.03800201,-0.004,0
7/17/2026 18:19,76.98999786,-0.002,0
7/17/2026 18:24,77.48200226,-0.002,0
7/17/2026 18:29,73.46099854,-0.004,0
7/17/2026 18:35,72.1969986,0.003,0
7/17/2026 18:40,75.7440033,-0.001,0
7/17/2026 18:45,74.98999786,-0.004,0
7/17/2026 18:50,65.95200348,-0.002,0
7/17/2026 18:55,66.99900055,0.004,0
7/17/2026 19:00,61.73300171,0.002,0
7/17/2026 19:05,59.19499969,-0.003,0
7/17/2026 19:10,58.60100174,0.002,0
7/17/2026 19:15,59.70299911,0.001,0
7/17/2026 19:20,60.34500122,0.001,0
7/17/2026 19:30,58.73799896,-0.001,0
7/17/2026 19:35,61.49900055,-0.002,0
7/17/2026 19:40,55.80599976,0.001,0
7/17/2026 19:45,50.06399918,-0.003,0
7/17/2026 19:50,47.43799973,-0.004,0
7/17/2026 19:55,46.30599976,0.007,0
7/17/2026 20:00,41.08100128,-0.001,0
7/17/2026 20:05,41.54499817,-0.003,0
7/17/2026 20:10,41.5019989,-0.006,0
7/17/2026 20:15,40.24900055,0.01,0
7/17/2026 20:20,29.50399971,-0.004,0
7/17/2026 20:25,19.87000084,0.01,0
7/17/2026 20:30,17.22699928,0.009,0
7/17/2026 20:35,16.10099983,0.015,0
7/17/2026 20:40,16.50300026,-0.005,0
7/17/2026 20:45,13.04899979,-0.024,0
7/17/2026 20:50,10.07499981,0.023,0
7/17/2026 20:55,6.848999977,-0.041999999,0
7/17/2026 21:06,9.243000031,0.004,0
7/17/2026 21:11,14.15299988,-0.025,0
7/17/2026 21:16,7.781000137,0.041000001,0
7/17/2026 21:21,1.631999969,-0.119000003,0
7/18/2026 5:59,1.631999969,-0.119000003,0
7/18/2026 6:04,5.241000175,-0.052000001,0
7/18/2026 6:09,7.508999825,-0.01,0
7/18/2026 6:14,11.22999954,0.028999999,0
7/18/2026 6:19,13.62699986,0.003,0
7/18/2026 6:24,16.50300026,0.012,0
7/18/2026 6:29,18.36300087,-0.013,0
7/18/2026 6:34,20.67200089,0.011,0
7/18/2026 6:39,24.56200027,-0.008,0
7/18/2026 6:44,27.8579998,0.003,0
7/18/2026 6:49,30.2310009,0.01,0
7/18/2026 6:54,32.93299866,-0.002,0
7/18/2026 6:59,35.55899811,0.003,0
7/18/2026 7:04,38.65800095,0.004,0
7/18/2026 7:09,43.51800156,0.004,0
7/18/2026 7:14,49.42399979,-0.001,0
7/18/2026 7:19,54.07099915,-0.001,0
7/18/2026 7:29,61.09500122,-0.003,0
7/18/2026 7:34,71.60500336,-0.003,0
7/18/2026 7:39,82.6289978,-0.001,0
7/18/2026 7:44,88.69499969,0.001,0
7/18/2026 7:54,207.6000061,0,0
7/18/2026 8:04,243.5410004,0,0
7/18/2026 8:10,263.1040039,0,0
7/18/2026 8:15,274.9410095,-0.001,0
7/18/2026 8:20,286.2810059,-0.001,0
7/18/2026 8:25,302.5209961,0,0
7/18/2026 8:30,307.2420044,0.001,0
7/18/2026 8:35,324.8710022,0,0
7/18/2026 8:40,351.5090027,0,0
7/18/2026 8:45,376.3059998,0,0
7/18/2026 8:50,388.2059937,0,0
7/18/2026 8:55,408.1390076,0,0
7/18/2026 9:00,424.5350037,0.001,0
7/18/2026 9:05,441.2579956,0.001,0
7/18/2026 9:15,476.0870056,0,0
7/18/2026 9:20,494.0339966,0,0
7/18/2026 9:25,505.625,0.001,0
7/18/2026 9:30,518.4849854,0,0
7/18/2026 9:35,548.9190063,0,0
7/18/2026 9:40,567.8829956,0,0
7/18/2026 9:45,584.367981,-0.001,0
7/18/2026 9:55,617.1220093,0,0
7/18/2026 10:00,633.0310059,0.001,0
7/18/2026 10:05,650.8729858,0,0
7/18/2026 10:10,666.7680054,0,0
7/18/2026 10:20,695.9949951,0,0
7/18/2026 10:25,715.9249878,0,0
7/18/2026 10:31,742.5969849,0,0
7/18/2026 10:36,767.9500122,0,0
7/18/2026 10:41,809.3969727,0,0
7/18/2026 10:46,807.257019,0,0
7/18/2026 10:51,805.6110229,0,0
7/18/2026 10:56,801.6640015,0,0
7/18/2026 11:01,829.3330078,0,0
7/18/2026 11:06,840.757019,0,0
7/18/2026 11:11,853.8380127,0,0
7/18/2026 11:16,879.3989868,0,0
7/18/2026 11:21,884.7130127,0,0
7/18/2026 11:31,957.9310303,0,0
7/18/2026 11:36,1004.393005,0,0
7/18/2026 11:41,936.7789917,0,0
7/18/2026 11:46,945.3140259,0,0
7/18/2026 11:51,954,0,0
7/18/2026 11:56,969.4790039,0,0
7/18/2026 12:01,1017.421997,0,0
7/18/2026 12:06,1037.833008,0,0
7/18/2026 12:11,491.5090027,0,0
7/18/2026 12:16,1028.703003,0,0
7/18/2026 12:21,1014.197021,0,0
7/18/2026 12:26,1017.190979,0,0
7/18/2026 12:31,1023.64801,0,0
7/18/2026 12:41,1015.346008,0,0
7/18/2026 12:52,1045.982056,0,0
7/18/2026 12:57,1071.430054,0,0
7/18/2026 13:02,1109.239014,0,0
7/18/2026 13:07,1104.463989,0,0
7/18/2026 13:12,1111.081055,0,0
7/18/2026 13:17,1096.797974,0,0
7/18/2026 13:22,1117.012939,0,0
7/18/2026 13:27,1137.199951,0,0
7/18/2026 13:32,1128.906006,0,0
7/18/2026 13:54,188.2189941,-0.001,0
7/18/2026 13:59,195.2089996,0.001,0
7/18/2026 14:04,288.2550049,-0.001,0
7/18/2026 14:09,1129.264038,0,0
7/18/2026 14:14,1155.355957,0,0
7/18/2026 14:24,1079.686035,0,0
7/18/2026 14:29,1085.896973,0,0
7/18/2026 14:34,1154.314941,0,0
7/18/2026 14:44,1054.77002,0,0
7/18/2026 14:49,1011.382996,0,0
7/18/2026 14:54,1050.68103,0,0
7/18/2026 14:59,1013.309998,0,0
7/18/2026 15:04,1021.857971,0,0
7/18/2026 15:09,983.6409912,0,0
7/18/2026 15:15,1002.45697,-0.001,0
7/18/2026 15:20,1014.629028,0,0
7/18/2026 15:25,138.6009979,-0.001,0
7/18/2026 15:30,164.279007,0.002,0
7/18/2026 15:35,333.7579956,0,0
7/18/2026 15:40,969.3510132,0,0
7/18/2026 15:45,345.0180054,0,0
7/18/2026 15:55,225.7579956,0,0
7/18/2026 16:00,214.1009979,-0.001,0
7/18/2026 16:05,887.3670044,0,0
7/18/2026 16:10,223.5200043,0.001,0
7/18/2026 16:15,179.1950073,0.002,0
7/18/2026 16:25,853.3809814,0,0
7/18/2026 16:30,162.0339966,-0.002,0
7/18/2026 16:35,143.9250031,0.002,0
7/18/2026 16:40,141.6210022,0.001,0
7/18/2026 16:45,137.720993,-0.003,0
7/18/2026 16:50,129.2870026,0.002,0
7/18/2026 16:55,120.2860031,0.001,0
7/18/2026 17:00,237.9199982,0,0
7/18/2026 17:05,165.0610046,0,0
7/18/2026 17:10,398.6239929,0,0
7/18/2026 17:15,174.6860046,-0.002,0
7/18/2026 17:20,549.5430298,0,0
7/18/2026 17:25,552.2969971,0,0
7/18/2026 17:30,595.552002,0,0
7/18/2026 17:35,579.473999,0,0
7/18/2026 17:41,406.6130066,0,0
7/18/2026 17:46,162.2350006,-0.001,0
7/18/2026 17:51,126.2030029,0.001,0
7/18/2026 17:56,195.4329987,0.001,0
7/18/2026 18:01,297.2799988,0.001,0
7/18/2026 18:06,141.5090027,0.001,0
7/18/2026 18:11,105.7139969,-0.001,0
7/18/2026 18:16,112.086998,0.001,0
7/18/2026 18:21,109.1019974,0.001,0
7/18/2026 18:26,97.7990036,0.001,0
7/18/2026 18:31,106.7429962,0.001,0
7/18/2026 18:41,121.6230011,0.001,0
7/18/2026 18:46,132.1620026,-0.001,0
7/18/2026 18:51,130.9759979,0.002,0
7/18/2026 18:56,131.1179962,0.002,0
7/18/2026 19:01,111.2659988,0.002,0
7/18/2026 19:06,86.9260025,0,0
7/18/2026 19:11,77.94300079,0.001,0
7/18/2026 19:16,72.3809967,-0.002,0
7/18/2026 19:21,65.98200226,-0.002,0
7/18/2026 19:26,58.96900177,0.003,0
7/18/2026 19:31,58.74100113,-0.001,0
7/18/2026 19:36,54.53900146,-0.002,0
7/18/2026 19:41,40.89899826,0.01,0
7/18/2026 19:46,35.38499832,-0.002,0
7/18/2026 19:51,36.73799896,-0.004,0
7/18/2026 19:56,35.81100082,0.004,0
7/18/2026 20:02,33.9659996,-0.004,0
7/18/2026 20:07,27.86100006,-0.001,0
7/18/2026 20:12,26.18700027,-0.002,0
7/18/2026 20:17,22.67000008,-0.003,0
7/18/2026 20:22,21.69400024,0.003,0
7/18/2026 20:27,19.60199928,-0.004,0
7/18/2026 20:37,17.68499947,0.004,0
7/18/2026 20:42,15.5539999,0.022,0
7/18/2026 20:47,13.35999966,0.017000001,0
7/18/2026 20:52,11.21100044,0.014,0
7/18/2026 20:57,9.057999611,0.004,0
7/18/2026 21:02,7.058000088,0.048999999,0
7/18/2026 21:07,4.842000008,-0.032000002,0
7/18/2026 21:12,3.230999947,-0.012,0
7/18/2026 21:17,2.174000025,-0.037,0
7/19/2026 6:00,2.174000025,-0.037,0
7/19/2026 6:05,4.715000153,-0.025,0
7/19/2026 6:10,6.941999912,-0.050000001,0
7/19/2026 6:15,9.262000084,-0.004,0
7/19/2026 6:20,11.93599987,-0.035999998,0
7/19/2026 6:30,18.03899956,-0.009,0
7/19/2026 6:35,22.01799965,0.005,0
7/19/2026 6:40,26.28300095,0.003,0
7/19/2026 6:45,29.65500069,-0.013,0
7/19/2026 6:50,32.43999863,-0.009,0
7/19/2026 6:55,35.20899963,0.001,0
7/19/2026 7:00,39.71900177,-0.001,0
7/19/2026 7:05,42.1969986,0.006,0
7/19/2026 7:10,45.38999939,-0.006,0
7/19/2026 7:15,48.31800079,0.003,0
7/19/2026 7:20,50.98300171,-0.002,0
7/19/2026 7:25,54.95100021,-0.006,0
7/19/2026 7:30,58.76300049,0.003,0
7/19/2026 7:35,63.3390007,0.004,0
7/19/2026 7:40,67.68900299,-0.004,0
7/19/2026 7:46,71.31700134,0.001,0
7/19/2026 7:51,160.8730011,0,0
7/19/2026 7:56,174.7109985,0,0
7/19/2026 8:01,178.197998,-0.001,0
7/19/2026 8:06,201.9199982,0,0
7/19/2026 8:11,193.0529938,0,0
7/19/2026 8:16,220.651001,-0.001,0
7/19/2026 8:21,178.4850006,0,0
7/19/2026 8:26,137.7619934,0.001,0
7/19/2026 8:31,118.586998,-0.002,0
7/19/2026 8:36,123.913002,0,0
7/19/2026 8:41,126.1050034,-0.001,0
7/19/2026 8:46,115.1039963,0.002,0
7/19/2026 8:51,125.0400009,0.002,0
7/19/2026 8:56,132.4909973,0.001,0
7/19/2026 9:01,284.7659912,0.001,0
7/19/2026 9:06,136.3910065,-0.001,0
7/19/2026 9:11,141.3690033,0.001,0
7/19/2026 9:16,170.0429993,-0.001,0
7/19/2026 9:21,433.8989868,0,0
7/19/2026 9:26,479.0580139,0,0
7/19/2026 9:31,511.8930054,0,0
7/19/2026 9:46,580.9810181,0,0
7/19/2026 9:51,576.367981,0,0
7/19/2026 9:56,572.0939941,0,0
7/19/2026 10:01,604.6560059,0,0
7/19/2026 10:06,644.5460205,0,0
7/19/2026 10:12,414.9259949,0,0
7/19/2026 10:17,274.1140137,-0.001,0
7/19/2026 10:22,655.03302,0,0
7/19/2026 10:32,690.757019,0,0
7/19/2026 10:37,712.9439697,0,0
7/19/2026 10:42,732.9650269,0,0
7/19/2026 10:47,705.6389771,0,0
7/19/2026 10:52,736.7659912,0.001,0
7/19/2026 10:57,763.4450073,0,0
7/19/2026 11:02,771.9730225,0,0
7/19/2026 11:12,801.0720215,0,0
7/19/2026 11:17,828.0020142,0,0
7/19/2026 11:22,837.4990234,0,0
7/19/2026 11:27,855.7030029,0,0
7/19/2026 11:32,883.0859985,0,0
7/19/2026 11:37,958.0689697,0,0
7/19/2026 11:42,959.7219849,0,0
7/19/2026 11:47,981.914978,0,0
7/19/2026 11:52,219.3139954,-0.001,0
7/19/2026 11:57,217.5410004,0,0
7/19/2026 12:02,634.5100098,0.001,0
7/19/2026 12:07,996.1989746,0,0
7/19/2026 12:12,1025.465942,0,0
7/19/2026 12:17,989.0319824,0,0
7/19/2026 12:27,1021.567993,0,0
7/19/2026 12:33,1050.446045,0,0
7/19/2026 12:38,1100.082031,0,0
7/19/2026 12:43,423.4509888,0,0
7/19/2026 12:48,686.3250122,0,0
7/19/2026 12:53,1010.112976,0,0
7/19/2026 12:58,1014.254028,0,0
7/19/2026 13:03,1064.13501,0,0
7/19/2026 13:08,257.9110107,0,0
7/19/2026 13:13,337.506012,0,0
7/19/2026 13:18,1040.838989,0,0
7/19/2026 13:23,1020.267029,0,0
7/19/2026 13:28,1033.817993,0,0
7/19/2026 13:33,294.5950012,0,0
7/19/2026 13:55,1076.387939,0,0
7/19/2026 14:00,1038.467041,0,0
7/19/2026 14:05,169.2299957,-0.001,0
7/19/2026 14:10,209.9089966,0,0
7/19/2026 14:15,245.4170074,0,0
7/19/2026 14:20,177.1130066,0.003,0
7/19/2026 14:25,1046.219971,0,0
7/19/2026 14:30,965.1859741,0,0
7/19/2026 14:35,180.5390015,-0.001,0
7/19/2026 14:40,1012.390991,0,0
7/19/2026 14:56,191.4900055,0.001,0
7/19/2026 15:01,1007.104004,0,0
7/19/2026 15:06,372.4530029,0,0
7/19/2026 15:11,153.1750031,-0.002,0
7/19/2026 15:16,162.7689972,-0.001,0
7/19/2026 15:21,257.3970032,0.001,0
7/19/2026 15:26,513.7069702,0,0
7/19/2026 15:31,160.375,0.001,0
7/19/2026 15:36,173.227005,0.001,0
7/19/2026 15:41,397.572998,0,0
7/19/2026 15:46,870.3629761,0,0
7/19/2026 15:51,520.4530029,0,0
7/19/2026 16:01,791.5499878,0,0
7/19/2026 16:06,809.3540039,0,0
7/19/2026 16:11,194.7449951,0,0
7/19/2026 16:16,786.375,0,0
7/19/2026 16:21,795.4190063,0,0
7/19/2026 16:26,782.815979,0,0
7/19/2026 16:31,757.0670166,0,0
7/19/2026 16:36,727.2290039,0,0
7/19/2026 16:41,706.1550293,0,0
7/19/2026 16:46,684.8430176,0,0
7/19/2026 16:51,669.71698,0,0
7/19/2026 16:56,649.9769897,0,0
7/19/2026 17:01,647.0250244,0,0
7/19/2026 17:06,612.0640259,0.001,0
7/19/2026 17:12,605.2069702,0,0
7/19/2026 17:17,583.2639771,0,0
7/19/2026 17:22,541.7849731,0,0
7/19/2026 17:27,518.3129883,0,0
7/19/2026 17:32,506.7470093,0,0
7/19/2026 17:37,487.9330139,0.001,0
7/19/2026 17:47,440.0429993,0.001,0
7/19/2026 18:02,370.5100098,0,0
7/19/2026 18:07,350.5390015,0.001,0
7/19/2026 18:12,305.2529907,-0.001,0
7/19/2026 18:22,86.9280014,0,0
7/19/2026 18:27,83.97399902,0,0
7/19/2026 18:32,80.4980011,-0.002,0
7/19/2026 18:37,77.89099884,0.005,0
7/19/2026 18:42,76.90899658,-0.001,0
7/19/2026 18:47,75.04199982,-0.002,0
7/19/2026 18:52,72.16000366,0.002,0
7/19/2026 18:57,68.76100159,0.001,0
7/19/2026 19:07,63.20700073,-0.005,0
7/19/2026 19:12,61.04700089,0.002,0
7/19/2026 19:17,58.62200165,-0.002,0
7/19/2026 19:22,56.57699966,0.001,0
7/19/2026 19:27,54.57799911,0.002,0
7/19/2026 19:33,52.41799927,-0.003,0
7/19/2026 19:38,50.62099838,0.001,0
7/19/2026 19:43,48.42100143,0.001,0
7/19/2026 19:48,45.70199966,0.01,0
7/19/2026 19:58,41.11500168,0.001,0
7/19/2026 20:03,38.50699997,0.007,0
7/19/2026 20:08,36.05500031,-0.001,0
7/19/2026 20:13,33.28499985,0.001,0
7/19/2026 20:18,29.54999924,-0.001,0
7/19/2026 20:23,26.41399956,0.01,0
7/19/2026 20:28,23.96100044,0.006,0
7/19/2026 20:33,21.36700058,0.008,0
7/19/2026 20:38,18.63999939,0.01,0
7/19/2026 20:48,13.15200043,0.009,0
7/19/2026 20:53,10.45499992,0.030999999,0
7/19/2026 20:58,8.022999763,-0.028999999,0
7/19/2026 21:03,4.724999905,0.041000001,0
7/19/2026 21:13,1.656999946,0.201000005,0
7/19/2026 21:18,0.624000013,-0.025,0
7/20/2026 6:01,0.624000013,-0.025,0
7/20/2026 6:06,4.881999969,0.029999999,0
7/20/2026 6:11,7.010000229,0.017000001,0
7/20/2026 6:16,8.911999702,0.009,0
7/20/2026 6:21,11.1789999,0.01,0
7/20/2026 6:26,13.99100018,-0.006,0
7/20/2026 6:36,21.15299988,0.009,0
7/20/2026 6:41,24.11700058,0.008,0
7/20/2026 6:46,24.66300011,-0.003,0
7/20/2026 6:56,28.19000053,-0.008,0
7/20/2026 7:01,33.04499817,-0.002,0
7/20/2026 7:06,36.23799896,0.004,0
7/20/2026 7:11,38.9070015,0.011,0
7/20/2026 7:16,40.68999863,0.002,0
7/20/2026 7:21,42.67399979,-0.002,0
7/20/2026 7:26,44.08499908,-0.005,0
7/20/2026 7:31,45.72600174,-0.008,0
7/20/2026 7:36,50.18299866,-0.003,0
7/20/2026 7:42,53.7120018,-0.003,0
7/20/2026 7:47,61.76699829,-0.005,0
7/20/2026 7:52,138.173996,0.001,0
7/20/2026 7:57,188.3860016,0,0
7/20/2026 8:02,208.7429962,0,0
7/20/2026 8:07,226.548996,-0.001,0
7/20/2026 8:12,245.125,0,0
7/20/2026 8:17,263.9970093,0.002,0
7/20/2026 8:22,282.8710022,-0.001,0
7/20/2026 8:27,301.1839905,0.001,0
7/20/2026 8:32,320.993988,0,0
7/20/2026 8:42,356.4530029,0.001,0
7/20/2026 8:47,376.9679871,-0.001,0
7/20/2026 8:52,396.3340149,0,0
7/20/2026 8:57,419.1679993,0,0
7/20/2026 9:02,439.3909912,0,0
7/20/2026 9:07,460.644989,0,0
7/20/2026 9:12,480.769989,0,0
7/20/2026 9:17,502.7149963,0,0
7/20/2026 9:22,520.4710083,0,0
7/20/2026 9:27,539.1220093,0,0
7/20/2026 9:32,558.5529785,0,0
7/20/2026 9:37,578.5369873,0,0
7/20/2026 9:42,599.5219727,0,0
7/20/2026 9:47,618.9530029,0,0
7/20/2026 9:52,635.3690186,0,0
7/20/2026 9:57,652.5939941,0,0
7/20/2026 10:02,670.6699829,0,0
7/20/2026 10:08,686.4569702,0,0
7/20/2026 10:13,703.8460083,0,0
7/20/2026 10:18,721.5650024,0,0
7/20/2026 10:23,740.4780273,-0.001,0
7/20/2026 10:33,771.6339722,0,0
7/20/2026 10:38,788.9500122,0,0
7/20/2026 10:48,822.7089844,0,0
7/20/2026 10:53,837.0239868,0,0
7/20/2026 10:58,853.1450195,0,0
7/20/2026 11:03,868.4500122,0,0
7/20/2026 11:08,881.8319702,0,0
7/20/2026 11:13,892.4619751,0,0
7/20/2026 11:23,916.552002,-0.001,0
7/20/2026 11:28,927.6729736,0,0
7/20/2026 11:33,939.6799927,0,0
7/20/2026 11:38,950.526001,0,0
7/20/2026 11:43,961.9130249,0,0
7/20/2026 11:48,971.5759888,0,0
7/20/2026 11:53,983.0469971,0,0
7/20/2026 11:58,990.7609863,0,0
7/20/2026 12:03,999.5360107,0,0
7/20/2026 12:08,1008.698975,0,0
7/20/2026 12:13,1015.557007,0,0
7/20/2026 12:18,1023.390015,0,0
7/20/2026 12:23,1026.616943,0,0
7/20/2026 12:34,1039.062012,0,0
7/20/2026 12:39,1038.86499,0,0
7/20/2026 12:44,1043.32605,0,0
7/20/2026 12:49,1048.144043,0,0
7/20/2026 12:54,1048.862061,0,0
7/20/2026 12:59,1050.371948,0,0
7/20/2026 13:09,1046.093994,0,0
7/20/2026 13:14,1046.77002,0,0
7/20/2026 13:19,1045.415039,0,0
7/20/2026 13:24,1044.802002,0,0
7/20/2026 13:29,1046.062012,0,0
7/20/2026 13:52,1032.360962,0,0
7/20/2026 13:57,1029.677979,0,0
7/20/2026 14:02,1027.920044,0,0
7/20/2026 14:07,1023.781006,0,0
7/20/2026 14:12,1024.900024,0,0
7/20/2026 14:17,1019.409973,0,0
7/20/2026 14:22,1007.617981,0,0
7/20/2026 14:27,1007.742981,0,0
7/20/2026 14:32,1004.565002,0,0
7/20/2026 14:37,996.5620117,0,0
7/20/2026 14:42,990.3109741,0,0
7/20/2026 14:47,985.9450073,0,0
7/20/2026 14:52,975.5150146,0,0
7/20/2026 14:57,965.2659912,0,0
7/20/2026 15:02,957.6560059,0,0
7/20/2026 15:08,945.1890259,0,0
7/20/2026 15:13,937.4639893,-0.001,0
7/20/2026 15:18,925.7119751,0,0
7/20/2026 15:23,915.2689819,0,0
7/20/2026 15:28,900.7440186,0,0
7/20/2026 15:33,887.9310303,0,0
7/20/2026 15:38,878.4210205,0,0
7/20/2026 15:43,859.7919922,0,0
7/20/2026 15:48,844.5230103,-0.001,0
7/20/2026 15:53,835.2750244,0,0
7/20/2026 15:58,824.8709717,0,0
7/20/2026 16:03,806.2739868,0,0
7/20/2026 16:08,794.8300171,0,0
7/20/2026 16:13,782.2310181,0,0
7/20/2026 16:18,771.9379883,0,0
7/20/2026 16:23,753.7230225,0,0
7/20/2026 16:28,741.5130005,0,0
7/20/2026 16:33,712.1010132,0,0
7/20/2026 16:38,697.5910034,0,0
7/20/2026 16:43,689.0880127,0,0
7/20/2026 16:48,669.0629883,0.001,0
7/20/2026 16:53,657.7810059,0,0
7/20/2026 16:58,646.8140259,0,0
7/20/2026 17:03,617.7579956,0,0
7/20/2026 17:08,600.8300171,0,0
7/20/2026 17:13,599.5449829,0.001,0
7/20/2026 17:18,492.3729858,0,0
7/20/2026 17:23,101.7229996,-0.002,0
7/20/2026 17:29,545.690979,0,0
7/20/2026 17:34,508.493988,0,0
7/20/2026 17:39,493.5679932,0,0
7/20/2026 17:44,479.6459961,-0.001,0
7/20/2026 17:49,459.2569885,0,0
7/20/2026 17:54,92.72699738,-0.002,0
7/20/2026 17:59,424.3890076,-0.001,0
7/20/2026 18:09,371.5379944,0,0
7/20/2026 18:14,163.227005,-0.001,0
7/20/2026 18:19,90.84799957,0.002,0
7/20/2026 18:24,83.45600128,0.002,0
7/20/2026 18:29,82.77300262,0,0
7/20/2026 18:34,79.11100006,0.003,0
7/20/2026 18:39,77.20200348,0.001,0
7/20/2026 18:44,73.38700104,-0.001,0
7/20/2026 18:49,73.17700195,0.001,0
7/20/2026 18:54,70.00499725,-0.002,0
7/20/2026 18:59,64.93299866,0.004,0
7/20/2026 19:04,65.20700073,0.003,0
7/20/2026 19:09,63.14500046,0.001,0
7/20/2026 19:14,62.50699997,0.005,0
7/20/2026 19:19,60.00500107,0.002,0
7/20/2026 19:24,64.04100037,0.003,0
7/20/2026 19:29,60.4109993,-0.003,0
7/20/2026 19:34,57.99300003,-0.001,0
7/20/2026 19:39,56.87799835,0.003,0
7/20/2026 19:44,56.52999878,0.004,0
7/20/2026 19:49,51.95700073,0.01,0
7/20/2026 19:55,52.18700027,-0.003,0
7/20/2026 20:00,55.79899979,-0.003,0
7/20/2026 20:05,57.27099991,0.003,0
7/20/2026 20:10,57.94100189,-0.003,0
7/20/2026 20:15,53.72299957,0.008,0
7/20/2026 20:25,36.79999924,-0.002,0
7/20/2026 20:30,25.70199966,-0.002,0
7/20/2026 20:35,18.36800003,0.009,0
7/20/2026 20:40,15.07199955,-0.021,0
7/20/2026 20:45,13.29800034,-0.003,0
7/20/2026 20:50,12.04800034,0.009,0
7/20/2026 20:55,10.53100014,-0.015,0
7/20/2026 21:00,7.605000019,0.015,0
7/20/2026 21:05,4.702000141,-0.026000001,0
7/20/2026 21:10,2.605000019,-0.032000002,0
7/20/2026 21:15,1.430999994,0.052000001,0
7/20/2026 21:20,0.384000003,-0.011,0
7/21/2026 6:02,0.384000003,-0.011,0
7/21/2026 6:07,4.736000061,-0.016000001,0
7/21/2026 6:12,6.958000183,-0.006,0
7/21/2026 6:17,10.01599979,0.02,0
7/21/2026 6:22,12.75399971,0.009,0
7/21/2026 6:27,15.39000034,-0.012,0
7/21/2026 6:32,17.65500069,-0.006,0
7/21/2026 6:37,20.35899925,-0.011,0
7/21/2026 6:42,24.43899918,0.005,0
7/21/2026 6:47,27.03300095,0.003,0
7/21/2026 6:52,29.48600006,0.001,0
7/21/2026 6:57,31.95700073,0.002,0
7/21/2026 7:02,34.47499847,-0.001,0
7/21/2026 7:07,37.26399994,0.001,0
7/21/2026 7:12,39.52199936,-0.004,0
7/21/2026 7:17,41.54999924,0.003,0
7/21/2026 7:22,43.7140007,-0.006,0
7/21/2026 7:27,45.77399826,0.004,0
7/21/2026 7:32,48.30199814,-0.002,0
7/21/2026 7:38,50.3769989,0.001,0
7/21/2026 7:43,52.39300156,0.001,0
7/21/2026 7:48,125.8420029,0.001,0
7/21/2026 7:53,183.0399933,0,0
7/21/2026 7:58,200.4900055,0.001,0
7/21/2026 8:03,216.9049988,-0.001,0
7/21/2026 8:08,234.8769989,0.002,0
7/21/2026 8:13,252.7940063,-0.001,0
7/21/2026 8:18,273.0350037,-0.001,0
7/21/2026 8:23,291.4790039,0.001,0
7/21/2026 8:28,311.6589966,0.001,0
7/21/2026 8:33,331.2250061,0.001,0
7/21/2026 8:38,348.3999939,0,0
7/21/2026 8:43,370.7409973,0,0
7/21/2026 8:48,388.04599,0,0
7/21/2026 8:53,403.1340027,0.001,0
7/21/2026 8:58,424.2330017,0,0
7/21/2026 9:03,443.071991,-0.001,0
7/21/2026 9:08,463.3200073,0.001,0
7/21/2026 9:13,478.5379944,0,0
7/21/2026 9:18,498.4179993,0,0
7/21/2026 9:23,514.3380127,0.001,0
7/21/2026 9:28,538.0960083,0,0
7/21/2026 9:33,555.2390137,0,0
7/21/2026 9:43,587.6660156,0,0
7/21/2026 9:48,607.2800293,0,0
7/21/2026 9:53,622.1389771,-0.001,0
7/21/2026 9:58,638.4459839,0,0
7/21/2026 10:04,656.7089844,0,0
7/21/2026 10:09,668.7509766,0,0
7/21/2026 10:14,688.2719727,0,0
7/21/2026 10:19,700.3619995,0,0
7/21/2026 10:24,723.8629761,0,0
7/21/2026 10:29,738.3859863,0,0
7/21/2026 10:34,755.7260132,0,0
7/21/2026 10:39,772.1350098,0.001,0
7/21/2026 10:44,789.8289795,0,0
7/21/2026 10:49,804.9370117,0,0
7/21/2026 10:54,820.6810303,0,0
7/21/2026 10:59,837.6049805,0,0
7/21/2026 11:04,850.6290283,0,0
7/21/2026 11:09,861.5250244,0,0
7/21/2026 11:14,879.2020264,0,0
7/21/2026 11:19,892.3179932,0,0
7/21/2026 11:24,903.3549805,0,0
7/21/2026 11:29,914.065979,0,0
7/21/2026 11:39,938.3790283,0,0
7/21/2026 11:44,946.434021,0,0
7/21/2026 11:49,959.4829712,0,0
7/21/2026 11:54,968.3699951,0,0
7/21/2026 11:59,976.0390015,0,0
7/21/2026 12:04,987.3369751,0,0
7/21/2026 12:09,994.6699829,0,0
7/21/2026 12:14,999.6300049,0,0
7/21/2026 12:19,1008.848022,0,0
7/21/2026 12:25,1014.132996,0,0
7/21/2026 12:30,1020.010986,0,0
7/21/2026 12:35,1024.814941,0,0
7/21/2026 12:40,1028.087036,0,0
7/21/2026 12:45,1028.665039,0,0
7/21/2026 12:50,1031.552979,0,0
7/21/2026 12:55,1037.073975,0,0
7/21/2026 13:00,1037.880005,0,0
7/21/2026 13:10,1034.214966,0,0
7/21/2026 13:15,1031.416992,0,0
7/21/2026 13:20,1028.230957,0,0
7/21/2026 13:25,1026.63501,0,0
7/21/2026 13:30,1029.072021,0,0
7/21/2026 13:52,1012.971008,0,0
7/21/2026 13:57,1015.674988,0,0
7/21/2026 14:02,1019.317017,0,0
7/21/2026 14:07,1007.450989,0,0
7/21/2026 14:12,972.0549927,0,0
7/21/2026 14:22,994.664978,0,0
7/21/2026 14:27,989.4099731,0,0
7/21/2026 14:32,987.882019,0,0
7/21/2026 14:37,993.9660034,0,0
7/21/2026 14:42,977.2180176,0,0
7/21/2026 14:47,970.5120239,0,0
7/21/2026 14:52,966.0640259,0,0
7/21/2026 14:57,958.223999,0,0
7/21/2026 15:02,958.4849854,0,0
7/21/2026 15:07,940.6900024,0,0
7/21/2026 15:12,931.3939819,0,0
7/21/2026 15:23,857.7849731,0,0
7/21/2026 15:28,921.2020264,0,0
7/21/2026 15:38,880.4249878,0,0
7/21/2026 15:43,887.8900146,0,0
7/21/2026 15:48,179.0350037,0,0
7/21/2026 15:53,893.5040283,0,0
7/21/2026 15:58,859.401001,0,0
7/21/2026 16:13,816.6810303,0,0
7/21/2026 16:18,297.5979919,0.001,0
7/21/2026 16:23,150.2539978,0,0
7/21/2026 16:28,165.0709991,-0.001,0
7/21/2026 16:38,166.8500061,0,0
7/21/2026 16:43,146.6829987,-0.001,0
7/21/2026 16:48,170.3289948,0,0
7/21/2026 17:03,186.6170044,-0.001,0
7/21/2026 17:13,183.4720001,-0.001,0
7/21/2026 17:18,141.4060059,-0.001,0
7/21/2026 17:23,147.378006,0.001,0
7/21/2026 17:33,153.8509979,-0.002,0
7/21/2026 17:38,538.6489868,-0.001,0
7/21/2026 17:49,153.401001,-0.001,0
7/21/2026 17:54,155.0879974,0,0
7/21/2026 17:59,482.4230042,0,0
7/21/2026 18:04,457.4190063,0,0
7/21/2026 18:09,438.9370117,0,0
7/21/2026 18:14,347.3619995,0.001,0
7/21/2026 18:19,116.3130035,0.002,0
7/21/2026 18:24,90.98300171,0.001,0
7/21/2026 18:29,75.25900269,-0.004,0
7/21/2026 18:34,73.04499817,-0.005,0
7/21/2026 18:39,65.60700226,-0.002,0
7/21/2026 18:44,63.17900085,0.004,0
7/21/2026 18:49,60.58100128,0.004,0
7/21/2026 18:54,58.22399902,0.006,0
7/21/2026 19:04,54.36100006,0.001,0
7/21/2026 19:09,52.94599915,0.001,0
7/21/2026 19:14,50.61700058,0.002,0
7/21/2026 19:19,49.62099838,0.011,0
7/21/2026 19:29,45.95700073,-0.005,0
7/21/2026 19:34,44.06399918,-0.004,0
7/21/2026 19:39,41.99499893,0.002,0
7/21/2026 19:44,39.92900085,-0.002,0
7/21/2026 19:49,38.10300064,0.003,0
7/21/2026 19:54,36.32699966,-0.002,0
7/21/2026 19:59,34.78900146,0.001,0
7/21/2026 20:04,33.2179985,0.001,0
7/21/2026 20:10,31.57500076,0.001,0
7/21/2026 20:15,29.9109993,-0.001,0
7/21/2026 20:20,25.41300011,0.009,0
7/21/2026 20:25,23.0510006,-0.002,0
7/21/2026 20:30,20.67399979,-0.013,0
7/21/2026 20:35,18.21500015,-0.021,0
7/21/2026 20:40,16.22400093,0.012,0
7/21/2026 20:50,11.28199959,-0.021,0
7/21/2026 20:55,8.967000008,-0.021,0
7/21/2026 21:00,6.902999878,0.011,0
7/21/2026 21:05,4.943999767,-0.046999998,0
7/21/2026 21:10,3.147000074,-0.123000003,0
7/21/2026 21:15,1.552000046,0.324000001,0
7/22/2026 5:58,1.552000046,0.324000001,0
7/22/2026 6:03,5.414999962,-0.043000001,0
7/22/2026 6:08,7.256999969,-0.059,0
7/22/2026 6:13,9.102000237,-0.037,0
7/22/2026 6:18,11.01500034,-0.007,0
7/22/2026 6:23,13.56299973,0.006,0
7/22/2026 6:28,16.16900063,0.012,0
7/22/2026 6:33,18.58300018,0.01,0
7/22/2026 6:38,21.00799942,0.015,0
7/22/2026 6:43,24.0890007,-0.006,0
7/22/2026 6:48,25.92200089,-0.01,0
7/22/2026 6:53,28.46299934,-0.007,0
7/22/2026 6:58,30.48200035,-0.001,0
7/22/2026 7:03,32.81600189,-0.01,0
7/22/2026 7:08,34.76100159,0.004,0
7/22/2026 7:13,36.50299835,0.001,0
7/22/2026 7:18,38.61399841,-0.007,0
7/22/2026 7:23,40.18999863,0.005,0
7/22/2026 7:28,42.07799911,-0.002,0
7/22/2026 7:33,43.68199921,0.001,0
7/22/2026 7:39,45.63199997,-0.003,0
7/22/2026 7:44,47.65299988,-0.002,0
7/22/2026 7:49,170.5299988,0.001,0
7/22/2026 7:54,188.5780029,-0.002,0
7/22/2026 7:59,205.8379974,0.002,0
7/22/2026 8:04,223.5890045,-0.001,0
7/22/2026 8:09,240.1990051,-0.002,0
7/22/2026 8:14,258.6029968,0,0
7/22/2026 8:19,276.5899963,0.001,0
7/22/2026 8:24,297.0079956,0,0
7/22/2026 8:29,315.0929871,0,0
7/22/2026 8:34,332.9760132,0.001,0
7/22/2026 8:39,350.5390015,0,0
7/22/2026 8:44,368.2149963,0,0
7/22/2026 8:49,388.42099,0,0
7/22/2026 8:54,406.4779968,-0.001,0
7/22/2026 8:59,418.75,0,0
7/22/2026 9:04,437.631012,0,0
7/22/2026 9:09,449.5650024,0,0
7/22/2026 9:19,492.0849915,0,0
7/22/2026 9:34,555.7189941,0,0
7/22/2026 9:39,575.098999,0,0
7/22/2026 9:44,593.2750244,0,0
7/22/2026 9:49,612.1229858,0,0
7/22/2026 9:54,635.0809937,0,0
7/22/2026 9:59,649.7329712,0,0
7/22/2026 10:05,666.5759888,0,0
7/22/2026 10:10,682.447998,0,0
7/22/2026 10:15,701.3969727,0,0
7/22/2026 10:25,740.0900269,0,0
7/22/2026 10:30,759.5410156,0,0
7/22/2026 10:40,792.0430298,0,0
7/22/2026 10:45,809.2299805,0,0
7/22/2026 10:50,826.7269897,0,0
7/22/2026 10:55,839.7440186,0,0
7/22/2026 11:00,854.0230103,0,0
7/22/2026 11:05,866.0209961,0,0
7/22/2026 11:10,875.9349976,0,0
7/22/2026 11:15,885.9489746,0,0
7/22/2026 11:20,899.4060059,0,0
7/22/2026 11:35,933.3460083,0,0
7/22/2026 11:40,945.4349976,0,0
7/22/2026 11:45,957.0499878,0,0
7/22/2026 11:55,977.2479858,0,0
7/22/2026 12:00,986.8480225,0,0
7/22/2026 12:05,995.8579712,0,0
7/22/2026 12:10,1002.932983,0,0
7/22/2026 12:15,1013.882996,0,0
7/22/2026 12:20,1016.096985,0,0
7/22/2026 12:26,1023.487976,0,0
7/22/2026 12:31,1025.203003,0,0
7/22/2026 12:36,1031.483032,0,0
7/22/2026 12:41,1034.660034,0,0
7/22/2026 12:51,1039.55896,0,0
7/22/2026 12:56,1039.162964,0,0
7/22/2026 13:01,1041.602051,0,0
7/22/2026 13:06,1044.897949,0,0
7/22/2026 13:11,1038.94397,0,0
7/22/2026 13:16,1037.188965,0,0
7/22/2026 13:21,1042.19397,0,0
7/22/2026 13:26,1036.354004,-0.001,0
7/22/2026 13:31,1028.578003,0,0
7/22/2026 13:54,1022.005005,0,0
7/22/2026 13:59,1016.215027,0,0
7/22/2026 14:04,1016.317017,0,0
7/22/2026 14:09,1012.322021,0,0
7/22/2026 14:14,1003.68103,0,0
7/22/2026 14:19,1002.974976,0,0
7/22/2026 14:24,990.4660034,0,0
7/22/2026 14:29,986.6779785,0,0
7/22/2026 14:34,976.5460205,0,0
7/22/2026 14:39,970.0960083,0,0
7/22/2026 14:44,960.085022,0,0
7/22/2026 14:49,954.7219849,0,0
7/22/2026 14:54,945.34198,0,0
7/22/2026 14:59,936.4160156,0,0
7/22/2026 15:04,925.2109985,0,0
7/22/2026 15:09,915.1270142,0,0
7/22/2026 15:14,906.1489868,0,0
7/22/2026 15:19,896.0319824,0,0
7/22/2026 15:25,885.197998,0,0
7/22/2026 15:30,876.3540039,0,0
7/22/2026 15:35,865.4470215,0,0
7/22/2026 15:40,852.2819824,0,0
7/22/2026 15:45,838.7589722,0,0
7/22/2026 15:50,831.5889893,0,0
7/22/2026 15:55,806.6010132,0,0
7/22/2026 16:00,787.3740234,0,0
7/22/2026 16:05,765.4240112,0,0
7/22/2026 16:15,734.9630127,0,0
7/22/2026 16:20,708.0529785,0,0
7/22/2026 16:25,705.4400024,0,0
7/22/2026 16:30,701.6459961,0,0
7/22/2026 16:35,675.690979,0,0
7/22/2026 16:40,659.1290283,0,0
7/22/2026 16:45,641.2659912,0,0
7/22/2026 16:50,628.9569702,0,0
7/22/2026 16:55,613.0720215,0,0
7/22/2026 17:00,594.3070068,0,0
7/22/2026 17:05,578.0640259,0,0
7/22/2026 17:15,551.0079956,-0.001,0
7/22/2026 17:20,539.3460083,0.001,0
7/22/2026 17:25,532.6420288,0,0
7/22/2026 17:30,531.1339722,0,0
7/22/2026 17:35,473.6159973,0.001,0
7/22/2026 17:46,457.0499878,0.001,0
7/22/2026 17:51,389.8649902,0,0
7/22/2026 17:56,316.493988,0,0
7/22/2026 18:01,351.9609985,0,0
7/22/2026 18:06,332.493988,0,0
7/22/2026 18:11,353.0559998,0,0
7/22/2026 18:16,137.9660034,-0.003,0
7/22/2026 18:26,90.68099976,0.003,0
7/22/2026 18:31,90.38600159,0.003,0
7/22/2026 18:36,87.58899689,0,0
7/22/2026 18:46,80.83200073,-0.001,0
7/22/2026 18:51,79.96099854,0.004,0
7/22/2026 18:56,75.21600342,0.002,0
7/22/2026 19:01,70.26699829,0.002,0
7/22/2026 19:06,72.85700226,0.004,0
7/22/2026 19:11,82.61599731,-0.001,0
7/22/2026 19:16,81.54100037,0.002,0
7/22/2026 19:21,76.12599945,0.001,0
7/22/2026 19:26,68.24199677,0.004,0
7/22/2026 19:31,65.64600372,-0.001,0
7/22/2026 19:36,65.13600159,0.008,0
7/22/2026 19:41,54.30899811,0.003,0
7/22/2026 19:46,46.23799896,0.004,0
7/22/2026 19:51,41.54999924,0.007,0
7/22/2026 19:56,39.92699814,-0.003,0
7/22/2026 20:01,38.72000122,-0.005,0
7/22/2026 20:12,34.63700104,-0.008,0
7/22/2026 20:17,30.06200027,0.003,0
7/22/2026 20:22,26.38899994,-0.008,0
7/22/2026 20:27,23.81900024,0.011,0
7/22/2026 20:32,21.09600067,0.013,0
7/22/2026 20:37,18.27700043,0.008,0
7/22/2026 20:42,15.63700008,-0.01,0
7/22/2026 20:47,12.81599998,0.006,0
7/22/2026 20:52,10.41100025,0.008,0
7/22/2026 20:57,8.041000366,-0.050999999,0
7/22/2026 21:02,5.794000149,0.050999999,0
7/22/2026 21:07,4.001999855,-0.01,0
7/22/2026 21:12,2.005000114,0.077,0
7/22/2026 21:17,0.512000024,-0.549000025,0
7/23/2026 6:00,0.512000024,-0.549000025,0
7/23/2026 6:05,3.088000059,0.048,0
7/23/2026 6:10,4.890999794,-0.024,0
7/23/2026 6:15,7.252999783,-0.032000002,0
7/23/2026 6:20,9.44699955,0.009,0
7/23/2026 6:25,11.61400032,-0.029999999,0
7/23/2026 6:30,14.01799965,-0.017000001,0
7/23/2026 6:35,15.94299984,0.003,0
7/23/2026 6:45,19.12299919,0.002,0
7/23/2026 6:50,21.77400017,-0.004,0
7/23/2026 6:55,23.49300003,-0.003,0
7/23/2026 7:00,24.8939991,0.003,0
7/23/2026 7:05,25.36199951,-0.009,0
7/23/2026 7:10,28.90699959,-0.013,0
7/23/2026 7:15,33.0929985,0.004,0
7/23/2026 7:20,40.00500107,-0.002,0
7/23/2026 7:25,46.85699844,0.002,0
7/23/2026 7:30,52.36600113,-0.003,0
7/23/2026 7:35,60.14899826,0.002,0
7/23/2026 7:40,73.0490036,-0.001,0
7/23/2026 7:46,85.78099823,0.002,0
7/23/2026 7:51,101.1949997,-0.003,0
7/23/2026 7:56,109.8239975,0,0
7/23/2026 8:01,117.697998,-0.001,0
7/23/2026 8:06,186.1260071,0,0
7/23/2026 8:11,196.8179932,0,0
7/23/2026 8:16,165.477005,0.001,0
7/23/2026 8:21,224.8639984,-0.001,0
7/23/2026 8:26,227.1679993,-0.001,0
7/23/2026 8:31,286.5870056,0.001,0
7/23/2026 8:36,178.3220062,-0.001,0
7/23/2026 8:41,332.5190125,0,0
7/23/2026 8:46,365.5039978,0,0
7/23/2026 8:51,398.0639954,0,0
7/23/2026 9:01,418.17099,0,0
7/23/2026 9:11,397.5759888,0,0
7/23/2026 9:16,351.4509888,0.001,0
7/23/2026 9:21,413.6430054,0,0
7/23/2026 9:26,481.7269897,0,0
7/23/2026 9:31,502.6830139,-0.001,0
7/23/2026 9:36,561.625,0,0
7/23/2026 9:41,562.7789917,0.001,0
7/23/2026 9:46,576.6160278,-0.001,0
7/23/2026 9:51,615.8740234,0,0
7/23/2026 9:56,588.1900024,0,0
7/23/2026 10:01,538.0570068,0.001,0
7/23/2026 10:06,621.7369995,0,0
7/23/2026 10:12,495.8190002,0,0
7/23/2026 10:17,605.4879761,0,0
7/23/2026 10:22,625.5819702,0,0
7/23/2026 10:27,739.242981,0,0
7/23/2026 10:32,759.0830078,0,0
7/23/2026 10:37,733.3289795,0,0
7/23/2026 10:42,720.3410034,0,0
7/23/2026 10:47,792.2189941,0.001,0
7/23/2026 10:52,810.1669922,0,0
7/23/2026 10:57,784.6010132,0,0
7/23/2026 11:02,657.802002,0,0
7/23/2026 11:12,718.2080078,0,0
7/23/2026 11:17,821.3259888,0,0
7/23/2026 11:22,772.28302,0,0
7/23/2026 11:27,811.4890137,0,0
7/23/2026 11:37,892.9489746,0,0
7/23/2026 11:42,879.177002,0,0
7/23/2026 11:47,940.7620239,0,0
7/23/2026 11:52,961.6779785,0,0
7/23/2026 12:02,921.0469971,0,0
7/23/2026 12:07,794.8140259,0,0
7/23/2026 12:12,811.0739746,0,0
7/23/2026 12:22,635.2810059,0,0
7/23/2026 12:27,1022.750977,0,0
7/23/2026 12:33,776.3380127,0,0
7/23/2026 12:38,749.7459717,0,0
7/23/2026 12:43,710.1370239,0,0
7/23/2026 12:53,844.9489746,0,0
7/23/2026 12:58,607.9949951,0,0
7/23/2026 13:03,1056.349976,0,0
7/23/2026 13:08,671.5819702,0,0
7/23/2026 13:13,1078.557983,0,0
7/23/2026 13:18,678.651001,0,0
7/23/2026 13:23,1035.529053,0,0
7/23/2026 13:28,1018.288025,0,0
7/23/2026 13:33,1023.591003,0,0
7/23/2026 13:55,1013.778015,0,0
7/23/2026 14:00,1008.132996,0,0
7/23/2026 14:05,996.1920166,0,0
7/23/2026 14:10,1003.247009,0,0
7/23/2026 14:15,990.2949829,0,0
7/23/2026 14:20,1003.362,0,0
7/23/2026 14:25,980.1380005,0,0
7/23/2026 14:30,989.7189941,0,0
7/23/2026 14:35,976.0419922,0,0
7/23/2026 14:40,815.7230225,0,0
7/23/2026 14:45,952.9370117,0,0
7/23/2026 14:50,967.4869995,0,0
7/23/2026 14:55,947.6550293,0,0
7/23/2026 15:00,941.2479858,0,0
7/23/2026 15:05,925.9979858,0,0
7/23/2026 15:10,938.8499756,0,0
7/23/2026 15:15,923.4860229,0,0
7/23/2026 15:20,900.0159912,0,0
7/23/2026 15:26,883.9500122,0,0
7/23/2026 15:31,873.6160278,0,0
7/23/2026 15:36,857.4329834,0,0
7/23/2026 15:41,845.6669922,0,0
7/23/2026 15:46,835.7990112,0,0
7/23/2026 15:51,832.6220093,0.001,0
7/23/2026 15:56,817.3259888,0,0
7/23/2026 16:01,802.822998,0,0
7/23/2026 16:11,766.7119751,0,0
7/23/2026 16:16,761.7299805,0,0
7/23/2026 16:21,751.690979,0,0
7/23/2026 16:26,740.2670288,0,0
7/23/2026 16:31,723.3829956,0,0
7/23/2026 16:36,699.2750244,0,0
7/23/2026 16:41,685.2020264,0.001,0
7/23/2026 16:46,671.2960205,0,0
7/23/2026 16:51,662.3449707,0,0
7/23/2026 16:56,646.1420288,0,0
7/23/2026 17:01,623.1589966,0,0
7/23/2026 17:06,610.9869995,0,0
7/23/2026 17:11,586.3930054,0,0
7/23/2026 17:16,565.2940063,0,0
7/23/2026 17:21,548.5369873,0,0
7/23/2026 17:26,532.6079712,0,0
7/23/2026 17:31,516.3699951,-0.001,0
7/23/2026 17:36,497.4289856,-0.001,0
7/23/2026 17:41,481.0130005,0,0
7/23/2026 17:46,464.6149902,0,0
7/23/2026 17:52,438.0750122,0.001,0
7/23/2026 17:57,417.572998,0,0
7/23/2026 18:02,395.1860046,0,0
7/23/2026 18:07,377.6940002,0.001,0
7/23/2026 18:12,359.1289978,0,0
7/23/2026 18:22,64.99700165,0.002,0
7/23/2026 18:32,64.01100159,-0.001,0
7/23/2026 18:37,61.39699936,-0.006,0
7/23/2026 18:47,58.11700058,0.001,0
7/23/2026 18:52,58.87799835,0.001,0
7/23/2026 18:57,57.42900085,0.001,0
7/23/2026 19:02,57.0929985,0.003,0
7/23/2026 19:07,55.49300003,-0.005,0
7/23/2026 19:17,48.82600021,0.002,0
7/23/2026 19:22,52.23500061,0.005,0
7/23/2026 19:27,51.38899994,-0.006,0
7/23/2026 19:32,50.64899826,0.002,0
7/23/2026 19:37,48.7179985,0.003,0
7/23/2026 19:47,45.22299957,0.004,0
7/23/2026 19:52,44.375,0.003,0
7/23/2026 20:02,38.89099884,0.004,0
7/23/2026 20:07,34.17399979,0.005,0
7/23/2026 20:13,31.83799934,0.005,0
7/23/2026 20:18,27.35099983,0.001,0
7/23/2026 20:23,24.27000046,0.008,0
7/23/2026 20:28,21.56599998,0.007,0
7/23/2026 20:33,17.4489994,0.013,0
7/23/2026 20:38,15.29599953,-0.005,0
7/23/2026 20:43,12.76599979,-0.009,0
7/23/2026 20:48,10.70400047,0.011,0
7/23/2026 20:53,7.631999969,-0.027000001,0
7/23/2026 20:58,5.745999813,0.026000001,0
7/23/2026 21:03,4.008999825,0.018999999,0
7/23/2026 21:08,2.938999891,0.013,0
7/23/2026 21:13,1.754999995,0.197999999,0
7/24/2026 6:01,1.754999995,0.197999999,0
7/24/2026 6:06,,,0
7/24/2026 6:11,6.047999859,-0.007,0
7/24/2026 6:16,8.093999863,0.021,0
7/24/2026 6:21,10.08500004,0.004,0
7/24/2026 6:26,12.20600033,0.013,0
7/24/2026 6:36,16.81100082,0.012,0
7/24/2026 6:41,20.9810009,-0.006,0
7/24/2026 6:46,22.18400002,0.01,0
7/24/2026 6:51,24.89800072,-0.003,0
7/24/2026 6:56,26.97100067,-0.008,0
7/24/2026 7:01,28.85000038,-0.008,0
7/24/2026 7:06,30.69000053,-0.005,0
7/24/2026 7:11,32.14599991,0.008,0
7/24/2026 7:16,33.70700073,0.002,0
7/24/2026 7:26,36.82300186,0.004,0
7/24/2026 7:31,38.49399948,-0.014,0
7/24/2026 7:36,40.08499908,-0.007,0
7/24/2026 7:46,166.9049988,0,0
7/24/2026 7:51,182.9620056,-0.002,0
7/24/2026 7:57,200.4149933,-0.001,0
7/24/2026 8:02,218.0559998,-0.001,0
7/24/2026 8:07,235.9660034,0.002,0
7/24/2026 8:12,253.5679932,0,0
7/24/2026 8:22,290.5650024,0,0
7/24/2026 8:27,308.6480103,-0.001,0
7/24/2026 8:32,329.3070068,-0.001,0
7/24/2026 8:37,350.3890076,0,0
7/24/2026 8:42,368.2609863,0,0
7/24/2026 8:47,388.2309875,0,0
7/24/2026 8:52,408.223999,0,0
7/24/2026 8:57,428.5299988,0,0
7/24/2026 9:02,448.7630005,0,0
7/24/2026 9:07,465.0979919,0.001,0
7/24/2026 9:12,483.125,0,0
7/24/2026 9:17,503.0190125,0,0
7/24/2026 9:22,522.3790283,0,0
7/24/2026 9:27,538.6400146,0,0
7/24/2026 9:32,561.0310059,0,0
7/24/2026 9:37,578.0339966,0.001,0
7/24/2026 9:42,595.2620239,0,0
7/24/2026 9:47,615.625,0,0
7/24/2026 9:57,651.1450195,0,0
7/24/2026 10:02,669.117981,0,0
7/24/2026 10:07,685.6149902,0,0
7/24/2026 10:12,704.4689941,0,0
7/24/2026 10:17,721.3989868,0,0
7/24/2026 10:23,736.3380127,0,0
7/24/2026 10:33,773.3280029,0,0
7/24/2026 10:38,790.7130127,0,0
7/24/2026 10:43,806.9329834,0,0
7/24/2026 10:48,822.0629883,0.001,0
7/24/2026 10:53,836.2509766,0,0
7/24/2026 10:58,854.7340088,0,0
7/24/2026 11:03,866.9509888,0,0
7/24/2026 11:08,880.8339844,0,0
7/24/2026 11:13,894.3930054,0,0
7/24/2026 11:18,908.8410034,0,0
7/24/2026 11:23,915.5020142,0,0
7/24/2026 11:28,925.7420044,0,0
7/24/2026 11:33,938.9420166,0,0
7/24/2026 11:38,951,0,0
7/24/2026 12:19,1026.905029,0,0
7/24/2026 12:24,1040.473022,0,0
7/24/2026 12:29,1045.991943,0,0
7/24/2026 12:34,1042.352051,0,0
7/24/2026 12:39,1053.166016,0,0
7/24/2026 12:44,1055.000977,0,0
7/24/2026 12:49,1060.694946,0,0
7/24/2026 12:54,1059.391968,0,0
7/24/2026 12:59,1064.052979,0,0
7/24/2026 13:04,1063.140991,0,0
7/24/2026 13:09,1058.262939,0,0
7/24/2026 13:14,1058.185059,0,0
7/24/2026 13:19,1056.791016,0,0
7/24/2026 13:25,1057.542969,0,0
7/24/2026 13:30,1054.978027,0,0
7/24/2026 13:52,1047.618042,0,0
7/24/2026 13:57,1043.456055,0,0
7/24/2026 14:02,1041.712036,0,0
7/24/2026 14:07,1040.849976,0,0
7/24/2026 14:12,1040.557983,0,0
7/24/2026 14:17,1017.445007,0,0
7/24/2026 14:22,1020.791992,0,0
7/24/2026 14:27,1026.629028,0,0
7/24/2026 14:32,1026.786011,0,0
7/24/2026 14:37,1020.536987,0,0
7/24/2026 14:42,1014.007996,0,0
7/24/2026 14:47,999.9790039,0,0
7/24/2026 14:52,977.8560181,0,0
7/24/2026 15:02,990.0640259,0,0
7/24/2026 15:07,971.7689819,0,0
7/24/2026 15:12,921.625,0,0
7/24/2026 15:17,923.3530273,0,0
7/24/2026 15:22,918.2800293,0,0
7/24/2026 15:27,858.5209961,0,0
7/24/2026 15:32,797.5029907,0,0
7/24/2026 15:37,851.3619995,0,0
7/24/2026 15:42,847.0579834,0,0
7/24/2026 15:48,867.1890259,0,0
7/24/2026 15:53,875.1309814,0,0
7/24/2026 15:58,826.6329956,0,0
7/24/2026 16:03,822.2819824,0,0
7/24/2026 16:08,809.7329712,0,0
7/24/2026 16:13,754.3449707,0,0
7/24/2026 16:18,791.8989868,0,0
7/24/2026 16:23,749.5629883,0,0
7/24/2026 16:28,726.4749756,0,0
7/24/2026 16:33,649.0020142,0,0
7/24/2026 16:38,652.835022,0,0
7/24/2026 16:43,645.1199951,0,0
7/24/2026 16:48,620.164978,0,0
7/24/2026 16:53,619.117981,0,0
7/24/2026 16:58,607.9089966,0,0
7/24/2026 17:03,574.8569946,0,0
7/24/2026 17:08,564.3900146,0,0
7/24/2026 17:13,528.7130127,0,0
7/24/2026 17:18,502.2829895,0,0
7/24/2026 17:23,494.1199951,0,0
7/24/2026 17:28,478.2799988,-0.001,0
7/24/2026 17:33,452.2099915,0,0
7/24/2026 17:38,433.4419861,0.001,0
7/24/2026 17:43,434.1029968,0,0
7/24/2026 17:48,452.7059937,0.001,0
7/24/2026 17:53,432.7380066,0,0
7/24/2026 17:58,376.7839966,0,0
7/24/2026 18:03,392.2579956,0,0
7/24/2026 18:14,293.6589966,-0.001,0
7/24/2026 18:19,91.19100189,-0.002,0
7/24/2026 18:24,78.11199951,-0.003,0
7/24/2026 18:34,73.52200317,0.002,0
7/24/2026 18:39,71.65699768,0.003,0
7/24/2026 18:44,71.29399872,-0.002,0
7/24/2026 18:49,68.29000092,0.003,0
7/24/2026 18:54,67.70500183,0.004,0
7/24/2026 18:59,66.78600311,0.005,0
7/24/2026 19:04,65.69799805,-0.007,0
7/24/2026 19:09,64.83000183,-0.006,0
7/24/2026 19:19,61.01499939,0.003,0
7/24/2026 19:24,57.50299835,-0.003,0
7/24/2026 19:29,56.21900177,0.005,0
7/24/2026 19:34,53.29399872,0.004,0
7/24/2026 19:39,52.33599854,-0.001,0
7/24/2026 19:49,46.85599899,0.011,0
7/24/2026 19:54,43.00299835,-0.011,0
7/24/2026 19:59,41.1269989,0.006,0
7/24/2026 20:04,40.50099945,-0.002,0
7/24/2026 20:09,36.99399948,0.005,0
7/24/2026 20:14,35.95399857,0.001,0
7/24/2026 20:19,32.24000168,0.005,0
7/24/2026 20:24,29.54999924,-0.01,0
7/24/2026 20:35,24.39500046,-0.005,0
7/24/2026 20:40,21.09000015,0.008,0
7/24/2026 20:50,15.40299988,-0.003,0
7/24/2026 20:55,11.99499989,-0.01,0
7/24/2026 21:00,8.68599987,-0.004,0
7/24/2026 21:05,5.638999939,-0.007,0
7/24/2026 21:10,3.045000076,-0.092,0
7/24/2026 21:15,2.032000065,-0.165000007,0
7/25/2026 6:02,2.032000065,-0.165000007,0
7/25/2026 6:07,,,0
7/25/2026 6:12,5.565999985,0.006,0
7/25/2026 6:17,8.05300045,-0.028999999,0
7/25/2026 6:22,11.81000042,0.016000001,0
7/25/2026 6:27,14.22900009,0.003,0
7/25/2026 6:32,17.10899925,-0.002,0
7/25/2026 6:37,20.12800026,0.004,0
7/25/2026 6:42,23.95000076,0.013,0
7/25/2026 6:47,26.6060009,-0.007,0
7/25/2026 6:52,30.32699966,0.008,0
7/25/2026 6:57,34.02999878,0.002,0
7/25/2026 7:02,37.22700119,-0.006,0
7/25/2026 7:07,40.59199905,-0.002,0
7/25/2026 7:12,43.73300171,0.01,0
7/25/2026 7:17,47.54100037,0.002,0
7/25/2026 7:22,51.24300003,0.002,0
7/25/2026 7:27,56.44599915,0.001,0
7/25/2026 7:32,67.16799927,-0.001,0
7/25/2026 7:37,67.71700287,-0.003,0
7/25/2026 7:42,74.64900208,0.003,0
7/25/2026 7:47,148.2310028,0.002,0
7/25/2026 7:52,164.6060028,-0.001,0
7/25/2026 8:02,208.4620056,0,0
7/25/2026 8:08,238.4640045,-0.001,0
7/25/2026 8:13,270.9689941,0,0
7/25/2026 8:18,304.1069946,-0.001,0
7/25/2026 8:23,109.1190033,-0.001,0
7/25/2026 8:28,95.41000366,0.003,0
7/25/2026 8:33,92.84999847,0.002,0
7/25/2026 8:38,96.70600128,0,0
7/25/2026 8:43,94.00499725,0.002,0
7/25/2026 8:48,87.84600067,-0.001,0
7/25/2026 8:53,98.375,-0.005,0
7/25/2026 8:58,122.7310028,0.002,0
7/25/2026 9:03,129.6139984,0.002,0
7/25/2026 9:08,156.772995,0.001,0
7/25/2026 9:13,211.154007,-0.001,0
7/25/2026 9:18,184.9349976,-0.001,0
7/25/2026 9:23,139.0610046,0,0
7/25/2026 9:28,147.1130066,0.005,0
7/25/2026 9:33,156.6880035,-0.001,0
7/25/2026 9:38,240.3860016,0,0
7/25/2026 9:43,237.0789948,-0.001,0
7/25/2026 9:48,207.2400055,0.001,0
7/25/2026 9:58,637.5679932,0,0
7/25/2026 10:03,658.5579834,0,0
7/25/2026 10:08,663.2940063,0,0
7/25/2026 10:13,700.085022,0,0
7/25/2026 10:18,727.1409912,0,0
7/25/2026 10:23,738.802002,0,0
7/25/2026 10:29,739.4240112,0,0
7/25/2026 10:34,741.8720093,0,0
7/25/2026 10:39,744.5889893,0,0
7/25/2026 10:44,752.8619995,0,0
7/25/2026 10:54,783.7009888,0,0
7/25/2026 10:59,796.6900024,0,0
7/25/2026 11:04,812.8619995,0,0
7/25/2026 11:14,840.7769775,0,0
7/25/2026 11:19,876.7609863,0,0
7/25/2026 11:24,825.5930176,0,0
7/25/2026 11:29,914.6740112,0,0
7/25/2026 11:34,909.0079956,0,0
7/25/2026 11:39,937.9769897,0,0
7/25/2026 11:44,1008.10498,0,0
7/25/2026 11:49,1102.406982,0,0
7/25/2026 11:54,382.5669861,0,0
7/25/2026 11:59,1052.600952,0,0
7/25/2026 12:04,325.1749878,0.001,0
7/25/2026 12:09,961.6229858,0,0
7/25/2026 12:19,480.3840027,0,0
7/25/2026 12:24,357.5629883,0,0
7/25/2026 12:29,783.9699707,-0.001,0
7/25/2026 12:34,1125.134033,0,0
7/25/2026 12:39,362.7630005,-0.001,0
7/25/2026 12:44,289.0669861,-0.001,0
7/25/2026 12:49,1138.921021,0,0
7/25/2026 12:55,1166.862061,0,0
7/25/2026 13:00,541.4099731,0.001,0
7/25/2026 13:05,989.1010132,0,0
7/25/2026 13:10,381.1659851,0,0
7/25/2026 13:15,291.7489929,0.001,0
7/25/2026 13:25,752.6929932,0,0
7/25/2026 13:30,755.2689819,0,0
7/25/2026 13:53,415.9460144,0,0
7/25/2026 13:58,293.0239868,0.001,0
7/25/2026 14:03,385.5979919,0.001,0
7/25/2026 14:08,167.5500031,-0.001,0
7/25/2026 14:13,147.5469971,0.001,0
7/25/2026 14:18,175.253006,0.003,0
7/25/2026 14:23,178.5829926,0,0
7/25/2026 14:28,177.8990021,-0.002,0
7/25/2026 14:33,184.7749939,0,0
7/25/2026 14:38,166.1459961,0.001,0
7/25/2026 14:43,136.901001,-0.001,0
7/25/2026 14:48,125.2269974,0,0
7/25/2026 14:53,117.9449997,0.003,0
7/25/2026 14:58,128.0339966,-0.001,0
7/25/2026 15:03,145.1790009,0.001,0
7/25/2026 15:08,146.322998,-0.004,0
7/25/2026 15:13,150.7369995,0,0
7/25/2026 15:18,181.0809937,-0.001,0
7/25/2026 15:23,196.3789978,0.001,0
7/25/2026 15:28,159.9179993,-0.002,0
7/25/2026 15:33,185.1130066,0,0
7/25/2026 15:38,276.6220093,0,0
7/25/2026 15:44,396.8500061,0,0
7/25/2026 15:49,924.5939941,-0.001,0
7/25/2026 15:54,433.2340088,0,0
7/25/2026 15:59,414.8139954,0,0
7/25/2026 16:04,449.2820129,0,0
7/25/2026 16:09,947.8220215,0,0
7/25/2026 16:14,875.9849854,0,0
7/25/2026 16:19,697.9019775,0,0
7/25/2026 16:24,530.3060303,0,0
7/25/2026 16:29,753.9890137,0,0
7/25/2026 16:34,744.2420044,0,0
7/25/2026 16:39,224.3589935,-0.001,0
7/25/2026 16:44,422.4639893,0,0
7/25/2026 16:49,679.1500244,-0.001,0
7/25/2026 16:54,626.2559814,0,0
7/25/2026 16:59,598.1939697,0,0
7/25/2026 17:04,571.914978,0,0
7/25/2026 17:09,549.789978,-0.001,0
7/25/2026 17:14,534.2509766,0,0
7/25/2026 17:19,517.7069702,0.001,0
7/25/2026 17:24,500.618988,-0.001,0
7/25/2026 17:29,487.6069946,-0.001,0
7/25/2026 17:34,474.2650146,-0.001,0
7/25/2026 17:39,263.7009888,0,0
7/25/2026 17:44,442.7680054,0.001,0
7/25/2026 17:49,190.6329956,0,0
7/25/2026 17:54,365.6369934,0,0
7/25/2026 17:59,377.9660034,0.001,0
7/25/2026 18:04,226.9989929,0,0
7/25/2026 18:10,134.6950073,-0.001,0
7/25/2026 18:15,126.8089981,-0.001,0
7/25/2026 18:20,118.3199997,0.001,0
7/25/2026 18:25,107.0009995,-0.002,0
7/25/2026 18:30,96.78600311,0.002,0
7/25/2026 18:35,92.76100159,0.003,0
7/25/2026 18:40,87.99299622,0.001,0
7/25/2026 18:45,86.58999634,0.004,0
7/25/2026 18:50,79.58200073,0,0
7/25/2026 18:55,82.52100372,-0.004,0
7/25/2026 19:00,90.90200043,0.001,0
7/25/2026 19:05,101.3280029,0.002,0
7/25/2026 19:10,103.7279968,0.002,0
7/25/2026 19:15,92.98300171,0.001,0
7/25/2026 19:20,90.22599792,0,0
7/25/2026 19:25,83.5039978,0.002,0
7/25/2026 19:30,72.2539978,0.004,0
7/25/2026 19:35,58.33100128,0.004,0
7/25/2026 19:40,41.14899826,-0.005,0
7/25/2026 19:45,28.31800079,-0.012,0
7/25/2026 19:50,18.77700043,0.018999999,0
7/25/2026 19:55,17.66600037,0.023,0
7/25/2026 20:00,21.24300003,-0.004,0
7/25/2026 20:05,24.61499977,-0.002,0
7/25/2026 20:10,18.21500015,0.002,0
7/25/2026 20:15,10.42300034,-0.018999999,0
7/25/2026 20:20,10.77700043,0.007,0
7/25/2026 20:25,10.30700016,-0.016000001,0
7/25/2026 20:36,13.33899975,-0.009,0
7/25/2026 20:41,12.58699989,-0.012,0
7/25/2026 20:46,9.649999619,-0.025,0
7/25/2026 20:51,8.402000427,-0.023,0
7/25/2026 20:56,8.680999756,-0.009,0
7/25/2026 21:01,5.697000027,0.027000001,0
7/25/2026 21:06,3.477999926,0.011,0
7/25/2026 21:11,1.440000057,-0.077,0
7/26/2026 6:02,1.440000057,-0.077,0
7/26/2026 6:08,,,0
7/26/2026 6:13,1.026000023,-0.108999997,0
7/26/2026 6:18,1.585000038,-0.072999999,0
7/26/2026 6:23,1.963000059,-0.101999998,0
7/26/2026 6:28,2.535000086,-0.015,0
7/26/2026 6:33,3.957000017,-0.056000002,0
7/26/2026 6:38,5.304999828,0.007,0
7/26/2026 6:43,5.920000076,-0.025,0
7/26/2026 6:48,5.959000111,0.013,0
7/26/2026 6:58,6.761000156,-0.032000002,0
7/26/2026 7:03,6.31099987,0.032000002,0
7/26/2026 7:08,6.223999977,-0.050000001,0
7/26/2026 7:13,6.919000149,-0.022,0
7/26/2026 7:18,7.650000095,-0.005,0
7/26/2026 7:23,8.482000351,0.005,0
7/26/2026 7:28,10.26500034,0.045000002,0
7/26/2026 7:33,12.09399986,-0.035,0
7/26/2026 7:38,14.5010004,-0.011,0
7/26/2026 7:43,15.40999985,-0.003,0
7/26/2026 7:48,17.83499908,-0.004,0
7/26/2026 7:53,20.53899956,-0.002,0
7/26/2026 7:58,24.37899971,-0.006,0
7/26/2026 8:03,28.72699928,0.003,0
7/26/2026 8:13,29.41900063,0.003,0
7/26/2026 8:18,30.35700035,-0.005,0
7/26/2026 8:23,33.93399811,-0.003,0
7/26/2026 8:28,41.74900055,0.001,0
7/26/2026 8:34,45.88999939,-0.001,0
7/26/2026 8:39,50.91899872,-0.012,0
7/26/2026 8:44,65.72599792,0.006,0
7/26/2026 8:49,74.82299805,0.004,0
7/26/2026 8:54,90.17500305,-0.003,0
7/26/2026 8:59,95.6780014,0,0
7/26/2026 9:04,102.1350021,0.001,0
7/26/2026 9:09,113.7600021,0,0
7/26/2026 9:14,141.3070068,-0.002,0
7/26/2026 9:19,159.1060028,0,0
7/26/2026 9:24,183.7389984,0,0
7/26/2026 9:29,289.7919922,0,0
7/26/2026 9:34,264.8340149,0.002,0
7/26/2026 9:39,237.1450043,-0.001,0
7/26/2026 9:49,161.4720001,0.001,0
7/26/2026 9:54,179.0769958,0,0
7/26/2026 9:59,181.1860046,0,0
7/26/2026 10:04,189.4790039,0,0
7/26/2026 10:09,203.2250061,-0.001,0
7/26/2026 10:14,217.9129944,0.001,0
7/26/2026 10:19,216.322998,-0.001,0
7/26/2026 10:24,202.5279999,0,0
7/26/2026 10:29,228.4869995,-0.001,0
7/26/2026 10:34,254.673996,-0.001,0
7/26/2026 10:39,299.2109985,0.001,0
7/26/2026 10:44,300.8139954,0,0
7/26/2026 10:49,319.4790039,0,0
7/26/2026 10:55,486.6130066,0,0
7/26/2026 11:00,462.5350037,0,0
7/26/2026 11:05,345.9930115,0,0
7/26/2026 11:10,365.7919922,-0.001,0
7/26/2026 11:15,357.6659851,0,0
7/26/2026 11:20,370.6350098,0,0
7/26/2026 11:25,309.519989,0.001,0
7/26/2026 11:30,300.8940125,0.001,0
7/26/2026 11:35,278.0109863,0,0
7/26/2026 11:40,252.3699951,-0.001,0
7/26/2026 11:45,265.0559998,-0.001,0
7/26/2026 11:50,268.151001,0,0
7/26/2026 11:55,295.7189941,-0.001,0
7/26/2026 12:00,313.0419922,-0.001,0
7/26/2026 12:05,297.4700012,0.001,0
7/26/2026 12:10,305.7940063,-0.001,0
7/26/2026 12:20,684.6259766,-0.001,0
7/26/2026 12:25,1072,0,0
7/26/2026 12:30,380.0050049,0.001,0
7/26/2026 12:35,276.3519897,0.001,0
7/26/2026 12:40,656.3179932,0,0
7/26/2026 12:45,292.0249939,0,0
7/26/2026 12:50,1007.880005,0,0
7/26/2026 12:55,1024.678955,0,0
7/26/2026 13:00,489.348999,0,0
7/26/2026 13:05,1033.602051,0,0
7/26/2026 13:10,195.2870026,-0.001,0
7/26/2026 13:15,135.6159973,0,0
7/26/2026 13:21,169.7669983,-0.001,0
7/26/2026 13:26,291.0610046,0.001,0
7/26/2026 13:31,226.1779938,0,0
7/26/2026 13:54,436.5759888,0,0
7/26/2026 13:59,258.769989,0,0
7/26/2026 14:04,250.6239929,0,0
7/26/2026 14:09,401.95401,0,0
7/26/2026 14:14,996.5300293,0,0
7/26/2026 14:19,975.5089722,0,0
7/26/2026 14:24,288.302002,-0.001,0
7/26/2026 14:29,950.7589722,0,0
7/26/2026 14:34,152.2630005,0.003,0
7/26/2026 14:39,160.3789978,-0.001,0
7/26/2026 14:44,220.9190063,-0.001,0
7/26/2026 14:49,252.0659943,-0.001,0
7/26/2026 14:54,199.0769958,-0.001,0
7/26/2026 14:59,158.2969971,0.001,0
7/26/2026 15:04,149.2590027,0,0
7/26/2026 15:09,215.697998,0,0
7/26/2026 15:14,346.0690002,-0.001,0
7/26/2026 15:19,447.3370056,0,0
7/26/2026 15:24,857.8330078,0,0
7/26/2026 15:29,856.1389771,0,0
7/26/2026 15:34,223.8379974,-0.001,0
7/26/2026 15:39,155.9629974,-0.001,0
7/26/2026 15:44,164.0480042,-0.001,0
7/26/2026 15:49,193.5590057,0.003,0
7/26/2026 15:54,227.1340027,0.001,0
7/26/2026 15:59,466.4790039,0,0
7/26/2026 16:04,656.3109741,0,0
7/26/2026 16:09,338.1489868,-0.001,0
7/26/2026 16:15,657.9359741,0,0
7/26/2026 16:20,571.3829956,0,0
7/26/2026 16:25,632.8980103,0,0
7/26/2026 16:30,591.8699951,-0.001,0
7/26/2026 16:35,231.9929962,0,0
7/26/2026 16:40,584.6099854,0,0
7/26/2026 16:50,256.696991,-0.001,0
7/26/2026 16:55,530.7810059,0,0
7/26/2026 17:00,294.526001,-0.001,0
7/26/2026 17:05,147.9859924,0.003,0
7/26/2026 17:10,100.4369965,-0.001,0
7/26/2026 17:15,110.9300003,-0.001,0
7/26/2026 17:25,166.1029968,0,0
7/26/2026 17:30,406.8160095,0.001,0
7/26/2026 17:35,321.7850037,0.001,0
7/26/2026 17:40,181.3009949,0.001,0
7/26/2026 17:45,382.7019958,0.001,0
7/26/2026 17:55,344.480011,-0.001,0
7/26/2026 18:00,306.7269897,-0.001,0
7/26/2026 18:05,252.4640045,0.002,0
7/26/2026 18:10,297.4509888,-0.001,0
7/26/2026 18:15,221.529007,0.001,0
7/26/2026 18:20,103.8170013,0,0
7/26/2026 18:25,93.02899933,-0.003,0
7/26/2026 18:30,80.98300171,0.003,0
7/26/2026 18:36,83.35500336,-0.001,0
7/26/2026 18:41,103.1019974,0.002,0
7/26/2026 18:46,99.2460022,-0.001,0
7/26/2026 18:51,94.5510025,0.002,0
7/26/2026 18:56,87.62999725,0.004,0
7/26/2026 19:01,77.86699677,-0.001,0
7/26/2026 19:06,70.89499664,0.001,0
7/26/2026 19:11,68.12799835,0.002,0
7/26/2026 19:16,61.28499985,-0.002,0
7/26/2026 19:21,61.05400085,-0.001,0
7/26/2026 19:26,79.16300201,0.001,0
7/26/2026 19:31,76.48200226,0.001,0
7/26/2026 19:36,64.27200317,0.003,0
7/26/2026 19:46,50.89099884,0.003,0
7/26/2026 19:51,46.74300003,-0.006,0
7/26/2026 19:56,37.71300125,-0.003,0
7/26/2026 20:01,28.21299934,-0.003,0
7/26/2026 20:06,21.12700081,-0.007,0
7/26/2026 20:11,20.23800087,-0.014,0
7/26/2026 20:16,20.41600037,0.025,0
7/26/2026 20:21,21.49699974,0.004,0
7/26/2026 20:26,17.36000061,0.004,0
7/26/2026 20:31,15.58899975,0.013,0
7/26/2026 20:36,13.31400013,0.017000001,0
7/26/2026 20:41,13.35499954,-0.012,0
7/26/2026 20:46,13.65299988,0.016000001,0
7/26/2026 20:51,9.697999954,0.008,0
7/26/2026 20:56,6.992000103,0.016000001,0
7/26/2026 21:02,4.254000187,0.044,0
7/26/2026 21:07,3.045000076,0.064000003,0
7/26/2026 21:12,1.506000042,0.026000001,0
7/27/2026 6:04,1.506000042,0.026000001,0
7/27/2026 6:09,1.657999992,-0.046999998,0
7/27/2026 6:14,2.562000036,0.029999999,0
7/27/2026 6:19,3.755000114,0.193000004,0
7/27/2026 6:24,5.506000042,-0.035999998,0
7/27/2026 6:29,6.400000095,-0.024,0
7/27/2026 6:34,8.281000137,0.018999999,0
7/27/2026 6:40,8.772999763,0.013,0
7/27/2026 6:45,13.60700035,-0.003,0
7/27/2026 6:50,16.93000031,0.007,0
7/27/2026 6:55,22.73500061,0.007,0
7/27/2026 7:05,33.26200104,0.005,0
7/27/2026 7:10,36.65599823,-0.014,0
7/27/2026 7:15,40.55799866,-0.005,0
7/27/2026 7:20,47.93600082,0.002,0
7/27/2026 7:25,53.43799973,-0.003,0
7/27/2026 7:30,66.7539978,-0.002,0
7/27/2026 7:35,78.50099945,0.002,0
7/27/2026 7:40,99.30699921,0,0
7/27/2026 7:45,121.5149994,-0.002,0
7/27/2026 7:50,193.647995,0,0
7/27/2026 7:55,73.21399689,-0.003,0
7/27/2026 8:00,73.3690033,0.001,0
7/27/2026 8:05,71.28900146,0.001,0
7/27/2026 8:10,80.8730011,-0.001,0
7/27/2026 8:15,89.0510025,0,0
7/27/2026 8:20,91.92500305,0.002,0
7/27/2026 8:25,108.5709991,-0.001,0
7/27/2026 8:30,102.2190018,-0.001,0
7/27/2026 8:35,101.3440018,0,0
7/27/2026 8:40,91.27799988,0.001,0
7/27/2026 8:45,76.00499725,0.003,0
7/27/2026 8:50,66.63800049,0.001,0
7/27/2026 8:55,71.97000122,0.002,0
7/27/2026 9:01,86.41600037,-0.001,0
7/27/2026 9:06,111.8880005,0.001,0
7/27/2026 9:11,148.6470032,0.001,0
7/27/2026 9:16,237.6889954,0,0
7/27/2026 9:21,165.9340057,-0.001,0
7/27/2026 9:26,172.0269928,-0.001,0
7/27/2026 9:36,183.9190063,-0.001,0
7/27/2026 9:41,221.8509979,-0.001,0
7/27/2026 9:46,287.8080139,-0.001,0
7/27/2026 9:51,248.7839966,0,0
7/27/2026 9:56,242.0870056,0.002,0
7/27/2026 10:01,230.3769989,0,0
7/27/2026 10:06,270.3200073,-0.001,0
7/27/2026 10:11,374.105011,0,0
7/27/2026 10:16,358.0979919,-0.001,0
7/27/2026 10:21,655.9650269,0,0
7/27/2026 10:26,264.0050049,0.002,0
7/27/2026 10:31,988.5689697,0,0
7/27/2026 10:36,999.7119751,0,0
7/27/2026 10:41,710.6469727,0,0
7/27/2026 10:46,997.4019775,0,0
7/27/2026 10:56,378.4530029,0,0
7/27/2026 11:01,407.2869873,0,0
7/27/2026 11:11,811.8209839,0,0
7/27/2026 11:16,726.8959961,0,0
7/27/2026 11:27,965.3920288,0,0
7/27/2026 11:32,873.934021,0,0
7/27/2026 11:37,1000.609985,0,0
7/27/2026 11:42,1052.267944,0,0
7/27/2026 11:47,1029.963013,0,0
7/27/2026 11:52,1002.036987,0,0
7/27/2026 11:57,1057.848999,0,0
7/27/2026 12:02,1140.532959,0,0
7/27/2026 12:07,237.3350067,0,0
7/27/2026 12:12,249.7870026,-0.002,0
7/27/2026 12:22,305.0310059,0,0
7/27/2026 12:27,242.8500061,0,0
7/27/2026 12:32,250.0110016,-0.002,0
7/27/2026 12:37,348.5650024,0,0
7/27/2026 12:42,1142.692993,0,0
7/27/2026 12:47,219.8959961,0.001,0
7/27/2026 12:52,159.0939941,-0.002,0
7/27/2026 12:57,140.7680054,-0.001,0
7/27/2026 13:02,178.8529968,-0.002,0
7/27/2026 13:07,267.506012,0,0
7/27/2026 13:12,600.8109741,0,0
7/27/2026 13:17,1175.526978,0,0
7/27/2026 13:22,1186.68103,0,0
7/27/2026 13:27,208.201004,0,0
7/27/2026 13:32,171.5630035,0.001,0
7/27/2026 13:55,806.434021,0,0
7/27/2026 14:00,258.42099,0,0
7/27/2026 14:05,284.4389954,-0.002,0
7/27/2026 14:10,1149.671021,0,0
7/27/2026 14:15,513.3209839,0,0
7/27/2026 14:20,230.6529999,0,0
7/27/2026 14:25,164.9810028,-0.001,0
7/27/2026 14:30,148.9869995,0,0
7/27/2026 14:35,189.3619995,0,0
7/27/2026 14:40,642.8549805,0,0
7/27/2026 14:45,1125.753052,0,0
7/27/2026 14:50,368.5870056,0,0
7/27/2026 14:55,185.5890045,-0.002,0
7/27/2026 15:00,218.1970062,0.001,0
7/27/2026 15:05,248.4640045,0,0
7/27/2026 15:10,1196.144043,0,0
7/27/2026 15:15,1014.39801,0,0
7/27/2026 15:20,938.7150269,0,0
7/27/2026 15:30,909.1729736,0,0
7/27/2026 15:35,934.1810303,0,0
7/27/2026 15:40,933.8619995,0,0
7/27/2026 15:45,994.3499756,0,0
7/27/2026 15:50,1073.847046,0,0
7/27/2026 15:55,732.5579834,0,0
7/27/2026 16:00,441.0100098,-0.001,0
7/27/2026 16:05,292.9460144,0.001,0
7/27/2026 16:10,226.1210022,0,0
7/27/2026 16:16,147.5590057,0.002,0
7/27/2026 16:26,237.2050018,-0.001,0
7/27/2026 16:31,335.2980042,0,0
7/27/2026 16:36,226.2669983,0,0
7/27/2026 16:41,510.677002,0,0
7/27/2026 16:46,202.4909973,0,0
7/27/2026 16:51,314.4750061,-0.001,0
7/27/2026 16:56,184.3379974,-0.002,0
7/27/2026 17:01,160.6380005,-0.001,0
7/27/2026 17:06,135.5019989,-0.001,0
7/27/2026 17:11,265.8169861,-0.001,0
7/27/2026 17:16,203.2870026,0,0
7/27/2026 17:21,159.9179993,0.001,0
7/27/2026 17:26,143.3939972,-0.002,0
7/27/2026 17:31,125.6389999,-0.001,0
7/27/2026 17:36,121.8470001,-0.002,0
7/27/2026 17:41,150.9900055,0.001,0
7/27/2026 17:46,140.2129974,0.001,0
7/27/2026 17:56,108.7089996,-0.001,0
7/27/2026 18:01,417.9289856,0,0
7/27/2026 18:06,397.3120117,0,0
7/27/2026 18:11,408.3580017,0,0
7/27/2026 18:21,92.09600067,0.001,0
7/27/2026 18:26,95.3710022,0,0
7/27/2026 18:31,84.29299927,0.002,0
7/27/2026 18:37,72.83699799,-0.001,0
7/27/2026 18:42,66.22899628,0.004,0
7/27/2026 18:47,59.70100021,-0.002,0
7/27/2026 18:52,47.70700073,0.001,0
7/27/2026 19:02,45.27500153,0.002,0
7/27/2026 19:07,46.30899811,-0.004,0
7/27/2026 19:12,44.23099899,0.004,0
7/27/2026 19:17,42.72800064,0.004,0
7/27/2026 19:22,40.60300064,0.007,0
7/27/2026 19:27,39.22299957,-0.001,0
7/27/2026 19:32,37.18600082,-0.008,0
7/27/2026 19:37,36,0.001,0
7/27/2026 19:47,33.1609993,0.001,0
7/27/2026 19:52,31.75799942,0.005,0
7/27/2026 19:57,30.39299965,-0.004,0
7/27/2026 20:02,29.03300095,-0.017999999,0
7/27/2026 20:07,27.55699921,-0.001,0
7/27/2026 20:12,24.2670002,0.005,0
7/27/2026 20:17,20.86400032,0.007,0
7/27/2026 20:22,19.24300003,-0.015,0
7/27/2026 20:27,17.26199913,-0.004,0
7/27/2026 20:32,15.37800026,-0.013,0
7/27/2026 20:37,13.63700008,0.005,0
7/27/2026 20:42,11.52700043,-0.046,0
7/27/2026 20:47,9.593000412,0.012,0
7/27/2026 20:57,5.920000076,-0.030999999,0
7/27/2026 21:03,4.089000225,0.068999998,0
7/27/2026 21:08,2.596999884,0.143000007,0
7/28/2026 6:05,2.596999884,0.143000007,0
7/28/2026 6:10,4.125999928,0.009,0
7/28/2026 6:15,6.043000221,-0.017999999,0
7/28/2026 6:20,8.095999718,0.02,0
7/28/2026 6:25,10.44799995,0.018999999,0
7/28/2026 6:30,12.60900021,-0.012,0
7/28/2026 6:35,15.72299957,-0.002,0
7/28/2026 6:40,18.18499947,0.002,0
7/28/2026 6:45,20.63999939,-0.004,0
7/28/2026 6:50,23.79700089,-0.012,0
7/28/2026 6:55,25.71899986,-0.009,0
7/28/2026 7:00,28.27899933,-0.007,0
7/28/2026 7:06,29.99799919,-0.001,0
7/28/2026 7:11,31.63999939,-0.005,0
7/28/2026 7:16,33.49700165,0.006,0
7/28/2026 7:26,37.41699982,-0.009,0
7/28/2026 7:31,39.22499847,0.005,0
7/28/2026 7:36,40.94599915,-0.001,0
7/28/2026 7:41,76.03900146,0.001,0
7/28/2026 7:46,155.3739929,0.001,0
7/28/2026 7:51,172.1900024,-0.001,0
7/28/2026 7:56,187.8560028,0.001,0
7/28/2026 8:01,204.4869995,0,0
7/28/2026 8:06,219.0650024,-0.001,0
7/28/2026 8:11,237.0610046,0,0
7/28/2026 8:16,254.098999,-0.001,0
7/28/2026 8:21,271.6390076,0,0
7/28/2026 8:26,291.7120056,-0.001,0
7/28/2026 8:31,310.5969849,0,0
7/28/2026 8:36,329.506012,-0.001,0
7/28/2026 8:41,349.3009949,0,0
7/28/2026 8:51,387.6669922,0,0
7/28/2026 8:56,409.9769897,-0.001,0
7/28/2026 9:01,428.7510071,0,0
7/28/2026 9:06,444.5069885,0,0
7/28/2026 9:11,462.5599976,0,0
7/28/2026 9:21,500.0069885,0,0
7/28/2026 9:26,518.2930298,0,0
7/28/2026 9:32,536.0960083,0,0
7/28/2026 9:37,555.1630249,-0.001,0
7/28/2026 9:42,573.6530151,0,0
7/28/2026 9:47,593.6799927,0,0
7/28/2026 9:52,613.5540161,-0.001,0
7/28/2026 9:57,630.0020142,0,0
7/28/2026 10:02,648.5390015,0,0
7/28/2026 10:07,668.507019,0,0
7/28/2026 10:12,687.3439941,0,0
7/28/2026 10:17,702.5969849,0,0
7/28/2026 10:22,719.1539917,0,0
7/28/2026 10:27,736.0209961,0,0
7/28/2026 10:32,755.2020264,0,0
7/28/2026 10:37,772.8109741,0,0
7/28/2026 10:42,785.2160034,0,0
7/28/2026 10:47,802.8460083,0,0
7/28/2026 10:52,818.7630005,-0.001,0
7/28/2026 10:57,832.5609741,-0.001,0
7/28/2026 11:02,850.2470093,0,0
7/28/2026 11:07,862.8980103,0,0
7/28/2026 11:12,876.0269775,0,0
7/28/2026 11:17,891.4099731,0,0
7/28/2026 11:22,902.7890015,0,0
7/28/2026 11:27,913.46698,0,0
7/28/2026 11:32,926.1030273,0,0
7/28/2026 11:37,938.0109863,0,0
7/28/2026 11:42,946.973999,0,0
7/28/2026 11:53,967.1190186,0,0
7/28/2026 11:58,975.9589844,0,0
7/28/2026 12:08,992.6539917,0,0
7/28/2026 12:13,1001.158997,0,0
7/28/2026 12:18,1007.288025,0,0
7/28/2026 12:23,1013.245972,0,0
7/28/2026 12:28,1019.958984,0,0
7/28/2026 12:38,1028.598999,0,0
7/28/2026 12:43,1034.198975,0,0
7/28/2026 12:48,1035.453979,0,0
7/28/2026 12:53,1039.483032,0,0
7/28/2026 12:58,1041.110962,-0.001,0
7/28/2026 13:08,1040.91394,0,0
7/28/2026 13:13,1036.006958,0,0
7/28/2026 13:18,1033.76001,0,0
7/28/2026 13:23,1032.670044,0,0
7/28/2026 13:28,1033.949951,0,0
7/28/2026 13:33,1033.686035,0,0
7/28/2026 14:00,1026.160034,0,0
7/28/2026 14:05,1022.132996,0,0
7/28/2026 14:10,1017.268982,0,0
7/28/2026 14:15,1011.690979,0,0
7/28/2026 14:21,1008.221985,0,0
7/28/2026 14:26,1003.182007,0,0
7/28/2026 14:36,992.3610229,0,0
7/28/2026 14:41,986.223999,0,0
7/28/2026 14:46,980.4869995,0,0
7/28/2026 14:51,973.2529907,0,0
7/28/2026 15:01,956.5759888,0,0
7/28/2026 15:06,948.6879883,0,0
7/28/2026 15:11,938.2930298,0,0
7/28/2026 15:16,927.9609985,0,0
7/28/2026 15:21,917.2210083,0,0
7/28/2026 15:26,905.7709961,0,0
7/28/2026 15:31,896.8460083,0,0
7/28/2026 15:36,884.3629761,0,0
7/28/2026 15:41,873.1950073,0,0
7/28/2026 15:46,860.6560059,0,0
7/28/2026 16:01,822.3590088,0,0
7/28/2026 16:06,807.572998,0,0
7/28/2026 16:11,791.3549805,0,0
7/28/2026 16:16,777.4580078,0,0
7/28/2026 16:21,761.1630249,0,0
7/28/2026 16:26,745.7459717,0,0
7/28/2026 16:31,726.4530029,0,0
7/28/2026 16:36,708.0980225,0,0
7/28/2026 16:41,691.6370239,0,0
7/28/2026 16:47,677.0419922,0,0
7/28/2026 16:52,659.1699829,0,0
7/28/2026 16:57,638.6220093,0,0
7/28/2026 17:02,620.223999,0,0
7/28/2026 17:07,602.3660278,-0.001,0
7/28/2026 17:12,582.882019,-0.001,0
7/28/2026 17:17,565.7069702,0,0
7/28/2026 17:22,546.664978,0,0
7/28/2026 17:27,527.8670044,-0.001,0
7/28/2026 17:37,492.7250061,0.001,0
7/28/2026 17:42,473.1789856,0,0
7/28/2026 17:47,453.2730103,0,0
7/28/2026 17:52,433.1130066,0,0
7/28/2026 17:57,409.9020081,0,0
7/28/2026 18:07,373.4379883,-0.001,0
7/28/2026 18:12,351.6910095,0.001,0
7/28/2026 18:22,52.75400162,-0.001,0
7/28/2026 18:27,52.45700073,0.001,0
7/28/2026 18:32,53.48099899,0.005,0
7/28/2026 18:37,51.27299881,-0.01,0
7/28/2026 18:42,50.0340004,0.008,0
7/28/2026 18:47,49.4640007,0.002,0
7/28/2026 18:52,48.21699905,0.002,0
7/28/2026 18:57,47.1590004,0.003,0
7/28/2026 19:02,46.19200134,0.003,0
7/28/2026 19:08,45.05400085,0.002,0
7/28/2026 19:13,44.00899887,-0.002,0
7/28/2026 19:18,42.80699921,0.011,0
7/28/2026 19:28,40.60599899,-0.003,0
7/28/2026 19:33,39.20700073,0.005,0
7/28/2026 19:38,37.99100113,-0.006,0
7/28/2026 19:43,36.6629982,-0.003,0
7/28/2026 19:48,35.10900116,0.001,0
7/28/2026 19:53,33.84700012,-0.002,0
7/28/2026 19:58,32.52799988,0.001,0
7/28/2026 20:03,31.17700005,0.01,0
7/28/2026 20:08,29.02899933,0.004,0
7/28/2026 20:13,24.57600021,0.005,0
7/28/2026 20:18,22.36800003,0.012,0
7/28/2026 20:23,20.39299965,0.014,0
7/28/2026 20:28,18.22200012,-0.002,0
7/28/2026 20:33,15.85400009,-0.002,0
7/28/2026 20:38,13.64299965,-0.003,0
7/28/2026 20:43,11.52200031,-0.01,0
7/28/2026 20:48,9.378000259,-0.004,0
7/28/2026 20:53,7.143000126,-0.037999999,0
7/28/2026 20:58,5.013000011,0.029999999,0
7/28/2026 21:03,3.201999903,-0.071999997,0
7/28/2026 21:08,1.68900001,-0.143000007,0
7/29/2026 6:07,1.68900001,-0.143000007,0
7/29/2026 6:12,4.376999855,0.009,0
7/29/2026 6:17,6.397999763,-0.012,0
7/29/2026 6:22,8.81799984,0.029999999,0
7/29/2026 6:27,11.0880003,0.017000001,0
7/29/2026 6:32,13.81900024,-0.028000001,0
7/29/2026 6:37,16.37700081,0.017000001,0
7/29/2026 6:42,19.28199959,-0.002,0
7/29/2026 6:47,22.12800026,0.005,0
7/29/2026 6:52,25.20499992,0.002,0
7/29/2026 6:57,27.40999985,0.011,0
7/29/2026 7:02,29.0170002,-0.009,0
7/29/2026 7:07,32.74300003,0.008,0
7/29/2026 7:12,35.87400055,0.002,0
7/29/2026 7:17,38.70199966,-0.007,0
7/29/2026 7:22,41.42399979,-0.005,0
7/29/2026 7:27,43.88999939,-0.008,0
7/29/2026 7:32,46.4659996,0.005,0
7/29/2026 7:37,48.65599823,0.003,0
7/29/2026 7:48,148.8430023,-0.001,0
7/29/2026 7:53,164.5099945,0.001,0
7/29/2026 7:58,178.2420044,0.001,0
7/29/2026 8:03,194.6450043,0,0
7/29/2026 8:08,210.2100067,-0.003,0
7/29/2026 8:13,226.7700043,0,0
7/29/2026 8:18,241.6499939,0,0
7/29/2026 8:23,260.5740051,0,0
7/29/2026 8:28,279.8129883,0,0
7/29/2026 8:38,316.2539978,0.001,0
7/29/2026 8:48,356.2349854,0,0
7/29/2026 8:53,373.6940002,0.001,0
7/29/2026 8:58,390.1919861,-0.001,0
7/29/2026 9:03,407.3710022,0,0
7/29/2026 9:08,424.0230103,0.001,0
7/29/2026 9:13,442.7380066,-0.001,0
7/29/2026 9:18,457.6570129,-0.001,0
7/29/2026 9:23,474.4309998,0,0
7/29/2026 9:28,491.9809875,0,0
7/29/2026 9:33,513.1450195,0,0
7/29/2026 9:38,531.6799927,0,0
7/29/2026 9:43,550.2030029,0,0
7/29/2026 9:48,567.3829956,0,0
7/29/2026 9:53,587.1220093,0.001,0
7/29/2026 9:58,604.882019,0,0
7/29/2026 10:03,622.5139771,0,0
7/29/2026 10:09,638.9990234,-0.001,0
7/29/2026 10:14,656.309021,0,0
7/29/2026 10:19,672.5759888,-0.001,0
7/29/2026 10:29,708.0910034,0,0
7/29/2026 10:44,757.6140137,0,0
7/29/2026 10:49,772.0670166,0,0
7/29/2026 10:54,787.2540283,0,0
7/29/2026 10:59,802.1870117,0,0
7/29/2026 11:04,816.6129761,-0.001,0
7/29/2026 11:09,827.7440186,0,0
7/29/2026 11:14,840.8319702,0,0
7/29/2026 11:19,854.9509888,0,0
7/29/2026 11:24,864.2299805,0,0
7/29/2026 11:29,874.6309814,0,0
7/29/2026 11:34,893.2620239,0,0
7/29/2026 11:44,916.882019,0,0
7/29/2026 11:49,924.0869751,0,0
7/29/2026 11:54,933.9979858,0,0
7/29/2026 12:04,957.039978,0,0
7/29/2026 12:09,961.2020264,0,0
7/29/2026 12:14,967.8189697,0,0
7/29/2026 12:19,964.6380005,0,0
7/29/2026 12:24,969.6019897,0,0
7/29/2026 12:30,982.1970215,0,0
7/29/2026 12:35,986.6970215,0,0
7/29/2026 12:40,989.1199951,0,0
7/29/2026 12:45,997.5040283,0,0
7/29/2026 12:50,986.8889771,0,0
7/29/2026 13:00,990.4630127,0,0
7/29/2026 13:05,994.309021,0,0
7/29/2026 13:10,993.3369751,0,0
7/29/2026 13:15,997.9589844,0,0
7/29/2026 13:20,996.0800171,0,0
7/29/2026 13:25,999.0900269,0,0
7/29/2026 13:30,989.8129883,0,0
7/29/2026 13:53,998.9279785,0,0
7/29/2026 13:58,997.9420166,0,0
7/29/2026 14:03,995.6569824,0,0
7/29/2026 14:08,993.4450073,0,0
7/29/2026 14:13,987.3579712,0,0
7/29/2026 14:18,986.1950073,0,0
7/29/2026 14:23,977.6430054,0,0
7/29/2026 14:28,965.6550293,0,0
7/29/2026 14:33,960.447998,0,0
7/29/2026 14:38,958.9439697,0,0
7/29/2026 14:43,952.8980103,0,0
7/29/2026 14:48,953.8170166,0,0
7/29/2026 14:53,947.8060303,0,0
7/29/2026 14:58,940.1699829,0,0
7/29/2026 15:03,930.2080078,0,0
7/29/2026 15:08,919.5469971,0,0
7/29/2026 15:14,901.5789795,0,0
7/29/2026 15:19,885.7189941,0,0
7/29/2026 15:24,883.7780151,0,0
7/29/2026 15:29,872.2630005,0,0
7/29/2026 15:39,847.5289917,0,0
7/29/2026 15:49,820.8980103,0,0
7/29/2026 15:54,811.1539917,0,0
7/29/2026 15:59,796.1439819,0,0
7/29/2026 16:04,784.4140015,0,0
7/29/2026 16:09,758.0620117,0,0
7/29/2026 16:14,748.4959717,0,0
7/29/2026 16:19,723.2390137,0,0
7/29/2026 16:24,713.0050049,0,0
7/29/2026 16:29,696.0319824,0,0
7/29/2026 16:34,682.7130127,0,0
7/29/2026 16:39,661.2319946,0.001,0
7/29/2026 16:44,646.3109741,0,0
7/29/2026 16:49,632.5009766,0,0
7/29/2026 16:54,619.1790161,0,0
7/29/2026 16:59,593.7739868,0,0
7/29/2026 17:04,585.4420166,0,0
7/29/2026 17:09,566.848999,0,0
7/29/2026 17:14,545.7630005,0,0
7/29/2026 17:19,529.2390137,0,0
7/29/2026 17:24,514.4210205,0,0
7/29/2026 17:29,496.7929993,0,0
7/29/2026 17:35,488.2309875,0,0
7/29/2026 17:40,466.7659912,-0.001,0
7/29/2026 17:45,445.6749878,0,0
7/29/2026 17:50,428.2260132,-0.001,0
7/29/2026 17:55,409.8380127,-0.001,0
7/29/2026 18:05,361.1889954,-0.001,0
7/29/2026 18:15,322.4750061,0,0
7/29/2026 18:20,71.41300201,-0.001,0
7/29/2026 18:25,67.92700195,0.002,0
7/29/2026 18:30,65.92900085,0.001,0
7/29/2026 18:35,64.48200226,0.003,0
7/29/2026 18:40,62.36100006,-0.004,0
7/29/2026 18:45,60.54600143,-0.003,0
7/29/2026 18:50,58.61500168,0.001,0
7/29/2026 18:55,56.50500107,-0.007,0
7/29/2026 19:00,54.86899948,-0.003,0
7/29/2026 19:05,53.20000076,-0.002,0
7/29/2026 19:10,51.45600128,-0.002,0
7/29/2026 19:15,49.625,0.005,0
7/29/2026 19:25,45.93099976,-0.002,0
7/29/2026 19:30,44.27700043,-0.009,0
7/29/2026 19:35,42.32699966,-0.004,0
7/29/2026 19:40,40.33100128,-0.005,0
7/29/2026 19:45,38.68600082,-0.003,0
7/29/2026 19:50,36.82699966,-0.006,0
7/29/2026 19:55,34.97100067,0.002,0
7/29/2026 20:01,32.96500015,0.005,0
7/29/2026 20:06,30.75699997,-0.001,0
7/29/2026 20:11,27.58600044,0.003,0
7/29/2026 20:16,23.74399948,-0.002,0
7/29/2026 20:21,21.26600075,0.002,0
7/29/2026 20:26,18.97599983,-0.014,0
7/29/2026 20:31,16.83200073,0.022,0
7/29/2026 20:36,14.22599983,-0.017000001,0
7/29/2026 20:41,12.06200027,0.045000002,0
7/29/2026 20:46,9.602000237,0.027000001,0
7/29/2026 20:51,7.144999981,0.01,0
7/29/2026 20:56,5.09499979,-0.008,0
7/29/2026 21:01,3.342000008,-0.035999998,0
7/30/2026 6:08,3.342000008,-0.035999998,0
7/30/2026 6:13,3.867000103,-0.018999999,0
7/30/2026 6:18,5.675000191,-0.048,0
7/30/2026 6:23,7.867000103,-0.005,0
7/30/2026 6:28,10.24499989,-0.034000002,0
7/30/2026 6:33,12.88000011,0.028000001,0
7/30/2026 6:38,16.41799927,0.015,0
7/30/2026 6:48,23.32799911,0.003,0
7/30/2026 6:53,26.77499962,0.003,0
7/30/2026 6:58,30.14900017,-0.009,0
7/30/2026 7:03,33.54999924,0.008,0
7/30/2026 7:08,36.7820015,0.008,0
7/30/2026 7:13,40.57400131,-0.002,0
7/30/2026 7:18,43.6780014,-0.003,0
7/30/2026 7:23,47.58499908,0.001,0
7/30/2026 7:28,51.11999893,0.002,0
7/30/2026 7:33,54.50299835,-0.003,0
7/30/2026 7:38,66.08200073,0.002,0
7/30/2026 7:43,121.2340012,0.001,0
7/30/2026 7:48,135.6889954,0.001,0
7/30/2026 7:53,149.6909943,0.002,0
7/30/2026 7:58,164.2610016,-0.001,0
7/30/2026 8:03,177.9700012,-0.002,0
7/30/2026 8:08,192.7449951,0,0
7/30/2026 8:13,209.4980011,0,0
7/30/2026 8:18,224.7630005,0.001,0
7/30/2026 8:24,241.7689972,0.001,0
7/30/2026 8:29,259.29599,0,0
7/30/2026 8:34,278.4140015,-0.001,0
7/30/2026 8:39,296.2470093,0,0
7/30/2026 8:44,313.7009888,0.001,0
7/30/2026 8:49,331.0010071,-0.001,0
7/30/2026 8:54,348.1600037,-0.001,0
7/30/2026 8:59,367.2659912,0,0
7/30/2026 9:04,381.2820129,0,0
7/30/2026 9:09,395.4370117,0.001,0
7/30/2026 9:14,412.2860107,0,0
7/30/2026 9:19,426.7539978,0,0
7/30/2026 9:24,444.3729858,0,0
7/30/2026 9:29,464.3840027,0,0
7/30/2026 9:34,480.1530151,0,0
7/30/2026 9:39,501.1950073,0,0
7/30/2026 9:44,520.7130127,0,0
7/30/2026 9:49,537.2659912,-0.001,0
7/30/2026 9:54,555.1290283,-0.001,0
7/30/2026 9:59,571.7119751,0,0
7/30/2026 10:04,587.8989868,0.001,0
7/30/2026 10:09,606.3250122,0,0
7/30/2026 10:14,621.7940063,0,0
7/30/2026 10:19,639.1519775,0,0
7/30/2026 10:24,654.0050049,-0.001,0
7/30/2026 10:29,671.1500244,0,0
7/30/2026 10:34,690.7379761,0,0
7/30/2026 10:45,721.25,0,0
7/30/2026 10:50,736.960022,0,0
7/30/2026 10:55,752.6929932,0,0
7/30/2026 11:00,766.9279785,0,0
7/30/2026 11:05,778.9509888,0,0
7/30/2026 11:20,817.1820068,0,0
7/30/2026 11:25,828.7280273,0,0
7/30/2026 11:35,851.177002,0,0
7/30/2026 11:40,862.7860107,0,0
7/30/2026 11:45,874.1030273,0,0
7/30/2026 11:50,883.8649902,0,0
7/30/2026 11:55,890.4160156,0,0
7/30/2026 12:00,898.507019,0,0
7/30/2026 12:05,910.1849976,0,0
7/30/2026 12:10,918.6290283,0,0
7/30/2026 12:15,924.7659912,0,0
7/30/2026 12:25,937.0910034,0,0
7/30/2026 12:30,940.6259766,0,0
7/30/2026 12:35,945.0170288,0,0
7/30/2026 12:40,949.5839844,0,0
7/30/2026 12:45,950.7979736,0,0
7/30/2026 12:50,954.6989746,0,0
7/30/2026 12:55,953.2080078,0,0
7/30/2026 13:00,953.9089966,0,0
7/30/2026 13:06,952.3950195,0,0
7/30/2026 13:11,946.9099731,0,0
7/30/2026 13:16,954.9119873,0,0
7/30/2026 13:21,945.40802,0,0
7/30/2026 13:26,948.7020264,0,0
7/30/2026 13:31,943.8809814,0,0
7/30/2026 13:53,938.8070068,0,0
7/30/2026 13:58,941.7990112,0,0
7/30/2026 14:03,940.7600098,0,0
7/30/2026 14:08,935.2689819,0,0
7/30/2026 14:13,911.934021,0,0
7/30/2026 14:18,924.0789795,0,0
7/30/2026 14:23,923.2410278,0,0
7/30/2026 14:33,185.3970032,-0.001,0
7/30/2026 14:38,211.6089935,0.001,0
7/30/2026 14:43,926.4780273,0,0
7/30/2026 14:48,350.2739868,0,0
7/30/2026 14:53,962.0300293,0,0
7/30/2026 14:58,936.4569702,0,0
7/30/2026 15:03,863.4719849,0,0
7/30/2026 15:08,897.5219727,0,0
7/30/2026 15:18,501.3829956,0,0
7/30/2026 15:23,269.901001,0,0
7/30/2026 15:28,361.8190002,0,0
7/30/2026 15:33,638.9890137,0,0
7/30/2026 15:38,766.3060303,0,0
7/30/2026 15:43,454.9530029,0,0
7/30/2026 15:48,222.6490021,0,0
7/30/2026 15:53,260.2349854,0,0
7/30/2026 15:58,284.8869934,-0.001,0
7/30/2026 16:03,458.2189941,0,0
7/30/2026 16:09,417.6659851,0,0
7/30/2026 16:19,222.4389954,0.001,0
7/30/2026 16:24,254.7149963,0,0
7/30/2026 16:29,435.9309998,0,0
7/30/2026 16:34,347.2969971,0.001,0
7/30/2026 16:39,406.5589905,0,0
7/30/2026 16:44,262.1520081,-0.001,0
7/30/2026 16:49,296.9419861,-0.001,0
7/30/2026 16:54,200.7929993,0,0
7/30/2026 16:59,183.2180023,0,0
7/30/2026 17:04,187.1340027,0.002,0
7/30/2026 17:09,180.2720032,-0.002,0
7/30/2026 17:14,223.2050018,0,0
7/30/2026 17:24,322.5069885,0,0
7/30/2026 17:29,322.1029968,-0.001,0
7/30/2026 17:34,268.6059875,0.001,0
7/30/2026 17:39,182.4869995,0.001,0
7/30/2026 17:44,201.3280029,-0.001,0
7/30/2026 17:49,313.026001,0.001,0
7/30/2026 17:54,332.0580139,0,0
7/30/2026 17:59,387.1109924,0,0
7/30/2026 18:04,370.4890137,0,0
7/30/2026 18:09,347.0740051,0,0
7/30/2026 18:14,326.9989929,0.001,0
7/30/2026 18:19,142.951004,0.002,0
7/30/2026 18:24,96.89099884,0.001,0
7/30/2026 18:29,88.02500153,-0.004,0
7/30/2026 18:35,82.4960022,0,0
7/30/2026 18:40,78.38200378,0.003,0
7/30/2026 18:45,75.14499664,0.002,0
7/30/2026 18:50,71.92900085,-0.003,0
7/30/2026 18:55,68.8690033,0.001,0
7/30/2026 19:00,66.26100159,0.001,0
7/30/2026 19:05,63.29600143,0.004,0
7/30/2026 19:10,60.00699997,0.003,0
7/30/2026 19:15,57.47000122,-0.001,0
7/30/2026 19:20,55.05400085,-0.001,0
7/30/2026 19:30,50.33599854,0.006,0
7/30/2026 19:35,47.83499908,-0.005,0
7/30/2026 19:40,45.37400055,0.001,0
7/30/2026 19:45,42.54899979,-0.004,0
7/30/2026 19:50,40.07500076,0.004,0
7/30/2026 20:00,34.99200058,0.001,0
7/30/2026 20:05,32.50999832,0.006,0
7/30/2026 20:10,28.8939991,-0.001,0
7/30/2026 20:15,25.49300003,0.008,0
7/30/2026 20:20,22.1439991,-0.005,0
7/30/2026 20:25,19.7689991,0.011,0
7/30/2026 20:30,17.07500076,-0.006,0
7/30/2026 20:35,14.16499996,-0.005,0
7/30/2026 20:40,11.67800045,0.003,0
7/30/2026 20:45,9.204999924,0.02,0
7/30/2026 20:50,6.80700016,0.01,0
7/30/2026 21:01,2.621999979,-0.071000002,0
7/30/2026 21:06,1.088000059,-0.028999999,0
7/31/2026 6:14,1.088000059,-0.028999999,0
7/31/2026 6:19,5.874000072,0.026000001,0
7/31/2026 6:24,7.647999763,0.005,0
7/31/2026 6:29,9.472000122,-0.024,0
7/31/2026 6:34,12.85299969,0.009,0
7/31/2026 6:45,20.12599945,-0.013,0
7/31/2026 6:50,23.33699989,0.003,0
7/31/2026 6:55,25.45100021,0.006,0
7/31/2026 7:00,27.45599937,0.006,0
7/31/2026 7:05,30.59000015,0.006,0
7/31/2026 7:10,33.69300079,-0.011,0
7/31/2026 7:15,39.93600082,-0.006,0
7/31/2026 7:25,49.42200089,0.008,0
7/31/2026 7:30,53.59999847,0.002,0
7/31/2026 7:35,57.49000168,-0.001,0
7/31/2026 7:40,105.3389969,-0.001,0
7/31/2026 7:45,117.7490005,0.003,0
7/31/2026 7:50,133.5630035,0.001,0
7/31/2026 7:55,148.4499969,0,0
7/31/2026 8:00,162.1549988,0.001,0
7/31/2026 8:05,175.0310059,0.001,0
7/31/2026 8:10,191.5540009,-0.001,0
7/31/2026 8:15,207.6940002,0,0
7/31/2026 8:20,217.2429962,0,0
7/31/2026 8:25,239.003006,-0.001,0
7/31/2026 8:30,259.2709961,0,0
7/31/2026 8:35,269.9450073,0.001,0
7/31/2026 8:40,291.9869995,0.001,0
7/31/2026 8:45,309.9060059,0.001,0
7/31/2026 8:50,325.394989,0,0
7/31/2026 8:55,347.3169861,0,0
7/31/2026 9:00,366.2260132,0.002,0
7/31/2026 9:06,384.6350098,0,0
7/31/2026 9:11,403.2780151,-0.001,0
7/31/2026 9:16,420.7730103,0,0
7/31/2026 9:21,436.3869934,0,0
7/31/2026 9:26,454.9259949,0.001,0
7/31/2026 9:31,469.9890137,0,0
7/31/2026 9:36,487.5859985,0,0
7/31/2026 9:41,510.5620117,0,0
7/31/2026 9:46,525.6489868,-0.001,0
7/31/2026 9:51,548.4619751,0,0
7/31/2026 9:56,561.7990112,-0.001,0
7/31/2026 10:01,548.8140259,0,0
7/31/2026 10:06,613.1500244,0,0
7/31/2026 10:11,627.1220093,0,0
7/31/2026 10:16,647.3989868,0,0
7/31/2026 10:21,670.7130127,0,0
7/31/2026 10:26,711.1539917,0,0
7/31/2026 10:31,679.1199951,0,0
7/31/2026 10:36,350.8179932,0,0
7/31/2026 10:41,555.8129883,0,0
7/31/2026 10:46,819.5629883,0,0
7/31/2026 10:51,568.7919922,0,0
7/31/2026 10:56,278.42099,0.001,0
7/31/2026 11:01,224.5509949,0.001,0
7/31/2026 11:06,846.9099731,0,0
7/31/2026 11:11,834.7860107,0,0
7/31/2026 11:16,880.0159912,0,0
7/31/2026 11:21,925.4470215,0,0
7/31/2026 11:27,777.9359741,0,0
7/31/2026 11:32,565.3170166,0,0
7/31/2026 11:37,420.0570068,-0.001,0
7/31/2026 11:42,365.605011,0,0
7/31/2026 11:47,336.6929932,-0.001,0
7/31/2026 11:52,394.8819885,0,0
7/31/2026 11:57,248.8549957,0.001,0
7/31/2026 12:02,221.7669983,0,0
7/31/2026 12:12,174.0709991,0,0
7/31/2026 12:17,149.6390076,0.001,0
7/31/2026 12:22,114.7409973,-0.002,0
7/31/2026 12:27,87.04199982,0,0
7/31/2026 12:32,83.01699829,-0.002,0
7/31/2026 12:37,86.50700378,0.004,0
7/31/2026 12:42,103.2959976,-0.001,0
7/31/2026 12:47,131.6000061,0,0
7/31/2026 12:52,193.5279999,0,0
7/31/2026 12:57,288.178009,0,0
7/31/2026 13:02,251.2089996,0.001,0
7/31/2026 13:07,266.8619995,-0.001,0
7/31/2026 13:12,398.631012,0,0
7/31/2026 13:17,252.2059937,0,0
7/31/2026 13:22,185.0540009,0,0
7/31/2026 13:27,122.3270035,-0.003,0
7/31/2026 13:32,149.25,0.001,0
7/31/2026 13:55,334.2380066,0,0
7/31/2026 14:00,304.8619995,0.001,0
7/31/2026 14:05,343.2869873,0,0
7/31/2026 14:11,239.9450073,0.001,0
7/31/2026 14:16,248.1190033,-0.001,0
7/31/2026 14:21,212.6130066,-0.001,0
7/31/2026 14:26,205.9700012,0.002,0
7/31/2026 14:31,260.1549988,-0.001,0
7/31/2026 14:36,283.2210083,0.001,0
7/31/2026 14:41,327.7739868,0,0
7/31/2026 14:46,379.4830017,0,0
7/31/2026 14:51,333.4129944,0,0
7/31/2026 14:56,392.3150024,0,0
7/31/2026 15:01,230.3269958,0.001,0
7/31/2026 15:06,184.1199951,0.001,0
7/31/2026 15:11,203.4069977,0.002,0
7/31/2026 15:16,193.1569977,0,0
7/31/2026 15:21,129.9149933,0,0
7/31/2026 15:26,123.5220032,-0.001,0
7/31/2026 15:31,156.7449951,0.001,0
7/31/2026 15:36,225.3670044,0.001,0
7/31/2026 15:46,375.1199951,0,0
7/31/2026 15:51,479.4330139,0.001,0
7/31/2026 16:01,803.2960205,0,0
7/31/2026 16:06,766.822998,-0.001,0
7/31/2026 16:11,749.8720093,0,0
7/31/2026 16:16,741.651001,0,0
7/31/2026 16:21,716.0750122,0,0
7/31/2026 16:26,735.0079956,0,0
7/31/2026 16:31,684.2739868,0,0
7/31/2026 16:37,674.5949707,0,0
7/31/2026 16:42,269.3120117,0,0
7/31/2026 16:47,712.3469849,0,0
7/31/2026 16:52,216.1600037,-0.001,0
7/31/2026 16:57,286.105011,0,0
7/31/2026 17:02,628.3410034,-0.001,0
7/31/2026 17:07,208.2290039,0.002,0
7/31/2026 17:17,605.4290161,0.001,0
7/31/2026 17:22,498.0090027,0,0
7/31/2026 17:27,320.5939941,0,0
7/31/2026 17:37,356.6289978,0,0
7/31/2026 17:42,315.0350037,0,0
7/31/2026 17:47,165.4830017,0.002,0
7/31/2026 17:52,95.10900116,0,0
7/31/2026 17:57,81.91500092,-0.001,0
7/31/2026 18:02,63.11299896,-0.006,0
7/31/2026 18:07,63.96300125,0.001,0
7/31/2026 18:12,58.36299896,0.004,0
7/31/2026 18:17,43.69400024,0.003,0
7/31/2026 18:22,41.57600021,0.007,0
7/31/2026 18:27,67.25,-0.001,0
7/31/2026 18:32,94.77899933,0.001,0
7/31/2026 18:37,110.3679962,0,0
7/31/2026 18:42,107.8150024,-0.003,0
7/31/2026 18:47,104.75,0,0
7/31/2026 18:52,97.10399628,0,0
7/31/2026 18:58,91.61599731,-0.002,0
7/31/2026 19:03,85.65699768,-0.003,0
7/31/2026 19:08,79.46700287,-0.001,0
7/31/2026 19:13,69.96299744,0.002,0
7/31/2026 19:18,65.12000275,-0.001,0
7/31/2026 19:23,62.69900131,-0.005,0
7/31/2026 19:28,57.7840004,0.004,0
7/31/2026 19:33,54.30099869,0.008,0
7/31/2026 19:38,50.35900116,0.004,0
7/31/2026 19:43,44.50500107,0.006,0
7/31/2026 19:48,35.5929985,-0.006,0
7/31/2026 19:58,19.27499962,-0.017999999,0
7/31/2026 20:03,13.71000004,-0.003,0
7/31/2026 20:08,11.58399963,-0.014,0
7/31/2026 20:18,7.053999901,0.061000001,0
7/31/2026 20:23,4.267000198,0.028000001,0
7/31/2026 20:28,2.592000008,-0.015,0
7/31/2026 20:33,3.104000092,-0.096000001,0
7/31/2026 20:38,2.520999908,0.092,0
7/31/2026 20:43,1.669999957,0.096000001,0
7/31/2026 20:48,1.161000013,-0.068999998,0
7/31/2026 20:53,0.409999996,0.263000011,0
