Time,Irr,PR,Pmpp
2026-05-12 19:00:55,38.67399978637695,96.16200256347656,0.5130000114440918
2026-05-12 19:05:57,37.72600173950195,94.16300201416016,0.49000000953674316
2026-05-12 19:10:59,36.672000885009766,99.29900360107422,0.503000020980835
2026-05-12 19:16:01,35.750999450683594,97.47799682617188,0.48100000619888306
2026-05-12 19:21:03,34.6150016784668,98.62899780273438,0.47099998593330383
2026-05-12 19:26:05,33.54100036621094,97.59200286865234,0.4519999921321869
2026-05-12 19:31:07,32.62699890136719,94.0719985961914,0.42399999499320984
2026-05-12 19:36:09,31.4950008392334,97.2699966430664,0.4230000078678131
2026-05-12 19:41:11,30.43000030517578,96.42400360107422,0.4050000011920929
2026-05-12 19:46:13,29.145999908447266,91.26899719238281,0.367000013589859
2026-05-12 19:51:15,27.9950008392334,91.75599670410156,0.3540000021457672
2026-05-12 19:56:17,26.48900032043457,93.66500091552734,0.34200000762939453
2026-05-12 20:01:19,21.704999923706055,105.88300323486328,0.31700000166893005
2026-05-12 20:06:21,19.716999053955078,97.29100036621094,0.26499998569488525
2026-05-12 20:11:23,18.006999969482422,107.82499694824219,0.2680000066757202
2026-05-12 20:16:25,16.242000579833984,98.33999633789062,0.2199999988079071
2026-05-12 20:21:27,14.536999702453613,108.84100341796875,0.21799999475479126
2026-05-12 20:26:29,12.192000389099121,96.73500061035156,0.16300000250339508
2026-05-12 20:31:31,9.269000053405762,106.22899627685547,0.13600000739097595
2026-05-12 20:36:33,7.098999977111816,142.31300354003906,0.13899999856948853
2026-05-12 20:41:35,5.284999847412109,40.30500030517578,0.028999999165534973
2026-05-12 20:46:37,3.7100000381469727,1.274999976158142,0.0010000000474974513
2026-05-12 20:51:39,2.4660000801086426,1.4110000133514404,0.0
2026-05-12 20:56:41,1.3550000190734863,0.7360000014305115,0.0
2026-05-13 06:02:32,1.3550000190734863,0.7360000014305115,0.0
2026-05-13 06:07:34,5.5269999504089355,0.8240000009536743,0.0010000000474974513
2026-05-13 06:12:36,7.752999782562256,44.875999450683594,0.04800000041723251
2026-05-13 06:17:38,10.298999786376953,56.150001525878906,0.07999999821186066
2026-05-13 06:22:40,13.479000091552734,61.32400131225586,0.11400000005960464
2026-05-13 06:27:42,17.08300018310547,64.04199981689453,0.1509999930858612
2026-05-13 06:32:44,21.141000747680664,60.472999572753906,0.17599999904632568
2026-05-13 06:37:46,25.374000549316406,65.8010025024414,0.23000000417232513
2026-05-13 06:42:48,27.83300018310547,61.334999084472656,0.23600000143051147
2026-05-13 06:47:50,30.264999389648438,63.83399963378906,0.2669999897480011
2026-05-13 06:52:52,34.26300048828125,63.28499984741211,0.29899999499320984
2026-05-13 06:57:54,38.69499969482422,63.05699920654297,0.3370000123977661
2026-05-13 07:02:56,42.72200012207031,64.07599639892578,0.3779999911785126
2026-05-13 07:07:58,45.83000183105469,64.99400329589844,0.41100001335144043
2026-05-13 07:13:00,44.70399856567383,68.04399871826172,0.41999998688697815
2026-05-13 07:18:02,45.65700149536133,67.4010009765625,0.42500001192092896
2026-05-13 07:23:04,48.21699905395508,69.93399810791016,0.4650000035762787
2026-05-13 07:28:06,66.10299682617188,52.393001556396484,0.4779999852180481
2026-05-13 07:33:08,153.2689971923828,22.93899917602539,0.48500001430511475
2026-05-13 07:38:10,170.03199768066406,21.89900016784668,0.5139999985694885
2026-05-13 07:43:12,195.43800354003906,20.738000869750977,0.5590000152587891
2026-05-13 07:48:14,224.64199829101562,41.5890007019043,1.2890000343322754
2026-05-13 07:53:16,237.71400451660156,22.264999389648438,0.7300000190734863
2026-05-13 07:58:18,274.39300537109375,33.91600036621094,1.284000039100647
2026-05-13 08:03:20,305.1440124511719,47.75199890136719,2.010999917984009
2026-05-13 08:08:22,329.9630126953125,44.47700119018555,2.0250000953674316
2026-05-13 08:13:24,236.6540069580078,61.67900085449219,2.0139999389648438
2026-05-13 08:18:26,292.0530090332031,53.80500030517578,2.1689999103546143
2026-05-13 08:23:28,169.08799743652344,73.93399810791016,1.725000023841858
2026-05-13 08:28:30,190.98500061035156,71.06199645996094,1.8730000257492065
2026-05-13 08:33:32,220.1649932861328,68.822998046875,2.0910000801086426
2026-05-13 08:38:34,272.3500061035156,103.99400329589844,3.9089999198913574
2026-05-13 08:43:36,516.2990112304688,60.61899948120117,4.318999767303467
2026-05-13 08:48:38,234.23199462890625,66.5510025024414,2.1510000228881836
2026-05-13 08:53:40,228.16700744628906,71.28900146484375,2.244999885559082
2026-05-13 08:58:42,390.0,64.75199890136719,3.484999895095825
2026-05-13 09:03:44,302.0780029296875,71.53399658203125,2.9820001125335693
2026-05-13 09:08:46,540.2080078125,68.1449966430664,5.079999923706055
2026-05-13 09:13:48,460.77301025390625,61.26499938964844,3.8959999084472656
2026-05-13 09:18:50,505.2239990234375,79.74199676513672,5.559999942779541
2026-05-13 09:23:52,439.7229919433594,69.3219985961914,4.206999778747559
2026-05-13 09:28:54,586.27001953125,72.65499877929688,5.877999782562256
2026-05-13 09:33:56,618.2009887695312,72.3010025024414,6.168000221252441
2026-05-13 09:38:58,638.4000244140625,77.61799621582031,6.8379998207092285
2026-05-13 09:44:00,642.0689697265625,81.6760025024414,7.236999988555908
2026-05-13 09:49:02,680.7109985351562,70.02799987792969,6.578000068664551
2026-05-13 09:54:04,700.822998046875,70.6500015258789,6.833000183105469
2026-05-13 09:59:06,639.72802734375,78.51599884033203,6.932000160217285
2026-05-13 10:04:08,756.3499755859375,75.25399780273438,7.855000019073486
2026-05-13 10:09:10,735.1950073242188,77.21600341796875,7.834000110626221
2026-05-13 10:14:12,773.1060180664062,80.9229965209961,8.633999824523926
2026-05-13 10:19:13,775.7940063476562,81.16999816894531,8.6899995803833
2026-05-13 10:24:15,775.8930053710938,83.61699676513672,8.95300006866455
2026-05-13 10:29:17,334.114013671875,148.88400268554688,6.864999771118164
2026-05-13 10:34:19,211.4739990234375,96.58899688720703,2.819000005722046
2026-05-13 10:39:21,404.09600830078125,65.46600341796875,3.6510000228881836
2026-05-13 10:44:23,263.81500244140625,96.55999755859375,3.515000104904175
2026-05-13 10:49:25,228.29299926757812,94.96499633789062,2.992000102996826
2026-05-13 10:54:27,187.65699768066406,93.92500305175781,2.431999921798706
2026-05-13 10:59:29,142.76600646972656,93.08200073242188,1.8339999914169312
2026-05-13 11:04:31,181.91099548339844,94.33999633789062,2.368000030517578
2026-05-13 11:09:33,181.9949951171875,95.10299682617188,2.3889999389648438
2026-05-13 11:14:35,170.17799377441406,94.51100158691406,2.2200000286102295
2026-05-13 11:19:37,180.80499267578125,92.01200103759766,2.2960000038146973
2026-05-13 11:24:39,201.2779998779297,92.95500183105469,2.5820000171661377
2026-05-13 11:29:41,213.92599487304688,93.20899963378906,2.752000093460083
2026-05-13 11:34:43,254.14100646972656,93.50399780273438,3.2790000438690186
2026-05-13 11:39:45,217.4239959716797,92.5199966430664,2.7760000228881836
2026-05-13 11:44:47,221.73300170898438,91.15699768066406,2.7890000343322754
2026-05-13 11:49:49,248.0500030517578,94.44400024414062,3.2330000400543213
2026-05-13 11:54:51,237.95399475097656,92.52799987792969,3.0380001068115234
2026-05-13 11:59:53,258.0530090332031,91.75900268554688,3.2679998874664307
2026-05-13 12:04:55,436.19000244140625,90.38800048828125,5.440999984741211
2026-05-13 12:09:57,547.7529907226562,94.87899780273438,7.171999931335449
2026-05-13 12:14:59,375.3599853515625,94.80799865722656,4.910999774932861
2026-05-13 12:20:01,1341.5589599609375,93.16300201416016,17.24799919128418
2026-05-13 12:25:03,544.1530151367188,115.02200317382812,8.63700008392334
2026-05-13 12:30:05,1344.39794921875,95.33499908447266,17.687000274658203
2026-05-13 12:35:07,632.4530029296875,82.04100036621094,7.159999847412109
2026-05-13 12:40:09,322.71099853515625,103.11900329589844,4.5920000076293945
2026-05-13 12:45:11,271.83099365234375,98.06600189208984,3.678999900817871
2026-05-13 12:50:13,554.458984375,101.97599792480469,7.802999973297119
2026-05-13 12:55:15,423.8609924316406,101.50199890136719,5.936999797821045
2026-05-13 13:00:17,405.06500244140625,174.98699951171875,9.781999588012695
2026-05-13 13:05:19,1028.5870361328125,131.97900390625,18.733999252319336
2026-05-13 13:10:21,376.114013671875,96.83599853515625,5.026000022888184
2026-05-13 13:15:23,299.6910095214844,103.79199981689453,4.293000221252441
2026-05-13 13:20:25,1350.4019775390625,102.40699768066406,19.083999633789062
2026-05-13 13:44:08,279.84698486328125,103.34600067138672,3.990999937057495
2026-05-13 13:49:10,256.8269958496094,102.70700073242188,3.640000104904175
2026-05-13 13:54:12,199.74400329589844,99.98600006103516,2.75600004196167
2026-05-13 13:59:14,267.15399169921875,101.67400360107422,3.747999906539917
2026-05-13 14:04:16,151.27499389648438,97.9739990234375,2.0450000762939453
2026-05-13 14:09:18,148.26300048828125,100.60600280761719,2.058000087738037
2026-05-13 14:14:20,216.91400146484375,98.25399780273438,2.940999984741211
2026-05-13 14:19:22,842.2470092773438,48.91899871826172,5.685999870300293
2026-05-13 14:24:24,638.4180297851562,89.572998046875,7.892000198364258
2026-05-13 14:29:26,389.9219970703125,95.57099914550781,5.14300012588501
2026-05-13 14:34:28,370.9230041503906,96.16799926757812,4.922999858856201
2026-05-13 14:39:30,1088.8160400390625,106.75399780273438,16.040000915527344
2026-05-13 14:44:32,244.54400634765625,101.61799621582031,3.428999900817871
2026-05-13 14:49:34,339.125,101.83100128173828,4.765999794006348
2026-05-13 14:54:36,213.74200439453125,101.06800079345703,2.9809999465942383
2026-05-13 14:59:38,793.3599853515625,109.96099853515625,12.038999557495117
2026-05-13 15:04:40,265.4169921875,102.70099639892578,3.76200008392334
2026-05-13 15:09:42,257.1520080566406,100.52300262451172,3.566999912261963
2026-05-13 15:14:44,183.00799560546875,107.78700256347656,2.7219998836517334
2026-05-13 15:19:46,245.28199768066406,98.99199676513672,3.3510000705718994
2026-05-13 15:24:48,284.42999267578125,115.82099914550781,4.546000003814697
2026-05-13 15:29:50,192.15499877929688,98.5469970703125,2.61299991607666
2026-05-13 15:34:52,200.16700744628906,97.89099884033203,2.7039999961853027
2026-05-13 15:39:54,963.1859741210938,53.297000885009766,7.084000110626221
2026-05-13 15:44:56,640.906982421875,109.8219985961914,9.713000297546387
2026-05-13 15:49:58,167.88999938964844,96.66200256347656,2.240000009536743
2026-05-13 15:55:00,141.43299865722656,100.01599884033203,1.9520000219345093
2026-05-13 16:00:02,151.97500610351562,101.94499969482422,2.138000011444092
2026-05-13 16:05:04,113.7969970703125,101.2969970703125,1.590999960899353
2026-05-13 16:10:06,103.31900024414062,103.34200286865234,1.4730000495910645
2026-05-13 16:15:08,77.84700012207031,100.76799774169922,1.0829999446868896
2026-05-13 16:20:10,138.53700256347656,100.44200134277344,1.9199999570846558
2026-05-13 16:25:12,272.0480041503906,99.01699829101562,3.7170000076293945
2026-05-13 16:30:13,507.0480041503906,89.09200286865234,6.234000205993652
2026-05-13 16:35:15,316.6289978027344,84.72699737548828,3.7019999027252197
2026-05-13 16:40:17,172.72900390625,102.84500122070312,2.4509999752044678
2026-05-13 16:45:19,289.9339904785156,81.78700256347656,3.2720000743865967
2026-05-13 16:50:21,246.03399658203125,98.46299743652344,3.3429999351501465
2026-05-13 16:55:23,275.12200927734375,95.37300109863281,3.621000051498413
2026-05-13 17:00:25,220.3730010986328,97.375,2.9609999656677246
2026-05-13 17:05:27,169.75100708007812,97.45500183105469,2.2829999923706055
2026-05-13 17:10:29,271.24798583984375,111.84600067138672,4.186999797821045
2026-05-13 17:15:31,187.9219970703125,97.39299774169922,2.5260000228881836
2026-05-13 17:20:33,185.57699584960938,98.3030014038086,2.5179998874664307
2026-05-13 17:25:35,198.8179931640625,96.625,2.6510000228881836
2026-05-13 17:30:37,168.69700622558594,95.0989990234375,2.2139999866485596
2026-05-13 17:35:39,364.47100830078125,45.209999084472656,2.2739999294281006
2026-05-13 17:40:41,146.23500061035156,90.39299774169922,1.8240000009536743
2026-05-13 17:45:43,104.65899658203125,92.40299987792969,1.3350000381469727
2026-05-13 17:50:45,250.36300659179688,61.28300094604492,2.117000102996826
2026-05-13 17:55:47,123.8030014038086,148.0279998779297,2.5290000438690186
2026-05-13 18:00:49,132.57400512695312,92.06300354003906,1.684000015258789
2026-05-13 18:05:51,118.54199981689453,92.7239990234375,1.5169999599456787
2026-05-13 18:10:53,164.0590057373047,119.98999786376953,2.7170000076293945
2026-05-13 18:15:55,134.76800537109375,197.06900024414062,3.6649999618530273
2026-05-13 18:20:57,154.20599365234375,185.67300415039062,3.9509999752044678
2026-05-13 18:25:59,119.49700164794922,169.9949951171875,2.802999973297119
2026-05-13 18:31:01,90.81800079345703,96.76499938964844,1.2130000591278076
2026-05-13 18:36:03,106.76799774169922,97.4260025024414,1.434999942779541
2026-05-13 18:41:05,130.41400146484375,96.39099884033203,1.7350000143051147
2026-05-13 18:46:07,144.8209991455078,92.12100219726562,1.840999960899353
2026-05-13 18:51:09,135.95199584960938,92.46199798583984,1.7350000143051147
2026-05-13 18:56:11,110.93699645996094,93.66699981689453,1.434000015258789
2026-05-13 19:01:13,104.82099914550781,94.6709976196289,1.36899995803833
2026-05-13 19:06:15,88.64600372314453,94.51599884033203,1.156000018119812
2026-05-13 19:11:17,91.64800262451172,93.83100128173828,1.187000036239624
2026-05-13 19:16:19,81.677001953125,95.93499755859375,1.0809999704360962
2026-05-13 19:21:21,88.23500061035156,92.63999938964844,1.128000020980835
2026-05-13 19:26:23,81.16100311279297,94.7040023803711,1.0609999895095825
2026-05-13 19:31:25,80.58699798583984,94.20700073242188,1.0479999780654907
2026-05-13 19:36:27,66.26100158691406,95.24600219726562,0.8709999918937683
2026-05-13 19:41:29,51.84199905395508,97.53099822998047,0.6980000138282776
2026-05-13 19:46:31,36.97100067138672,99.91100311279297,0.5099999904632568
2026-05-13 19:51:33,24.573999404907227,91.625,0.3109999895095825
2026-05-13 19:56:35,26.27899932861328,87.74600219726562,0.3179999887943268
2026-05-13 20:01:37,26.42300033569336,93.65899658203125,0.34200000762939453
2026-05-13 20:06:39,25.128999710083008,91.87899780273438,0.3190000057220459
2026-05-13 20:11:41,17.96299934387207,94.86699676513672,0.23499999940395355
2026-05-13 20:16:43,18.58300018310547,82.2979965209961,0.210999995470047
2026-05-13 20:21:45,15.984000205993652,93.90899658203125,0.2070000022649765
2026-05-13 20:26:47,8.420999526977539,67.44599914550781,0.07800000160932541
2026-05-13 20:31:49,12.206000328063965,78.21600341796875,0.13199999928474426
2026-05-13 20:36:51,10.970999717712402,91.87899780273438,0.13899999856948853
2026-05-13 20:41:53,5.0289998054504395,0.9399999976158142,0.0010000000474974513
2026-05-13 20:46:55,2.063999891281128,1.2280000448226929,0.0
2026-05-13 20:51:57,0.6859999895095825,1.5410000085830688,0.0
2026-05-14 06:01:48,0.6859999895095825,1.5410000085830688,0.0
2026-05-14 06:06:50,1.8700000047683716,0.6420000195503235,0.0
2026-05-14 06:11:52,3.7190001010894775,0.7070000171661377,0.0
2026-05-14 06:16:54,3.440000057220459,0.843999981880188,0.0
2026-05-14 06:21:56,6.151000022888184,0.8669999837875366,0.0010000000474974513
2026-05-14 06:26:58,9.454000473022461,49.382999420166016,0.06400000303983688
2026-05-14 06:32:00,10.102999687194824,62.36399841308594,0.08699999749660492
2026-05-14 06:37:02,12.303999900817871,58.01599884033203,0.0989999994635582
2026-05-14 06:42:04,11.041999816894531,59.3849983215332,0.09000000357627869
2026-05-14 06:47:06,16.719999313354492,57.124000549316406,0.13199999928474426
2026-05-14 06:52:08,20.43400001525879,68.43699645996094,0.19300000369548798
2026-05-14 06:57:10,26.577999114990234,61.750999450683594,0.22599999606609344
2026-05-14 07:02:12,24.183000564575195,67.93900299072266,0.22699999809265137
2026-05-14 07:07:14,21.257999420166016,64.8219985961914,0.1899999976158142
2026-05-14 07:12:16,43.35300064086914,51.893001556396484,0.3100000023841858
2026-05-14 07:17:18,55.757999420166016,63.882999420166016,0.492000013589859
2026-05-14 07:22:20,72.34700012207031,67.46399688720703,0.6740000247955322
2026-05-14 07:27:22,83.63200378417969,70.20600128173828,0.8100000023841858
2026-05-14 07:32:24,53.435001373291016,65.12100219726562,0.47999998927116394
2026-05-14 07:37:26,21.648000717163086,76.85900115966797,0.23000000417232513
2026-05-14 07:42:28,19.41900062561035,70.1449966430664,0.18799999356269836
2026-05-14 07:47:30,31.368999481201172,72.17400360107422,0.31200000643730164
2026-05-14 07:52:32,33.637001037597656,73.70899963378906,0.34200000762939453
2026-05-14 07:57:34,37.73899841308594,78.75299835205078,0.4099999964237213
2026-05-14 08:02:36,25.108999252319336,78.83399963378906,0.27300000190734863
2026-05-14 08:07:38,49.50199890136719,78.21499633789062,0.5339999794960022
2026-05-14 08:12:40,32.185001373291016,85.4530029296875,0.3799999952316284
2026-05-14 08:17:42,43.88100051879883,84.64800262451172,0.5130000114440918
2026-05-14 08:22:44,32.9119987487793,86.5459976196289,0.3930000066757202
2026-05-14 08:27:46,17.922000885009766,82.94599914550781,0.20499999821186066
2026-05-14 08:32:48,20.496000289916992,94.29499816894531,0.2669999897480011
2026-05-14 08:37:50,29.30699920654297,97.01599884033203,0.3919999897480011
2026-05-14 08:42:52,22.427000045776367,90.21399688720703,0.27900001406669617
2026-05-14 08:47:54,29.35099983215332,98.29499816894531,0.39800000190734863
2026-05-14 08:52:56,37.22999954223633,78.28500366210938,0.4020000100135803
2026-05-14 08:57:58,80.34300231933594,83.79499816894531,0.9290000200271606
2026-05-14 09:03:00,171.78700256347656,74.5250015258789,1.7669999599456787
2026-05-14 09:08:02,134.86199951171875,82.61799621582031,1.5379999876022339
2026-05-14 09:13:04,114.2490005493164,87.5459976196289,1.3799999952316284
2026-05-14 09:18:06,72.74199676513672,88.46900177001953,0.8880000114440918
2026-05-14 09:23:08,91.04499816894531,87.70999908447266,1.1019999980926514
2026-05-14 09:28:10,118.53700256347656,89.58499908447266,1.465000033378601
2026-05-14 09:33:12,95.197998046875,86.83399963378906,1.1410000324249268
2026-05-14 09:38:14,183.30099487304688,85.3270034790039,2.1579999923706055
2026-05-14 09:43:16,168.7729949951172,79.66899871826172,1.8559999465942383
2026-05-14 09:48:17,220.4459991455078,87.55000305175781,2.6630001068115234
2026-05-14 09:53:19,125.50399780273438,94.36199951171875,1.6339999437332153
2026-05-14 09:58:21,130.91900634765625,92.36799621582031,1.6690000295639038
2026-05-14 10:03:23,217.88099670410156,90.68099975585938,2.7269999980926514
2026-05-14 10:08:25,224.71499633789062,87.91300201416016,2.7260000705718994
2026-05-14 10:13:27,237.26400756835938,91.29499816894531,2.989000082015991
2026-05-14 10:18:29,142.04100036621094,90.23600006103516,1.7690000534057617
2026-05-14 10:23:31,180.77499389648438,90.65399932861328,2.26200008392334
2026-05-14 10:28:33,268.02301025390625,94.74600219726562,3.503999948501587
2026-05-14 10:33:35,335.66400146484375,88.3550033569336,4.0929999351501465
2026-05-14 10:38:37,351.9519958496094,91.0999984741211,4.425000190734863
2026-05-14 10:43:39,271.9179992675781,91.23899841308594,3.4240000247955322
2026-05-14 10:48:41,510.65399169921875,58.67499923706055,4.135000228881836
2026-05-14 10:53:43,186.68600463867188,92.46600341796875,2.381999969482422
2026-05-14 10:58:45,148.70899963378906,97.0469970703125,1.9919999837875366
2026-05-14 11:03:47,128.01600646972656,98.78199768066406,1.7450000047683716
2026-05-14 11:08:49,139.89300537109375,96.72799682617188,1.8669999837875366
2026-05-14 11:13:51,233.82899475097656,87.87699890136719,2.8359999656677246
2026-05-14 11:18:53,294.14599609375,93.77300262451172,3.805999994277954
2026-05-14 11:23:55,336.802001953125,91.84700012207031,4.269000053405762
2026-05-14 11:28:57,341.1409912109375,90.88200378417969,4.2779998779296875
2026-05-14 11:33:59,344.75201416015625,96.36499786376953,4.585000038146973
2026-05-14 11:39:01,354.4049987792969,94.4530029296875,4.61899995803833
2026-05-14 11:44:03,412.98699951171875,98.31400299072266,5.603000164031982
2026-05-14 11:49:05,434.1860046386719,97.09600067138672,5.817999839782715
2026-05-14 11:54:07,1217.9840087890625,78.69200134277344,13.22700023651123
2026-05-14 11:59:09,273.9519958496094,97.33799743652344,3.680000066757202
2026-05-14 12:04:11,206.6510009765625,100.30899810791016,2.8610000610351562
2026-05-14 12:09:13,178.56700134277344,98.8239974975586,2.434999942779541
2026-05-14 12:14:15,163.9409942626953,96.65899658203125,2.187000036239624
2026-05-14 12:19:17,186.24200439453125,102.0739974975586,2.622999906539917
2026-05-14 12:24:19,200.9530029296875,99.74199676513672,2.7660000324249268
2026-05-14 12:29:21,199.70700073242188,97.05699920654297,2.674999952316284
2026-05-14 12:34:23,194.99000549316406,99.53600311279297,2.677999973297119
2026-05-14 12:39:25,162.4320068359375,99.45800018310547,2.2290000915527344
2026-05-14 12:44:27,158.49099731445312,99.01100158691406,2.1659998893737793
2026-05-14 12:49:29,277.47900390625,93.58699798583984,3.5840001106262207
2026-05-14 12:54:31,318.5780029296875,96.84300231933594,4.257999897003174
2026-05-14 12:59:33,319.0929870605469,98.91799926757812,4.355999946594238
2026-05-14 13:04:35,539.6179809570312,94.27899932861328,7.020999908447266
2026-05-14 13:09:36,1048.510009765625,46.15700149536133,6.678999900817871
2026-05-14 13:14:38,513.166015625,96.37300109863281,6.824999809265137
2026-05-14 13:19:40,1365.737060546875,73.33999633789062,13.822999954223633
2026-05-14 13:43:28,419.7120056152344,98.75199890136719,5.71999979019165
2026-05-14 13:48:30,380.1260070800781,99.54000091552734,5.2220001220703125
2026-05-14 13:53:32,295.65899658203125,87.74600219726562,3.5799999237060547
2026-05-14 13:58:34,302.18499755859375,99.33200073242188,4.142000198364258
2026-05-14 14:03:36,450.8110046386719,99.83999633789062,6.210999965667725
2026-05-14 14:08:38,908.0800170898438,80.13700103759766,10.041999816894531
2026-05-14 14:13:40,668.8300170898438,87.26699829101562,8.055000305175781
2026-05-14 14:18:42,827.3619995117188,106.79499816894531,12.192999839782715
2026-05-14 14:23:44,1130.81103515625,102.87899780273438,16.054000854492188
2026-05-14 14:28:46,1150.9210205078125,98.2979965209961,15.612000465393066
2026-05-14 14:33:48,337.3580017089844,95.61799621582031,4.452000141143799
2026-05-14 14:38:50,252.88499450683594,106.84500122070312,3.7290000915527344
2026-05-14 14:43:52,196.62399291992188,99.33300018310547,2.694999933242798
2026-05-14 14:48:54,350.260986328125,97.83999633789062,4.729000091552734
2026-05-14 14:53:56,988.1530151367188,85.69499969482422,11.685999870300293
2026-05-14 14:58:58,1057.968017578125,100.90799713134766,14.732000350952148
2026-05-14 15:04:00,670.1810302734375,109.2959976196289,10.107999801635742
2026-05-14 15:09:02,90.67400360107422,102.91300201416016,1.2879999876022339
2026-05-14 15:14:04,180.48899841308594,88.66400146484375,2.2079999446868896
2026-05-14 15:19:06,214.58700561523438,96.1449966430664,2.8469998836517334
2026-05-14 15:24:08,192.7790069580078,100.37799835205078,2.6700000762939453
2026-05-14 15:29:10,270.69500732421875,105.0459976196289,3.9240000247955322
2026-05-14 15:34:12,219.93800354003906,103.05599975585938,3.128000020980835
2026-05-14 15:39:14,304.75,104.38800048828125,4.389999866485596
2026-05-14 15:44:16,537.0560302734375,102.99500274658203,7.632999897003174
2026-05-14 15:49:18,265.2820129394531,99.6760025024414,3.6489999294281006
2026-05-14 15:54:19,434.7359924316406,102.12100219726562,6.126999855041504
2026-05-14 15:59:22,399.87701416015625,152.9949951171875,8.442999839782715
2026-05-14 16:04:23,535.2069702148438,81.2040023803711,5.998000144958496
2026-05-14 16:09:25,299.6000061035156,94.8219985961914,3.9200000762939453
2026-05-14 16:14:27,248.6009979248047,100.6510009765625,3.453000068664551
2026-05-14 16:19:29,280.7090148925781,100.05599975585938,3.875999927520752
2026-05-14 16:24:31,270.135009765625,101.70099639892578,3.7909998893737793
2026-05-14 16:29:33,248.02499389648438,99.05899810791016,3.3910000324249268
2026-05-14 16:34:35,261.3760070800781,99.14900207519531,3.5759999752044678
2026-05-14 16:39:37,402.5119934082031,87.65299987792969,4.86899995803833
2026-05-14 16:44:39,373.99798583984375,73.95600128173828,3.816999912261963
2026-05-14 16:49:41,287.3070068359375,99.43099975585938,3.941999912261963
2026-05-14 16:54:43,275.0379943847656,96.42500305175781,3.6600000858306885
2026-05-14 16:59:45,256.52099609375,97.06199645996094,3.436000108718872
2026-05-14 17:04:47,724.22900390625,83.57599639892578,8.352999687194824
2026-05-14 17:09:49,519.4769897460938,118.88899993896484,8.52299976348877
2026-05-14 17:14:51,307.1109924316406,83.3270034790039,3.5320000648498535
2026-05-14 17:19:53,322.7909851074219,77.30999755859375,3.444000005722046
2026-05-14 17:24:55,222.5330047607422,98.03099822998047,3.009999990463257
2026-05-14 17:29:57,580.3380126953125,80.18800354003906,6.421999931335449
2026-05-14 17:34:59,324.1969909667969,99.81700134277344,4.466000080108643
2026-05-14 17:40:01,415.9360046386719,91.58499908447266,5.256999969482422
2026-05-14 17:45:03,161.718994140625,95.3239974975586,2.127000093460083
2026-05-14 17:50:05,179.3489990234375,87.44999694824219,2.1640000343322754
2026-05-14 17:55:07,116.81400299072266,101.99800109863281,1.6440000534057617
2026-05-14 18:00:09,102.25399780273438,103.30899810791016,1.4579999446868896
2026-05-14 18:05:11,101.3030014038086,101.7030029296875,1.4220000505447388
2026-05-14 18:10:13,50.01599884033203,100.45099639892578,0.6930000185966492
2026-05-14 18:15:15,13.586000442504883,121.41500091552734,0.2280000001192093
2026-05-14 18:20:17,32.069000244140625,110.69400024414062,0.49000000953674316
2026-05-14 18:25:19,38.744998931884766,109.40399932861328,0.5849999785423279
2026-05-14 18:30:21,61.56800079345703,102.66200256347656,0.871999979019165
2026-05-14 18:35:23,77.36199951171875,107.20600128173828,1.1449999809265137
2026-05-14 18:40:25,64.86199951171875,97.66999816894531,0.8740000128746033
2026-05-14 18:45:27,57.67499923706055,99.16100311279297,0.7889999747276306
2026-05-14 18:50:29,48.400001525878906,95.36799621582031,0.6370000243186951
2026-05-14 18:55:31,59.66400146484375,99.61199951171875,0.8199999928474426
2026-05-14 19:00:33,65.86499786376953,95.9260025024414,0.871999979019165
2026-05-14 19:05:35,89.93800354003906,97.5770034790039,1.2109999656677246
2026-05-14 19:10:37,94.18699645996094,98.62899780273438,1.281999945640564
2026-05-14 19:15:39,68.23200225830078,93.00700378417969,0.8759999871253967
2026-05-14 19:20:41,48.75199890136719,100.01799774169922,0.6729999780654907
2026-05-14 19:25:43,49.819000244140625,100.41600036621094,0.6899999976158142
2026-05-14 19:30:45,40.78900146484375,101.427001953125,0.5709999799728394
2026-05-14 19:35:47,33.095001220703125,106.35700225830078,0.4860000014305115
2026-05-14 19:40:49,31.937999725341797,103.51300048828125,0.4560000002384186
2026-05-14 19:45:51,28.611000061035156,109.71099853515625,0.43299999833106995
2026-05-14 19:50:53,29.106000900268555,104.54299926757812,0.41999998688697815
2026-05-14 19:55:55,24.886999130249023,104.88899993896484,0.36000001430511475
2026-05-14 20:00:57,23.09000015258789,114.07599639892578,0.3630000054836273
2026-05-14 20:05:59,19.9060001373291,117.48799896240234,0.3230000138282776
2026-05-14 20:11:00,17.499000549316406,115.58999633789062,0.27900001406669617
2026-05-14 20:16:02,16.363000869750977,114.27400207519531,0.257999986410141
2026-05-14 20:21:04,16.17099952697754,91.39700317382812,0.20399999618530273
2026-05-14 20:26:06,15.274999618530273,112.5459976196289,0.2370000034570694
2026-05-14 20:31:08,13.42199993133545,112.5459976196289,0.20800000429153442
2026-05-14 20:36:10,11.055999755859375,94.24199676513672,0.14399999380111694
2026-05-14 20:41:12,8.517000198364258,80.18699645996094,0.09399999678134918
2026-05-14 20:46:14,6.895999908447266,0.5879999995231628,0.0010000000474974513
2026-05-14 20:51:16,4.376999855041504,0.7649999856948853,0.0
2026-05-14 20:56:18,1.034999966621399,1.4910000562667847,0.0
2026-05-15 06:00:04,1.034999966621399,1.4910000562667847,0.0
2026-05-15 06:05:06,1.7710000276565552,0.871999979019165,0.0
2026-05-15 06:10:08,3.177000045776367,0.6980000138282776,0.0
2026-05-15 06:15:10,4.3429999351501465,0.6499999761581421,0.0
2026-05-15 06:20:12,5.46999979019165,0.6759999990463257,0.0010000000474974513
2026-05-15 06:25:14,6.9029998779296875,17.378000259399414,0.017000000923871994
2026-05-15 06:30:16,8.468999862670898,45.72100067138672,0.05299999937415123
2026-05-15 06:35:18,11.833000183105469,53.071998596191406,0.08699999749660492
2026-05-15 06:40:20,14.229000091552734,55.097999572753906,0.1080000028014183
2026-05-15 06:45:22,14.673999786376953,63.527000427246094,0.1289999932050705
2026-05-15 06:50:24,16.365999221801758,58.0369987487793,0.13099999725818634
2026-05-15 06:55:26,17.52899932861328,64.80999755859375,0.15700000524520874
2026-05-15 07:00:28,19.482999801635742,70.66100311279297,0.1899999976158142
2026-05-15 07:05:30,21.104000091552734,73.42400360107422,0.21400000154972076
2026-05-15 07:10:32,22.128000259399414,67.79299926757812,0.2070000022649765
2026-05-15 07:15:34,21.729999542236328,81.97100067138672,0.2460000067949295
2026-05-15 07:20:36,21.509000778198242,77.73500061035156,0.23100000619888306
2026-05-15 07:25:38,22.11400032043457,76.80400085449219,0.23399999737739563
2026-05-15 07:30:40,22.506999969482422,78.47699737548828,0.24400000274181366
2026-05-15 07:35:42,24.847999572753906,81.23699951171875,0.27900001406669617
2026-05-15 07:40:44,29.34600067138672,78.59300231933594,0.3179999887943268
2026-05-15 07:45:46,32.448001861572266,83.25,0.37299999594688416
2026-05-15 07:50:48,36.08700180053711,85.98100280761719,0.42800000309944153
2026-05-15 07:55:50,37.99300003051758,84.43199920654297,0.4429999887943268
2026-05-15 08:00:52,40.165000915527344,85.37799835205078,0.4729999899864197
2026-05-15 08:05:54,42.62200164794922,83.66899871826172,0.492000013589859
2026-05-15 08:10:56,47.387001037597656,82.86599731445312,0.5419999957084656
2026-05-15 08:15:58,52.27000045776367,85.5260009765625,0.6169999837875366
2026-05-15 08:21:00,52.33599853515625,84.6729965209961,0.6119999885559082
2026-05-15 08:26:02,50.68600082397461,89.01399993896484,0.6230000257492065
2026-05-15 08:31:04,51.54999923706055,85.56199645996094,0.609000027179718
2026-05-15 08:36:06,55.56999969482422,91.58999633789062,0.7020000219345093
2026-05-15 08:41:08,64.4020004272461,92.73500061035156,0.8240000009536743
2026-05-15 08:46:10,69.36000061035156,92.4229965209961,0.8849999904632568
2026-05-15 08:51:12,71.02200317382812,95.75900268554688,0.9390000104904175
2026-05-15 08:56:14,77.30500030517578,96.56999969482422,1.0299999713897705
2026-05-15 09:01:16,79.36699676513672,96.14399719238281,1.0529999732971191
2026-05-15 09:06:18,65.93599700927734,93.34100341796875,0.8489999771118164
2026-05-15 09:11:20,54.880001068115234,97.79399871826172,0.7409999966621399
2026-05-15 09:16:22,46.452999114990234,97.73899841308594,0.6269999742507935
2026-05-15 09:21:24,43.29800033569336,94.80400085449219,0.5659999847412109
2026-05-15 09:26:26,47.46500015258789,94.98500061035156,0.621999979019165
2026-05-15 09:31:28,52.9900016784668,90.68000030517578,0.6629999876022339
2026-05-15 09:36:30,67.74199676513672,91.99400329589844,0.8600000143051147
2026-05-15 09:41:32,81.40299987792969,95.03600311279297,1.0679999589920044
2026-05-15 09:46:34,64.48899841308594,96.66400146484375,0.8600000143051147
2026-05-15 09:51:36,55.757999420166016,97.29000091552734,0.7490000128746033
2026-05-15 09:56:37,65.69599914550781,103.4800033569336,0.9380000233650208
2026-05-15 10:01:39,88.18099975585938,102.74400329589844,1.25
2026-05-15 10:06:41,83.375,104.09700012207031,1.1979999542236328
2026-05-15 10:11:43,54.81800079345703,103.14099884033203,0.7799999713897705
2026-05-15 10:16:45,44.96699905395508,99.04000091552734,0.6150000095367432
2026-05-15 10:21:47,46.266998291015625,95.56300354003906,0.6100000143051147
2026-05-15 10:26:49,50.42900085449219,100.21600341796875,0.6970000267028809
2026-05-15 10:31:51,47.7760009765625,105.43199920654297,0.6949999928474426
2026-05-15 10:36:53,34.81700134277344,99.20700073242188,0.47699999809265137
2026-05-15 10:41:55,36.11000061035156,94.54199981689453,0.47099998593330383
2026-05-15 10:46:57,62.196998596191406,98.47799682617188,0.8450000286102295
2026-05-15 10:51:59,86.3949966430664,103.81099700927734,1.2380000352859497
2026-05-15 10:57:01,110.75399780273438,98.21600341796875,1.5010000467300415
2026-05-15 11:02:03,155.3260040283203,99.6760025024414,2.13700008392334
2026-05-15 11:07:05,198.68099975585938,100.2020034790039,2.746999979019165
2026-05-15 11:12:07,228.8300018310547,101.26699829101562,3.197999954223633
2026-05-15 11:17:09,198.5330047607422,100.40799713134766,2.750999927520752
2026-05-15 11:22:11,125.60700225830078,102.38300323486328,1.774999976158142
2026-05-15 11:27:13,91.47000122070312,107.97899627685547,1.3630000352859497
2026-05-15 11:32:15,85.9469985961914,105.59100341796875,1.2519999742507935
2026-05-15 11:37:17,102.13700103759766,107.74600219726562,1.5190000534057617
2026-05-15 11:42:19,139.67799377441406,103.3550033569336,1.9919999837875366
2026-05-15 11:47:21,200.57400512695312,102.60399627685547,2.8399999141693115
2026-05-15 11:52:23,244.70399475097656,100.87799835205078,3.4070000648498535
2026-05-15 11:57:25,259.6369934082031,99.56300354003906,3.566999912261963
2026-05-15 12:02:27,239.22500610351562,98.3489990234375,3.246999979019165
2026-05-15 12:07:29,189.35400390625,97.77899932861328,2.555000066757202
2026-05-15 12:12:31,224.656005859375,97.30400085449219,3.0169999599456787
2026-05-15 12:17:33,251.47000122070312,99.67500305175781,3.4590001106262207
2026-05-15 12:22:35,291.3940124511719,99.52200317382812,4.001999855041504
2026-05-15 12:27:37,247.44900512695312,96.9010009765625,3.309000015258789
2026-05-15 12:32:39,557.8170166015625,89.09400177001953,6.857999801635742
2026-05-15 12:37:41,889.1749877929688,94.52200317382812,11.597999572753906
2026-05-15 12:42:43,1001.7969970703125,93.24800109863281,12.890999794006348
2026-05-15 12:47:45,1003.3189697265625,97.572998046875,13.510000228881836
2026-05-15 12:52:47,665.7269897460938,98.53099822998047,9.052000045776367
2026-05-15 12:57:49,685.1909790039062,112.55000305175781,10.642000198364258
2026-05-15 13:02:51,590.593994140625,90.66899871826172,7.389999866485596
2026-05-15 13:07:53,678.510009765625,101.06800079345703,9.463000297546387
2026-05-15 13:12:55,635.291015625,105.25399780273438,9.227999687194824
2026-05-15 13:17:57,749.3870239257812,91.37699890136719,9.449999809265137
2026-05-15 13:22:59,1044.6190185546875,101.13200378417969,14.579000473022461
2026-05-15 13:46:33,117.11799621582031,110.61799621582031,1.7879999876022339
2026-05-15 13:51:35,72.52999877929688,118.72699737548828,1.187999963760376
2026-05-15 13:56:37,72.38899993896484,116.8740005493164,1.1679999828338623
2026-05-15 14:01:39,77.8740005493164,114.79299926757812,1.2339999675750732
2026-05-15 14:06:41,79.50199890136719,106.97000122070312,1.1740000247955322
2026-05-15 14:11:43,143.89500427246094,102.45999908447266,2.0350000858306885
2026-05-15 14:16:45,218.83700561523438,101.39399719238281,3.062000036239624
2026-05-15 14:21:47,1208.7449951171875,100.15499877929688,16.70599937438965
2026-05-15 14:26:49,1151.8170166015625,93.447998046875,14.854000091552734
2026-05-15 14:31:51,491.031005859375,87.197998046875,5.908999919891357
2026-05-15 14:36:53,952.6190185546875,120.80999755859375,15.881999969482422
2026-05-15 14:41:55,1151.4239501953125,101.66999816894531,16.155000686645508
2026-05-15 14:46:57,1102.5389404296875,101.77200317382812,15.484999656677246
2026-05-15 14:51:59,993.7899780273438,107.91400146484375,14.800000190734863
2026-05-15 14:57:01,1010.6240234375,103.50399780273438,14.4350004196167
2026-05-15 15:02:03,1092.6839599609375,101.94000244140625,15.371999740600586
2026-05-15 15:07:05,1142.4200439453125,105.0270004272461,16.558000564575195
2026-05-15 15:12:07,347.5530090332031,109.55599975585938,5.255000114440918
2026-05-15 15:17:09,1139.583984375,56.310001373291016,8.854999542236328
2026-05-15 15:22:11,1198.7340087890625,104.18499755859375,17.235000610351562
2026-05-15 15:27:13,542.5670166015625,119.60199737548828,8.954999923706055
2026-05-15 15:32:15,366.4429931640625,109.88700103759766,5.557000160217285
2026-05-15 15:37:17,322.8800048828125,112.2020034790039,4.999000072479248
2026-05-15 15:42:19,220.93299865722656,115.90599822998047,3.5339999198913574
2026-05-15 15:47:21,311.8110046386719,112.90599822998047,4.857999801635742
2026-05-15 15:52:23,863.3189697265625,70.0510025024414,8.345999717712402
2026-05-15 15:57:25,772.8480224609375,133.23800659179688,14.210000038146973
2026-05-15 16:02:27,766.5330200195312,113.39299774169922,11.994999885559082
2026-05-15 16:07:29,919.3599853515625,97.2969970703125,12.343999862670898
2026-05-15 16:12:31,907.927001953125,97.49800109863281,12.215999603271484
2026-05-15 16:17:33,757.2410278320312,102.82599639892578,10.744999885559082
2026-05-15 16:22:35,877.9819946289062,96.16300201416016,11.651000022888184
2026-05-15 16:27:37,863.125,95.98600006103516,11.432999610900879
2026-05-15 16:32:39,877.4450073242188,94.68399810791016,11.46500015258789
2026-05-15 16:37:41,206.5469970703125,108.90699768066406,3.1040000915527344
2026-05-15 16:42:43,88.58300018310547,108.26599884033203,1.3229999542236328
2026-05-15 16:47:45,107.8010025024414,94.38300323486328,1.4040000438690186
2026-05-15 16:52:47,731.6890258789062,90.78199768066406,9.166000366210938
2026-05-15 16:57:49,758.8870239257812,90.61499786376953,9.489999771118164
2026-05-15 17:02:51,675.197998046875,92.79199981689453,8.645999908447266
2026-05-15 17:07:53,130.17100524902344,108.48100280761719,1.9490000009536743
2026-05-15 17:12:55,139.5679931640625,108.31500244140625,2.0859999656677246
2026-05-15 17:17:57,120.427001953125,108.63600158691406,1.8049999475479126
2026-05-15 17:22:59,128.23300170898438,110.39199829101562,1.9539999961853027
2026-05-15 17:28:01,122.18499755859375,110.59500122070312,1.8650000095367432
2026-05-15 17:33:03,99.59100341796875,111.2229995727539,1.5290000438690186
2026-05-15 17:38:04,103.50599670410156,112.33399963378906,1.6050000190734863
2026-05-15 17:43:06,99.7490005493164,110.4729995727539,1.5210000276565552
2026-05-15 17:48:08,97.81500244140625,110.18699645996094,1.4869999885559082
2026-05-15 17:53:10,87.4739990234375,107.46700286865234,1.2970000505447388
2026-05-15 17:58:12,85.58899688720703,109.13899993896484,1.2890000343322754
2026-05-15 18:03:14,86.38899993896484,105.02200317382812,1.2519999742507935
2026-05-15 18:08:16,86.83399963378906,109.2229995727539,1.309000015258789
2026-05-15 18:13:18,91.59300231933594,103.4489974975586,1.3079999685287476
2026-05-15 18:18:20,93.14700317382812,103.92900085449219,1.3359999656677246
2026-05-15 18:23:22,98.53900146484375,104.25700378417969,1.4179999828338623
2026-05-15 18:28:24,89.28900146484375,96.73300170898438,1.1920000314712524
2026-05-15 18:33:26,76.41100311279297,100.947998046875,1.0640000104904175
2026-05-15 18:38:28,61.49700164794922,105.48200225830078,0.8949999809265137
2026-05-15 18:43:30,59.60200119018555,98.75299835205078,0.8119999766349792
2026-05-15 18:48:32,72.11000061035156,105.78600311279297,1.0529999732971191
2026-05-15 18:53:34,70.35099792480469,104.28199768066406,1.0119999647140503
2026-05-15 18:58:36,66.89800262451172,99.93000030517578,0.9229999780654907
2026-05-15 19:03:38,54.97100067138672,100.802001953125,0.7649999856948853
2026-05-15 19:08:40,50.8849983215332,103.15699768066406,0.7239999771118164
2026-05-15 19:13:42,47.05400085449219,106.35600280761719,0.6909999847412109
2026-05-15 19:18:44,41.27899932861328,107.4800033569336,0.6119999885559082
2026-05-15 19:23:46,46.875,110.86900329589844,0.7170000076293945
2026-05-15 19:28:48,36.768001556396484,117.81199645996094,0.5979999899864197
2026-05-15 19:33:50,15.631999969482422,102.0719985961914,0.2199999988079071
2026-05-15 19:38:52,11.126999855041504,137.02499389648438,0.20999999344348907
2026-05-15 19:43:54,11.010000228881836,128.66400146484375,0.19499999284744263
2026-05-15 19:48:56,13.618000030517578,112.76899719238281,0.21199999749660492
2026-05-15 19:53:58,30.69700050354004,107.30000305175781,0.45500001311302185
2026-05-15 19:59:00,42.28099822998047,96.09700012207031,0.5609999895095825
2026-05-15 20:04:02,36.04800033569336,94.52899932861328,0.4699999988079071
2026-05-15 20:09:04,36.3129997253418,101.72100067138672,0.5099999904632568
2026-05-15 20:14:06,26.464000701904297,101.33799743652344,0.3700000047683716
2026-05-15 20:19:08,25.24799919128418,102.24700164794922,0.35600000619888306
2026-05-15 20:24:10,18.777999877929688,106.76699829101562,0.2770000100135803
2026-05-15 20:29:12,11.600000381469727,112.68800354003906,0.18000000715255737
2026-05-15 20:34:14,7.784999847412109,160.05499267578125,0.1720000058412552
2026-05-15 20:39:16,4.934999942779541,33.303001403808594,0.023000000044703484
2026-05-15 20:44:18,2.2880001068115234,1.3630000352859497,0.0
2026-05-15 20:49:20,0.8410000205039978,2.6510000228881836,0.0
2026-05-15 20:54:22,0.4959999918937683,0.5789999961853027,0.0
2026-05-16 05:59:20,0.4959999918937683,0.5789999961853027,0.0
2026-05-16 06:04:22,8.305999755859375,0.5600000023841858,0.0010000000474974513
2026-05-16 06:09:24,9.767000198364258,16.89699935913086,0.023000000044703484
2026-05-16 06:14:26,10.906999588012695,48.62699890136719,0.0729999989271164
2026-05-16 06:19:28,12.711000442504883,46.0890007019043,0.08100000023841858
2026-05-16 06:24:30,14.609999656677246,59.301998138427734,0.11999999731779099
2026-05-16 06:29:32,16.47100067138672,66.43499755859375,0.1509999930858612
2026-05-16 06:34:34,18.702999114990234,61.04600143432617,0.15800000727176666
2026-05-16 06:39:36,21.104000091552734,62.57500076293945,0.18199999630451202
2026-05-16 06:44:38,23.033000946044922,65.28199768066406,0.20800000429153442
2026-05-16 06:49:40,25.099000930786133,67.98600006103516,0.23499999940395355
2026-05-16 06:54:42,27.18199920654297,65.0270004272461,0.24400000274181366
2026-05-16 06:59:44,29.240999221801758,69.072998046875,0.27900001406669617
2026-05-16 07:04:46,31.83300018310547,73.4020004272461,0.32199999690055847
2026-05-16 07:09:48,33.05099868774414,68.95099639892578,0.3140000104904175
2026-05-16 07:14:50,34.50699996948242,73.25,0.3490000069141388
2026-05-16 07:19:52,36.090999603271484,74.33200073242188,0.3700000047683716
2026-05-16 07:24:54,37.104000091552734,77.5260009765625,0.3970000147819519
2026-05-16 07:29:56,39.137001037597656,79.51000213623047,0.42899999022483826
2026-05-16 07:34:58,42.05500030517578,78.91000366210938,0.4580000042915344
2026-05-16 07:40:00,45.08100128173828,82.99400329589844,0.515999972820282
2026-05-16 07:45:02,47.10900115966797,83.00199890136719,0.5400000214576721
2026-05-16 07:50:04,47.215999603271484,82.61000061035156,0.5379999876022339
2026-05-16 07:55:06,47.63399887084961,88.15399932861328,0.5789999961853027
2026-05-16 08:00:08,46.25400161743164,88.28800201416016,0.5640000104904175
2026-05-16 08:05:10,45.74599838256836,84.3030014038086,0.5320000052452087
2026-05-16 08:10:12,45.643001556396484,89.9540023803711,0.5669999718666077
2026-05-16 08:15:14,46.097999572753906,87.45099639892578,0.5559999942779541
2026-05-16 08:20:16,48.768001556396484,91.27300262451172,0.6140000224113464
2026-05-16 08:25:18,50.130001068115234,93.39299774169922,0.6460000276565552
2026-05-16 08:30:20,52.08700180053711,94.44599914550781,0.6790000200271606
2026-05-16 08:35:22,49.57699966430664,96.11299896240234,0.6579999923706055
2026-05-16 08:40:24,55.6510009765625,97.75900268554688,0.7509999871253967
2026-05-16 08:45:26,63.81700134277344,95.61399841308594,0.8420000076293945
2026-05-16 08:50:28,78.9990005493164,95.29900360107422,1.0390000343322754
2026-05-16 08:55:30,103.45800018310547,96.9729995727539,1.3849999904632568
2026-05-16 09:00:32,125.0739974975586,97.58300018310547,1.684000015258789
2026-05-16 09:05:34,141.46400451660156,96.65899658203125,1.8869999647140503
2026-05-16 09:10:36,165.08999633789062,96.54299926757812,2.1989998817443848
2026-05-16 09:15:38,187.1929931640625,97.27899932861328,2.513000011444092
2026-05-16 09:20:40,187.01699829101562,97.42500305175781,2.5139999389648438
2026-05-16 09:25:42,167.31700134277344,97.66899871826172,2.255000114440918
2026-05-16 09:30:44,159.0540008544922,98.23899841308594,2.1559998989105225
2026-05-16 09:35:46,165.5019989013672,99.66699981689453,2.2760000228881836
2026-05-16 09:40:48,190.11000061035156,98.95899963378906,2.5959999561309814
2026-05-16 09:45:50,205.3260040283203,99.69999694824219,2.825000047683716
2026-05-16 09:50:52,220.6529998779297,100.0790023803711,3.046999931335449
2026-05-16 09:55:54,224.68600463867188,100.1510009765625,3.1050000190734863
2026-05-16 10:00:56,234.10499572753906,99.96700286865234,3.2300000190734863
2026-05-16 10:05:58,263.7349853515625,99.1729965209961,3.6089999675750732
2026-05-16 10:11:00,295.135986328125,98.91699981689453,4.0289998054504395
2026-05-16 10:16:02,333.3030090332031,98.4739990234375,4.5289998054504395
2026-05-16 10:21:04,347.989013671875,98.22100067138672,4.7170000076293945
2026-05-16 10:26:06,409.7349853515625,98.97000122070312,5.5960001945495605
2026-05-16 10:31:08,465.72601318359375,98.64900207519531,6.340000152587891
2026-05-16 10:36:09,433.49700927734375,98.00800323486328,5.86299991607666
2026-05-16 10:41:11,365.36700439453125,100.17900085449219,5.051000118255615
2026-05-16 10:46:13,357.5220031738281,100.40799713134766,4.953999996185303
2026-05-16 10:51:15,351.5679931640625,100.74700164794922,4.888000011444092
2026-05-16 10:56:17,331.177001953125,100.83599853515625,4.607999801635742
2026-05-16 11:01:19,312.5459899902344,100.38300323486328,4.329999923706055
2026-05-16 11:06:21,319.47698974609375,101.69200134277344,4.482999801635742
2026-05-16 11:11:23,260.989990234375,101.76399993896484,3.6649999618530273
2026-05-16 11:16:25,312.67999267578125,103.68699645996094,4.473999977111816
2026-05-16 11:21:27,315.84698486328125,102.03900146484375,4.447999954223633
2026-05-16 11:26:29,296.6579895019531,101.25,4.144999980926514
2026-05-16 11:31:31,444.37701416015625,94.21800231933594,5.7779998779296875
2026-05-16 11:36:33,403.2799987792969,103.22699737548828,5.744999885559082
2026-05-16 11:41:35,424.5369873046875,103.72200012207031,6.077000141143799
2026-05-16 11:46:37,458.37298583984375,103.86599731445312,6.570000171661377
2026-05-16 11:51:39,651.7670288085938,100.7770004272461,9.064000129699707
2026-05-16 11:56:41,662.0960083007812,103.68599700927734,9.473999977111816
2026-05-16 12:01:43,813.3809814453125,104.06600189208984,11.680999755859375
2026-05-16 12:06:45,565.9819946289062,102.21800231933594,7.984000205993652
2026-05-16 12:11:47,594.7540283203125,111.0790023803711,9.116999626159668
2026-05-16 12:16:49,465.77398681640625,101.25800323486328,6.508999824523926
2026-05-16 12:21:51,762.155029296875,115.53500366210938,12.152000427246094
2026-05-16 12:26:53,651.1610107421875,115.38999938964844,10.369000434875488
2026-05-16 12:31:55,1289.364990234375,98.22200012207031,17.476999282836914
2026-05-16 12:36:57,603.7620239257812,110.45600128173828,9.20300006866455
2026-05-16 12:41:59,451.8450012207031,105.27899932861328,6.565000057220459
2026-05-16 12:47:01,1486.79296875,102.0260009765625,20.93400001525879
2026-05-16 12:52:03,1373.3260498046875,106.10399627685547,20.108999252319336
2026-05-16 12:57:05,1166.7060546875,108.84200286865234,17.52400016784668
2026-05-16 13:02:07,598.2059936523438,120.64099884033203,9.958999633789062
2026-05-16 13:07:09,1214.697021484375,111.70700073242188,18.725000381469727
2026-05-16 13:12:11,1217.9449462890625,111.87999725341797,18.804000854492188
2026-05-16 13:17:13,1191.9019775390625,112.19499969482422,18.45400047302246
2026-05-16 13:22:15,1179.7669677734375,112.99199676513672,18.395999908447266
2026-05-16 13:45:58,1250.7679443359375,112.71800231933594,19.45599937438965
2026-05-16 13:51:00,1307.237060546875,111.40399932861328,20.097000122070312
2026-05-16 13:56:01,290.385986328125,115.38700103759766,4.624000072479248
2026-05-16 14:01:03,1314.001953125,114.65699768066406,20.791000366210938
2026-05-16 14:06:05,1199.68896484375,114.04499816894531,18.881000518798828
2026-05-16 14:11:07,623.301025390625,164.7570037841797,14.17199993133545
2026-05-16 14:16:09,1247.9169921875,114.78299713134766,19.767000198364258
2026-05-16 14:21:11,177.7530059814453,113.88700103759766,2.7939999103546143
2026-05-16 14:26:13,181.89300537109375,113.41000366210938,2.8469998836517334
2026-05-16 14:31:15,191.76699829101562,113.78800201416016,3.010999917984009
2026-05-16 14:36:17,246.55099487304688,113.83200073242188,3.872999906539917
2026-05-16 14:41:19,612.5280151367188,141.50799560546875,11.961999893188477
2026-05-16 14:46:21,291.2130126953125,112.54399871826172,4.5229997634887695
2026-05-16 14:51:23,226.49899291992188,113.87000274658203,3.559000015258789
2026-05-16 14:56:25,208.1580047607422,113.66999816894531,3.265000104904175
2026-05-16 15:01:27,163.80999755859375,111.11799621582031,2.51200008392334
2026-05-16 15:06:29,151.43499755859375,110.61299896240234,2.312000036239624
2026-05-16 15:11:31,174.46499633789062,111.18000030517578,2.677000045776367
2026-05-16 15:16:33,334.5870056152344,119.1520004272461,5.501999855041504
2026-05-16 15:21:35,1172.5989990234375,108.37899780273438,17.538000106811523
2026-05-16 15:26:37,627.1090087890625,82.87000274658203,7.171999931335449
2026-05-16 15:31:39,209.4770050048828,113.15399932861328,3.2709999084472656
2026-05-16 15:36:41,199.88099670410156,116.4010009765625,3.2109999656677246
2026-05-16 15:41:43,141.3419952392578,115.30999755859375,2.249000072479248
2026-05-16 15:46:45,123.27799987792969,112.26699829101562,1.909999966621399
2026-05-16 15:51:47,117.88999938964844,112.34200286865234,1.8279999494552612
2026-05-16 15:56:49,121.5770034790039,111.9209976196289,1.878000020980835
2026-05-16 16:01:51,127.41300201416016,108.70899963378906,1.9110000133514404
2026-05-16 16:06:53,154.93499755859375,105.11199951171875,2.246999979019165
2026-05-16 16:11:55,305.1679992675781,121.80799865722656,5.130000114440918
2026-05-16 16:16:57,354.77899169921875,97.41400146484375,4.769000053405762
2026-05-16 16:21:59,892.3359985351562,100.96199798583984,12.432999610900879
2026-05-16 16:27:01,748.3150024414062,108.25599670410156,11.178999900817871
2026-05-16 16:32:03,925.1110229492188,98.99299621582031,12.637999534606934
2026-05-16 16:37:05,195.05099487304688,107.7040023803711,2.8989999294281006
2026-05-16 16:42:07,812.3380126953125,88.53099822998047,9.925000190734863
2026-05-16 16:47:09,186.21499633789062,107.27899932861328,2.756999969482422
2026-05-16 16:52:11,150.5330047607422,109.96600341796875,2.2839999198913574
2026-05-16 16:57:13,126.72699737548828,111.66999816894531,1.9529999494552612
2026-05-16 17:02:15,233.64999389648438,99.98100280761719,3.2239999771118164
2026-05-16 17:07:17,651.8469848632812,94.13999938964844,8.468000411987305
2026-05-16 17:12:19,160.7790069580078,166.55499267578125,3.694999933242798
2026-05-16 17:17:21,134.2740020751953,106.19499969482422,1.968000054359436
2026-05-16 17:22:23,148.51699829101562,108.16600036621094,2.2170000076293945
2026-05-16 17:27:25,158.0070037841797,107.75299835205078,2.3499999046325684
2026-05-16 17:32:27,183.7760009765625,106.69100189208984,2.7060000896453857
2026-05-16 17:37:29,165.06500244140625,108.49400329589844,2.4709999561309814
2026-05-16 17:42:31,182.5489959716797,107.50700378417969,2.7079999446868896
2026-05-16 17:47:33,187.64999389648438,106.86100006103516,2.7669999599456787
2026-05-16 17:52:35,170.54400634765625,110.04100036621094,2.5899999141693115
2026-05-16 17:57:37,134.23699951171875,106.70600128173828,1.9769999980926514
2026-05-16 18:02:39,102.60299682617188,108.59500122070312,1.5379999876022339
2026-05-16 18:07:40,84.34300231933594,107.15399932861328,1.246999979019165
2026-05-16 18:12:42,68.33599853515625,105.38200378417969,0.9940000176429749
2026-05-16 18:17:44,58.68299865722656,110.75700378417969,0.8970000147819519
2026-05-16 18:22:46,58.090999603271484,112.4010009765625,0.9010000228881836
2026-05-16 18:27:48,58.297000885009766,109.65899658203125,0.8820000290870667
2026-05-16 18:32:50,53.32099914550781,112.53299713134766,0.828000009059906
2026-05-16 18:37:52,50.340999603271484,110.5790023803711,0.7680000066757202
2026-05-16 18:42:54,47.551998138427734,108.9540023803711,0.7149999737739563
2026-05-16 18:47:56,46.85499954223633,113.59500122070312,0.7350000143051147
2026-05-16 18:52:58,50.77299880981445,108.45500183105469,0.7599999904632568
2026-05-16 18:58:00,55.89799880981445,104.10600280761719,0.8029999732971191
2026-05-16 19:03:02,52.500999450683594,108.8499984741211,0.7889999747276306
2026-05-16 19:08:04,48.448001861572266,106.01000213623047,0.7089999914169312
2026-05-16 19:13:06,48.08000183105469,110.09100341796875,0.7300000190734863
2026-05-16 19:18:08,45.24599838256836,108.22599792480469,0.6759999990463257
2026-05-16 19:23:10,43.582000732421875,104.90599822998047,0.6309999823570251
2026-05-16 19:28:12,42.89799880981445,106.76200103759766,0.6320000290870667
2026-05-16 19:33:14,42.60100173950195,105.73300170898438,0.621999979019165
2026-05-16 19:38:16,43.30500030517578,111.12899780273438,0.6639999747276306
2026-05-16 19:43:18,39.72600173950195,107.76699829101562,0.5910000205039978
2026-05-16 19:48:20,35.479000091552734,100.61100006103516,0.49300000071525574
2026-05-16 19:53:22,32.45500183105469,103.0770034790039,0.4620000123977661
2026-05-16 19:58:24,34.11899948120117,94.6500015258789,0.44600000977516174
2026-05-16 20:03:26,28.756999969482422,82.70899963378906,0.328000009059906
2026-05-16 20:08:28,25.08099937438965,108.677001953125,0.37599998712539673
2026-05-16 20:13:30,23.014999389648438,88.98300170898438,0.28299999237060547
2026-05-16 20:18:32,21.84000015258789,98.59500122070312,0.296999990940094
2026-05-16 20:23:34,18.49799919128418,105.33100128173828,0.26899999380111694
2026-05-16 20:28:36,16.645000457763672,91.31199645996094,0.20999999344348907
2026-05-16 20:33:38,14.86400032043457,92.3010025024414,0.1889999955892563
2026-05-16 20:38:40,11.557999610900879,119.9219970703125,0.19099999964237213
2026-05-16 20:43:42,9.359999656677246,79.97100067138672,0.10300000011920929
2026-05-16 20:48:44,6.544000148773193,1.1640000343322754,0.0010000000474974513
2026-05-16 20:53:46,3.76200008392334,0.7250000238418579,0.0
2026-05-16 20:58:48,2.11899995803833,0.7990000247955322,0.0
2026-05-17 06:03:36,2.11899995803833,0.7990000247955322,0.0
2026-05-17 06:08:38,7.609000205993652,60.154998779296875,0.06300000101327896
2026-05-17 06:13:40,9.401000022888184,76.81500244140625,0.10000000149011612
2026-05-17 06:18:42,11.717000007629395,82.02899932861328,0.13300000131130219
2026-05-17 06:23:44,14.409000396728516,82.43299865722656,0.164000004529953
2026-05-17 06:28:46,17.29800033569336,80.98899841308594,0.19300000369548798
2026-05-17 06:33:48,20.03700065612793,73.85299682617188,0.20399999618530273
2026-05-17 06:38:50,21.93600082397461,80.08799743652344,0.24199999868869781
2026-05-17 06:43:52,24.791000366210938,76.5989990234375,0.2619999945163727
2026-05-17 06:48:54,26.959999084472656,80.37699890136719,0.29899999499320984
2026-05-17 06:53:56,28.91900062561035,79.10700225830078,0.3160000145435333
2026-05-17 06:58:58,30.53499984741211,78.1259994506836,0.32899999618530273
2026-05-17 07:04:00,32.74700164794922,80.10099792480469,0.3619999885559082
2026-05-17 07:09:02,34.39799880981445,82.63600158691406,0.3919999897480011
2026-05-17 07:14:04,36.345001220703125,83.86199951171875,0.42100000381469727
2026-05-17 07:19:06,38.277000427246094,83.58599853515625,0.44200000166893005
2026-05-17 07:24:08,40.18899917602539,83.46099853515625,0.46299999952316284
2026-05-17 07:29:10,42.43899917602539,80.21099853515625,0.4699999988079071
2026-05-17 07:34:12,142.56700134277344,25.90399932861328,0.5099999904632568
2026-05-17 07:39:14,154.85299682617188,26.033000946044922,0.5559999942779541
2026-05-17 07:44:16,199.3489990234375,21.10099983215332,0.5799999833106995
2026-05-17 07:49:18,212.6790008544922,31.590999603271484,0.9269999861717224
2026-05-17 07:54:20,234.70899963378906,46.57400131225586,1.5089999437332153
2026-05-17 07:59:22,258.2669982910156,23.10099983215332,0.8230000138282776
2026-05-17 08:04:24,282.2330017089844,38.41299819946289,1.496000051498413
2026-05-17 08:09:26,303.7900085449219,55.62300109863281,2.3320000171661377
2026-05-17 08:14:28,340.48199462890625,58.27799987792969,2.73799991607666
2026-05-17 08:19:30,360.5509948730469,62.124000549316406,3.0910000801086426
2026-05-17 08:24:32,390.5920104980469,64.81199645996094,3.493000030517578
2026-05-17 08:29:34,373.9129943847656,69.31300354003906,3.5769999027252197
2026-05-17 08:34:36,448.9419860839844,70.41699981689453,4.36299991607666
2026-05-17 08:39:38,485.2980041503906,72.69599914550781,4.86899995803833
2026-05-17 08:44:40,512.281005859375,74.4489974975586,5.263000011444092
2026-05-17 08:49:42,497.8160095214844,77.28900146484375,5.309999942779541
2026-05-17 08:54:44,417.69000244140625,80.96199798583984,4.666999816894531
2026-05-17 08:59:46,305.45098876953125,84.88700103759766,3.578000068664551
2026-05-17 09:04:48,352.02301025390625,88.64800262451172,4.306000232696533
2026-05-17 09:09:50,356.4230041503906,83.15399932861328,4.090000152587891
2026-05-17 09:14:52,314.15301513671875,94.0739974975586,4.078000068664551
2026-05-17 09:19:54,295.0509948730469,88.8489990234375,3.618000030517578
2026-05-17 09:24:56,288.2449951171875,91.19400024414062,3.627000093460083
2026-05-17 09:29:57,454.35198974609375,86.04299926757812,5.394999980926514
2026-05-17 09:34:59,423.989013671875,93.44400024414062,5.4670000076293945
2026-05-17 09:40:01,363.2250061035156,90.50499725341797,4.5370001792907715
2026-05-17 09:45:03,318.80499267578125,90.95600128173828,4.001999855041504
2026-05-17 09:50:05,445.7760009765625,91.02799987792969,5.599999904632568
2026-05-17 09:55:07,549.9769897460938,90.5790023803711,6.875
2026-05-17 10:00:09,673.6209716796875,89.97699737548828,8.36400032043457
2026-05-17 10:05:11,611.8510131835938,92.23999786376953,7.788000106811523
2026-05-17 10:10:13,550.7630004882812,92.70600128173828,7.046000003814697
2026-05-17 10:15:15,525.35302734375,94.01000213623047,6.815999984741211
2026-05-17 10:20:17,639.8079833984375,88.02100372314453,7.771999835968018
2026-05-17 10:25:19,613.531005859375,89.66500091552734,7.5920000076293945
2026-05-17 10:30:21,676.6649780273438,94.0270004272461,8.779999732971191
2026-05-17 10:35:23,810.2449951171875,91.91200256347656,10.277000427246094
2026-05-17 10:40:25,806.3569946289062,96.69200134277344,10.760000228881836
2026-05-17 10:45:27,752.8590087890625,92.45800018310547,9.605999946594238
2026-05-17 10:50:29,837.8670043945312,97.28099822998047,11.248000144958496
2026-05-17 10:55:31,845.958984375,98.58300018310547,11.508999824523926
2026-05-17 11:00:33,851.2340087890625,98.65599822998047,11.58899974822998
2026-05-17 11:05:35,918.385986328125,98.79399871826172,12.520999908447266
2026-05-17 11:10:37,945.43701171875,98.8499984741211,12.897000312805176
2026-05-17 11:15:39,953.0059814453125,100.81900024414062,13.258999824523926
2026-05-17 11:20:41,966.3140258789062,101.43599700927734,13.527000427246094
2026-05-17 11:25:43,983.1220092773438,103.31400299072266,14.017000198364258
2026-05-17 11:30:45,991.3619995117188,104.74500274658203,14.329999923706055
2026-05-17 11:35:47,1000.43701171875,105.59200286865234,14.57800006866455
2026-05-17 11:40:49,1014.89599609375,106.3270034790039,14.892000198364258
2026-05-17 11:45:51,1022.2490234375,107.0479965209961,15.10099983215332
2026-05-17 11:50:53,1044.6259765625,107.53800201416016,15.501999855041504
2026-05-17 11:55:55,1051.508056640625,109.26699829101562,15.855999946594238
2026-05-17 12:00:57,1023.9149780273438,110.53199768066406,15.618000030517578
2026-05-17 12:05:59,1014.5009765625,110.64700317382812,15.491000175476074
2026-05-17 12:11:01,1123.2430419921875,110.51899719238281,17.131000518798828
2026-05-17 12:16:03,1040.3499755859375,113.06800079345703,16.232999801635742
2026-05-17 12:21:05,744.6829833984375,104.52300262451172,10.741000175476074
2026-05-17 12:26:07,1101.8609619140625,113.18199920654297,17.209999084472656
2026-05-17 12:31:09,1129.06494140625,111.53600311279297,17.378999710083008
2026-05-17 12:36:11,1159.2750244140625,113.822998046875,18.208999633789062
2026-05-17 12:41:13,1004.166015625,109.06400299072266,15.11299991607666
2026-05-17 12:46:15,925.97900390625,113.26499938964844,14.473999977111816
2026-05-17 12:51:17,842.2470092773438,111.34500122070312,12.942000389099121
2026-05-17 12:56:19,886.6060180664062,110.28500366210938,13.494000434875488
2026-05-17 13:01:21,868.39501953125,115.73400115966797,13.869000434875488
2026-05-17 13:06:23,602.8909912109375,117.70999908447266,9.793000221252441
2026-05-17 13:11:25,593.3870239257812,108.08399963378906,8.85099983215332
2026-05-17 13:16:27,690.7849731445312,111.3280029296875,10.61299991607666
2026-05-17 13:21:29,799.426025390625,116.44100189208984,12.845999717712402
2026-05-17 13:45:07,485.67999267578125,114.1989974975586,7.6539998054504395
2026-05-17 13:50:09,500.6969909667969,113.51799774169922,7.843999862670898
2026-05-17 13:55:11,483.552001953125,114.20800018310547,7.620999813079834
2026-05-17 14:00:13,465.3210144042969,113.18099975585938,7.26800012588501
2026-05-17 14:05:15,501.3169860839844,113.55400085449219,7.855999946594238
2026-05-17 14:10:17,630.1329956054688,113.12699890136719,9.836999893188477
2026-05-17 14:15:19,637.6290283203125,114.34400177001953,10.060999870300293
2026-05-17 14:20:21,768.4749755859375,114.73999786376953,12.168000221252441
2026-05-17 14:25:23,761.72998046875,114.69200134277344,12.055999755859375
2026-05-17 14:30:25,593.7529907226562,113.05400085449219,9.262999534606934
2026-05-17 14:35:27,595.5250244140625,112.85299682617188,9.274999618530273
2026-05-17 14:40:29,573.6690063476562,111.19400024414062,8.803000450134277
2026-05-17 14:45:31,521.697998046875,113.66699981689453,8.182999610900879
2026-05-17 14:50:33,502.9259948730469,110.16200256347656,7.645999908447266
2026-05-17 14:55:35,628.02099609375,113.33200073242188,9.821999549865723
2026-05-17 15:00:37,615.885986328125,111.13800048828125,9.446000099182129
2026-05-17 15:05:39,609.531005859375,109.60199737548828,9.218999862670898
2026-05-17 15:10:41,502.46600341796875,113.06400299072266,7.840000152587891
2026-05-17 15:15:43,478.70599365234375,112.00800323486328,7.39900016784668
2026-05-17 15:20:45,488.9389953613281,111.59500122070312,7.53000020980835
2026-05-17 15:25:47,409.7829895019531,113.41500091552734,6.414000034332275
2026-05-17 15:30:49,426.8299865722656,112.2750015258789,6.61299991607666
2026-05-17 15:35:51,378.54901123046875,112.98899841308594,5.9029998779296875
2026-05-17 15:40:53,313.2139892578125,110.9280014038086,4.795000076293945
2026-05-17 15:45:55,396.3089904785156,107.77799987792969,5.894000053405762
2026-05-17 15:50:57,378.427001953125,107.88300323486328,5.633999824523926
2026-05-17 15:55:59,514.5759887695312,103.24199676513672,7.330999851226807
2026-05-17 16:01:01,797.208984375,103.052001953125,11.336999893188477
2026-05-17 16:06:03,856.3289794921875,101.12300109863281,11.949999809265137
2026-05-17 16:11:05,815.5980224609375,99.72100067138672,11.223999977111816
2026-05-17 16:16:07,794.10498046875,98.89299774169922,10.836999893188477
2026-05-17 16:21:09,779.64599609375,98.2490005493164,10.571000099182129
2026-05-17 16:26:11,774.635009765625,98.02400207519531,10.479000091552734
2026-05-17 16:31:13,402.7149963378906,103.22200012207031,5.736999988555908
2026-05-17 16:36:15,806.8709716796875,96.84600067138672,10.784000396728516
2026-05-17 16:41:17,759.4310302734375,97.7969970703125,10.24899959564209
2026-05-17 16:46:19,675.1859741210938,95.0510025024414,8.855999946594238
2026-05-17 16:51:21,654.3660278320312,94.45800018310547,8.529999732971191
2026-05-17 16:56:22,640.0889892578125,93.20899963378906,8.232999801635742
2026-05-17 17:01:24,623.1179809570312,92.38500213623047,7.943999767303467
2026-05-17 17:06:26,606.1740112304688,91.80400085449219,7.679999828338623
2026-05-17 17:11:28,592.14599609375,90.96700286865234,7.433000087738037
2026-05-17 17:16:30,587.343994140625,89.45099639892578,7.25
2026-05-17 17:21:32,581.8880004882812,88.64099884033203,7.118000030517578
2026-05-17 17:26:34,456.13299560546875,106.91000366210938,6.730000019073486
2026-05-17 17:31:36,444.1189880371094,80.49700164794922,4.934000015258789
2026-05-17 17:36:38,392.52099609375,83.81999969482422,4.539999961853027
2026-05-17 17:41:40,440.7300109863281,75.26799774169922,4.578000068664551
2026-05-17 17:46:42,478.635009765625,86.22200012207031,5.695000171661377
2026-05-17 17:51:44,412.2690124511719,87.38899993896484,4.9720001220703125
2026-05-17 17:56:46,252.6540069580078,129.80299377441406,4.526000022888184
2026-05-17 18:01:48,252.63499450683594,59.44200134277344,2.072000026702881
2026-05-17 18:06:50,102.48200225830078,302.42999267578125,4.2769999504089355
2026-05-17 18:11:52,78.72000122070312,360.02801513671875,3.9110000133514404
2026-05-17 18:16:54,66.62899780273438,356.8900146484375,3.2820000648498535
2026-05-17 18:21:56,52.244998931884766,425.90301513671875,3.071000099182129
2026-05-17 18:26:58,50.95500183105469,363.34600830078125,2.555000066757202
2026-05-17 18:32:00,51.698001861572266,119.8270034790039,0.8550000190734863
2026-05-17 18:37:02,48.125,122.33899688720703,0.8119999766349792
2026-05-17 18:42:04,46.90999984741211,122.5989990234375,0.7940000295639038
2026-05-17 18:47:06,46.01100158691406,120.79900360107422,0.7670000195503235
2026-05-17 18:52:08,45.207000732421875,117.68499755859375,0.734000027179718
2026-05-17 18:57:10,46.481998443603516,119.74199676513672,0.7680000066757202
2026-05-17 19:02:12,47.36000061035156,119.03600311279297,0.777999997138977
2026-05-17 19:07:14,49.270999908447266,115.19999694824219,0.7829999923706055
2026-05-17 19:12:16,54.58700180053711,114.25900268554688,0.8610000014305115
2026-05-17 19:17:18,53.39799880981445,112.4209976196289,0.828000009059906
2026-05-17 19:22:20,44.641998291015625,117.74600219726562,0.7250000238418579
2026-05-17 19:27:22,39.80099868774414,116.96099853515625,0.6420000195503235
2026-05-17 19:32:24,37.14699935913086,113.74600219726562,0.5830000042915344
2026-05-17 19:37:26,35.33300018310547,117.34300231933594,0.5720000267028809
2026-05-17 19:42:28,31.864999771118164,119.42500305175781,0.5249999761581421
2026-05-17 19:47:30,27.461000442504883,127.04000091552734,0.48100000619888306
2026-05-17 19:52:32,24.941999435424805,133.2740020751953,0.45899999141693115
2026-05-17 19:57:34,22.69499969482422,127.5260009765625,0.39899998903274536
2026-05-17 20:02:36,20.905000686645508,117.21399688720703,0.33799999952316284
2026-05-17 20:07:38,19.204999923706055,115.63200378417969,0.3059999942779541
2026-05-17 20:12:40,18.19499969482422,130.6820068359375,0.328000009059906
2026-05-17 20:17:42,16.232999801635742,107.75299835205078,0.2409999966621399
2026-05-17 20:22:44,15.098999977111816,123.28299713134766,0.25699999928474426
2026-05-17 20:27:46,12.86400032043457,127.76000213623047,0.22699999809265137
2026-05-17 20:32:48,10.375,128.66600036621094,0.18400000035762787
2026-05-17 20:37:50,8.112000465393066,153.9499969482422,0.1720000058412552
2026-05-17 20:42:52,6.006999969482422,53.88800048828125,0.04500000178813934
2026-05-17 20:47:54,4.113999843597412,1.2719999551773071,0.0010000000474974513
2026-05-17 20:52:56,2.806999921798706,0.9380000233650208,0.0
2026-05-17 20:57:58,1.687000036239624,1.8289999961853027,0.0
2026-05-17 21:03:00,0.7200000286102295,1.1180000305175781,0.0
2026-05-18 06:01:50,0.7200000286102295,1.1180000305175781,0.0
2026-05-18 06:06:52,2.234999895095825,0.7570000290870667,0.0
2026-05-18 06:11:54,3.8989999294281006,0.6990000009536743,0.0
2026-05-18 06:16:56,3.687000036239624,0.9520000219345093,0.0
2026-05-18 06:21:58,3.9769999980926514,0.9860000014305115,0.0010000000474974513
2026-05-18 06:27:00,6.185999870300293,0.6399999856948853,0.0010000000474974513
2026-05-18 06:32:02,6.414000034332275,17.24799919128418,0.014999999664723873
2026-05-18 06:37:04,4.64900016784668,0.7329999804496765,0.0
2026-05-18 06:42:06,4.242000102996826,0.9639999866485596,0.0010000000474974513
2026-05-18 06:47:08,4.494999885559082,0.8009999990463257,0.0
2026-05-18 06:52:10,6.145999908447266,0.8370000123977661,0.0010000000474974513
2026-05-18 06:57:12,10.76099967956543,72.4260025024414,0.1080000028014183
2026-05-18 07:02:14,11.062999725341797,62.527000427246094,0.0949999988079071
2026-05-18 07:07:16,14.430000305175781,66.02100372314453,0.13099999725818634
2026-05-18 07:12:18,11.545000076293945,66.38999938964844,0.10599999874830246
2026-05-18 07:17:20,8.944000244140625,62.0,0.07699999958276749
2026-05-18 07:22:22,7.988999843597412,75.00800323486328,0.08299999684095383
2026-05-18 07:27:24,7.769000053405762,51.084999084472656,0.054999999701976776
2026-05-18 07:32:26,9.553999900817871,67.38300323486328,0.08900000154972076
2026-05-18 07:37:28,11.668999671936035,74.4010009765625,0.11999999731779099
2026-05-18 07:42:30,23.816999435424805,70.01200103759766,0.23000000417232513
2026-05-18 07:47:32,41.49300003051758,73.08499908447266,0.4180000126361847
2026-05-18 07:52:34,43.99100112915039,67.8219985961914,0.41200000047683716
2026-05-18 07:57:36,43.867000579833984,69.64600372314453,0.421999990940094
2026-05-18 08:02:38,56.354000091552734,68.6780014038086,0.5339999794960022
2026-05-18 08:07:40,43.02199935913086,77.0,0.4569999873638153
2026-05-18 08:12:42,26.76300048828125,74.83799743652344,0.2759999930858612
2026-05-18 08:17:44,23.88599967956543,76.31800079345703,0.25200000405311584
2026-05-18 08:22:46,26.64699935913086,80.35900115966797,0.29600000381469727
2026-05-18 08:27:48,39.56999969482422,78.87000274658203,0.4309999942779541
2026-05-18 08:32:50,26.2189998626709,87.35800170898438,0.3160000145435333
2026-05-18 08:37:52,22.525999069213867,84.28700256347656,0.2619999945163727
2026-05-18 08:42:54,21.882999420166016,89.08799743652344,0.26899999380111694
2026-05-18 08:47:56,13.149999618530273,88.26200103759766,0.1599999964237213
2026-05-18 08:52:57,16.325000762939453,96.9020004272461,0.21799999475479126
2026-05-18 08:57:59,30.246999740600586,82.81199645996094,0.34599998593330383
2026-05-18 09:03:01,66.7020034790039,81.1500015258789,0.746999979019165
2026-05-18 09:08:03,94.36100006103516,87.49199676513672,1.1390000581741333
2026-05-18 09:13:05,103.66600036621094,85.94400024414062,1.2300000190734863
2026-05-18 09:18:07,77.97899627685547,87.45700073242188,0.9409999847412109
2026-05-18 09:23:09,73.7229995727539,87.14600372314453,0.8870000243186951
2026-05-18 09:28:11,63.6879997253418,92.52400207519531,0.8130000233650208
2026-05-18 09:33:13,69.44499969482422,89.11599731445312,0.8539999723434448
2026-05-18 09:38:15,76.03199768066406,88.56999969482422,0.9290000200271606
2026-05-18 09:43:17,46.500999450683594,99.69100189208984,0.6399999856948853
2026-05-18 09:48:19,33.874000549316406,97.73500061035156,0.4569999873638153
2026-05-18 09:53:21,26.792999267578125,94.8550033569336,0.35100001096725464
2026-05-18 09:58:23,29.371000289916992,99.29000091552734,0.4020000100135803
2026-05-18 10:03:25,43.191001892089844,98.40399932861328,0.5870000123977661
2026-05-18 10:08:27,41.685001373291016,102.1760025024414,0.5879999995231628
2026-05-18 10:13:29,38.91400146484375,101.96800231933594,0.5479999780654907
2026-05-18 10:18:31,37.25,96.23300170898438,0.4950000047683716
2026-05-18 10:23:33,38.15800094604492,105.87699890136719,0.5580000281333923
2026-05-18 10:28:35,24.238000869750977,98.28399658203125,0.32899999618530273
2026-05-18 10:33:37,20.996999740600586,104.5479965209961,0.30300000309944153
2026-05-18 10:38:39,47.7599983215332,108.61299896240234,0.7160000205039978
2026-05-18 10:43:41,104.96700286865234,104.34100341796875,1.5110000371932983
2026-05-18 10:48:43,69.58399963378906,95.46199798583984,0.9169999957084656
2026-05-18 10:53:45,52.013999938964844,105.44499969482422,0.7570000290870667
2026-05-18 10:58:47,53.577999114990234,109.10299682617188,0.8069999814033508
2026-05-18 11:03:49,51.09000015258789,102.69599914550781,0.7239999771118164
2026-05-18 11:08:51,32.27399826049805,114.83000183105469,0.5109999775886536
2026-05-18 11:13:53,21.360000610351562,109.55599975585938,0.3230000138282776
2026-05-18 11:18:55,23.89699935913086,108.5770034790039,0.3580000102519989
2026-05-18 11:23:57,16.79800033569336,115.62300109863281,0.2680000066757202
2026-05-18 11:28:59,13.770999908447266,111.80699920654297,0.21199999749660492
2026-05-18 11:34:01,24.257999420166016,117.72100067138672,0.39399999380111694
2026-05-18 11:39:03,39.02399826049805,122.28199768066406,0.6589999794960022
2026-05-18 11:44:05,33.40599822998047,107.85299682617188,0.4970000088214874
2026-05-18 11:49:07,53.37799835205078,104.97899627685547,0.7730000019073486
2026-05-18 11:54:09,82.70899963378906,104.15699768066406,1.1890000104904175
2026-05-18 11:59:11,94.2969970703125,105.71299743652344,1.3760000467300415
2026-05-18 12:04:13,131.6219940185547,107.21499633789062,1.9470000267028809
2026-05-18 12:09:15,283.9859924316406,103.197998046875,4.044000148773193
2026-05-18 12:14:17,370.24700927734375,119.8030014038086,6.120999813079834
2026-05-18 12:19:19,215.93099975585938,97.73400115966797,2.9119999408721924
2026-05-18 12:24:21,365.4540100097656,101.46600341796875,5.117000102996826
2026-05-18 12:29:23,332.11700439453125,97.51799774169922,4.468999862670898
2026-05-18 12:34:25,306.8389892578125,101.98600006103516,4.317999839782715
2026-05-18 12:39:26,196.18499755859375,102.375,2.7720000743865967
2026-05-18 12:44:28,223.67100524902344,100.81700134277344,3.111999988555908
2026-05-18 12:49:30,406.9419860839844,101.18199920654297,5.682000160217285
2026-05-18 12:54:32,780.447998046875,125.08300018310547,13.472000122070312
2026-05-18 12:59:34,467.4129943847656,100.67400360107422,6.49399995803833
2026-05-18 13:04:36,925.8880004882812,100.4000015258789,12.82800006866455
2026-05-18 13:09:38,1098.5989990234375,101.63999938964844,15.409000396728516
2026-05-18 13:14:40,1085.7530517578125,105.4000015258789,15.793000221252441
2026-05-18 13:19:42,1005.1950073242188,106.18399810791016,14.729999542236328
2026-05-18 13:43:16,543.1409912109375,103.74299621582031,7.776000022888184
2026-05-18 13:48:18,340.6289978027344,104.66100311279297,4.920000076293945
2026-05-18 13:53:20,213.4029998779297,110.8550033569336,3.265000104904175
2026-05-18 13:58:22,166.5050048828125,109.61900329589844,2.5190000534057617
2026-05-18 14:03:24,167.26400756835938,112.56999969482422,2.5980000495910645
2026-05-18 14:08:26,132.19000244140625,113.08399963378906,2.062999963760376
2026-05-18 14:13:28,121.8290023803711,113.73699951171875,1.9119999408721924
2026-05-18 14:18:30,86.1510009765625,116.86000061035156,1.3890000581741333
2026-05-18 14:23:32,62.433998107910156,126.17400360107422,1.0870000123977661
2026-05-18 14:28:34,52.18299865722656,134.6320037841797,0.9700000286102295
2026-05-18 14:33:36,65.32099914550781,123.16000366210938,1.1100000143051147
2026-05-18 14:38:38,98.48200225830078,116.63300323486328,1.5850000381469727
2026-05-18 14:43:40,177.177001953125,116.82599639892578,2.8559999465942383
2026-05-18 14:48:42,211.03799438476562,107.8219985961914,3.140000104904175
2026-05-18 14:53:44,235.7100067138672,108.18499755859375,3.5190000534057617
2026-05-18 14:58:46,710.4340209960938,113.09200286865234,11.088000297546387
2026-05-18 15:03:48,495.406005859375,134.21200561523438,9.175999641418457
2026-05-18 15:08:50,395.6960144042969,106.302001953125,5.804999828338623
2026-05-18 15:13:52,277.19500732421875,112.15699768066406,4.289999961853027
2026-05-18 15:18:54,432.72198486328125,182.66799926757812,10.907999992370605
2026-05-18 15:23:56,1074.0689697265625,95.55999755859375,14.163999557495117
2026-05-18 15:28:58,378.3590087890625,82.11499786376953,4.288000106811523
2026-05-18 15:34:00,284.4960021972656,109.25900268554688,4.289999961853027
2026-05-18 15:39:02,531.5380249023438,108.43800354003906,7.953999996185303
2026-05-18 15:44:04,266.8500061035156,107.99800109863281,3.9769999980926514
2026-05-18 15:49:06,252.0229949951172,108.04399871826172,3.757999897003174
2026-05-18 15:54:08,196.25799560546875,107.15399932861328,2.9019999504089355
2026-05-18 15:59:10,118.12300109863281,102.61799621582031,1.6729999780654907
2026-05-18 16:04:12,94.51399993896484,110.0199966430664,1.434999942779541
2026-05-18 16:09:14,73.81500244140625,114.36199951171875,1.1649999618530273
2026-05-18 16:14:16,40.6349983215332,127.22100067138672,0.7129999995231628
2026-05-18 16:19:18,24.756999969482422,126.03700256347656,0.4309999942779541
2026-05-18 16:24:20,25.969999313354492,133.89300537109375,0.47999998927116394
2026-05-18 16:29:22,38.474998474121094,123.27400207519531,0.6549999713897705
2026-05-18 16:34:24,79.91799926757812,119.7770004272461,1.3209999799728394
2026-05-18 16:39:26,135.79400634765625,115.84200286865234,2.1710000038146973
2026-05-18 16:44:28,148.60299682617188,119.38200378417969,2.447999954223633
2026-05-18 16:49:30,93.42400360107422,117.20600128173828,1.5110000371932983
2026-05-18 16:54:32,59.21799850463867,119.3280029296875,0.9750000238418579
2026-05-18 16:59:34,50.35900115966797,118.39399719238281,0.8230000138282776
2026-05-18 17:04:36,45.28900146484375,113.61299896240234,0.7099999785423279
2026-05-18 17:09:38,41.57699966430664,111.87699890136719,0.6420000195503235
2026-05-18 17:14:40,56.77299880981445,118.45899963378906,0.9279999732971191
2026-05-18 17:19:42,134.7519989013672,111.4219970703125,2.072000026702881
2026-05-18 17:24:44,98.87300109863281,105.95999908447266,1.4459999799728394
2026-05-18 17:29:46,51.4010009765625,109.45999908447266,0.7760000228881836
2026-05-18 17:34:48,40.78900146484375,120.54900360107422,0.6790000200271606
2026-05-18 17:39:50,21.878999710083008,112.79499816894531,0.3409999907016754
2026-05-18 17:44:52,14.29699993133545,110.6240005493164,0.21799999475479126
2026-05-18 17:49:54,12.038999557495117,139.88699340820312,0.23199999332427979
2026-05-18 17:54:56,12.130000114440918,116.62699890136719,0.19499999284744263
2026-05-18 17:59:58,15.314000129699707,138.86000061035156,0.2930000126361847
2026-05-18 18:05:00,20.493999481201172,136.75900268554688,0.3869999945163727
2026-05-18 18:10:02,26.256000518798828,117.16300201416016,0.42500001192092896
2026-05-18 18:15:04,42.43899917602539,110.58100128173828,0.6480000019073486
2026-05-18 18:20:06,67.10600280761719,110.05799865722656,1.0190000534057617
2026-05-18 18:25:07,74.11499786376953,108.37300109863281,1.1080000400543213
2026-05-18 18:30:09,121.56099700927734,106.24400329589844,1.781999945640564
2026-05-18 18:35:11,133.1219940185547,102.91100311279297,1.8910000324249268
2026-05-18 18:40:13,103.91799926757812,99.6969985961914,1.4299999475479126
2026-05-18 18:45:15,79.49299621582031,102.6729965209961,1.1260000467300415
2026-05-18 18:50:17,75.8489990234375,104.81800079345703,1.097000002861023
2026-05-18 18:55:19,60.999000549316406,109.2020034790039,0.9190000295639038
2026-05-18 19:00:21,54.86899948120117,106.68800354003906,0.8080000281333923
2026-05-18 19:05:23,51.275001525878906,111.36199951171875,0.7879999876022339
2026-05-18 19:10:25,49.02199935913086,110.35900115966797,0.746999979019165
2026-05-18 19:15:27,57.18600082397461,100.49600219726562,0.7929999828338623
2026-05-18 19:20:29,65.552001953125,104.61100006103516,0.9459999799728394
2026-05-18 19:25:31,60.36800003051758,103.97100067138672,0.8659999966621399
2026-05-18 19:30:33,52.05699920654297,104.35399627685547,0.75
2026-05-18 19:35:35,34.138999938964844,110.2239990234375,0.5189999938011169
2026-05-18 19:40:37,29.246000289916992,108.45899963378906,0.43799999356269836
2026-05-18 19:45:39,46.292999267578125,100.06700134277344,0.6389999985694885
2026-05-18 19:50:41,22.76300048828125,111.35099792480469,0.3499999940395355
2026-05-18 19:55:43,20.05500030517578,104.3280029296875,0.289000004529953
2026-05-18 20:00:45,18.680999755859375,94.54399871826172,0.24400000274181366
2026-05-18 20:05:47,27.29800033569336,100.21499633789062,0.3779999911785126
2026-05-18 20:10:49,26.95800018310547,102.96600341796875,0.382999986410141
2026-05-18 20:15:51,18.60300064086914,113.55699920654297,0.2919999957084656
2026-05-18 20:20:53,15.638999938964844,96.75800323486328,0.20900000631809235
2026-05-18 20:25:55,17.319000244140625,98.2040023803711,0.23499999940395355
2026-05-18 20:30:57,20.733999252319336,94.19599914550781,0.27000001072883606
2026-05-18 20:35:59,16.687999725341797,117.88600158691406,0.2709999978542328
2026-05-18 20:41:01,10.866000175476074,121.35199737548828,0.18199999630451202
2026-05-18 20:46:03,7.567999839782715,130.98699951171875,0.13699999451637268
2026-05-18 20:51:05,5.952000141143799,25.33300018310547,0.020999999716877937
2026-05-18 20:56:07,4.098999977111816,0.9570000171661377,0.0010000000474974513
2026-05-18 21:01:09,2.125999927520752,0.5649999976158142,0.0
2026-05-19 05:50:59,2.125999927520752,0.5649999976158142,0.0
2026-05-19 05:56:01,2.7769999504089355,1.0579999685287476,0.0
2026-05-19 06:01:03,4.085000038146973,0.578000009059906,0.0
2026-05-19 06:06:05,5.664000034332275,0.6759999990463257,0.0010000000474974513
2026-05-19 06:11:07,8.711000442504883,23.87700080871582,0.028999999165534973
2026-05-19 06:16:09,11.4350004196167,47.930999755859375,0.07599999755620956
2026-05-19 06:21:11,13.269000053405762,56.678001403808594,0.10400000214576721
2026-05-19 06:26:13,16.464000701904297,60.41600036621094,0.13699999451637268
2026-05-19 06:31:15,18.843000411987305,54.83300018310547,0.14300000667572021
2026-05-19 06:36:17,24.413999557495117,55.643001556396484,0.18700000643730164
2026-05-19 06:41:19,32.73400115966797,58.13399887084961,0.2630000114440918
2026-05-19 06:46:21,42.209999084472656,60.23099899291992,0.35100001096725464
2026-05-19 06:51:23,43.14099884033203,63.547000885009766,0.3779999911785126
2026-05-19 06:56:25,50.249000549316406,61.27799987792969,0.42500001192092896
2026-05-19 07:01:27,53.55400085449219,63.547000885009766,0.4699999988079071
2026-05-19 07:06:29,58.96500015258789,62.1510009765625,0.5059999823570251
2026-05-19 07:11:31,59.979000091552734,64.98200225830078,0.5379999876022339
2026-05-19 07:16:33,66.73600006103516,66.64299774169922,0.6140000224113464
2026-05-19 07:21:35,60.59199905395508,71.41300201416016,0.597000002861023
2026-05-19 07:26:37,70.55999755859375,68.85700225830078,0.6700000166893005
2026-05-19 07:31:39,82.25499725341797,70.38400268554688,0.7990000247955322
2026-05-19 07:36:41,84.28299713134766,67.51599884033203,0.7850000262260437
2026-05-19 07:41:43,59.13100051879883,72.99600219726562,0.5960000157356262
2026-05-19 07:46:45,82.01599884033203,74.01100158691406,0.8379999995231628
2026-05-19 07:51:47,77.88600158691406,73.08699798583984,0.7860000133514404
2026-05-19 07:56:49,96.77300262451172,76.42400360107422,1.0210000276565552
2026-05-19 08:01:51,118.20800018310547,76.23999786376953,1.24399995803833
2026-05-19 08:06:53,132.4459991455078,73.16000366210938,1.3370000123977661
2026-05-19 08:11:55,166.0019989013672,71.71399688720703,1.6430000066757202
2026-05-19 08:16:57,152.61000061035156,76.95999908447266,1.621000051498413
2026-05-19 08:21:59,131.3990020751953,79.06400299072266,1.434000015258789
2026-05-19 08:27:01,130.57400512695312,81.03900146484375,1.4600000381469727
2026-05-19 08:32:03,149.3990020751953,77.79000091552734,1.6039999723434448
2026-05-19 08:37:05,168.27000427246094,77.87999725341797,1.8079999685287476
2026-05-19 08:42:07,247.2550048828125,71.37300109863281,2.434999942779541
2026-05-19 08:47:09,258.260986328125,71.21299743652344,2.5380001068115234
2026-05-19 08:52:11,287.1499938964844,73.38600158691406,2.9079999923706055
2026-05-19 08:57:13,273.7300109863281,80.50700378417969,3.0409998893737793
2026-05-19 09:02:15,199.5019989013672,85.01000213623047,2.3399999141693115
2026-05-19 09:07:17,252.9010009765625,84.81500244140625,2.9600000381469727
2026-05-19 09:12:18,282.00201416015625,89.81700134277344,3.494999885559082
2026-05-19 09:17:20,330.9549865722656,80.61100006103516,3.681999921798706
2026-05-19 09:22:22,408.177001953125,82.80400085449219,4.664000034332275
2026-05-19 09:27:24,375.81500244140625,87.31300354003906,4.5279998779296875
2026-05-19 09:32:26,466.57598876953125,97.56500244140625,6.2820000648498535
2026-05-19 09:37:28,362.27899169921875,89.96499633789062,4.498000144958496
2026-05-19 09:42:30,481.614013671875,90.197998046875,5.994999885559082
2026-05-19 09:47:32,378.6719970703125,90.47899627685547,4.728000164031982
2026-05-19 09:52:34,379.10198974609375,91.48100280761719,4.785999774932861
2026-05-19 09:57:36,380.8890075683594,90.37000274658203,4.75
2026-05-19 10:02:38,298.9389953613281,95.5469970703125,3.941999912261963
2026-05-19 10:07:40,274.2699890136719,96.83999633789062,3.6649999618530273
2026-05-19 10:12:42,282.5169982910156,97.04299926757812,3.7829999923706055
2026-05-19 10:17:44,246.39700317382812,98.3759994506836,3.3450000286102295
2026-05-19 10:22:46,254.72500610351562,98.74299621582031,3.4709999561309814
2026-05-19 10:27:48,273.3349914550781,98.072998046875,3.6989998817443848
2026-05-19 10:32:50,307.4330139160156,98.7040023803711,4.188000202178955
2026-05-19 10:37:52,256.7170104980469,99.34700012207031,3.5199999809265137
2026-05-19 10:42:54,244.06900024414062,100.95600128173828,3.4000000953674316
2026-05-19 10:47:56,248.093994140625,100.50800323486328,3.440999984741211
2026-05-19 10:52:58,276.5270080566406,99.39900207519531,3.7929999828338623
2026-05-19 10:58:00,346.54901123046875,100.51899719238281,4.807000160217285
2026-05-19 11:03:02,388.7909851074219,99.33000183105469,5.328999996185303
2026-05-19 11:08:04,420.0429992675781,98.5,5.710000038146973
2026-05-19 11:13:06,435.3389892578125,95.70700073242188,5.75
2026-05-19 11:18:08,356.7030029296875,96.66799926757812,4.757999897003174
2026-05-19 11:23:10,471.3299865722656,99.1729965209961,6.451000213623047
2026-05-19 11:28:12,630.8870239257812,98.73899841308594,8.595999717712402
2026-05-19 11:33:14,589.9769897460938,99.55599975585938,8.105999946594238
2026-05-19 11:38:16,646.677001953125,98.11900329589844,8.755999565124512
2026-05-19 11:43:18,697.5789794921875,100.58599853515625,9.682999610900879
2026-05-19 11:48:20,694.4940185546875,101.63899993896484,9.741000175476074
2026-05-19 11:53:22,326.9989929199219,100.01100158691406,4.513000011444092
2026-05-19 11:58:24,639.47900390625,98.81099700927734,8.720000267028809
2026-05-19 12:03:26,761.6820068359375,101.65499877929688,10.6850004196167
2026-05-19 12:08:28,782.072998046875,104.49800109863281,11.277999877929688
2026-05-19 12:13:30,603.3369750976562,106.25900268554688,8.847000122070312
2026-05-19 12:18:32,428.5050048828125,104.93099975585938,6.204999923706055
2026-05-19 12:23:34,509.6990051269531,107.45800018310547,7.558000087738037
2026-05-19 12:28:36,586.5280151367188,104.2760009765625,8.4399995803833
2026-05-19 12:33:38,673.4349975585938,106.24099731445312,9.873000144958496
2026-05-19 12:38:40,582.1849975585938,115.05500030517578,9.244000434875488
2026-05-19 12:43:42,533.0590209960938,102.36100006103516,7.53000020980835
2026-05-19 12:48:44,755.156982421875,111.94400024414062,11.666000366210938
2026-05-19 12:53:46,875.1680297851562,107.54299926757812,12.98799991607666
2026-05-19 12:58:48,452.45001220703125,103.81300354003906,6.48199987411499
2026-05-19 13:03:50,564.5579833984375,115.1050033569336,8.968000411987305
2026-05-19 13:08:52,553.4450073242188,106.81600189208984,8.157999992370605
2026-05-19 13:13:54,496.6419982910156,115.45899963378906,7.913000106811523
2026-05-19 13:18:56,558.5440063476562,109.31300354003906,8.425999641418457
2026-05-19 13:23:58,467.2070007324219,108.19999694824219,6.97599983215332
2026-05-19 13:47:37,284.9630126953125,106.85800170898438,4.202000141143799
2026-05-19 13:52:39,233.1580047607422,107.90599822998047,3.4719998836517334
2026-05-19 13:57:41,199.99099731445312,110.99700164794922,3.062999963760376
2026-05-19 14:02:43,153.64100646972656,112.42900085449219,2.384000062942505
2026-05-19 14:07:45,126.02100372314453,112.79499816894531,1.9620000123977661
2026-05-19 14:12:47,110.677001953125,117.01899719238281,1.7869999408721924
2026-05-19 14:17:49,107.78700256347656,117.72599792480469,1.7510000467300415
2026-05-19 14:22:51,113.65699768066406,115.7699966430664,1.815999984741211
2026-05-19 14:27:53,125.33899688720703,115.32599639892578,1.9950000047683716
2026-05-19 14:32:55,147.12899780273438,113.19499969482422,2.2980000972747803
2026-05-19 14:37:57,180.08900451660156,112.69100189208984,2.8010001182556152
2026-05-19 14:42:59,196.56700134277344,112.94499969482422,3.063999891281128
2026-05-19 14:48:01,194.78399658203125,110.57099914550781,2.9719998836517334
2026-05-19 14:53:03,264.15301513671875,109.50900268554688,3.992000102996826
2026-05-19 14:58:05,465.02899169921875,104.94000244140625,6.734000205993652
2026-05-19 15:03:07,649.9249877929688,105.02799987792969,9.420000076293945
2026-05-19 15:08:09,540.9920043945312,107.95700073242188,8.0600004196167
2026-05-19 15:13:11,573.3359985351562,103.73899841308594,8.208000183105469
2026-05-19 15:18:13,506.60699462890625,103.86299896240234,7.261000156402588
2026-05-19 15:23:15,507.6409912109375,104.63400268554688,7.329999923706055
2026-05-19 15:28:17,407.36199951171875,114.0009994506836,6.408999919891357
2026-05-19 15:33:19,315.7170104980469,107.91200256347656,4.702000141143799
2026-05-19 15:38:21,261.9909973144531,108.09100341796875,3.9079999923706055
2026-05-19 15:43:23,236.27999877929688,106.76799774169922,3.4809999465942383
2026-05-19 15:48:25,213.7209930419922,107.1520004272461,3.1600000858306885
2026-05-19 15:53:27,204.88699340820312,107.91600036621094,3.0510001182556152
2026-05-19 15:58:29,183.61599731445312,109.13200378417969,2.765000104904175
2026-05-19 16:03:31,167.27999877929688,108.27899932861328,2.5
2026-05-19 16:08:33,196.47500610351562,107.95999908447266,2.927000045776367
2026-05-19 16:13:35,200.51499938964844,108.53500366210938,3.003000020980835
2026-05-19 16:18:36,215.5500030517578,107.04399871826172,3.184000015258789
2026-05-19 16:23:38,195.75999450683594,106.2300033569336,2.869999885559082
2026-05-19 16:28:40,178.40199279785156,106.5260009765625,2.622999906539917
2026-05-19 16:33:42,159.74400329589844,107.26799774169922,2.365000009536743
2026-05-19 16:38:44,162.76800537109375,105.65399932861328,2.372999906539917
2026-05-19 17:01:03,190.8820037841797,102.61499786376953,2.703000068664551
2026-05-19 17:06:05,189.46099853515625,105.22599792480469,2.750999927520752
2026-05-19 17:11:07,211.66600036621094,103.9800033569336,3.0369999408721924
2026-05-19 17:16:09,258.86199951171875,104.2020034790039,3.7219998836517334
2026-05-19 17:22:47,255.9219970703125,29.708999633789062,1.0490000247955322
2026-05-19 17:27:49,220.427001953125,102.625,3.121999979019165
2026-05-19 17:32:51,225.08099365234375,100.7760009765625,3.130000114440918
2026-05-19 17:37:53,442.7359924316406,89.09600067138672,5.443999767303467
2026-05-19 17:42:55,346.5050048828125,68.6969985961914,3.2850000858306885
2026-05-19 17:47:57,304.3919982910156,105.1729965209961,4.418000221252441
2026-05-19 17:52:59,194.09800720214844,99.69999694824219,2.6710000038146973
2026-05-19 17:58:01,156.09100341796875,97.78900146484375,2.1059999465942383
2026-05-19 18:03:03,143.343994140625,102.37799835205078,2.0250000953674316
2026-05-19 18:08:05,154.41400146484375,100.7239990234375,2.1459999084472656
2026-05-19 18:16:38,163.98599243164062,112.08799743652344,2.5369999408721924
2026-05-19 18:21:40,128.3730010986328,184.07400512695312,3.260999917984009
2026-05-19 18:26:42,121.52200317382812,123.15299987792969,2.065000057220459
2026-05-19 18:31:45,116.60099792480469,104.01799774169922,1.6740000247955322
2026-05-19 18:36:47,94.78600311279297,104.44999694824219,1.3660000562667847
2026-05-19 18:41:49,89.7509994506836,104.3759994506836,1.2929999828338623
2026-05-19 18:46:51,96.0250015258789,104.7300033569336,1.3880000114440918
2026-05-19 18:51:53,92.10299682617188,106.48600006103516,1.3530000448226929
2026-05-19 18:56:55,76.98999786376953,102.44599914550781,1.0880000591278076
2026-05-19 19:01:57,73.58899688720703,104.0780029296875,1.0570000410079956
2026-05-19 19:06:59,56.75400161743164,105.64700317382812,0.8270000219345093
2026-05-19 19:12:01,78.01799774169922,101.20700073242188,1.090000033378601
2026-05-19 19:17:03,76.1510009765625,104.02200317382812,1.093000054359436
2026-05-19 19:22:05,61.99300003051758,102.2760009765625,0.875
2026-05-19 19:27:07,49.09700012207031,106.91799926757812,0.7239999771118164
2026-05-19 19:32:09,44.257999420166016,103.68699645996094,0.6330000162124634
2026-05-19 19:37:11,39.446998596191406,105.70500183105469,0.574999988079071
2026-05-19 19:42:13,33.7140007019043,108.58399963378906,0.5049999952316284
2026-05-19 19:47:15,38.084999084472656,107.01599884033203,0.5619999766349792
2026-05-19 19:52:17,38.92300033569336,101.68399810791016,0.5460000038146973
2026-05-19 19:57:19,39.31700134277344,101.93199920654297,0.5529999732971191
2026-05-19 20:02:21,36.20100021362305,110.41899871826172,0.5519999861717224
2026-05-19 20:07:23,33.17300033569336,105.05899810791016,0.48100000619888306
2026-05-19 20:12:25,30.820999145507812,109.89199829101562,0.46700000762939453
2026-05-19 20:17:27,28.231000900268555,106.49600219726562,0.41499999165534973
2026-05-19 20:22:29,25.08799934387207,105.25599670410156,0.36399999260902405
2026-05-19 20:27:31,21.368000030517578,108.81900024414062,0.32100000977516174
2026-05-19 20:32:33,16.933000564575195,113.84400177001953,0.26600000262260437
2026-05-19 20:37:35,13.342000007629395,107.93000030517578,0.19900000095367432
2026-05-19 20:42:37,10.987000465393066,114.50800323486328,0.17399999499320984
2026-05-19 20:47:39,8.494000434875488,121.49600219726562,0.1420000046491623
2026-05-19 20:52:41,5.550000190734863,0.7429999709129333,0.0010000000474974513
2026-05-19 20:57:43,3.3259999752044678,1.0089999437332153,0.0
2026-05-19 21:02:45,1.6779999732971191,0.5740000009536743,0.0
2026-05-20 05:50:11,1.6779999732971191,0.5740000009536743,0.0
2026-05-20 05:55:13,2.438999891281128,0.703000009059906,0.0
2026-05-20 06:00:15,4.5279998779296875,0.7059999704360962,0.0
2026-05-20 06:05:18,7.085999965667725,0.7379999756813049,0.0010000000474974513
2026-05-20 06:10:20,7.4079999923706055,0.6110000014305115,0.0010000000474974513
2026-05-20 06:15:22,11.04699993133545,44.12300109863281,0.06700000166893005
2026-05-20 06:20:24,13.312000274658203,53.36199951171875,0.09799999743700027
2026-05-20 06:25:26,20.01099967956543,49.92100143432617,0.1379999965429306
2026-05-20 06:30:28,22.409000396728516,57.16299819946289,0.1770000010728836
2026-05-20 06:35:30,25.878999710083008,55.641998291015625,0.19900000095367432
2026-05-20 06:40:32,32.86899948120117,52.992000579833984,0.23999999463558197
2026-05-20 06:45:34,40.70199966430664,54.395999908447266,0.3059999942779541
2026-05-20 06:50:36,46.22600173950195,54.99300003051758,0.35100001096725464
2026-05-20 06:55:38,46.74700164794922,56.23400115966797,0.3630000054836273
2026-05-20 07:00:40,51.845001220703125,60.665000915527344,0.4339999854564667
2026-05-20 07:05:42,62.42300033569336,62.185001373291016,0.5360000133514404
2026-05-20 07:10:44,70.86399841308594,61.73500061035156,0.6039999723434448
2026-05-20 07:15:46,75.31400299072266,62.750999450683594,0.6520000100135803
2026-05-20 07:20:48,87.1449966430664,63.805999755859375,0.7670000195503235
2026-05-20 07:25:50,90.77300262451172,64.39700317382812,0.8069999814033508
2026-05-20 07:30:52,91.04900360107422,64.43099975585938,0.8100000023841858
2026-05-20 07:35:54,98.14199829101562,57.95899963378906,0.7850000262260437
2026-05-20 07:40:56,116.16000366210938,49.24300003051758,0.7889999747276306
2026-05-20 07:45:58,144.9600067138672,44.757999420166016,0.8949999809265137
2026-05-20 07:51:00,145.5290069580078,51.082000732421875,1.0260000228881836
2026-05-20 07:56:02,238.72900390625,53.57500076293945,1.7649999856948853
2026-05-20 08:01:04,186.31500244140625,54.347999572753906,1.3969999551773071
2026-05-20 08:06:06,166.968994140625,59.805999755859375,1.378000020980835
2026-05-20 08:11:08,159.07899475097656,65.48600006103516,1.437999963760376
2026-05-20 08:16:10,147.8419952392578,69.6780014038086,1.4220000505447388
2026-05-20 08:21:12,181.50399780273438,68.68599700927734,1.7200000286102295
2026-05-20 08:26:14,300.3429870605469,63.198001861572266,2.61899995803833
2026-05-20 08:31:16,276.7860107421875,60.266998291015625,2.302000045776367
2026-05-20 08:36:18,311.0740051269531,67.52300262451172,2.8989999294281006
2026-05-20 08:41:20,319.0060119628906,69.98999786376953,3.0810000896453857
2026-05-20 08:46:22,266.875,78.22000122070312,2.88100004196167
2026-05-20 08:51:24,264.8320007324219,72.87699890136719,2.6630001068115234
2026-05-20 08:56:26,404.8710021972656,70.60299682617188,3.944999933242798
2026-05-20 09:01:28,379.2430114746094,73.76000213623047,3.859999895095825
2026-05-20 09:06:30,467.8169860839844,75.15599822998047,4.8520002365112305
2026-05-20 09:11:32,580.2899780273438,72.99600219726562,5.8460001945495605
2026-05-20 09:16:34,636.3770141601562,77.16699981689453,6.7769999504089355
2026-05-20 09:21:36,493.1310119628906,81.69499969482422,5.559999942779541
2026-05-20 09:26:38,464.5740051269531,83.10099792480469,5.328000068664551
2026-05-20 09:31:40,447.85101318359375,86.72899627685547,5.360000133514404
2026-05-20 09:36:42,386.9849853515625,86.06800079345703,4.5960001945495605
2026-05-20 09:41:44,379.9339904785156,90.4530029296875,4.743000030517578
2026-05-20 09:46:46,351.4580078125,87.46099853515625,4.242000102996826
2026-05-20 09:51:48,312.12298583984375,93.63300323486328,4.0329999923706055
2026-05-20 09:56:50,333.9469909667969,93.05799865722656,4.289000034332275
2026-05-20 10:01:52,485.66900634765625,85.55500030517578,5.734000205993652
2026-05-20 10:06:54,659.4719848632812,87.16100311279297,7.932000160217285
2026-05-20 10:11:56,631.1199951171875,93.0739974975586,8.105999946594238
2026-05-20 10:16:58,288.5899963378906,94.26300048828125,3.753999948501587
2026-05-20 10:22:00,324.3999938964844,91.52400207519531,4.0970001220703125
2026-05-20 10:27:02,573.4990234375,68.2760009765625,5.4039998054504395
2026-05-20 10:32:04,216.2259979248047,96.3740005493164,2.875999927520752
2026-05-20 10:37:06,323.7300109863281,88.3010025024414,3.944999933242798
2026-05-20 10:42:08,886.8569946289062,90.93499755859375,11.128999710083008
2026-05-20 10:47:10,827.5859985351562,100.38099670410156,11.46399974822998
2026-05-20 10:52:12,1008.3820190429688,97.01599884033203,13.5
2026-05-20 10:57:14,423.5790100097656,99.01499938964844,5.788000106811523
2026-05-20 11:02:16,412.06201171875,88.92400360107422,5.057000160217285
2026-05-20 11:07:18,574.5280151367188,112.14299774169922,8.890999794006348
2026-05-20 11:12:20,947.280029296875,94.84700012207031,12.39900016784668
2026-05-20 11:17:22,937.14697265625,97.05799865722656,12.552000045776367
2026-05-20 11:22:24,969.7990112304688,97.63999938964844,13.067000389099121
2026-05-20 11:27:26,1042.10302734375,93.21399688720703,13.404999732971191
2026-05-20 11:32:28,550.8909912109375,136.9149932861328,10.409000396728516
2026-05-20 11:37:30,1180.8409423828125,82.58300018310547,13.456999778747559
2026-05-20 11:42:32,1115.197998046875,99.8280029296875,15.36299991607666
2026-05-20 11:47:34,490.74700927734375,116.11299896240234,7.863999843597412
2026-05-20 11:52:36,470.40899658203125,113.01899719238281,7.336999893188477
2026-05-20 11:57:38,1150.491943359375,97.45899963378906,15.472999572753906
2026-05-20 12:02:40,574.2990112304688,150.75799560546875,11.947999954223633
2026-05-20 12:07:42,467.0379943847656,108.53500366210938,6.994999885559082
2026-05-20 12:12:44,435.760009765625,107.66600036621094,6.473999977111816
2026-05-20 12:17:46,497.6340026855469,113.7239990234375,7.809999942779541
2026-05-20 12:22:48,540.5919799804688,103.00900268554688,7.684999942779541
2026-05-20 12:27:50,799.1669921875,49.64500045776367,5.474999904632568
2026-05-20 12:32:52,1235.8330078125,107.2030029296875,18.283000946044922
2026-05-20 12:37:54,411.77099609375,120.24199676513672,6.833000183105469
2026-05-20 12:42:56,451.3280029296875,115.99400329589844,7.224999904632568
2026-05-20 12:47:58,935.541015625,54.55099868774414,7.043000221252441
2026-05-20 12:53:01,1222.9990234375,110.80500030517578,18.701000213623047
2026-05-20 12:58:03,1274.6309814453125,110.53199768066406,19.44300079345703
2026-05-20 13:03:05,477.56298828125,102.90899658203125,6.7820000648498535
2026-05-20 13:08:07,572.6400146484375,129.76100158691406,10.253999710083008
2026-05-20 13:13:09,1185.10400390625,113.71399688720703,18.597000122070312
2026-05-20 13:18:11,1107.720947265625,114.14800262451172,17.448999404907227
2026-05-20 13:23:13,1139.2640380859375,114.42400360107422,17.989999771118164
2026-05-20 13:46:55,292.9209899902344,112.33300018310547,4.540999889373779
2026-05-20 13:51:57,282.52301025390625,113.11100006103516,4.409999847412109
2026-05-20 13:56:59,1127.7049560546875,116.48500061035156,18.128000259399414
2026-05-20 14:02:01,1107.22705078125,114.57499694824219,17.506999969482422
2026-05-20 14:07:03,1164.31298828125,117.00900268554688,18.799999237060547
2026-05-20 14:12:05,1141.1519775390625,114.40399932861328,18.016000747680664
2026-05-20 14:17:07,1155.10205078125,114.22699737548828,18.20800018310547
2026-05-20 14:22:09,263.6050109863281,113.98699951171875,4.146999835968018
2026-05-20 14:27:11,1182.43896484375,110.05000305175781,17.95800018310547
2026-05-20 14:32:13,209.5279998779297,113.57499694824219,3.2839999198913574
2026-05-20 14:37:15,237.4510040283203,102.6989974975586,3.365000009536743
2026-05-20 14:42:17,711.8790283203125,32.68600082397461,3.2109999656677246
2026-05-20 14:43:01,262.7179870605469,85.71299743652344,4.031000137329102
2026-05-21 09:37:35,262.7179870605469,85.71299743652344,4.031000137329102
2026-05-21 09:42:42,558.6329956054688,87.47599792480469,6.74399995803833
2026-05-21 09:47:59,643.4509887695312,87.73699951171875,7.790999889373779
2026-05-21 10:00:51,677.3419799804688,90.75700378417969,8.482999801635742
2026-05-21 10:04:42,693.6339721679688,91.74400329589844,8.781999588012695
2026-05-21 10:05:32,696.322021484375,91.54199981689453,8.79699993133545
2026-05-21 10:21:12,651.760009765625,94.83000183105469,8.529000282287598
2026-05-21 10:21:24,668.708984375,91.59400177001953,8.45199966430664
2026-05-21 10:21:48,690.9869995117188,91.83699798583984,8.756999969482422
2026-05-21 10:26:50,724.7310180664062,94.42400360107422,9.444000244140625
2026-05-21 10:31:52,733.9520263671875,94.47000122070312,9.567999839782715
2026-05-21 10:36:54,724.3569946289062,95.66400146484375,9.562999725341797
2026-05-21 10:41:56,772.6829833984375,96.84300231933594,10.326000213623047
2026-05-21 10:46:58,768.510009765625,99.30899810791016,10.531999588012695
2026-05-21 10:52:00,823.9730224609375,96.92900085449219,11.022000312805176
2026-05-21 10:57:02,843.2730102539062,97.81300354003906,11.383000373840332
2026-05-21 11:02:04,899.0579833984375,98.21700286865234,12.185999870300293
2026-05-21 11:07:06,865.8880004882812,96.7239990234375,11.557999610900879
2026-05-21 11:12:08,886.7429809570312,100.5510025024414,12.305000305175781
2026-05-21 11:17:10,925.4329833984375,101.35600280761719,12.944000244140625
2026-05-21 11:22:12,844.3469848632812,101.69200134277344,11.848999977111816
2026-05-21 11:27:14,927.3330078125,103.1500015258789,13.199999809265137
2026-05-21 11:32:16,922.2030029296875,104.25599670410156,13.267999649047852
2026-05-21 11:37:18,921.0700073242188,98.03700256347656,12.461000442504883
2026-05-21 11:42:20,917.3489990234375,108.38200378417969,13.720999717712402
2026-05-21 11:47:22,967.8419799804688,105.87100219726562,14.140000343322754
2026-05-21 11:52:24,967.4400024414062,107.1729965209961,14.307999610900879
2026-05-21 11:57:26,1025.5889892578125,107.33899688720703,15.192000389099121
2026-05-21 12:02:28,1062.6839599609375,106.33000183105469,15.593000411987305
2026-05-21 12:07:30,915.2429809570312,113.51000213623047,14.336999893188477
2026-05-21 12:12:32,979.1729736328125,109.68900299072266,14.821999549865723
2026-05-21 12:17:34,1014.281005859375,111.05999755859375,15.545000076293945
2026-05-21 12:22:36,1036.1810302734375,113.34400177001953,16.207000732421875
2026-05-21 12:27:38,1035.47705078125,114.10800170898438,16.305999755859375
2026-05-21 12:32:40,1063.1729736328125,114.0770034790039,16.73699951171875
2026-05-21 12:37:42,984.5369873046875,114.83499908447266,15.60200023651123
2026-05-21 12:42:44,1025.866943359375,115.28299713134766,16.320999145507812
2026-05-21 12:47:46,995.6179809570312,115.41000366210938,15.857000350952148
2026-05-21 12:52:48,1038.6190185546875,117.78700256347656,16.881999969482422
2026-05-21 12:57:50,1056.612060546875,113.35299682617188,16.527999877929688
2026-05-21 13:02:52,1026.77197265625,115.875,16.41900062561035
2026-05-21 13:07:54,1071.06494140625,112.91899871826172,16.690000534057617
2026-05-21 13:12:56,1058.001953125,115.10600280761719,16.805999755859375
2026-05-21 13:17:58,1065.7550048828125,115.60099792480469,17.00200080871582
2026-05-21 13:23:00,923.6500244140625,120.81099700927734,15.39900016784668
2026-05-21 13:46:43,937.2789916992188,111.1449966430664,14.37600040435791
2026-05-21 13:51:45,1061.3399658203125,114.16799926757812,16.722000122070312
2026-05-21 13:56:47,1014.9530029296875,112.77799987792969,15.795999526977539
2026-05-21 14:01:49,980.4660034179688,116.83000183105469,15.807999610900879
2026-05-21 14:06:51,1030.2099609375,113.6709976196289,16.15999984741211
2026-05-21 14:11:53,1060.89501953125,113.4739990234375,16.613000869750977
2026-05-21 14:16:55,1026.7509765625,113.18099975585938,16.03700065612793
2026-05-21 14:21:57,1020.0869750976562,114.0469970703125,16.05500030517578
2026-05-21 14:26:59,1011.614013671875,111.99500274658203,15.635000228881836
2026-05-21 14:32:01,988.9349975585938,114.83300018310547,15.67199993133545
2026-05-21 14:37:03,1028.407958984375,113.73300170898438,16.141000747680664
2026-05-21 14:42:05,968.5709838867188,114.71499633789062,15.333000183105469
2026-05-21 14:47:07,960.0230102539062,113.50399780273438,15.036999702453613
2026-05-21 14:52:09,989.7260131835938,109.96099853515625,15.019000053405762
2026-05-21 14:57:11,977.802978515625,108.4520034790039,14.633999824523926
2026-05-21 15:02:13,985.0349731445312,108.20700073242188,14.708999633789062
2026-05-21 15:07:15,956.7789916992188,107.1520004272461,14.14799976348877
2026-05-21 15:12:17,891.9019775390625,105.6760025024414,13.006999969482422
2026-05-21 15:17:19,945.7579956054688,105.33599853515625,13.748000144958496
2026-05-21 15:22:21,908.52099609375,104.21600341796875,13.065999984741211
2026-05-21 15:27:23,910.8159790039062,105.24400329589844,13.227999687194824
2026-05-21 15:32:25,832.468994140625,104.51000213623047,12.005999565124512
2026-05-21 15:37:27,761.9860229492188,99.2490005493164,10.435999870300293
2026-05-21 15:42:29,796.4459838867188,103.73699951171875,11.402000427246094
2026-05-21 15:47:31,829.8909912109375,105.15399932861328,12.043000221252441
2026-05-21 15:52:33,737.2020263671875,102.53299713134766,10.430999755859375
2026-05-21 15:57:34,657.0969848632812,102.71199798583984,9.314000129699707
2026-05-21 16:02:36,458.0589904785156,102.31600189208984,6.4679999351501465
2026-05-21 16:07:38,452.0069885253906,103.39299774169922,6.448999881744385
2026-05-21 16:12:40,556.5139770507812,101.80500030517578,7.818999767303467
2026-05-21 16:17:42,689.4409790039062,98.28500366210938,9.35099983215332
2026-05-21 16:22:44,581.0059814453125,102.09600067138672,8.185999870300293
2026-05-21 16:27:46,726.552978515625,99.21299743652344,9.947999954223633
2026-05-21 16:32:48,763.5590209960938,94.58599853515625,9.967000007629395
2026-05-21 16:37:50,739.406982421875,96.13899993896484,9.8100004196167
2026-05-21 16:42:52,709.3939819335938,96.72599792480469,9.468999862670898
2026-05-21 16:47:54,669.3989868164062,95.31300354003906,8.805000305175781
2026-05-21 16:52:56,643.5590209960938,97.54499816894531,8.663000106811523
2026-05-21 16:57:58,635.39697265625,92.81999969482422,8.138999938964844
2026-05-21 17:03:00,581.7119750976562,94.8030014038086,7.610000133514404
2026-05-21 17:08:02,629.3920288085938,92.47699737548828,8.031999588012695
2026-05-21 17:13:04,567.1610107421875,91.7959976196289,7.184999942779541
2026-05-21 17:18:06,493.7030029296875,93.8010025024414,6.390999794006348
2026-05-21 17:23:08,543.7830200195312,89.86699676513672,6.74399995803833
2026-05-21 17:28:10,425.54400634765625,90.2229995727539,5.297999858856201
2026-05-21 17:33:12,512.4869995117188,87.76599884033203,6.206999778747559
2026-05-21 17:38:14,490.78900146484375,88.4229965209961,5.988999843597412
2026-05-21 17:43:16,424.5369873046875,92.1240005493164,5.396999835968018
2026-05-21 17:48:18,456.2969970703125,86.51899719238281,5.447999954223633
2026-05-21 17:53:20,429.572998046875,84.96600341796875,5.0370001792907715
2026-05-21 17:58:22,427.6910095214844,85.12999725341797,5.02400016784668
2026-05-21 18:03:24,157.60000610351562,209.68499755859375,4.559999942779541
2026-05-21 18:08:26,87.53800201416016,350.4620056152344,4.234000205993652
2026-05-21 18:13:28,83.73300170898438,338.2099914550781,3.9079999923706055
2026-05-21 18:18:30,79.72100067138672,323.9750061035156,3.563999891281128
2026-05-21 18:23:32,76.37899780273438,300.2929992675781,3.1649999618530273
2026-05-21 18:28:34,72.97599792480469,114.72200012207031,1.1549999713897705
2026-05-21 18:33:36,68.83200073242188,116.3479995727539,1.1050000190734863
2026-05-21 18:38:38,67.42400360107422,114.86900329589844,1.069000005722046
2026-05-21 18:43:40,67.46299743652344,114.38400268554688,1.065000057220459
2026-05-21 18:48:42,61.90599822998047,118.78600311279297,1.0149999856948853
2026-05-21 18:53:44,56.0369987487793,118.7509994506836,0.9179999828338623
2026-05-21 18:58:46,50.584999084472656,116.78500366210938,0.8149999976158142
2026-05-21 19:03:48,50.52299880981445,110.03700256347656,0.7670000195503235
2026-05-21 19:08:50,50.11899948120117,121.19000244140625,0.8379999995231628
2026-05-21 19:13:52,46.37900161743164,117.66100311279297,0.753000020980835
2026-05-21 19:18:54,45.566001892089844,116.4990005493164,0.7329999804496765
2026-05-21 19:23:56,46.97100067138672,115.65699768066406,0.75
2026-05-21 19:28:58,46.724998474121094,121.302001953125,0.7820000052452087
2026-05-21 19:34:00,44.9900016784668,110.55999755859375,0.6859999895095825
2026-05-21 19:39:02,42.44300079345703,115.45700073242188,0.6759999990463257
2026-05-21 19:44:03,40.887001037597656,119.08300018310547,0.671999990940094
2026-05-21 19:49:05,37.946998596191406,123.23799896240234,0.6449999809265137
2026-05-21 19:54:07,36.03200149536133,118.95099639892578,0.5910000205039978
2026-05-21 19:59:09,34.696998596191406,120.00900268554688,0.574999988079071
2026-05-21 20:04:11,32.04800033569336,124.2959976196289,0.550000011920929
2026-05-21 20:09:13,27.547000885009766,124.37999725341797,0.4729999899864197
2026-05-21 20:14:15,25.30500030517578,124.0459976196289,0.43299999833106995
2026-05-21 20:19:17,23.506000518798828,126.49099731445312,0.4099999964237213
2026-05-21 20:24:19,22.503000259399414,124.91899871826172,0.3880000114440918
2026-05-21 20:29:21,21.66200065612793,116.28600311279297,0.3479999899864197
2026-05-21 20:34:23,19.46299934387207,134.5760040283203,0.3610000014305115
2026-05-21 20:39:25,16.150999069213867,122.19999694824219,0.2720000147819519
2026-05-21 20:44:27,13.4399995803833,132.86199951171875,0.2460000067949295
2026-05-21 20:49:29,10.843000411987305,107.63200378417969,0.16099999845027924
2026-05-21 20:54:31,8.064000129699707,155.97300720214844,0.17399999499320984
2026-05-21 20:59:33,5.59499979019165,24.29599952697754,0.01899999938905239
2026-05-21 21:04:35,3.6619999408721924,0.8360000252723694,0.0
2026-05-22 05:52:34,3.6619999408721924,0.8360000252723694,0.0
2026-05-22 05:57:36,5.367000102996826,0.7559999823570251,0.0010000000474974513
2026-05-22 06:02:38,7.789999961853027,46.191001892089844,0.05000000074505806
2026-05-22 06:07:40,10.055999755859375,63.702999114990234,0.08799999952316284
2026-05-22 06:12:42,12.42300033569336,72.16899871826172,0.12399999797344208
2026-05-22 06:17:44,14.878000259399414,66.16899871826172,0.13600000739097595
2026-05-22 06:22:46,17.29400062561035,68.61199951171875,0.164000004529953
2026-05-22 06:27:48,19.798999786376953,70.97599792480469,0.1940000057220459
2026-05-22 06:32:50,22.92300033569336,72.18599700927734,0.2280000001192093
2026-05-22 06:37:52,24.639999389648438,62.87200164794922,0.21400000154972076
2026-05-22 06:42:54,26.843000411987305,65.50900268554688,0.24300000071525574
2026-05-22 06:47:56,28.820999145507812,65.02999877929688,0.2590000033378601
2026-05-22 06:52:58,30.503000259399414,69.23500061035156,0.29100000858306885
2026-05-22 06:58:00,32.43000030517578,69.09200286865234,0.3089999854564667
2026-05-22 07:03:02,33.941001892089844,71.56700134277344,0.33500000834465027
2026-05-22 07:08:04,35.638999938964844,66.27400207519531,0.32600000500679016
2026-05-22 07:13:06,37.45600128173828,69.24600219726562,0.3580000102519989
2026-05-22 07:18:08,38.928001403808594,68.90299987792969,0.3700000047683716
2026-05-22 07:23:10,40.481998443603516,70.24700164794922,0.3919999897480011
2026-05-22 07:28:12,41.979000091552734,70.18399810791016,0.40700000524520874
2026-05-22 07:33:14,43.45399856567383,71.7229995727539,0.4300000071525574
2026-05-22 07:38:16,153.89300537109375,21.291000366210938,0.4519999921321869
2026-05-22 07:43:18,189.77099609375,18.4950008392334,0.48399999737739563
2026-05-22 07:48:20,208.1300048828125,16.582000732421875,0.47600001096725464
2026-05-22 07:53:22,224.05499267578125,21.132999420166016,0.652999997138977
2026-05-22 07:58:24,244.1280059814453,40.79100036621094,1.3739999532699585
2026-05-22 08:03:26,262.3089904785156,42.7599983215332,1.5479999780654907
2026-05-22 08:08:28,281.75799560546875,43.99399948120117,1.7109999656677246
2026-05-22 08:13:30,299.2049865722656,46.643001556396484,1.9259999990463257
2026-05-22 08:18:32,316.90301513671875,48.733001708984375,2.13100004196167
2026-05-22 08:23:34,335.13800048828125,50.73699951171875,2.3469998836517334
2026-05-22 08:28:36,353.2049865722656,52.81100082397461,2.5739998817443848
2026-05-22 08:33:38,372.3059997558594,54.86399841308594,2.819000005722046
2026-05-22 08:38:40,391.45098876953125,56.91999816894531,3.075000047683716
2026-05-22 08:43:42,411.0329895019531,59.19499969482422,3.3580000400543213
2026-05-22 08:48:44,430.37701416015625,61.137001037597656,3.63100004196167
2026-05-22 08:53:46,452.4020080566406,63.36600112915039,3.9560000896453857
2026-05-22 08:58:48,470.78900146484375,65.31300354003906,4.243000030517578
2026-05-22 09:03:50,488.0299987792969,68.02200317382812,4.580999851226807
2026-05-22 09:08:52,507.6300048828125,69.48600006103516,4.868000030517578
2026-05-22 09:13:54,527.593017578125,71.52799987792969,5.208000183105469
2026-05-22 09:18:56,543.3759765625,74.64800262451172,5.5980000495910645
2026-05-22 09:23:57,563.655029296875,75.88400268554688,5.9029998779296875
2026-05-22 09:28:59,581.447021484375,77.91000366210938,6.251999855041504
2026-05-22 09:34:01,599.9660034179688,79.52999877929688,6.585000038146973
2026-05-22 09:39:03,616.8369750976562,81.572998046875,6.943999767303467
2026-05-22 09:44:05,638.614990234375,82.28500366210938,7.251999855041504
2026-05-22 09:49:07,652.3309936523438,84.65699768066406,7.620999813079834
2026-05-22 09:54:09,672.8070068359375,85.49600219726562,7.938000202178955
2026-05-22 09:59:11,688.6489868164062,86.78700256347656,8.248000144958496
2026-05-22 10:04:13,706.3179931640625,87.81400299072266,8.559000015258789
2026-05-22 10:09:15,722.9509887695312,88.94000244140625,8.873000144958496
2026-05-22 10:14:17,741.2589721679688,89.62300109863281,9.168000221252441
2026-05-22 10:19:19,758.5490112304688,90.43900299072266,9.467000007629395
2026-05-22 10:24:21,777.3300170898438,91.21199798583984,9.784000396728516
2026-05-22 10:29:23,792.3270263671875,92.0530014038086,10.0649995803833
2026-05-22 10:34:25,807.8720092773438,93.24600219726562,10.395999908447266
2026-05-22 10:39:27,823.4290161132812,94.15699768066406,10.699000358581543
2026-05-22 10:44:29,837.8740234375,94.95600128173828,10.979000091552734
2026-05-22 11:03:04,892.0230102539062,97.24099731445312,11.970000267028809
2026-05-22 11:08:06,906.9169921875,97.84700012207031,12.246000289916992
2026-05-22 11:13:08,918.9190063476562,98.4219970703125,12.480999946594238
2026-05-22 11:18:10,931.0079956054688,99.03399658203125,12.723999977111816
2026-05-22 11:23:12,941.7780151367188,99.9489974975586,12.989999771118164
2026-05-22 11:28:14,955.2479858398438,100.21700286865234,13.211000442504883
2026-05-22 11:33:16,965.3510131835938,101.13500213623047,13.472999572753906
2026-05-22 11:38:18,976.7589721679688,101.75599670410156,13.715999603271484
2026-05-22 11:43:20,987.0009765625,102.97799682617188,14.026000022888184
2026-05-22 11:48:22,997.2780151367188,103.54499816894531,14.25
2026-05-22 11:53:23,1007.2849731445312,104.55599975585938,14.534000396728516
2026-05-22 11:58:25,1017.3619995117188,104.4520034790039,14.664999961853027
2026-05-22 12:03:27,1021.25,105.26699829101562,14.836000442504883
2026-05-22 12:08:29,1029.447021484375,106.5479965209961,15.13700008392334
2026-05-22 12:13:31,1029.6710205078125,108.11299896240234,15.362000465393066
2026-05-22 12:18:33,1040.7979736328125,108.11799621582031,15.529000282287598
2026-05-22 12:23:35,1040.633056640625,109.19400024414062,15.680999755859375
2026-05-22 12:28:37,1049.43994140625,109.19599914550781,15.814000129699707
2026-05-22 12:33:39,1053.5980224609375,109.97699737548828,15.989999771118164
2026-05-22 12:38:41,1047.4610595703125,111.66799926757812,16.141000747680664
2026-05-22 12:43:43,1048.8759765625,112.5719985961914,16.29400062561035
2026-05-22 12:48:45,1053.89697265625,112.53600311279297,16.367000579833984
2026-05-22 12:53:47,1052.177978515625,112.71600341796875,16.365999221801758
2026-05-22 12:58:49,1052.9560546875,112.93499755859375,16.40999984741211
2026-05-22 13:03:51,1047.1500244140625,113.82099914550781,16.447999954223633
2026-05-22 13:08:53,1051.9150390625,113.48300170898438,16.474000930786133
2026-05-22 13:13:55,1052.281005859375,112.9469985961914,16.402000427246094
2026-05-22 13:18:57,1050.6490478515625,113.02100372314453,16.386999130249023
2026-05-22 13:23:59,1054.3590087890625,113.1510009765625,16.464000701904297
2026-05-22 13:47:38,1040.239990234375,111.67900085449219,16.031999588012695
2026-05-22 13:52:40,1024.1070556640625,111.84300231933594,15.805999755859375
2026-05-22 13:57:42,1032.116943359375,112.45700073242188,16.01799964904785
2026-05-22 14:02:44,1007.5919799804688,111.86699676513672,15.555000305175781
2026-05-22 14:07:45,1012.4249877929688,113.36299896240234,15.838000297546387
2026-05-22 14:12:47,988.135009765625,115.18299865722656,15.706999778747559
2026-05-22 14:17:49,1003.1430053710938,112.23699951171875,15.536999702453613
2026-05-22 14:22:51,1011.072021484375,112.11199951171875,15.642999649047852
2026-05-22 14:27:53,991.2570190429688,111.9280014038086,15.310999870300293
2026-05-22 14:32:55,995.3259887695312,111.89700317382812,15.369999885559082
2026-05-22 14:37:57,992.2650146484375,110.96299743652344,15.194000244140625
2026-05-22 14:42:59,944.3930053710938,109.95899963378906,14.331000328063965
2026-05-22 14:48:01,966.0050048828125,110.10900115966797,14.678999900817871
2026-05-22 14:53:03,953.3099975585938,109.69599914550781,14.430999755859375
2026-05-22 14:58:05,917.8629760742188,108.9990005493164,13.805999755859375
2026-05-22 15:03:07,879.8510131835938,108.35299682617188,13.156000137329102
2026-05-22 15:08:09,913.6530151367188,108.38400268554688,13.666000366210938
2026-05-22 15:13:11,903.7420043945312,107.56099700927734,13.414999961853027
2026-05-22 15:18:13,922.5980224609375,106.322998046875,13.536999702453613
2026-05-22 15:23:15,870.1170043945312,106.45999908447266,12.782999992370605
2026-05-22 15:28:17,857.9929809570312,107.94499969482422,12.781000137329102
2026-05-22 15:33:19,786.1420288085938,108.69999694824219,11.793000221252441
2026-05-22 15:38:21,855.6380004882812,104.48999786376953,12.338000297546387
2026-05-22 15:43:23,840.4000244140625,97.2509994506836,11.279000282287598
2026-05-22 15:48:25,857.2369995117188,102.85900115966797,12.168000221252441
2026-05-22 15:53:27,837.1220092773438,101.79499816894531,11.760000228881836
2026-05-22 15:58:29,817.2849731445312,101.0,11.390999794006348
2026-05-22 16:03:31,813.1729736328125,98.95600128173828,11.104999542236328
2026-05-22 16:08:33,753.6389770507812,98.69999694824219,10.265000343322754
2026-05-22 16:13:35,668.5670166015625,101.11499786376953,9.329000473022461
2026-05-22 16:18:37,765.5089721679688,97.65599822998047,10.315999984741211
2026-05-22 16:23:39,742.5579833984375,98.03600311279297,10.045999526977539
2026-05-22 16:28:41,697.2750244140625,97.78700256347656,9.409000396728516
2026-05-22 16:33:43,691.5540161132812,95.81999969482422,9.145000457763672
2026-05-22 16:38:45,606.4959716796875,95.96499633789062,8.031999588012695
2026-05-22 16:43:47,627.541015625,96.55000305175781,8.361000061035156
2026-05-22 16:48:49,507.7070007324219,99.13600158691406,6.946000099182129
2026-05-22 16:53:51,590.5989990234375,92.2040023803711,7.514999866485596
2026-05-22 16:58:53,516.1829833984375,95.3479995727539,6.791999816894531
2026-05-22 17:03:55,373.37799072265625,99.53399658203125,5.129000186920166
2026-05-22 17:08:57,458.4460144042969,95.25900268554688,6.0269999504089355
2026-05-22 17:13:59,403.42401123046875,94.0250015258789,5.235000133514404
2026-05-22 17:19:01,393.1929931640625,93.3270034790039,5.064000129699707
2026-05-22 17:24:03,429.83099365234375,91.58799743652344,5.433000087738037
2026-05-22 17:29:05,364.40899658203125,91.83100128173828,4.618000030517578
2026-05-22 17:34:07,328.39300537109375,90.16999816894531,4.085999965667725
2026-05-22 17:39:09,326.5090026855469,91.0530014038086,4.103000164031982
2026-05-22 17:44:11,340.2510070800781,90.07599639892578,4.230000019073486
2026-05-22 17:49:13,311.0220031738281,90.90499877929688,3.9019999504089355
2026-05-22 17:54:15,304.760986328125,87.98999786376953,3.7009999752044678
2026-05-22 17:59:17,301.4469909667969,93.52899932861328,3.8910000324249268
2026-05-22 18:04:19,129.1300048828125,197.73300170898438,3.5239999294281006
2026-05-22 18:09:21,119.38500213623047,214.33900451660156,3.5309998989105225
2026-05-22 18:14:23,115.69100189208984,241.1020050048828,3.8489999771118164
2026-05-22 18:19:25,108.57599639892578,232.13999938964844,3.4779999256134033
2026-05-22 18:24:27,100.31999969482422,149.93099975585938,2.0759999752044678
2026-05-22 18:29:29,89.35800170898438,108.31400299072266,1.3359999656677246
2026-05-22 18:34:31,84.98999786376953,110.73100280761719,1.2990000247955322
2026-05-22 18:39:32,80.43900299072266,110.96099853515625,1.2319999933242798
2026-05-22 18:44:34,76.89099884033203,109.77400207519531,1.1649999618530273
2026-05-22 18:49:36,71.65899658203125,112.24800109863281,1.1100000143051147
2026-05-22 18:54:38,67.42400360107422,110.16100311279297,1.024999976158142
2026-05-22 18:59:40,64.59700012207031,110.04000091552734,0.9810000061988831
2026-05-22 19:04:42,62.465999603271484,114.15499877929688,0.984000027179718
2026-05-22 19:09:44,60.46900177001953,110.36299896240234,0.9210000038146973
2026-05-22 19:14:46,58.04100036621094,115.53500366210938,0.925000011920929
2026-05-22 19:19:48,55.25299835205078,115.91200256347656,0.8840000033378601
2026-05-22 19:24:50,50.777000427246094,114.30999755859375,0.8009999990463257
2026-05-22 19:29:52,47.01499938964844,113.9749984741211,0.7390000224113464
2026-05-22 19:34:54,44.05500030517578,112.70899963378906,0.6850000023841858
2026-05-22 19:39:56,42.233001708984375,116.5009994506836,0.6790000200271606
2026-05-22 19:44:58,40.090999603271484,107.02300262451172,0.5920000076293945
2026-05-22 19:50:00,37.152000427246094,116.67900085449219,0.5979999899864197
2026-05-22 19:55:02,34.55799865722656,115.58899688720703,0.5509999990463257
2026-05-22 20:00:04,32.45899963378906,116.47599792480469,0.5220000147819519
2026-05-22 20:05:06,29.958999633789062,126.88700103759766,0.5249999761581421
2026-05-22 20:10:08,25.177000045776367,118.68900299072266,0.41200000047683716
2026-05-22 20:15:10,22.954999923706055,125.91500091552734,0.39899998903274536
2026-05-22 20:20:12,19.791000366210938,132.99899291992188,0.3630000054836273
2026-05-22 20:25:14,16.726999282836914,130.08799743652344,0.30000001192092896
2026-05-22 20:30:16,13.87399959564209,132.5540008544922,0.2540000081062317
2026-05-22 20:35:18,11.38700008392334,139.6510009765625,0.21899999678134918
2026-05-22 20:40:20,9.675000190734863,125.1449966430664,0.16699999570846558
2026-05-22 20:45:22,7.736999988555908,164.90899658203125,0.17599999904632568
2026-05-22 20:50:24,5.428999900817871,33.09700012207031,0.02500000037252903
2026-05-22 20:55:26,3.687000036239624,1.1740000247955322,0.0010000000474974513
2026-05-22 21:00:28,2.1010000705718994,1.2089999914169312,0.0
2026-05-22 21:05:30,0.890999972820282,2.747999906539917,0.0
2026-05-22 21:10:32,0.13300000131130219,0.7749999761581421,0.0
2026-05-23 05:51:43,0.13300000131130219,0.7749999761581421,0.0
2026-05-23 05:56:45,5.6479997634887695,0.8149999976158142,0.0010000000474974513
2026-05-23 06:01:47,7.888000011444092,28.777000427246094,0.03099999949336052
2026-05-23 06:06:49,9.89900016784668,57.74800109863281,0.07900000363588333
2026-05-23 06:11:51,11.687000274658203,67.53299713134766,0.10899999737739563
2026-05-23 06:16:53,14.196999549865723,69.80400085449219,0.13699999451637268
2026-05-23 06:21:55,16.16900062561035,70.94499969482422,0.15800000727176666
2026-05-23 06:26:57,18.013999938964844,64.34600067138672,0.1599999964237213
2026-05-23 06:31:59,20.993999481201172,66.00700378417969,0.19099999964237213
2026-05-23 06:37:01,24.53499984741211,63.242000579833984,0.21400000154972076
2026-05-23 06:42:03,27.722999572753906,63.250999450683594,0.24199999868869781
2026-05-23 06:47:05,29.45599937438965,61.6619987487793,0.25099998712539673
2026-05-23 06:52:07,31.482999801635742,64.38099670410156,0.2800000011920929
2026-05-23 06:57:09,33.4010009765625,65.23300170898438,0.3009999990463257
2026-05-23 07:02:11,34.665000915527344,66.7760009765625,0.3190000057220459
2026-05-23 07:07:13,37.08100128173828,68.44100189208984,0.3499999940395355
2026-05-23 07:12:15,38.95800018310547,65.0999984741211,0.3499999940395355
2026-05-23 07:17:17,41.15399932861328,64.30799865722656,0.36500000953674316
2026-05-23 07:22:19,43.5629997253418,67.54299926757812,0.4059999883174896
2026-05-23 07:27:21,45.566001892089844,61.66999816894531,0.3880000114440918
2026-05-23 07:32:23,46.9900016784668,65.68699645996094,0.4259999990463257
2026-05-23 07:37:25,66.23300170898438,49.729000091552734,0.45500001311302185
2026-05-23 07:42:27,186.3730010986328,18.687000274658203,0.48100000619888306
2026-05-23 07:47:29,193.08299255371094,18.698999404907227,0.49799999594688416
2026-05-23 07:52:31,229.20700073242188,16.516000747680664,0.5220000147819519
2026-05-23 07:57:33,247.89700317382812,40.0989990234375,1.371999979019165
2026-05-23 08:02:35,265.4580078125,41.28799819946289,1.5130000114440918
2026-05-23 08:07:37,191.8990020751953,47.2400016784668,1.2510000467300415
2026-05-23 08:12:39,309.7650146484375,44.81700134277344,1.9160000085830688
2026-05-23 08:17:41,254.83200073242188,48.029998779296875,1.6890000104904175
2026-05-23 08:22:43,333.739013671875,48.51300048828125,2.2339999675750732
2026-05-23 08:27:45,365.2019958496094,50.606998443603516,2.549999952316284
2026-05-23 08:32:47,388.56201171875,52.60599899291992,2.821000099182129
2026-05-23 08:37:49,391.364990234375,54.816001892089844,2.9609999656677246
2026-05-23 08:42:51,422.5870056152344,54.935001373291016,3.2039999961853027
2026-05-23 08:47:53,408.8160095214844,59.08100128173828,3.3329999446868896
2026-05-23 08:52:55,445.8399963378906,57.8650016784668,3.559999942779541
2026-05-23 08:57:57,456.5169982910156,62.77399826049805,3.9549999237060547
2026-05-23 09:02:58,481.8009948730469,64.552001953125,4.291999816894531
2026-05-23 09:08:00,483.322998046875,66.98699951171875,4.4679999351501465
2026-05-23 09:13:02,539.2319946289062,67.93800354003906,5.056000232696533
2026-05-23 09:18:04,501.96600341796875,71.06700134277344,4.922999858856201
2026-05-23 09:23:06,551.9949951171875,72.58599853515625,5.5289998054504395
2026-05-23 09:28:08,586.9210205078125,74.24700164794922,6.013999938964844
2026-05-23 09:33:10,577.8350219726562,76.27899932861328,6.083000183105469
2026-05-23 09:38:12,563.8099975585938,76.90899658203125,5.984000205993652
2026-05-23 09:43:14,546.27197265625,80.98400115966797,6.105000019073486
2026-05-23 09:48:16,561.4400024414062,80.19200134277344,6.2129998207092285
2026-05-23 09:53:18,578.7059936523438,82.82099914550781,6.613999843597412
2026-05-23 09:58:20,626.7379760742188,83.4749984741211,7.21999979019165
2026-05-23 10:03:22,614.6580200195312,85.63600158691406,7.263999938964844
2026-05-23 10:08:24,659.3070068359375,86.28700256347656,7.85099983215332
2026-05-23 10:13:26,683.3599853515625,87.33200073242188,8.236000061035156
2026-05-23 10:18:28,734.6240234375,88.09100341796875,8.930999755859375
2026-05-23 10:23:30,764.8389892578125,88.71800231933594,9.36400032043457
2026-05-23 10:28:32,806.4500122070312,89.24700164794922,9.932000160217285
2026-05-23 10:33:34,816.9739990234375,90.26799774169922,10.177000045776367
2026-05-23 10:38:36,830.3090209960938,90.60800170898438,10.381999969482422
2026-05-23 10:43:38,807.7119750976562,92.875,10.35200023651123
2026-05-23 10:48:40,855.2969970703125,92.43499755859375,10.90999984741211
2026-05-23 10:53:42,867.8150024414062,93.66500091552734,11.217000007629395
2026-05-23 10:58:44,881.8079833984375,94.30899810791016,11.47599983215332
2026-05-23 11:03:46,895.5499877929688,95.1240005493164,11.755999565124512
2026-05-23 11:08:48,907.5499877929688,95.72100067138672,11.98799991607666
2026-05-23 11:13:50,919.68701171875,96.67500305175781,12.270000457763672
2026-05-23 11:18:52,930.4299926757812,97.82599639892578,12.560999870300293
2026-05-23 11:23:54,940.072998046875,98.68099975585938,12.802000045776367
2026-05-23 11:28:56,952.5989990234375,99.1510009765625,13.034000396728516
2026-05-23 11:33:58,965.4219970703125,99.36399841308594,13.23799991607666
2026-05-23 11:39:00,975.9929809570312,100.13300323486328,13.487000465393066
2026-05-23 11:44:02,985.802978515625,100.87100219726562,13.722999572753906
2026-05-23 11:49:04,994.3770141601562,101.8740005493164,13.979999542236328
2026-05-23 11:54:06,1003.1190185546875,102.50399780273438,14.1899995803833
2026-05-23 11:59:08,1009.1539916992188,103.39900207519531,14.399999618530273
2026-05-23 12:04:10,1013.0469970703125,104.39800262451172,14.595000267028809
2026-05-23 12:09:12,1024.384033203125,105.02200317382812,14.845999717712402
2026-05-23 12:14:14,1031.072021484375,105.16000366210938,14.963000297546387
2026-05-23 12:19:16,1037.385009765625,105.42500305175781,15.093000411987305
2026-05-23 12:24:18,1038.77294921875,106.57599639892578,15.277999877929688
2026-05-23 12:29:20,1043.8310546875,107.16999816894531,15.437999725341797
2026-05-23 12:34:22,1046.0479736328125,108.2959976196289,15.633000373840332
2026-05-23 12:39:24,1049.9539794921875,108.802001953125,15.765000343322754
2026-05-23 12:44:26,1050.1070556640625,109.05999755859375,15.803999900817871
2026-05-23 12:49:28,1047.7900390625,110.1520004272461,15.927000045776367
2026-05-23 12:54:30,1051.6639404296875,110.322998046875,16.01099967956543
2026-05-23 12:59:32,1051.43505859375,110.33000183105469,16.009000778198242
2026-05-23 13:04:34,1046.0040283203125,111.37300109863281,16.07699966430664
2026-05-23 13:09:36,1050.1070556640625,110.87699890136719,16.06800079345703
2026-05-23 13:14:38,1049.844970703125,111.31099700927734,16.12700080871582
2026-05-23 13:19:40,1050.258056640625,111.44200134277344,16.152000427246094
2026-05-23 13:43:17,1044.3590087890625,108.76899719238281,15.675999641418457
2026-05-23 13:48:19,1039.4859619140625,108.86100006103516,15.616000175476074
2026-05-23 13:53:21,1041.0699462890625,109.18199920654297,15.685999870300293
2026-05-23 13:58:23,1033.489990234375,109.16799926757812,15.569999694824219
2026-05-23 14:03:25,1025.8380126953125,109.5790023803711,15.512999534606934
2026-05-23 14:08:27,1025.5860595703125,109.7770004272461,15.536999702453613
2026-05-23 14:13:29,1018.5579833984375,110.18199920654297,15.487000465393066
2026-05-23 14:18:31,1010.6079711914062,110.43699645996094,15.402000427246094
2026-05-23 14:23:33,1005.739013671875,110.19300079345703,15.293999671936035
2026-05-23 14:28:35,899.6510009765625,113.5780029296875,14.10099983215332
2026-05-23 14:33:37,983.8880004882812,109.41600036621094,14.855999946594238
2026-05-23 14:38:39,983.5469970703125,109.08499908447266,14.805999755859375
2026-05-23 14:43:41,978.7449951171875,108.0739974975586,14.597000122070312
2026-05-23 14:48:43,971.14501953125,107.62699890136719,14.423999786376953
2026-05-23 14:53:45,961.0289916992188,107.33100128173828,14.234000205993652
2026-05-23 14:58:47,950.3289794921875,106.56199645996094,13.975000381469727
2026-05-23 15:03:48,934.114013671875,105.74700164794922,13.631999969482422
2026-05-23 15:08:50,932.2009887695312,104.98999786376953,13.505999565124512
2026-05-23 15:13:52,912.948974609375,104.5459976196289,13.170999526977539
2026-05-23 15:18:54,891.8720092773438,104.37899780273438,12.847000122070312
2026-05-23 15:23:56,889.3170166015625,103.72599792480469,12.729999542236328
2026-05-23 15:28:58,861.6209716796875,103.9489974975586,12.359999656677246
2026-05-23 15:34:00,818.75,103.8489990234375,11.734000205993652
2026-05-23 15:39:02,818.6079711914062,102.72200012207031,11.604000091552734
2026-05-23 15:44:04,814.0709838867188,100.85099792480469,11.329999923706055
2026-05-23 15:49:06,814.114013671875,101.73799896240234,11.430000305175781
2026-05-23 15:54:08,817.4739990234375,101.51699829101562,11.45199966430664
2026-05-23 15:59:10,768.6329956054688,100.82599639892578,10.694999694824219
2026-05-23 16:04:12,773.0260009765625,98.8740005493164,10.54800033569336
2026-05-23 16:09:14,723.7650146484375,97.70899963378906,9.758999824523926
2026-05-23 16:14:16,680.698974609375,96.0250015258789,9.020000457763672
2026-05-23 16:19:18,693.1890258789062,99.60900115966797,9.529000282287598
2026-05-23 16:24:20,709.4929809570312,96.5260009765625,9.451000213623047
2026-05-23 16:29:22,673.3829956054688,97.5469970703125,9.0649995803833
2026-05-23 16:34:24,582.9669799804688,95.552001953125,7.686999797821045
2026-05-23 16:39:26,653.8629760742188,94.09300231933594,8.489999771118164
2026-05-23 16:44:28,626.7949829101562,93.88099670410156,8.119999885559082
2026-05-23 16:49:30,658.5260009765625,93.77999877929688,8.522000312805176
2026-05-23 16:54:32,619.0579833984375,93.95899963378906,8.027000427246094
2026-05-23 16:59:34,617.4010009765625,92.11299896240234,7.8480000495910645
2026-05-23 17:04:36,559.031005859375,90.4489974975586,6.978000164031982
2026-05-23 17:09:38,575.0380249023438,89.37100219726562,7.0920000076293945
2026-05-23 17:14:40,560.1649780273438,89.34500122070312,6.9070000648498535
2026-05-23 17:19:42,526.4730224609375,88.70800018310547,6.445000171661377
2026-05-23 17:24:44,508.98699951171875,87.60600280761719,6.1529998779296875
2026-05-23 17:29:46,493.4700012207031,87.43299865722656,5.953999996185303
2026-05-23 17:34:48,473.9750061035156,86.77100372314453,5.676000118255615
2026-05-23 17:39:50,450.60101318359375,85.2300033569336,5.300000190734863
2026-05-23 17:44:52,433.12701416015625,84.6729965209961,5.060999870300293
2026-05-23 17:49:54,411.7030029296875,81.82499694824219,4.64900016784668
2026-05-23 17:54:56,390.3269958496094,82.79000091552734,4.459000110626221
2026-05-23 17:59:58,332.7309875488281,90.27400207519531,4.144999980926514
2026-05-23 18:05:00,56.194000244140625,503.9219970703125,3.9079999923706055
2026-05-23 18:10:02,54.75699996948242,485.3890075683594,3.6679999828338623
2026-05-23 18:15:04,54.117000579833984,452.7659912109375,3.38100004196167
2026-05-23 18:20:06,53.01900100708008,428.6679992675781,3.135999917984009
2026-05-23 18:25:08,52.89400100708008,120.58200073242188,0.8799999952316284
2026-05-23 18:30:10,52.60100173950195,118.80400085449219,0.8619999885559082
2026-05-23 18:35:12,51.05400085449219,118.37000274658203,0.8339999914169312
2026-05-23 18:40:14,48.88199996948242,119.16000366210938,0.8040000200271606
2026-05-23 18:45:16,47.862998962402344,118.77899932861328,0.7850000262260437
2026-05-23 18:50:18,47.483001708984375,116.58699798583984,0.7639999985694885
2026-05-23 18:55:20,46.426998138427734,117.15299987792969,0.7509999871253967
2026-05-23 19:00:22,44.928001403808594,125.66100311279297,0.7789999842643738
2026-05-23 19:05:24,44.500999450683594,121.89900207519531,0.7490000128746033
2026-05-23 19:10:26,43.71699905395508,115.95800018310547,0.699999988079071
2026-05-23 19:15:28,42.78200149536133,114.11499786376953,0.6740000247955322
2026-05-23 19:20:30,41.4739990234375,123.77300262451172,0.7080000042915344
2026-05-23 19:25:32,40.020999908447266,116.90299987792969,0.6460000276565552
2026-05-23 19:30:34,38.92599868774414,120.75599670410156,0.6489999890327454
2026-05-23 19:35:36,37.4900016784668,122.61599731445312,0.6340000033378601
2026-05-23 19:40:38,36.03200149536133,115.61299896240234,0.574999988079071
2026-05-23 19:45:39,34.47100067138672,117.91999816894531,0.5609999895095825
2026-05-23 19:50:41,33.05400085449219,122.04499816894531,0.5569999814033508
2026-05-23 19:55:43,31.527000427246094,120.56099700927734,0.5249999761581421
2026-05-23 20:00:45,30.121000289916992,121.96399688720703,0.5070000290870667
2026-05-23 20:05:47,27.85099983215332,118.46700286865234,0.45500001311302185
2026-05-23 20:10:49,23.45599937438965,133.24099731445312,0.4309999942779541
2026-05-23 20:15:51,21.134000778198242,135.49600219726562,0.39500001072883606
2026-05-23 20:20:53,19.288999557495117,134.33700561523438,0.3580000102519989
2026-05-23 20:25:55,17.368999481201172,130.2030029296875,0.31200000643730164
2026-05-23 20:30:57,15.649999618530273,134.91700744628906,0.29100000858306885
2026-05-23 20:35:59,13.661999702453613,132.10400390625,0.24899999797344208
2026-05-23 20:41:01,11.359999656677246,141.50999450683594,0.22200000286102295
2026-05-23 20:46:03,9.265999794006348,157.32400512695312,0.20100000500679016
2026-05-23 20:51:05,7.361999988555908,159.3820037841797,0.16200000047683716
2026-05-23 20:56:07,5.421999931335449,43.18299865722656,0.03200000151991844
2026-05-23 21:01:09,3.6730000972747803,1.0859999656677246,0.0010000000474974513
2026-05-23 21:06:11,2.3359999656677246,0.8849999904632568,0.0
2026-05-23 21:11:13,0.9990000128746033,0.871999979019165,0.0
2026-05-24 05:50:51,0.9990000128746033,0.871999979019165,0.0
2026-05-24 05:55:53,5.638999938964844,0.8339999914169312,0.0010000000474974513
2026-05-24 06:00:55,7.48799991607666,22.42300033569336,0.023000000044703484
2026-05-24 06:05:57,9.51099967956543,64.23600006103516,0.08399999886751175
2026-05-24 06:10:59,11.625,60.880001068115234,0.09799999743700027
2026-05-24 06:16:01,13.812999725341797,73.90599822998047,0.14100000262260437
2026-05-24 06:21:03,16.26099967956543,63.48400115966797,0.1420000046491623
2026-05-24 06:26:05,18.7450008392334,65.94499969482422,0.17100000381469727
2026-05-24 06:31:07,22.513999938964844,66.82099914550781,0.20800000429153442
2026-05-24 06:36:09,24.354999542236328,65.73500061035156,0.22100000083446503
2026-05-24 06:41:11,26.584999084472656,68.0719985961914,0.25
2026-05-24 06:46:13,28.413999557495117,66.49700164794922,0.26100000739097595
2026-05-24 06:51:15,30.333999633789062,63.33399963378906,0.26499998569488525
2026-05-24 06:56:17,32.257999420166016,65.85600280761719,0.2930000126361847
2026-05-24 07:01:19,33.83399963378906,63.59000015258789,0.296999990940094
2026-05-24 07:06:21,35.44499969482422,70.24500274658203,0.3440000116825104
2026-05-24 07:11:23,37.29399871826172,65.42500305175781,0.3370000123977661
2026-05-24 07:16:25,38.76599884033203,67.60199737548828,0.3619999885559082
2026-05-24 07:21:27,40.130001068115234,67.91300201416016,0.37599998712539673
2026-05-24 07:26:29,41.39899826049805,69.1729965209961,0.39500001072883606
2026-05-24 07:31:31,42.70600128173828,72.09200286865234,0.42500001192092896
2026-05-24 07:36:33,44.70399856567383,68.77300262451172,0.42399999499320984
2026-05-24 07:41:35,183.2689971923828,18.094999313354492,0.4580000042915344
2026-05-24 07:46:37,200.8719940185547,16.37700080871582,0.45399999618530273
2026-05-24 07:51:39,218.63800048828125,15.769000053405762,0.47600001096725464
2026-05-24 07:56:41,236.94400024414062,34.4640007019043,1.1269999742507935
2026-05-24 08:01:43,256.427001953125,41.46900177001953,1.4670000076293945
2026-05-24 08:06:45,274.0799865722656,41.999000549316406,1.5889999866485596
2026-05-24 08:11:47,293.1700134277344,43.680999755859375,1.7669999599456787
2026-05-24 08:16:49,312.4960021972656,45.340999603271484,1.9550000429153442
2026-05-24 08:21:51,331.3210144042969,47.547000885009766,2.1740000247955322
2026-05-24 08:26:53,348.8940124511719,49.472999572753906,2.381999969482422
2026-05-24 08:31:55,366.6449890136719,51.095001220703125,2.5850000381469727
2026-05-24 08:36:57,384.5329895019531,53.33000183105469,2.8299999237060547
2026-05-24 08:41:59,405.7439880371094,55.10599899291992,3.0859999656677246
2026-05-24 08:47:01,424.52099609375,57.3120002746582,3.3580000400543213
2026-05-24 08:52:03,445.54998779296875,58.53499984741211,3.5989999771118164
2026-05-24 08:57:05,465.781005859375,60.85200119018555,3.9110000133514404
2026-05-24 09:02:07,485.2640075683594,62.50699996948242,4.185999870300293
2026-05-24 09:07:09,505.9859924316406,64.43199920654297,4.499000072479248
2026-05-24 09:12:11,524.6420288085938,66.45899963378906,4.811999797821045
2026-05-24 09:17:13,544.0479736328125,68.46900177001953,5.140999794006348
2026-05-24 09:22:15,561.7230224609375,70.34100341796875,5.453000068664551
2026-05-24 09:27:17,584.9810180664062,71.46399688720703,5.769000053405762
2026-05-24 09:32:19,602.7589721679688,74.01300048828125,6.156000137329102
2026-05-24 09:37:20,622.0159912109375,74.85199737548828,6.425000190734863
2026-05-24 09:42:22,639.3759765625,76.48100280761719,6.748000144958496
2026-05-24 09:47:24,654.2739868164062,78.375,7.076000213623047
2026-05-24 09:52:26,671.7869873046875,79.48300170898438,7.36899995803833
2026-05-24 09:57:28,689.583984375,80.6719970703125,7.677000045776367
2026-05-24 10:02:30,708.6400146484375,81.70099639892578,7.989999771118164
2026-05-24 10:07:32,723.343994140625,82.86699676513672,8.272000312805176
2026-05-24 10:12:34,739.2109985351562,84.14900207519531,8.583999633789062
2026-05-24 10:17:36,756.8070068359375,85.05400085449219,8.883000373840332
2026-05-24 10:22:38,773.8150024414062,85.947998046875,9.178000450134277
2026-05-24 10:27:40,790.5570068359375,86.54399871826172,9.442000389099121
2026-05-24 10:32:42,806.4019775390625,87.6719970703125,9.755999565124512
2026-05-24 10:37:44,821.6669921875,88.69499969482422,10.057000160217285
2026-05-24 10:42:46,838.6649780273438,89.33699798583984,10.34000015258789
2026-05-24 10:47:48,854.9760131835938,89.87300109863281,10.604000091552734
2026-05-24 10:52:50,871.1019897460938,90.20999908447266,10.843999862670898
2026-05-24 10:57:52,883.5089721679688,91.45099639892578,11.149999618530273
2026-05-24 11:02:54,895.4829711914062,92.3290023803711,11.40999984741211
2026-05-24 11:07:56,908.177978515625,93.46199798583984,11.713000297546387
2026-05-24 11:12:58,919.8740234375,94.31300354003906,11.972000122070312
2026-05-24 11:18:00,932.344970703125,94.98500061035156,12.220999717712402
2026-05-24 11:23:02,945.14501953125,95.51899719238281,12.458999633789062
2026-05-24 11:28:04,956.2310180664062,96.61100006103516,12.74899959564209
2026-05-24 11:33:06,966.0590209960938,97.19999694824219,12.958000183105469
2026-05-24 11:38:08,976.9010009765625,97.63999938964844,13.163000106811523
2026-05-24 11:43:10,987.7119750976562,98.6510009765625,13.446999549865723
2026-05-24 11:48:12,995.9730224609375,99.5250015258789,13.678999900817871
2026-05-24 11:53:14,1004.8569946289062,100.6500015258789,13.956999778747559
2026-05-24 11:58:16,1015.9219970703125,101.06999969482422,14.170000076293945
2026-05-24 12:03:18,1023.6820068359375,101.71499633789062,14.369000434875488
2026-05-24 12:08:20,1028.7750244140625,102.88500213623047,14.607000350952148
2026-05-24 12:13:22,1040.532958984375,102.78900146484375,14.760000228881836
2026-05-24 12:18:24,1043.6500244140625,103.8270034790039,14.954000473022461
2026-05-24 12:23:26,1043.3299560546875,104.58599853515625,15.057999610900879
2026-05-24 12:28:28,1049.552001953125,105.56900024414062,15.289999961853027
2026-05-24 12:33:30,1053.9219970703125,105.74800109863281,15.380000114440918
2026-05-24 12:38:32,1047.52001953125,107.87200164794922,15.593999862670898
2026-05-24 12:43:34,1062.697021484375,107.072998046875,15.70199966430664
2026-05-24 12:48:36,1056.4090576171875,108.50599670410156,15.819000244140625
2026-05-24 12:53:38,1064.155029296875,107.82499694824219,15.835000038146973
2026-05-24 12:58:40,1060.8590087890625,108.22699737548828,15.843999862670898
2026-05-24 13:03:42,1059.115966796875,108.9280014038086,15.920999526977539
2026-05-24 13:08:44,1060.873046875,108.6989974975586,15.913999557495117
2026-05-24 13:13:46,1063.64794921875,108.09500122070312,15.866000175476074
2026-05-24 13:18:48,1062.262939453125,108.65699768066406,15.928000450134277
2026-05-24 13:23:50,1064.35205078125,108.69400024414062,15.96500015258789
2026-05-24 13:47:27,1058.66796875,104.75599670410156,15.303999900817871
2026-05-24 13:52:29,1056.612060546875,105.92400360107422,15.444999694824219
2026-05-24 13:57:31,1050.0780029296875,106.75599670410156,15.470000267028809
2026-05-24 14:02:33,1046.4940185546875,106.90399932861328,15.439000129699707
2026-05-24 14:07:35,1042.9439697265625,107.51300048828125,15.473999977111816
2026-05-24 14:12:37,1035.10205078125,107.21600341796875,15.3149995803833
2026-05-24 14:17:39,1037.9110107421875,107.05400085449219,15.333000183105469
2026-05-24 14:22:41,1027.9449462890625,106.83999633789062,15.156000137329102
2026-05-24 14:27:43,1023.7069702148438,106.447998046875,15.038000106811523
2026-05-24 14:32:45,1015.489990234375,106.13999938964844,14.87399959564209
2026-05-24 14:37:47,1007.2109985351562,106.12000274658203,14.75
2026-05-24 14:42:49,1001.583984375,105.73699951171875,14.614999771118164
2026-05-24 14:47:51,994.030029296875,105.4530029296875,14.465999603271484
2026-05-24 14:52:52,983.9019775390625,104.45800018310547,14.182999610900879
2026-05-24 14:57:54,971.9290161132812,104.07499694824219,13.958999633789062
2026-05-24 15:02:56,957.1950073242188,103.75399780273438,13.704999923706055
2026-05-24 15:07:58,945.5889892578125,102.7770004272461,13.411999702453613
2026-05-24 15:13:00,935.0059814453125,102.53399658203125,13.229999542236328
2026-05-24 15:18:02,914.8909912109375,102.4260025024414,12.932000160217285
2026-05-24 15:23:04,901.9219970703125,101.625,12.64900016784668
2026-05-24 15:28:06,892.052978515625,100.6050033569336,12.385000228881836
2026-05-24 15:33:08,879.4719848632812,100.2229995727539,12.163999557495117
2026-05-24 15:38:10,869.0349731445312,99.81400299072266,11.970000267028809
2026-05-24 15:43:12,851.9450073242188,99.44000244140625,11.690999984741211
2026-05-24 15:48:14,835.7780151367188,98.85299682617188,11.401000022888184
2026-05-24 15:53:16,817.5700073242188,98.88400268554688,11.156999588012695
2026-05-24 15:58:18,802.0980224609375,98.11199951171875,10.859999656677246
2026-05-24 16:03:20,794.0640258789062,96.9520034790039,10.62399959564209
2026-05-24 16:08:22,786.1069946289062,95.56400299072266,10.366999626159668
2026-05-24 16:13:24,767.6229858398438,94.99500274658203,10.062999725341797
2026-05-24 16:18:26,751.9219970703125,94.46499633789062,9.802000045776367
2026-05-24 16:23:28,728.2930297851562,94.83799743652344,9.531999588012695
2026-05-24 16:28:30,714.56201171875,94.05899810791016,9.274999618530273
2026-05-24 16:33:32,698.2030029296875,93.28700256347656,8.98799991607666
2026-05-24 16:38:34,675.3049926757812,92.59400177001953,8.628999710083008
2026-05-24 16:43:36,664.6719970703125,91.14900207519531,8.361000061035156
2026-05-24 16:48:38,645.469970703125,90.51499938964844,8.062999725341797
2026-05-24 16:53:40,623.7210083007812,90.35199737548828,7.7769999504089355
2026-05-24 16:58:42,604.0889892578125,89.51200103759766,7.461999893188477
2026-05-24 17:03:44,593.31201171875,89.11499786376953,7.296000003814697
2026-05-24 17:08:46,570.0250244140625,88.49400329589844,6.960999965667725
2026-05-24 17:13:48,547.2249755859375,88.28500366210938,6.666999816894531
2026-05-24 17:18:50,526.6719970703125,87.572998046875,6.364999771118164
2026-05-24 17:23:52,510.0830078125,85.6780014038086,6.031000137329102
2026-05-24 17:28:54,488.22601318359375,85.61599731445312,5.76800012588501
2026-05-24 17:33:56,467.906005859375,84.34600067138672,5.446000099182129
2026-05-24 17:38:58,445.81298828125,84.0739974975586,5.171999931335449
2026-05-24 17:44:00,425.7550048828125,83.62699890136719,4.913000106811523
2026-05-24 17:49:02,407.89300537109375,82.22000122070312,4.627999782562256
2026-05-24 17:54:04,388.6579895019531,81.87000274658203,4.390999794006348
2026-05-24 17:59:06,357.4859924316406,83.20600128173828,4.105000019073486
2026-05-24 18:04:08,76.37699890136719,364.4219970703125,3.8410000801086426
2026-05-24 18:09:10,73.72100067138672,353.3710021972656,3.5950000286102295
2026-05-24 18:14:12,71.66600036621094,340.95599365234375,3.371999979019165
2026-05-24 18:19:14,69.76200103759766,322.4219970703125,3.1040000915527344
2026-05-24 18:24:16,67.9749984741211,107.43499755859375,1.0080000162124634
2026-05-24 18:29:18,66.53700256347656,111.59600067138672,1.024999976158142
2026-05-24 18:34:20,64.1780014038086,112.45899963378906,0.9959999918937683
2026-05-24 18:39:22,62.5369987487793,111.47200012207031,0.9620000123977661
2026-05-24 18:44:24,60.560001373291016,110.94200134277344,0.9269999861717224
2026-05-24 18:49:26,58.229000091552734,113.14399719238281,0.9089999794960022
2026-05-24 18:54:28,56.106998443603516,112.91100311279297,0.8740000128746033
2026-05-24 18:59:30,54.5620002746582,111.20600128173828,0.8370000123977661
2026-05-24 19:04:32,52.641998291015625,109.51399993896484,0.7960000038146973
2026-05-24 19:09:34,51.01900100708008,113.27400207519531,0.7979999780654907
2026-05-24 19:14:35,49.766998291015625,111.47200012207031,0.765999972820282
2026-05-24 19:19:37,48.12799835205078,112.23400115966797,0.7450000047683716
2026-05-24 19:24:39,46.14899826049805,120.01799774169922,0.7639999985694885
2026-05-24 19:29:41,44.65800094604492,115.55500030517578,0.7120000123977661
2026-05-24 19:34:43,43.150001525878906,111.52899932861328,0.6639999747276306
2026-05-24 19:39:45,41.750999450683594,113.08799743652344,0.6520000100135803
2026-05-24 19:44:47,39.946998596191406,116.31600189208984,0.640999972820282
2026-05-24 19:49:49,38.44900131225586,112.5009994506836,0.597000002861023
2026-05-24 19:54:51,36.87200164794922,113.02400207519531,0.574999988079071
2026-05-24 19:59:53,34.736000061035156,110.88600158691406,0.5320000052452087
2026-05-24 20:04:55,32.25600051879883,119.13300323486328,0.5299999713897705
2026-05-24 20:09:57,28.677000045776367,119.59100341796875,0.4729999899864197
2026-05-24 20:14:59,26.47100067138672,123.48500061035156,0.45100000500679016
2026-05-24 20:20:01,24.04800033569336,131.30999755859375,0.4359999895095825
2026-05-24 20:25:03,21.878999710083008,126.23799896240234,0.38100001215934753
2026-05-24 20:30:05,19.30699920654297,120.57099914550781,0.32100000977516174
2026-05-24 20:35:07,15.972999572753906,123.94200134277344,0.27300000190734863
2026-05-24 20:40:09,13.633999824523926,128.8419952392578,0.24199999868869781
2026-05-24 20:45:11,11.470000267028809,114.44300079345703,0.1809999942779541
2026-05-24 20:50:13,8.11400032043457,151.41700744628906,0.17000000178813934
2026-05-24 20:55:15,5.448999881744385,21.166000366210938,0.01600000075995922
2026-05-24 21:00:17,3.11299991607666,0.8579999804496765,0.0
2026-05-24 21:05:19,1.934000015258789,1.3849999904632568,0.0
2026-05-24 21:10:21,0.6489999890327454,0.6639999747276306,0.0
2026-05-25 05:49:58,0.6489999890327454,0.6639999747276306,0.0
2026-05-25 05:55:00,7.163000106811523,0.7979999780654907,0.0010000000474974513
2026-05-25 06:00:02,9.458000183105469,66.10199737548828,0.0860000029206276
2026-05-25 06:05:04,12.753000259399414,59.37300109863281,0.10400000214576721
2026-05-25 06:10:06,16.187000274658203,57.106998443603516,0.12800000607967377
2026-05-25 06:15:08,20.283000946044922,51.76499938964844,0.14499999582767487
2026-05-25 06:20:10,23.82900047302246,57.12799835205078,0.18799999356269836
2026-05-25 06:25:12,27.69499969482422,61.29600143432617,0.23399999737739563
2026-05-25 06:30:14,32.0369987487793,56.861000061035156,0.25099998712539673
2026-05-25 06:35:16,36.70199966430664,56.41699981689453,0.28600001335144043
2026-05-25 06:40:18,40.42499923706055,58.21799850463867,0.32499998807907104
2026-05-25 06:45:20,43.26599884033203,59.69200134277344,0.35600000619888306
2026-05-25 06:50:22,46.3380012512207,59.44499969482422,0.3799999952316284
2026-05-25 06:55:24,49.32600021362305,58.470001220703125,0.39800000190734863
2026-05-25 07:00:26,52.847999572753906,61.525001525878906,0.4490000009536743
2026-05-25 07:05:28,56.33399963378906,61.12900161743164,0.4749999940395355
2026-05-25 07:10:30,60.013999938964844,61.20500183105469,0.5070000290870667
2026-05-25 07:15:32,63.29399871826172,62.952999114990234,0.550000011920929
2026-05-25 07:20:34,67.23899841308594,62.11899948120117,0.5759999752044678
2026-05-25 07:25:36,71.5999984741211,61.07099914550781,0.6029999852180481
2026-05-25 07:30:38,76.78199768066406,59.99300003051758,0.6359999775886536
2026-05-25 07:35:40,82.02999877929688,58.54199981689453,0.6629999876022339
2026-05-25 07:40:42,133.33900451660156,39.095001220703125,0.718999981880188
2026-05-25 07:45:44,172.09100341796875,30.865999221801758,0.7329999804496765
2026-05-25 07:50:46,181.6230010986328,31.05900001525879,0.777999997138977
2026-05-25 07:55:48,203.1999969482422,31.583999633789062,0.8859999775886536
2026-05-25 08:00:50,221.56100463867188,45.1879997253418,1.3819999694824219
2026-05-25 08:05:52,237.29400634765625,46.31999969482422,1.5169999599456787
2026-05-25 08:10:54,268.00201416015625,46.891998291015625,1.7339999675750732
2026-05-25 08:15:56,288.93499755859375,48.04499816894531,1.9160000085830688
2026-05-25 08:20:58,309.7550048828125,49.319000244140625,2.1080000400543213
2026-05-25 08:26:00,310.239990234375,50.979000091552734,2.183000087738037
2026-05-25 08:31:02,341.36700439453125,52.53799819946289,2.4749999046325684
2026-05-25 08:36:04,359.7690124511719,53.52199935913086,2.6570000648498535
2026-05-25 08:41:06,376.3890075683594,55.577999114990234,2.88700008392334
2026-05-25 08:46:08,395.29400634765625,56.20199966430664,3.065999984741211
2026-05-25 08:51:10,413.89300537109375,58.17300033569336,3.322999954223633
2026-05-25 08:56:12,433.906005859375,59.404998779296875,3.556999921798706
2026-05-25 09:01:14,449.59100341796875,61.060001373291016,3.7880001068115234
2026-05-25 09:06:15,473.510986328125,61.847999572753906,4.040999889373779
2026-05-25 09:11:17,491.7919921875,63.62699890136719,4.317999839782715
2026-05-25 09:16:19,487.0060119628906,66.37300109863281,4.460999965667725
2026-05-25 09:21:21,524.9190063476562,66.61900329589844,4.826000213623047
2026-05-25 09:26:23,535.3189697265625,67.95700073242188,5.019999980926514
2026-05-25 09:31:25,537.6320190429688,70.29399871826172,5.215000152587891
2026-05-25 09:36:27,567.0289916992188,70.94499969482422,5.551000118255615
2026-05-25 09:41:29,592.9920043945312,72.51799774169922,5.934000015258789
2026-05-25 09:46:31,614.10498046875,73.84200286865234,6.257999897003174
2026-05-25 09:51:33,625.9439697265625,75.14399719238281,6.491000175476074
2026-05-25 09:56:35,633.302978515625,76.27300262451172,6.665999889373779
2026-05-25 10:01:37,652.781005859375,77.87100219726562,7.014999866485596
2026-05-25 10:06:39,672.5419921875,78.88700103759766,7.322000026702881
2026-05-25 10:11:41,688.3729858398438,79.82499694824219,7.583000183105469
2026-05-25 10:16:43,703.9409790039062,81.41899871826172,7.908999919891357
2026-05-25 10:21:45,721.3779907226562,82.31199645996094,8.194000244140625
2026-05-25 10:26:47,740.6790161132812,82.93900299072266,8.47700023651123
2026-05-25 10:31:49,757.8790283203125,83.06700134277344,8.687999725341797
2026-05-25 10:36:51,772.166015625,85.47200012207031,9.107999801635742
2026-05-25 10:41:53,789.469970703125,86.30500030517578,9.402999877929688
2026-05-25 10:46:55,806.3150024414062,87.48699951171875,9.734999656677246
2026-05-25 10:51:57,820.9229736328125,87.50599670410156,9.913000106811523
2026-05-25 10:56:59,833.6909790039062,88.69000244140625,10.204000473022461
2026-05-25 11:02:01,846.2169799804688,89.47599792480469,10.449000358581543
2026-05-25 11:07:03,859.6389770507812,90.16699981689453,10.696000099182129
2026-05-25 11:12:05,872.8590087890625,91.11299896240234,10.975000381469727
2026-05-25 11:17:07,885.2529907226562,91.78600311279297,11.213000297546387
2026-05-25 11:22:09,895.094970703125,92.78099822998047,11.461000442504883
2026-05-25 11:27:11,905.1929931640625,93.8219985961914,11.720000267028809
2026-05-25 11:32:13,918.406982421875,94.54000091552734,11.982000350952148
2026-05-25 11:37:15,927.823974609375,94.84400177001953,12.144000053405762
2026-05-25 11:42:17,940.875,95.77300262451172,12.4350004196167
2026-05-25 11:47:19,949.5910034179688,97.2979965209961,12.75
2026-05-25 11:52:21,956.4710083007812,98.10700225830078,12.949000358581543
2026-05-25 11:57:23,963.051025390625,98.47799682617188,13.088000297546387
2026-05-25 12:02:25,975.1199951171875,99.06400299072266,13.331000328063965
2026-05-25 12:07:27,984.1829833984375,99.80599975585938,13.555000305175781
2026-05-25 12:12:29,991.0700073242188,100.72599792480469,13.776000022888184
2026-05-25 12:17:31,996.7789916992188,101.25199890136719,13.928000450134277
2026-05-25 12:22:33,985.3330078125,102.2030029296875,13.897000312805176
2026-05-25 12:27:35,1008.3590087890625,102.3479995727539,14.241999626159668
2026-05-25 12:32:37,1006.0659790039062,103.45700073242188,14.36400032043457
2026-05-25 12:37:39,1022.1069946289062,104.00299835205078,14.670000076293945
2026-05-25 12:42:41,1008.6489868164062,104.85800170898438,14.595999717712402
2026-05-25 12:47:42,1011.8150024414062,105.62300109863281,14.748000144958496
2026-05-25 12:52:44,1015.4879760742188,106.54199981689453,14.930999755859375
2026-05-25 12:57:46,1017.760009765625,106.2959976196289,14.928999900817871
2026-05-25 13:02:48,1016.8319702148438,106.23899841308594,14.907999992370605
2026-05-25 13:07:50,1016.2509765625,106.82599639892578,14.982000350952148
2026-05-25 13:12:52,1019.5150146484375,107.0479965209961,15.060999870300293
2026-05-25 13:17:54,1015.114013671875,107.54199981689453,15.0649995803833
2026-05-25 13:22:56,1017.5289916992188,108.25900268554688,15.20199966430664
2026-05-25 13:46:31,1007.3419799804688,104.37200164794922,14.508999824523926
2026-05-25 13:51:33,1007.823974609375,104.80899810791016,14.57699966430664
2026-05-25 13:56:35,998.9390258789062,105.62699890136719,14.560999870300293
2026-05-25 14:01:37,986.56201171875,105.6729965209961,14.38700008392334
2026-05-25 14:06:39,989.7579956054688,105.45999908447266,14.404000282287598
2026-05-25 14:11:41,987.968017578125,105.88999938964844,14.437000274658203
2026-05-25 14:16:43,986.8480224609375,105.5,14.368000030517578
2026-05-25 14:21:45,977.52001953125,105.61599731445312,14.246999740600586
2026-05-25 14:26:47,977.10400390625,105.83000183105469,14.270000457763672
2026-05-25 14:31:49,974.1229858398438,105.6050033569336,14.196000099182129
2026-05-25 14:36:51,968.3469848632812,105.25800323486328,14.065999984741211
2026-05-25 14:41:53,962.5440063476562,104.65299987792969,13.901000022888184
2026-05-25 14:46:55,951.8099975585938,104.80999755859375,13.767000198364258
2026-05-25 14:51:57,939.8330078125,104.18800354003906,13.512999534606934
2026-05-25 14:56:59,931.9769897460938,104.63600158691406,13.458000183105469
2026-05-25 15:02:01,921.9219970703125,103.80899810791016,13.206999778747559
2026-05-25 15:07:03,909.510986328125,103.65799713134766,13.010000228881836
2026-05-25 15:12:05,887.7940063476562,103.25299835205078,12.649999618530273
2026-05-25 15:17:07,880.9530029296875,102.61499786376953,12.475000381469727
2026-05-25 15:22:09,872.5549926757812,101.62300109863281,12.237000465393066
2026-05-25 15:27:11,859.7620239257812,101.33599853515625,12.02299976348877
2026-05-25 15:32:13,852.9439697265625,100.63500213623047,11.845000267028809
2026-05-25 15:37:15,841.81298828125,99.9990005493164,11.616999626159668
2026-05-25 15:42:17,827.552001953125,99.20700073242188,11.329999923706055
2026-05-25 15:47:19,816.1439819335938,98.24800109863281,11.0649995803833
2026-05-25 15:52:21,800.7020263671875,97.38200378417969,10.760000228881836
2026-05-25 15:57:23,788.8779907226562,96.8489990234375,10.543000221252441
2026-05-25 16:02:25,777.073974609375,96.11000061035156,10.305999755859375
2026-05-25 16:07:27,763.1859741210938,95.51399993896484,10.0600004196167
2026-05-25 16:12:29,744.6510009765625,94.98799896240234,9.76099967956543
2026-05-25 16:17:31,727.0449829101562,94.35399627685547,9.467000007629395
2026-05-25 16:22:33,706.7249755859375,94.3030014038086,9.196999549865723
2026-05-25 16:27:35,690.218994140625,93.97200012207031,8.951000213623047
2026-05-25 16:32:37,669.7069702148438,93.52400207519531,8.642999649047852
2026-05-25 16:37:39,656.4710083007812,92.84700012207031,8.41100025177002
2026-05-25 16:42:41,641.2940063476562,91.77300262451172,8.121999740600586
2026-05-25 16:47:43,630.0,89.99299621582031,7.823999881744385
2026-05-25 16:52:44,604.1690063476562,90.78900146484375,7.570000171661377
2026-05-25 16:57:46,586.9869995117188,90.03500366210938,7.293000221252441
2026-05-25 17:02:48,576.9869995117188,89.05699920654297,7.091000080108643
2026-05-25 17:07:50,556.5280151367188,88.01399993896484,6.760000228881836
2026-05-25 17:12:52,534.0020141601562,87.64600372314453,6.459000110626221
2026-05-25 17:17:54,512.906982421875,87.73200225830078,6.210000038146973
2026-05-25 17:22:56,494.77301025390625,86.73799896240234,5.921999931335449
2026-05-25 17:27:58,476.8550109863281,86.0739974975586,5.664000034332275
2026-05-25 17:33:00,454.9989929199219,85.75299835205078,5.383999824523926
2026-05-25 17:38:02,434.15301513671875,84.79499816894531,5.079999923706055
2026-05-25 17:43:04,414.27099609375,83.81999969482422,4.791999816894531
2026-05-25 17:48:06,397.30999755859375,83.71600341796875,4.590000152587891
2026-05-25 17:53:08,377.7669982910156,83.09200286865234,4.331999778747559
2026-05-25 17:58:10,351.1470031738281,83.58100128173828,4.050000190734863
2026-05-25 18:03:12,92.0250015258789,302.3840026855469,3.8399999141693115
2026-05-25 18:08:14,88.75,288.5559997558594,3.5339999198913574
2026-05-25 18:13:16,85.55000305175781,282.8789978027344,3.3399999141693115
2026-05-25 18:18:18,82.87100219726562,268.97900390625,3.0759999752044678
2026-05-25 18:23:20,79.6780014038086,115.43000030517578,1.2690000534057617
2026-05-25 18:28:22,78.04100036621094,106.53399658203125,1.1469999551773071
2026-05-25 18:33:24,75.81900024414062,109.31900024414062,1.1440000534057617
2026-05-25 18:38:26,72.86399841308594,107.45099639892578,1.0800000429153442
2026-05-25 18:43:28,70.75900268554688,112.00399780273438,1.093999981880188
2026-05-25 18:48:30,68.89399719238281,110.6520004272461,1.0520000457763672
2026-05-25 18:53:32,65.73899841308594,112.72200012207031,1.0230000019073486
2026-05-25 18:58:34,64.36599731445312,107.74800109863281,0.9570000171661377
2026-05-25 19:03:36,62.23500061035156,106.61000061035156,0.9160000085830688
2026-05-25 19:08:38,59.4630012512207,109.64299774169922,0.8999999761581421
2026-05-25 19:13:40,57.3390007019043,111.28199768066406,0.8809999823570251
2026-05-25 19:18:42,55.255001068115234,109.64800262451172,0.8360000252723694
2026-05-25 19:23:44,53.16600036621094,111.7760009765625,0.8199999928474426
2026-05-25 19:28:46,50.73400115966797,107.02999877929688,0.7490000128746033
2026-05-25 19:33:48,48.233001708984375,111.31400299072266,0.7409999966621399
2026-05-25 19:38:50,46.1349983215332,107.09300231933594,0.6819999814033508
2026-05-25 19:43:52,43.87900161743164,113.64399719238281,0.6880000233650208
2026-05-25 19:48:54,41.57699966430664,109.33899688720703,0.6269999742507935
2026-05-25 19:53:56,39.28900146484375,109.9219970703125,0.5960000157356262
2026-05-25 19:58:58,36.8390007019043,116.38999938964844,0.5920000076293945
2026-05-25 20:04:00,34.27399826049805,114.74099731445312,0.5429999828338623
2026-05-25 20:09:02,31.309999465942383,119.16999816894531,0.5149999856948853
2026-05-25 20:14:04,27.735000610351562,118.47000122070312,0.453000009059906
2026-05-25 20:19:06,25.142000198364258,116.18099975585938,0.40299999713897705
2026-05-25 20:24:08,22.461999893188477,123.44300079345703,0.382999986410141
2026-05-25 20:29:10,19.67099952697754,124.75800323486328,0.33899998664855957
2026-05-25 20:34:12,17.03700065612793,122.91799926757812,0.289000004529953
2026-05-25 20:39:14,14.369999885559082,141.4239959716797,0.2800000011920929
2026-05-25 20:44:16,11.718999862670898,138.5330047607422,0.2240000069141388
2026-05-25 20:49:18,9.09000015258789,130.1929931640625,0.16300000250339508
2026-05-25 20:54:20,6.866000175476074,144.11500549316406,0.13699999451637268
2026-05-25 20:59:22,4.926000118255615,12.6899995803833,0.008999999612569809
2026-05-25 21:04:24,2.9670000076293945,1.034000039100647,0.0
2026-05-25 21:09:26,1.5770000219345093,0.781000018119812,0.0
2026-05-26 05:49:04,1.5770000219345093,0.781000018119812,0.0
2026-05-26 05:54:06,5.567999839782715,0.746999979019165,0.0010000000474974513
2026-05-26 05:59:08,7.861000061035156,24.042999267578125,0.026000000536441803
2026-05-26 06:04:10,10.395000457763672,57.50199890136719,0.0820000022649765
2026-05-26 06:09:12,13.232000350952148,63.80799865722656,0.11699999868869781
2026-05-26 06:14:14,16.075000762939453,63.76599884033203,0.14100000262260437
2026-05-26 06:19:16,19.583999633789062,62.35100173950195,0.16899999976158142
2026-05-26 06:24:18,22.64699935913086,68.93699645996094,0.2150000035762787
2026-05-26 06:29:20,25.83099937438965,65.16899871826172,0.23199999332427979
2026-05-26 06:34:22,29.301000595092773,67.44000244140625,0.27300000190734863
2026-05-26 06:39:24,32.404998779296875,63.23099899291992,0.28299999237060547
2026-05-26 06:44:26,35.374000549316406,69.2490005493164,0.33799999952316284
2026-05-26 06:49:28,38.24700164794922,67.94999694824219,0.35899999737739563
2026-05-26 06:54:30,41.12699890136719,64.75299835205078,0.36800000071525574
2026-05-26 06:59:32,43.858001708984375,65.2239990234375,0.39500001072883606
2026-05-26 07:04:34,46.887001037597656,63.676998138427734,0.41200000047683716
2026-05-26 07:09:36,49.66400146484375,68.1510009765625,0.46700000762939453
2026-05-26 07:14:38,52.54899978637695,64.27200317382812,0.4659999907016754
2026-05-26 07:19:40,55.28499984741211,65.1969985961914,0.4970000088214874
2026-05-26 07:24:42,58.16899871826172,67.06400299072266,0.5379999876022339
2026-05-26 07:29:44,61.21099853515625,65.50499725341797,0.5529999732971191
2026-05-26 07:34:46,64.94499969482422,64.0459976196289,0.5740000009536743
2026-05-26 07:39:48,80.47100067138672,54.66899871826172,0.6069999933242798
2026-05-26 07:44:50,177.0540008544922,26.861000061035156,0.656000018119812
2026-05-26 07:49:52,133.07699584960938,35.999000549316406,0.6610000133514404
2026-05-26 07:54:54,210.61900329589844,23.295000076293945,0.6769999861717224
2026-05-26 07:59:56,227.94700622558594,44.14799880981445,1.3890000581741333
2026-05-26 08:04:58,245.5570068359375,44.83000183105469,1.5190000534057617
2026-05-26 08:10:00,264.1969909667969,46.14799880981445,1.6829999685287476
2026-05-26 08:15:02,282.2900085449219,47.88600158691406,1.8650000095367432
2026-05-26 08:20:04,298.47698974609375,49.7239990234375,2.0480000972747803
2026-05-26 08:25:06,315.3280029296875,50.96900177001953,2.2179999351501465
2026-05-26 08:30:08,333.6390075683594,52.2599983215332,2.4059998989105225
2026-05-26 08:35:10,351.64300537109375,53.9109992980957,2.615999937057495
2026-05-26 08:40:12,370.75201416015625,55.39699935913086,2.8340001106262207
2026-05-26 08:45:14,388.22601318359375,56.869998931884766,3.046999931335449
2026-05-26 08:50:16,411.5929870605469,57.645999908447266,3.2739999294281006
2026-05-26 08:55:18,431.3580017089844,59.095001220703125,3.5179998874664307
2026-05-26 09:00:20,447.5769958496094,60.487998962402344,3.7360000610351562
2026-05-26 09:05:22,466.4209899902344,62.10100173950195,3.996999979019165
2026-05-26 09:10:24,484.24700927734375,63.018001556396484,4.210999965667725
2026-05-26 09:15:26,502.84600830078125,64.80400085449219,4.497000217437744
2026-05-26 09:20:27,522.427001953125,65.56700134277344,4.7270002365112305
2026-05-26 09:25:29,537.9500122070312,67.60600280761719,5.019000053405762
2026-05-26 09:30:31,556.7059936523438,68.76000213623047,5.2829999923706055
2026-05-26 09:35:33,574.2579956054688,70.3759994506836,5.577000141143799
2026-05-26 09:40:35,591.8469848632812,71.9749984741211,5.879000186920166
2026-05-26 09:45:37,608.697021484375,72.80500030517578,6.116000175476074
2026-05-26 09:50:39,627.2689819335938,74.3759994506836,6.438000202178955
2026-05-26 09:55:41,643.0800170898438,75.24199676513672,6.677000045776367
2026-05-26 10:00:43,661.0859985351562,76.47200012207031,6.9770002365112305
2026-05-26 10:05:45,675.1129760742188,78.0,7.267000198364258
2026-05-26 10:10:47,696.0800170898438,78.14700317382812,7.506999969482422
2026-05-26 10:15:49,710.802001953125,79.64800262451172,7.813000202178955
2026-05-26 10:20:51,728.3040161132812,80.58399963378906,8.098999977111816
2026-05-26 10:25:53,742.47998046875,81.64700317382812,8.366000175476074
2026-05-26 10:30:55,759.7009887695312,82.56600189208984,8.656000137329102
2026-05-26 10:35:57,772.8590087890625,83.92400360107422,8.951000213623047
2026-05-26 10:40:59,786.9970092773438,84.73200225830078,9.20199966430664
2026-05-26 10:46:01,801.5789794921875,85.67900085449219,9.477999687194824
2026-05-26 10:51:03,815.8989868164062,86.70700073242188,9.762999534606934
2026-05-26 10:56:05,831.5440063476562,85.84700012207031,9.85099983215332
2026-05-26 11:01:07,844.6929931640625,88.00900268554688,10.258999824523926
2026-05-26 11:06:09,856.4569702148438,88.61599731445312,10.473999977111816
2026-05-26 11:11:11,868.0549926757812,89.73200225830078,10.74899959564209
2026-05-26 11:16:13,879.0130004882812,90.64800262451172,10.996000289916992
2026-05-26 11:21:15,890.0800170898438,91.4280014038086,11.229999542236328
2026-05-26 11:26:17,902.7039794921875,92.26699829101562,11.494000434875488
2026-05-26 11:31:19,914.1389770507812,92.41899871826172,11.659000396728516
2026-05-26 11:36:21,923.8619995117188,93.08899688720703,11.868000030517578
2026-05-26 11:41:23,932.1010131835938,94.11599731445312,12.105999946594238
2026-05-26 11:46:25,942.2470092773438,94.69000244140625,12.312999725341797
2026-05-26 11:51:27,951.1929931640625,95.0739974975586,12.479999542236328
2026-05-26 11:56:29,961.52197265625,95.90899658203125,12.72599983215332
2026-05-26 12:01:31,969.06298828125,97.62000274658203,13.055000305175781
2026-05-26 12:06:33,977.5590209960938,98.10600280761719,13.234999656677246
2026-05-26 12:11:35,985.0650024414062,98.41400146484375,13.378000259399414
2026-05-26 12:16:37,988.2379760742188,99.3290023803711,13.545999526977539
2026-05-26 12:21:39,994.8690185546875,99.86399841308594,13.710000038146973
2026-05-26 12:26:41,999.6849975585938,100.46800231933594,13.859999656677246
2026-05-26 12:31:43,1002.06201171875,101.15699768066406,13.98799991607666
2026-05-26 12:36:45,1006.2559814453125,101.72000122070312,14.125
2026-05-26 12:41:47,1008.6400146484375,102.51300048828125,14.269000053405762
2026-05-26 12:46:49,1010.3670043945312,102.802001953125,14.333999633789062
2026-05-26 12:51:51,1014.1389770507812,103.50399780273438,14.484999656677246
2026-05-26 12:56:53,1014.2739868164062,104.2300033569336,14.58899974822998
2026-05-26 13:01:55,1008.9140014648438,104.6760025024414,14.574000358581543
2026-05-26 13:06:57,1010.0339965820312,105.65599822998047,14.72700023651123
2026-05-26 13:11:59,1009.7830200195312,105.34500122070312,14.680000305175781
2026-05-26 13:17:01,1009.0880126953125,105.9540023803711,14.755000114440918
2026-05-26 13:22:03,1007.6160278320312,106.34600067138672,14.786999702453613
2026-05-26 13:45:43,997.3790283203125,103.37000274658203,14.227999687194824
2026-05-26 13:50:45,994.447998046875,103.93199920654297,14.262999534606934
2026-05-26 13:55:47,991.4860229492188,104.75499725341797,14.333000183105469
2026-05-26 14:00:49,987.8779907226562,104.77100372314453,14.282999992370605
2026-05-26 14:05:51,984.3770141601562,105.2760009765625,14.300999641418457
2026-05-26 14:10:53,979.156982421875,105.64199829101562,14.274999618530273
2026-05-26 14:15:55,975.0650024414062,105.63600158691406,14.21399974822998
2026-05-26 14:20:57,971.8699951171875,105.50299835205078,14.149999618530273
2026-05-26 14:25:59,965.52001953125,105.98600006103516,14.121999740600586
2026-05-26 14:31:01,958.60302734375,105.45099639892578,13.949999809265137
2026-05-26 14:36:03,949.4450073242188,105.25399780273438,13.791000366210938
2026-05-26 14:41:05,941.4970092773438,105.0009994506836,13.642000198364258
2026-05-26 14:46:07,935.4580078125,104.88500213623047,13.539999961853027
2026-05-26 14:51:09,924.7730102539062,103.81300354003906,13.248000144958496
2026-05-26 14:56:11,916.3729858398438,103.75700378417969,13.121000289916992
2026-05-26 15:01:13,908.0390014648438,103.29100036621094,12.942999839782715
2026-05-26 15:06:15,899.3829956054688,103.10900115966797,12.79699993133545
2026-05-26 15:11:17,887.4219970703125,102.7979965209961,12.58899974822998
2026-05-26 15:16:19,877.1190185546875,102.41999816894531,12.397000312805176
2026-05-26 15:21:21,866.6669921875,101.36599731445312,12.123000144958496
2026-05-26 15:26:23,855.5250244140625,101.09200286865234,11.9350004196167
2026-05-26 15:31:25,842.9600219726562,100.62300109863281,11.704999923706055
2026-05-26 15:36:27,830.9920043945312,99.85199737548828,11.451000213623047
2026-05-26 15:41:29,822.4299926757812,98.98899841308594,11.234999656677246
2026-05-26 15:46:31,805.343994140625,98.93499755859375,10.994999885559082
2026-05-26 15:51:33,794.2219848632812,98.16100311279297,10.758999824523926
2026-05-26 15:56:35,778.0850219726562,97.69300079345703,10.489999771118164
2026-05-26 16:01:37,765.2960205078125,96.86599731445312,10.229999542236328
2026-05-26 16:06:39,759.5020141601562,95.1520004272461,9.972999572753906
2026-05-26 16:11:41,743.0469970703125,94.81199645996094,9.722000122070312
2026-05-26 16:16:43,722.0369873046875,94.63200378417969,9.428999900817871
2026-05-26 16:21:45,703.4010009765625,94.1989974975586,9.144000053405762
2026-05-26 16:26:47,685.2550048828125,94.55699920654297,8.942000389099121
2026-05-26 16:31:49,666.7570190429688,93.5009994506836,8.602999687194824
2026-05-26 16:36:51,654.2860107421875,92.56999969482422,8.357999801635742
2026-05-26 16:41:53,642.7680053710938,91.66300201416016,8.130999565124512
2026-05-26 16:46:55,630.1010131835938,90.05799865722656,7.830999851226807
2026-05-26 16:51:57,604.5689697265625,90.65599822998047,7.563000202178955
2026-05-26 16:56:59,591.2050170898438,90.322998046875,7.36899995803833
2026-05-26 17:02:01,580.3980102539062,88.19599914550781,7.064000129699707
2026-05-26 17:07:03,565.3389892578125,87.31999969482422,6.811999797821045
2026-05-26 17:12:05,539.22900390625,87.98200225830078,6.546999931335449
2026-05-26 17:17:07,523.9099731445312,87.17900085449219,6.302999973297119
2026-05-26 17:22:09,468.5580139160156,87.35700225830078,5.64900016784668
2026-05-26 17:27:11,482.53900146484375,86.50499725341797,5.760000228881836
2026-05-26 17:32:13,311.0469970703125,89.78399658203125,3.8540000915527344
2026-05-26 17:37:15,211.60499572753906,92.90399932861328,2.7130000591278076
2026-05-26 17:42:17,111.44499969482422,104.23500061035156,1.6030000448226929
2026-05-26 17:47:19,144.85899353027344,108.7959976196289,2.174999952316284
2026-05-26 17:52:21,72.0270004272461,109.4229965209961,1.0880000591278076
2026-05-26 17:57:22,69.38300323486328,113.03800201416016,1.0820000171661377
2026-05-26 18:02:24,57.62099838256836,110.17500305175781,0.8759999871253967
2026-05-26 18:07:26,55.810001373291016,112.9739990234375,0.8700000047683716
2026-05-26 18:12:28,59.487998962402344,106.88099670410156,0.8769999742507935
2026-05-26 18:17:30,66.15299987792969,106.95999908447266,0.9760000109672546
2026-05-26 18:22:32,62.47100067138672,105.38200378417969,0.9079999923706055
2026-05-26 18:27:34,61.040000915527344,107.9020004272461,0.9089999794960022
2026-05-26 18:32:36,61.7760009765625,109.85199737548828,0.9359999895095825
2026-05-26 18:37:38,59.279998779296875,111.7300033569336,0.9139999747276306
2026-05-26 18:42:40,59.50600051879883,111.49299621582031,0.9160000085830688
2026-05-26 18:47:42,62.9900016784668,113.45800018310547,0.9860000014305115
2026-05-26 18:52:44,64.26300048828125,106.9219970703125,0.9480000138282776
2026-05-26 18:57:46,63.71799850463867,109.75,0.9649999737739563
2026-05-26 19:02:48,62.516998291015625,106.59200286865234,0.9200000166893005
2026-05-26 19:07:50,61.62099838256836,110.21900177001953,0.9369999766349792
2026-05-26 19:12:52,59.85100173950195,107.35700225830078,0.8870000243186951
2026-05-26 19:17:54,57.637001037597656,108.16899871826172,0.8600000143051147
2026-05-26 19:22:56,54.81800079345703,106.02400207519531,0.8019999861717224
2026-05-26 19:27:58,52.073001861572266,107.0999984741211,0.7699999809265137
2026-05-26 19:33:00,49.40999984741211,106.052001953125,0.7229999899864197
2026-05-26 19:38:02,45.28200149536133,108.77300262451172,0.6800000071525574
2026-05-26 19:43:04,44.26300048828125,107.13099670410156,0.6539999842643738
2026-05-26 19:48:06,46.0,105.97100067138672,0.6729999780654907
2026-05-26 19:53:08,46.736000061035156,102.552001953125,0.6610000133514404
2026-05-26 19:58:10,45.88600158691406,105.31900024414062,0.6669999957084656
2026-05-26 20:03:12,43.499000549316406,100.9540023803711,0.6060000061988831
2026-05-26 20:08:14,39.611000061035156,106.57499694824219,0.5830000042915344
2026-05-26 20:13:16,35.582000732421875,104.85399627685547,0.5149999856948853
2026-05-26 20:18:18,32.244998931884766,105.51399993896484,0.4699999988079071
2026-05-26 20:23:20,29.155000686645508,105.08200073242188,0.4230000078678131
2026-05-26 20:28:22,25.67300033569336,104.07499694824219,0.36899998784065247
2026-05-26 20:33:24,22.538999557495117,103.60600280761719,0.32199999690055847
2026-05-26 20:38:26,20.388999938964844,109.79499816894531,0.3089999854564667
2026-05-26 20:43:28,18.21299934387207,124.06800079345703,0.31200000643730164
2026-05-26 20:48:30,14.694999694824219,115.51699829101562,0.23399999737739563
2026-05-26 20:53:32,11.335000038146973,119.98400115966797,0.18799999356269836
2026-05-26 20:58:34,8.10099983215332,112.87899780273438,0.12600000202655792
2026-05-26 21:03:36,5.4629998207092285,0.847000002861023,0.0010000000474974513
2026-05-26 21:08:38,3.509000062942505,0.6819999814033508,0.0
2026-05-26 21:13:40,2.191999912261963,0.6499999761581421,0.0
2026-05-27 05:53:13,2.191999912261963,0.6499999761581421,0.0
2026-05-27 05:58:15,6.425000190734863,0.6470000147819519,0.0010000000474974513
2026-05-27 06:03:17,8.89799976348877,33.64500045776367,0.04100000113248825
2026-05-27 06:08:19,12.23799991607666,55.33000183105469,0.09300000220537186
2026-05-27 06:13:21,15.972999572753906,67.92500305175781,0.15000000596046448
2026-05-27 06:18:23,18.8700008392334,60.15800094604492,0.15700000524520874
2026-05-27 06:23:25,22.27400016784668,68.28600311279297,0.20999999344348907
2026-05-27 06:28:27,26.538999557495117,62.80099868774414,0.23000000417232513
2026-05-27 06:33:29,31.440000534057617,63.71900177001953,0.2759999930858612
2026-05-27 06:38:30,34.47100067138672,65.36900329589844,0.3109999895095825
2026-05-27 06:43:32,37.869998931884766,59.66899871826172,0.31200000643730164
2026-05-27 06:48:34,39.48099899291992,63.8129997253418,0.3479999899864197
2026-05-27 06:53:36,38.78900146484375,65.38200378417969,0.3499999940395355
2026-05-27 06:58:38,41.56100082397461,64.65399932861328,0.3709999918937683
2026-05-27 07:03:40,45.9379997253418,67.24500274658203,0.4259999990463257
2026-05-27 07:08:42,48.4370002746582,64.01799774169922,0.42800000309944153
2026-05-27 07:13:44,51.26599884033203,68.27200317382812,0.4830000102519989
2026-05-27 07:18:46,53.88199996948242,68.26799774169922,0.5080000162124634
2026-05-27 07:23:48,56.375,65.11100006103516,0.5070000290870667
2026-05-27 07:28:50,59.46699905395508,65.447998046875,0.5370000004768372
2026-05-27 07:33:52,62.992000579833984,66.0790023803711,0.5740000009536743
2026-05-27 07:38:54,65.87699890136719,66.25900268554688,0.6019999980926514
2026-05-27 07:43:56,179.66400146484375,25.29599952697754,0.6269999742507935
2026-05-27 07:48:58,196.76100158691406,24.333999633789062,0.6610000133514404
2026-05-27 07:54:00,213.88600158691406,23.055999755859375,0.6809999942779541
2026-05-27 07:59:02,230.2989959716797,37.83599853515625,1.2020000219345093
2026-05-27 08:04:04,247.65499877929688,45.61000061035156,1.559000015258789
2026-05-27 08:09:06,266.0369873046875,46.17900085449219,1.6950000524520874
2026-05-27 08:14:08,282.9049987792969,48.38600158691406,1.8890000581741333
2026-05-27 08:19:10,301.1199951171875,50.17499923706055,2.0850000381469727
2026-05-27 08:24:12,319.0509948730469,51.17100143432617,2.253000020980835
2026-05-27 08:29:14,337.1820068359375,52.375999450683594,2.437000036239624
2026-05-27 08:34:16,354.90301513671875,54.12300109863281,2.6510000228881836
2026-05-27 08:39:18,373.68701171875,55.14699935913086,2.8440001010894775
2026-05-27 08:44:20,392.0639953613281,56.90299987792969,3.0789999961853027
2026-05-27 08:49:22,408.8179931640625,58.54399871826172,3.302999973297119
2026-05-27 08:54:24,428.0480041503906,61.152000427246094,3.611999988555908
2026-05-27 08:59:26,447.7669982910156,61.13100051879883,3.7769999504089355
2026-05-27 09:04:28,464.8819885253906,62.90999984741211,4.035999774932861
2026-05-27 09:09:30,483.0419921875,63.45100021362305,4.230000019073486
2026-05-27 09:14:32,501.2300109863281,65.13500213623047,4.505000114440918
2026-05-27 09:19:34,519.7620239257812,67.11199951171875,4.814000129699707
2026-05-27 09:24:36,538.4089965820312,67.99500274658203,5.052000045776367
2026-05-27 09:29:38,557.7550048828125,69.57499694824219,5.355000019073486
2026-05-27 09:34:40,573.4669799804688,70.60099792480469,5.586999893188477
2026-05-27 09:39:42,592.18701171875,72.15499877929688,5.896999835968018
2026-05-27 09:44:44,611.4829711914062,72.8239974975586,6.144999980926514
2026-05-27 09:49:46,632.6329956054688,73.55699920654297,6.421999931335449
2026-05-27 09:54:48,650.60302734375,75.0270004272461,6.736000061035156
2026-05-27 09:59:50,663.4879760742188,76.27899932861328,6.984000205993652
2026-05-27 10:04:52,682.06201171875,76.63099670410156,7.2129998207092285
2026-05-27 10:09:54,696.614013671875,77.75599670410156,7.474999904632568
2026-05-27 10:14:56,716.4210205078125,78.95500183105469,7.806000232696533
2026-05-27 10:19:58,733.1290283203125,80.28900146484375,8.123000144958496
2026-05-27 10:25:00,749.4879760742188,80.03600311279297,8.277999877929688
2026-05-27 10:30:02,765.9290161132812,81.24099731445312,8.586999893188477
2026-05-27 10:35:04,780.3460083007812,82.73500061035156,8.90999984741211
2026-05-27 10:40:06,793.0029907226562,83.31500244140625,9.116999626159668
2026-05-27 10:45:08,811.1090087890625,84.2979965209961,9.435999870300293
2026-05-27 10:50:10,821.2890014648438,84.71600341796875,9.60200023651123
2026-05-27 10:52:44,829.2659912109375,84.9020004272461,9.715999603271484
2026-05-27 10:57:46,847.3510131835938,85.80699920654297,10.034000396728516
2026-05-27 11:02:48,856.14599609375,86.45800018310547,10.21500015258789
2026-05-27 11:07:50,872.7470092773438,86.89299774169922,10.46500015258789
2026-05-27 11:12:52,890.989990234375,88.30599975585938,10.857999801635742
2026-05-27 11:27:55,919.7680053710938,0.18199999630451202,0.023000000044703484
2026-05-27 12:49:24,1014.4340209960938,96.61499786376953,13.524999618530273
2026-05-27 12:54:26,1022.7999877929688,107.50199890136719,15.173999786376953
2026-05-27 12:59:28,1017.7830200195312,107.64399719238281,15.119000434875488
2026-05-27 13:04:30,1024.511962890625,107.30400085449219,15.170999526977539
2026-05-27 13:09:32,1015.7369995117188,109.17400360107422,15.303000450134277
2026-05-27 13:14:34,1021.4329833984375,108.72599792480469,15.326000213623047
2026-05-27 13:19:36,1007.8699951171875,108.10199737548828,15.03499984741211
2026-05-27 13:24:38,1012.6389770507812,108.35399627685547,15.142000198364258
2026-05-27 13:47:15,1005.6270141601562,19.851999282836914,2.755000114440918
2026-05-27 13:52:17,1003.718994140625,20.722999572753906,2.869999885559082
2026-05-27 13:57:19,1002.1829833984375,76.03299713134766,10.515000343322754
2026-05-27 14:02:21,1008.2789916992188,83.04199981689453,11.555000305175781
2026-05-27 14:07:23,990.6380004882812,87.43000030517578,11.95199966430664
2026-05-27 14:12:25,975.5130004882812,91.18499755859375,12.274999618530273
2026-05-27 14:23:42,971.1810302734375,97.76599884033203,13.102999687194824
2026-05-27 15:09:53,898.6480102539062,95.68000030517578,11.866000175476074
2026-05-27 15:16:48,886.9169921875,14.951000213623047,1.8300000429153442
2026-05-27 15:31:29,848.22900390625,80.09400177001953,9.375
2026-05-27 15:55:09,821.5369873046875,83.23899841308594,9.437000274658203
2026-05-27 16:07:09,783.6480102539062,89.45899963378906,9.673999786376953
2026-05-27 16:12:11,768.760986328125,91.10299682617188,9.664999961853027
2026-05-27 16:17:13,747.4169921875,91.03900146484375,9.390000343322754
2026-05-27 16:22:15,728.31298828125,90.9530029296875,9.140999794006348
2026-05-27 16:27:17,703.4580078125,90.28800201416016,8.765000343322754
2026-05-27 16:32:19,684.5360107421875,89.58100128173828,8.461999893188477
2026-05-27 16:37:21,665.56298828125,89.76599884033203,8.244999885559082
2026-05-27 16:42:23,654.176025390625,89.88600158691406,8.114999771118164
2026-05-27 16:47:25,639.6300048828125,88.14600372314453,7.781000137329102
2026-05-27 16:52:27,618.1690063476562,88.48400115966797,7.547999858856201
2026-05-27 16:57:29,612.7789916992188,87.76200103759766,7.421000003814697
2026-05-27 17:02:31,597.8629760742188,86.12699890136719,7.105999946594238
2026-05-27 17:07:33,573.6749877929688,85.81199645996094,6.794000148773193
2026-05-27 17:12:35,545.1610107421875,85.60900115966797,6.440999984741211
2026-05-27 17:17:37,527.489990234375,84.6719970703125,6.164000034332275
2026-05-27 17:22:39,515.8619995117188,84.13600158691406,5.989999771118164
2026-05-27 17:27:41,500.1650085449219,83.38500213623047,5.755000114440918
2026-05-27 17:32:43,480.5870056152344,82.84600067138672,5.49399995803833
2026-05-27 17:37:45,462.2510070800781,81.52899932861328,5.201000213623047
2026-05-27 17:42:47,440.2149963378906,81.35600280761719,4.941999912261963
2026-05-27 17:47:49,422.0270080566406,79.77999877929688,4.645999908447266
2026-05-27 17:52:51,404.2650146484375,78.07099914550781,4.355000019073486
2026-05-27 17:57:53,301.1470031738281,100.8759994506836,4.191999912261963
2026-05-27 18:02:55,91.97699737548828,311.06298828125,3.947999954223633
2026-05-27 18:07:57,87.4739990234375,305.0140075683594,3.681999921798706
2026-05-27 18:12:59,79.0469970703125,310.8280029296875,3.3910000324249268
2026-05-27 18:18:01,73.21900177001953,308.17999267578125,3.114000082015991
2026-05-27 18:23:03,70.21499633789062,107.41300201416016,1.0410000085830688
2026-05-27 18:28:04,67.8270034790039,105.24400329589844,0.9850000143051147
2026-05-27 18:33:06,64.76300048828125,107.40399932861328,0.9599999785423279
2026-05-27 18:38:08,63.0880012512207,104.75199890136719,0.9120000004768372
2026-05-27 18:43:10,60.94599914550781,106.41799926757812,0.8949999809265137
2026-05-27 18:48:12,59.28200149536133,109.3270034790039,0.8939999938011169
2026-05-27 18:53:14,57.71200180053711,105.64199829101562,0.8410000205039978
2026-05-27 18:58:16,55.334999084472656,107.68699645996094,0.8220000267028809
2026-05-27 19:03:18,53.7869987487793,108.77999877929688,0.8069999814033508
2026-05-27 19:08:20,52.81800079345703,108.41899871826172,0.7900000214576721
2026-05-27 19:13:22,52.11199951171875,106.7770004272461,0.7680000066757202
2026-05-27 19:18:24,51.310001373291016,105.80400085449219,0.7490000128746033
2026-05-27 19:23:26,49.527000427246094,107.38300323486328,0.734000027179718
2026-05-27 19:28:28,47.525001525878906,109.56500244140625,0.718999981880188
2026-05-27 19:33:30,46.082000732421875,109.40899658203125,0.6959999799728394
2026-05-27 19:38:32,44.07099914550781,108.94400024414062,0.6629999876022339
2026-05-27 19:43:34,41.909000396728516,113.74299621582031,0.6579999923706055
2026-05-27 19:48:36,40.08700180053711,106.4729995727539,0.5889999866485596
2026-05-27 19:53:38,38.28300094604492,109.91600036621094,0.5809999704360962
2026-05-27 19:58:40,36.42100143432617,109.697998046875,0.5509999990463257
2026-05-27 20:03:42,34.3129997253418,113.66000366210938,0.5379999876022339
2026-05-27 20:08:44,32.01599884033203,110.2750015258789,0.4869999885559082
2026-05-27 20:13:46,27.465999603271484,109.78399658203125,0.41600000858306885
2026-05-27 20:18:48,24.617000579833984,116.39800262451172,0.39500001072883606
2026-05-27 20:23:50,22.625999450683594,113.94100189208984,0.35600000619888306
2026-05-27 20:28:52,20.239999771118164,120.56099700927734,0.3370000123977661
2026-05-27 20:33:54,18.11400032043457,113.6760025024414,0.2840000092983246
2026-05-27 20:38:56,15.807999610900879,119.68000030517578,0.26100000739097595
2026-05-27 20:43:58,13.480999946594238,127.2030029296875,0.2370000034570694
2026-05-27 20:49:00,11.300999641418457,120.06500244140625,0.18700000643730164
2026-05-27 20:54:02,9.121999740600586,141.18899536132812,0.17800000309944153
2026-05-27 20:59:04,6.8429999351501465,98.01599884033203,0.09300000220537186
2026-05-27 21:04:06,5.000999927520752,0.824999988079071,0.0010000000474974513
2026-05-27 21:09:08,2.8340001106262207,0.9789999723434448,0.0
2026-05-27 21:14:10,1.3049999475479126,1.0169999599456787,0.0
2026-05-28 05:52:14,1.3049999475479126,1.0169999599456787,0.0
2026-05-28 05:57:16,6.697000026702881,0.8939999938011169,0.0010000000474974513
2026-05-28 06:02:18,9.105999946594238,51.76599884033203,0.06499999761581421
2026-05-28 06:07:20,11.630000114440918,58.3120002746582,0.09399999678134918
2026-05-28 06:12:22,14.26099967956543,63.095001220703125,0.12399999797344208
2026-05-28 06:17:24,17.055999755859375,64.49099731445312,0.15199999511241913
2026-05-28 06:22:26,19.990999221801758,57.284000396728516,0.15800000727176666
2026-05-28 06:27:28,22.7450008392334,57.05400085449219,0.17900000512599945
2026-05-28 06:32:30,26.062000274658203,62.582000732421875,0.22499999403953552
2026-05-28 06:37:32,28.93000030517578,61.76300048828125,0.24699999392032623
2026-05-28 06:42:34,31.329999923706055,58.91899871826172,0.2549999952316284
2026-05-28 06:47:36,33.874000549316406,56.59700012207031,0.26499998569488525
2026-05-28 06:52:38,36.42100143432617,60.529998779296875,0.30399999022483826
2026-05-28 06:57:40,38.49399948120117,64.08999633789062,0.3400000035762787
2026-05-28 07:02:42,40.84299850463867,59.44599914550781,0.33500000834465027
2026-05-28 07:07:44,42.97600173950195,62.06100082397461,0.36800000071525574
2026-05-28 07:12:46,45.387001037597656,60.492000579833984,0.3790000081062317
2026-05-28 07:17:48,47.790000915527344,62.1619987487793,0.4099999964237213
2026-05-28 07:22:50,49.94499969482422,61.178001403808594,0.421999990940094
2026-05-28 07:27:52,52.16699981689453,59.415000915527344,0.42800000309944153
2026-05-28 07:32:54,54.25400161743164,59.736000061035156,0.44699999690055847
2026-05-28 07:37:56,56.4640007019043,62.52899932861328,0.4869999885559082
2026-05-28 07:42:58,127.31400299072266,28.861000061035156,0.5070000290870667
2026-05-28 07:48:00,192.2030029296875,19.530000686645508,0.5180000066757202
2026-05-28 07:53:02,208.75399780273438,18.606000900268555,0.5360000133514404
2026-05-28 07:58:04,226.07400512695312,18.97800064086914,0.5920000076293945
2026-05-28 08:03:06,244.26600646972656,39.15599822998047,1.3200000524520874
2026-05-28 08:08:08,260.57598876953125,40.34600067138672,1.4509999752044678
2026-05-28 08:13:10,276.9049987792969,40.5620002746582,1.5499999523162842
2026-05-28 08:18:12,295.7449951171875,42.625,1.7400000095367432
2026-05-28 08:23:14,313.6499938964844,43.6510009765625,1.8890000581741333
2026-05-28 08:28:16,332.63800048828125,45.38800048828125,2.0840001106262207
2026-05-28 08:33:18,350.4330139160156,47.073001861572266,2.2760000228881836
2026-05-28 08:38:20,371.12200927734375,47.96900177001953,2.4570000171661377
2026-05-28 08:43:22,389.5610046386719,49.520999908447266,2.6619999408721924
2026-05-28 08:48:24,403.2659912109375,51.1349983215332,2.8459999561309814
2026-05-28 08:53:25,421.72601318359375,52.582000732421875,3.059999942779541
2026-05-28 08:58:27,443.56298828125,53.029998779296875,3.246000051498413
2026-05-28 09:03:29,479.0580139160156,54.10200119018555,3.5769999027252197
2026-05-28 09:08:31,486.4620056152344,54.972999572753906,3.690000057220459
2026-05-28 09:13:33,467.70098876953125,57.08399963378906,3.684000015258789
2026-05-28 09:18:35,544.385986328125,58.63999938964844,4.40500020980835
2026-05-28 09:23:37,472.1300048828125,60.87300109863281,3.9660000801086426
2026-05-28 09:28:39,537.31201171875,61.11199951171875,4.531000137329102
2026-05-28 09:47:38,641.364990234375,69.56199645996094,6.1570000648498535
2026-05-28 09:52:40,655.4879760742188,70.27200317382812,6.35699987411499
2026-05-28 09:57:42,630.7949829101562,71.41999816894531,6.2170000076293945
2026-05-28 10:39:06,805.6909790039062,85.9020004272461,9.550999641418457
2026-05-28 10:44:08,812.9190063476562,87.63800048828125,9.831000328063965
2026-05-28 12:03:18,988.4429931640625,80.98899841308594,11.04699993133545
2026-05-28 12:08:20,998.0070190429688,99.49299621582031,13.70300006866455
2026-05-28 12:13:22,1008.2990112304688,99.48100280761719,13.842000007629395
2026-05-28 12:18:24,1012.8209838867188,99.82099914550781,13.95199966430664
2026-05-28 12:23:26,1017.2739868164062,99.70099639892578,13.996000289916992
2026-05-28 12:28:28,1020.2670288085938,100.60099792480469,14.163999557495117
2026-05-28 12:33:30,1022.875,101.12200164794922,14.27400016784668
2026-05-28 12:38:32,1026.3790283203125,101.572998046875,14.38700008392334
2026-05-28 12:43:34,1028.2490234375,101.89800262451172,14.458999633789062
2026-05-28 12:48:36,1027.9129638671875,102.43800354003906,14.531000137329102
2026-05-28 12:53:38,1031.237060546875,102.0469970703125,14.522000312805176
2026-05-28 12:58:40,1026.0040283203125,102.93099975585938,14.574000358581543
2026-05-28 13:03:42,1030.833984375,102.58000183105469,14.593000411987305
2026-05-28 13:08:44,1035.7640380859375,102.6500015258789,14.67199993133545
2026-05-28 13:13:46,1032.8299560546875,103.64199829101562,14.772000312805176
2026-05-28 13:18:48,1037.3160400390625,102.94599914550781,14.737000465393066
2026-05-28 13:23:50,1035.6319580078125,103.23600006103516,14.753999710083008
2026-05-28 17:25:55,292.54400634765625,37.95600128173828,1.531999945640564
2026-05-29 08:09:46,292.54400634765625,37.95600128173828,1.531999945640564
2026-05-29 08:14:48,310.3699951171875,39.81800079345703,1.7050000429153442
2026-05-29 08:19:50,329.3489990234375,41.15399932861328,1.8700000047683716
2026-05-29 08:24:52,348.5710144042969,42.76900100708008,2.056999921798706
2026-05-29 08:29:54,369.24798583984375,44.29399871826172,2.256999969482422
2026-05-29 08:34:57,385.4419860839844,45.926998138427734,2.443000078201294
2026-05-29 08:39:59,406.0140075683594,47.685001373291016,2.671999931335449
2026-05-29 08:45:01,424.67401123046875,48.790000915527344,2.8589999675750732
2026-05-29 08:50:03,444.20599365234375,50.382999420166016,3.0880000591278076
2026-05-29 08:55:05,465.5589904785156,52.53799819946289,3.375
2026-05-29 09:00:07,484.05499267578125,52.37799835205078,3.499000072479248
2026-05-29 09:05:09,504.48199462890625,53.2599983215332,3.7079999446868896
2026-05-29 09:10:11,522.5689697265625,55.375,3.993000030517578
2026-05-29 09:15:13,541.1630249023438,56.87300109863281,4.247000217437744
2026-05-29 09:20:16,564.3150024414062,57.6870002746582,4.492000102996826
2026-05-29 09:25:18,580.5460205078125,58.89400100708008,4.7179999351501465
2026-05-29 09:30:20,600.1900024414062,60.05400085449219,4.973999977111816
2026-05-29 09:35:22,616.8569946289062,61.71200180053711,5.252999782562256
2026-05-29 09:40:24,633.7369995117188,62.88399887084961,5.5
2026-05-29 09:45:26,651.989013671875,64.37999725341797,5.793000221252441
2026-05-29 09:50:28,668.3330078125,65.59200286865234,6.050000190734863
2026-05-29 09:55:30,688.3200073242188,66.69599914550781,6.335000038146973
2026-05-29 10:00:32,704.989990234375,67.86900329589844,6.603000164031982
2026-05-29 10:05:35,721.968017578125,68.9739990234375,6.872000217437744
2026-05-29 10:10:37,738.0009765625,70.302001953125,7.159999847412109
2026-05-29 10:15:39,753.6799926757812,71.87100219726562,7.474999904632568
2026-05-29 10:20:41,773.8289794921875,72.86299896240234,7.781000137329102
2026-05-29 10:25:43,790.9140014648438,73.51000213623047,8.02299976348877
2026-05-29 10:30:45,806.4149780273438,74.85800170898438,8.331000328063965
2026-05-29 11:26:43,957.7689819335938,84.85099792480469,11.21500015258789
2026-05-29 11:30:22,965.3499755859375,85.31800079345703,11.366000175476074
2026-05-29 11:34:07,974.9210205078125,85.56999969482422,11.512999534606934
2026-05-29 11:38:48,985.4329833984375,84.65699768066406,11.512999534606934
2026-05-29 11:39:15,985.4329833984375,84.65699768066406,11.512999534606934
2026-05-29 11:44:52,995.5130004882812,86.91100311279297,11.9399995803833
2026-05-29 11:50:19,1002.5460205078125,86.3010025024414,11.9399995803833
2026-05-29 11:54:05,1008.6719970703125,85.7770004272461,11.9399995803833
2026-05-29 11:55:17,1014.218994140625,85.30799865722656,11.9399995803833
2026-05-29 11:55:47,1015.0330200195312,85.23999786376953,11.9399995803833
2026-05-29 11:56:09,1015.0330200195312,85.23999786376953,11.9399995803833
2026-05-29 11:56:30,1015.85400390625,85.1709976196289,11.9399995803833
2026-05-29 12:01:03,1020.7249755859375,84.76399993896484,11.9399995803833
2026-05-29 12:01:42,1021.7030029296875,84.68299865722656,11.9399995803833
2026-05-29 12:05:48,1020.2030029296875,84.80799865722656,11.9399995803833
2026-05-29 12:08:27,1032.718017578125,83.77999877929688,11.9399995803833
2026-05-29 12:09:21,1032.654052734375,83.78500366210938,11.9399995803833
2026-05-29 12:09:44,1032.654052734375,83.78500366210938,11.9399995803833
2026-05-29 12:09:58,1033.552001953125,83.71199798583984,11.9399995803833
2026-05-29 12:11:16,1035.7850341796875,83.53199768066406,11.9399995803833
2026-05-29 12:12:01,1035.927001953125,90.8239974975586,12.984000205993652
2026-05-29 12:17:03,1042.9840087890625,90.64800262451172,13.04699993133545
2026-05-29 12:22:05,1047.010009765625,91.8239974975586,13.267000198364258
2026-05-29 12:27:07,1050.6190185546875,91.08100128173828,13.204999923706055
2026-05-29 12:32:10,1054.0250244140625,91.85600280761719,13.361000061035156
2026-05-29 12:37:12,1056.66796875,92.58200073242188,13.5
2026-05-29 12:42:14,1061.1929931640625,93.26699829101562,13.657999992370605
2026-05-29 12:47:16,1061.1800537109375,93.5009994506836,13.692999839782715
2026-05-29 12:52:18,1065.5379638671875,93.33999633789062,13.725000381469727
2026-05-29 12:57:20,1063.7740478515625,93.50900268554688,13.72700023651123
2026-05-29 13:02:22,1063.2139892578125,94.30799865722656,13.836999893188477
2026-05-29 13:10:52,1063.0350341796875,94.3239974975586,13.836999893188477
2026-05-29 13:11:20,1062.72705078125,94.35099792480469,13.836999893188477
2026-05-29 13:11:58,1063.4150390625,94.29000091552734,13.836999893188477
2026-05-29 17:13:43,567.7369995117188,176.61199951171875,13.836999893188477
2026-05-29 17:16:26,557.3140258789062,179.9149932861328,13.836999893188477
2026-05-29 17:19:17,545.0809936523438,183.9530029296875,13.836999893188477
2026-05-29 17:20:12,543.656982421875,77.74400329589844,5.833000183105469
2026-05-29 17:20:19,542.7009887695312,77.58999633789062,5.810999870300293
2026-05-29 17:20:26,542.7009887695312,77.47200012207031,5.802000045776367
2026-05-29 17:20:33,542.7009887695312,77.59200286865234,5.810999870300293
2026-05-29 17:20:40,542.7009887695312,77.17500305175781,5.78000020980835
2026-05-29 17:34:11,488.1839904785156,75.17900085449219,5.065000057220459
2026-05-29 17:35:46,479.5220031738281,75.2699966430664,4.980999946594238
2026-05-29 17:36:33,478.2099914550781,75.16500091552734,4.960000038146973
2026-05-29 17:41:36,458.6700134277344,74.30599975585938,4.703000068664551
2026-05-29 17:46:38,439.1499938964844,73.99600219726562,4.484000205993652
2026-05-29 17:51:40,421.4549865722656,72.10700225830078,4.193999767303467
2026-05-29 17:56:42,348.14599609375,82.43399810791016,3.9600000381469727
2026-05-29 18:01:44,54.79499816894531,495.65899658203125,3.747999906539917
2026-05-29 18:06:46,53.375999450683594,476.6419982910156,3.510999917984009
2026-05-29 18:11:48,51.98899841308594,451.73199462890625,3.240999937057495
2026-05-29 18:16:50,51.41299819946289,425.4200134277344,3.0179998874664307
2026-05-29 18:21:53,50.25600051879883,104.55699920654297,0.7250000238418579
2026-05-29 18:26:55,49.742000579833984,104.61799621582031,0.7179999947547913
2026-05-29 18:31:57,49.05799865722656,104.91100311279297,0.7099999785423279
2026-05-29 18:36:59,47.8380012512207,100.59600067138672,0.6639999747276306
2026-05-29 18:42:01,46.60599899291992,99.21900177001953,0.6380000114440918
2026-05-29 18:47:03,45.810001373291016,103.8290023803711,0.656000018119812
2026-05-29 18:52:05,44.90299987792969,104.77799987792969,0.6489999890327454
2026-05-29 18:57:07,44.04999923706055,102.49700164794922,0.6230000257492065
2026-05-29 19:02:09,43.09700012207031,103.50700378417969,0.6159999966621399
2026-05-29 19:07:12,42.196998596191406,104.83799743652344,0.6100000143051147
2026-05-29 19:12:14,41.2869987487793,102.36900329589844,0.5830000042915344
2026-05-29 19:17:16,40.22200012207031,104.6259994506836,0.5809999704360962
2026-05-29 19:22:18,39.18600082397461,108.31900024414062,0.5860000252723694
2026-05-29 19:27:20,38.04100036621094,105.85900115966797,0.5559999942779541
2026-05-29 19:32:22,36.94900131225586,103.9209976196289,0.5299999713897705
2026-05-29 19:37:24,35.22700119018555,108.59200286865234,0.527999997138977
2026-05-29 19:42:26,34.292999267578125,109.10800170898438,0.515999972820282
2026-05-29 19:47:29,33.51499938964844,108.86299896240234,0.5040000081062317
2026-05-29 19:52:31,29.742000579833984,111.38200378417969,0.4569999873638153
2026-05-29 19:57:33,28.618999481201172,109.56999969482422,0.43299999833106995
2026-05-29 20:02:35,28.506999969482422,106.58100128173828,0.4189999997615814
2026-05-29 20:07:37,26.70199966430664,101.59500122070312,0.37400001287460327
2026-05-29 20:12:39,23.225000381469727,118.23899841308594,0.3790000081062317
2026-05-29 20:17:41,21.434999465942383,103.41300201416016,0.3059999942779541
2026-05-29 20:22:43,20.106000900268555,124.69999694824219,0.34599998593330383
2026-05-29 20:27:45,18.364999771118164,105.21700286865234,0.2669999897480011
2026-05-29 20:32:47,16.086999893188477,112.72699737548828,0.25
2026-05-29 20:37:50,13.456000328063965,102.56999969482422,0.1899999976158142
2026-05-29 20:42:52,10.42300033569336,128.74200439453125,0.1850000023841858
2026-05-29 20:47:54,8.027000427246094,128.24099731445312,0.1420000046491623
2026-05-29 20:52:56,5.959000110626221,29.77199935913086,0.024000000208616257
2026-05-29 20:57:58,4.552999973297119,0.8619999885559082,0.0010000000474974513
2026-05-29 21:03:00,3.134000062942505,1.2419999837875366,0.0010000000474974513
2026-05-29 21:08:02,1.7760000228881836,1.1749999523162842,0.0
2026-05-29 21:13:04,0.8429999947547913,0.9169999957084656,0.0
2026-05-30 05:41:12,0.8429999947547913,0.9169999957084656,0.0
2026-05-30 05:46:14,1.9630000591278076,0.9240000247955322,0.0
2026-05-30 05:51:17,4.2769999504089355,0.6380000114440918,0.0
2026-05-30 05:56:19,6.40500020980835,0.6949999928474426,0.0010000000474974513
2026-05-30 06:01:21,9.777999877929688,0.5419999957084656,0.0010000000474974513
2026-05-30 06:06:23,12.611000061035156,54.13800048828125,0.09399999678134918
2026-05-30 06:11:25,16.232999801635742,48.941001892089844,0.10999999940395355
2026-05-30 06:16:27,20.135000228881836,49.724998474121094,0.1379999965429306
2026-05-30 06:21:29,24.417999267578125,49.85200119018555,0.1679999977350235
2026-05-30 06:26:32,28.070999145507812,52.14899826049805,0.20200000703334808
2026-05-30 06:31:34,32.01599884033203,52.71500015258789,0.2329999953508377
2026-05-30 06:36:36,35.86899948120117,60.49399948120117,0.29899999499320984
2026-05-30 06:41:38,39.611000061035156,55.768001556396484,0.3050000071525574
2026-05-30 06:46:40,43.96799850463867,57.76599884033203,0.35100001096725464
2026-05-30 06:51:42,48.448001861572266,59.13199996948242,0.39500001072883606
2026-05-30 06:56:44,53.36199951171875,58.52899932861328,0.4309999942779541
2026-05-30 07:01:46,57.6870002746582,56.17900085449219,0.44699999690055847
2026-05-30 07:06:49,61.25299835205078,58.07600021362305,0.4909999966621399
2026-05-30 07:11:51,64.25900268554688,58.167999267578125,0.515999972820282
2026-05-30 07:16:53,68.04299926757812,57.529998779296875,0.5400000214576721
2026-05-30 07:21:55,72.44300079345703,57.99800109863281,0.5799999833106995
2026-05-30 07:26:57,77.11499786376953,59.361000061035156,0.6320000290870667
2026-05-30 07:31:59,82.49099731445312,58.61399841308594,0.6669999957084656
2026-05-30 07:37:01,89.9209976196289,58.31800079345703,0.7239999771118164
2026-05-30 07:42:03,99.21600341796875,57.25,0.7839999794960022
2026-05-30 07:47:05,117.31300354003906,54.03900146484375,0.875
2026-05-30 07:52:07,119.70500183105469,54.5369987487793,0.9010000228881836
2026-05-30 07:57:10,120.0459976196289,56.176998138427734,0.9309999942779541
2026-05-30 08:02:12,138.2449951171875,53.89899826049805,1.027999997138977
2026-05-30 08:07:14,152.281005859375,55.095001220703125,1.1579999923706055
2026-05-30 08:12:16,183.19700622558594,53.69599914550781,1.3569999933242798
2026-05-30 08:17:18,207.30299377441406,55.43199920654297,1.5859999656677246
2026-05-30 08:22:20,248.48300170898438,54.77000045776367,1.878000020980835
2026-05-30 08:27:22,289.9110107421875,53.18000030517578,2.128000020980835
2026-05-30 08:32:24,289.3009948730469,56.15800094604492,2.242000102996826
2026-05-30 08:37:26,318.49798583984375,55.47999954223633,2.438999891281128
2026-05-30 08:42:29,300.2349853515625,56.926998138427734,2.3589999675750732
2026-05-30 08:47:31,338.8380126953125,57.25400161743164,2.677000045776367
2026-05-30 08:52:33,341.8190002441406,57.57400131225586,2.7160000801086426
2026-05-30 08:57:35,397.4930114746094,57.821998596191406,3.171999931335449
2026-05-30 09:02:37,368.1929931640625,59.85599899291992,3.0409998893737793
2026-05-30 09:07:39,331.9729919433594,60.78799819946289,2.7850000858306885
2026-05-30 09:12:41,354.5409851074219,60.189998626708984,2.944999933242798
2026-05-30 09:17:43,432.6470031738281,61.03200149536133,3.6440000534057617
2026-05-30 09:22:45,453.51800537109375,62.422000885009766,3.9070000648498535
2026-05-30 09:27:48,496.80499267578125,60.2599983215332,4.13100004196167
2026-05-30 09:32:50,444.52099609375,63.790000915527344,3.9130001068115234
2026-05-30 09:37:52,539.7940063476562,63.513999938964844,4.730999946594238
2026-05-30 09:42:54,432.989990234375,69.77899932861328,4.169000148773193
2026-05-30 09:47:56,571.156982421875,66.11199951171875,5.210999965667725
2026-05-30 09:52:58,556.176025390625,67.59400177001953,5.188000202178955
2026-05-30 09:58:00,584.5969848632812,68.552001953125,5.53000020980835
2026-05-30 10:03:02,637.0399780273438,69.35299682617188,6.0970001220703125
2026-05-30 10:08:05,531.2550048828125,71.71700286865234,5.257999897003174
2026-05-30 10:13:07,584.4639892578125,71.3499984741211,5.755000114440918
2026-05-30 10:18:09,592.7849731445312,72.00900268554688,5.890999794006348
2026-05-30 10:23:11,714.1010131835938,72.27899932861328,7.123000144958496
2026-05-30 10:28:13,807.1409912109375,72.68199920654297,8.095999717712402
2026-05-30 10:33:15,759.2410278320312,73.91400146484375,7.74399995803833
2026-05-30 10:38:17,801.9149780273438,74.72899627685547,8.270000457763672
2026-05-30 10:43:19,870.9910278320312,74.75299835205078,8.984999656677246
2026-05-30 10:48:21,830.1939697265625,75.30999755859375,8.628000259399414
2026-05-30 10:53:24,779.8720092773438,85.3949966430664,9.1899995803833
2026-05-30 10:58:26,750.4180297851562,77.06500244140625,7.980999946594238
2026-05-30 11:03:28,811.8629760742188,75.71499633789062,8.482999801635742
2026-05-30 11:08:30,726.4140014648438,83.54199981689453,8.375
2026-05-30 11:13:32,738.9329833984375,83.21399688720703,8.486000061035156
2026-05-30 11:18:34,647.0170288085938,84.552001953125,7.550000190734863
2026-05-30 11:23:36,772.8179931640625,83.32099914550781,8.88599967956543
2026-05-30 11:28:38,788.0269775390625,83.09300231933594,9.03600025177002
2026-05-30 11:33:40,800.4959716796875,84.43599700927734,9.32800006866455
2026-05-30 11:38:42,852.2990112304688,85.62300109863281,10.071000099182129
2026-05-30 11:43:44,917.2219848632812,84.5479965209961,10.70199966430664
2026-05-30 11:48:46,949.3489990234375,85.697998046875,11.22700023651123
2026-05-30 11:53:49,897.0260009765625,86.29000091552734,10.682000160217285
2026-05-30 11:58:51,878.1849975585938,85.78199768066406,10.395999908447266
2026-05-30 12:03:53,841.4310302734375,85.9280014038086,9.977999687194824
2026-05-30 12:08:55,818.2249755859375,89.1989974975586,10.071999549865723
2026-05-30 12:13:57,903.0650024414062,88.41200256347656,11.017999649047852
2026-05-30 12:18:59,959.8330078125,87.33799743652344,11.569000244140625
2026-05-30 12:24:01,938.052978515625,87.99299621582031,11.390999794006348
2026-05-30 12:29:03,976.030029296875,88.09500122070312,11.866000175476074
2026-05-30 12:34:05,994.2769775390625,88.1989974975586,12.10200023651123
2026-05-30 12:39:08,1027.5179443359375,88.98200225830078,12.616999626159668
2026-05-30 12:44:10,1010.5830078125,90.20899963378906,12.581000328063965
2026-05-30 12:49:12,1016.7750244140625,90.4229965209961,12.687999725341797
2026-05-30 12:54:14,1041.98095703125,91.57499694824219,13.168000221252441
2026-05-30 12:59:16,1017.9910278320312,91.73400115966797,12.88700008392334
2026-05-30 13:04:18,1004.030029296875,92.40499877929688,12.803000450134277
2026-05-30 13:09:20,1005.1589965820312,92.78900146484375,12.871000289916992
2026-05-30 13:14:22,1009.0469970703125,93.22699737548828,12.982000350952148
2026-05-30 13:19:24,1041.72802734375,92.96299743652344,13.36400032043457
2026-05-30 13:24:26,1053.9610595703125,93.24700164794922,13.562000274658203
2026-05-30 13:46:52,1037.2340087890625,18.641000747680664,2.6679999828338623
2026-05-30 13:51:54,1035.0350341796875,67.23799896240234,9.604000091552734
2026-05-30 13:56:56,1032.9580078125,74.06199645996094,10.557000160217285
2026-05-30 14:01:58,1009.8720092773438,78.58100128173828,10.951000213623047
2026-05-30 14:07:00,948.9299926757812,81.822998046875,10.71500015258789
2026-05-30 14:12:02,972.0,82.4800033569336,11.064000129699707
2026-05-30 14:17:04,950.39501953125,83.81700134277344,10.993000030517578
2026-05-30 14:22:06,959.6110229492188,85.43900299072266,11.314000129699707
2026-05-30 14:27:09,864.656982421875,86.47000122070312,10.317999839782715
2026-05-30 14:32:11,726.4229736328125,86.45899963378906,8.666999816894531
2026-05-30 14:37:13,845.9569702148438,87.0270004272461,10.15999984741211
2026-05-30 14:42:15,795.6530151367188,85.50800323486328,9.388999938964844
2026-05-30 14:47:17,792.0399780273438,89.54000091552734,9.786999702453613
2026-05-30 14:52:19,699.7650146484375,90.88099670410156,8.776000022888184
2026-05-30 14:57:21,577.2109985351562,86.1760025024414,6.863999843597412
2026-05-30 15:02:23,564.739013671875,90.31600189208984,7.039000034332275
2026-05-30 15:07:25,695.6619873046875,88.19000244140625,8.465999603271484
2026-05-30 15:12:28,805.801025390625,85.63400268554688,9.52299976348877
2026-05-30 15:17:30,319.6940002441406,44.50199890136719,1.9630000591278076
2026-06-01 08:12:56,319.6940002441406,44.50199890136719,1.9630000591278076
2026-06-01 08:17:58,334.135009765625,46.34600067138672,2.13700008392334
2026-06-01 08:23:00,344.281005859375,47.367000579833984,2.25
2026-06-01 08:28:02,361.02398681640625,48.64699935913086,2.4240000247955322
2026-06-01 08:33:04,377.6730041503906,50.707000732421875,2.6429998874664307
2026-06-01 08:38:07,395.614013671875,52.060001373291016,2.8420000076293945
2026-06-01 08:43:09,412.8059997558594,53.75299835205078,3.062000036239624
2026-06-01 08:48:11,431.0580139160156,54.62799835205078,3.25
2026-06-01 08:53:13,446.7919921875,56.41899871826172,3.4790000915527344
2026-06-01 08:58:15,477.927001953125,57.0890007019043,3.765000104904175
2026-06-01 09:03:17,499.5950012207031,42.832000732421875,2.953000068664551
2026-06-01 09:08:19,524.322021484375,59.6609992980957,4.316999912261963
2026-06-01 09:13:21,497.1820068359375,65.26699829101562,4.478000164031982
2026-06-01 09:18:24,504.24700927734375,69.42400360107422,4.830999851226807
2026-06-01 09:23:26,552.1439819335938,63.15800094604492,4.811999797821045
2026-06-01 09:28:28,607.1929931640625,63.845001220703125,5.349999904632568
2026-06-01 09:33:30,499.01300048828125,72.58300018310547,4.998000144958496
2026-06-01 09:38:32,613.5360107421875,54.94599914550781,4.6519999504089355
2026-06-01 09:43:34,641.6430053710938,67.53900146484375,5.980000019073486
2026-06-01 09:48:36,631.5180053710938,68.5790023803711,5.9770002365112305
2026-06-01 09:53:38,695.0969848632812,68.91200256347656,6.610000133514404
2026-06-01 09:58:41,681.02197265625,68.91799926757812,6.4770002365112305
2026-06-01 10:03:43,693.4290161132812,71.7760009765625,6.868000030517578
2026-06-01 10:08:45,698.6190185546875,71.59100341796875,6.9019999504089355
2026-06-01 10:13:47,657.31201171875,74.53099822998047,6.761000156402588
2026-06-01 10:18:49,562.5900268554688,78.37699890136719,6.085000038146973
2026-06-01 10:23:51,755.0579833984375,73.92500305175781,7.703000068664551
2026-06-01 10:28:53,731.447021484375,76.9800033569336,7.769999980926514
2026-06-01 10:33:55,697.302978515625,76.53199768066406,7.364999771118164
2026-06-01 10:38:58,690.06201171875,77.30699920654297,7.361999988555908
2026-06-01 10:44:00,720.2130126953125,77.7969970703125,7.73199987411499
2026-06-01 10:49:02,761.7369995117188,77.1520004272461,8.109999656677246
2026-06-01 10:54:04,303.8380126953125,81.50800323486328,3.4179999828338623
2026-06-01 10:59:06,569.9500122070312,73.71700286865234,5.797999858856201
2026-06-01 11:04:08,861.5859985351562,78.66300201416016,9.352999687194824
2026-06-01 11:09:10,795.7260131835938,77.98999786376953,8.564000129699707
2026-06-01 11:14:12,918.8049926757812,75.50700378417969,9.574000358581543
2026-06-01 11:19:15,812.7379760742188,75.07499694824219,8.420000076293945
2026-06-01 11:24:17,827.93798828125,83.40299987792969,9.529000282287598
2026-06-01 11:29:19,972.06201171875,76.25800323486328,10.229999542236328
2026-06-01 11:34:21,1052.3289794921875,80.59300231933594,11.704000473022461
2026-06-01 11:39:23,883.448974609375,90.072998046875,10.980999946594238
2026-06-01 11:44:25,961.89697265625,81.99800109863281,10.885000228881836
2026-06-01 11:49:27,985.4400024414062,84.2490005493164,11.456999778747559
2026-06-01 11:54:29,1056.0439453125,83.08300018310547,12.107999801635742
2026-06-01 11:59:32,1033.552001953125,83.41999816894531,11.89799976348877
2026-06-01 12:04:34,980.10498046875,84.3010025024414,11.402000427246094
2026-06-01 12:09:36,904.9530029296875,85.9469985961914,10.732999801635742
2026-06-01 12:14:38,999.739013671875,85.47599792480469,11.793000221252441
2026-06-01 12:19:40,659.5590209960938,103.12100219726562,9.38599967956543
2026-06-01 12:24:42,1046.198974609375,87.08399963378906,12.572999954223633
2026-06-01 12:29:44,1046.85498046875,87.927001953125,12.70199966430664
2026-06-01 12:34:46,1001.1610107421875,89.09500122070312,12.309000015258789
2026-06-01 12:39:49,1020.4730224609375,87.43000030517578,12.312000274658203
2026-06-01 12:44:51,1055.7459716796875,87.69300079345703,12.776000022888184
2026-06-01 12:49:53,1057.7320556640625,88.15599822998047,12.868000030517578
2026-06-01 12:54:55,1071.489990234375,88.27999877929688,13.053999900817871
2026-06-01 12:59:57,1025.8189697265625,88.62300109863281,12.545999526977539
2026-06-01 13:04:59,1074.5830078125,89.78800201416016,13.3149995803833
2026-06-01 13:10:01,416.7409973144531,93.37000274658203,5.369999885559082
2026-06-01 13:15:03,977.0900268554688,91.16100311279297,12.291999816894531
2026-06-01 13:20:06,974.7979736328125,91.45600128173828,12.303000450134277
2026-06-01 13:25:08,986.6900024414062,91.57099914550781,12.468999862670898
2026-06-01 13:47:46,1035.0009765625,18.77899932861328,2.681999921798706
2026-06-01 13:52:48,1037.14501953125,19.312000274658203,2.7639999389648438
2026-06-01 13:57:50,1038.155029296875,72.09100341796875,10.32800006866455
2026-06-01 14:02:52,1024.6810302734375,77.89800262451172,11.015000343322754
2026-06-01 14:07:54,1019.4140014648438,79.47599792480469,11.180999755859375
2026-06-01 14:12:56,1011.583984375,81.7760009765625,11.416000366210938
2026-06-01 14:17:58,1021.9149780273438,83.14600372314453,11.72599983215332
2026-06-01 14:23:01,1006.2130126953125,83.88099670410156,11.647000312805176
2026-06-01 14:28:03,1001.8579711914062,84.53299713134766,11.687000274658203
2026-06-01 14:33:05,1013.2529907226562,84.05400085449219,11.753000259399414
2026-06-01 14:38:07,984.0390014648438,84.20700073242188,11.4350004196167
2026-06-01 14:43:09,982.4660034179688,83.85199737548828,11.369000434875488
2026-06-01 14:48:11,972.2420043945312,84.4739990234375,11.333999633789062
2026-06-01 14:53:13,957.2210083007812,84.7020034790039,11.189000129699707
2026-06-01 14:58:16,941.7440185546875,84.1510009765625,10.935999870300293
2026-06-01 15:03:18,933.9290161132812,85.41200256347656,11.008000373840332
2026-06-01 15:08:20,933.2730102539062,84.23999786376953,10.848999977111816
2026-06-01 15:13:22,924.1649780273438,79.572998046875,10.14799976348877
2026-06-01 15:18:24,930.9140014648438,82.7229995727539,10.626999855041504
2026-06-01 15:23:26,906.593994140625,82.6510009765625,10.34000015258789
2026-06-01 15:28:28,899.31201171875,81.91400146484375,10.166000366210938
2026-06-01 15:33:30,889.0670166015625,81.11900329589844,9.95300006866455
2026-06-01 15:38:33,873.1840209960938,80.28600311279297,9.673999786376953
2026-06-01 15:43:35,861.656982421875,80.26000213623047,9.543999671936035
2026-06-01 15:48:37,844.6010131835938,80.13099670410156,9.34000015258789
2026-06-01 15:53:39,834.1190185546875,79.70899963378906,9.175000190734863
2026-06-01 15:58:41,818.3779907226562,78.53700256347656,8.869999885559082
2026-06-01 16:03:43,747.9110107421875,75.75,7.817999839782715
2026-06-01 16:08:45,588.0980224609375,82.89199829101562,6.7270002365112305
2026-06-01 16:13:48,705.218017578125,80.03099822998047,7.789000034332275
2026-06-01 16:18:50,781.8309936523438,78.9800033569336,8.520999908447266
2026-06-01 16:23:52,691.2960205078125,83.28700256347656,7.945000171661377
2026-06-01 16:28:54,698.4979858398438,78.55000305175781,7.572000026702881
2026-06-01 16:33:56,734.7219848632812,77.10600280761719,7.817999839782715
2026-06-01 16:38:58,705.801025390625,76.73999786376953,7.474999904632568
2026-06-01 16:44:00,680.530029296875,77.64900207519531,7.291999816894531
2026-06-01 16:49:02,658.7789916992188,74.7030029296875,6.790999889373779
2026-06-01 16:54:05,656.0570068359375,74.72599792480469,6.764999866485596
2026-06-01 16:59:07,648.7680053710938,73.53900146484375,6.584000110626221
2026-06-01 17:04:09,579.4559936523438,73.14600372314453,5.848999977111816
2026-06-01 17:09:11,568.5369873046875,72.94300079345703,5.7230000495910645
2026-06-01 17:14:13,578.2540283203125,72.94300079345703,5.821000099182129
2026-06-01 17:19:15,558.176025390625,71.7959976196289,5.53000020980835
2026-06-01 17:24:17,535.4509887695312,71.93099975585938,5.315000057220459
2026-06-01 17:29:19,448.9389953613281,79.58300018310547,4.929999828338623
2026-06-01 17:34:22,497.0830078125,71.04100036621094,4.873000144958496
2026-06-01 17:39:24,474.2330017089844,69.72599792480469,4.563000202178955
2026-06-01 17:44:26,436.281005859375,71.70899963378906,4.316999912261963
2026-06-01 17:49:28,425.2139892578125,69.96700286865234,4.105999946594238
2026-06-01 17:54:30,131.1840057373047,110.25199890136719,1.996000051498413
2026-06-01 17:59:32,66.80000305175781,97.66300201416016,0.8999999761581421
2026-06-01 18:04:34,67.3010025024414,215.2689971923828,1.9989999532699585
2026-06-01 18:09:36,67.6709976196289,331.7080078125,3.0980000495910645
2026-06-01 18:14:39,62.89799880981445,105.97599792480469,0.9200000166893005
2026-06-01 18:19:41,57.62699890136719,93.22000122070312,0.7409999966621399
2026-06-01 18:24:43,56.137001037597656,91.15399932861328,0.7059999704360962
2026-06-01 18:29:45,57.974998474121094,92.5,0.7400000095367432
2026-06-01 18:34:47,57.40800094604492,91.5459976196289,0.7250000238418579
2026-06-01 18:39:49,53.14500045776367,92.41500091552734,0.6779999732971191
2026-06-01 18:44:51,55.13600158691406,88.75199890136719,0.675000011920929
2026-06-01 18:49:53,62.138999938964844,85.66200256347656,0.7350000143051147
2026-06-01 18:54:56,87.12899780273438,83.98500061035156,1.0099999904632568
2026-06-01 18:59:58,80.71800231933594,87.29199981689453,0.972000002861023
2026-06-01 19:05:00,83.70700073242188,89.20800018310547,1.031000018119812
2026-06-01 19:10:02,76.29299926757812,87.12899780273438,0.9169999957084656
2026-06-01 19:15:04,72.72699737548828,84.70999908447266,0.8500000238418579
2026-06-01 19:20:06,64.9209976196289,87.49800109863281,0.7839999794960022
2026-06-01 19:25:08,68.01300048828125,79.2979965209961,0.7440000176429749
2026-06-01 19:30:10,69.96099853515625,83.25,0.8040000200271606
2026-06-01 19:35:12,68.2969970703125,85.05000305175781,0.8019999861717224
2026-06-01 19:40:15,62.26300048828125,84.71700286865234,0.7279999852180481
2026-06-01 19:45:17,52.59000015258789,87.01399993896484,0.6309999823570251
2026-06-01 19:50:19,46.72200012207031,89.65399932861328,0.578000009059906
2026-06-01 19:55:21,42.560001373291016,91.55899810791016,0.5379999876022339
2026-06-01 20:00:23,37.95899963378906,92.37100219726562,0.48399999737739563
2026-06-01 20:05:25,31.104000091552734,96.71399688720703,0.41499999165534973
2026-06-01 20:10:27,28.746000289916992,94.03399658203125,0.37299999594688416
2026-06-01 20:15:30,25.461000442504883,91.74199676513672,0.32199999690055847
2026-06-01 20:20:32,22.240999221801758,103.86399841308594,0.3190000057220459
2026-06-01 20:25:34,20.21500015258789,92.91400146484375,0.2590000033378601
2026-06-01 20:30:36,18.781999588012695,95.08100128173828,0.2460000067949295
2026-06-01 20:35:38,16.690000534057617,96.37699890136719,0.22200000286102295
2026-06-01 20:40:40,14.354000091552734,100.27100372314453,0.19900000095367432
2026-06-01 20:45:42,11.39900016784668,99.13800048828125,0.15600000321865082
2026-06-01 20:50:44,9.755000114440918,121.38600158691406,0.16300000250339508
2026-06-01 20:55:47,7.736999988555908,52.071998596191406,0.0560000017285347
2026-06-01 21:00:49,5.920000076293945,0.7200000286102295,0.0010000000474974513
2026-06-01 21:05:51,4.561999797821045,0.7940000295639038,0.0
2026-06-01 21:10:53,2.6670000553131104,0.796999990940094,0.0
2026-06-01 21:15:55,1.2209999561309814,1.3140000104904175,0.0
2026-06-01 21:20:57,0.257999986410141,0.8740000128746033,0.0
2026-06-02 05:39:04,0.257999986410141,0.8740000128746033,0.0
2026-06-02 05:44:07,1.7510000467300415,0.8489999771118164,0.0
2026-06-02 05:49:09,3.0179998874664307,0.5609999895095825,0.0
2026-06-02 05:54:11,4.500999927520752,0.6269999742507935,0.0
2026-06-02 05:59:13,6.40500020980835,0.4790000021457672,0.0
2026-06-02 06:04:15,9.291000366210938,17.858999252319336,0.023000000044703484
2026-06-02 06:09:17,12.038999557495117,63.45600128173828,0.10499999672174454
2026-06-02 06:14:19,12.678999900817871,57.85200119018555,0.10100000351667404
2026-06-02 06:19:21,14.930000305175781,55.595001220703125,0.11500000208616257
2026-06-02 06:24:24,17.18899917602539,57.428001403808594,0.13600000739097595
2026-06-02 06:29:26,17.652999877929688,61.80699920654297,0.1509999930858612
2026-06-02 06:34:28,18.729000091552734,50.446998596191406,0.12999999523162842
2026-06-02 06:39:30,19.56100082397461,62.96699905395508,0.17000000178813934
2026-06-02 06:44:32,19.94499969482422,60.91999816894531,0.1679999977350235
2026-06-02 06:49:34,27.735000610351562,66.98799896240234,0.25600001215934753
2026-06-02 06:54:36,35.470001220703125,57.992000579833984,0.2840000092983246
2026-06-02 06:59:38,41.77799987792969,55.689998626708984,0.32100000977516174
2026-06-02 07:04:41,38.20600128173828,60.42599868774414,0.3190000057220459
2026-06-02 07:09:43,48.67300033569336,59.17300033569336,0.3970000147819519
2026-06-02 07:14:45,55.797000885009766,61.28499984741211,0.47200000286102295
2026-06-02 07:19:47,62.87799835205078,59.32400131225586,0.5149999856948853
2026-06-02 07:24:49,73.20500183105469,58.823001861572266,0.593999981880188
2026-06-02 07:29:51,90.77300262451172,63.28200149536133,0.7929999828338623
2026-06-02 07:34:53,98.34300231933594,62.3120002746582,0.8460000157356262
2026-06-02 07:39:56,102.2969970703125,63.91899871826172,0.9020000100135803
2026-06-02 07:44:58,119.15499877929688,64.31400299072266,1.0579999685287476
2026-06-02 07:50:00,101.11100006103516,64.24800109863281,0.8960000276565552
2026-06-02 07:55:02,87.51300048828125,65.14399719238281,0.7870000004768372
2026-06-02 08:00:04,80.50199890136719,67.38500213623047,0.7490000128746033
2026-06-02 08:05:06,83.76699829101562,69.36399841308594,0.8019999861717224
2026-06-02 08:10:08,99.71700286865234,70.29299926757812,0.9670000076293945
2026-06-02 08:15:11,95.8030014038086,69.0979995727539,0.9139999747276306
2026-06-02 08:20:13,79.82599639892578,71.95099639892578,0.7929999828338623
2026-06-02 08:25:15,91.10600280761719,73.31700134277344,0.921999990940094
2026-06-02 08:30:17,119.22100067138672,70.0719985961914,1.152999997138977
2026-06-02 08:35:19,185.88099670410156,59.13600158691406,1.5169999599456787
2026-06-02 08:40:21,144.2469940185547,69.64600372314453,1.3860000371932983
2026-06-02 08:45:23,164.802001953125,66.97899627685547,1.5230000019073486
2026-06-02 08:50:25,226.33299255371094,57.974998474121094,1.8109999895095825
2026-06-02 08:55:28,122.58699798583984,73.56199645996094,1.24399995803833
2026-06-02 09:00:30,128.1490020751953,72.73500061035156,1.2860000133514404
2026-06-02 09:05:32,98.66699981689453,74.41699981689453,1.0130000114440918
2026-06-02 09:10:34,95.46099853515625,77.1719970703125,1.0169999599456787
2026-06-02 09:15:36,86.35700225830078,74.40899658203125,0.8870000243186951
2026-06-02 09:20:38,133.10400390625,73.74700164794922,1.3550000190734863
2026-06-02 09:25:40,143.40899658203125,75.30400085449219,1.4900000095367432
2026-06-02 09:30:42,222.67999267578125,75.98999786376953,2.3350000381469727
2026-06-02 09:35:45,333.3299865722656,66.5790023803711,3.062999963760376
2026-06-02 09:40:47,322.13299560546875,68.76399993896484,3.056999921798706
2026-06-02 09:45:49,175.4029998779297,79.84500122070312,1.9329999685287476
2026-06-02 09:50:51,134.32699584960938,78.53099822998047,1.4559999704360962
2026-06-02 09:55:53,146.99400329589844,71.37999725341797,1.4479999542236328
2026-06-02 10:00:55,177.1790008544922,87.02100372314453,2.128000020980835
2026-06-02 10:05:57,674.656005859375,53.4010009765625,4.9720001220703125
2026-06-02 10:10:59,287.7300109863281,75.25700378417969,2.98799991607666
2026-06-02 10:16:01,291.4309997558594,77.13600158691406,3.1019999980926514
2026-06-02 10:21:04,286.56201171875,89.37200164794922,3.5339999198913574
2026-06-02 10:26:06,962.85498046875,37.659000396728516,5.004000186920166
2026-06-02 10:31:08,291.10400390625,74.7750015258789,3.003999948501587
2026-06-02 10:36:10,669.1630249023438,66.13200378417969,6.10699987411499
2026-06-02 10:41:12,935.8289794921875,70.39800262451172,9.092000007629395
2026-06-02 10:46:14,555.3350219726562,72.36799621582031,5.546000003814697
2026-06-02 10:51:16,836.6380004882812,80.90899658203125,9.340999603271484
2026-06-02 10:56:18,967.8670043945312,70.52999877929688,9.420000076293945
2026-06-02 11:01:21,470.9440002441406,108.03600311279297,7.020999908447266
2026-06-02 11:06:23,774.3610229492188,68.11299896240234,7.2789998054504395
2026-06-02 11:11:25,294.7409973144531,84.0199966430664,3.4170000553131104
2026-06-02 11:16:27,365.1199951171875,82.6050033569336,4.1620001792907715
2026-06-02 11:21:29,363.35101318359375,85.36900329589844,4.281000137329102
2026-06-02 11:26:31,282.2720031738281,83.73100280761719,3.26200008392334
2026-06-02 11:31:33,293.54901123046875,84.53600311279297,3.424999952316284
2026-06-02 11:36:36,229.16799926757812,85.29499816894531,2.697000026702881
2026-06-02 11:41:38,250.14199829101562,82.99299621582031,2.865000009536743
2026-06-02 11:46:40,301.83099365234375,85.06700134277344,3.5429999828338623
2026-06-02 11:51:42,296.5260009765625,84.95700073242188,3.4760000705718994
2026-06-02 11:56:44,286.6969909667969,84.33699798583984,3.3369998931884766
2026-06-02 12:01:46,365.7099914550781,84.25299835205078,4.251999855041504
2026-06-02 12:06:48,253.81500244140625,89.89099884033203,3.1489999294281006
2026-06-02 12:11:50,175.52699279785156,84.4540023803711,2.0460000038146973
2026-06-02 12:16:53,155.13800048828125,87.87799835205078,1.88100004196167
2026-06-02 12:21:55,187.5590057373047,84.29900360107422,2.181999921798706
2026-06-02 12:26:57,225.10899353027344,84.48699951171875,2.625
2026-06-02 12:31:59,211.18600463867188,87.01100158691406,2.5360000133514404
2026-06-02 12:37:01,243.09300231933594,82.58300018310547,2.7699999809265137
2026-06-02 12:42:03,358.072998046875,86.72000122070312,4.284999847412109
2026-06-02 12:47:05,358.5169982910156,85.23799896240234,4.2170000076293945
2026-06-02 12:52:08,292.2149963378906,85.9219970703125,3.4649999141693115
2026-06-02 12:57:10,243.06100463867188,86.98600006103516,2.9179999828338623
2026-06-02 13:02:12,255.2729949951172,88.28099822998047,3.109999895095825
2026-06-02 13:07:14,179.7259979248047,85.30799865722656,2.115999937057495
2026-06-02 13:12:16,105.19499969482422,93.25700378417969,1.3539999723434448
2026-06-02 13:17:18,46.500999450683594,98.18199920654297,0.6299999952316284
2026-06-02 13:22:20,30.315000534057617,100.41699981689453,0.41999998688697815
2026-06-02 13:45:59,322.8590087890625,96.1719970703125,4.284999847412109
2026-06-02 13:51:01,188.34300231933594,84.06300354003906,2.184999942779541
2026-06-02 13:56:03,93.63400268554688,86.33999633789062,1.1160000562667847
2026-06-02 14:01:05,59.374000549316406,87.76799774169922,0.718999981880188
2026-06-02 14:06:07,38.82500076293945,91.9800033569336,0.49300000071525574
2026-06-02 14:11:09,8.25100040435791,116.03199768066406,0.13199999928474426
2026-06-02 14:16:11,11.666999816894531,121.40699768066406,0.19499999284744263
2026-06-02 14:21:14,18.673999786376953,101.16100311279297,0.26100000739097595
2026-06-02 14:26:16,58.426998138427734,88.08999633789062,0.7099999785423279
2026-06-02 14:31:18,131.50900268554688,88.37999725341797,1.6039999723434448
2026-06-02 14:36:20,111.44000244140625,92.572998046875,1.4240000247955322
2026-06-02 14:41:22,104.68099975585938,86.99600219726562,1.2569999694824219
2026-06-02 14:46:24,141.74200439453125,86.66300201416016,1.6950000524520874
2026-06-02 14:51:26,223.90199279785156,85.927001953125,2.6549999713897705
2026-06-02 14:56:28,370.5870056152344,93.8550033569336,4.800000190734863
2026-06-02 15:01:31,303.4700012207031,84.41400146484375,3.5350000858306885
2026-06-02 15:06:33,662.2449951171875,84.68800354003906,7.739999771118164
2026-06-02 15:11:35,676.6400146484375,85.06999969482422,7.943999767303467
2026-06-02 15:16:37,476.5870056152344,83.98500061035156,5.52400016784668
2026-06-02 15:21:39,517.0789794921875,85.27300262451172,6.085000038146973
2026-06-02 15:26:41,525.18701171875,83.86100006103516,6.078000068664551
2026-06-02 15:31:43,426.18701171875,86.42400360107422,5.083000183105469
2026-06-02 15:36:45,250.6009979248047,86.51699829101562,2.992000102996826
2026-06-02 15:41:48,238.62399291992188,89.28299713134766,2.940000057220459
2026-06-02 15:46:50,211.49899291992188,89.31199645996094,2.6070001125335693
2026-06-02 15:51:52,169.177001953125,86.26200103759766,2.0139999389648438
2026-06-02 15:56:54,112.56700134277344,86.072998046875,1.3370000123977661
2026-06-02 16:01:56,182.0050048828125,87.90799713134766,2.2079999446868896
2026-06-02 16:06:58,247.69400024414062,88.17500305175781,3.0139999389648438
2026-06-02 16:12:00,331.8489990234375,85.95800018310547,3.936000108718872
2026-06-02 16:17:03,319.9469909667969,87.07099914550781,3.8440001010894775
2026-06-02 16:22:05,232.7729949951172,83.94599914550781,2.697000026702881
2026-06-02 16:27:07,255.7899932861328,85.7959976196289,3.0290000438690186
2026-06-02 16:32:09,277.5589904785156,80.9000015258789,3.0989999771118164
2026-06-02 16:37:11,171.9429931640625,83.63700103759766,1.9850000143051147
2026-06-02 16:42:13,145.25,85.07599639892578,1.7050000429153442
2026-06-02 16:47:15,238.2220001220703,86.00900268554688,2.828000068664551
2026-06-02 16:52:17,107.95899963378906,92.6449966430664,1.3799999952316284
2026-06-02 16:57:19,85.48600006103516,85.24800109863281,1.00600004196167
2026-06-02 17:02:22,127.30500030517578,91.73799896240234,1.6119999885559082
2026-06-02 17:07:24,100.94200134277344,89.0270004272461,1.2400000095367432
2026-06-02 17:12:26,115.80999755859375,90.76000213623047,1.4509999752044678
2026-06-02 17:17:28,141.61099243164062,87.83599853515625,1.7170000076293945
2026-06-02 17:22:30,174.80499267578125,87.947998046875,2.121999979019165
2026-06-02 17:27:32,61.797000885009766,88.1520004272461,0.7519999742507935
2026-06-02 17:32:34,43.981998443603516,94.23100280761719,0.5720000267028809
2026-06-02 17:37:36,24.618999481201172,93.38999938964844,0.31700000166893005
2026-06-02 17:42:39,13.371000289916992,76.50199890136719,0.14100000262260437
2026-06-02 17:47:41,13.397000312805176,96.31500244140625,0.17800000309944153
2026-06-02 17:52:43,14.0,104.25800323486328,0.20100000500679016
2026-06-02 17:57:45,10.043000221252441,115.06099700927734,0.1589999943971634
2026-06-02 18:02:47,16.437000274658203,104.69100189208984,0.2370000034570694
2026-06-02 18:07:49,23.783000946044922,105.19499969482422,0.3449999988079071
2026-06-02 18:12:51,26.242000579833984,100.68099975585938,0.36500000953674316
2026-06-02 18:17:53,34.79499816894531,91.61900329589844,0.4399999976158142
2026-06-02 18:22:56,52.696998596191406,87.9469985961914,0.6399999856948853
2026-06-02 18:27:58,64.23500061035156,87.23699951171875,0.7730000019073486
2026-06-02 18:33:00,69.34600067138672,88.8499984741211,0.8500000238418579
2026-06-02 18:38:02,80.01599884033203,82.29499816894531,0.9089999794960022
2026-06-02 18:43:04,83.19100189208984,86.12999725341797,0.9890000224113464
2026-06-02 18:48:06,81.71199798583984,85.27799987792969,0.9620000123977661
2026-06-02 18:53:08,54.689998626708984,85.13700103759766,0.6430000066757202
2026-06-02 18:58:10,50.992000579833984,85.55699920654297,0.6019999980926514
2026-06-02 19:03:12,66.375,84.85900115966797,0.7770000100135803
2026-06-02 19:08:15,75.72899627685547,84.48500061035156,0.8830000162124634
2026-06-02 19:13:17,67.59300231933594,80.23999786376953,0.7480000257492065
2026-06-02 19:18:19,73.82599639892578,87.0719985961914,0.8870000243186951
2026-06-02 19:23:21,72.0,83.51499938964844,0.8299999833106995
2026-06-02 19:28:23,68.64900207519531,82.40899658203125,0.781000018119812
2026-06-02 19:33:25,67.34600067138672,80.8479995727539,0.7509999871253967
2026-06-02 19:38:27,58.58700180053711,81.54499816894531,0.6589999794960022
2026-06-02 19:43:29,43.207000732421875,84.6760025024414,0.5049999952316284
2026-06-02 19:48:32,43.01300048828125,85.16400146484375,0.5059999823570251
2026-06-02 19:53:34,38.29899978637695,84.7040023803711,0.4480000138282776
2026-06-02 19:58:36,18.993999481201172,84.85600280761719,0.22200000286102295
2026-06-02 20:03:38,8.223999977111816,54.564998626708984,0.06199999898672104
2026-06-02 20:08:40,10.390999794006348,86.02300262451172,0.12300000339746475
2026-06-02 20:13:42,7.497000217437744,91.2509994506836,0.09399999678134918
2026-06-02 20:18:44,2.3359999656677246,1.1269999742507935,0.0
2026-06-02 20:23:46,3.2750000953674316,0.9210000038146973,0.0
2026-06-02 20:28:49,6.488999843597412,0.5609999895095825,0.0010000000474974513
2026-06-02 20:33:51,5.84499979019165,0.7699999809265137,0.0010000000474974513
2026-06-02 20:38:53,16.663000106811523,55.52799987792969,0.12800000607967377
2026-06-02 20:43:55,23.382999420166016,76.5,0.24699999392032623
2026-06-02 20:48:57,25.073999404907227,74.70999908447266,0.2590000033378601
2026-06-02 20:53:59,22.92099952697754,67.07099914550781,0.21199999749660492
2026-06-02 20:59:01,18.736000061035156,72.90499877929688,0.1889999955892563
2026-06-02 21:04:04,7.7829999923706055,0.5519999861717224,0.0010000000474974513
2026-06-02 21:09:06,5.801000118255615,0.6100000143051147,0.0
2026-06-02 21:14:08,4.946000099182129,0.6000000238418579,0.0
2026-06-02 21:19:10,1.5750000476837158,0.7379999756813049,0.0
2026-06-03 05:44:00,1.5750000476837158,0.7379999756813049,0.0
2026-06-03 05:49:02,3.3459999561309814,0.5149999856948853,0.0
2026-06-03 05:54:04,6.105000019073486,0.5479999780654907,0.0
2026-06-03 05:59:06,7.697999954223633,0.5490000247955322,0.0010000000474974513
2026-06-03 06:04:09,9.489999771118164,23.114999771118164,0.029999999329447746
2026-06-03 06:09:11,7.433000087738037,0.7059999704360962,0.0010000000474974513
2026-06-03 06:14:13,13.972999572753906,41.263999938964844,0.07999999821186066
2026-06-03 06:19:15,25.048999786376953,55.03099822998047,0.1899999976158142
2026-06-03 06:24:17,29.329999923706055,61.16999816894531,0.24799999594688416
2026-06-03 06:29:19,24.650999069213867,67.86000061035156,0.23100000619888306
2026-06-03 06:34:21,20.027000427246094,62.354000091552734,0.1720000058412552
2026-06-03 06:39:24,17.357999801635742,61.92300033569336,0.14800000190734863
2026-06-03 06:44:26,14.656000137329102,66.33100128173828,0.1340000033378601
2026-06-03 06:49:28,11.972999572753906,72.30500030517578,0.11900000274181366
2026-06-03 06:54:30,9.569999694824219,76.5979995727539,0.10100000351667404
2026-06-03 06:59:32,11.864999771118164,73.26799774169922,0.11999999731779099
2026-06-03 07:04:34,15.951000213623047,61.96900177001953,0.13600000739097595
2026-06-03 07:09:36,21.25,71.48300170898438,0.20999999344348907
2026-06-03 07:14:38,30.60099983215332,72.21700286865234,0.3050000071525574
2026-06-03 07:19:41,26.350000381469727,74.48200225830078,0.2709999978542328
2026-06-03 07:24:43,27.19099998474121,67.31400299072266,0.2529999911785126
2026-06-03 07:29:45,36.847999572753906,72.03600311279297,0.3659999966621399
2026-06-03 07:34:47,47.52199935913086,66.33499908447266,0.4350000023841858
2026-06-03 07:39:49,48.20600128173828,66.947998046875,0.4449999928474426
2026-06-03 07:44:51,48.64699935913086,68.44599914550781,0.45899999141693115
2026-06-03 07:49:53,49.81100082397461,67.6240005493164,0.4650000035762787
2026-06-03 07:54:55,40.196998596191406,72.50700378417969,0.4020000100135803
2026-06-03 07:59:58,74.26100158691406,70.71600341796875,0.7250000238418579
2026-06-03 08:05:00,78.8550033569336,72.8030014038086,0.7919999957084656
2026-06-03 08:10:02,68.75199890136719,75.77400207519531,0.718999981880188
2026-06-03 08:15:04,81.38500213623047,74.68399810791016,0.8389999866485596
2026-06-03 08:20:06,87.11100006103516,77.21199798583984,0.9279999732971191
2026-06-03 08:25:08,92.07099914550781,74.25499725341797,0.9430000185966492
2026-06-03 08:30:10,106.91200256347656,69.98200225830078,1.0329999923706055
2026-06-03 08:35:12,125.4219970703125,65.9800033569336,1.1419999599456787
2026-06-03 08:40:15,110.76000213623047,68.9000015258789,1.0529999732971191
2026-06-03 08:45:17,67.06300354003906,73.73400115966797,0.6819999814033508
2026-06-03 08:50:19,57.08599853515625,71.49700164794922,0.5630000233650208
2026-06-03 08:55:21,71.47200012207031,71.91999816894531,0.7089999914169312
2026-06-03 09:00:23,45.51100158691406,72.4020004272461,0.45500001311302185
2026-06-03 09:05:25,47.362998962402344,73.2959976196289,0.4790000021457672
2026-06-03 09:10:27,58.893001556396484,72.66200256347656,0.5910000205039978
2026-06-03 09:15:29,67.1760025024414,73.7770004272461,0.6840000152587891
2026-06-03 09:20:32,50.10499954223633,70.16600036621094,0.48500001430511475
2026-06-03 09:25:34,58.28300094604492,71.18800354003906,0.5730000138282776
2026-06-03 09:30:36,46.54600143432617,74.63700103759766,0.4790000021457672
2026-06-03 09:35:38,43.387001037597656,72.42900085449219,0.4339999854564667
2026-06-03 09:40:40,49.12900161743164,75.83399963378906,0.5139999985694885
2026-06-03 09:45:42,49.46699905395508,73.9000015258789,0.5040000081062317
2026-06-03 09:50:44,58.479000091552734,76.37300109863281,0.6159999966621399
2026-06-03 09:55:46,56.54199981689453,77.00700378417969,0.6010000109672546
2026-06-03 10:00:48,52.82099914550781,76.26200103759766,0.5559999942779541
2026-06-03 10:05:51,50.67399978637695,72.81300354003906,0.5090000033378601
2026-06-03 10:10:53,61.27299880981445,76.28800201416016,0.6449999809265137
2026-06-03 10:15:55,51.834999084472656,73.50299835205078,0.5260000228881836
2026-06-03 10:20:57,59.4900016784668,75.58599853515625,0.6209999918937683
2026-06-03 10:25:59,66.14600372314453,74.58899688720703,0.6809999942779541
2026-06-03 10:31:01,61.915000915527344,74.38099670410156,0.6359999775886536
2026-06-03 10:36:03,139.24600219726562,78.83899688720703,1.5149999856948853
2026-06-03 10:41:06,101.00299835205078,73.26399993896484,1.0210000276565552
2026-06-03 10:46:08,137.66200256347656,71.76799774169922,1.3630000352859497
2026-06-03 10:51:10,132.98699951171875,75.30599975585938,1.3819999694824219
2026-06-03 10:56:12,190.093994140625,75.46399688720703,1.9800000190734863
2026-06-03 11:01:14,174.05499267578125,72.29900360107422,1.7369999885559082
2026-06-03 11:06:16,174.45700073242188,71.85600280761719,1.7300000190734863
2026-06-03 11:11:18,143.72799682617188,79.41500091552734,1.5750000476837158
2026-06-03 11:16:21,135.16299438476562,80.52200317382812,1.5019999742507935
2026-06-03 11:21:23,100.9530029296875,80.23999786376953,1.1180000305175781
2026-06-03 11:26:25,85.85600280761719,78.75700378417969,0.9330000281333923
2026-06-03 11:31:27,79.11499786376953,79.80000305175781,0.8709999918937683
2026-06-03 11:36:29,105.27799987792969,79.06500244140625,1.1490000486373901
2026-06-03 11:41:31,127.01899719238281,79.74299621582031,1.3980000019073486
2026-06-03 11:46:33,234.05299377441406,80.36299896240234,2.5959999561309814
2026-06-03 11:51:35,333.1090087890625,89.16600036621094,4.098999977111816
2026-06-03 11:56:38,218.24200439453125,79.05599975585938,2.38100004196167
2026-06-03 12:01:40,207.2530059814453,79.15799713134766,2.2639999389648438
2026-06-03 12:06:42,445.2139892578125,80.90899658203125,4.9710001945495605
2026-06-03 12:11:44,434.2669982910156,78.98999786376953,4.734000205993652
2026-06-03 12:16:46,238.093994140625,81.66300201416016,2.683000087738037
2026-06-03 12:21:48,212.48699951171875,77.97599792480469,2.2869999408721924
2026-06-03 12:26:50,1237.2779541015625,80.09700012207031,13.675999641418457
2026-06-03 12:31:52,239.4949951171875,79.43699645996094,2.625
2026-06-03 12:36:55,272.2170104980469,75.61000061035156,2.8399999141693115
2026-06-03 12:41:57,222.3260040283203,81.33399963378906,2.494999885559082
2026-06-03 12:46:59,270.58099365234375,81.08200073242188,3.0280001163482666
2026-06-03 12:52:01,423.4289855957031,82.02400207519531,4.793000221252441
2026-06-03 12:57:03,379.2959899902344,78.7490005493164,4.122000217437744
2026-06-03 13:02:05,1213.2559814453125,78.36000061035156,13.119999885559082
2026-06-03 13:07:07,1164.56005859375,80.2770004272461,12.901000022888184
2026-06-03 13:12:09,1216.718017578125,78.32599639892578,13.151000022888184
2026-06-03 13:17:12,337.5539855957031,76.9540023803711,3.5850000381469727
2026-06-03 13:22:14,559.6849975585938,77.61299896240234,5.994999885559082
2026-06-03 13:44:46,1121.4329833984375,4.257999897003174,0.6589999794960022
2026-06-03 13:49:49,392.57501220703125,67.7979965209961,3.6730000972747803
2026-06-03 13:54:51,552.9190063476562,180.9199981689453,13.805000305175781
2026-06-03 13:59:53,245.08799743652344,77.45600128173828,2.619999885559082
2026-06-03 14:04:55,1188.6309814453125,79.20999908447266,12.993000030517578
2026-06-03 14:09:57,238.9739990234375,80.58200073242188,2.6570000648498535
2026-06-03 14:14:59,769.8720092773438,81.5530014038086,8.663999557495117
2026-06-03 14:20:01,238.13900756835938,77.81900024414062,2.556999921798706
2026-06-03 14:25:03,1213.6180419921875,80.83200073242188,13.538000106811523
2026-06-03 14:30:06,231.71200561523438,79.85700225830078,2.553999900817871
2026-06-03 14:35:08,1213.428955078125,81.8499984741211,13.706000328063965
2026-06-03 14:40:10,228.3699951171875,78.60900115966797,2.4769999980926514
2026-06-03 14:45:12,260.3609924316406,87.60099792480469,3.1470000743865967
2026-06-03 14:50:14,254.2270050048828,80.33499908447266,2.818000078201294
2026-06-03 14:55:16,274.3630065917969,75.54100036621094,2.859999895095825
2026-06-03 15:00:18,962.5050048828125,93.58599853515625,12.430999755859375
2026-06-03 15:05:20,1024.9300537109375,77.53099822998047,10.965999603271484
2026-06-03 15:10:22,367.3940124511719,238.66099548339844,12.100000381469727
2026-06-03 15:15:25,972.4429931640625,78.61000061035156,10.548999786376953
2026-06-03 15:20:27,972.2100219726562,78.83599853515625,10.57699966430664
2026-06-03 15:25:29,860.0869750976562,78.33899688720703,9.29800033569336
2026-06-03 15:30:31,238.26300048828125,80.37999725341797,2.6429998874664307
2026-06-03 15:35:33,193.63400268554688,81.43599700927734,2.1760001182556152
2026-06-03 15:40:35,210.71099853515625,82.04399871826172,2.385999917984009
2026-06-03 15:45:37,246.81300354003906,79.09100341796875,2.694000005722046
2026-06-03 15:50:39,773.0650024414062,78.53800201416016,8.378999710083008
2026-06-03 15:55:42,290.2030029296875,82.05500030517578,3.2860000133514404
2026-06-03 16:00:44,672.6959838867188,82.96600341796875,7.702000141143799
2026-06-03 16:05:46,272.635009765625,73.11100006103516,2.750999927520752
2026-06-03 16:10:48,206.09800720214844,80.69999694824219,2.2950000762939453
2026-06-03 16:15:50,212.97799682617188,84.60800170898438,2.486999988555908
2026-06-03 16:20:52,209.31700134277344,81.5530014038086,2.3559999465942383
2026-06-03 16:25:54,198.59300231933594,79.43800354003906,2.177000045776367
2026-06-03 16:30:56,244.70599365234375,72.8290023803711,2.4590001106262207
2026-06-03 16:35:59,221.67300415039062,79.49299621582031,2.431999921798706
2026-06-03 16:41:01,210.04299926757812,79.28600311279297,2.2980000972747803
2026-06-03 16:46:03,201.00799560546875,79.20700073242188,2.197000026702881
2026-06-03 16:51:05,318.7590026855469,76.00499725341797,3.3429999351501465
2026-06-03 16:56:07,167.35699462890625,76.6780014038086,1.7710000276565552
2026-06-03 17:01:09,203.67100524902344,81.87999725341797,2.3010001182556152
2026-06-03 17:06:11,170.8300018310547,77.50399780273438,1.8270000219345093
2026-06-03 17:11:13,177.6020050048828,78.3740005493164,1.9210000038146973
2026-06-03 17:16:16,157.6230010986328,78.85900115966797,1.715000033378601
2026-06-03 17:21:18,267.9679870605469,76.6709976196289,2.8350000381469727
2026-06-03 17:26:20,195.37399291992188,80.05500030517578,2.1579999923706055
2026-06-03 17:31:22,196.17599487304688,71.51499938964844,1.9359999895095825
2026-06-03 17:36:24,272.12799072265625,52.91400146484375,1.9869999885559082
2026-06-03 17:41:26,243.23699951171875,58.03799819946289,1.9479999542236328
2026-06-03 17:46:28,121.88300323486328,78.78700256347656,1.3250000476837158
2026-06-03 17:51:30,433.3529968261719,64.06999969482422,3.8320000171661377
2026-06-03 17:56:33,133.00100708007812,179.41099548339844,3.2929999828338623
2026-06-03 18:01:35,95.18599700927734,271.0570068359375,3.561000108718872
2026-06-03 18:06:37,86.6259994506836,261.3039855957031,3.124000072479248
2026-06-03 18:11:39,78.36100006103516,293.78900146484375,3.177000045776367
2026-06-03 18:16:41,71.55899810791016,195.26199340820312,1.9279999732971191
2026-06-03 18:21:43,70.75900268554688,81.99800109863281,0.8009999990463257
2026-06-03 18:26:45,73.0989990234375,81.73300170898438,0.824999988079071
2026-06-03 18:31:47,64.95099639892578,85.5270004272461,0.7670000195503235
2026-06-03 18:36:50,54.99700164794922,87.3489990234375,0.6629999876022339
2026-06-03 18:41:52,49.606998443603516,85.21299743652344,0.5830000042915344
2026-06-03 18:46:54,47.62300109863281,84.73799896240234,0.5569999814033508
2026-06-03 18:51:56,47.23400115966797,78.13899993896484,0.5090000033378601
2026-06-03 18:56:58,45.84000015258789,82.68000030517578,0.5230000019073486
2026-06-03 19:02:00,44.86600112915039,81.40699768066406,0.5040000081062317
2026-06-03 19:07:02,44.18299865722656,81.74700164794922,0.49799999594688416
2026-06-03 19:12:04,43.54100036621094,82.5479965209961,0.4959999918937683
2026-06-03 19:17:07,42.952999114990234,82.75,0.4909999966621399
2026-06-03 19:22:09,43.222999572753906,82.02200317382812,0.48899999260902405
2026-06-03 19:27:11,42.68600082397461,86.68900299072266,0.5109999775886536
2026-06-03 19:32:13,44.61399841308594,82.677001953125,0.5090000033378601
2026-06-03 19:37:15,49.63199996948242,84.47200012207031,0.5789999961853027
2026-06-03 19:42:17,58.33100128173828,80.13099670410156,0.6449999809265137
2026-06-03 19:47:19,60.505001068115234,79.7969970703125,0.6660000085830688
2026-06-03 19:52:21,59.95199966430664,80.57599639892578,0.6669999957084656
2026-06-03 19:57:24,58.51900100708008,80.80799865722656,0.652999997138977
2026-06-03 20:02:26,57.39699935913086,81.22100067138672,0.6430000066757202
2026-06-03 20:07:28,54.145999908447266,74.98600006103516,0.5600000023841858
2026-06-03 20:12:30,49.6870002746582,82.1050033569336,0.5630000233650208
2026-06-03 20:17:32,42.53300094604492,81.43599700927734,0.4779999852180481
2026-06-03 20:22:34,36.82099914550781,80.46199798583984,0.4090000092983246
2026-06-03 20:27:36,31.111000061035156,87.06099700927734,0.37400001287460327
2026-06-03 20:32:39,26.391000747680664,79.53900146484375,0.28999999165534973
2026-06-03 20:37:41,22.197999954223633,80.25900268554688,0.2460000067949295
2026-06-03 20:42:43,18.22599983215332,78.88099670410156,0.1979999989271164
2026-06-03 20:47:45,14.72599983215332,88.2770004272461,0.17900000512599945
2026-06-03 20:52:47,12.07800006866455,79.76000213623047,0.13300000131130219
2026-06-03 20:57:49,9.668999671936035,100.75499725341797,0.1340000033378601
2026-06-03 21:02:51,6.285999774932861,17.974000930786133,0.01600000075995922
2026-06-03 21:07:53,4.205999851226807,0.8130000233650208,0.0
2026-06-03 21:12:56,2.953000068664551,1.0010000467300415,0.0
2026-06-03 21:17:58,1.3730000257492065,0.5669999718666077,0.0
2026-06-04 05:42:54,1.3730000257492065,0.5669999718666077,0.0
2026-06-04 05:47:56,5.822999954223633,0.5350000262260437,0.0
2026-06-04 05:52:58,7.098999977111816,0.4740000069141388,0.0
2026-06-04 05:58:00,9.142999649047852,0.503000020980835,0.0010000000474974513
2026-06-04 06:03:02,11.687000274658203,17.194000244140625,0.02800000086426735
2026-06-04 06:08:04,11.769000053405762,61.159000396728516,0.0989999994635582
2026-06-04 06:13:06,18.381999969482422,57.02000045776367,0.14499999582767487
2026-06-04 06:18:08,19.75200080871582,56.76499938964844,0.1550000011920929
2026-06-04 06:23:11,23.048999786376953,49.2859992980957,0.15700000524520874
2026-06-04 06:28:13,28.090999603271484,63.75199890136719,0.24699999392032623
2026-06-04 06:33:15,28.856000900268555,61.39899826049805,0.24500000476837158
2026-06-04 06:38:17,28.680999755859375,61.58599853515625,0.24400000274181366
2026-06-04 06:43:19,28.985000610351562,60.970001220703125,0.24400000274181366
2026-06-04 06:48:21,32.92100143432617,63.29399871826172,0.2879999876022339
2026-06-04 06:53:23,39.54499816894531,62.35599899291992,0.3400000035762787
2026-06-04 06:58:25,41.40999984741211,61.3129997253418,0.3499999940395355
2026-06-04 07:03:27,46.1510009765625,64.94000244140625,0.414000004529953
2026-06-04 07:08:30,38.37699890136719,64.22200012207031,0.3400000035762787
2026-06-04 07:13:32,52.612998962402344,65.22100067138672,0.4740000069141388
2026-06-04 07:18:34,78.06900024414062,67.05699920654297,0.722000002861023
2026-06-04 07:23:36,78.76799774169922,66.08699798583984,0.7179999947547913
2026-06-04 07:28:38,49.67100143432617,69.86399841308594,0.4790000021457672
2026-06-04 07:33:40,74.10399627685547,71.33399963378906,0.7289999723434448
2026-06-04 07:38:42,57.941001892089844,69.13600158691406,0.5529999732971191
2026-06-04 07:43:44,53.52000045776367,69.46399688720703,0.5130000114440918
2026-06-04 07:48:47,53.88999938964844,70.11799621582031,0.5210000276565552
2026-06-04 07:53:49,60.266998291015625,74.49800109863281,0.6200000047683716
2026-06-04 07:58:51,52.516998291015625,74.87300109863281,0.5429999828338623
2026-06-04 08:03:53,78.38899993896484,70.62999725341797,0.7639999985694885
2026-06-04 08:08:55,76.6449966430664,76.61900329589844,0.8100000023841858
2026-06-04 08:13:57,62.67399978637695,75.37999725341797,0.6520000100135803
2026-06-04 08:18:59,63.25699996948242,72.18199920654297,0.6299999952316284
2026-06-04 08:24:02,69.18599700927734,75.06400299072266,0.7170000076293945
2026-06-04 08:29:04,62.4370002746582,73.69300079345703,0.6349999904632568
2026-06-04 08:34:06,78.7969970703125,71.26499938964844,0.7749999761581421
2026-06-04 08:39:08,112.24700164794922,72.40399932861328,1.121999979019165
2026-06-04 08:44:10,146.8730010986328,71.28099822998047,1.4450000524520874
2026-06-04 08:49:12,213.58200073242188,68.06600189208984,2.00600004196167
2026-06-04 08:54:14,146.67999267578125,73.56199645996094,1.4889999628067017
2026-06-04 08:59:16,150.8090057373047,68.89199829101562,1.434000015258789
2026-06-04 09:04:18,161.75799560546875,72.33799743652344,1.6150000095367432
2026-06-04 09:09:21,156.98500061035156,73.53500366210938,1.593000054359436
2026-06-04 09:14:23,159.1750030517578,73.33499908447266,1.6109999418258667
2026-06-04 09:19:25,182.8249969482422,72.01100158691406,1.8170000314712524
2026-06-04 09:24:27,217.09300231933594,71.34200286865234,2.13700008392334
2026-06-04 09:29:29,202.27200317382812,72.66300201416016,2.0280001163482666
2026-06-04 09:34:31,148.6490020751953,71.8280029296875,1.4730000495910645
2026-06-04 09:39:33,193.1820068359375,72.89700317382812,1.9429999589920044
2026-06-04 09:44:35,381.7919921875,66.6719970703125,3.513000011444092
2026-06-04 09:49:37,315.5090026855469,72.03199768066406,3.135999917984009
2026-06-04 09:54:39,200.968994140625,73.49099731445312,2.0380001068115234
2026-06-04 09:59:42,228.72000122070312,74.74099731445312,2.3589999675750732
2026-06-04 10:04:44,302.65399169921875,78.12200164794922,3.263000011444092
2026-06-04 10:09:46,253.60000610351562,70.63099670410156,2.4719998836517334
2026-06-04 10:14:48,212.8979949951172,74.81500244140625,2.197999954223633
2026-06-04 10:19:50,359.4649963378906,80.1989974975586,3.9779999256134033
2026-06-04 10:24:52,301.67999267578125,73.97599792480469,3.0799999237060547
2026-06-04 10:29:54,308.4110107421875,77.21299743652344,3.2860000133514404
2026-06-04 10:34:56,272.5870056152344,76.66300201416016,2.884000062942505
2026-06-04 10:39:58,239.64300537109375,78.0250015258789,2.5799999237060547
2026-06-04 10:45:01,179.43800354003906,79.77400207519531,1.975000023841858
2026-06-04 10:50:03,124.35199737548828,80.49700164794922,1.38100004196167
2026-06-04 10:55:05,81.09500122070312,81.35299682617188,0.9100000262260437
2026-06-04 11:00:07,84.41600036621094,85.06800079345703,0.9909999966621399
2026-06-04 11:05:09,123.83999633789062,80.49299621582031,1.3760000467300415
2026-06-04 11:10:11,187.89300537109375,77.79299926757812,2.0169999599456787
2026-06-04 11:15:13,389.4649963378906,77.66000366210938,4.173999786376953
2026-06-04 11:20:15,563.5130004882812,77.95899963378906,6.061999797821045
2026-06-04 11:25:17,263.7330017089844,76.39099884033203,2.7799999713897705
2026-06-04 11:30:19,459.906005859375,107.85800170898438,6.84499979019165
2026-06-04 11:35:22,340.0249938964844,83.90699768066406,3.937000036239624
2026-06-04 11:40:24,279.0899963378906,80.73799896240234,3.109999895095825
2026-06-04 11:45:26,157.49899291992188,80.24500274658203,1.74399995803833
2026-06-04 11:50:28,175.27099609375,82.64199829101562,1.9989999532699585
2026-06-04 11:55:30,123.9540023803711,83.2030029296875,1.4229999780654907
2026-06-04 12:00:32,88.73799896240234,84.72799682617188,1.0379999876022339
2026-06-04 12:05:34,59.33700180053711,84.26200103759766,0.6899999976158142
2026-06-04 12:10:37,60.10499954223633,88.12000274658203,0.7310000061988831
2026-06-04 12:15:39,73.45800018310547,86.61199951171875,0.878000020980835
2026-06-04 12:20:41,62.196998596191406,83.6989974975586,0.7179999947547913
2026-06-04 12:25:43,75.43299865722656,86.37300109863281,0.8989999890327454
2026-06-04 12:30:45,81.78700256347656,86.05400085449219,0.9710000157356262
2026-06-04 12:35:47,114.64900207519531,78.4260025024414,1.2410000562667847
2026-06-04 12:40:49,133.1060028076172,85.64199829101562,1.5729999542236328
2026-06-04 12:45:51,109.41300201416016,84.41799926757812,1.274999976158142
2026-06-04 12:50:54,109.552001953125,86.44499969482422,1.3070000410079956
2026-06-04 12:55:56,144.7729949951172,85.0199966430664,1.6990000009536743
2026-06-04 13:00:58,188.81300354003906,82.85199737548828,2.1589999198913574
2026-06-04 13:06:00,125.21099853515625,85.1050033569336,1.4709999561309814
2026-06-04 13:11:02,136.9669952392578,85.5250015258789,1.6169999837875366
2026-06-04 13:16:04,161.177001953125,85.80799865722656,1.909000039100647
2026-06-04 13:21:06,119.697998046875,86.625,1.430999994277954
2026-06-04 13:26:08,135.04800415039062,86.75599670410156,1.6169999837875366
2026-06-04 13:48:42,38.058998107910156,1.406999945640564,0.007000000216066837
2026-06-04 13:53:44,77.95999908447266,90.9280014038086,0.9779999852180481
2026-06-04 13:58:46,93.1520004272461,87.79100036621094,1.128999948501587
2026-06-04 14:03:48,96.05899810791016,89.73600006103516,1.190000057220459
2026-06-04 14:08:50,99.56099700927734,89.9219970703125,1.2350000143051147
2026-06-04 14:13:53,108.36799621582031,88.91300201416016,1.3300000429153442
2026-06-04 14:18:55,116.99400329589844,86.95700073242188,1.4040000438690186
2026-06-04 14:23:57,120.13500213623047,86.46700286865234,1.4329999685287476
2026-06-04 14:28:59,117.52899932861328,85.50399780273438,1.3869999647140503
2026-06-04 14:34:01,105.02899932861328,87.55500030517578,1.2690000534057617
2026-06-04 14:39:03,103.44000244140625,88.93399810791016,1.2699999809265137
2026-06-04 14:44:05,102.89600372314453,87.44200134277344,1.2419999837875366
2026-06-04 14:49:07,104.43699645996094,89.3030014038086,1.2869999408721924
2026-06-04 14:54:09,104.45500183105469,89.84600067138672,1.2949999570846558
2026-06-04 14:59:12,86.59200286865234,90.4229965209961,1.0809999704360962
2026-06-04 15:04:14,75.6050033569336,90.7699966430664,0.9470000267028809
2026-06-04 15:09:16,61.757999420166016,89.22000122070312,0.7599999904632568
2026-06-04 15:14:18,60.196998596191406,93.16600036621094,0.7739999890327454
2026-06-04 15:19:20,54.875,94.6729965209961,0.7170000076293945
2026-06-04 15:24:22,49.84000015258789,90.80999755859375,0.625
2026-06-04 15:29:24,51.176998138427734,95.75399780273438,0.6759999990463257
2026-06-04 15:34:26,50.75699996948242,95.0469970703125,0.6660000085830688
2026-06-04 15:39:28,55.79899978637695,92.96700286865234,0.7160000205039978
2026-06-04 15:44:30,50.55500030517578,88.99400329589844,0.6209999918937683
2026-06-04 15:49:33,49.84700012207031,92.86599731445312,0.6389999985694885
2026-06-04 15:54:35,50.180999755859375,94.96399688720703,0.6579999923706055
2026-06-04 15:59:37,50.744998931884766,88.7699966430664,0.621999979019165
2026-06-04 16:04:39,66.35099792480469,89.75199890136719,0.8220000267028809
2026-06-04 16:09:41,62.22600173950195,87.52400207519531,0.7519999742507935
2026-06-04 16:14:43,63.24599838256836,88.22799682617188,0.7699999809265137
2026-06-04 16:19:45,73.51699829101562,89.88300323486328,0.9120000004768372
2026-06-04 16:24:47,77.3280029296875,88.7959976196289,0.9480000138282776
2026-06-04 16:29:49,64.16000366210938,84.2760009765625,0.7459999918937683
2026-06-04 16:34:52,69.6500015258789,87.6240005493164,0.8420000076293945
2026-06-04 16:39:54,60.04600143432617,84.96700286865234,0.7039999961853027
2026-06-04 16:44:56,62.249000549316406,90.7969970703125,0.7799999713897705
2026-06-04 16:49:58,55.49700164794922,88.02300262451172,0.6740000247955322
2026-06-04 16:55:00,55.61800003051758,91.85800170898438,0.7049999833106995
2026-06-04 17:00:02,55.55699920654297,88.2699966430664,0.6769999861717224
2026-06-04 17:05:04,54.61899948120117,86.90699768066406,0.6549999713897705
2026-06-04 17:10:06,56.42499923706055,90.63600158691406,0.7059999704360962
2026-06-04 17:15:08,61.04899978637695,89.87899780273438,0.7570000290870667
2026-06-04 17:20:10,57.4900016784668,89.19999694824219,0.7080000042915344
2026-06-04 17:25:13,51.98400115966797,85.04900360107422,0.6100000143051147
2026-06-04 17:30:15,46.505001068115234,84.99700164794922,0.5450000166893005
2026-06-04 17:35:17,55.790000915527344,88.42500305175781,0.6809999942779541
2026-06-04 17:40:19,52.58100128173828,82.53500366210938,0.5989999771118164
2026-06-04 17:45:21,49.02399826049805,85.48300170898438,0.578000009059906
2026-06-04 17:50:23,44.4370002746582,81.95999908447266,0.503000020980835
2026-06-04 17:55:25,44.06399917602539,86.59400177001953,0.5270000100135803
2026-06-04 18:00:27,35.483001708984375,81.56099700927734,0.39899998903274536
2026-06-04 18:05:29,23.760000228881836,92.7030029296875,0.30399999022483826
2026-06-04 18:10:31,26.548999786376953,88.97200012207031,0.32600000500679016
2026-06-04 18:15:34,30.31100082397461,91.76399993896484,0.3840000033378601
2026-06-04 18:20:36,16.795000076293945,86.47699737548828,0.20000000298023224
2026-06-04 18:25:38,15.586000442504883,90.38700103759766,0.1940000057220459
2026-06-04 18:30:40,16.673999786376953,92.23600006103516,0.21199999749660492
2026-06-04 18:35:42,16.490999221801758,97.14800262451172,0.22100000083446503
2026-06-04 18:40:44,14.11400032043457,79.94200134277344,0.15600000321865082
2026-06-04 18:45:46,20.06999969482422,91.03900146484375,0.25200000405311584
2026-06-04 18:50:48,18.55500030517578,93.47100067138672,0.23899999260902405
2026-06-04 18:55:50,19.743999481201172,79.61399841308594,0.21699999272823334
2026-06-04 19:00:52,14.809000015258789,96.73899841308594,0.1979999989271164
2026-06-04 19:05:54,16.743000030517578,88.43699645996094,0.20399999618530273
2026-06-04 19:10:56,20.893999099731445,89.80500030517578,0.2590000033378601
2026-06-04 19:15:59,19.309999465942383,90.88099670410156,0.24199999868869781
2026-06-04 19:21:01,19.6299991607666,88.12899780273438,0.23899999260902405
2026-06-04 19:26:03,22.224000930786133,91.08599853515625,0.27900001406669617
2026-06-04 19:31:05,22.687999725341797,84.9219970703125,0.26600000262260437
2026-06-04 19:36:07,18.54199981689453,86.86199951171875,0.22200000286102295
2026-06-04 19:41:09,17.878999710083008,84.23799896240234,0.20800000429153442
2026-06-04 19:46:11,18.718000411987305,86.08000183105469,0.22200000286102295
2026-06-04 19:51:13,14.597999572753906,90.26899719238281,0.18199999630451202
2026-06-04 19:56:16,13.95199966430664,88.44599914550781,0.17000000178813934
2026-06-04 20:01:18,10.317999839782715,70.95899963378906,0.10100000351667404
2026-06-04 20:06:20,9.215999603271484,23.48200035095215,0.029999999329447746
2026-06-04 20:11:22,11.00100040435791,80.11399841308594,0.12200000137090683
2026-06-04 20:16:24,11.506999969482422,81.02999877929688,0.1289999932050705
2026-06-04 20:21:26,8.96500015258789,37.59700012207031,0.04699999839067459
2026-06-04 20:26:28,9.746000289916992,58.124000549316406,0.07800000160932541
2026-06-04 20:31:30,6.795000076293945,2.4030001163482666,0.0020000000949949026
2026-06-04 20:36:33,3.5789999961853027,0.5580000281333923,0.0
2026-06-04 20:41:35,4.459000110626221,0.6959999799728394,0.0
2026-06-04 20:46:37,4.741000175476074,0.6050000190734863,0.0
2026-06-04 20:51:39,2.6630001068115234,0.5019999742507935,0.0
2026-06-04 20:56:41,2.7820000648498535,0.7540000081062317,0.0
2026-06-04 21:01:43,2.1489999294281006,0.5699999928474426,0.0
2026-06-04 21:06:45,1.1820000410079956,0.8539999723434448,0.0
2026-06-04 21:11:47,0.6830000281333923,2.7079999446868896,0.0
2026-06-04 21:16:49,0.3269999921321869,2.5230000019073486,0.0
2026-06-04 21:21:51,0.28600001335144043,0.9169999957084656,0.0
2026-06-05 05:42:44,0.28600001335144043,0.9169999957084656,0.0
2026-06-05 05:47:46,1.319000005722046,0.8289999961853027,0.0
2026-06-05 05:52:49,1.7389999628067017,0.6899999976158142,0.0
2026-06-05 05:57:51,3.007999897003174,0.6389999985694885,0.0
2026-06-05 06:02:53,3.3510000705718994,0.6110000014305115,0.0
2026-06-05 06:07:55,4.548999786376953,0.45500001311302185,0.0
2026-06-05 06:12:57,6.110000133514404,0.5580000281333923,0.0
2026-06-05 06:17:59,10.208000183105469,27.150999069213867,0.03799999877810478
2026-06-05 06:23:01,13.470999717712402,58.7599983215332,0.10899999737739563
2026-06-05 06:28:03,14.800000190734863,67.2750015258789,0.13699999451637268
2026-06-05 06:33:05,15.130999565124512,65.94200134277344,0.1379999965429306
2026-06-05 06:38:08,14.282999992370605,60.435001373291016,0.11900000274181366
2026-06-05 06:43:10,15.218000411987305,62.46900177001953,0.13099999725818634
2026-06-05 06:48:12,15.79699993133545,69.37699890136719,0.1509999930858612
2026-06-05 06:53:14,19.268999099731445,69.822998046875,0.1860000044107437
2026-06-05 06:58:16,23.966999053955078,68.0479965209961,0.22499999403953552
2026-06-05 07:03:18,32.46200180053711,66.65699768066406,0.29899999499320984
2026-06-05 07:08:20,31.968000411987305,67.28299713134766,0.296999990940094
2026-06-05 07:13:22,41.40599822998047,59.305999755859375,0.33899998664855957
2026-06-05 07:18:24,48.39500045776367,61.35900115966797,0.4099999964237213
2026-06-05 07:23:27,41.27799987792969,62.93199920654297,0.3580000102519989
2026-06-05 07:28:29,31.823999404907227,67.75599670410156,0.2980000078678131
2026-06-05 07:33:31,31.615999221801758,67.80599975585938,0.29600000381469727
2026-06-05 07:38:33,35.446998596191406,73.68599700927734,0.36000001430511475
2026-06-05 07:43:35,30.43899917602539,67.88500213623047,0.2849999964237213
2026-06-05 07:48:37,30.229000091552734,71.46900177001953,0.2980000078678131
2026-06-05 07:53:39,37.74700164794922,72.6510009765625,0.3779999911785126
2026-06-05 07:58:41,42.784000396728516,73.55599975585938,0.4339999854564667
2026-06-05 08:03:43,36.5989990234375,72.01699829101562,0.36399999260902405
2026-06-05 08:08:45,42.707000732421875,69.22200012207031,0.40799999237060547
2026-06-05 08:13:48,86.802001953125,72.91400146484375,0.8730000257492065
2026-06-05 08:18:50,118.1709976196289,70.48500061035156,1.1490000486373901
2026-06-05 08:23:52,128.7449951171875,69.01300048828125,1.2259999513626099
2026-06-05 08:28:54,128.0050048828125,69.35399627685547,1.225000023841858
2026-06-05 08:33:56,226.03900146484375,68.41500091552734,2.134000062942505
2026-06-05 08:38:58,143.17300415039062,65.99800109863281,1.3040000200271606
2026-06-05 08:44:00,134.3730010986328,69.61699676513672,1.2910000085830688
2026-06-05 08:49:02,122.56900024414062,68.34600067138672,1.156000018119812
2026-06-05 08:54:04,204.12600708007812,66.02200317382812,1.8600000143051147
2026-06-05 08:59:07,247.4669952392578,66.59500122070312,2.2739999294281006
2026-06-05 09:04:09,350.8890075683594,64.57099914550781,3.127000093460083
2026-06-05 09:09:11,666.2329711914062,60.23400115966797,5.538000106811523
2026-06-05 09:14:13,437.3139953613281,51.11899948120117,3.0850000381469727
2026-06-05 09:19:15,212.5709991455078,66.8270034790039,1.9600000381469727
2026-06-05 09:24:17,162.76600646972656,67.71199798583984,1.5210000276565552
2026-06-05 09:29:19,181.44500732421875,65.552001953125,1.6410000324249268
2026-06-05 09:34:21,266.48699951171875,66.4469985961914,2.444000005722046
2026-06-05 09:39:23,259.9949951171875,70.59500122070312,2.5329999923706055
2026-06-05 09:44:25,223.26400756835938,75.76100158691406,2.3340001106262207
2026-06-05 09:49:27,192.5970001220703,70.3010025024414,1.8680000305175781
2026-06-05 09:54:30,218.7790069580078,72.0260009765625,2.174999952316284
2026-06-05 09:59:32,256.41400146484375,71.53399658203125,2.5309998989105225
2026-06-05 10:04:34,324.24798583984375,71.45800018310547,3.197000026702881
2026-06-05 10:09:36,387.79400634765625,69.41400146484375,3.7149999141693115
2026-06-05 10:14:38,331.697998046875,70.90499877929688,3.246000051498413
2026-06-05 10:19:40,363.0790100097656,69.8489990234375,3.5
2026-06-05 10:24:42,288.08099365234375,73.04499816894531,2.9040000438690186
2026-06-05 10:29:44,259.7510070800781,73.24500274658203,2.625
2026-06-05 10:34:46,287.0899963378906,73.4739990234375,2.9110000133514404
2026-06-05 10:39:49,423.8330078125,69.43099975585938,4.060999870300293
2026-06-05 10:44:51,933.0650024414062,47.32500076293945,6.093999862670898
2026-06-05 10:49:53,636.010986328125,50.32899856567383,4.416999816894531
2026-06-05 10:54:55,1071.6390380859375,58.84299850463867,8.70199966430664
2026-06-05 10:59:57,573.1630249023438,97.49400329589844,7.710999965667725
2026-06-05 11:04:59,394.8940124511719,73.21299743652344,3.990000009536743
2026-06-05 11:10:01,367.81500244140625,73.91999816894531,3.752000093460083
2026-06-05 11:15:03,290.0069885253906,74.73300170898438,2.990999937057495
2026-06-05 11:20:05,342.9739990234375,74.76200103759766,3.5390000343322754
2026-06-05 11:25:07,302.29901123046875,75.8479995727539,3.1640000343322754
2026-06-05 11:30:10,428.60101318359375,75.28600311279297,4.453000068664551
2026-06-05 11:35:12,628.47802734375,75.06800079345703,6.511000156402588
2026-06-05 11:40:14,467.74200439453125,74.29900360107422,4.796000003814697
2026-06-05 11:45:16,652.6790161132812,74.53900146484375,6.714000225067139
2026-06-05 11:50:18,702.718017578125,80.78900146484375,7.834000110626221
2026-06-05 11:55:20,1158.635009765625,72.62000274658203,11.611000061035156
2026-06-05 12:00:22,965.2069702148438,78.00499725341797,10.390000343322754
2026-06-05 12:05:24,879.8829956054688,75.31600189208984,9.145000457763672
2026-06-05 12:10:26,1043.4649658203125,72.26599884033203,10.406000137329102
2026-06-05 12:15:29,1015.5570068359375,74.96700286865234,10.505999565124512
2026-06-05 12:20:31,1030.2540283203125,75.2750015258789,10.70199966430664
2026-06-05 12:25:33,1088.9239501953125,75.33300018310547,11.319999694824219
2026-06-05 12:30:35,1014.8809814453125,75.40499877929688,10.560999870300293
2026-06-05 12:35:37,1168.8179931640625,75.51699829101562,12.180999755859375
2026-06-05 12:40:39,1159.259033203125,69.80899810791016,11.168000221252441
2026-06-05 12:45:41,1170.7889404296875,77.03500366210938,12.446000099182129
2026-06-05 12:50:43,930.3569946289062,88.08300018310547,11.309000015258789
2026-06-05 12:55:45,627.864990234375,81.36100006103516,7.050000190734863
2026-06-05 13:00:48,954.1170043945312,111.41999816894531,14.670000076293945
2026-06-05 13:05:50,583.5360107421875,59.000999450683594,4.750999927520752
2026-06-05 13:10:52,598.5709838867188,169.20399475097656,13.97700023651123
2026-06-05 13:15:54,1155.5660400390625,77.60199737548828,12.375
2026-06-05 13:20:56,1138.41796875,81.06199645996094,12.734999656677246
2026-06-05 13:25:58,1159.0860595703125,80.677001953125,12.904999732971191
2026-06-05 13:49:34,394.4639892578125,81.55699920654297,4.440000057220459
2026-06-05 13:54:36,480.22900390625,82.89199829101562,5.493000030517578
2026-06-05 13:59:38,548.93701171875,84.68399810791016,6.414999961853027
2026-06-05 14:04:40,456.5539855957031,80.31800079345703,5.059999942779541
2026-06-05 14:09:43,1294.824951171875,77.3290023803711,13.817999839782715
2026-06-05 14:14:45,1097.7159423828125,80.60900115966797,12.211000442504883
2026-06-05 14:19:47,1181.261962890625,53.79800033569336,8.770000457763672
2026-06-05 14:24:49,250.19200134277344,85.23699951171875,2.943000078201294
2026-06-05 14:29:51,241.88099670410156,82.55000305175781,2.755000114440918
2026-06-05 14:34:53,252.78900146484375,82.7249984741211,2.885999917984009
2026-06-05 14:39:55,267.7349853515625,82.30799865722656,3.0409998893737793
2026-06-05 14:44:57,294.2510070800781,81.24800109863281,3.2990000247955322
2026-06-05 14:50:00,341.97698974609375,81.78800201416016,3.859999895095825
2026-06-05 14:55:02,735.8380126953125,76.96399688720703,7.815000057220459
2026-06-05 15:00:04,739.5910034179688,85.24400329589844,8.699999809265137
2026-06-05 15:05:06,646.1370239257812,106.56400299072266,9.501999855041504
2026-06-05 15:10:08,712.7269897460938,78.7750015258789,7.748000144958496
2026-06-05 15:15:10,1015.4240112304688,78.14600372314453,10.949999809265137
2026-06-05 15:20:12,918.14599609375,77.87200164794922,9.866999626159668
2026-06-05 15:25:14,926.3270263671875,76.0270004272461,9.718999862670898
2026-06-05 15:30:17,786.6259765625,80.0989990234375,8.694999694824219
2026-06-05 15:35:19,729.9359741210938,75.99800109863281,7.65500020980835
2026-06-05 15:40:21,888.6170043945312,76.2979965209961,9.355999946594238
2026-06-05 15:45:23,785.6090087890625,89.11100006103516,9.66100025177002
2026-06-05 15:50:25,862.6740112304688,80.56600189208984,9.590999603271484
2026-06-05 15:55:27,369.14300537109375,77.60600280761719,3.953000068664551
2026-06-05 16:00:29,406.62200927734375,79.53099822998047,4.4629998207092285
2026-06-05 16:05:31,770.4110107421875,76.4469985961914,8.128000259399414
2026-06-05 16:10:34,796.5969848632812,76.84300231933594,8.446999549865723
2026-06-05 16:15:36,859.0969848632812,72.78600311279297,8.628999710083008
2026-06-05 16:20:38,274.27899169921875,79.67900085449219,3.0160000324249268
2026-06-05 16:25:40,275.2909851074219,78.88700103759766,2.996999979019165
2026-06-05 16:30:42,349.85101318359375,80.04000091552734,3.864000082015991
2026-06-05 16:35:44,275.0849914550781,81.4209976196289,3.0910000801086426
2026-06-05 16:40:46,255.90199279785156,81.0,2.859999895095825
2026-06-05 16:45:49,212.9759979248047,83.82599639892578,2.4639999866485596
2026-06-05 16:50:51,202.51199340820312,80.40699768066406,2.246999979019165
2026-06-05 16:55:53,189.7830047607422,81.71700286865234,2.140000104904175
2026-06-05 17:00:55,190.3979949951172,77.5530014038086,2.0380001068115234
2026-06-05 17:05:57,249.1060028076172,77.13300323486328,2.6519999504089355
2026-06-05 17:10:59,392.6629943847656,75.5770034790039,4.09499979019165
2026-06-05 17:16:01,635.666015625,70.28299713134766,6.164999961853027
2026-06-05 17:21:03,600.97802734375,70.18199920654297,5.821000099182129
2026-06-05 17:26:06,170.93499755859375,75.94599914550781,1.7910000085830688
2026-06-05 17:31:08,142.16099548339844,77.5780029296875,1.5219999551773071
2026-06-05 17:36:10,138.84100341796875,76.3219985961914,1.4620000123977661
2026-06-05 17:41:12,132.8979949951172,78.39399719238281,1.437999963760376
2026-06-05 17:46:14,144.6580047607422,75.69100189208984,1.5110000371932983
2026-06-05 17:51:16,134.19000244140625,80.90899658203125,1.4980000257492065
2026-06-05 17:56:18,129.53599548339844,80.37899780273438,1.437000036239624
2026-06-05 18:01:20,116.67900085449219,82.15299987792969,1.3229999542236328
2026-06-05 18:06:23,106.4749984741211,80.47200012207031,1.1820000410079956
2026-06-05 18:11:25,99.26399993896484,79.91300201416016,1.0950000286102295
2026-06-05 18:16:27,109.48300170898438,78.68900299072266,1.1890000104904175
2026-06-05 18:21:29,119.34400177001953,78.59100341796875,1.2940000295639038
2026-06-05 18:26:31,116.05500030517578,77.09400177001953,1.2350000143051147
2026-06-05 18:31:33,108.27400207519531,80.22599792480469,1.1990000009536743
2026-06-05 18:36:35,112.875,78.2770004272461,1.218999981880188
2026-06-05 18:41:37,94.4729995727539,79.61299896240234,1.0379999876022339
2026-06-05 18:46:40,93.84500122070312,78.48899841308594,1.0160000324249268
2026-06-05 18:51:42,84.48200225830078,78.8740005493164,0.9200000166893005
2026-06-05 18:56:44,85.16300201416016,79.44999694824219,0.9340000152587891
2026-06-05 19:01:46,74.35900115966797,80.48600006103516,0.8259999752044678
2026-06-05 19:06:48,69.01300048828125,80.12799835205078,0.7630000114440918
2026-06-05 19:11:50,51.222999572753906,85.33300018310547,0.6029999852180481
2026-06-05 19:16:52,45.979000091552734,87.35800170898438,0.5540000200271606
2026-06-05 19:21:54,48.09600067138672,85.0770034790039,0.5649999976158142
2026-06-05 19:26:57,40.65599822998047,90.51100158691406,0.5080000162124634
2026-06-05 19:31:59,40.792999267578125,88.4229965209961,0.49799999594688416
2026-06-05 19:37:01,37.358001708984375,89.43399810791016,0.460999995470047
2026-06-05 19:42:03,36.290000915527344,84.23899841308594,0.421999990940094
2026-06-05 19:47:05,34.39799880981445,88.9010009765625,0.421999990940094
2026-06-05 19:52:07,31.341999053955078,93.89700317382812,0.4059999883174896
2026-06-05 19:57:09,29.9060001373291,92.14700317382812,0.3799999952316284
2026-06-05 20:02:11,32.314998626708984,86.91999816894531,0.3880000114440918
2026-06-05 20:07:14,28.23900032043457,87.64700317382812,0.34200000762939453
2026-06-05 20:12:16,26.250999450683594,90.02899932861328,0.32600000500679016
2026-06-05 20:17:18,25.134000778198242,95.12000274658203,0.33000001311302185
2026-06-05 20:22:20,23.631999969482422,91.7249984741211,0.29899999499320984
2026-06-05 20:27:22,22.006999969482422,86.28500366210938,0.2619999945163727
2026-06-05 20:32:24,19.07200050354004,85.21900177001953,0.2240000069141388
2026-06-05 20:37:26,16.37299919128418,104.1510009765625,0.23499999940395355
2026-06-05 20:42:28,14.223999977111816,101.22899627685547,0.19900000095367432
2026-06-05 20:47:30,13.781000137329102,87.56099700927734,0.16699999570846558
2026-06-05 20:52:33,11.321000099182129,100.7300033569336,0.15700000524520874
2026-06-05 20:57:35,9.29800033569336,111.47799682617188,0.14300000667572021
2026-06-05 21:02:37,8.144000053405762,110.21099853515625,0.12399999797344208
2026-06-05 21:07:39,5.767000198364258,18.64299964904785,0.014999999664723873
2026-06-05 21:12:41,4.0929999351501465,1.0160000324249268,0.0010000000474974513
2026-06-05 21:17:43,2.6500000953674316,1.0460000038146973,0.0
2026-06-05 21:22:45,1.5360000133514404,0.3970000147819519,0.0
2026-06-06 05:42:34,1.5360000133514404,0.3970000147819519,0.0
2026-06-06 05:47:36,4.263999938964844,0.5730000138282776,0.0
2026-06-06 05:52:38,5.357999801635742,0.5619999766349792,0.0
2026-06-06 05:57:40,6.64300012588501,0.6359999775886536,0.0010000000474974513
2026-06-06 06:02:42,9.890000343322754,17.882999420166016,0.024000000208616257
2026-06-06 06:07:44,12.836999893188477,60.74800109863281,0.1080000028014183
2026-06-06 06:12:46,14.836999893188477,59.625999450683594,0.12200000137090683
2026-06-06 06:17:48,14.354000091552734,62.733001708984375,0.12399999797344208
2026-06-06 06:22:50,13.904000282287598,73.48400115966797,0.14100000262260437
2026-06-06 06:27:53,13.218000411987305,70.53399658203125,0.1289999932050705
2026-06-06 06:32:55,16.17099952697754,59.652000427246094,0.13300000131130219
2026-06-06 06:37:57,24.77899932861328,65.48500061035156,0.2240000069141388
2026-06-06 06:42:59,38.05699920654297,65.14299774169922,0.34200000762939453
2026-06-06 06:48:01,54.034000396728516,67.22899627685547,0.5009999871253967
2026-06-06 06:53:03,62.33599853515625,67.61799621582031,0.5820000171661377
2026-06-06 06:58:05,63.17300033569336,68.56800079345703,0.5979999899864197
2026-06-06 07:03:07,61.01499938964844,68.18199920654297,0.5740000009536743
2026-06-06 07:08:09,61.994998931884766,70.73300170898438,0.6050000190734863
2026-06-06 07:13:11,69.65599822998047,71.08999633789062,0.6830000281333923
2026-06-06 07:18:14,76.447998046875,71.71800231933594,0.7570000290870667
2026-06-06 07:23:16,72.95099639892578,68.77999877929688,0.6919999718666077
2026-06-06 07:28:18,77.38700103759766,70.77200317382812,0.7559999823570251
2026-06-06 07:33:20,86.8499984741211,72.88899993896484,0.8740000128746033
2026-06-06 07:38:22,87.50900268554688,70.24099731445312,0.8479999899864197
2026-06-06 07:43:24,93.33499908447266,70.66699981689453,0.9100000262260437
2026-06-06 07:48:26,109.18099975585938,67.60800170898438,1.0190000534057617
2026-06-06 07:53:28,114.08000183105469,70.22899627685547,1.1059999465942383
2026-06-06 07:58:30,120.26699829101562,66.73799896240234,1.1080000400543213
2026-06-06 08:03:33,113.11499786376953,71.8219985961914,1.121000051498413
2026-06-06 08:08:35,119.50900268554688,70.0989990234375,1.156000018119812
2026-06-06 08:13:37,144.93899536132812,71.05999755859375,1.4210000038146973
2026-06-06 08:18:39,152.447998046875,74.73200225830078,1.5720000267028809
2026-06-06 08:23:41,156.82699584960938,71.79499816894531,1.5540000200271606
2026-06-06 08:28:43,194.7949981689453,64.14800262451172,1.7239999771118164
2026-06-06 08:33:45,166.56199645996094,71.49600219726562,1.6430000066757202
2026-06-06 08:38:47,247.2050018310547,63.32400131225586,2.1600000858306885
2026-06-06 08:43:49,246.33799743652344,75.87300109863281,2.5789999961853027
2026-06-06 08:48:51,183.4949951171875,69.26200103759766,1.753999948501587
2026-06-06 08:53:53,459.197998046875,54.946998596191406,3.4820001125335693
2026-06-06 08:58:56,355.57000732421875,71.19499969482422,3.493000030517578
2026-06-06 09:03:58,162.01600646972656,73.76300048828125,1.6490000486373901
2026-06-06 09:09:00,186.91000366210938,72.5469970703125,1.871000051498413
2026-06-06 09:14:02,282.09100341796875,71.10700225830078,2.7679998874664307
2026-06-06 09:19:04,372.5830078125,71.50800323486328,3.677000045776367
2026-06-06 09:24:06,243.25900268554688,74.37100219726562,2.496999979019165
2026-06-06 09:29:08,204.51400756835938,75.25900268554688,2.124000072479248
2026-06-06 09:34:10,232.3679962158203,77.36900329589844,2.4809999465942383
2026-06-06 09:39:13,260.8030090332031,76.66300201416016,2.759000062942505
2026-06-06 09:44:15,332.9169921875,74.51899719238281,3.4240000247955322
2026-06-06 09:49:17,354.22198486328125,74.05699920654297,3.619999885559082
2026-06-06 09:54:19,428.3699951171875,66.53800201416016,3.933000087738037
2026-06-06 09:59:21,246.18099975585938,78.75700378417969,2.6760001182556152
2026-06-06 10:04:23,259.56298828125,77.75700378417969,2.7850000858306885
2026-06-06 10:09:25,252.6739959716797,78.08399963378906,2.7230000495910645
2026-06-06 10:14:27,349.2139892578125,76.28199768066406,3.6760001182556152
2026-06-06 10:19:29,490.802001953125,75.4219970703125,5.107999801635742
2026-06-06 10:24:31,409.2909851074219,74.5770034790039,4.211999893188477
2026-06-06 10:29:34,489.49700927734375,75.23400115966797,5.081999778747559
2026-06-06 10:34:36,682.5780029296875,73.76799774169922,6.948999881744385
2026-06-06 10:39:38,444.2099914550781,78.66100311279297,4.822000026702881
2026-06-06 10:44:40,436.3269958496094,76.44599914550781,4.603000164031982
2026-06-06 10:49:42,526.3270263671875,74.89299774169922,5.440000057220459
2026-06-06 10:54:44,654.3679809570312,82.0,7.40500020980835
2026-06-06 10:59:46,985.5250244140625,72.29900360107422,9.833000183105469
2026-06-06 11:04:48,953.4990234375,70.1780014038086,9.234000205993652
2026-06-06 11:09:50,946.822998046875,70.5979995727539,9.223999977111816
2026-06-06 11:14:52,936.9829711914062,72.92500305175781,9.428999900817871
2026-06-06 11:19:55,936.7109985351562,73.80999755859375,9.541000366210938
2026-06-06 11:24:57,943.5659790039062,75.21399688720703,9.793999671936035
2026-06-06 11:29:59,951.3809814453125,75.7509994506836,9.944999694824219
2026-06-06 11:35:01,962.0910034179688,76.6729965209961,10.180000305175781
2026-06-06 11:40:03,970.6329956054688,77.23200225830078,10.345000267028809
2026-06-06 11:45:05,979.1890258789062,77.63200378417969,10.489999771118164
2026-06-06 11:50:07,980.64501953125,78.45999908447266,10.618000030517578
2026-06-06 11:55:09,985.7349853515625,79.64900207519531,10.835000038146973
2026-06-06 12:00:11,993.6409912109375,79.07099914550781,10.842000007629395
2026-06-06 12:05:13,988.0159912109375,80.2229995727539,10.937999725341797
2026-06-06 12:10:15,1000.4320068359375,80.3740005493164,11.095999717712402
2026-06-06 12:15:17,1005.906005859375,80.51200103759766,11.175999641418457
2026-06-06 12:20:20,1015.2780151367188,80.61699676513672,11.295000076293945
2026-06-06 12:25:22,1016.6099853515625,81.63300323486328,11.45300006866455
2026-06-06 12:30:24,1023.3619995117188,82.60600280761719,11.666000366210938
2026-06-06 12:35:26,1024.6080322265625,83.06300354003906,11.744999885559082
2026-06-06 12:40:28,1023.4010009765625,83.4729995727539,11.788999557495117
2026-06-06 12:45:30,1027.5699462890625,84.09300231933594,11.925000190734863
2026-06-06 12:50:32,1023.7130126953125,84.66600036621094,11.961000442504883
2026-06-06 12:55:34,1030.708984375,85.41300201416016,12.14900016784668
2026-06-06 13:00:36,1028.1390380859375,86.03500366210938,12.206999778747559
2026-06-06 13:05:38,1027.5450439453125,86.39900207519531,12.251999855041504
2026-06-06 13:10:41,1027.4239501953125,86.23100280761719,12.22599983215332
2026-06-06 13:15:43,1025.26904296875,86.86199951171875,12.289999961853027
2026-06-06 13:20:45,1027.72998046875,87.44999694824219,12.402999877929688
2026-06-06 13:25:47,1020.385986328125,88.2249984741211,12.42300033569336
2026-06-06 13:48:21,1019.4810180664062,18.509000778198242,2.6040000915527344
2026-06-06 13:53:23,1019.4580078125,75.6709976196289,10.645999908447266
2026-06-06 13:58:25,1015.301025390625,80.2030029296875,11.237000465393066
2026-06-06 14:03:27,1012.9119873046875,81.73100280761719,11.425000190734863
2026-06-06 14:08:29,1011.822021484375,82.01899719238281,11.45199966430664
2026-06-06 14:13:31,1005.1409912109375,82.62999725341797,11.461999893188477
2026-06-06 14:18:34,1001.844970703125,82.70999908447266,11.4350004196167
2026-06-06 14:23:36,1006.9249877929688,83.39700317382812,11.58899974822998
2026-06-06 14:28:38,1028.7900390625,83.52100372314453,11.857999801635742
2026-06-06 14:33:40,1019.5659790039062,83.15399932861328,11.699999809265137
2026-06-06 14:38:42,1147.0970458984375,81.14299774169922,12.845000267028809
2026-06-06 14:43:44,1078.3680419921875,79.61799621582031,11.847999572753906
2026-06-06 14:48:46,402.2130126953125,83.41699981689453,4.630000114440918
2026-06-06 14:53:48,290.95098876953125,83.66300201416016,3.3589999675750732
2026-06-06 14:58:50,651.4650268554688,121.00700378417969,10.878999710083008
2026-06-06 15:03:53,523.9569702148438,111.02300262451172,8.027999877929688
2026-06-06 15:08:55,1178.5419921875,81.53399658203125,13.26099967956543
2026-06-06 15:13:57,1018.1279907226562,56.874000549316406,7.991000175476074
2026-06-06 15:18:59,736.5869750976562,80.99700164794922,8.232999801635742
2026-06-06 15:24:01,1193.93798828125,79.46800231933594,13.093000411987305
2026-06-06 15:29:03,1051.89599609375,85.78099822998047,12.45199966430664
2026-06-06 15:34:05,1109.634033203125,78.55699920654297,12.029000282287598
2026-06-06 15:39:07,1008.0640258789062,78.37999725341797,10.904000282287598
2026-06-06 15:44:09,1082.9189453125,77.62100219726562,11.600000381469727
2026-06-06 15:49:11,402.802001953125,83.19999694824219,4.625
2026-06-06 15:54:14,708.7139892578125,83.37999725341797,8.154999732971191
2026-06-06 15:59:16,376.53900146484375,89.27899932861328,4.638999938964844
2026-06-06 16:04:18,476.8429870605469,73.83499908447266,4.859000205993652
2026-06-06 16:09:20,375.4010009765625,80.62799835205078,4.177000045776367
2026-06-06 16:14:22,325.9949951171875,79.99400329589844,3.5989999771118164
2026-06-06 16:19:24,271.46099853515625,84.64700317382812,3.1710000038146973
2026-06-06 16:24:26,280.91900634765625,82.2760009765625,3.190000057220459
2026-06-06 16:29:28,356.9490051269531,82.28399658203125,4.052999973297119
2026-06-06 16:34:30,371.62701416015625,82.20500183105469,4.216000080108643
2026-06-06 16:39:32,254.36700439453125,82.34200286865234,2.890000104904175
2026-06-06 16:44:34,275.50201416015625,80.47200012207031,3.059000015258789
2026-06-06 16:49:37,378.0780029296875,74.54199981689453,3.8889999389648438
2026-06-06 16:54:39,613.969970703125,71.38500213623047,6.047999858856201
2026-06-06 16:59:41,621.4669799804688,75.67900085449219,6.489999771118164
2026-06-06 17:04:43,560.677978515625,63.79999923706055,4.935999870300293
2026-06-06 17:09:45,312.0849914550781,68.10700225830078,2.933000087738037
2026-06-06 17:14:47,153.73500061035156,82.28900146484375,1.746000051498413
2026-06-06 17:19:49,141.37399291992188,84.79000091552734,1.6540000438690186
2026-06-06 17:24:51,165.55799865722656,84.91100311279297,1.940000057220459
2026-06-06 17:29:53,165.7830047607422,84.1500015258789,1.9249999523162842
2026-06-06 17:34:56,141.1540069580078,90.40499877929688,1.7610000371932983
2026-06-06 17:39:58,116.13899993896484,92.427001953125,1.4809999465942383
2026-06-06 17:45:00,180.11399841308594,77.86699676513672,1.934999942779541
2026-06-06 17:50:02,264.4670104980469,71.0719985961914,2.5940001010894775
2026-06-06 17:55:04,319.39898681640625,99.91300201416016,4.4039998054504395
2026-06-06 18:00:06,185.95399475097656,120.15799713134766,3.0829999446868896
2026-06-06 18:05:08,174.1999969482422,140.31100463867188,3.372999906539917
2026-06-06 18:10:10,133.93899536132812,117.60099792480469,2.1740000247955322
2026-06-06 18:15:12,104.74700164794922,136.656005859375,1.975000023841858
2026-06-06 18:20:15,99.98400115966797,82.91200256347656,1.1440000534057617
2026-06-06 18:25:17,128.99899291992188,85.24600219726562,1.5180000066757202
2026-06-06 18:30:19,129.4510040283203,84.13200378417969,1.503000020980835
2026-06-06 18:35:21,129.80099487304688,81.60900115966797,1.4620000123977661
2026-06-06 18:40:23,120.42500305175781,82.68000030517578,1.3739999532699585
2026-06-06 18:45:25,114.177001953125,84.06300354003906,1.3250000476837158
2026-06-06 18:50:27,100.24199676513672,81.84100341796875,1.1319999694824219
2026-06-06 18:55:29,84.5780029296875,83.98300170898438,0.9800000190734863
2026-06-06 19:00:31,78.36299896240234,78.56500244140625,0.8500000238418579
2026-06-06 19:05:34,101.697998046875,81.41699981689453,1.1430000066757202
2026-06-06 19:10:36,126.5260009765625,78.73999786376953,1.375
2026-06-06 19:15:38,113.51699829101562,76.7249984741211,1.2020000219345093
2026-06-06 19:20:40,99.01899719238281,79.4229965209961,1.0850000381469727
2026-06-06 19:25:42,103.13500213623047,80.31300354003906,1.1430000066757202
2026-06-06 19:30:44,81.13099670410156,80.11299896240234,0.8970000147819519
2026-06-06 19:35:46,79.9520034790039,78.71700286865234,0.8690000176429749
2026-06-06 19:40:48,80.45500183105469,78.76899719238281,0.875
2026-06-06 19:45:51,70.9280014038086,80.33999633789062,0.7860000133514404
2026-06-06 19:50:53,67.47000122070312,80.21299743652344,0.746999979019165
2026-06-06 19:55:55,60.49100112915039,77.81800079345703,0.6499999761581421
2026-06-06 20:00:57,62.0620002746582,77.98600006103516,0.6679999828338623
2026-06-06 20:05:59,62.29899978637695,76.68800354003906,0.6589999794960022
2026-06-06 20:11:01,56.47999954223633,78.125,0.609000027179718
2026-06-06 20:16:03,37.01900100708008,87.44999694824219,0.44699999690055847
2026-06-06 20:21:05,32.132999420166016,86.57499694824219,0.3840000033378601
2026-06-06 20:26:07,27.41900062561035,88.73600006103516,0.335999995470047
2026-06-06 20:31:09,23.648000717163086,89.20500183105469,0.29100000858306885
2026-06-06 20:36:11,18.084999084472656,97.09500122070312,0.24199999868869781
2026-06-06 20:41:13,14.850000381469727,102.18499755859375,0.20900000631809235
2026-06-06 20:46:16,12.59000015258789,108.33300018310547,0.18799999356269836
2026-06-06 20:51:18,10.736000061035156,93.01599884033203,0.1379999965429306
2026-06-06 20:56:20,8.736000061035156,100.98400115966797,0.12200000137090683
2026-06-06 21:01:22,6.968999862670898,116.8219985961914,0.1120000034570694
2026-06-06 21:06:24,5.364999771118164,21.41200065612793,0.01600000075995922
2026-06-06 21:11:26,3.755000114440918,0.9909999966621399,0.0010000000474974513
2026-06-06 21:16:28,2.4649999141693115,1.3580000400543213,0.0
2026-06-06 21:21:30,1.284999966621399,0.7919999957084656,0.0
2026-06-07 05:41:21,1.284999966621399,0.7919999957084656,0.0
2026-06-07 05:46:23,2.7360000610351562,0.703000009059906,0.0
2026-06-07 05:51:25,3.6070001125335693,0.49399998784065247,0.0
2026-06-07 05:56:27,5.041999816894531,0.6069999933242798,0.0
2026-06-07 06:01:29,6.025000095367432,0.6010000109672546,0.0
2026-06-07 06:06:31,11.895999908447266,49.262001037597656,0.08100000023841858
2026-06-07 06:11:33,11.432999610900879,55.262001037597656,0.08699999749660492
2026-06-07 06:16:35,11.73900032043457,68.69400024414062,0.11100000143051147
2026-06-07 06:21:37,15.817000389099121,51.25400161743164,0.1120000034570694
2026-06-07 06:26:39,18.618999481201172,59.000999450683594,0.15199999511241913
2026-06-07 06:31:42,25.62299919128418,58.65599822998047,0.2070000022649765
2026-06-07 06:36:44,30.783000946044922,60.862998962402344,0.2590000033378601
2026-06-07 06:41:46,34.974998474121094,56.13199996948242,0.2709999978542328
2026-06-07 06:46:48,35.47200012207031,59.183998107910156,0.28999999165534973
2026-06-07 06:51:50,51.85100173950195,56.709999084472656,0.4059999883174896
2026-06-07 06:56:52,60.361000061035156,60.016998291015625,0.5
2026-06-07 07:01:54,62.48899841308594,61.470001220703125,0.5299999713897705
2026-06-07 07:06:56,70.4530029296875,59.43199920654297,0.578000009059906
2026-06-07 07:11:58,84.27899932861328,61.49399948120117,0.7149999737739563
2026-06-07 07:17:00,81.52200317382812,60.67399978637695,0.6830000281333923
2026-06-07 07:22:02,89.74199676513672,59.04800033569336,0.7310000061988831
2026-06-07 07:27:05,106.83200073242188,62.757999420166016,0.925000011920929
2026-06-07 07:32:07,101.08100128173828,62.78200149536133,0.8759999871253967
2026-06-07 07:37:09,85.8740005493164,61.750999450683594,0.7319999933242798
2026-06-07 07:42:11,103.28700256347656,62.89699935913086,0.8970000147819519
2026-06-07 07:47:13,104.66500091552734,62.14400100708008,0.8980000019073486
2026-06-07 07:52:15,111.4219970703125,64.43699645996094,0.9909999966621399
2026-06-07 07:57:17,123.5270004272461,63.472999572753906,1.0820000171661377
2026-06-07 08:02:19,127.76499938964844,64.90299987792969,1.1440000534057617
2026-06-07 08:07:21,153.52699279785156,62.875,1.3320000171661377
2026-06-07 08:12:23,157.0989990234375,59.979000091552734,1.2999999523162842
2026-06-07 08:17:25,152.9709930419922,65.52799987792969,1.3830000162124634
2026-06-07 08:22:28,143.6479949951172,64.50399780273438,1.2790000438690186
2026-06-07 08:27:30,151.05799865722656,62.86600112915039,1.3109999895095825
2026-06-07 08:32:32,174.49099731445312,65.65499877929688,1.5809999704360962
2026-06-07 08:37:34,279.22698974609375,59.79499816894531,2.303999900817871
2026-06-07 08:42:36,445.197998046875,55.31800079345703,3.3989999294281006
2026-06-07 08:47:38,478.5830078125,57.946998596191406,3.8269999027252197
2026-06-07 08:52:40,474.61700439453125,55.18199920654297,3.614000082015991
2026-06-07 08:57:42,479.9930114746094,56.24599838256836,3.7260000705718994
2026-06-07 09:02:44,493.89599609375,57.36000061035156,3.9100000858306885
2026-06-07 09:07:47,304.8550109863281,94.16200256347656,3.9609999656677246
2026-06-07 09:12:49,557.0349731445312,59.58399963378906,4.579999923706055
2026-06-07 09:17:51,575.844970703125,54.44599914550781,4.327000141143799
2026-06-07 09:22:53,590.593994140625,61.4739990234375,5.010000228881836
2026-06-07 09:27:55,583.6640014648438,62.32600021362305,5.019999980926514
2026-06-07 09:32:57,564.6430053710938,60.04199981689453,4.678999900817871
2026-06-07 09:37:59,219.20700073242188,67.11599731445312,2.0299999713897705
2026-06-07 09:43:01,511.79400634765625,77.19100189208984,5.452000141143799
2026-06-07 09:48:03,562.0800170898438,63.36000061035156,4.914999961853027
2026-06-07 09:53:05,747.301025390625,53.986000061035156,5.566999912261963
2026-06-07 09:58:07,416.5660095214844,71.96399688720703,4.13700008392334
2026-06-07 10:03:10,334.3380126953125,67.88200378417969,3.131999969482422
2026-06-07 10:08:12,320.2699890136719,74.25800323486328,3.2820000648498535
2026-06-07 10:13:14,231.91099548339844,75.572998046875,2.4189999103546143
2026-06-07 10:18:16,300.46600341796875,73.14299774169922,3.0329999923706055
2026-06-07 10:23:18,289.3169860839844,106.52799987792969,4.252999782562256
2026-06-07 10:28:20,589.8189697265625,72.15299987792969,5.873000144958496
2026-06-07 10:33:22,677.3280029296875,76.65699768066406,7.164999961853027
2026-06-07 10:38:24,810.02099609375,72.49099731445312,8.102999687194824
2026-06-07 10:43:26,767.3489990234375,74.22799682617188,7.860000133514404
2026-06-07 10:48:28,878.0269775390625,71.9540023803711,8.718999862670898
2026-06-07 10:53:30,871.0789794921875,71.00299835205078,8.53499984741211
2026-06-07 10:58:33,897.5089721679688,71.70999908447266,8.881999969482422
2026-06-07 11:03:35,892.4619750976562,71.5999984741211,8.817999839782715
2026-06-07 11:08:37,914.4400024414062,72.7300033569336,9.178000450134277
2026-06-07 11:13:39,939.47998046875,72.89700317382812,9.451000213623047
2026-06-07 11:18:41,589.8300170898438,71.83699798583984,5.8470001220703125
2026-06-07 11:23:43,1013.7260131835938,74.41799926757812,10.41100025177002
2026-06-07 11:28:45,1000.97802734375,75.59300231933594,10.442000389099121
2026-06-07 11:33:47,907.1729736328125,77.26799774169922,9.67300033569336
2026-06-07 11:38:49,1054.1800537109375,75.28299713134766,10.95199966430664
2026-06-07 11:43:51,980.2080078125,75.18000030517578,10.168999671936035
2026-06-07 11:48:54,1031.928955078125,77.38200378417969,11.020000457763672
2026-06-07 11:53:56,1003.68701171875,80.27100372314453,11.118000030517578
2026-06-07 11:58:58,1029.7740478515625,80.052001953125,11.37600040435791
2026-06-07 12:04:00,1006.302978515625,80.72000122070312,11.210000038146973
2026-06-07 12:09:02,1029.675048828125,81.60299682617188,11.595000267028809
2026-06-07 12:14:04,1008.343017578125,83.18499755859375,11.574999809265137
2026-06-07 12:19:06,996.2150268554688,84.77999877929688,11.654999732971191
2026-06-07 12:24:08,1027.012939453125,83.83100128173828,11.880999565124512
2026-06-07 12:29:10,1016.7529907226562,84.59200286865234,11.869000434875488
2026-06-07 12:34:12,1047.68896484375,84.95600128173828,12.282999992370605
2026-06-07 12:39:15,1011.0089721679688,85.65799713134766,11.951000213623047
2026-06-07 12:44:17,1039.5849609375,85.86399841308594,12.317999839782715
2026-06-07 12:49:19,1040.405029296875,86.93900299072266,12.482000350952148
2026-06-07 12:54:21,1055.68701171875,87.4469985961914,12.739999771118164
2026-06-07 12:59:23,1052.47998046875,89.09400177001953,12.9399995803833
2026-06-07 13:04:25,1023.52001953125,89.0,12.571000099182129
2026-06-07 13:09:27,1055.9630126953125,88.84100341796875,12.946000099182129
2026-06-07 13:14:29,1054.5909423828125,88.48100280761719,12.876999855041504
2026-06-07 13:19:31,1053.926025390625,89.65899658203125,13.039999961853027
2026-06-07 13:24:34,1070.259033203125,89.60199737548828,13.234000205993652
2026-06-07 13:47:21,1043.259033203125,89.10299682617188,12.82800006866455
2026-06-07 13:52:23,1047.3740234375,89.37200164794922,12.918000221252441
2026-06-07 13:57:25,1041.6409912109375,89.50800323486328,12.866000175476074
2026-06-07 14:02:27,1038.27197265625,89.69400024414062,12.85099983215332
2026-06-07 14:07:29,1029.6820068359375,89.83599853515625,12.765000343322754
2026-06-07 14:12:32,1027.198974609375,90.0479965209961,12.765000343322754
2026-06-07 14:17:34,1025.47705078125,89.85299682617188,12.715999603271484
2026-06-07 14:22:36,1014.5830078125,90.16200256347656,12.62399959564209
2026-06-07 14:27:38,964.7860107421875,93.18199920654297,12.406000137329102
2026-06-07 14:32:40,1004.0659790039062,89.4280014038086,12.390999794006348
2026-06-07 14:37:42,990.6129760742188,89.73500061035156,12.267000198364258
2026-06-07 14:42:44,985.6019897460938,88.37899780273438,12.020999908447266
2026-06-07 14:47:46,972.2130126953125,88.41699981689453,11.86299991607666
2026-06-07 14:52:48,965.9660034179688,87.64399719238281,11.682999610900879
2026-06-07 14:57:51,953.14501953125,87.85900115966797,11.555999755859375
2026-06-07 15:02:53,950.2899780273438,87.26100158691406,11.442999839782715
2026-06-07 15:07:55,940.1580200195312,87.08100128173828,11.29800033569336
2026-06-07 15:12:57,930.2990112304688,86.38300323486328,11.09000015258789
2026-06-07 15:17:59,921.1129760742188,85.76499938964844,10.902000427246094
2026-06-07 15:23:01,909.7459716796875,85.6240005493164,10.75
2026-06-07 15:28:03,892.6320190429688,85.52799987792969,10.53600025177002
2026-06-07 15:33:05,884.5579833984375,84.9469985961914,10.369000434875488
2026-06-07 15:38:07,872.8109741210938,84.44000244140625,10.170999526977539
2026-06-07 15:43:10,857.8989868164062,84.03600311279297,9.949000358581543
2026-06-07 15:48:12,844.5339965820312,83.78399658203125,9.765000343322754
2026-06-07 15:53:14,830.2899780273438,83.37799835205078,9.553000450134277
2026-06-07 15:58:16,814.344970703125,82.88500213623047,9.3149995803833
2026-06-07 16:03:18,803.989013671875,82.32599639892578,9.133999824523926
2026-06-07 16:08:20,789.885986328125,81.52999877929688,8.88700008392334
2026-06-07 16:13:22,772.8179931640625,81.18099975585938,8.657999992370605
2026-06-07 16:18:24,759.8670043945312,80.30799865722656,8.420999526977539
2026-06-07 16:23:26,742.5809936523438,79.9280014038086,8.190999984741211
2026-06-07 16:28:29,723.4860229492188,79.81999969482422,7.968999862670898
2026-06-07 16:33:31,703.969970703125,79.63400268554688,7.736000061035156
2026-06-07 16:38:33,695.0349731445312,77.5199966430664,7.434999942779541
2026-06-07 16:43:35,675.5750122070312,78.17500305175781,7.288000106811523
2026-06-07 16:48:37,646.2830200195312,77.72799682617188,6.932000160217285
2026-06-07 16:53:39,644.0390014648438,76.94999694824219,6.839000225067139
2026-06-07 16:58:41,614.1209716796875,77.51599884033203,6.568999767303467
2026-06-07 17:03:43,591.3619995117188,75.2760009765625,6.14300012588501
2026-06-07 17:08:45,584.64501953125,75.89800262451172,6.124000072479248
2026-06-07 17:13:48,559.72998046875,76.08899688720703,5.876999855041504
2026-06-07 17:18:50,547.0029907226562,75.0009994506836,5.6620001792907715
2026-06-07 17:23:52,517.197998046875,73.48300170898438,5.244999885559082
2026-06-07 17:28:54,519.4190063476562,71.40699768066406,5.118000030517578
2026-06-07 17:33:56,485.3489990234375,73.0999984741211,4.895999908447266
2026-06-07 17:38:58,464.9419860839844,72.35099792480469,4.642000198364258
2026-06-07 17:44:00,447.7919921875,71.1050033569336,4.394000053405762
2026-06-07 17:49:02,372.6830139160156,72.68800354003906,3.73799991607666
2026-06-07 17:54:05,367.7170104980469,77.11599731445312,3.9130001068115234
2026-06-07 17:59:07,70.43699645996094,383.9079895019531,3.7320001125335693
2026-06-07 18:04:09,68.09600067138672,368.8299865722656,3.4660000801086426
2026-06-07 18:09:11,66.50299835205078,356.48199462890625,3.2720000743865967
2026-06-07 18:14:13,65.34100341796875,313.1180114746094,2.822999954223633
2026-06-07 18:19:15,63.50899887084961,94.70500183105469,0.8299999833106995
2026-06-07 18:24:17,62.96900177001953,95.71199798583984,0.8320000171661377
2026-06-07 18:29:19,61.17900085449219,91.57099914550781,0.7730000019073486
2026-06-07 18:34:21,60.1510009765625,93.22799682617188,0.7739999890327454
2026-06-07 18:39:23,57.77399826049805,95.8030014038086,0.7639999985694885
2026-06-07 18:44:25,57.902000427246094,97.01499938964844,0.7749999761581421
2026-06-07 18:49:28,56.72200012207031,91.75499725341797,0.7179999947547913
2026-06-07 18:54:30,54.79999923706055,94.75900268554688,0.7170000076293945
2026-06-07 18:59:32,54.42599868774414,94.88899993896484,0.7129999995231628
2026-06-07 19:04:34,52.77000045776367,94.07499694824219,0.6850000023841858
2026-06-07 19:09:36,51.36000061035156,89.81300354003906,0.6370000243186951
2026-06-07 19:14:38,50.09600067138672,90.66100311279297,0.6269999742507935
2026-06-07 19:19:40,48.55400085449219,91.72799682617188,0.6150000095367432
2026-06-07 19:24:42,47.14500045776367,92.98300170898438,0.6050000190734863
2026-06-07 19:29:44,45.39899826049805,86.87300109863281,0.5440000295639038
2026-06-07 19:34:46,43.8650016784668,90.30899810791016,0.546999990940094
2026-06-07 19:39:49,42.00199890136719,93.44100189208984,0.5419999957084656
2026-06-07 19:44:51,40.69300079345703,87.322998046875,0.49000000953674316
2026-06-07 19:49:53,38.077999114990234,92.77100372314453,0.4869999885559082
2026-06-07 19:54:55,36.1510009765625,99.447998046875,0.4959999918937683
2026-06-07 19:59:57,35.13399887084961,90.99400329589844,0.4410000145435333
2026-06-07 20:04:59,33.22999954223633,93.78700256347656,0.4300000071525574
2026-06-07 20:10:01,31.128999710083008,95.43599700927734,0.4099999964237213
2026-06-07 20:15:03,28.74799919128418,98.5459976196289,0.39100000262260437
2026-06-07 20:20:05,24.906999588012695,99.9749984741211,0.3440000116825104
2026-06-07 20:25:08,22.297000885009766,105.4219970703125,0.3240000009536743
2026-06-07 20:30:10,20.565000534057617,104.25599670410156,0.29600000381469727
2026-06-07 20:35:12,17.788999557495117,104.24099731445312,0.25600001215934753
2026-06-07 20:40:14,15.142999649047852,110.83399963378906,0.23199999332427979
2026-06-07 20:45:16,13.26200008392334,115.21499633789062,0.210999995470047
2026-06-07 20:50:18,10.99899959564209,117.85900115966797,0.17900000512599945
2026-06-07 20:55:20,10.151000022888184,77.44300079345703,0.1080000028014183
2026-06-07 21:00:22,8.053000450134277,121.71600341796875,0.13500000536441803
2026-06-07 21:05:24,6.638000011444092,18.273000717163086,0.017000000923871994
2026-06-07 21:10:27,4.7820000648498535,0.8489999771118164,0.0010000000474974513
2026-06-07 21:15:29,2.8510000705718994,1.0399999618530273,0.0
2026-06-07 21:20:31,1.2109999656677246,2.2790000438690186,0.0
2026-06-07 21:25:33,0.32199999690055847,0.4399999976158142,0.0
2026-06-08 05:41:06,0.32199999690055847,0.4399999976158142,0.0
2026-06-08 05:46:08,5.486000061035156,0.5389999747276306,0.0
2026-06-08 05:51:10,7.867000102996826,0.5879999995231628,0.0010000000474974513
2026-06-08 05:56:12,10.664999961853027,27.733999252319336,0.04100000113248825
2026-06-08 06:01:14,13.380999565124512,45.5620002746582,0.08399999886751175
2026-06-08 06:06:16,16.613000869750977,62.32500076293945,0.14300000667572021
2026-06-08 06:11:18,20.409000396728516,58.63100051879883,0.16500000655651093
2026-06-08 06:16:20,25.048999786376953,68.7969970703125,0.23800000548362732
2026-06-08 06:21:22,28.610000610351562,65.80799865722656,0.25999999046325684
2026-06-08 06:26:25,32.88199996948242,67.93499755859375,0.30799999833106995
2026-06-08 06:31:27,39.582000732421875,68.41400146484375,0.37400001287460327
2026-06-08 06:36:29,48.013999938964844,61.625999450683594,0.40799999237060547
2026-06-08 06:41:31,51.28900146484375,69.60700225830078,0.49300000071525574
2026-06-08 06:46:33,55.965999603271484,67.6969985961914,0.5230000019073486
2026-06-08 06:51:35,58.70600128173828,69.9990005493164,0.5669999718666077
2026-06-08 06:56:37,59.84199905395508,68.94400024414062,0.5690000057220459
2026-06-08 07:01:39,59.95399856567383,66.57499694824219,0.5509999990463257
2026-06-08 07:06:42,62.69499969482422,68.20600128173828,0.5899999737739563
2026-06-08 07:11:44,68.34600067138672,67.48799896240234,0.6370000243186951
2026-06-08 07:16:46,72.08200073242188,68.61100006103516,0.6819999814033508
2026-06-08 07:21:48,78.5530014038086,66.76100158691406,0.7239999771118164
2026-06-08 07:26:50,101.19300079345703,68.1449966430664,0.9520000219345093
2026-06-08 07:31:52,104.2490005493164,69.41899871826172,0.9990000128746033
2026-06-08 07:36:54,107.5790023803711,69.26399993896484,1.027999997138977
2026-06-08 07:41:56,93.95500183105469,70.3759994506836,0.9120000004768372
2026-06-08 07:46:58,77.0719985961914,67.56800079345703,0.718999981880188
2026-06-08 07:52:00,68.51699829101562,70.55500030517578,0.6669999957084656
2026-06-08 07:57:03,206.8800048828125,26.673999786376953,0.7620000243186951
2026-06-08 08:02:05,200.88499450683594,27.884000778198242,0.7730000019073486
2026-06-08 08:07:07,255.7550048828125,33.742000579833984,1.190999984741211
2026-06-08 08:12:09,250.79400634765625,51.73899841308594,1.7910000085830688
2026-06-08 08:17:11,253.7760009765625,54.78799819946289,1.9190000295639038
2026-06-08 08:22:13,327.5950012207031,53.58599853515625,2.4230000972747803
2026-06-08 08:27:15,338.2799987792969,55.007999420166016,2.568000078201294
2026-06-08 08:32:17,324.1300048828125,54.52000045776367,2.438999891281128
2026-06-08 08:37:19,331.2460021972656,58.928001403808594,2.694000005722046
2026-06-08 08:42:22,382.1099853515625,57.854000091552734,3.0510001182556152
2026-06-08 08:47:24,388.8909912109375,61.36199951171875,3.2929999828338623
2026-06-08 08:52:26,446.4530029296875,60.597999572753906,3.7330000400543213
2026-06-08 08:57:28,455.38299560546875,61.12300109863281,3.8410000801086426
2026-06-08 09:02:30,420.7860107421875,67.64099884033203,3.927999973297119
2026-06-08 09:07:32,480.1709899902344,65.15699768066406,4.317999839782715
2026-06-08 09:12:34,491.54998779296875,66.5989990234375,4.51800012588501
2026-06-08 09:17:36,450.6470031738281,65.90699768066406,4.098999977111816
2026-06-08 09:22:38,545.2550048828125,66.60600280761719,5.01200008392334
2026-06-08 09:27:41,520.7219848632812,67.41100311279297,4.843999862670898
2026-06-08 09:32:43,589.093017578125,68.95800018310547,5.605999946594238
2026-06-08 09:37:45,554.64599609375,70.23999786376953,5.375999927520752
2026-06-08 09:42:47,590.0479736328125,74.34600067138672,6.053999900817871
2026-06-08 09:47:49,689.1110229492188,71.98400115966797,6.84499979019165
2026-06-08 09:52:51,568.0250244140625,71.9520034790039,5.639999866485596
2026-06-08 09:57:53,572.27197265625,76.85099792480469,6.068999767303467
2026-06-08 10:02:55,600.2100219726562,76.46499633789062,6.334000110626221
2026-06-08 10:07:57,564.6240234375,75.63099670410156,5.89300012588501
2026-06-08 10:12:59,643.2639770507812,75.67900085449219,6.7179999351501465
2026-06-08 10:18:02,577.9420166015625,87.5250015258789,6.980999946594238
2026-06-08 10:23:04,556.0869750976562,79.84500122070312,6.126999855041504
2026-06-08 10:28:06,530.6740112304688,79.83200073242188,5.8460001945495605
2026-06-08 10:33:08,535.7349853515625,76.34200286865234,5.644000053405762
2026-06-08 10:38:10,626.8870239257812,80.11399841308594,6.931000232696533
2026-06-08 10:43:12,535.7050170898438,79.1500015258789,5.85099983215332
2026-06-08 10:48:14,635.9600219726562,77.927001953125,6.839000225067139
2026-06-08 10:53:16,619.3070068359375,81.38700103759766,6.955999851226807
2026-06-08 10:58:18,698.7059936523438,85.62699890136719,8.255999565124512
2026-06-08 11:03:20,686.7659912109375,85.59100341796875,8.112000465393066
2026-06-08 11:08:23,623.655029296875,78.83300018310547,6.784999847412109
2026-06-08 11:13:25,682.2990112304688,79.6050033569336,7.494999885559082
2026-06-08 11:18:27,966.3359985351562,80.58799743652344,10.746999740600586
2026-06-08 11:23:29,987.9180297851562,81.5,11.111000061035156
2026-06-08 11:28:31,777.93798828125,82.0739974975586,8.810999870300293
2026-06-08 11:33:33,649.4400024414062,86.69400024414062,7.769999980926514
2026-06-08 11:38:35,534.1300048828125,86.76899719238281,6.395999908447266
2026-06-08 11:43:37,695.3599853515625,85.10299682617188,8.166000366210938
2026-06-08 11:48:39,701.7659912109375,84.89399719238281,8.220999717712402
2026-06-08 11:53:42,869.031982421875,89.91400146484375,10.782999992370605
2026-06-08 11:58:44,763.0260009765625,85.1989974975586,8.970999717712402
2026-06-08 12:03:46,734.406982421875,93.65599822998047,9.491999626159668
2026-06-08 12:08:48,834.27001953125,95.00599670410156,10.937999725341797
2026-06-08 12:13:50,726.4210205078125,92.48500061035156,9.270999908447266
2026-06-08 12:18:52,663.4929809570312,88.60199737548828,8.11299991607666
2026-06-08 12:23:54,491.57000732421875,90.20099639892578,6.11899995803833
2026-06-08 12:28:56,454.34100341796875,86.2770004272461,5.408999919891357
2026-06-08 12:33:58,513.4810180664062,88.34500122070312,6.260000228881836
2026-06-08 12:39:00,565.5250244140625,84.15599822998047,6.567999839782715
2026-06-08 12:44:03,476.6099853515625,87.73699951171875,5.770999908447266
2026-06-08 12:49:05,467.72900390625,86.76899719238281,5.60099983215332
2026-06-08 12:54:07,434.22198486328125,87.16300201416016,5.2230000495910645
2026-06-08 12:59:09,427.7869873046875,90.85099792480469,5.36299991607666
2026-06-08 13:04:11,386.82501220703125,87.60900115966797,4.677000045776367
2026-06-08 13:09:13,313.6390075683594,87.70899963378906,3.7960000038146973
2026-06-08 13:14:15,292.80499267578125,86.8270034790039,3.507999897003174
2026-06-08 13:19:17,319.1470031738281,86.83799743652344,3.825000047683716
2026-06-08 13:24:19,388.072998046875,85.68900299072266,4.589000225067139
2026-06-08 13:46:53,302.47100830078125,5.539000034332275,0.23100000619888306
2026-06-08 13:51:55,264.7149963378906,86.0469970703125,3.1429998874664307
2026-06-08 13:56:57,271.4469909667969,88.41600036621094,3.312000036239624
2026-06-08 14:01:59,360.1440124511719,85.70600128173828,4.260000228881836
2026-06-08 14:07:01,411.9179992675781,116.04100036621094,6.5960001945495605
2026-06-08 14:12:03,332.6969909667969,87.61499786376953,4.0229997634887695
2026-06-08 14:17:05,900.7860107421875,70.34200286865234,8.744000434875488
2026-06-08 14:22:08,516.2969970703125,86.19599914550781,6.140999794006348
2026-06-08 14:27:10,649.8060302734375,87.36699676513672,7.835000038146973
2026-06-08 14:32:12,367.8399963378906,88.01899719238281,4.4679999351501465
2026-06-08 14:37:14,269.83099365234375,88.39700317382812,3.2920000553131104
2026-06-08 14:42:16,400.9490051269531,71.98699951171875,3.9830000400543213
2026-06-08 14:47:18,216.11700439453125,92.59100341796875,2.760999917984009
2026-06-08 14:52:20,108.38899993896484,94.18499755859375,1.409000039100647
2026-06-08 14:57:22,52.314998626708984,95.10800170898438,0.6869999766349792
2026-06-08 15:02:24,27.058000564575195,109.9280014038086,0.4099999964237213
2026-06-08 15:07:26,26.184999465942383,117.39900207519531,0.42399999499320984
2026-06-08 15:12:29,30.47800064086914,121.72200012207031,0.5120000243186951
2026-06-08 15:17:31,30.183000564575195,122.3219985961914,0.5090000033378601
2026-06-08 15:22:33,41.73500061035156,107.11100006103516,0.6169999837875366
2026-06-08 15:27:35,62.14099884033203,101.50399780273438,0.8700000047683716
2026-06-08 15:32:37,66.96299743652344,95.49800109863281,0.8820000290870667
2026-06-08 15:37:39,60.91899871826172,97.7969970703125,0.8220000267028809
2026-06-08 15:42:41,63.016998291015625,92.83000183105469,0.8069999814033508
2026-06-08 15:47:44,87.822998046875,97.0,1.1759999990463257
2026-06-08 15:52:46,73.99099731445312,97.77799987792969,0.9980000257492065
2026-06-08 15:57:48,64.79299926757812,98.8270034790039,0.8840000033378601
2026-06-08 16:02:50,82.21700286865234,93.47699737548828,1.0609999895095825
2026-06-08 16:07:52,164.5030059814453,90.65399932861328,2.058000087738037
2026-06-08 16:12:54,206.11000061035156,91.58799743652344,2.6050000190734863
2026-06-08 16:17:56,237.0970001220703,90.34200286865234,2.9560000896453857
2026-06-08 16:22:58,296.49798583984375,86.6050033569336,3.5439999103546143
2026-06-08 16:28:01,421.9729919433594,84.82599639892578,4.940000057220459
2026-06-08 16:33:03,347.1449890136719,85.09300231933594,4.076000213623047
2026-06-08 16:38:05,235.0590057373047,88.66600036621094,2.875999927520752
2026-06-08 16:43:07,147.30499267578125,89.64299774169922,1.8220000267028809
2026-06-08 16:48:09,126.34200286865234,90.80599975585938,1.5829999446868896
2026-06-08 16:53:11,119.91300201416016,86.35199737548828,1.4290000200271606
2026-06-08 16:58:13,97.53800201416016,90.66100311279297,1.2200000286102295
2026-06-08 17:03:15,73.37100219726562,93.4260025024414,0.9459999799728394
2026-06-08 17:08:18,68.58999633789062,95.97799682617188,0.9079999923706055
2026-06-08 17:13:20,52.736000061035156,96.93900299072266,0.7049999833106995
2026-06-08 17:18:22,50.28799819946289,95.03500366210938,0.6600000262260437
2026-06-08 17:23:24,48.569000244140625,101.88899993896484,0.6830000281333923
2026-06-08 17:28:26,44.064998626708984,104.97200012207031,0.6380000114440918
2026-06-08 17:33:28,40.6349983215332,98.82499694824219,0.5540000200271606
2026-06-08 17:38:30,40.28799819946289,103.69000244140625,0.5759999752044678
2026-06-08 17:43:32,44.95100021362305,105.85800170898438,0.6570000052452087
2026-06-08 17:48:35,40.349998474121094,100.64299774169922,0.5600000023841858
2026-06-08 17:53:37,33.21099853515625,100.65799713134766,0.460999995470047
2026-06-08 17:58:39,35.28200149536133,95.1520004272461,0.46299999952316284
2026-06-08 18:03:41,50.14400100708008,102.22599792480469,0.7070000171661377
2026-06-08 18:08:43,64.65699768066406,96.50199890136719,0.8610000014305115
2026-06-08 18:13:45,52.10300064086914,95.09500122070312,0.6840000152587891
2026-06-08 18:18:47,41.685001373291016,100.46600341796875,0.578000009059906
2026-06-08 18:23:49,30.216999053955078,100.74800109863281,0.41999998688697815
2026-06-08 18:28:52,27.695999145507812,102.84100341796875,0.3930000066757202
2026-06-08 18:33:54,24.906999588012695,108.04399871826172,0.3709999918937683
2026-06-08 18:38:56,21.014999389648438,110.60099792480469,0.32100000977516174
2026-06-08 18:43:58,22.731000900268555,118.49099731445312,0.3720000088214874
2026-06-08 18:49:00,25.604999542236328,105.2509994506836,0.3720000088214874
2026-06-08 18:54:02,38.577999114990234,104.75800323486328,0.5580000281333923
2026-06-08 18:59:04,63.63199996948242,99.64399719238281,0.875
2026-06-08 19:04:06,69.59300231933594,96.80699920654297,0.9300000071525574
2026-06-08 19:09:09,51.111000061035156,90.45700073242188,0.6380000114440918
2026-06-08 19:14:11,40.19200134277344,91.00299835205078,0.5049999952316284
2026-06-08 19:19:13,32.119998931884766,93.79900360107422,0.41600000858306885
2026-06-08 19:24:15,35.80500030517578,96.83300018310547,0.4779999852180481
2026-06-08 19:29:17,41.87900161743164,93.74299621582031,0.5419999957084656
2026-06-08 19:34:19,45.41899871826172,91.052001953125,0.5709999799728394
2026-06-08 19:39:21,32.14899826049805,92.572998046875,0.41100001335144043
2026-06-08 19:44:23,23.937999725341797,100.93599700927734,0.3330000042915344
2026-06-08 19:49:25,15.78499984741211,101.78399658203125,0.22200000286102295
2026-06-08 19:54:28,7.815000057220459,44.816001892089844,0.04800000041723251
2026-06-08 19:59:30,4.677999973297119,0.7160000205039978,0.0
2026-06-08 20:04:32,4.973999977111816,0.7760000228881836,0.0010000000474974513
2026-06-08 20:09:34,6.948999881744385,0.7950000166893005,0.0010000000474974513
2026-06-08 20:14:36,11.512999534606934,72.7229995727539,0.11599999666213989
2026-06-08 20:19:38,14.902999877929688,93.61900329589844,0.19300000369548798
2026-06-08 20:24:40,12.840999603271484,93.47200012207031,0.16599999368190765
2026-06-08 20:29:42,12.517000198364258,87.4540023803711,0.1509999930858612
2026-06-08 20:34:44,9.336000442504883,79.88200378417969,0.10300000011920929
2026-06-08 20:39:47,4.15500020980835,0.8980000019073486,0.0010000000474974513
2026-06-08 20:44:49,2.746999979019165,0.4860000014305115,0.0
2026-06-08 20:49:51,7.336999893188477,0.6209999918937683,0.0010000000474974513
2026-06-08 20:54:53,9.98900032043457,30.850000381469727,0.0430000014603138
2026-06-08 20:59:55,6.232999801635742,0.5879999995231628,0.0010000000474974513
2026-06-08 21:04:57,5.090000152587891,0.4620000123977661,0.0
2026-06-08 21:09:59,1.9980000257492065,1.1380000114440918,0.0
2026-06-08 21:15:01,1.4789999723434448,0.5910000205039978,0.0
2026-06-08 21:20:03,0.4869999885559082,1.3550000190734863,0.0
2026-06-08 21:25:05,0.24799999594688416,1.1410000324249268,0.0
2026-06-09 05:40:48,0.24799999594688416,1.1410000324249268,0.0
2026-06-09 05:45:50,0.7730000019073486,0.7319999933242798,0.0
2026-06-09 05:50:52,1.4539999961853027,0.9449999928474426,0.0
2026-06-09 05:55:54,3.499000072479248,0.4749999940395355,0.0
2026-06-09 06:00:56,6.015999794006348,0.41499999165534973,0.0
2026-06-09 06:05:59,9.60200023651123,0.6050000190734863,0.0010000000474974513
2026-06-09 06:11:01,12.829999923706055,63.19200134277344,0.1120000034570694
2026-06-09 06:16:03,11.343999862670898,56.012001037597656,0.08799999952316284
2026-06-09 06:21:05,12.788999557495117,52.34700012207031,0.09200000017881393
2026-06-09 06:26:07,14.70199966430664,60.71799850463867,0.12300000339746475
2026-06-09 06:31:09,15.005999565124512,59.9370002746582,0.12399999797344208
2026-06-09 06:36:11,10.847999572753906,60.83700180053711,0.09099999815225601
2026-06-09 06:41:13,12.319999694824219,69.58999633789062,0.11800000071525574
2026-06-09 06:46:15,20.292999267578125,71.0979995727539,0.19900000095367432
2026-06-09 06:51:18,17.597999572753906,71.59300231933594,0.17399999499320984
2026-06-09 06:56:20,23.808000564575195,54.393001556396484,0.17900000512599945
2026-06-09 07:01:22,27.006000518798828,75.47200012207031,0.2809999883174896
2026-06-09 07:06:24,33.143001556396484,70.64600372314453,0.3230000138282776
2026-06-09 07:11:26,42.229000091552734,66.0,0.38499999046325684
2026-06-09 07:16:28,48.91699981689453,65.46800231933594,0.44200000166893005
2026-06-09 07:21:30,48.426998138427734,70.8550033569336,0.4740000069141388
2026-06-09 07:26:32,51.422000885009766,71.79000091552734,0.5090000033378601
2026-06-09 07:31:34,47.40599822998047,70.65399932861328,0.4620000123977661
2026-06-09 07:36:37,49.979000091552734,74.08200073242188,0.5109999775886536
2026-06-09 07:41:39,53.8650016784668,73.11000061035156,0.5429999828338623
2026-06-09 07:46:41,40.89099884033203,72.97799682617188,0.41200000047683716
2026-06-09 07:51:43,46.529998779296875,73.33499908447266,0.47099998593330383
2026-06-09 07:56:45,59.64899826049805,75.69400024414062,0.6230000257492065
2026-06-09 08:01:47,65.73300170898438,72.48400115966797,0.6579999923706055
2026-06-09 08:06:49,74.34500122070312,74.80000305175781,0.7670000195503235
2026-06-09 08:11:51,73.2229995727539,71.74800109863281,0.7250000238418579
2026-06-09 08:16:53,77.66400146484375,73.28700256347656,0.7850000262260437
2026-06-09 08:21:56,94.58100128173828,73.10399627685547,0.9539999961853027
2026-06-09 08:26:58,116.33399963378906,74.9540023803711,1.2029999494552612
2026-06-09 08:32:00,125.92500305175781,73.75299835205078,1.281999945640564
2026-06-09 08:37:02,116.58699798583984,73.56600189208984,1.184000015258789
2026-06-09 08:42:04,89.45099639892578,76.7959976196289,0.9480000138282776
2026-06-09 08:47:06,77.62300109863281,77.14299774169922,0.8259999752044678
2026-06-09 08:52:08,69.94499969482422,79.1989974975586,0.7639999985694885
2026-06-09 08:57:10,95.88800048828125,78.91500091552734,1.0440000295639038
2026-06-09 09:02:13,87.88999938964844,77.72100067138672,0.9430000185966492
2026-06-09 09:07:15,123.39700317382812,79.39099884033203,1.3519999980926514
2026-06-09 09:12:17,190.3470001220703,76.44599914550781,2.007999897003174
2026-06-09 09:17:19,182.6510009765625,82.00299835205078,2.066999912261963
2026-06-09 09:22:21,162.1510009765625,78.37899780273438,1.753999948501587
2026-06-09 09:27:23,164.4499969482422,78.41699981689453,1.7799999713897705
2026-06-09 09:32:25,180.75,80.69400024414062,2.013000011444092
2026-06-09 09:37:27,136.69000244140625,80.24500274658203,1.5140000581741333
2026-06-09 09:42:29,144.31100463867188,76.56500244140625,1.524999976158142
2026-06-09 09:47:32,225.50599670410156,78.83999633789062,2.453000068664551
2026-06-09 09:52:34,250.62399291992188,79.197998046875,2.739000082015991
2026-06-09 09:57:36,261.1440124511719,100.38400268554688,3.618000030517578
2026-06-09 10:02:38,216.61000061035156,79.86699676513672,2.38700008392334
2026-06-09 10:07:40,225.2100067138672,78.96800231933594,2.4539999961853027
2026-06-09 10:12:42,201.11300659179688,81.08000183105469,2.25
2026-06-09 10:17:44,154.81399536132812,81.64299774169922,1.74399995803833
2026-06-09 10:22:47,130.9739990234375,78.50399780273438,1.4190000295639038
2026-06-09 10:27:49,169.65899658203125,82.68000030517578,1.9359999895095825
2026-06-09 10:32:51,170.61900329589844,79.322998046875,1.8680000305175781
2026-06-09 10:37:53,208.98699951171875,80.71499633789062,2.328000068664551
2026-06-09 10:42:55,185.52499389648438,83.16000366210938,2.128999948501587
2026-06-09 10:47:57,133.552001953125,84.61599731445312,1.559000015258789
2026-06-09 10:52:59,126.18499755859375,84.04499816894531,1.4639999866485596
2026-06-09 10:58:01,113.62300109863281,83.26399993896484,1.305999994277954
2026-06-09 11:03:04,140.218994140625,84.24400329589844,1.6299999952316284
2026-06-09 11:08:06,140.92999267578125,83.29100036621094,1.6200000047683716
2026-06-09 11:13:08,164.85899353027344,86.01000213623047,1.9570000171661377
2026-06-09 11:18:10,156.38400268554688,85.5510025024414,1.8459999561309814
2026-06-09 11:23:12,150.39500427246094,85.38500213623047,1.7719999551773071
2026-06-09 11:28:14,119.23699951171875,81.73600006103516,1.3450000286102295
2026-06-09 11:33:16,140.01800537109375,83.00399780273438,1.6039999723434448
2026-06-09 11:38:18,229.87899780273438,80.23200225830078,2.5450000762939453
2026-06-09 11:43:21,332.78900146484375,76.79900360107422,3.5269999504089355
2026-06-09 11:48:23,325.02398681640625,74.45099639892578,3.3389999866485596
2026-06-09 11:53:25,321.2909851074219,91.22799682617188,4.045000076293945
2026-06-09 11:58:27,354.9389953613281,102.73999786376953,5.0320000648498535
2026-06-09 12:03:29,312.6189880371094,82.80799865722656,3.572000026702881
2026-06-09 12:08:31,294.71099853515625,85.28600311279297,3.4690001010894775
2026-06-09 12:13:33,521.2780151367188,73.66999816894531,5.300000190734863
2026-06-09 12:18:35,321.6780090332031,83.13500213623047,3.690000057220459
2026-06-09 12:23:37,275.7300109863281,83.06600189208984,3.1610000133514404
2026-06-09 12:28:40,271.8739929199219,84.74299621582031,3.178999900817871
2026-06-09 12:33:42,323.47900390625,84.48400115966797,3.7709999084472656
2026-06-09 12:38:44,242.23300170898438,82.875,2.7699999809265137
2026-06-09 12:43:46,259.75799560546875,83.2509994506836,2.9839999675750732
2026-06-09 12:48:48,306.40899658203125,79.28700256347656,3.3529999256134033
2026-06-09 12:53:50,901.3989868164062,75.76799774169922,9.425000190734863
2026-06-09 12:58:52,498.8089904785156,88.9219970703125,6.120999813079834
2026-06-09 13:03:55,531.4580078125,79.74400329589844,5.848999977111816
2026-06-09 13:08:57,694.35400390625,87.06300354003906,8.342000007629395
2026-06-09 13:13:59,410.14898681640625,84.93099975585938,4.807000160217285
2026-06-09 13:19:01,703.3920288085938,71.89099884033203,6.978000164031982
2026-06-09 13:24:03,693.3209838867188,87.7509994506836,8.395999908447266
2026-06-09 13:46:40,832.5260009765625,15.12399959564209,1.7380000352859497
2026-06-09 13:51:42,778.1530151367188,80.74400329589844,8.670999526977539
2026-06-09 13:56:45,838.385986328125,80.0459976196289,9.26099967956543
2026-06-09 14:01:47,795.5910034179688,82.51300048828125,9.059000015258789
2026-06-09 14:06:49,750.1810302734375,87.44100189208984,9.052000045776367
2026-06-09 14:11:51,775.0700073242188,76.83899688720703,8.218999862670898
2026-06-09 14:16:53,782.9619750976562,84.0780029296875,9.085000038146973
2026-06-09 14:21:55,788.698974609375,85.28700256347656,9.282999992370605
2026-06-09 14:26:57,762.6929931640625,85.19999694824219,8.967000007629395
2026-06-09 14:31:59,671.1680297851562,90.35800170898438,8.369000434875488
2026-06-09 14:37:02,658.9630126953125,67.09700012207031,6.1020002365112305
2026-06-09 14:42:04,731.4310302734375,84.73100280761719,8.553000450134277
2026-06-09 14:47:06,326.39801025390625,82.81300354003906,3.7300000190734863
2026-06-09 14:52:08,436.6650085449219,84.947998046875,5.11899995803833
2026-06-09 14:57:10,539.8259887695312,77.61100006103516,5.7820000648498535
2026-06-09 15:02:12,457.30499267578125,101.81199645996094,6.425000190734863
2026-06-09 15:07:14,316.614990234375,83.6259994506836,3.6540000438690186
2026-06-09 15:12:16,630.2969970703125,68.91100311279297,5.99399995803833
2026-06-09 15:17:19,347.64599609375,90.90699768066406,4.361000061035156
2026-06-09 15:22:21,263.7510070800781,84.35900115966797,3.069999933242798
2026-06-09 15:27:23,303.7510070800781,85.31500244140625,3.5759999752044678
2026-06-09 15:32:25,539.4099731445312,78.7229995727539,5.860000133514404
2026-06-09 15:37:27,419.1629943847656,83.34200286865234,4.821000099182129
2026-06-09 15:42:29,440.4849853515625,83.31700134277344,5.065000057220459
2026-06-09 15:47:31,366.26300048828125,88.1729965209961,4.456999778747559
2026-06-09 15:52:34,392.70098876953125,80.30500030517578,4.3520002365112305
2026-06-09 15:57:36,424.54400634765625,84.22000122070312,4.934000015258789
2026-06-09 16:02:38,351.81500244140625,82.96099853515625,4.0279998779296875
2026-06-09 16:07:40,300.03900146484375,83.46499633789062,3.4560000896453857
2026-06-09 16:12:42,281.510986328125,84.36799621582031,3.2780001163482666
2026-06-09 16:17:44,275.4469909667969,89.9010009765625,3.4170000553131104
2026-06-09 16:22:46,289.4219970703125,80.64600372314453,3.2209999561309814
2026-06-09 16:27:48,256.1619873046875,84.88500213623047,3.000999927520752
2026-06-09 16:32:51,266.12298583984375,83.29499816894531,3.059000015258789
2026-06-09 16:37:53,158.75,84.60600280761719,1.8539999723434448
2026-06-09 16:42:55,149.81300354003906,82.86100006103516,1.7130000591278076
2026-06-09 16:47:57,125.64099884033203,85.04900360107422,1.475000023841858
2026-06-09 16:52:59,110.15499877929688,84.50900268554688,1.284999966621399
2026-06-09 16:58:01,108.21499633789062,84.31199645996094,1.2589999437332153
2026-06-09 17:03:03,93.6500015258789,85.47100067138672,1.1050000190734863
2026-06-09 17:08:05,98.63800048828125,86.8239974975586,1.1820000410079956
2026-06-09 17:13:08,101.25700378417969,89.97899627685547,1.2569999694824219
2026-06-09 17:18:10,107.89700317382812,87.42500305175781,1.3020000457763672
2026-06-09 17:23:12,119.17900085449219,88.26699829101562,1.4520000219345093
2026-06-09 17:28:14,154.81700134277344,85.90699768066406,1.8350000381469727
2026-06-09 17:33:16,133.84500122070312,85.91100311279297,1.5870000123977661
2026-06-09 17:38:18,117.33699798583984,88.2249984741211,1.4290000200271606
2026-06-09 17:43:20,101.53399658203125,88.55999755859375,1.2410000562667847
2026-06-09 17:48:23,95.03299713134766,86.83699798583984,1.1390000581741333
2026-06-09 17:53:25,88.56900024414062,86.44599914550781,1.0570000410079956
2026-06-09 17:58:27,85.03299713134766,86.25499725341797,1.0119999647140503
2026-06-09 18:03:29,96.55999755859375,86.84300231933594,1.156999945640564
2026-06-09 18:08:31,109.85600280761719,86.20600128173828,1.3070000410079956
2026-06-09 18:13:33,124.427001953125,84.63700103759766,1.4529999494552612
2026-06-09 18:18:35,122.67400360107422,87.02999877929688,1.4730000495910645
2026-06-09 18:23:37,122.08200073242188,85.2750015258789,1.437000036239624
2026-06-09 18:28:40,123.12200164794922,86.26599884033203,1.465999960899353
2026-06-09 18:33:42,114.60800170898438,86.81800079345703,1.3730000257492065
2026-06-09 18:38:44,102.0780029296875,84.23600006103516,1.187000036239624
2026-06-09 18:43:46,83.21099853515625,88.13899993896484,1.0119999647140503
2026-06-09 18:48:48,63.7869987487793,84.5009994506836,0.7440000176429749
2026-06-09 18:53:50,57.50899887084961,83.9800033569336,0.6660000085830688
2026-06-09 18:58:52,56.888999938964844,83.59100341796875,0.656000018119812
2026-06-09 19:03:54,59.542999267578125,85.25399780273438,0.7009999752044678
2026-06-09 19:08:57,54.82099914550781,85.3290023803711,0.6460000276565552
2026-06-09 19:13:59,50.2400016784668,85.50800323486328,0.5929999947547913
2026-06-09 19:19:01,41.862998962402344,87.02799987792969,0.503000020980835
2026-06-09 19:24:03,38.33399963378906,87.33200073242188,0.4620000123977661
2026-06-09 19:29:05,33.4630012512207,85.52799987792969,0.39500001072883606
2026-06-09 19:34:07,30.149999618530273,91.27400207519531,0.3799999952316284
2026-06-09 19:39:09,29.327999114990234,88.84700012207031,0.36000001430511475
2026-06-09 19:44:11,26.253999710083008,85.46399688720703,0.3100000023841858
2026-06-09 19:49:14,27.018999099731445,81.49099731445312,0.30399999022483826
2026-06-09 19:54:16,26.104999542236328,85.21900177001953,0.3070000112056732
2026-06-09 19:59:18,29.121999740600586,87.53099822998047,0.35199999809265137
2026-06-09 20:04:20,28.21299934387207,88.19300079345703,0.34299999475479126
2026-06-09 20:09:22,27.45800018310547,88.54900360107422,0.335999995470047
2026-06-09 20:14:24,20.729000091552734,88.26399993896484,0.25200000405311584
2026-06-09 20:19:26,17.94700050354004,94.43000030517578,0.23399999737739563
2026-06-09 20:24:28,17.426000595092773,81.19599914550781,0.19499999284744263
2026-06-09 20:29:30,16.9689998626709,83.16999816894531,0.19499999284744263
2026-06-09 20:34:32,13.456000328063965,93.70999908447266,0.17399999499320984
2026-06-09 20:39:34,12.208000183105469,90.31600189208984,0.15199999511241913
2026-06-09 20:44:36,12.59000015258789,73.36599731445312,0.12700000405311584
2026-06-09 20:49:39,10.102999687194824,96.48600006103516,0.13500000536441803
2026-06-09 20:54:41,7.749000072479248,16.371999740600586,0.017999999225139618
2026-06-09 20:59:43,5.2779998779296875,0.6819999814033508,0.0
2026-06-09 21:04:45,3.359999895095825,0.5130000114440918,0.0
2026-06-09 21:09:47,2.443000078201294,0.765999972820282,0.0
2026-06-09 21:14:49,2.009000062942505,1.1970000267028809,0.0
2026-06-09 21:19:51,1.2269999980926514,0.890999972820282,0.0
2026-06-09 21:24:53,1.1200000047683716,0.6309999823570251,0.0
2026-06-10 05:40:31,1.1200000047683716,0.6309999823570251,0.0
2026-06-10 05:45:33,1.9520000219345093,0.6340000033378601,0.0
2026-06-10 05:50:35,4.934999942779541,0.5699999928474426,0.0
2026-06-10 05:55:37,7.252999782562256,0.4970000088214874,0.0
2026-06-10 06:00:39,8.164999961853027,0.593999981880188,0.0010000000474974513
2026-06-10 06:05:41,10.364999771118164,13.071000099182129,0.01899999938905239
2026-06-10 06:10:43,11.652999877929688,70.9010009765625,0.11400000005960464
2026-06-10 06:15:45,14.440999984741211,61.12900161743164,0.12200000137090683
2026-06-10 06:20:47,14.086999893188477,62.96900177001953,0.12200000137090683
2026-06-10 06:25:49,20.424999237060547,62.465999603271484,0.17599999904632568
2026-06-10 06:30:52,20.93000030517578,58.79399871826172,0.17000000178813934
2026-06-10 06:35:54,15.744000434875488,68.56800079345703,0.14900000393390656
2026-06-10 06:40:56,10.821000099182129,71.58699798583984,0.10700000077486038
2026-06-10 06:45:58,10.510000228881836,72.5469970703125,0.10499999672174454
2026-06-10 06:51:00,10.071000099182129,55.16600036621094,0.07699999958276749
2026-06-10 06:56:02,10.746999740600586,60.40599822998047,0.09000000357627869
2026-06-10 07:01:04,16.530000686645508,67.83000183105469,0.1550000011920929
2026-06-10 07:06:06,17.94700050354004,61.54600143432617,0.15199999511241913
2026-06-10 07:11:08,22.69300079345703,73.78399658203125,0.23100000619888306
2026-06-10 07:16:11,28.452999114990234,72.22699737548828,0.2840000092983246
2026-06-10 07:21:13,41.0989990234375,71.71900177001953,0.40700000524520874
2026-06-10 07:26:15,45.59299850463867,73.01200103759766,0.45899999141693115
2026-06-10 07:31:17,30.402000427246094,72.33899688720703,0.30300000309944153
2026-06-10 07:36:19,31.52899932861328,71.98400115966797,0.31299999356269836
2026-06-10 07:41:21,53.832000732421875,71.72699737548828,0.5329999923706055
2026-06-10 07:46:23,65.26399993896484,72.40899658203125,0.6520000100135803
2026-06-10 07:51:25,60.80500030517578,74.0469970703125,0.6209999918937683
2026-06-10 07:56:27,62.944000244140625,73.56300354003906,0.6389999985694885
2026-06-10 08:01:29,75.08599853515625,76.85700225830078,0.7960000038146973
2026-06-10 08:06:31,70.31099700927734,77.23600006103516,0.7490000128746033
2026-06-10 08:11:33,72.52300262451172,74.50299835205078,0.7459999918937683
2026-06-10 08:16:36,83.3270034790039,74.91600036621094,0.8610000014305115
2026-06-10 08:21:38,84.84300231933594,75.0469970703125,0.8790000081062317
2026-06-10 08:26:40,79.697998046875,77.58699798583984,0.8529999852180481
2026-06-10 08:31:42,84.0270004272461,76.99600219726562,0.8930000066757202
2026-06-10 08:36:44,95.60900115966797,77.73300170898438,1.0260000228881836
2026-06-10 08:41:46,91.7030029296875,74.08499908447266,0.9380000233650208
2026-06-10 08:46:48,125.09700012207031,74.49299621582031,1.2860000133514404
2026-06-10 08:51:50,140.18699645996094,74.9540023803711,1.4500000476837158
2026-06-10 08:56:52,161.37600708007812,74.3479995727539,1.656000018119812
2026-06-10 09:01:55,172.42100524902344,75.43099975585938,1.7949999570846558
2026-06-10 09:06:57,163.44200134277344,74.81099700927734,1.687000036239624
2026-06-10 09:11:59,189.33700561523438,74.77400207519531,1.9539999961853027
2026-06-10 09:17:01,192.7429962158203,77.41699981689453,2.059000015258789
2026-06-10 09:22:03,165.33299255371094,76.52100372314453,1.746000051498413
2026-06-10 09:27:05,163.67300415039062,77.81600189208984,1.7580000162124634
2026-06-10 09:32:07,155.00799560546875,77.15499877929688,1.649999976158142
2026-06-10 09:37:09,154.34300231933594,77.19300079345703,1.6440000534057617
2026-06-10 09:42:11,155.08299255371094,76.34600067138672,1.6339999437332153
2026-06-10 09:47:13,160.52000427246094,77.64700317382812,1.7200000286102295
2026-06-10 09:52:16,184.2949981689453,74.7229995727539,1.899999976158142
2026-06-10 09:57:18,235.70700073242188,74.83699798583984,2.434000015258789
2026-06-10 10:02:20,258.20599365234375,75.47000122070312,2.688999891281128
2026-06-10 10:07:22,311.7869873046875,82.41400146484375,3.5460000038146973
2026-06-10 10:12:24,221.95799255371094,78.51399993896484,2.4049999713897705
2026-06-10 10:17:26,195.4530029296875,77.89199829101562,2.1010000705718994
2026-06-10 10:22:28,192.36300659179688,78.73200225830078,2.0899999141693115
2026-06-10 10:27:30,195.26600646972656,79.54299926757812,2.1429998874664307
2026-06-10 10:32:32,191.64100646972656,79.11699676513672,2.0920000076293945
2026-06-10 10:37:34,205.59800720214844,80.38700103759766,2.2809998989105225
2026-06-10 10:42:36,235.33299255371094,81.08799743652344,2.632999897003174
2026-06-10 10:47:38,273.3489990234375,80.6520004272461,3.0420000553131104
2026-06-10 10:52:41,294.03399658203125,78.97699737548828,3.2049999237060547
2026-06-10 10:57:43,307.35699462890625,80.97799682617188,3.434999942779541
2026-06-10 11:02:45,253.8509979248047,79.9020004272461,2.7990000247955322
2026-06-10 11:07:47,220.1439971923828,83.77300262451172,2.5450000762939453
2026-06-10 11:12:49,192.19900512695312,81.93499755859375,2.1730000972747803
2026-06-10 11:17:51,202.4709930419922,83.822998046875,2.3420000076293945
2026-06-10 11:22:53,221.322998046875,81.13899993896484,2.4779999256134033
2026-06-10 11:27:56,269.2229919433594,84.43800354003906,3.13700008392334
2026-06-10 11:32:58,197.5330047607422,83.78500366210938,2.2839999198913574
2026-06-10 11:38:00,161.08799743652344,81.48699951171875,1.8109999895095825
2026-06-10 11:43:02,140.61000061035156,82.59600067138672,1.6030000448226929
2026-06-10 11:48:04,161.66099548339844,83.91899871826172,1.871999979019165
2026-06-10 11:53:06,172.0749969482422,85.2020034790039,2.0230000019073486
2026-06-10 11:58:08,152.968994140625,84.02799987792969,1.7740000486373901
2026-06-10 12:03:10,138.13900756835938,86.3550033569336,1.6460000276565552
2026-06-10 12:08:12,125.75299835205078,88.77799987792969,1.5410000085830688
2026-06-10 12:13:14,131.2899932861328,85.19999694824219,1.5440000295639038
2026-06-10 12:18:16,88.7020034790039,87.94200134277344,1.0759999752044678
2026-06-10 12:23:18,93.60700225830078,85.43900299072266,1.1039999723434448
2026-06-10 12:28:21,174.40199279785156,88.68299865722656,2.134000062942505
2026-06-10 12:33:23,185.91099548339844,92.23400115966797,2.365999937057495
2026-06-10 12:38:25,134.3040008544922,90.29199981689453,1.6729999780654907
2026-06-10 12:43:27,95.79399871826172,92.01599884033203,1.215999960899353
2026-06-10 12:48:29,77.46600341796875,93.60099792480469,1.0010000467300415
2026-06-10 12:53:31,70.86100006103516,97.0510025024414,0.9490000009536743
2026-06-10 12:58:33,64.83699798583984,97.92900085449219,0.8759999871253967
2026-06-10 13:03:35,80.50299835205078,93.90899658203125,1.0429999828338623
2026-06-10 13:08:37,89.58899688720703,93.21499633789062,1.1519999504089355
2026-06-10 13:13:39,110.21399688720703,92.4229965209961,1.406000018119812
2026-06-10 13:18:42,130.26100158691406,90.64700317382812,1.628999948501587
2026-06-10 13:23:44,138.97799682617188,89.51799774169922,1.7170000076293945
2026-06-10 13:47:26,268.0979919433594,84.66000366210938,3.131999969482422
2026-06-10 13:52:28,306.0979919433594,83.64900207519531,3.5329999923706055
2026-06-10 13:57:30,635.7529907226562,84.5770034790039,7.420000076293945
2026-06-10 14:02:32,956.864013671875,81.82099914550781,10.803999900817871
2026-06-10 14:07:34,501.7439880371094,87.9520034790039,6.090000152587891
2026-06-10 14:12:37,651.8670043945312,58.50699996948242,5.263000011444092
2026-06-10 14:17:39,324.14599609375,81.8239974975586,3.6600000858306885
2026-06-10 14:22:41,306.2969970703125,80.13899993896484,3.38700008392334
2026-06-10 14:27:43,361.8290100097656,82.0999984741211,4.098999977111816
2026-06-10 14:32:45,495.0190124511719,80.91200256347656,5.5269999504089355
2026-06-10 14:37:47,469.10400390625,85.06400299072266,5.506999969482422
2026-06-10 14:42:49,446.4429931640625,80.9219970703125,4.986000061035156
2026-06-10 14:47:51,856.1530151367188,42.62699890136719,5.035999774932861
2026-06-10 14:52:53,197.63699340820312,77.87799835205078,2.124000072479248
2026-06-10 14:57:55,162.41400146484375,85.20600128173828,1.909999966621399
2026-06-10 15:02:58,146.51199340820312,87.81800079345703,1.7760000228881836
2026-06-10 15:08:00,167.7050018310547,88.5510025024414,2.0490000247955322
2026-06-10 15:13:02,172.31100463867188,84.375,2.00600004196167
2026-06-10 15:18:04,174.67999267578125,83.10600280761719,2.003000020980835
2026-06-10 15:23:06,215.31399536132812,81.6510009765625,2.4260001182556152
2026-06-10 15:28:08,240.33799743652344,81.572998046875,2.7060000896453857
2026-06-10 15:33:10,298.364990234375,82.33999633789062,3.390000104904175
2026-06-10 15:38:12,280.8710021972656,81.25700378417969,3.1500000953674316
2026-06-10 15:43:14,236.7050018310547,82.68299865722656,2.7009999752044678
2026-06-10 15:48:16,240.26300048828125,84.04900360107422,2.7869999408721924
2026-06-10 15:53:18,217.58200073242188,82.49099731445312,2.4769999980926514
2026-06-10 15:58:21,226.7729949951172,81.18900299072266,2.5409998893737793
2026-06-10 16:03:23,507.66900634765625,60.53799819946289,4.241000175476074
2026-06-10 16:08:25,271.1499938964844,79.89299774169922,2.989000082015991
2026-06-10 16:13:27,274.9549865722656,79.67400360107422,3.0230000019073486
2026-06-10 16:18:29,307.17498779296875,81.0199966430664,3.434000015258789
2026-06-10 16:23:31,897.2069702148438,67.62300109863281,8.373000144958496
2026-06-10 16:28:33,379.2749938964844,77.77200317382812,4.071000099182129
2026-06-10 16:33:35,492.31298828125,106.63999938964844,7.244999885559082
2026-06-10 16:38:37,920.8410034179688,72.2509994506836,9.180999755859375
2026-06-10 16:43:40,864.2329711914062,71.54000091552734,8.531999588012695
2026-06-10 16:48:42,887.010009765625,70.13200378417969,8.585000038146973
2026-06-10 16:53:44,887.0560302734375,70.95600128173828,8.685999870300293
2026-06-10 16:58:46,222.18699645996094,83.77200317382812,2.569000005722046
2026-06-10 17:03:48,308.6809997558594,65.74199676513672,2.799999952316284
2026-06-10 17:08:50,213.45799255371094,82.85900115966797,2.440999984741211
2026-06-10 17:13:52,204.84100341796875,80.66699981689453,2.2799999713897705
2026-06-10 17:18:54,266.1390075683594,78.19300079345703,2.871999979019165
2026-06-10 17:23:56,276.1759948730469,81.8010025024414,3.118000030517578
2026-06-10 17:28:59,207.86700439453125,83.85399627685547,2.4049999713897705
2026-06-10 17:34:01,135.3419952392578,84.18499755859375,1.5720000267028809
2026-06-10 17:39:03,153.9250030517578,77.08499908447266,1.6369999647140503
2026-06-10 17:44:05,627.301025390625,62.025001525878906,5.36899995803833
2026-06-10 17:49:07,500.5710144042969,65.09600067138672,4.497000217437744
2026-06-10 17:54:09,444.1780090332031,63.138999938964844,3.869999885559082
2026-06-10 17:59:11,64.85900115966797,403.5929870605469,3.611999988555908
2026-06-10 18:04:14,66.6259994506836,375.2770080566406,3.450000047683716
2026-06-10 18:09:16,76.60800170898438,327.3190002441406,3.4600000381469727
2026-06-10 18:14:18,71.58200073242188,94.24800109863281,0.9309999942779541
2026-06-10 18:19:20,114.33799743652344,82.85399627685547,1.3070000410079956
2026-06-10 18:24:22,93.9280014038086,87.69100189208984,1.1369999647140503
2026-06-10 18:29:24,60.28799819946289,87.45600128173828,0.7279999852180481
2026-06-10 18:34:26,64.99700164794922,85.94000244140625,0.7710000276565552
2026-06-10 18:39:28,68.26499938964844,85.04100036621094,0.8009999990463257
2026-06-10 18:44:30,62.297000885009766,84.90699768066406,0.7300000190734863
2026-06-10 18:49:32,50.9370002746582,88.37200164794922,0.6209999918937683
2026-06-10 18:54:35,38.53499984741211,95.125,0.5059999823570251
2026-06-10 18:59:37,36.40700149536133,96.38099670410156,0.48399999737739563
2026-06-10 19:04:39,64.4209976196289,84.5479965209961,0.7519999742507935
2026-06-10 19:09:41,84.08699798583984,79.5510025024414,0.9229999780654907
2026-06-10 19:14:43,72.94400024414062,83.09200286865234,0.8360000252723694
2026-06-10 19:19:45,69.55799865722656,83.34100341796875,0.800000011920929
2026-06-10 19:24:47,67.38300323486328,83.74199676513672,0.7789999842643738
2026-06-10 19:29:49,60.27899932861328,78.85199737548828,0.656000018119812
2026-06-10 19:34:51,58.125999450683594,77.8949966430664,0.625
2026-06-10 19:39:53,59.08599853515625,78.17400360107422,0.6370000243186951
2026-06-10 19:44:56,54.058998107910156,82.73500061035156,0.6169999837875366
2026-06-10 19:49:58,56.91899871826172,79.1719970703125,0.621999979019165
2026-06-10 19:55:00,47.05099868774414,76.13099670410156,0.49399998784065247
2026-06-10 20:00:02,38.63100051879883,84.69000244140625,0.45100000500679016
2026-06-10 20:05:04,35.4010009765625,75.00199890136719,0.3659999966621399
2026-06-10 20:10:06,35.2869987487793,79.96700286865234,0.3889999985694885
2026-06-10 20:15:08,38.880001068115234,81.19300079345703,0.4359999895095825
2026-06-10 20:20:10,31.520000457763672,85.87799835205078,0.37400001287460327
2026-06-10 20:25:12,26.37700080871582,83.20999908447266,0.30300000309944153
2026-06-10 20:30:15,24.14699935913086,78.96399688720703,0.2630000114440918
2026-06-10 20:35:17,21.922000885009766,74.41000366210938,0.22499999403953552
2026-06-10 20:40:19,20.089000701904297,69.072998046875,0.19099999964237213
2026-06-10 20:45:21,15.737000465393066,79.60600280761719,0.17299999296665192
2026-06-10 20:50:23,12.045999526977539,71.4229965209961,0.11900000274181366
2026-06-10 20:55:25,8.090999603271484,17.743999481201172,0.019999999552965164
2026-06-10 21:00:27,6.980999946594238,0.6589999794960022,0.0010000000474974513
2026-06-10 21:05:29,6.089000225067139,0.6710000038146973,0.0010000000474974513
2026-06-10 21:10:31,4.5329999923706055,0.621999979019165,0.0
2026-06-10 21:15:33,2.190000057220459,1.0169999599456787,0.0
2026-06-10 21:20:36,1.402999997138977,1.3079999685287476,0.0
2026-06-10 21:25:38,0.45899999141693115,0.2290000021457672,0.0
2026-06-11 05:40:11,0.45899999141693115,0.2290000021457672,0.0
2026-06-11 05:45:13,1.531000018119812,0.7689999938011169,0.0
2026-06-11 05:50:16,2.1010000705718994,0.3330000042915344,0.0
2026-06-11 05:55:18,3.127000093460083,0.5799999833106995,0.0
2026-06-11 06:00:20,4.2829999923706055,0.8560000061988831,0.0010000000474974513
2026-06-11 06:05:22,5.675000190734863,0.5230000019073486,0.0
2026-06-11 06:10:24,8.210000038146973,0.6299999952316284,0.0010000000474974513
2026-06-11 06:15:26,12.857000350952148,49.472999572753906,0.08799999952316284
2026-06-11 06:20:28,14.468999862670898,71.89299774169922,0.14399999380111694
2026-06-11 06:25:30,15.770999908447266,73.43199920654297,0.1599999964237213
2026-06-11 06:30:32,18.746999740600586,79.56099700927734,0.20600000023841858
2026-06-11 06:35:35,20.902999877929688,79.29499816894531,0.2290000021457672
2026-06-11 06:40:37,23.78700065612793,78.6729965209961,0.257999986410141
2026-06-11 06:45:39,31.702999114990234,72.7229995727539,0.3179999887943268
2026-06-11 06:50:41,33.055999755859375,82.09700012207031,0.375
2026-06-11 06:55:43,32.99399948120117,76.15899658203125,0.34700000286102295
2026-06-11 07:00:45,31.843000411987305,79.67900085449219,0.3499999940395355
2026-06-11 07:05:47,33.909000396728516,78.33999633789062,0.367000013589859
2026-06-11 07:10:49,36.66699981689453,70.98899841308594,0.35899999737739563
2026-06-11 07:15:51,38.823001861572266,72.12100219726562,0.38600000739097595
2026-06-11 07:20:54,39.4379997253418,78.19999694824219,0.4259999990463257
2026-06-11 07:25:56,40.097999572753906,79.19400024414062,0.43799999356269836
2026-06-11 07:30:58,41.54999923706055,75.14099884033203,0.4309999942779541
2026-06-11 07:36:00,44.32500076293945,75.54100036621094,0.4620000123977661
2026-06-11 07:41:02,44.319000244140625,79.30899810791016,0.48500001430511475
2026-06-11 07:46:04,45.391998291015625,79.0780029296875,0.4950000047683716
2026-06-11 07:51:06,51.41400146484375,73.19599914550781,0.5189999938011169
2026-06-11 07:56:08,250.41099548339844,15.765000343322754,0.5450000166893005
2026-06-11 08:01:10,281.9630126953125,17.30500030517578,0.6729999780654907
2026-06-11 08:06:13,296.3789978027344,17.82200050354004,0.7289999723434448
2026-06-11 08:11:15,316.593994140625,45.95600128173828,2.007999897003174
2026-06-11 08:16:17,328.3919982910156,47.34299850463867,2.1449999809265137
2026-06-11 08:21:19,353.1610107421875,49.49800109863281,2.4119999408721924
2026-06-11 08:26:21,360.6029968261719,49.17900085449219,2.447000026702881
2026-06-11 08:31:23,391.718994140625,50.784000396728516,2.744999885559082
2026-06-11 08:36:25,408.6860046386719,49.99100112915039,2.819000005722046
2026-06-11 08:41:27,413.5820007324219,53.57400131225586,3.058000087738037
2026-06-11 08:46:29,73.46700286865234,75.09600067138672,0.7609999775886536
2026-06-11 08:51:31,462.19000244140625,56.520999908447266,3.6050000190734863
2026-06-11 08:56:34,137.33900451660156,74.62999725341797,1.4140000343322754
2026-06-11 09:01:36,135.08299255371094,72.2969970703125,1.3480000495910645
2026-06-11 09:06:38,143.21099853515625,72.53199768066406,1.4329999685287476
2026-06-11 09:11:40,194.7449951171875,70.37200164794922,1.8910000324249268
2026-06-11 09:16:42,214.26499938964844,70.86000061035156,2.0950000286102295
2026-06-11 09:21:44,224.84300231933594,70.41899871826172,2.184999942779541
2026-06-11 09:26:46,229.322998046875,69.35099792480469,2.194999933242798
2026-06-11 09:31:48,330.885009765625,48.369998931884766,2.2090001106262207
2026-06-11 09:36:50,248.61700439453125,73.06900024414062,2.506999969482422
2026-06-11 09:41:52,211.08299255371094,86.4219970703125,2.5169999599456787
2026-06-11 09:46:55,210.7949981689453,71.48600006103516,2.0789999961853027
2026-06-11 09:51:57,180.5030059814453,78.60600280761719,1.9579999446868896
2026-06-11 09:56:59,127.88700103759766,80.64600372314453,1.4229999780654907
2026-06-11 10:02:01,140.03199768066406,77.06700134277344,1.4889999628067017
2026-06-11 10:07:03,172.9459991455078,77.21399688720703,1.843000054359436
2026-06-11 10:12:05,411.13800048828125,70.24199676513672,3.984999895095825
2026-06-11 10:17:07,313.4809875488281,82.63600158691406,3.575000047683716
2026-06-11 10:22:09,174.5760040283203,75.78199768066406,1.8259999752044678
2026-06-11 10:27:12,205.8419952392578,77.09600067138672,2.190000057220459
2026-06-11 10:32:14,194.447998046875,79.24600219726562,2.125999927520752
2026-06-11 10:37:16,164.77000427246094,85.03900146484375,1.934000015258789
2026-06-11 10:42:18,147.5449981689453,77.3270034790039,1.5740000009536743
2026-06-11 10:47:20,174.79299926757812,81.66100311279297,1.9700000286102295
2026-06-11 10:52:22,179.36199951171875,79.61799621582031,1.9709999561309814
2026-06-11 10:57:24,227.5290069580078,76.8239974975586,2.4119999408721924
2026-06-11 11:02:26,993.4310302734375,52.555999755859375,7.204999923706055
2026-06-11 11:07:29,1091.3480224609375,71.83399963378906,10.819000244140625
2026-06-11 11:12:31,684.281005859375,72.77899932861328,6.873000144958496
2026-06-11 11:17:33,817.0560302734375,54.680999755859375,6.165999889373779
2026-06-11 11:22:35,348.2449951171875,71.08699798583984,3.4159998893737793
2026-06-11 11:27:37,1197.6219482421875,74.53700256347656,12.319000244140625
2026-06-11 11:32:39,287.3389892578125,79.63099670410156,3.1579999923706055
2026-06-11 11:37:41,254.38299560546875,79.89199829101562,2.805000066757202
2026-06-11 11:42:43,1109.988037109375,73.61199951171875,11.276000022888184
2026-06-11 11:47:46,312.56500244140625,75.11399841308594,3.240000009536743
2026-06-11 11:52:48,190.91700744628906,79.302001953125,2.0889999866485596
2026-06-11 11:57:50,167.36199951171875,77.66400146484375,1.7940000295639038
2026-06-11 12:02:52,205.81700134277344,77.51499938964844,2.2019999027252197
2026-06-11 12:07:54,266.6130065917969,79.62699890136719,2.930000066757202
2026-06-11 12:12:56,1265.5059814453125,78.39299774169922,13.690999984741211
2026-06-11 12:17:58,1164.9029541015625,74.28500366210938,11.942000389099121
2026-06-11 12:23:00,618.0020141601562,107.43699645996094,9.163000106811523
2026-06-11 12:28:02,302.2860107421875,82.04100036621094,3.421999931335449
2026-06-11 12:33:05,220.15499877929688,82.5979995727539,2.509000062942505
2026-06-11 12:38:07,179.18899536132812,83.27899932861328,2.059000015258789
2026-06-11 12:43:09,164.82699584960938,82.88200378417969,1.8849999904632568
2026-06-11 12:48:11,179.00100708007812,83.59600067138672,2.065000057220459
2026-06-11 12:53:13,244.52699279785156,82.29299926757812,2.7769999504089355
2026-06-11 12:58:15,295.0409851074219,82.20999908447266,3.3469998836517334
2026-06-11 13:03:17,1209.883056640625,79.65599822998047,13.300000190734863
2026-06-11 13:08:19,1039.64794921875,93.2020034790039,13.371999740600586
2026-06-11 13:13:21,1183.31201171875,78.41799926757812,12.805000305175781
2026-06-11 13:18:24,329.2300109863281,90.18199920654297,4.0970001220703125
2026-06-11 13:23:26,209.43800354003906,82.90699768066406,2.3959999084472656
2026-06-11 13:46:09,374.62200927734375,6.574999809265137,0.3400000035762787
2026-06-11 13:51:11,324.27899169921875,109.86000061035156,4.915999889373779
2026-06-11 13:56:13,197.43499755859375,79.26300048828125,2.1600000858306885
2026-06-11 14:01:15,211.8990020751953,78.58699798583984,2.2980000972747803
2026-06-11 14:06:17,320.3609924316406,78.11399841308594,3.453000068664551
2026-06-11 14:11:20,1189.2550048828125,79.60600280761719,13.0649995803833
2026-06-11 14:16:22,1224.302001953125,79.58699798583984,13.446000099182129
2026-06-11 14:21:24,1316.2650146484375,72.13600158691406,13.102999687194824
2026-06-11 14:26:26,1159.33203125,76.34600067138672,12.21399974822998
2026-06-11 14:31:28,1177.9110107421875,79.11199951171875,12.859999656677246
2026-06-11 14:36:30,857.2589721679688,103.59600067138672,12.255999565124512
2026-06-11 14:41:32,307.031005859375,81.09700012207031,3.436000108718872
2026-06-11 14:46:34,1246.7359619140625,79.38600158691406,13.657999992370605
2026-06-11 14:51:37,351.92498779296875,81.18900299072266,3.943000078201294
2026-06-11 14:56:39,223.48800659179688,82.30599975585938,2.5380001068115234
2026-06-11 15:01:41,203.72300720214844,82.29199981689453,2.313999891281128
2026-06-11 15:06:43,203.28900146484375,82.31700134277344,2.309000015258789
2026-06-11 15:11:45,243.92599487304688,83.64800262451172,2.815999984741211
2026-06-11 15:16:47,273.2340087890625,81.23300170898438,3.062999963760376
2026-06-11 15:21:49,1141.5770263671875,73.40399932861328,11.564000129699707
2026-06-11 15:26:51,1128.8179931640625,78.2699966430664,12.192999839782715
2026-06-11 15:31:54,205.87399291992188,82.5979995727539,2.3469998836517334
2026-06-11 15:36:56,151.29600524902344,81.2750015258789,1.6970000267028809
2026-06-11 15:41:58,170.2969970703125,79.28800201416016,1.8630000352859497
2026-06-11 15:47:00,236.4409942626953,82.5479965209961,2.693000078201294
2026-06-11 15:52:02,204.09800720214844,82.34200286865234,2.319000005722046
2026-06-11 15:57:04,193.95399475097656,82.11799621582031,2.197999954223633
2026-06-11 16:02:06,159.91799926757812,81.99500274658203,1.809999942779541
2026-06-11 16:07:08,162.74099731445312,80.60199737548828,1.809999942779541
2026-06-11 16:12:10,145.86500549316406,69.36900329589844,1.3960000276565552
2026-06-11 16:17:13,527.5430297851562,77.44000244140625,5.638000011444092
2026-06-11 16:22:15,283.73699951171875,71.53900146484375,2.8010001182556152
2026-06-11 16:27:17,174.21499633789062,85.86000061035156,2.063999891281128
2026-06-11 16:32:19,179.59800720214844,80.74500274658203,2.000999927520752
2026-06-11 16:37:21,229.58900451660156,74.2020034790039,2.3510000705718994
2026-06-11 16:42:23,202.5989990234375,75.83100128173828,2.119999885559082
2026-06-11 16:47:25,167.37399291992188,80.13500213623047,1.8509999513626099
2026-06-11 16:52:27,374.6700134277344,76.1240005493164,3.936000108718872
2026-06-11 16:57:30,171.72799682617188,79.48699951171875,1.8839999437332153
2026-06-11 17:02:32,167.68699645996094,79.4739990234375,1.8389999866485596
2026-06-11 17:07:34,195.58399963378906,81.89299774169922,2.2100000381469727
2026-06-11 17:12:36,206.49400329589844,80.06199645996094,2.2809998989105225
2026-06-11 17:17:38,208.50100708007812,78.03500366210938,2.244999885559082
2026-06-11 17:22:40,187.09500122070312,77.25900268554688,1.9950000047683716
2026-06-11 17:27:42,144.6510009765625,79.11199951171875,1.5789999961853027
2026-06-11 17:32:44,156.03700256347656,78.06500244140625,1.680999994277954
2026-06-11 17:37:46,204.36000061035156,78.55000305175781,2.2149999141693115
2026-06-11 17:42:49,186.9219970703125,81.5260009765625,2.1029999256134033
2026-06-11 17:47:51,251.82899475097656,73.74099731445312,2.562999963760376
2026-06-11 17:52:53,174.24899291992188,82.19599914550781,1.9769999980926514
2026-06-11 17:57:55,142.25599670410156,77.7959976196289,1.5269999504089355
2026-06-11 18:02:57,192.93699645996094,131.31500244140625,3.496000051498413
2026-06-11 18:07:59,182.8820037841797,111.26699829101562,2.808000087738037
2026-06-11 18:13:01,157.60899353027344,78.02200317382812,1.6970000267028809
2026-06-11 18:18:03,114.61900329589844,79.2979965209961,1.253999948501587
2026-06-11 18:23:06,112.27400207519531,81.39700317382812,1.2610000371932983
2026-06-11 18:28:08,121.08200073242188,81.20800018310547,1.3569999933242798
2026-06-11 18:33:10,126.01599884033203,79.18199920654297,1.3769999742507935
2026-06-11 18:38:12,111.82099914550781,79.15399932861328,1.2209999561309814
2026-06-11 18:43:14,103.47000122070312,77.68299865722656,1.1089999675750732
2026-06-11 18:48:16,81.03099822998047,78.69300079345703,0.8799999952316284
2026-06-11 18:53:18,83.94999694824219,78.83000183105469,0.9129999876022339
2026-06-11 18:58:20,86.49600219726562,80.65799713134766,0.9629999995231628
2026-06-11 19:03:23,80.28299713134766,79.98999786376953,0.8859999775886536
2026-06-11 19:08:25,82.66100311279297,75.64800262451172,0.8629999756813049
2026-06-11 19:13:27,93.53099822998047,76.6729965209961,0.9900000095367432
2026-06-11 19:18:29,73.84500122070312,80.14800262451172,0.8169999718666077
2026-06-11 19:23:31,75.80799865722656,81.3280029296875,0.8510000109672546
2026-06-11 19:28:33,71.99099731445312,79.9020004272461,0.7940000295639038
2026-06-11 19:33:35,88.96900177001953,80.63899993896484,0.9900000095367432
2026-06-11 19:38:37,71.66600036621094,77.697998046875,0.7680000066757202
2026-06-11 19:43:40,56.61000061035156,76.61799621582031,0.5989999771118164
2026-06-11 19:48:42,51.75899887084961,77.36299896240234,0.5529999732971191
2026-06-11 19:53:44,51.606998443603516,81.21199798583984,0.578000009059906
2026-06-11 19:58:46,49.09600067138672,82.12999725341797,0.5559999942779541
2026-06-11 20:03:48,40.92300033569336,86.09400177001953,0.4860000014305115
2026-06-11 20:08:50,28.70599937438965,84.4749984741211,0.33500000834465027
2026-06-11 20:13:52,27.99799919128418,83.34700012207031,0.32199999690055847
2026-06-11 20:18:54,33.57699966430664,84.23100280761719,0.38999998569488525
2026-06-11 20:23:57,34.53499984741211,76.53199768066406,0.36500000953674316
2026-06-11 20:28:59,26.76799964904785,81.2699966430664,0.30000001192092896
2026-06-11 20:34:01,20.363000869750977,80.78299713134766,0.22699999809265137
2026-06-11 20:39:03,14.904999732971191,90.46800231933594,0.1860000044107437
2026-06-11 20:44:05,11.8100004196167,93.54900360107422,0.15199999511241913
2026-06-11 20:49:07,9.822999954223633,103.51000213623047,0.14000000059604645
2026-06-11 20:54:09,9.777000427246094,94.11299896240234,0.12700000405311584
2026-06-11 20:59:11,8.336000442504883,87.14399719238281,0.10000000149011612
2026-06-11 21:04:14,8.543999671936035,20.59000015258789,0.024000000208616257
2026-06-11 21:09:16,5.966000080108643,0.7590000033378601,0.0010000000474974513
2026-06-11 21:14:18,3.1500000953674316,1.0149999856948853,0.0
2026-06-11 21:19:20,1.7369999885559082,0.8199999928474426,0.0
2026-06-11 21:24:22,0.8989999890327454,0.5619999766349792,0.0
2026-06-12 05:40:46,0.8989999890327454,0.5619999766349792,0.0
2026-06-12 05:45:49,1.2089999914169312,1.3480000495910645,0.0
2026-06-12 05:50:51,2.1050000190734863,0.6230000257492065,0.0
2026-06-12 05:55:53,2.500999927520752,0.5339999794960022,0.0
2026-06-12 06:00:55,3.4170000553131104,0.6759999990463257,0.0
2026-06-12 06:05:57,4.692999839782715,0.7879999876022339,0.0010000000474974513
2026-06-12 06:10:59,4.339000225067139,0.49799999594688416,0.0
2026-06-12 06:16:01,5.767000198364258,0.640999972820282,0.0010000000474974513
2026-06-12 06:21:03,6.639999866485596,0.5479999780654907,0.0010000000474974513
2026-06-12 06:26:05,5.182000160217285,0.6759999990463257,0.0
2026-06-12 06:31:07,6.294000148773193,0.5659999847412109,0.0
2026-06-12 06:36:10,9.045000076293945,21.625999450683594,0.027000000700354576
2026-06-12 06:41:12,14.39799976348877,64.69999694824219,0.1289999932050705
2026-06-12 06:46:14,15.819000244140625,63.38100051879883,0.1379999965429306
2026-06-12 06:51:16,14.609999656677246,63.38999938964844,0.12800000607967377
2026-06-12 06:56:18,15.71399974822998,73.59500122070312,0.1599999964237213
2026-06-12 07:01:20,14.109999656677246,75.90699768066406,0.14800000190734863
2026-06-12 07:06:22,15.0649995803833,62.551998138427734,0.12999999523162842
2026-06-12 07:11:24,17.631999969482422,77.38899993896484,0.18799999356269836
2026-06-12 07:16:26,21.790000915527344,65.35900115966797,0.19699999690055847
2026-06-12 07:21:29,31.499000549316406,71.4739990234375,0.3109999895095825
2026-06-12 07:26:31,41.01499938964844,70.58899688720703,0.4000000059604645
2026-06-12 07:31:33,37.39400100708008,72.58399963378906,0.375
2026-06-12 07:36:35,33.62699890136719,70.03299713134766,0.32499998807907104
2026-06-12 07:41:37,29.499000549316406,69.12200164794922,0.2809999883174896
2026-06-12 07:46:39,44.926998138427734,71.01899719238281,0.4399999976158142
2026-06-12 07:51:41,70.43000030517578,72.06900024414062,0.699999988079071
2026-06-12 07:56:43,61.33700180053711,73.29499816894531,0.6200000047683716
2026-06-12 08:01:45,55.93600082397461,77.4219970703125,0.5979999899864197
2026-06-12 08:06:48,46.98699951171875,73.3740005493164,0.47600001096725464
2026-06-12 08:11:50,50.47100067138672,73.28099822998047,0.5099999904632568
2026-06-12 08:16:52,52.15999984741211,77.64900207519531,0.5590000152587891
2026-06-12 08:21:54,51.2400016784668,77.93199920654297,0.5509999990463257
2026-06-12 08:26:56,46.321998596191406,75.04100036621094,0.47999998927116394
2026-06-12 08:31:58,47.40999984741211,76.50700378417969,0.5009999871253967
2026-06-12 08:37:00,67.94300079345703,76.04000091552734,0.7129999995231628
2026-06-12 08:42:02,75.86299896240234,77.06999969482422,0.8069999814033508
2026-06-12 08:47:04,82.36299896240234,76.11799621582031,0.8650000095367432
2026-06-12 08:52:06,67.9219970703125,77.42400360107422,0.7260000109672546
2026-06-12 08:57:09,91.9530029296875,76.74600219726562,0.9739999771118164
2026-06-12 09:02:11,85.87699890136719,78.05799865722656,0.925000011920929
2026-06-12 09:07:13,84.41400146484375,80.54299926757812,0.9380000233650208
2026-06-12 09:12:15,70.83699798583984,76.77400207519531,0.7509999871253967
2026-06-12 09:17:17,63.40299987792969,79.62899780273438,0.6970000267028809
2026-06-12 09:22:19,76.44300079345703,82.01100158691406,0.8650000095367432
2026-06-12 09:27:21,88.00499725341797,78.55000305175781,0.9539999961853027
2026-06-12 09:32:23,99.31700134277344,79.46900177001953,1.0889999866485596
2026-06-12 09:37:25,101.59300231933594,78.16000366210938,1.0959999561309814
2026-06-12 09:42:28,103.43099975585938,78.16400146484375,1.1160000562667847
2026-06-12 09:47:30,112.03399658203125,80.60199737548828,1.246000051498413
2026-06-12 09:52:32,127.05799865722656,74.87300109863281,1.312999963760376
2026-06-12 09:57:34,144.70399475097656,77.53700256347656,1.5479999780654907
2026-06-12 10:02:36,190.9669952392578,76.33200073242188,2.01200008392334
2026-06-12 10:07:38,215.61399841308594,77.99800109863281,2.321000099182129
2026-06-12 10:12:40,166.5229949951172,78.4520034790039,1.8029999732971191
2026-06-12 10:17:42,155.94500732421875,77.66400146484375,1.6710000038146973
2026-06-12 10:22:44,179.0489959716797,77.83399963378906,1.9229999780654907
2026-06-12 10:27:46,182.39300537109375,77.59500122070312,1.9529999494552612
2026-06-12 10:32:48,185.93600463867188,78.66100311279297,2.0179998874664307
2026-06-12 10:37:51,158.62899780273438,79.5,1.7400000095367432
2026-06-12 10:42:53,157.16600036621094,80.91400146484375,1.7549999952316284
2026-06-12 10:47:55,137.47900390625,81.4530029296875,1.5449999570846558
2026-06-12 10:52:57,149.3939971923828,81.3550033569336,1.6770000457763672
2026-06-12 10:57:59,150.10299682617188,81.27799987792969,1.684000015258789
2026-06-12 11:03:01,171.4459991455078,80.0260009765625,1.8930000066757202
2026-06-12 11:08:03,192.3470001220703,81.09300231933594,2.1530001163482666
2026-06-12 11:13:05,172.26300048828125,81.28199768066406,1.9320000410079956
2026-06-12 11:18:07,221.27099609375,80.84200286865234,2.4690001010894775
2026-06-12 11:23:10,170.2480010986328,80.28099822998047,1.8860000371932983
2026-06-12 11:28:12,162.40699768066406,80.2509994506836,1.7990000247955322
2026-06-12 11:33:14,163.24099731445312,81.1780014038086,1.8289999961853027
2026-06-12 11:38:16,171.4239959716797,79.21099853515625,1.8739999532699585
2026-06-12 11:43:18,181.73500061035156,81.07599639892578,2.0329999923706055
2026-06-12 11:48:20,206.04200744628906,80.49099731445312,2.2890000343322754
2026-06-12 11:53:22,200.072998046875,80.19599914550781,2.2139999866485596
2026-06-12 11:58:24,225.80799865722656,79.12899780273438,2.4660000801086426
2026-06-12 12:03:26,246.02099609375,79.125,2.686000108718872
2026-06-12 12:08:29,383.031005859375,81.88099670410156,4.328000068664551
2026-06-12 12:13:31,309.6910095214844,79.71399688720703,3.4070000648498535
2026-06-12 12:18:33,612.9819946289062,77.97100067138672,6.5960001945495605
2026-06-12 12:23:35,466.6789855957031,83.88700103759766,5.4019999504089355
2026-06-12 12:28:37,409.3810119628906,79.56800079345703,4.494999885559082
2026-06-12 12:33:39,535.1290283203125,76.44599914550781,5.644999980926514
2026-06-12 12:38:41,645.7429809570312,78.78500366210938,7.020999908447266
2026-06-12 12:43:43,624.385986328125,79.1500015258789,6.820000171661377
2026-06-12 12:48:45,603.0150146484375,80.61900329589844,6.709000110626221
2026-06-12 12:53:48,994.5070190429688,67.31800079345703,9.23900032043457
2026-06-12 12:58:50,498.6610107421875,83.08499908447266,5.7179999351501465
2026-06-12 13:03:52,350.99700927734375,83.30400085449219,4.034999847412109
2026-06-12 13:08:54,322.0979919433594,81.88999938964844,3.640000104904175
2026-06-12 13:13:56,329.8080139160156,82.5,3.755000114440918
2026-06-12 13:18:58,345.864013671875,83.14399719238281,3.9679999351501465
2026-06-12 13:24:00,404.0140075683594,82.1780014038086,4.581999778747559
2026-06-12 13:46:40,354.6059875488281,6.392000198364258,0.31299999356269836
2026-06-12 13:51:42,395.0350036621094,83.5459976196289,4.554999828338623
2026-06-12 13:56:45,327.6940002441406,80.68499755859375,3.6489999294281006
2026-06-12 14:01:47,357.864013671875,91.2239990234375,4.505000114440918
2026-06-12 14:06:49,362.49798583984375,81.99299621582031,4.1020002365112305
2026-06-12 14:11:51,259.2590026855469,83.55799865722656,2.990000009536743
2026-06-12 14:16:53,246.0800018310547,78.08999633789062,2.6519999504089355
2026-06-12 14:21:55,266.2900085449219,77.6760025024414,2.8540000915527344
2026-06-12 14:26:57,284.14898681640625,80.8949966430664,3.171999931335449
2026-06-12 14:31:59,247.406005859375,79.75199890136719,2.7230000495910645
2026-06-12 14:37:01,216.32699584960938,78.43499755859375,2.3420000076293945
2026-06-12 14:42:03,246.58099365234375,80.98899841308594,2.75600004196167
2026-06-12 14:47:05,213.3209991455078,77.4739990234375,2.2809998989105225
2026-06-12 14:52:08,220.02099609375,78.25,2.375999927520752
2026-06-12 14:57:10,256.64599609375,79.40899658203125,2.812000036239624
2026-06-12 15:02:12,324.3810119628906,81.65699768066406,3.6549999713897705
2026-06-12 15:07:14,232.39500427246094,78.94000244140625,2.5320000648498535
2026-06-12 15:12:16,186.5030059814453,79.73799896240234,2.052000045776367
2026-06-12 15:17:18,220.92799377441406,82.00599670410156,2.5
2026-06-12 15:22:20,234.91200256347656,78.86100006103516,2.556999921798706
2026-06-12 15:27:22,285.2619934082031,76.24099731445312,3.000999927520752
2026-06-12 15:32:24,552.1849975585938,69.52999877929688,5.297999858856201
2026-06-12 15:37:27,380.7309875488281,79.6719970703125,4.185999870300293
2026-06-12 15:42:29,253.6320037841797,82.64700317382812,2.8929998874664307
2026-06-12 15:47:31,227.08999633789062,83.5479965209961,2.618000030517578
2026-06-12 15:52:33,663.3909912109375,65.41300201416016,5.98799991607666
2026-06-12 15:57:35,247.9949951171875,81.52300262451172,2.7899999618530273
2026-06-12 16:02:37,185.52000427246094,80.13999938964844,2.052000045776367
2026-06-12 16:07:39,200.6959991455078,80.83000183105469,2.239000082015991
2026-06-12 16:12:41,178.45899963378906,80.64399719238281,1.9859999418258667
2026-06-12 16:17:43,169.88800048828125,81.31099700927734,1.906000018119812
2026-06-12 16:22:45,184.19000244140625,83.35600280761719,2.11899995803833
2026-06-12 16:27:47,239.68699645996094,81.81999969482422,2.7060000896453857
2026-06-12 16:32:50,235.04100036621094,80.15599822998047,2.5999999046325684
2026-06-12 16:37:52,227.6750030517578,83.58699798583984,2.625999927520752
2026-06-12 16:42:54,237.64300537109375,81.07599639892578,2.6589999198913574
2026-06-12 16:47:56,242.76300048828125,81.1719970703125,2.7190001010894775
2026-06-12 16:52:58,257.09698486328125,79.98799896240234,2.8380000591278076
2026-06-12 16:58:00,250.51400756835938,80.61599731445312,2.7869999408721924
2026-06-12 17:03:02,166.91799926757812,82.02400207519531,1.8890000581741333
2026-06-12 17:08:04,170.03900146484375,81.15699768066406,1.9040000438690186
2026-06-12 17:13:06,170.6719970703125,80.302001953125,1.8910000324249268
2026-06-12 17:18:09,138.3040008544922,83.71800231933594,1.5980000495910645
2026-06-12 17:23:11,110.54199981689453,84.51499938964844,1.2890000343322754
2026-06-12 17:28:13,109.78299713134766,82.06099700927734,1.2430000305175781
2026-06-12 17:33:15,118.49700164794922,83.93599700927734,1.3730000257492065
2026-06-12 17:38:17,166.32699584960938,78.29499816894531,1.7970000505447388
2026-06-12 17:43:19,208.2259979248047,85.1760025024414,2.447999954223633
2026-06-12 17:48:21,196.46600341796875,81.25199890136719,2.203000068664551
2026-06-12 17:53:23,183.98199462890625,78.1520004272461,1.9839999675750732
2026-06-12 17:58:25,182.593994140625,79.4229965209961,2.000999927520752
2026-06-12 18:03:27,201.37600708007812,78.21399688720703,2.1740000247955322
2026-06-12 18:08:30,190.86500549316406,78.44499969482422,2.065999984741211
2026-06-12 18:13:32,168.3820037841797,81.11799621582031,1.8849999904632568
2026-06-12 18:18:34,159.927001953125,77.177001953125,1.7029999494552612
2026-06-12 18:23:36,170.55299377441406,77.91200256347656,1.8339999914169312
2026-06-12 18:28:38,155.1269989013672,76.73899841308594,1.6430000066757202
2026-06-12 18:33:40,144.93299865722656,77.58100128173828,1.5520000457763672
2026-06-12 18:38:42,137.01400756835938,78.69499969482422,1.4880000352859497
2026-06-12 18:43:44,130.18299865722656,78.23799896240234,1.406000018119812
2026-06-12 18:48:46,126.09400177001953,79.9020004272461,1.3899999856948853
2026-06-12 18:53:48,129.4010009765625,79.75499725341797,1.4240000247955322
2026-06-12 18:58:50,114.13899993896484,79.41000366210938,1.2510000467300415
2026-06-12 19:03:53,95.91300201416016,79.33499908447266,1.0499999523162842
2026-06-12 19:08:55,97.95899963378906,80.09500122070312,1.0829999446868896
2026-06-12 19:13:57,87.36499786376953,78.3030014038086,0.9440000057220459
2026-06-12 19:18:59,82.56900024414062,78.52999877929688,0.8949999809265137
2026-06-12 19:24:01,78.91200256347656,81.78399658203125,0.890999972820282
2026-06-12 19:29:03,79.74199676513672,77.32499694824219,0.8510000109672546
2026-06-12 19:34:05,74.7770004272461,78.6729965209961,0.8119999766349792
2026-06-12 19:39:07,63.59299850463867,78.87100219726562,0.6919999718666077
2026-06-12 19:44:09,65.71399688720703,78.75299835205078,0.7139999866485596
2026-06-12 19:49:11,66.58200073242188,76.802001953125,0.7059999704360962
2026-06-12 19:54:13,55.49700164794922,79.1259994506836,0.6060000061988831
2026-06-12 19:59:16,55.34199905395508,81.65799713134766,0.6240000128746033
2026-06-12 20:04:18,47.595001220703125,81.7959976196289,0.5370000004768372
2026-06-12 20:09:20,47.07699966430664,82.47100067138672,0.5360000133514404
2026-06-12 20:14:22,31.583999633789062,90.63700103759766,0.39500001072883606
2026-06-12 20:19:24,25.797000885009766,91.95800018310547,0.3269999921321869
2026-06-12 20:24:26,27.496999740600586,86.63700103759766,0.32899999618530273
2026-06-12 20:29:28,22.624000549316406,86.60099792480469,0.27000001072883606
2026-06-12 20:34:30,20.992000579833984,92.89299774169922,0.26899999380111694
2026-06-12 20:39:32,20.985000610351562,91.98100280761719,0.26600000262260437
2026-06-12 20:44:35,21.01099967956543,84.46800231933594,0.24500000476837158
2026-06-12 20:49:37,13.269000053405762,95.1259994506836,0.17399999499320984
2026-06-12 20:54:39,14.465999603271484,86.11299896240234,0.1720000058412552
2026-06-12 20:59:41,12.178000450134277,86.03500366210938,0.14499999582767487
2026-06-12 21:04:43,9.024999618530273,90.54000091552734,0.11299999803304672
2026-06-12 21:09:45,5.710000038146973,0.7929999828338623,0.0010000000474974513
2026-06-12 21:14:47,3.697999954223633,1.1640000343322754,0.0010000000474974513
2026-06-12 21:19:49,2.6010000705718994,0.5329999923706055,0.0
2026-06-12 21:24:51,1.6749999523162842,0.6230000257492065,0.0
2026-06-13 05:40:21,1.6749999523162842,0.6230000257492065,0.0
2026-06-13 05:45:24,5.396999835968018,0.6600000262260437,0.0
2026-06-13 05:50:26,7.599999904632568,0.6729999780654907,0.0010000000474974513
2026-06-13 05:55:28,10.777000427246094,47.183998107910156,0.07000000029802322
2026-06-13 06:00:30,13.904000282287598,50.51900100708008,0.09700000286102295
2026-06-13 06:05:32,15.866999626159668,66.91000366210938,0.1469999998807907
2026-06-13 06:10:34,13.24899959564209,62.599998474121094,0.11400000005960464
2026-06-13 06:15:36,13.147000312805176,84.98400115966797,0.15399999916553497
2026-06-13 06:20:38,19.655000686645508,79.43599700927734,0.2150000035762787
2026-06-13 06:25:40,31.51300048828125,67.17500305175781,0.2919999957084656
2026-06-13 06:30:43,35.95399856567383,65.44400024414062,0.32499998807907104
2026-06-13 06:35:45,36.79100036621094,65.27799987792969,0.3310000002384186
2026-06-13 06:40:47,44.180999755859375,64.85600280761719,0.39500001072883606
2026-06-13 06:45:49,43.08599853515625,67.75299835205078,0.40299999713897705
2026-06-13 06:50:51,48.880001068115234,66.48699951171875,0.4480000138282776
2026-06-13 06:55:53,49.65299987792969,68.16400146484375,0.46700000762939453
2026-06-13 07:00:55,44.89400100708008,69.90699768066406,0.43299999833106995
2026-06-13 07:05:57,46.303001403808594,64.18299865722656,0.4099999964237213
2026-06-13 07:10:59,42.81399917602539,71.36299896240234,0.421999990940094
2026-06-13 07:16:01,44.137001037597656,72.13899993896484,0.4390000104904175
2026-06-13 07:21:03,45.790000915527344,70.12200164794922,0.4429999887943268
2026-06-13 07:26:05,48.04100036621094,70.68699645996094,0.4690000116825104
2026-06-13 07:31:08,49.01100158691406,70.16200256347656,0.4749999940395355
2026-06-13 07:36:10,50.42399978637695,71.09300231933594,0.4950000047683716
2026-06-13 07:41:12,52.4900016784668,70.20999908447266,0.5090000033378601
2026-06-13 07:46:14,54.21699905395508,68.87999725341797,0.5149999856948853
2026-06-13 07:51:16,58.020999908447266,68.20099639892578,0.5460000038146973
2026-06-13 07:56:18,229.6020050048828,17.349000930786133,0.550000011920929
2026-06-13 08:01:20,246.1280059814453,17.173999786376953,0.5830000042915344
2026-06-13 08:06:22,261.1860046386719,16.934999465942383,0.6100000143051147
2026-06-13 08:11:24,277.8630065917969,42.48699951171875,1.628999948501587
2026-06-13 08:16:27,296.4570007324219,47.310001373291016,1.934999942779541
2026-06-13 08:21:29,313.9339904785156,47.54800033569336,2.059999942779541
2026-06-13 08:26:31,331.73699951171875,48.97700119018555,2.242000102996826
2026-06-13 08:31:33,349.2640075683594,49.86899948120117,2.4040000438690186
2026-06-13 08:36:35,366.91400146484375,51.10300064086914,2.5880000591278076
2026-06-13 08:41:37,387.7049865722656,51.763999938964844,2.7699999809265137
2026-06-13 08:46:39,407.2969970703125,53.374000549316406,3.0
2026-06-13 08:51:41,425.35101318359375,54.75299835205078,3.2139999866485596
2026-06-13 08:56:43,443.3689880371094,55.83700180053711,3.4159998893737793
2026-06-13 09:01:45,462.6990051269531,57.3129997253418,3.6600000858306885
2026-06-13 09:06:48,487.5570068359375,57.345001220703125,3.8580000400543213
2026-06-13 09:11:50,507.6340026855469,57.944000244140625,4.059000015258789
2026-06-13 09:16:52,524.926025390625,59.380001068115234,4.302000045776367
2026-06-13 09:21:54,544.6079711914062,59.935001373291016,4.504000186920166
2026-06-13 09:26:56,563.52001953125,60.138999938964844,4.677000045776367
2026-06-13 09:31:58,577.239013671875,61.58399963378906,4.906000137329102
2026-06-13 09:37:00,596.9099731445312,62.1619987487793,5.120999813079834
2026-06-13 09:42:02,613.625,63.40599822998047,5.36899995803833
2026-06-13 09:47:04,631.6530151367188,63.25899887084961,5.513999938964844
2026-06-13 09:52:06,649.0029907226562,64.34600067138672,5.763000011444092
2026-06-13 09:57:08,665.5549926757812,65.28900146484375,5.997000217437744
2026-06-13 10:02:10,680.708984375,65.87799835205078,6.188000202178955
2026-06-13 10:07:13,698.4210205078125,66.48999786376953,6.4079999923706055
2026-06-13 10:12:15,715.4420166015625,67.2239990234375,6.63700008392334
2026-06-13 10:17:17,732.85302734375,67.7760009765625,6.854000091552734
2026-06-13 10:22:19,747.7650146484375,68.51599884033203,7.070000171661377
2026-06-13 10:27:21,763.5540161132812,68.52200317382812,7.21999979019165
2026-06-13 10:32:23,779.969970703125,68.52999877929688,7.375999927520752
2026-06-13 10:37:25,793.8350219726562,70.46199798583984,7.718999862670898
2026-06-13 10:42:27,806.4619750976562,70.79399871826172,7.879000186920166
2026-06-13 10:47:30,819.593017578125,71.43199920654297,8.079000473022461
2026-06-13 10:52:32,837.5889892578125,72.4530029296875,8.375
2026-06-13 10:57:34,852.8270263671875,72.66600036621094,8.552000045776367
2026-06-13 11:02:36,863.4149780273438,73.87200164794922,8.802000045776367
2026-06-13 11:07:38,877.7969970703125,74.48500061035156,9.02299976348877
2026-06-13 11:12:40,891.1500244140625,75.65399932861328,9.303999900817871
2026-06-13 11:17:42,905.9450073242188,76.36299896240234,9.54699993133545
2026-06-13 11:22:44,872.10302734375,78.75700378417969,9.477999687194824
2026-06-13 11:27:47,928.7260131835938,77.56700134277344,9.940999984741211
2026-06-13 11:32:49,941.1610107421875,77.63999938964844,10.083999633789062
2026-06-13 11:37:51,949.0449829101562,78.26300048828125,10.25
2026-06-13 11:42:53,959.0009765625,78.85900115966797,10.435999870300293
2026-06-13 11:47:55,968.7379760742188,79.56900024414062,10.63700008392334
2026-06-13 11:52:57,973.7260131835938,80.48699951171875,10.8149995803833
2026-06-13 11:57:59,984.14599609375,81.22200012207031,11.031000137329102
2026-06-13 12:03:01,990.1510009765625,81.87100219726562,11.187000274658203
2026-06-13 12:08:04,998.0659790039062,82.4229965209961,11.35200023651123
2026-06-13 12:13:06,1007.1179809570312,83.58799743652344,11.616999626159668
2026-06-13 12:18:08,998.8889770507812,84.3949966430664,11.633999824523926
2026-06-13 12:23:10,1016.9650268554688,84.83100128173828,11.904999732971191
2026-06-13 12:28:12,1020.927978515625,85.38700103759766,12.029999732971191
2026-06-13 12:33:14,1027.7049560546875,85.7229995727539,12.157999992370605
2026-06-13 12:38:16,1032.5579833984375,85.6240005493164,12.201000213623047
2026-06-13 12:43:18,1030.39501953125,86.7300033569336,12.333000183105469
2026-06-13 12:48:21,1032.571044921875,86.86399841308594,12.378000259399414
2026-06-13 12:53:23,1035.1199951171875,87.93900299072266,12.562000274658203
2026-06-13 12:58:25,1029.3199462890625,88.62200164794922,12.588000297546387
2026-06-13 13:03:27,1028.2969970703125,89.26799774169922,12.668000221252441
2026-06-13 13:08:29,1035.6490478515625,89.1719970703125,12.744000434875488
2026-06-13 13:13:31,1033.741943359375,88.30899810791016,12.597999572753906
2026-06-13 13:18:33,1030.1190185546875,89.34300231933594,12.701000213623047
2026-06-13 13:23:35,1029.051025390625,90.13200378417969,12.800000190734863
2026-06-13 13:46:23,1035.26904296875,18.155000686645508,2.5940001010894775
2026-06-13 13:51:25,970.4630126953125,79.06400299072266,10.58899974822998
2026-06-13 13:56:27,1020.5009765625,82.50599670410156,11.619000434875488
2026-06-13 14:01:29,1016.010986328125,83.91500091552734,11.765999794006348
2026-06-13 14:06:32,1017.8150024414062,84.80400085449219,11.91100025177002
2026-06-13 14:11:34,909.6110229492188,86.86699676513672,10.904000282287598
2026-06-13 14:16:36,990.375,86.56199645996094,11.831000328063965
2026-06-13 14:21:38,990.9099731445312,86.7239990234375,11.859000205993652
2026-06-13 14:26:40,979.2139892578125,87.7040023803711,11.85200023651123
2026-06-13 14:31:42,928.7130126953125,85.8489990234375,11.003000259399414
2026-06-13 14:36:44,944.552978515625,87.25599670410156,11.37399959564209
2026-06-13 14:41:46,974.1370239257812,85.71099853515625,11.522000312805176
2026-06-13 14:46:49,947.947021484375,86.42400360107422,11.305999755859375
2026-06-13 14:51:51,948.1439819335938,86.11699676513672,11.267999649047852
2026-06-13 14:56:53,935.2979736328125,86.13099670410156,11.116999626159668
2026-06-13 15:01:55,943.2269897460938,82.39800262451172,10.725000381469727
2026-06-13 15:06:57,943.3049926757812,86.81600189208984,11.300999641418457
2026-06-13 15:11:59,947.4630126953125,86.15799713134766,11.265000343322754
2026-06-13 15:17:01,875.2249755859375,85.04399871826172,10.272000312805176
2026-06-13 15:22:03,901.6799926757812,85.56800079345703,10.647000312805176
2026-06-13 15:27:05,905.6069946289062,84.7969970703125,10.597000122070312
2026-06-13 15:32:08,881.625,84.43499755859375,10.27299976348877
2026-06-13 15:37:10,869.6589965820312,85.29900360107422,10.237000465393066
2026-06-13 15:42:12,868.6649780273438,84.33599853515625,10.109999656677246
2026-06-13 15:47:14,854.2689819335938,83.90799713134766,9.892000198364258
2026-06-13 15:52:16,839.448974609375,83.19400024414062,9.63700008392334
2026-06-13 15:57:18,813.6300048828125,82.25499725341797,9.236000061035156
2026-06-13 16:02:20,757.1179809570312,84.42500305175781,8.821000099182129
2026-06-13 16:07:22,785.3989868164062,82.94100189208984,8.989999771118164
2026-06-13 16:12:24,788.2030029296875,81.7969970703125,8.897000312805176
2026-06-13 16:17:27,737.823974609375,80.87799835205078,8.234999656677246
2026-06-13 16:22:29,680.1370239257812,79.41300201416016,7.453999996185303
2026-06-13 16:27:31,674.177978515625,82.15799713134766,7.644000053405762
2026-06-13 16:32:33,662.7930297851562,82.48600006103516,7.545000076293945
2026-06-13 16:37:35,565.5170288085938,81.49500274658203,6.360000133514404
2026-06-13 16:42:37,492.2099914550781,77.6780014038086,5.276000022888184
2026-06-13 16:47:39,481.9289855957031,83.21800231933594,5.534999847412109
2026-06-13 16:52:41,385.4419860839844,81.88300323486328,4.355000019073486
2026-06-13 16:57:43,229.81900024414062,85.4229965209961,2.7090001106262207
2026-06-13 17:02:46,261.4649963378906,82.6780014038086,2.9830000400543213
2026-06-13 17:07:48,288.7909851074219,93.41600036621094,3.7230000495910645
2026-06-13 17:12:50,388.8500061035156,85.4739990234375,4.586999893188477
2026-06-13 17:17:52,389.86700439453125,88.72000122070312,4.7729997634887695
2026-06-13 17:22:54,421.2619934082031,78.39199829101562,4.557000160217285
2026-06-13 17:27:56,418.6730041503906,78.34300231933594,4.526000022888184
2026-06-13 17:32:58,383.7550048828125,78.04199981689453,4.132999897003174
2026-06-13 17:38:00,407.8009948730469,77.1729965209961,4.3429999351501465
2026-06-13 17:43:03,326.5169982910156,77.27300262451172,3.4820001125335693
2026-06-13 17:48:05,302.86199951171875,78.0009994506836,3.259999990463257
2026-06-13 17:53:07,327.1839904785156,77.9489974975586,3.5190000534057617
2026-06-13 17:58:09,188.4320068359375,92.43399810791016,2.4040000438690186
2026-06-13 18:03:11,176.53700256347656,94.35399627685547,2.2990000247955322
2026-06-13 18:08:13,178.71800231933594,126.44400024414062,3.118000030517578
2026-06-13 18:13:15,163.83399963378906,104.51599884033203,2.36299991607666
2026-06-13 18:18:17,157.78500366210938,86.45500183105469,1.8819999694824219
2026-06-13 18:23:19,158.17599487304688,85.08799743652344,1.8569999933242798
2026-06-13 18:28:21,152.81399536132812,84.64399719238281,1.784999966621399
2026-06-13 18:33:24,143.67300415039062,84.58200073242188,1.6770000457763672
2026-06-13 18:38:26,131.00599670410156,86.31700134277344,1.5609999895095825
2026-06-13 18:43:28,119.61399841308594,86.4280014038086,1.4270000457763672
2026-06-13 18:48:30,109.5250015258789,87.41200256347656,1.3209999799728394
2026-06-13 18:53:32,104.42500305175781,87.69599914550781,1.2640000581741333
2026-06-13 18:58:34,103.01899719238281,87.1050033569336,1.2380000352859497
2026-06-13 19:03:36,101.50599670410156,86.23400115966797,1.2079999446868896
2026-06-13 19:08:38,100.1259994506836,87.6449966430664,1.2109999656677246
2026-06-13 19:13:40,95.4469985961914,87.52899932861328,1.152999997138977
2026-06-13 19:18:42,86.98500061035156,86.23899841308594,1.034999966621399
2026-06-13 19:23:45,82.80699920654297,89.14199829101562,1.0190000534057617
2026-06-13 19:28:47,73.81500244140625,89.45600128173828,0.9110000133514404
2026-06-13 19:33:49,69.11100006103516,88.7490005493164,0.8460000157356262
2026-06-13 19:38:51,66.08499908447266,84.43000030517578,0.7699999809265137
2026-06-13 19:43:53,63.25699996948242,88.85299682617188,0.7760000228881836
2026-06-13 19:48:55,56.92100143432617,87.64600372314453,0.6880000233650208
2026-06-13 19:53:57,53.73699951171875,85.58300018310547,0.6349999904632568
2026-06-13 19:58:59,55.12200164794922,89.52799987792969,0.6809999942779541
2026-06-13 20:04:01,51.62300109863281,91.5530014038086,0.6520000100135803
2026-06-13 20:09:04,42.862998962402344,87.30400085449219,0.515999972820282
2026-06-13 20:14:06,39.30699920654297,92.50599670410156,0.5019999742507935
2026-06-13 20:19:08,36.55799865722656,86.00199890136719,0.4339999854564667
2026-06-13 20:24:10,31.983999252319336,91.20500183105469,0.40299999713897705
2026-06-13 20:29:12,26.354000091552734,94.89900207519531,0.3449999988079071
2026-06-13 20:34:14,22.610000610351562,87.77100372314453,0.27399998903274536
2026-06-13 20:39:16,19.89299964904785,101.16500091552734,0.27799999713897705
2026-06-13 20:44:18,18.288000106811523,105.23600006103516,0.26600000262260437
2026-06-13 20:49:21,16.523000717163086,97.54299926757812,0.22200000286102295
2026-06-13 20:54:23,15.069999694824219,103.89299774169922,0.2160000056028366
2026-06-13 20:59:25,13.407999992370605,98.01799774169922,0.1809999942779541
2026-06-13 21:04:27,11.184000015258789,68.54100036621094,0.10599999874830246
2026-06-13 21:09:29,8.557999610900879,81.9530029296875,0.09700000286102295
2026-06-13 21:14:31,5.738999843597412,0.7710000276565552,0.0010000000474974513
2026-06-13 21:19:33,3.7690000534057617,0.9300000071525574,0.0
2026-06-13 21:24:35,3.2090001106262207,1.093999981880188,0.0
2026-06-13 21:29:37,1.4290000200271606,0.6190000176429749,0.0
2026-06-14 05:39:54,1.4290000200271606,0.6190000176429749,0.0
2026-06-14 05:44:56,8.119000434875488,0.5540000200271606,0.0010000000474974513
2026-06-14 05:49:59,10.70199966430664,44.06399917602539,0.06499999761581421
2026-06-14 05:55:01,13.71399974822998,65.62100219726562,0.12399999797344208
2026-06-14 06:00:03,16.945999145507812,70.47699737548828,0.16500000655651093
2026-06-14 06:05:05,20.797000885009766,71.93699645996094,0.20600000023841858
2026-06-14 06:10:07,24.277999877929688,62.917999267578125,0.210999995470047
2026-06-14 06:15:09,27.422000885009766,60.79800033569336,0.23000000417232513
2026-06-14 06:20:11,30.045000076293945,70.572998046875,0.2930000126361847
2026-06-14 06:25:13,34.0260009765625,68.65299987792969,0.32199999690055847
2026-06-14 06:30:15,34.01900100708008,71.70500183105469,0.3370000123977661
2026-06-14 06:35:17,31.31399917602539,73.51799774169922,0.3179999887943268
2026-06-14 06:40:19,31.583999633789062,71.78700256347656,0.31299999356269836
2026-06-14 06:45:21,33.18600082397461,74.81300354003906,0.34299999475479126
2026-06-14 06:50:24,36.30400085449219,70.34100341796875,0.35199999809265137
2026-06-14 06:55:26,37.24599838256836,74.50399780273438,0.382999986410141
2026-06-14 07:00:28,40.07500076293945,73.21700286865234,0.4050000011920929
2026-06-14 07:05:30,43.70500183105469,70.30000305175781,0.42399999499320984
2026-06-14 07:10:32,47.45600128173828,72.0719985961914,0.47200000286102295
2026-06-14 07:15:34,50.96500015258789,70.46800231933594,0.4959999918937683
2026-06-14 07:20:36,54.52899932861328,72.89299774169922,0.5490000247955322
2026-06-14 07:25:38,59.275001525878906,71.14299774169922,0.5820000171661377
2026-06-14 07:30:40,64.03900146484375,70.88300323486328,0.6259999871253967
2026-06-14 07:35:42,66.11199951171875,71.88999938964844,0.656000018119812
2026-06-14 07:40:44,67.15899658203125,71.28900146484375,0.6610000133514404
2026-06-14 07:45:47,69.10600280761719,73.63999938964844,0.7020000219345093
2026-06-14 07:50:49,71.05599975585938,72.40299987792969,0.7099999785423279
2026-06-14 07:55:51,248.63099670410156,20.836000442504883,0.7149999737739563
2026-06-14 08:00:53,265.44500732421875,20.30500030517578,0.7440000176429749
2026-06-14 08:05:55,291.66900634765625,18.729999542236328,0.7540000081062317
2026-06-14 08:10:57,309.7690124511719,38.303001403808594,1.6369999647140503
2026-06-14 08:15:59,326.5190124511719,50.56800079345703,2.2790000438690186
2026-06-14 08:21:01,344.7929992675781,51.79100036621094,2.4639999866485596
2026-06-14 08:26:03,367.46600341796875,51.654998779296875,2.61899995803833
2026-06-14 08:31:06,393.0379943847656,54.1349983215332,2.936000108718872
2026-06-14 08:36:08,400.99798583984375,56.07099914550781,3.1029999256134033
2026-06-14 08:41:10,426.8819885253906,56.983001708984375,3.3570001125335693
2026-06-14 08:46:12,447.2460021972656,57.275001525878906,3.5350000858306885
2026-06-14 08:51:14,464.5419921875,59.57899856567383,3.819000005722046
2026-06-14 08:56:16,488.5530090332031,61.02399826049805,4.113999843597412
2026-06-14 09:01:18,504.260986328125,64.18199920654297,4.466000080108643
2026-06-14 09:06:20,522.427001953125,63.42100143432617,4.572000026702881
2026-06-14 09:11:23,543.656982421875,65.0719985961914,4.881999969482422
2026-06-14 09:16:25,551.8350219726562,65.79900360107422,5.011000156402588
2026-06-14 09:21:27,567.166015625,66.48699951171875,5.203999996185303
2026-06-14 09:26:29,584.6420288085938,67.01000213623047,5.406000137329102
2026-06-14 09:31:31,612.1829833984375,68.33599853515625,5.7729997634887695
2026-06-14 09:36:33,614.2239990234375,69.51899719238281,5.89300012588501
2026-06-14 09:41:35,632.8460083007812,70.02799987792969,6.116000175476074
2026-06-14 09:46:37,654.4530029296875,71.23400115966797,6.433000087738037
2026-06-14 09:51:39,638.2490234375,71.06300354003906,6.258999824523926
2026-06-14 09:56:41,686.416015625,73.46900177001953,6.959000110626221
2026-06-14 10:01:43,701.9249877929688,73.67400360107422,7.136000156402588
2026-06-14 10:06:46,712.708984375,74.66899871826172,7.343999862670898
2026-06-14 10:11:48,726.3289794921875,75.49800109863281,7.566999912261963
2026-06-14 10:16:50,746.5189819335938,75.85600280761719,7.815000057220459
2026-06-14 10:21:52,763.2269897460938,76.66899871826172,8.074999809265137
2026-06-14 10:26:54,762.5900268554688,77.81500244140625,8.189000129699707
2026-06-14 10:31:56,794.39697265625,77.30799865722656,8.475000381469727
2026-06-14 10:36:58,812.5460205078125,78.10299682617188,8.758000373840332
2026-06-14 10:42:00,821.0130004882812,77.88800048828125,8.824999809265137
2026-06-14 10:47:02,817.8510131835938,79.46399688720703,8.968999862670898
2026-06-14 10:52:04,845.47900390625,80.04900360107422,9.34000015258789
2026-06-14 10:57:07,869.6959838867188,80.72000122070312,9.687999725341797
2026-06-14 11:02:09,883.1859741210938,81.66999816894531,9.954000473022461
2026-06-14 11:07:11,898.4550170898438,81.7979965209961,10.142000198364258
2026-06-14 11:12:13,910.9849853515625,82.21399688720703,10.336000442504883
2026-06-14 11:17:15,902.573974609375,83.51599884033203,10.402000427246094
2026-06-14 11:22:17,937.2639770507812,83.68199920654297,10.824000358581543
2026-06-14 11:27:19,945.7509765625,84.34200286865234,11.008000373840332
2026-06-14 11:32:21,953.6389770507812,85.0989990234375,11.199000358581543
2026-06-14 11:37:23,965.6389770507812,85.44400024414062,11.38599967956543
2026-06-14 11:42:25,975.1539916992188,85.92400360107422,11.562999725341797
2026-06-14 11:47:27,987.35302734375,85.85800170898438,11.699000358581543
2026-06-14 11:52:30,993.906005859375,86.30799865722656,11.838000297546387
2026-06-14 11:57:32,1000.3670043945312,87.10299682617188,12.024999618530273
2026-06-14 12:02:34,1009.14697265625,88.05000305175781,12.26200008392334
2026-06-14 12:07:36,1019.3330078125,88.86399841308594,12.5
2026-06-14 12:12:38,1024.0999755859375,89.6500015258789,12.670000076293945
2026-06-14 12:17:40,1021.8289794921875,90.00700378417969,12.692000389099121
2026-06-14 12:22:42,1042.2559814453125,90.82499694824219,13.062999725341797
2026-06-14 12:27:44,1030.5369873046875,90.93800354003906,12.932999610900879
2026-06-14 12:32:46,1037.0400390625,90.92500305175781,13.01200008392334
2026-06-14 12:37:48,1040.35595703125,92.3239974975586,13.255000114440918
2026-06-14 12:42:51,1053.22998046875,92.55400085449219,13.45199966430664
2026-06-14 12:47:53,1046.0849609375,93.7239990234375,13.529999732971191
2026-06-14 12:52:55,1067.20703125,94.06500244140625,13.852999687194824
2026-06-14 12:57:57,1063.72998046875,93.49400329589844,13.723999977111816
2026-06-14 13:02:59,1042.4210205078125,94.61199951171875,13.609999656677246
2026-06-14 13:08:01,1044.5059814453125,95.3280029296875,13.741000175476074
2026-06-14 13:13:03,1041.27001953125,95.63200378417969,13.741999626159668
2026-06-14 13:18:05,1043.135986328125,95.5469970703125,13.753999710083008
2026-06-14 13:23:07,1050.3929443359375,94.9749984741211,13.767000198364258
2026-06-14 13:28:10,1062.927978515625,94.79000091552734,13.904000282287598
2026-06-14 13:51:55,1037.54296875,95.60399627685547,13.689000129699707
2026-06-14 13:56:57,1041.2939453125,94.59200286865234,13.593000411987305
2026-06-14 14:01:59,1035.675048828125,94.55500030517578,13.513999938964844
2026-06-14 14:07:01,1030.886962890625,93.18800354003906,13.256999969482422
2026-06-14 14:12:03,1027.0489501953125,94.26000213623047,13.359999656677246
2026-06-14 14:17:05,1020.8179931640625,94.23500061035156,13.274999618530273
2026-06-14 14:22:07,1019.593994140625,93.33000183105469,13.131999969482422
2026-06-14 14:27:10,1008.1060180664062,94.00399780273438,13.07800006866455
2026-06-14 14:32:12,1002.1389770507812,94.27100372314453,13.036999702453613
2026-06-14 14:37:14,996.989990234375,94.54900360107422,13.008000373840332
2026-06-14 14:42:16,987.0540161132812,94.58000183105469,12.883000373840332
2026-06-14 14:47:18,979.6799926757812,93.1969985961914,12.600000381469727
2026-06-14 14:52:20,976.4569702148438,91.54399871826172,12.336000442504883
2026-06-14 14:57:22,963.8469848632812,92.5719985961914,12.312999725341797
2026-06-14 15:02:24,954.27001953125,92.37200164794922,12.163999557495117
2026-06-14 15:07:26,944.7269897460938,91.70800018310547,11.956000328063965
2026-06-14 15:12:29,937.4030151367188,91.12699890136719,11.788000106811523
2026-06-14 15:17:31,926.1900024414062,91.16799926757812,11.652999877929688
2026-06-14 15:22:33,915.0469970703125,89.46900177001953,11.29800033569336
2026-06-14 15:27:35,903.68701171875,89.89399719238281,11.211000442504883
2026-06-14 15:32:37,895.6290283203125,89.3759994506836,11.04699993133545
2026-06-14 15:37:39,880.3889770507812,88.97799682617188,10.8100004196167
2026-06-14 15:42:41,866.010986328125,87.89199829101562,10.503999710083008
2026-06-14 15:47:43,851.218017578125,88.1760025024414,10.357999801635742
2026-06-14 15:52:45,837.8809814453125,87.90799713134766,10.164999961853027
2026-06-14 15:57:48,823.364990234375,87.85700225830078,9.982999801635742
2026-06-14 16:02:50,812.77001953125,87.32599639892578,9.795000076293945
2026-06-14 16:07:52,796.3309936523438,87.48300170898438,9.61400032043457
2026-06-14 16:12:54,783.406005859375,86.58399963378906,9.361000061035156
2026-06-14 16:17:56,767.9290161132812,86.00499725341797,9.11400032043457
2026-06-14 16:22:58,752.3090209960938,85.61399841308594,8.887999534606934
2026-06-14 16:28:00,736.2769775390625,84.90399932861328,8.626999855041504
2026-06-14 16:33:02,719.552001953125,84.27200317382812,8.368000030517578
2026-06-14 16:38:04,703.7689819335938,82.47000122070312,8.008999824523926
2026-06-14 16:43:06,686.31298828125,82.0009994506836,7.765999794006348
2026-06-14 16:48:09,668.8629760742188,81.91500091552734,7.560999870300293
2026-06-14 16:53:11,652.0960083007812,81.93199920654297,7.373000144958496
2026-06-14 16:58:13,635.4010009765625,81.82499694824219,7.175000190734863
2026-06-14 17:03:15,617.875,80.73699951171875,6.883999824523926
2026-06-14 17:08:17,595.655029296875,79.95099639892578,6.572000026702881
2026-06-14 17:13:19,578.218994140625,79.50800323486328,6.343999862670898
2026-06-14 17:18:21,559.2410278320312,78.71299743652344,6.074999809265137
2026-06-14 17:23:23,542.3679809570312,77.83300018310547,5.826000213623047
2026-06-14 17:28:26,521.47802734375,77.5459976196289,5.579999923706055
2026-06-14 17:33:28,504.9590148925781,75.97000122070312,5.294000148773193
2026-06-14 17:38:30,485.9700012207031,75.64900207519531,5.072999954223633
2026-06-14 17:43:32,468.5740051269531,74.07599639892578,4.789999961853027
2026-06-14 17:48:34,449.4169921875,73.39299774169922,4.552000045776367
2026-06-14 17:53:36,429.20001220703125,72.97000122070312,4.322000026702881
2026-06-14 17:58:38,78.06199645996094,378.3330078125,4.076000213623047
2026-06-14 18:03:40,46.209999084472656,605.0029907226562,3.8580000400543213
2026-06-14 18:08:43,45.92900085449219,573.6010131835938,3.635999917984009
2026-06-14 18:13:45,45.85599899291992,467.864013671875,2.9609999656677246
2026-06-14 18:18:47,45.76900100708008,101.50900268554688,0.640999972820282
2026-06-14 18:23:49,45.53799819946289,102.33699798583984,0.6430000066757202
2026-06-14 18:28:51,44.665000915527344,106.17900085449219,0.6539999842643738
2026-06-14 18:33:53,44.117000579833984,99.60800170898438,0.6060000061988831
2026-06-14 18:38:55,43.35300064086914,105.65599822998047,0.6320000290870667
2026-06-14 18:43:57,43.49700164794922,106.0719985961914,0.6370000243186951
2026-06-14 18:48:59,42.86399841308594,101.80999755859375,0.6019999980926514
2026-06-14 18:54:02,41.99100112915039,102.22899627685547,0.5920000076293945
2026-06-14 18:59:04,41.119998931884766,108.31999969482422,0.6150000095367432
2026-06-14 19:04:06,40.71500015258789,99.98500061035156,0.5619999766349792
2026-06-14 19:09:08,39.74599838256836,105.54900360107422,0.5789999961853027
2026-06-14 19:14:10,39.375,102.5790023803711,0.5569999814033508
2026-06-14 19:19:12,38.301998138427734,99.73500061035156,0.5270000100135803
2026-06-14 19:24:14,37.630001068115234,105.47100067138672,0.5479999780654907
2026-06-14 19:29:16,36.59199905395508,101.39700317382812,0.5120000243186951
2026-06-14 19:34:18,35.71699905395508,104.63300323486328,0.515999972820282
2026-06-14 19:39:20,34.94200134277344,104.25800323486328,0.503000020980835
2026-06-14 19:44:23,34.37900161743164,99.63400268554688,0.4729999899864197
2026-06-14 19:49:25,33.55400085449219,101.7969970703125,0.47099998593330383
2026-06-14 19:54:27,32.64699935913086,110.31800079345703,0.4970000088214874
2026-06-14 19:59:29,31.69099998474121,103.0739974975586,0.45100000500679016
2026-06-14 20:04:31,30.98699951171875,103.98999786376953,0.4449999928474426
2026-06-14 20:09:33,29.849000930786133,106.14800262451172,0.43700000643730164
2026-06-14 20:14:35,28.201000213623047,111.23400115966797,0.43299999833106995
2026-06-14 20:19:37,25.937000274658203,112.27999877929688,0.4020000100135803
2026-06-14 20:24:40,21.743000030517578,116.09400177001953,0.3479999899864197
2026-06-14 20:29:42,20.232999801635742,103.33000183105469,0.289000004529953
2026-06-14 20:34:44,18.895000457763672,121.47000122070312,0.31700000166893005
2026-06-14 20:39:46,18.10700035095215,119.3280029296875,0.2980000078678131
2026-06-14 20:44:48,16.642000198364258,125.83599853515625,0.289000004529953
2026-06-14 20:49:50,15.54699993133545,119.75,0.25699999928474426
2026-06-14 20:54:52,13.618000030517578,128.093994140625,0.2409999966621399
2026-06-14 20:59:54,11.185999870300293,107.16300201416016,0.16500000655651093
2026-06-14 21:04:57,8.977999687194824,129.7530059814453,0.16099999845027924
2026-06-14 21:09:59,6.953000068664551,61.034000396728516,0.05900000035762787
2026-06-14 21:15:01,4.958000183105469,28.68600082397461,0.019999999552965164
2026-06-14 21:20:03,3.2049999237060547,0.9879999756813049,0.0
2026-06-14 21:25:05,1.6950000524520874,1.6059999465942383,0.0
2026-06-14 21:30:07,0.4909999966621399,0.4300000071525574,0.0
2026-06-15 05:40:25,0.4909999966621399,0.4300000071525574,0.0
2026-06-15 05:45:27,5.171000003814697,0.4059999883174896,0.0
2026-06-15 05:50:29,7.066999912261963,0.20499999821186066,0.0
2026-06-15 05:55:31,8.817000389099121,0.3400000035762787,0.0
2026-06-15 06:00:33,11.11299991607666,0.16099999845027924,0.0
2026-06-15 06:05:35,13.243000030517578,0.2240000069141388,0.0
2026-06-15 06:10:37,16.020999908447266,0.21899999678134918,0.0
2026-06-15 06:15:39,18.250999450683594,0.2709999978542328,0.0010000000474974513
2026-06-15 06:20:41,20.926000595092773,0.22300000488758087,0.0010000000474974513
2026-06-15 06:25:44,23.9950008392334,6.28000020980835,0.020999999716877937
2026-06-15 06:30:46,26.513999938964844,10.229000091552734,0.03700000047683716
2026-06-15 06:35:48,29.118000030517578,18.590999603271484,0.07500000298023224
2026-06-15 06:40:50,30.756999969482422,21.176000595092773,0.09000000357627869
2026-06-15 06:45:52,32.612998962402344,22.461999893188477,0.10100000351667404
2026-06-15 06:50:54,35.01900100708008,28.341999053955078,0.13699999451637268
2026-06-15 06:55:56,36.35900115966797,32.13100051879883,0.16099999845027924
2026-06-15 07:00:58,38.06399917602539,25.56599998474121,0.1340000033378601
2026-06-15 07:06:00,39.9379997253418,26.898000717163086,0.14800000190734863
2026-06-15 07:11:03,41.44499969482422,27.132999420166016,0.1550000011920929
2026-06-15 07:16:05,42.856998443603516,28.54599952697754,0.16899999976158142
2026-06-15 07:21:07,44.46900177001953,27.062999725341797,0.16599999368190765
2026-06-15 07:26:09,46.2859992980957,25.503000259399414,0.16300000250339508
2026-06-15 07:31:11,48.15800094604492,32.93000030517578,0.21899999678134918
2026-06-15 07:36:13,49.750999450683594,28.947999954223633,0.19900000095367432
2026-06-15 07:41:15,51.430999755859375,27.871999740600586,0.1979999989271164
2026-06-15 07:46:17,53.007999420166016,26.511999130249023,0.1940000057220459
2026-06-15 07:51:19,54.32500076293945,29.981000900268555,0.22499999403953552
2026-06-15 07:56:22,233.1840057373047,7.0980000495910645,0.2280000001192093
2026-06-15 08:01:24,249.54299926757812,7.510000228881836,0.2590000033378601
2026-06-15 08:06:26,268.54901123046875,6.473999977111816,0.23999999463558197
2026-06-15 08:11:28,284.79998779296875,16.04599952697754,0.6309999823570251
2026-06-15 08:16:30,303.7330017089844,21.010000228881836,0.8809999823570251
2026-06-15 08:21:32,320.2829895019531,21.332000732421875,0.9430000185966492
2026-06-15 08:26:34,341.4469909667969,22.261999130249023,1.0490000247955322
2026-06-15 08:31:36,364.8630065917969,22.740999221801758,1.1449999809265137
2026-06-15 08:36:38,380.80499267578125,22.913999557495117,1.2039999961853027
2026-06-15 08:41:40,396.7860107421875,23.770999908447266,1.3020000457763672
2026-06-15 08:46:42,414.1650085449219,24.267000198364258,1.3869999647140503
2026-06-15 08:51:45,430.2699890136719,24.861000061035156,1.4759999513626099
2026-06-15 08:56:47,448.4530029296875,25.722999572753906,1.5920000076293945
2026-06-15 09:01:49,464.6189880371094,27.006999969482422,1.7319999933242798
2026-06-15 09:06:51,485.718994140625,26.069000244140625,1.746999979019165
2026-06-15 09:11:53,503.8789978027344,26.927000045776367,1.871999979019165
2026-06-15 09:16:55,522.6669921875,27.547000885009766,1.9869999885559082
2026-06-15 09:21:57,542.155029296875,27.413000106811523,2.0510001182556152
2026-06-15 09:26:59,566.1510009765625,27.60300064086914,2.1570000648498535
2026-06-15 09:32:01,582.1649780273438,27.76799964904785,2.2309999465942383
2026-06-15 09:37:03,600.3839721679688,28.849000930786133,2.390000104904175
2026-06-15 09:42:06,626.9650268554688,29.22599983215332,2.5290000438690186
2026-06-15 09:47:08,636.06201171875,30.093000411987305,2.6410000324249268
2026-06-15 09:52:10,650.0020141601562,30.985000610351562,2.7790000438690186
2026-06-15 09:57:12,680.4569702148438,32.018001556396484,3.006999969482422
2026-06-15 10:02:14,690.7130126953125,33.91299819946289,3.2330000400543213
2026-06-15 10:07:16,738.56201171875,34.034000396728516,3.4690001010894775
2026-06-15 10:12:18,757.0079956054688,36.16400146484375,3.7780001163482666
2026-06-15 10:17:20,770.344970703125,41.27000045776367,4.38700008392334
2026-06-15 10:22:22,782.9600219726562,43.334999084472656,4.682000160217285
2026-06-15 10:27:24,798.958984375,44.47700119018555,4.9039998054504395
2026-06-15 10:32:26,832.4959716796875,47.13600158691406,5.414999961853027
2026-06-15 10:37:29,826.31298828125,49.19599914550781,5.610000133514404
2026-06-15 10:42:31,815.051025390625,49.94599914550781,5.618000030517578
2026-06-15 10:47:33,829.6480102539062,52.242000579833984,5.980999946594238
2026-06-15 10:52:35,842.7680053710938,53.24599838256836,6.192999839782715
2026-06-15 10:57:37,856.5280151367188,54.439998626708984,6.434999942779541
2026-06-15 11:02:39,867.7050170898438,54.60200119018555,6.538000106811523
2026-06-15 11:07:41,883.3699951171875,56.11899948120117,6.841000080108643
2026-06-15 11:12:43,885.0009765625,59.117000579833984,7.21999979019165
2026-06-15 11:17:45,904.385986328125,60.64899826049805,7.568999767303467
2026-06-15 11:22:47,921.7899780273438,61.231998443603516,7.789000034332275
2026-06-15 11:27:50,933.1500244140625,62.130001068115234,8.00100040435791
2026-06-15 11:32:52,953.9910278320312,62.42599868774414,8.218000411987305
2026-06-15 11:37:54,962.6420288085938,62.09000015258789,8.248000144958496
2026-06-15 11:42:56,976.718017578125,63.68299865722656,8.583999633789062
2026-06-15 11:47:58,977.8790283203125,64.98699951171875,8.770000457763672
2026-06-15 11:53:00,993.885009765625,66.75900268554688,9.156000137329102
2026-06-15 11:58:02,990.22900390625,68.05599975585938,9.300000190734863
2026-06-15 12:03:04,1003.9539794921875,69.56500244140625,9.637999534606934
2026-06-15 12:08:06,1011.7349853515625,70.177001953125,9.79800033569336
2026-06-15 12:13:09,1011.3670043945312,71.46399688720703,9.973999977111816
2026-06-15 12:18:11,1016.1859741210938,71.99099731445312,10.095999717712402
2026-06-15 12:23:13,1035.5689697265625,70.28700256347656,10.045000076293945
2026-06-15 12:28:15,1045.3480224609375,72.2699966430664,10.425000190734863
2026-06-15 12:33:17,1031.5860595703125,35.23099899291992,5.015999794006348
2026-06-15 12:38:19,1027.2939453125,73.63500213623047,10.439000129699707
2026-06-15 12:43:21,1032.7769775390625,74.56600189208984,10.626999855041504
2026-06-15 12:48:23,1033.345947265625,74.6989974975586,10.652000427246094
2026-06-15 12:53:25,1037.8809814453125,74.9990005493164,10.741999626159668
2026-06-15 12:58:28,1040.7540283203125,73.9749984741211,10.625
2026-06-15 13:03:30,1025.8580322265625,75.33799743652344,10.666000366210938
2026-06-15 13:08:32,1044.0899658203125,75.46800231933594,10.87399959564209
2026-06-15 13:13:34,1051.8310546875,75.36000061035156,10.939000129699707
2026-06-15 13:18:36,1032.1829833984375,75.83799743652344,10.802000045776367
2026-06-15 13:23:38,1024.1190185546875,76.59200286865234,10.824999809265137
2026-06-15 13:47:25,1044.095947265625,71.1050033569336,10.244999885559082
2026-06-15 13:52:27,1022.3070068359375,72.84700012207031,10.277000427246094
2026-06-15 13:57:29,1013.6420288085938,73.3479995727539,10.260000228881836
2026-06-15 14:02:31,1009.9630126953125,73.99299621582031,10.312999725341797
2026-06-15 14:07:33,1002.4849853515625,73.19599914550781,10.12600040435791
2026-06-15 14:12:35,1014.9219970703125,73.01200103759766,10.22599983215332
2026-06-15 14:17:38,1005.0609741210938,74.76200103759766,10.369000434875488
2026-06-15 14:22:40,995.4609985351562,75.20800018310547,10.331999778747559
2026-06-15 14:27:42,986.6500244140625,75.07499694824219,10.222000122070312
2026-06-15 14:32:44,986.4110107421875,75.13200378417969,10.22700023651123
2026-06-15 14:37:46,988.2310180664062,74.75499725341797,10.194999694824219
2026-06-15 14:42:48,1003.0609741210938,70.84400177001953,9.805999755859375
2026-06-15 14:47:50,983.2139892578125,73.68800354003906,9.998000144958496
2026-06-15 14:52:52,969.4509887695312,73.4489974975586,9.826000213623047
2026-06-15 14:57:54,955.8729858398438,73.48300170898438,9.692999839782715
2026-06-15 15:02:56,942.18701171875,72.50199890136719,9.427000045776367
2026-06-15 15:07:59,916.4550170898438,71.40599822998047,9.031000137329102
2026-06-15 15:13:01,925.1890258789062,71.57599639892578,9.138999938964844
2026-06-15 15:18:03,763.0330200195312,69.99199676513672,7.369999885559082
2026-06-15 15:23:05,752.8980102539062,73.1760025024414,7.603000164031982
2026-06-15 15:28:07,843.4149780273438,68.61900329589844,7.986999988555908
2026-06-15 15:33:09,802.833984375,68.48100280761719,7.586999893188477
2026-06-15 15:38:11,826.833984375,73.62100219726562,8.399999618530273
2026-06-15 15:43:13,830.9970092773438,71.66400146484375,8.218000411987305
2026-06-15 15:48:15,837.72900390625,70.09700012207031,8.104000091552734
2026-06-15 15:53:17,780.5260009765625,72.57499694824219,7.816999912261963
2026-06-15 15:58:19,775.0770263671875,69.91500091552734,7.478000164031982
2026-06-15 16:03:22,792.0689697265625,67.55500030517578,7.383999824523926
2026-06-15 16:08:24,748.64501953125,66.53700256347656,6.874000072479248
2026-06-15 16:13:26,767.8099975585938,67.64199829101562,7.166999816894531
2026-06-15 16:18:28,755.1110229492188,66.87200164794922,6.9679999351501465
2026-06-15 16:23:30,743.7940063476562,66.58100128173828,6.834000110626221
2026-06-15 16:28:32,724.1810302734375,66.28900146484375,6.625
2026-06-15 16:33:34,673.8930053710938,63.24399948120117,5.881999969482422
2026-06-15 16:38:36,483.5539855957031,66.45600128173828,4.434999942779541
2026-06-15 16:43:38,552.8270263671875,67.59200286865234,5.1570000648498535
2026-06-15 16:48:40,355.8349914550781,66.72000122070312,3.2760000228881836
2026-06-15 16:53:43,391.9020080566406,67.01899719238281,3.625
2026-06-15 16:58:45,470.12701416015625,63.44900131225586,4.116000175476074
2026-06-15 17:03:47,414.31298828125,69.80999755859375,3.990999937057495
2026-06-15 17:08:49,310.1709899902344,72.44300079345703,3.1010000705718994
2026-06-15 17:13:51,285.6709899902344,73.30500030517578,2.890000104904175
2026-06-15 17:18:53,501.0190124511719,54.55699920654297,3.7720000743865967
2026-06-15 17:23:55,403.0169982910156,63.290000915527344,3.5199999809265137
2026-06-15 17:28:57,323.6210021972656,62.69200134277344,2.799999952316284
2026-06-15 17:33:59,486.37298583984375,57.12900161743164,3.8340001106262207
2026-06-15 17:39:01,467.81500244140625,56.68199920654297,3.6589999198913574
2026-06-15 17:44:04,477.2569885253906,55.612998962402344,3.6630001068115234
2026-06-15 17:49:06,387.0509948730469,52.26900100708008,2.7920000553131104
2026-06-15 17:54:08,420.2569885253906,55.020999908447266,3.190999984741211
2026-06-15 17:59:10,90.7699966430664,238.52499389648438,2.98799991607666
2026-06-15 18:04:12,79.83300018310547,252.78199768066406,2.7850000858306885
2026-06-15 18:09:14,75.52100372314453,243.88299560546875,2.5420000553131104
2026-06-15 18:14:16,73.64600372314453,176.45399475097656,1.7929999828338623
2026-06-15 18:19:18,70.13300323486328,65.98899841308594,0.6389999985694885
2026-06-15 18:24:20,70.45700073242188,59.617000579833984,0.5799999833106995
2026-06-15 18:29:22,67.01899719238281,56.11600112915039,0.5189999938011169
2026-06-15 18:34:25,61.07500076293945,53.183998107910156,0.4480000138282776
2026-06-15 18:39:27,60.59199905395508,52.527000427246094,0.4390000104904175
2026-06-15 18:44:29,70.10399627685547,46.082000732421875,0.44600000977516174
2026-06-15 18:49:31,73.48799896240234,50.805999755859375,0.5149999856948853
2026-06-15 18:54:33,66.21700286865234,49.731998443603516,0.45399999618530273
2026-06-15 18:59:35,60.45000076293945,48.21699905395508,0.4020000100135803
2026-06-15 19:04:37,57.05400085449219,50.529998779296875,0.39800000190734863
2026-06-15 19:09:39,55.391998291015625,50.29800033569336,0.3840000033378601
2026-06-15 19:14:41,54.99399948120117,47.09199905395508,0.3569999933242798
2026-06-15 19:19:43,53.814998626708984,48.308998107910156,0.35899999737739563
2026-06-15 19:24:46,54.32600021362305,44.8129997253418,0.335999995470047
2026-06-15 19:29:48,50.154998779296875,48.733001708984375,0.3370000123977661
2026-06-15 19:34:50,52.85300064086914,48.007999420166016,0.3499999940395355
2026-06-15 19:39:52,51.05099868774414,45.35100173950195,0.3190000057220459
2026-06-15 19:44:54,51.95399856567383,44.69200134277344,0.3199999928474426
2026-06-15 19:49:56,53.89099884033203,42.52000045776367,0.3160000145435333
2026-06-15 19:54:58,54.47100067138672,47.68199920654297,0.3580000102519989
2026-06-15 20:00:00,51.26599884033203,46.59299850463867,0.33000001311302185
2026-06-15 20:05:02,47.97700119018555,47.816001892089844,0.31700000166893005
2026-06-15 20:10:05,43.707000732421875,45.275001525878906,0.27300000190734863
2026-06-15 20:15:07,44.992000579833984,44.28300094604492,0.2750000059604645
2026-06-15 20:20:09,41.71699905395508,48.01900100708008,0.2759999930858612
2026-06-15 20:25:11,32.58700180053711,46.8120002746582,0.210999995470047
2026-06-15 20:30:13,28.031999588012695,39.439998626708984,0.15299999713897705
2026-06-15 20:35:15,27.24799919128418,45.89799880981445,0.17299999296665192
2026-06-15 20:40:17,24.992000579833984,50.551998138427734,0.17399999499320984
2026-06-15 20:45:19,22.82900047302246,34.374000549316406,0.1080000028014183
2026-06-15 20:50:22,21.768999099731445,46.5359992980957,0.14000000059604645
2026-06-15 20:55:24,17.538000106811523,21.83300018310547,0.05299999937415123
2026-06-15 21:00:26,15.92199993133545,3.996999979019165,0.008999999612569809
2026-06-15 21:05:28,12.954999923706055,0.33799999952316284,0.0010000000474974513
2026-06-15 21:10:30,7.89900016784668,0.23800000548362732,0.0
2026-06-15 21:15:32,4.697000026702881,0.46399998664855957,0.0
2026-06-15 21:20:34,3.303999900817871,0.49300000071525574,0.0
2026-06-15 21:25:36,1.3389999866485596,0.06199999898672104,0.0
2026-06-15 21:30:38,0.1120000034570694,0.24699999392032623,0.0
2026-06-16 05:39:52,0.1120000034570694,0.24699999392032623,0.0
2026-06-16 05:44:54,3.0329999923706055,0.47999998927116394,0.0
2026-06-16 05:49:57,4.008999824523926,0.16500000655651093,0.0
2026-06-16 05:54:59,5.706999778747559,0.29499998688697815,0.0
2026-06-16 06:00:01,8.079999923706055,0.14100000262260437,0.0
2026-06-16 06:05:03,11.918000221252441,0.27399998903274536,0.0
2026-06-16 06:10:05,14.289999961853027,0.24799999594688416,0.0
2026-06-16 06:15:07,19.993999481201172,0.22599999606609344,0.0010000000474974513
2026-06-16 06:20:09,21.490999221801758,0.21899999678134918,0.0010000000474974513
2026-06-16 06:25:11,23.15399932861328,2.364000082015991,0.00800000037997961
2026-06-16 06:30:13,26.16699981689453,5.943999767303467,0.020999999716877937
2026-06-16 06:35:16,28.22599983215332,9.9350004196167,0.039000000804662704
2026-06-16 06:40:18,31.881000518798828,16.80900001525879,0.07400000095367432
2026-06-16 06:45:20,34.132999420166016,16.160999298095703,0.07599999755620956
2026-06-16 06:50:22,37.3650016784668,16.143999099731445,0.08299999684095383
2026-06-16 06:55:24,42.249000549316406,18.315000534057617,0.10700000077486038
2026-06-16 07:00:26,49.55699920654297,23.565000534057617,0.16099999845027924
2026-06-16 07:05:28,55.71699905395508,21.37299919128418,0.164000004529953
2026-06-16 07:10:30,56.54600143432617,20.985000610351562,0.164000004529953
2026-06-16 07:15:32,60.077999114990234,23.3439998626709,0.1940000057220459
2026-06-16 07:20:34,64.22899627685547,23.48699951171875,0.20800000429153442
2026-06-16 07:25:36,68.66699981689453,23.895999908447266,0.22599999606609344
2026-06-16 07:30:39,79.92500305175781,25.006999969482422,0.2759999930858612
2026-06-16 07:35:41,91.56999969482422,22.322999954223633,0.28200000524520874
2026-06-16 07:40:43,94.87200164794922,24.180999755859375,0.31700000166893005
2026-06-16 07:45:45,101.43499755859375,23.926000595092773,0.33500000834465027
2026-06-16 07:50:47,109.78500366210938,23.400999069213867,0.35499998927116394
2026-06-16 07:55:49,112.14399719238281,21.420000076293945,0.3310000002384186
2026-06-16 08:00:51,184.5489959716797,16.8799991607666,0.4300000071525574
2026-06-16 08:05:53,170.13699340820312,20.393999099731445,0.4790000021457672
2026-06-16 08:10:55,137.95899963378906,24.038999557495117,0.4580000042915344
2026-06-16 08:15:58,110.3219985961914,29.02199935913086,0.44200000166893005
2026-06-16 08:21:00,98.43900299072266,30.472000122070312,0.414000004529953
2026-06-16 08:26:02,92.2770004272461,29.0,0.36899998784065247
2026-06-16 08:31:04,117.322998046875,27.952999114990234,0.453000009059906
2026-06-16 08:36:06,174.8090057373047,28.41900062561035,0.6859999895095825
2026-06-16 08:41:08,185.85400390625,27.31999969482422,0.7009999752044678
2026-06-16 08:46:10,395.8970031738281,24.966999053955078,1.3639999628067017
2026-06-16 08:51:12,416.0320129394531,25.600000381469727,1.4700000286102295
2026-06-16 08:56:14,384.7950134277344,26.57699966430664,1.4110000133514404
2026-06-16 09:01:16,332.4020080566406,38.81999969482422,1.781000018119812
2026-06-16 09:06:19,505.7829895019531,24.413000106811523,1.7039999961853027
2026-06-16 09:11:21,509.7650146484375,26.75,1.8819999694824219
2026-06-16 09:16:23,447.75799560546875,27.597999572753906,1.7050000429153442
2026-06-16 09:21:25,346.0660095214844,29.7810001373291,1.4220000505447388
2026-06-16 09:26:27,263.4100036621094,31.101999282836914,1.13100004196167
2026-06-16 09:31:29,284.135009765625,30.540000915527344,1.1979999542236328
2026-06-16 09:36:31,233.16099548339844,33.04499816894531,1.062999963760376
2026-06-16 09:41:33,189.26600646972656,32.8849983215332,0.859000027179718
2026-06-16 09:46:35,264.6109924316406,31.150999069213867,1.1380000114440918
2026-06-16 09:51:37,228.3769989013672,32.604000091552734,1.027999997138977
2026-06-16 09:56:39,236.84800720214844,33.625999450683594,1.0989999771118164
2026-06-16 10:01:42,208.73800659179688,33.75,0.972000002861023
2026-06-16 10:06:44,181.8719940185547,33.24300003051758,0.8339999914169312
2026-06-16 10:11:46,180.79200744628906,33.7760009765625,0.8429999947547913
2026-06-16 10:16:48,132.5330047607422,36.7400016784668,0.671999990940094
2026-06-16 10:21:50,80.04299926757812,34.832000732421875,0.38499999046325684
2026-06-16 10:26:52,72.77100372314453,32.52299880981445,0.3269999921321869
2026-06-16 10:31:54,99.64800262451172,31.264999389648438,0.4300000071525574
2026-06-16 10:36:56,194.21299743652344,32.904998779296875,0.8820000290870667
2026-06-16 10:41:59,168.802001953125,34.24599838256836,0.7979999780654907
2026-06-16 10:47:01,170.2030029296875,34.180999755859375,0.8029999732971191
2026-06-16 10:52:03,187.5760040283203,33.790000915527344,0.875
2026-06-16 10:57:05,185.9409942626953,34.41999816894531,0.8830000162124634
2026-06-16 11:02:07,207.10400390625,33.67599868774414,0.9620000123977661
2026-06-16 11:07:09,737.8400268554688,32.39099884033203,3.2980000972747803
2026-06-16 11:12:11,260.6929931640625,32.63199996948242,1.1740000247955322
2026-06-16 11:17:13,322.0979919433594,33.68600082397461,1.496999979019165
2026-06-16 11:22:15,389.93798828125,34.56399917602539,1.8600000143051147
2026-06-16 11:27:17,396.2510070800781,40.77299880981445,2.2300000190734863
2026-06-16 11:32:19,371.2590026855469,32.93600082397461,1.687000036239624
2026-06-16 11:37:22,392.07501220703125,31.805999755859375,1.7209999561309814
2026-06-16 11:42:24,626.6630249023438,31.947999954223633,2.763000011444092
2026-06-16 11:47:26,1061.5150146484375,42.316001892089844,6.198999881744385
2026-06-16 11:52:28,999.7420043945312,51.012001037597656,7.038000106811523
2026-06-16 11:57:30,942.9730224609375,55.92100143432617,7.2769999504089355
2026-06-16 12:02:32,345.47900390625,55.270999908447266,2.634999990463257
2026-06-16 12:07:34,1040.510009765625,55.867000579833984,8.022000312805176
2026-06-16 12:12:36,1007.4169921875,58.94499969482422,8.194999694824219
2026-06-16 12:17:38,984.9349975585938,60.86600112915039,8.27299976348877
2026-06-16 12:22:41,865.1539916992188,63.816001892089844,7.61899995803833
2026-06-16 12:27:43,902.239990234375,63.46900177001953,7.9029998779296875
2026-06-16 12:32:45,768.8159790039062,64.68900299072266,6.86299991607666
2026-06-16 12:37:47,911.6409912109375,63.45899963378906,7.984000205993652
2026-06-16 12:42:49,1036.7039794921875,64.4020004272461,9.21399974822998
2026-06-16 12:47:51,1017.52197265625,64.72599792480469,9.08899974822998
2026-06-16 12:52:53,963.7630004882812,64.17900085449219,8.53600025177002
2026-06-16 12:57:55,998.0050048828125,65.33200073242188,8.998000144958496
2026-06-16 13:02:57,995.5059814453125,65.38899993896484,8.982999801635742
2026-06-16 13:07:59,995.8579711914062,66.36599731445312,9.121000289916992
2026-06-16 13:13:01,1004.3060302734375,66.74500274658203,9.25
2026-06-16 13:18:03,1014.8870239257812,65.87000274658203,9.225000381469727
2026-06-16 13:23:06,982.5170288085938,67.03099822998047,9.08899974822998
2026-06-16 13:28:08,1047.717041015625,65.46700286865234,9.465999603271484
2026-06-16 13:50:45,1051.094970703125,12.956000328063965,1.878999948501587
2026-06-16 13:55:47,1036.1619873046875,52.46500015258789,7.501999855041504
2026-06-16 14:00:49,1033.01904296875,54.678001403808594,7.795000076293945
2026-06-16 14:05:52,1022.7449951171875,55.702999114990234,7.861999988555908
2026-06-16 14:10:54,1011.041015625,56.974998474121094,7.948999881744385
2026-06-16 14:15:56,1014.4530029296875,58.31700134277344,8.163999557495117
2026-06-16 14:20:58,995.7210083007812,59.04199981689453,8.11299991607666
2026-06-16 14:26:00,982.64697265625,60.05500030517578,8.144000053405762
2026-06-16 14:31:02,985.89501953125,59.95000076293945,8.156000137329102
2026-06-16 14:36:04,951.6409912109375,59.972999572753906,7.875999927520752
2026-06-16 14:41:06,986.0499877929688,60.262001037597656,8.199999809265137
2026-06-16 14:46:08,981.5289916992188,60.12300109863281,8.144000053405762
2026-06-16 14:51:10,971.2579956054688,59.388999938964844,7.960000038146973
2026-06-16 14:56:13,1044.375,58.71200180053711,8.461999893188477
2026-06-16 15:01:15,713.7509765625,63.35499954223633,6.239999771118164
2026-06-16 15:06:17,315.552001953125,60.198001861572266,2.621000051498413
2026-06-16 15:11:19,303.4129943847656,63.84299850463867,2.6730000972747803
2026-06-16 15:16:21,506.83099365234375,59.32699966430664,4.150000095367432
2026-06-16 15:21:23,410.99200439453125,69.75900268554688,3.9570000171661377
2026-06-16 15:26:25,290.3500061035156,60.233001708984375,2.4130001068115234
2026-06-16 15:31:27,304.2650146484375,59.06800079345703,2.4800000190734863
2026-06-16 15:36:29,290.5329895019531,59.78300094604492,2.3970000743865967
2026-06-16 15:41:31,293.36700439453125,58.625,2.372999906539917
2026-06-16 15:46:33,303.39801025390625,58.21699905395508,2.437000036239624
2026-06-16 15:51:36,292.3059997558594,58.465999603271484,2.3580000400543213
2026-06-16 15:56:38,301.88800048828125,58.630001068115234,2.443000078201294
2026-06-16 16:01:40,274.05499267578125,58.44200134277344,2.2100000381469727
2026-06-16 16:06:42,237.01300048828125,58.17100143432617,1.902999997138977
2026-06-16 16:11:44,246.218994140625,57.694000244140625,1.9600000381469727
2026-06-16 16:16:46,331.9849853515625,59.428001403808594,2.7230000495910645
2026-06-16 16:21:48,429.3580017089844,47.51900100708008,2.815999984741211
2026-06-16 16:26:50,198.25399780273438,60.18000030517578,1.6460000276565552
2026-06-16 16:31:53,155.50900268554688,57.67900085449219,1.2380000352859497
2026-06-16 16:36:55,193.90899658203125,55.31800079345703,1.4800000190734863
2026-06-16 16:41:57,218.91200256347656,55.30500030517578,1.6710000038146973
2026-06-16 16:46:59,196.68600463867188,55.1510009765625,1.496999979019165
2026-06-16 16:52:01,167.0399932861328,53.82500076293945,1.2410000562667847
2026-06-16 16:57:03,162.2310028076172,53.79999923706055,1.2039999961853027
2026-06-16 17:02:05,152.38299560546875,53.59700012207031,1.1269999742507935
2026-06-16 17:07:07,126.55999755859375,53.33700180053711,0.9319999814033508
2026-06-16 17:12:09,111.50299835205078,53.53300094604492,0.8240000009536743
2026-06-16 17:17:11,104.99500274658203,53.48899841308594,0.7749999761581421
2026-06-16 17:22:14,103.00700378417969,52.62300109863281,0.7480000257492065
2026-06-16 17:27:16,120.41000366210938,52.292999267578125,0.8690000176429749
2026-06-16 17:32:18,118.1050033569336,52.67300033569336,0.8579999804496765
2026-06-16 17:37:20,110.85399627685547,50.43299865722656,0.7720000147819519
2026-06-16 17:42:22,96.98300170898438,51.941001892089844,0.6949999928474426
2026-06-16 17:47:24,82.46499633789062,49.319000244140625,0.5609999895095825
2026-06-16 17:52:26,74.11199951171875,50.31700134277344,0.5149999856948853
2026-06-16 17:57:28,61.790000915527344,47.823001861572266,0.40799999237060547
2026-06-16 18:02:30,53.70500183105469,48.999000549316406,0.3630000054836273
2026-06-16 18:07:32,47.691001892089844,48.46699905395508,0.3190000057220459
2026-06-16 18:12:35,51.4010009765625,46.972999572753906,0.3330000042915344
2026-06-16 18:17:37,66.95099639892578,43.762001037597656,0.40400001406669617
2026-06-16 18:22:39,80.1729965209961,42.67900085449219,0.47200000286102295
2026-06-16 18:27:41,75.88600158691406,44.345001220703125,0.46399998664855957
2026-06-16 18:32:43,76.06400299072266,45.185001373291016,0.4740000069141388
2026-06-16 18:37:45,82.32099914550781,43.8120002746582,0.49799999594688416
2026-06-16 18:42:47,71.5199966430664,45.22200012207031,0.44600000977516174
2026-06-16 18:47:49,63.50199890136719,43.064998626708984,0.37700000405311584
2026-06-16 18:52:52,62.2859992980957,42.86399841308594,0.36800000071525574
2026-06-16 18:57:54,65.55699920654297,41.46900177001953,0.375
2026-06-16 19:02:56,69.93800354003906,43.01100158691406,0.41499999165534973
2026-06-16 19:07:58,73.52200317382812,41.84199905395508,0.42500001192092896
2026-06-16 19:13:00,72.31300354003906,43.479000091552734,0.4339999854564667
2026-06-16 19:18:02,73.35099792480469,42.597999572753906,0.4309999942779541
2026-06-16 19:23:04,76.71900177001953,40.6619987487793,0.4300000071525574
2026-06-16 19:28:06,79.63500213623047,40.10599899291992,0.4410000145435333
2026-06-16 19:33:08,75.81800079345703,42.10200119018555,0.4410000145435333
2026-06-16 19:38:10,69.93399810791016,42.332000732421875,0.4090000092983246
2026-06-16 19:43:13,63.6150016784668,39.22100067138672,0.3440000116825104
2026-06-16 19:48:15,59.0620002746582,44.124000549316406,0.36000001430511475
2026-06-16 19:53:17,54.71500015258789,39.54899978637695,0.29899999499320984
2026-06-16 19:58:19,57.66600036621094,39.69300079345703,0.3160000145435333
2026-06-16 20:03:21,52.77899932861328,42.17900085449219,0.3070000112056732
2026-06-16 20:08:23,49.87900161743164,38.672000885009766,0.26600000262260437
2026-06-16 20:13:25,46.9010009765625,40.6609992980957,0.2630000114440918
2026-06-16 20:18:27,45.42399978637695,38.130001068115234,0.23899999260902405
2026-06-16 20:23:29,37.21099853515625,39.4109992980957,0.20200000703334808
2026-06-16 20:28:31,30.527999877929688,38.2130012512207,0.16099999845027924
2026-06-16 20:33:34,25.753000259399414,44.54899978637695,0.15800000727176666
2026-06-16 20:38:36,21.716999053955078,38.00699996948242,0.11400000005960464
2026-06-16 20:43:38,17.274999618530273,9.319999694824219,0.02199999988079071
2026-06-16 20:48:40,14.569000244140625,0.38600000739097595,0.0010000000474974513
2026-06-16 20:53:42,11.970000267028809,0.3840000033378601,0.0010000000474974513
2026-06-16 20:58:44,9.937000274658203,0.3160000145435333,0.0
2026-06-16 21:03:46,6.985000133514404,0.2680000066757202,0.0
2026-06-16 21:08:48,4.741000175476074,0.382999986410141,0.0
2026-06-16 21:13:50,3.0309998989105225,0.47200000286102295,0.0
2026-06-16 21:18:52,2.1050000190734863,0.1599999964237213,0.0
2026-06-16 21:23:54,1.434999942779541,0.8370000123977661,0.0
2026-06-16 21:28:57,0.7749999761581421,0.20499999821186066,0.0
2026-06-17 05:40:19,0.7749999761581421,0.20499999821186066,0.0
2026-06-17 05:45:21,5.809999942779541,0.26100000739097595,0.0
2026-06-17 05:50:23,8.218999862670898,0.08500000089406967,0.0
2026-06-17 05:55:25,10.984999656677246,0.13199999928474426,0.0
2026-06-17 06:00:27,13.84000015258789,0.17399999499320984,0.0
2026-06-17 06:05:29,16.155000686645508,0.1899999976158142,0.0
2026-06-17 06:10:31,19.614999771118164,0.22200000286102295,0.0010000000474974513
2026-06-17 06:15:33,23.999000549316406,0.19499999284744263,0.0010000000474974513
2026-06-17 06:20:36,27.777999877929688,6.230999946594238,0.024000000208616257
2026-06-17 06:25:38,32.816001892089844,19.209999084472656,0.08699999749660492
2026-06-17 06:30:40,36.64500045776367,17.94700050354004,0.09099999815225601
2026-06-17 06:35:42,43.39799880981445,19.881999969482422,0.11900000274181366
2026-06-17 06:40:44,47.882999420166016,18.576000213623047,0.12300000339746475
2026-06-17 06:45:46,51.39400100708008,22.82699966430664,0.16200000047683716
2026-06-17 06:50:48,54.47100067138672,21.454999923706055,0.16099999845027924
2026-06-17 06:55:50,58.266998291015625,22.367000579833984,0.18000000715255737
2026-06-17 07:00:52,62.39799880981445,20.6560001373291,0.17800000309944153
2026-06-17 07:05:55,67.87200164794922,22.836000442504883,0.21400000154972076
2026-06-17 07:10:57,74.49400329589844,22.981000900268555,0.23600000143051147
2026-06-17 07:15:59,76.39099884033203,23.20199966430664,0.24500000476837158
2026-06-17 07:21:01,78.94200134277344,23.450000762939453,0.2549999952316284
2026-06-17 07:26:03,86.52799987792969,23.454999923706055,0.2800000011920929
2026-06-17 07:31:05,94.31500244140625,22.937999725341797,0.29899999499320984
2026-06-17 07:36:07,99.33000183105469,25.141000747680664,0.3449999988079071
2026-06-17 07:41:09,104.00700378417969,23.927000045776367,0.34299999475479126
2026-06-17 07:46:11,109.16799926757812,24.600000381469727,0.3709999918937683
2026-06-17 07:51:13,114.22599792480469,24.09600067138672,0.3799999952316284
2026-06-17 07:56:15,131.68899536132812,21.378000259399414,0.3880000114440918
2026-06-17 08:01:17,191.38499450683594,14.217000007629395,0.375
2026-06-17 08:06:20,184.91400146484375,15.963000297546387,0.40700000524520874
2026-06-17 08:11:22,134.75399780273438,28.89900016784668,0.5370000004768372
2026-06-17 08:16:24,283.4989929199219,17.156999588012695,0.6710000038146973
2026-06-17 08:21:26,297.927001953125,20.86400032043457,0.8579999804496765
2026-06-17 08:26:28,366.3039855957031,21.187000274658203,1.0709999799728394
2026-06-17 08:31:30,240.85000610351562,23.08799934387207,0.7670000195503235
2026-06-17 08:36:32,413.4830017089844,21.597000122070312,1.2319999933242798
2026-06-17 08:41:34,170.19900512695312,26.194000244140625,0.6150000095367432
2026-06-17 08:46:36,206.51800537109375,25.207000732421875,0.7179999947547913
2026-06-17 08:51:39,264.22601318359375,25.934999465942383,0.9459999799728394
2026-06-17 08:56:41,258.77301025390625,25.34000015258789,0.9049999713897705
2026-06-17 09:01:43,304.7430114746094,26.121999740600586,1.0989999771118164
2026-06-17 09:06:45,472.55999755859375,25.422000885009766,1.6579999923706055
2026-06-17 09:11:47,307.3169860839844,27.118999481201172,1.149999976158142
2026-06-17 09:16:49,527.2249755859375,25.65999984741211,1.8669999837875366
2026-06-17 09:21:51,537.4130249023438,25.993999481201172,1.9279999732971191
2026-06-17 09:26:53,553.6160278320312,26.0939998626709,1.99399995803833
2026-06-17 09:31:55,559.1909790039062,27.37700080871582,2.11299991607666
2026-06-17 09:36:57,572.072998046875,27.788000106811523,2.194000005722046
2026-06-17 09:42:00,598.677001953125,28.367000579833984,2.3440001010894775
2026-06-17 09:47:02,553.7369995117188,29.14299964904785,2.2269999980926514
2026-06-17 09:52:04,630.6740112304688,29.235000610351562,2.5439999103546143
2026-06-17 09:57:06,648.2100219726562,30.202999114990234,2.7019999027252197
2026-06-17 10:02:08,654.614990234375,30.48200035095215,2.753999948501587
2026-06-17 10:07:10,595.885986328125,31.059999465942383,2.553999900817871
2026-06-17 10:12:12,696.2470092773438,32.59600067138672,3.131999969482422
2026-06-17 10:17:14,684.655029296875,36.125999450683594,3.4130001068115234
2026-06-17 10:22:16,737.5059814453125,39.59400177001953,4.03000020980835
2026-06-17 10:27:18,793.0419921875,33.027000427246094,3.614000082015991
2026-06-17 10:32:21,792.7130126953125,42.694000244140625,4.671000003814697
2026-06-17 10:37:23,611.5999755859375,39.28099822998047,3.315000057220459
2026-06-17 10:42:25,802.2540283203125,45.10200119018555,4.993000030517578
2026-06-17 10:47:27,804.302001953125,47.47100067138672,5.269000053405762
2026-06-17 10:52:29,784.405029296875,49.2869987487793,5.335000038146973
2026-06-17 10:57:31,786.0960083007812,52.35300064086914,5.678999900817871
2026-06-17 11:02:33,778.8870239257812,51.51300048828125,5.5370001792907715
2026-06-17 11:07:35,771.7990112304688,52.29199981689453,5.570000171661377
2026-06-17 11:12:37,778.3820190429688,53.14099884033203,5.708000183105469
2026-06-17 11:17:39,911.4879760742188,53.80799865722656,6.76800012588501
2026-06-17 11:22:42,892.5250244140625,55.09199905395508,6.785999774932861
2026-06-17 11:27:44,914.1069946289062,55.73099899291992,7.03000020980835
2026-06-17 11:32:46,901.7899780273438,56.98400115966797,7.091000080108643
2026-06-17 11:37:48,889.2479858398438,57.823001861572266,7.0960001945495605
2026-06-17 11:42:50,908.4210205078125,57.630001068115234,7.224999904632568
2026-06-17 11:47:52,954.5419921875,58.130001068115234,7.6570000648498535
2026-06-17 11:52:54,960.6079711914062,58.95800018310547,7.815999984741211
2026-06-17 11:57:56,930.1389770507812,59.39400100708008,7.624000072479248
2026-06-17 12:02:58,969.844970703125,59.819000244140625,8.005999565124512
2026-06-17 12:08:00,831.6320190429688,71.37999725341797,8.192000389099121
2026-06-17 12:13:03,994.43701171875,59.654998779296875,8.187000274658203
2026-06-17 12:18:05,1003.1179809570312,60.071998596191406,8.315999984741211
2026-06-17 12:23:07,1005.406005859375,60.527000427246094,8.39799976348877
2026-06-17 12:28:09,1002.9650268554688,61.06999969482422,8.45300006866455
2026-06-17 12:33:11,1012.6240234375,61.492000579833984,8.593000411987305
2026-06-17 12:38:13,1020.7340087890625,61.36800003051758,8.644000053405762
2026-06-17 12:43:15,1006.4819946289062,61.6349983215332,8.560999870300293
2026-06-17 12:48:17,1026.2540283203125,61.582000732421875,8.720999717712402
2026-06-17 12:53:19,1069.8900146484375,61.20500183105469,9.036999702453613
2026-06-17 12:58:21,1064.14599609375,61.46500015258789,9.026000022888184
2026-06-17 13:03:23,1103.7740478515625,61.858001708984375,9.42199993133545
2026-06-17 13:08:26,1145.4310302734375,61.35200119018555,9.697999954223633
2026-06-17 13:13:28,1128.0849609375,61.92900085449219,9.640999794006348
2026-06-17 13:18:30,1126.31298828125,62.332000732421875,9.687999725341797
2026-06-17 13:23:32,974.9229736328125,67.68800354003906,9.107000350952148
2026-06-17 13:28:34,1114.7469482421875,62.84000015258789,9.666999816894531
2026-06-17 13:52:13,1109.10205078125,59.775001525878906,9.14900016784668
2026-06-17 13:57:15,1080.656005859375,58.16400146484375,8.673999786376953
2026-06-17 14:02:17,1111.52001953125,60.926998138427734,9.345999717712402
2026-06-17 14:07:19,1092.3719482421875,62.08000183105469,9.357999801635742
2026-06-17 14:12:21,1092.6400146484375,61.845001220703125,9.324999809265137
2026-06-17 14:17:23,1082.4200439453125,61.983001708984375,9.258999824523926
2026-06-17 14:22:25,1014.1950073242188,66.6780014038086,9.331999778747559
2026-06-17 14:27:28,1100.137939453125,62.72800064086914,9.52299976348877
2026-06-17 14:32:30,1035.625,62.97999954223633,9.00100040435791
2026-06-17 14:37:32,1012.8250122070312,63.0099983215332,8.807000160217285
2026-06-17 14:42:34,832.1430053710938,66.56900024414062,7.644000053405762
2026-06-17 14:47:36,887.0830078125,62.17399978637695,7.611000061035156
2026-06-17 14:52:38,976.1810302734375,57.81399917602539,7.788000106811523
2026-06-17 14:57:40,952.510009765625,60.435001373291016,7.943999767303467
2026-06-17 15:02:42,1029.3070068359375,61.356998443603516,8.71500015258789
2026-06-17 15:07:44,233.45399475097656,65.56600189208984,2.111999988555908
2026-06-17 15:12:47,203.72999572753906,67.39399719238281,1.8949999809265137
2026-06-17 15:17:49,174.8979949951172,63.79199981689453,1.5399999618530273
2026-06-17 15:22:51,231.83799743652344,68.4219970703125,2.188999891281128
2026-06-17 15:27:53,181.29800415039062,62.992000579833984,1.5759999752044678
2026-06-17 15:32:55,186.88900756835938,58.507999420166016,1.5089999437332153
2026-06-17 15:37:57,908.7520141601562,43.92499923706055,5.508999824523926
2026-06-17 15:42:59,218.9669952392578,60.694000244140625,1.8339999914169312
2026-06-17 15:48:01,171.54600524902344,59.45500183105469,1.406999945640564
2026-06-17 15:53:03,207.5919952392578,56.68899917602539,1.6239999532699585
2026-06-17 15:58:05,243.3350067138672,57.26599884033203,1.9229999780654907
2026-06-17 16:03:07,277.5060119628906,50.316001892089844,1.9270000457763672
2026-06-17 16:08:10,189.95700073242188,56.98099899291992,1.49399995803833
2026-06-17 16:13:12,208.55799865722656,54.62900161743164,1.5720000267028809
2026-06-17 16:18:14,823.6179809570312,51.07400131225586,5.804999828338623
2026-06-17 16:23:16,459.00299072265625,85.0469970703125,5.38700008392334
2026-06-17 16:28:18,436.0369873046875,22.37299919128418,1.3459999561309814
2026-06-17 16:33:20,691.3489990234375,52.08100128173828,4.968999862670898
2026-06-17 16:38:22,675.1270141601562,51.3650016784668,4.785999774932861
2026-06-17 16:43:24,577.8590087890625,25.41699981689453,2.0269999504089355
2026-06-17 16:48:26,650.2239990234375,50.887001037597656,4.565999984741211
2026-06-17 16:53:29,646.7930297851562,50.6510009765625,4.520999908447266
2026-06-17 16:58:31,107.20800018310547,62.025001525878906,0.9179999828338623
2026-06-17 17:03:33,285.01300048828125,90.02200317382812,3.5409998893737793
2026-06-17 17:08:35,622.6079711914062,48.23899841308594,4.144999980926514
2026-06-17 17:13:37,566.7269897460938,48.367000579833984,3.7829999923706055
2026-06-17 17:18:39,100.0780029296875,60.56399917602539,0.8360000252723694
2026-06-17 17:23:41,470.385986328125,43.98099899291992,2.8550000190734863
2026-06-17 17:28:43,514.3060302734375,46.334999084472656,3.2890000343322754
2026-06-17 17:33:45,479.53900146484375,45.14899826049805,2.98799991607666
2026-06-17 17:38:47,461.718994140625,45.237998962402344,2.881999969482422
2026-06-17 17:43:49,263.9429931640625,22.827999114990234,0.8309999704360962
2026-06-17 17:48:52,186.17599487304688,97.34600067138672,2.500999927520752
2026-06-17 17:53:54,303.0790100097656,29.02199935913086,1.2139999866485596
2026-06-17 17:58:56,137.3769989013672,122.41400146484375,2.321000099182129
2026-06-17 18:03:58,83.4530029296875,70.37200164794922,0.8100000023841858
2026-06-17 18:09:00,84.98100280761719,167.17599487304688,1.9609999656677246
2026-06-17 18:14:02,88.82099914550781,123.41899871826172,1.5130000114440918
2026-06-17 18:19:04,99.73500061035156,57.2599983215332,0.7879999876022339
2026-06-17 18:24:06,91.43800354003906,55.01300048828125,0.6940000057220459
2026-06-17 18:29:08,91.26899719238281,53.108001708984375,0.6690000295639038
2026-06-17 18:34:11,71.81300354003906,52.21799850463867,0.5170000195503235
2026-06-17 18:39:13,60.79999923706055,52.430999755859375,0.4399999976158142
2026-06-17 18:44:15,56.15800094604492,51.297000885009766,0.39800000190734863
2026-06-17 18:49:17,55.0629997253418,51.75899887084961,0.3930000066757202
2026-06-17 18:54:19,50.90999984741211,46.611000061035156,0.3269999921321869
2026-06-17 18:59:21,48.38600158691406,49.01599884033203,0.3269999921321869
2026-06-17 19:04:23,48.141998291015625,48.29199981689453,0.32100000977516174
2026-06-17 19:09:25,50.82699966430664,45.231998443603516,0.31700000166893005
2026-06-17 19:14:27,49.79999923706055,47.28099822998047,0.32499998807907104
2026-06-17 19:19:29,48.21799850463867,47.49399948120117,0.3160000145435333
2026-06-17 19:24:31,46.165000915527344,48.49399948120117,0.3089999854564667
2026-06-17 19:29:34,44.770999908447266,46.09400177001953,0.2849999964237213
2026-06-17 19:34:36,43.207000732421875,44.77199935913086,0.2669999897480011
2026-06-17 19:39:38,42.066001892089844,45.91899871826172,0.2669999897480011
2026-06-17 19:44:40,40.66299819946289,41.632999420166016,0.23399999737739563
2026-06-17 19:49:42,38.89799880981445,43.027000427246094,0.23100000619888306
2026-06-17 19:54:44,37.49700164794922,44.79399871826172,0.23199999332427979
2026-06-17 19:59:46,36.08700180053711,47.42300033569336,0.23600000143051147
2026-06-17 20:04:48,34.277000427246094,47.16699981689453,0.22300000488758087
2026-06-17 20:09:50,32.766998291015625,48.95100021362305,0.22100000083446503
2026-06-17 20:14:53,31.08099937438965,45.54100036621094,0.19499999284744263
2026-06-17 20:19:55,29.05699920654297,49.62099838256836,0.19900000095367432
2026-06-17 20:24:57,24.479999542236328,56.0,0.1889999955892563
2026-06-17 20:29:59,22.618999481201172,45.05099868774414,0.14100000262260437
2026-06-17 20:35:01,20.702999114990234,52.540000915527344,0.15000000596046448
2026-06-17 20:40:03,18.93600082397461,48.49399948120117,0.12700000405311584
2026-06-17 20:45:05,17.170000076293945,49.98500061035156,0.11800000071525574
2026-06-17 20:50:07,15.28499984741211,33.25199890136719,0.07000000029802322
2026-06-17 20:55:09,13.33899974822998,10.329000473022461,0.01899999938905239
2026-06-17 21:00:12,11.45300006866455,0.3889999985694885,0.0010000000474974513
2026-06-17 21:05:14,9.430000305175781,0.4090000092983246,0.0010000000474974513
2026-06-17 21:10:16,7.427000045776367,0.3799999952316284,0.0
2026-06-17 21:15:18,5.626999855041504,0.5,0.0
2026-06-17 21:20:20,3.940999984741211,0.4970000088214874,0.0
2026-06-17 21:25:22,2.3550000190734863,0.5830000042915344,0.0
2026-06-17 21:30:24,0.7929999828338623,0.23100000619888306,0.0
2026-06-18 05:40:42,0.7929999828338623,0.23100000619888306,0.0
2026-06-18 05:45:45,5.440000057220459,0.3370000123977661,0.0
2026-06-18 05:50:47,7.51200008392334,0.21299999952316284,0.0
2026-06-18 05:55:49,9.75100040435791,0.2939999997615814,0.0
2026-06-18 06:00:51,11.59000015258789,0.2150000035762787,0.0
2026-06-18 06:05:53,13.256999969482422,0.19900000095367432,0.0
2026-06-18 06:10:55,15.022000312805176,0.2070000022649765,0.0
2026-06-18 06:15:57,17.4060001373291,0.25999999046325684,0.0010000000474974513
2026-06-18 06:20:59,20.718000411987305,6.5279998779296875,0.01899999938905239
2026-06-18 06:26:01,24.510000228881836,13.053000450134277,0.04399999976158142
2026-06-18 06:31:03,26.5939998626709,17.292999267578125,0.06300000101327896
2026-06-18 06:36:05,27.82900047302246,24.240999221801758,0.09300000220537186
2026-06-18 06:41:08,30.820999145507812,25.09600067138672,0.10700000077486038
2026-06-18 06:46:10,32.57099914550781,28.329999923706055,0.12700000405311584
2026-06-18 06:51:12,34.21799850463867,25.048999786376953,0.11800000071525574
2026-06-18 06:56:14,36.38999938964844,27.8700008392334,0.14000000059604645
2026-06-18 07:01:16,38.349998474121094,27.72599983215332,0.1469999998807907
2026-06-18 07:06:18,40.37900161743164,26.707000732421875,0.14900000393390656
2026-06-18 07:11:20,42.20800018310547,24.81100082397461,0.14499999582767487
2026-06-18 07:16:22,44.084999084472656,24.34600067138672,0.14800000190734863
2026-06-18 07:21:24,45.95500183105469,25.393999099731445,0.16099999845027924
2026-06-18 07:26:26,47.34199905395508,26.010000228881836,0.17000000178813934
2026-06-18 07:31:29,48.7859992980957,26.191999435424805,0.17599999904632568
2026-06-18 07:36:31,50.678001403808594,25.648000717163086,0.17900000512599945
2026-06-18 07:41:33,52.40700149536133,26.569000244140625,0.19200000166893005
2026-06-18 07:46:35,54.104000091552734,29.277999877929688,0.21899999678134918
2026-06-18 07:51:37,55.611000061035156,29.024999618530273,0.22300000488758087
2026-06-18 07:56:39,199.6820068359375,7.611000061035156,0.20999999344348907
2026-06-18 08:01:41,238.78199768066406,7.395999908447266,0.24400000274181366
2026-06-18 08:06:43,255.73899841308594,7.1020002365112305,0.25099998712539673
2026-06-18 08:11:45,271.5660095214844,11.78600025177002,0.44200000166893005
2026-06-18 08:16:48,290.2569885253906,19.349000930786133,0.7749999761581421
2026-06-18 08:21:50,308.16900634765625,20.545000076293945,0.8740000128746033
2026-06-18 08:26:52,327.3919982910156,20.9060001373291,0.9449999928474426
2026-06-18 08:31:54,344.3089904785156,21.26099967956543,1.0099999904632568
2026-06-18 08:36:56,363.30499267578125,22.219999313354492,1.1139999628067017
2026-06-18 08:41:58,379.4909973144531,22.988000869750977,1.2039999961853027
2026-06-18 08:47:00,396.7699890136719,23.031999588012695,1.2610000371932983
2026-06-18 08:52:02,414.4410095214844,24.1200008392334,1.378999948501587
2026-06-18 08:57:04,433.84600830078125,24.406999588012695,1.4609999656677246
2026-06-18 09:02:06,451.4809875488281,25.535999298095703,1.590999960899353
2026-06-18 09:07:08,470.62200927734375,25.874000549316406,1.6799999475479126
2026-06-18 09:12:11,489.322998046875,26.58799934387207,1.7949999570846558
2026-06-18 09:17:13,506.89599609375,26.576000213623047,1.8589999675750732
2026-06-18 09:22:15,523.3060302734375,27.503000259399414,1.9859999418258667
2026-06-18 09:27:17,547.2249755859375,27.736000061035156,2.0950000286102295
2026-06-18 09:32:19,562.416015625,28.072999954223633,2.178999900817871
2026-06-18 09:37:21,579.1110229492188,29.731000900268555,2.375999927520752
2026-06-18 09:42:23,594.010986328125,30.70400047302246,2.5169999599456787
2026-06-18 09:47:25,610.708984375,32.17499923706055,2.7119998931884766
2026-06-18 09:52:27,628.10400390625,35.222999572753906,3.052999973297119
2026-06-18 09:57:30,643.22998046875,36.922000885009766,3.2769999504089355
2026-06-18 10:02:32,659.7869873046875,38.20100021362305,3.4779999256134033
2026-06-18 10:07:34,675.875,39.47800064086914,3.681999921798706
2026-06-18 10:12:36,692.1589965820312,40.520999908447266,3.869999885559082
2026-06-18 10:17:38,708.6240234375,42.084999084472656,4.114999771118164
2026-06-18 10:22:40,725.791015625,43.29399871826172,4.335999965667725
2026-06-18 10:27:42,741.9420166015625,44.060001373291016,4.511000156402588
2026-06-18 10:32:44,758.6060180664062,45.685001373291016,4.7829999923706055
2026-06-18 10:37:46,773.9299926757812,47.154998779296875,5.035999774932861
2026-06-18 10:42:49,788.833984375,48.75,5.307000160217285
2026-06-18 10:47:51,804.677001953125,49.527000427246094,5.5
2026-06-18 10:52:53,816.489990234375,49.98699951171875,5.631999969482422
2026-06-18 10:57:55,830.1019897460938,50.823001861572266,5.822000026702881
2026-06-18 11:02:57,845.0670166015625,51.74800109863281,6.034999847412109
2026-06-18 11:07:59,856.322021484375,52.09400177001953,6.156000137329102
2026-06-18 11:13:01,869.718994140625,52.808998107910156,6.3379998207092285
2026-06-18 11:18:03,883.5430297851562,53.172000885009766,6.482999801635742
2026-06-18 11:23:05,893.3309936523438,54.012001037597656,6.658999919891357
2026-06-18 11:28:07,904.9580078125,54.46500015258789,6.802000045776367
2026-06-18 11:33:10,916.5130004882812,54.89799880981445,6.942999839782715
2026-06-18 11:38:12,926.60498046875,55.32400131225586,7.073999881744385
2026-06-18 11:43:14,937.0239868164062,55.499000549316406,7.176000118255615
2026-06-18 11:48:16,945.0189819335938,55.69300079345703,7.263000011444092
2026-06-18 11:53:18,957.2659912109375,56.08100128173828,7.408999919891357
2026-06-18 11:58:20,964.10302734375,56.62300109863281,7.533999919891357
2026-06-18 12:03:22,973.833984375,56.97999954223633,7.6570000648498535
2026-06-18 12:08:24,982.6539916992188,57.696998596191406,7.823999881744385
2026-06-18 12:13:26,991.2050170898438,58.233001708984375,7.966000080108643
2026-06-18 12:18:29,998.0,58.832000732421875,8.102999687194824
2026-06-18 12:23:31,1001.5819702148438,58.935001373291016,8.145999908447266
2026-06-18 12:28:33,1009.6699829101562,58.790000915527344,8.190999984741211
2026-06-18 12:33:35,1012.7769775390625,59.21900177001953,8.277000427246094
2026-06-18 12:38:37,1014.3519897460938,59.85900115966797,8.378999710083008
2026-06-18 12:43:39,1018.5469970703125,60.06999969482422,8.442999839782715
2026-06-18 12:48:41,1022.0960083007812,60.415000915527344,8.522000312805176
2026-06-18 12:53:43,1024.177978515625,60.895999908447266,8.607000350952148
2026-06-18 12:58:45,1024.8499755859375,60.95800018310547,8.621000289916992
2026-06-18 13:03:47,1024.1650390625,61.39099884033203,8.677000045776367
2026-06-18 13:08:50,1026.01904296875,61.16299819946289,8.65999984741211
2026-06-18 13:13:52,1025.9189453125,61.70399856567383,8.736000061035156
2026-06-18 13:18:54,1027.3929443359375,61.76599884033203,8.756999969482422
2026-06-18 13:23:56,1026.197998046875,61.88600158691406,8.763999938964844
2026-06-18 13:28:58,1027.47900390625,61.89099884033203,8.776000022888184
2026-06-18 13:52:40,1024.72998046875,58.974998474121094,8.34000015258789
2026-06-18 13:57:42,1022.4710083007812,59.23899841308594,8.359000205993652
2026-06-18 14:02:44,1021.27099609375,60.0890007019043,8.468999862670898
2026-06-18 14:07:46,1019.426025390625,60.63199996948242,8.529999732971191
2026-06-18 14:12:48,1016.5440063476562,60.71799850463867,8.517999649047852
2026-06-18 14:17:50,1012.8350219726562,60.96900177001953,8.522000312805176
2026-06-18 14:22:52,1006.4299926757812,61.18000030517578,8.496999740600586
2026-06-18 14:27:54,1000.60302734375,61.369998931884766,8.473999977111816
2026-06-18 14:32:57,994.77001953125,60.85900115966797,8.354999542236328
2026-06-18 14:37:59,986.6859741210938,61.255001068115234,8.340999603271484
2026-06-18 14:43:01,977.051025390625,61.22700119018555,8.255000114440918
2026-06-18 14:48:03,971.4310302734375,60.58700180053711,8.121999740600586
2026-06-18 14:53:05,962.8109741210938,60.39500045776367,8.024999618530273
2026-06-18 14:58:07,952.1710205078125,60.60599899291992,7.964000225067139
2026-06-18 15:03:09,937.1729736328125,60.38100051879883,7.809000015258789
2026-06-18 15:08:11,928.344970703125,60.10300064086914,7.699999809265137
2026-06-18 15:13:13,921.8400268554688,59.85499954223633,7.613999843597412
2026-06-18 15:18:16,909.208984375,59.946998596191406,7.521999835968018
2026-06-18 15:23:18,899.5859985351562,59.25199890136719,7.355999946594238
2026-06-18 15:28:20,886.7630004882812,58.93600082397461,7.211999893188477
2026-06-18 15:33:22,875.8699951171875,58.952999114990234,7.125999927520752
2026-06-18 15:38:24,867.4219970703125,58.66400146484375,7.021999835968018
2026-06-18 15:43:26,853.1370239257812,58.32099914550781,6.866000175476074
2026-06-18 15:48:28,836.6400146484375,58.196998596191406,6.718999862670898
2026-06-18 15:53:30,823.7059936523438,57.92499923706055,6.584000110626221
2026-06-18 15:58:32,808.3250122070312,57.35300064086914,6.3979997634887695
2026-06-18 16:03:34,798.6669921875,56.87200164794922,6.26800012588501
2026-06-18 16:08:37,781.2130126953125,57.332000732421875,6.181000232696533
2026-06-18 16:13:39,763.9550170898438,56.82099914550781,5.989999771118164
2026-06-18 16:18:41,748.1420288085938,56.45899963378906,5.828999996185303
2026-06-18 16:23:43,736.427001953125,56.066001892089844,5.697999954223633
2026-06-18 16:28:45,718.5009765625,56.22600173950195,5.574999809265137
2026-06-18 16:33:47,700.7410278320312,55.755001068115234,5.392000198364258
2026-06-18 16:38:49,685.625,55.67599868774414,5.26800012588501
2026-06-18 16:43:51,668.9210205078125,55.12799835205078,5.089000225067139
2026-06-18 16:48:53,651.677978515625,54.96500015258789,4.942999839782715
2026-06-18 16:53:56,633.9509887695312,54.50699996948242,4.769000053405762
2026-06-18 16:58:58,615.7919921875,54.41400146484375,4.624000072479248
2026-06-18 17:04:00,600.3419799804688,53.91899871826172,4.4670000076293945
2026-06-18 17:09:02,577.72998046875,54.00600051879883,4.306000232696533
2026-06-18 17:14:04,559.6959838867188,53.619998931884766,4.142000198364258
2026-06-18 17:19:06,541.344970703125,52.54100036621094,3.924999952316284
2026-06-18 17:24:08,522.7249755859375,52.077999114990234,3.756999969482422
2026-06-18 17:29:10,503.3919982910156,51.689998626708984,3.5910000801086426
2026-06-18 17:34:12,484.92498779296875,51.340999603271484,3.436000108718872
2026-06-18 17:39:15,466.218994140625,50.65599822998047,3.259000062942505
2026-06-18 17:44:17,445.7760009765625,50.53499984741211,3.1089999675750732
2026-06-18 17:49:19,427.62298583984375,49.95100021362305,2.947999954223633
2026-06-18 17:54:21,409.32501220703125,49.183998107910156,2.7780001163482666
2026-06-18 17:59:23,69.05400085449219,278.0880126953125,2.6500000953674316
2026-06-18 18:04:25,61.56700134277344,292.5090026855469,2.484999895095825
2026-06-18 18:09:27,60.073001861572266,278.5639953613281,2.309000015258789
2026-06-18 18:14:29,59.069000244140625,193.3560028076172,1.5759999752044678
2026-06-18 18:19:32,58.516998291015625,67.6500015258789,0.5460000038146973
2026-06-18 18:24:34,57.66899871826172,61.66299819946289,0.4909999966621399
2026-06-18 18:29:36,56.60599899291992,57.13999938964844,0.44600000977516174
2026-06-18 18:34:38,55.665000915527344,55.8650016784668,0.42899999022483826
2026-06-18 18:39:40,54.73500061035156,53.72999954223633,0.4059999883174896
2026-06-18 18:44:42,53.755001068115234,53.512001037597656,0.3970000147819519
2026-06-18 18:49:44,52.66299819946289,53.60599899291992,0.38999998569488525
2026-06-18 18:54:46,51.685001373291016,53.46799850463867,0.38100001215934753
2026-06-18 18:59:48,50.72200012207031,53.06700134277344,0.3709999918937683
2026-06-18 19:04:51,49.61800003051758,51.676998138427734,0.3540000021457672
2026-06-18 19:09:53,48.777000427246094,45.54800033569336,0.3070000112056732
2026-06-18 19:14:55,48.007999420166016,46.43299865722656,0.30799999833106995
2026-06-18 19:19:57,46.98099899291992,50.67499923706055,0.32899999618530273
2026-06-18 19:24:59,45.74599838256836,45.67599868774414,0.2879999876022339
2026-06-18 19:30:01,44.47100067138672,49.31999969482422,0.30300000309944153
2026-06-18 19:35:03,43.439998626708984,47.90999984741211,0.28700000047683716
2026-06-18 19:40:05,42.255001068115234,51.4630012512207,0.30000001192092896
2026-06-18 19:45:07,40.83700180053711,50.0359992980957,0.28200000524520874
2026-06-18 19:50:09,39.0369987487793,45.358001708984375,0.24400000274181366
2026-06-18 19:55:12,37.94499969482422,47.27799987792969,0.24799999594688416
2026-06-18 20:00:14,36.71900177001953,47.77399826049805,0.24199999868869781
2026-06-18 20:05:16,35.14099884033203,47.689998626708984,0.23100000619888306
2026-06-18 20:10:18,33.8390007019043,48.59000015258789,0.22699999809265137
2026-06-18 20:15:20,32.49100112915039,51.814998626708984,0.23199999332427979
2026-06-18 20:20:22,28.823999404907227,51.354000091552734,0.20399999618530273
2026-06-18 20:25:24,25.582000732421875,49.36199951171875,0.17399999499320984
2026-06-18 20:30:26,23.906999588012695,56.641998291015625,0.18700000643730164
2026-06-18 20:35:28,22.44300079345703,50.345001220703125,0.15600000321865082
2026-06-18 20:40:31,20.406999588012695,53.15299987792969,0.15000000596046448
2026-06-18 20:45:33,18.437000274658203,51.15999984741211,0.12999999523162842
2026-06-18 20:50:35,16.43899917602539,43.92499923706055,0.10000000149011612
2026-06-18 20:55:37,14.282999992370605,7.935999870300293,0.01600000075995922
2026-06-18 21:00:39,12.26099967956543,0.4309999942779541,0.0010000000474974513
2026-06-18 21:05:41,10.11400032043457,0.38499999046325684,0.0010000000474974513
2026-06-18 21:10:43,8.11400032043457,0.4169999957084656,0.0
2026-06-18 21:15:45,6.289999961853027,0.5479999780654907,0.0
2026-06-18 21:20:47,4.171000003814697,0.4189999997615814,0.0
2026-06-18 21:25:50,2.244999885559082,0.7400000095367432,0.0
2026-06-18 21:30:52,0.8410000205039978,0.09200000017881393,0.0
2026-06-19 05:40:04,0.8410000205039978,0.09200000017881393,0.0
2026-06-19 05:45:06,8.152999877929688,0.17900000512599945,0.0
2026-06-19 05:50:08,11.78600025177002,0.1889999955892563,0.0
2026-06-19 05:55:10,14.064000129699707,0.22599999606609344,0.0
2026-06-19 06:00:12,15.013999938964844,0.18199999630451202,0.0
2026-06-19 06:05:14,17.812999725341797,0.22599999606609344,0.0010000000474974513
2026-06-19 06:10:16,22.302000045776367,0.20999999344348907,0.0010000000474974513
2026-06-19 06:15:18,28.288000106811523,11.16100025177002,0.04399999976158142
2026-06-19 06:20:20,35.48500061035156,22.104000091552734,0.1080000028014183
2026-06-19 06:25:22,41.986000061035156,23.229000091552734,0.13500000536441803
2026-06-19 06:30:25,42.801998138427734,24.350000381469727,0.14399999380111694
2026-06-19 06:35:27,44.98400115966797,26.274999618530273,0.16300000250339508
2026-06-19 06:40:29,45.409000396728516,26.14699935913086,0.164000004529953
2026-06-19 06:45:31,44.28499984741211,23.434999465942383,0.14300000667572021
2026-06-19 06:50:33,43.040000915527344,26.975000381469727,0.1599999964237213
2026-06-19 06:55:35,40.058998107910156,30.06800079345703,0.16599999368190765
2026-06-19 07:00:37,44.91999816894531,28.676000595092773,0.17800000309944153
2026-06-19 07:05:39,55.737998962402344,27.679000854492188,0.21299999952316284
2026-06-19 07:10:41,62.85100173950195,28.98200035095215,0.25099998712539673
2026-06-19 07:15:43,69.18599700927734,27.85099983215332,0.26600000262260437
2026-06-19 07:20:46,72.91999816894531,29.711999893188477,0.29899999499320984
2026-06-19 07:25:48,75.38300323486328,29.64699935913086,0.30799999833106995
2026-06-19 07:30:50,77.77100372314453,29.100000381469727,0.31200000643730164
2026-06-19 07:35:52,80.37000274658203,28.413000106811523,0.3149999976158142
2026-06-19 07:40:54,84.43099975585938,29.166000366210938,0.3400000035762787
2026-06-19 07:45:56,91.6520004272461,29.982999801635742,0.3790000081062317
2026-06-19 07:50:58,98.5199966430664,29.159000396728516,0.3959999978542328
2026-06-19 07:56:00,115.5530014038086,26.174999237060547,0.4169999957084656
2026-06-19 08:01:02,126.41400146484375,26.398000717163086,0.460999995470047
2026-06-19 08:06:04,125.1729965209961,29.641000747680664,0.5120000243186951
2026-06-19 08:11:07,135.5030059814453,28.735000610351562,0.5370000004768372
2026-06-19 08:16:09,172.6699981689453,27.73200035095215,0.6610000133514404
2026-06-19 08:21:11,201.14500427246094,27.174999237060547,0.7540000081062317
2026-06-19 08:26:13,234.56900024414062,26.802000045776367,0.8679999709129333
2026-06-19 08:31:15,256.03900146484375,26.46299934387207,0.9350000023841858
2026-06-19 08:36:17,251.39999389648438,25.45800018310547,0.8830000162124634
2026-06-19 08:41:19,420.15301513671875,25.52199935913086,1.4800000190734863
2026-06-19 08:46:21,439.96099853515625,26.573999404907227,1.6130000352859497
2026-06-19 08:51:23,423.2569885253906,26.87700080871582,1.5700000524520874
2026-06-19 08:56:25,479.3609924316406,27.229000091552734,1.8009999990463257
2026-06-19 09:01:28,516.3109741210938,27.82900047302246,1.9830000400543213
2026-06-19 09:06:30,500.0010070800781,27.761999130249023,1.9160000085830688
2026-06-19 09:11:32,477.54400634765625,28.400999069213867,1.871999979019165
2026-06-19 09:16:34,451.20001220703125,29.65399932861328,1.8459999561309814
2026-06-19 09:21:36,522.2030029296875,29.44300079345703,2.121999979019165
2026-06-19 09:26:38,597.885986328125,30.13599967956543,2.4860000610351562
2026-06-19 09:31:40,633.0260009765625,32.637001037597656,2.8510000705718994
2026-06-19 09:36:42,660.1939697265625,34.41299819946289,3.134999990463257
2026-06-19 09:41:44,682.4210205078125,35.68299865722656,3.359999895095825
2026-06-19 09:46:46,692.89599609375,37.88399887084961,3.621999979019165
2026-06-19 09:51:49,692.3519897460938,41.40999984741211,3.9570000171661377
2026-06-19 09:56:51,666.5189819335938,42.542999267578125,3.9130001068115234
2026-06-19 10:01:53,646.177978515625,46.39400100708008,4.13700008392334
2026-06-19 10:06:55,655.3330078125,44.45899963378906,4.020999908447266
2026-06-19 10:11:57,573.4910278320312,46.2859992980957,3.6630001068115234
2026-06-19 10:16:59,747.5830078125,44.237998962402344,4.564000129699707
2026-06-19 10:22:01,548.8660278320312,44.49599838256836,3.369999885559082
2026-06-19 10:27:03,675.1580200195312,46.141998291015625,4.298999786376953
2026-06-19 10:32:05,671.2020263671875,46.29499816894531,4.288000106811523
2026-06-19 10:37:07,659.1110229492188,46.54899978637695,4.234000205993652
2026-06-19 10:42:10,685.8300170898438,46.948001861572266,4.442999839782715
2026-06-19 10:47:12,771.3389892578125,48.79800033569336,5.193999767303467
2026-06-19 10:52:14,785.9819946289062,49.91299819946289,5.414000034332275
2026-06-19 10:57:16,782.3270263671875,51.83700180053711,5.5960001945495605
2026-06-19 11:02:18,787.6209716796875,51.801998138427734,5.630000114440918
2026-06-19 11:07:20,833.68701171875,51.29199981689453,5.901000022888184
2026-06-19 11:12:22,846.5900268554688,51.9900016784668,6.073999881744385
2026-06-19 11:17:24,864.6480102539062,51.775001525878906,6.177999973297119
2026-06-19 11:22:26,876.3790283203125,52.74399948120117,6.379000186920166
2026-06-19 11:27:28,708.3610229492188,53.13100051879883,5.193999767303467
2026-06-19 11:32:31,896.8729858398438,52.994998931884766,6.559000015258789
2026-06-19 11:37:33,902.9439697265625,53.095001220703125,6.616000175476074
2026-06-19 11:42:35,914.5700073242188,53.50600051879883,6.752999782562256
2026-06-19 11:47:37,925.0170288085938,53.21900177001953,6.793000221252441
2026-06-19 11:52:39,930.3729858398438,54.54100036621094,7.002999782562256
2026-06-19 11:57:41,939.27099609375,54.63999938964844,7.081999778747559
2026-06-19 12:02:43,944.6859741210938,55.1619987487793,7.190999984741211
2026-06-19 12:07:45,955.1829833984375,55.21099853515625,7.2779998779296875
2026-06-19 12:12:47,962.7839965820312,55.64400100708008,7.39300012588501
2026-06-19 12:17:50,969.8809814453125,55.80400085449219,7.468999862670898
2026-06-19 12:22:52,976.68798828125,56.34700012207031,7.59499979019165
2026-06-19 12:27:54,979.9030151367188,56.569000244140625,7.650000095367432
2026-06-19 12:32:56,981.1530151367188,57.10300064086914,7.73199987411499
2026-06-19 12:37:58,988.5050048828125,57.41600036621094,7.831999778747559
2026-06-19 12:43:00,991.4240112304688,58.1879997253418,7.960999965667725
2026-06-19 12:48:02,990.72998046875,58.74399948120117,8.031999588012695
2026-06-19 12:53:04,994.3599853515625,59.082000732421875,8.107000350952148
2026-06-19 12:58:06,995.10498046875,59.60499954223633,8.1850004196167
2026-06-19 13:03:08,993.4509887695312,60.12699890136719,8.243000030517578
2026-06-19 13:08:10,993.447021484375,60.380001068115234,8.277999877929688
2026-06-19 13:13:13,992.9849853515625,60.69599914550781,8.317000389099121
2026-06-19 13:18:15,993.844970703125,61.180999755859375,8.390999794006348
2026-06-19 13:23:17,991.72802734375,61.474998474121094,8.413000106811523
2026-06-19 13:28:19,991.3579711914062,61.847999572753906,8.461000442504883
2026-06-19 13:51:14,986.5999755859375,13.467000007629395,1.8339999914169312
2026-06-19 13:56:16,981.6389770507812,48.56700134277344,6.578999996185303
2026-06-19 14:01:18,979.9569702148438,52.1619987487793,7.053999900817871
2026-06-19 14:06:20,975.8880004882812,54.270999908447266,7.309000015258789
2026-06-19 14:11:22,970.8140258789062,55.51900100708008,7.438000202178955
2026-06-19 14:16:24,966.06298828125,56.152000427246094,7.486000061035156
2026-06-19 14:21:26,962.0,56.665000915527344,7.5229997634887695
2026-06-19 14:26:28,958.8389892578125,56.8120002746582,7.517000198364258
2026-06-19 14:31:30,955.8699951171875,57.03900146484375,7.52400016784668
2026-06-19 14:36:33,949.281982421875,57.347999572753906,7.513000011444092
2026-06-19 14:41:35,945.072998046875,57.32699966430664,7.4770002365112305
2026-06-19 14:46:37,934.64501953125,57.03099822998047,7.355999946594238
2026-06-19 14:51:39,929.239990234375,57.279998779296875,7.34499979019165
2026-06-19 14:56:41,922.5419921875,57.249000549316406,7.288000106811523
2026-06-19 15:01:43,915.18701171875,57.44599914550781,7.255000114440918
2026-06-19 15:06:45,907.7869873046875,57.356998443603516,7.184999942779541
2026-06-19 15:11:47,900.4869995117188,57.084999084472656,7.093999862670898
2026-06-19 15:16:49,895.0800170898438,57.08000183105469,7.051000118255615
2026-06-19 15:21:52,886.8259887695312,56.92399978637695,6.966000080108643
2026-06-19 15:26:54,876.6420288085938,56.40399932861328,6.823999881744385
2026-06-19 15:31:56,863.5330200195312,56.45399856567383,6.7270002365112305
2026-06-19 15:36:58,860.6010131835938,56.14500045776367,6.668000221252441
2026-06-19 15:42:00,845.27001953125,56.04399871826172,6.5370001792907715
2026-06-19 15:47:02,834.7990112304688,55.50299835205078,6.394000053405762
2026-06-19 15:52:04,813.2429809570312,56.02399826049805,6.2870001792907715
2026-06-19 15:57:06,830.1190185546875,54.83000183105469,6.281000137329102
2026-06-19 16:02:08,826.8889770507812,54.60900115966797,6.23199987411499
2026-06-19 16:07:10,822.5650024414062,55.06999969482422,6.250999927520752
2026-06-19 16:12:13,834.8049926757812,54.801998138427734,6.313000202178955
2026-06-19 16:17:15,844.260986328125,54.167999267578125,6.310999870300293
2026-06-19 16:22:17,833.68798828125,54.48400115966797,6.26800012588501
2026-06-19 16:27:19,837.2230224609375,54.26599884033203,6.269999980926514
2026-06-19 16:32:21,810.7680053710938,55.027000427246094,6.1570000648498535
2026-06-19 16:37:23,532.1099853515625,58.209999084472656,4.27400016784668
2026-06-19 16:42:25,323.7650146484375,57.98899841308594,2.5910000801086426
2026-06-19 16:47:27,141.14700317382812,63.09700012207031,1.2289999723434448
2026-06-19 16:52:29,100.06199645996094,61.35599899291992,0.847000002861023
2026-06-19 16:57:31,77.75299835205078,61.875999450683594,0.6639999747276306
2026-06-19 17:02:33,57.66899871826172,59.042999267578125,0.4699999988079071
2026-06-19 17:07:36,48.053001403808594,53.196998596191406,0.3529999852180481
2026-06-19 17:12:38,48.45000076293945,57.82099914550781,0.3869999945163727
2026-06-19 17:17:40,51.77299880981445,57.777000427246094,0.4129999876022339
2026-06-19 17:22:42,64.23999786376953,52.2869987487793,0.46399998664855957
2026-06-19 17:27:44,79.23400115966797,51.71799850463867,0.5649999976158142
2026-06-19 17:32:46,100.45700073242188,50.4379997253418,0.6990000009536743
2026-06-19 17:37:48,122.0530014038086,49.84199905395508,0.8399999737739563
2026-06-19 17:42:50,105.6240005493164,48.659000396728516,0.7089999914169312
2026-06-19 17:47:52,58.54399871826172,50.992000579833984,0.41200000047683716
2026-06-19 17:52:54,43.45800018310547,54.13199996948242,0.32499998807907104
2026-06-19 17:57:57,34.180999755859375,50.8390007019043,0.23999999463558197
2026-06-19 18:02:59,36.38999938964844,50.48500061035156,0.2540000081062317
2026-06-19 18:08:01,45.69599914550781,54.36899948120117,0.34299999475479126
2026-06-19 18:13:03,47.59299850463867,50.928001403808594,0.33399999141693115
2026-06-19 18:18:05,47.402000427246094,48.987998962402344,0.3199999928474426
2026-06-19 18:23:07,38.42499923706055,46.85200119018555,0.24799999594688416
2026-06-19 18:28:09,31.086000442504883,42.98099899291992,0.18400000035762787
2026-06-19 18:33:11,19.875,49.512001037597656,0.13600000739097595
2026-06-19 18:38:14,11.963000297546387,0.40799999237060547,0.0010000000474974513
2026-06-19 18:43:16,4.761000156402588,0.703000009059906,0.0
2026-06-19 18:48:18,2.132999897003174,1.0859999656677246,0.0
2026-06-19 18:53:20,1.9600000381469727,0.8330000042915344,0.0
2026-06-19 18:58:22,2.437999963760376,0.7440000176429749,0.0
2026-06-19 19:03:24,2.7679998874664307,0.8370000123977661,0.0
2026-06-19 19:08:26,4.086999893188477,0.5130000114440918,0.0
2026-06-19 19:13:28,5.591000080108643,0.421999990940094,0.0
2026-06-19 19:18:30,6.948999881744385,0.30000001192092896,0.0
2026-06-19 19:23:32,7.874000072479248,0.2770000100135803,0.0
2026-06-19 19:28:35,9.039999961853027,0.3919999897480011,0.0
2026-06-19 19:33:37,9.28499984741211,0.33799999952316284,0.0
2026-06-19 19:38:39,7.96999979019165,0.20499999821186066,0.0
2026-06-19 19:43:41,6.440999984741211,0.35199999809265137,0.0
2026-06-19 19:48:43,5.140999794006348,0.32899999618530273,0.0
2026-06-19 19:53:45,4.965000152587891,0.3630000054836273,0.0
2026-06-19 19:58:47,4.888999938964844,0.3580000102519989,0.0
2026-06-19 20:03:49,4.849999904632568,0.46000000834465027,0.0
2026-06-19 20:08:51,4.61899995803833,0.32100000977516174,0.0
2026-06-19 20:13:54,4.632999897003174,0.3700000047683716,0.0
2026-06-19 20:18:56,4.960000038146973,0.4410000145435333,0.0
2026-06-19 20:23:58,5.72599983215332,0.23999999463558197,0.0
2026-06-19 20:29:00,5.929999828338623,0.2840000092983246,0.0
2026-06-19 20:34:02,5.816999912261963,0.20200000703334808,0.0
2026-06-19 20:39:04,6.361999988555908,0.17499999701976776,0.0
2026-06-19 20:44:06,6.114999771118164,0.29499998688697815,0.0
2026-06-19 20:49:08,6.440999984741211,0.17299999296665192,0.0
2026-06-19 20:54:11,6.9029998779296875,0.27900001406669617,0.0
2026-06-19 20:59:13,7.479000091552734,0.11500000208616257,0.0
2026-06-19 21:04:15,8.017999649047852,0.25600001215934753,0.0
2026-06-19 21:09:17,12.006999969482422,0.23000000417232513,0.0
2026-06-19 21:14:19,12.057000160217285,0.19599999487400055,0.0
2026-06-19 21:19:21,9.541999816894531,0.20200000703334808,0.0
2026-06-19 21:24:23,5.118000030517578,0.13199999928474426,0.0
2026-06-19 21:29:25,3.302999973297119,0.12200000137090683,0.0
2026-06-20 05:40:23,3.302999973297119,0.12200000137090683,0.0
2026-06-20 05:45:25,4.7129998207092285,0.3499999940395355,0.0
2026-06-20 05:50:27,6.534999847412109,0.3540000021457672,0.0
2026-06-20 05:55:29,8.661999702453613,0.2619999945163727,0.0
2026-06-20 06:00:31,10.994999885559082,0.22699999809265137,0.0
2026-06-20 06:05:33,13.456000328063965,0.29899999499320984,0.0010000000474974513
2026-06-20 06:10:35,15.690999984741211,0.21699999272823334,0.0
2026-06-20 06:15:37,18.406999588012695,0.17399999499320984,0.0
2026-06-20 06:20:39,20.878000259399414,0.19300000369548798,0.0010000000474974513
2026-06-20 06:25:42,24.50200080871582,6.48199987411499,0.02199999988079071
2026-06-20 06:30:44,27.263999938964844,13.348999977111816,0.05000000074505806
2026-06-20 06:35:46,30.097999572753906,21.683000564575195,0.09000000357627869
2026-06-20 06:40:48,32.356998443603516,27.232999801635742,0.12200000137090683
2026-06-20 06:45:50,34.86899948120117,28.68899917602539,0.1379999965429306
2026-06-20 06:50:52,37.292999267578125,28.538000106811523,0.1469999998807907
2026-06-20 06:55:54,39.46500015258789,29.26300048828125,0.1589999943971634
2026-06-20 07:00:56,41.678001403808594,27.451000213623047,0.15800000727176666
2026-06-20 07:05:58,43.770999908447266,28.253999710083008,0.17100000381469727
2026-06-20 07:11:00,46.00699996948242,25.861000061035156,0.164000004529953
2026-06-20 07:16:03,48.097999572753906,31.12299919128418,0.2070000022649765
2026-06-20 07:21:05,50.35900115966797,27.655000686645508,0.19200000166893005
2026-06-20 07:26:07,53.16299819946289,30.340999603271484,0.22300000488758087
2026-06-20 07:31:09,56.400001525878906,28.863000869750977,0.22499999403953552
2026-06-20 07:36:11,59.547000885009766,28.530000686645508,0.23399999737739563
2026-06-20 07:41:13,62.3489990234375,28.125,0.24199999868869781
2026-06-20 07:46:15,64.85900115966797,27.086000442504883,0.24199999868869781
2026-06-20 07:51:17,67.6500015258789,28.875999450683594,0.27000001072883606
2026-06-20 07:56:19,168.65499877929688,11.321999549865723,0.2639999985694885
2026-06-20 08:01:21,228.38099670410156,9.097000122070312,0.28700000047683716
2026-06-20 08:06:23,244.875,8.569000244140625,0.28999999165534973
2026-06-20 08:11:26,260.0530090332031,9.26200008392334,0.3319999873638153
2026-06-20 08:16:28,276.15301513671875,20.524999618530273,0.7820000052452087
2026-06-20 08:21:30,293.8219909667969,21.6200008392334,0.8769999742507935
2026-06-20 08:26:32,311.197998046875,21.520999908447266,0.9240000247955322
2026-06-20 08:31:34,329.60198974609375,21.809999465942383,0.9919999837875366
2026-06-20 08:36:36,347.54400634765625,23.107999801635742,1.1080000400543213
2026-06-20 08:41:38,365.64599609375,23.76300048828125,1.1990000009536743
2026-06-20 08:46:40,383.489990234375,24.20800018310547,1.281000018119812
2026-06-20 08:51:43,403.1570129394531,24.474000930786133,1.3619999885559082
2026-06-20 08:56:45,417.8320007324219,25.45800018310547,1.468000054359436
2026-06-20 09:01:47,437.5790100097656,26.56999969482422,1.6039999723434448
2026-06-20 09:06:49,453.343994140625,26.07900047302246,1.6319999694824219
2026-06-20 09:11:51,471.4289855957031,26.43400001525879,1.7200000286102295
2026-06-20 09:16:53,490.72198486328125,26.288000106811523,1.7799999713897705
2026-06-20 09:21:55,506.5849914550781,27.479000091552734,1.9210000038146973
2026-06-20 09:26:57,524.552978515625,27.565000534057617,1.9950000047683716
2026-06-20 09:31:59,543.81298828125,28.024999618530273,2.1029999256134033
2026-06-20 09:37:02,559.5280151367188,28.434999465942383,2.196000099182129
2026-06-20 09:42:04,576.468994140625,29.523000717163086,2.3489999771118164
2026-06-20 09:47:06,594.31201171875,30.368000030517578,2.490999937057495
2026-06-20 09:52:08,611.968017578125,31.128999710083008,2.628999948501587
2026-06-20 09:57:10,631.1530151367188,32.183998107910156,2.802999973297119
2026-06-20 10:02:12,646.6810302734375,33.279998779296875,2.9700000286102295
2026-06-20 10:07:14,664.051025390625,35.191001892089844,3.2249999046325684
2026-06-20 10:12:16,681.447021484375,36.13999938964844,3.3989999294281006
2026-06-20 10:17:18,695.531005859375,38.17599868774414,3.6640000343322754
2026-06-20 10:22:20,714.7449951171875,39.0369987487793,3.8499999046325684
2026-06-20 10:27:22,730.6950073242188,41.040000915527344,4.138000011444092
2026-06-20 10:32:25,743.823974609375,42.85599899291992,4.39900016784668
2026-06-20 10:37:27,759.6409912109375,44.595001220703125,4.675000190734863
2026-06-20 10:42:29,774.5780029296875,47.03799819946289,5.0279998779296875
2026-06-20 10:47:31,788.0670166015625,47.43299865722656,5.1579999923706055
2026-06-20 10:52:33,802.2650146484375,48.292999267578125,5.3470001220703125
2026-06-20 10:57:35,817.35302734375,48.7130012512207,5.494999885559082
2026-06-20 11:02:37,830.9760131835938,48.810001373291016,5.5970001220703125
2026-06-20 11:07:39,845.6389770507812,49.67599868774414,5.796999931335449
2026-06-20 11:12:41,858.3759765625,49.97999954223633,5.920000076293945
2026-06-20 11:17:44,871.8829956054688,50.612998962402344,6.090000152587891
2026-06-20 11:22:46,885.2689819335938,50.90299987792969,6.218999862670898
2026-06-20 11:27:48,898.75,51.895999908447266,6.435999870300293
2026-06-20 11:32:50,909.7349853515625,52.33700180053711,6.571000099182129
2026-06-20 11:37:52,921.7849731445312,52.64099884033203,6.696000099182129
2026-06-20 11:42:54,931.9409790039062,53.231998443603516,6.8460001945495605
2026-06-20 11:47:56,940.385986328125,53.17900085449219,6.901000022888184
2026-06-20 11:52:58,950.0449829101562,54.138999938964844,7.0980000495910645
2026-06-20 11:58:00,958.2670288085938,54.41299819946289,7.196000099182129
2026-06-20 12:03:02,965.844970703125,55.150001525878906,7.35099983215332
2026-06-20 12:08:05,971.8829956054688,55.58100128173828,7.453999996185303
2026-06-20 12:13:07,977.2940063476562,55.63399887084961,7.502999782562256
2026-06-20 12:18:09,984.6290283203125,56.22800064086914,7.639999866485596
2026-06-20 12:23:11,990.1669921875,56.354000091552734,7.699999809265137
2026-06-20 12:28:13,994.3679809570312,56.694000244140625,7.78000020980835
2026-06-20 12:33:15,996.3060302734375,57.26900100708008,7.874000072479248
2026-06-20 12:38:17,1001.6959838867188,57.41600036621094,7.936999797821045
2026-06-20 12:43:19,1005.8939819335938,57.57600021362305,7.992000102996826
2026-06-20 12:48:21,1008.9530029296875,57.369998931884766,7.98799991607666
2026-06-20 12:53:24,1009.8660278320312,57.71900177001953,8.043999671936035
2026-06-20 12:58:26,1009.68798828125,58.19300079345703,8.107999801635742
2026-06-20 13:03:28,1007.1420288085938,58.93000030517578,8.1899995803833
2026-06-20 13:08:30,1004.8289794921875,59.71799850463867,8.281000137329102
2026-06-20 13:13:32,1003.2329711914062,59.99599838256836,8.305999755859375
2026-06-20 13:18:34,1003.3170166015625,60.145999908447266,8.32800006866455
2026-06-20 13:23:36,1003.2659912109375,60.13800048828125,8.326000213623047
2026-06-20 13:28:38,1003.6179809570312,59.650001525878906,8.26200008392334
2026-06-20 13:51:24,999.9439697265625,13.307000160217285,1.8359999656677246
2026-06-20 13:56:26,997.1619873046875,50.9900016784668,7.017000198364258
2026-06-20 14:01:28,994.27001953125,52.874000549316406,7.255000114440918
2026-06-20 14:06:30,989.9569702148438,53.643001556396484,7.328000068664551
2026-06-20 14:11:32,986.3679809570312,54.2760009765625,7.388000011444092
2026-06-20 14:16:35,981.6820068359375,54.766998291015625,7.419000148773193
2026-06-20 14:21:37,978.6240234375,55.15700149536133,7.448999881744385
2026-06-20 14:26:39,969.1929931640625,55.637001037597656,7.440999984741211
2026-06-20 14:31:41,966.7570190429688,55.57500076293945,7.414000034332275
2026-06-20 14:36:43,960.4849853515625,55.62900161743164,7.373000144958496
2026-06-20 14:41:45,953.6500244140625,55.77199935913086,7.340000152587891
2026-06-20 14:46:47,947.2960205078125,55.68199920654297,7.2789998054504395
2026-06-20 14:51:49,939.2540283203125,55.57500076293945,7.203000068664551
2026-06-20 14:56:51,931.1500244140625,55.297000885009766,7.105999946594238
2026-06-20 15:01:54,918.9030151367188,55.709999084472656,7.064000129699707
2026-06-20 15:06:56,912.4819946289062,55.54399871826172,6.99399995803833
2026-06-20 15:11:58,901.5599975585938,55.46799850463867,6.901000022888184
2026-06-20 15:17:00,890.7310180664062,55.202999114990234,6.785999774932861
2026-06-20 15:22:02,878.7470092773438,55.0260009765625,6.672999858856201
2026-06-20 15:27:04,867.6820068359375,54.52899932861328,6.5289998054504395
2026-06-20 15:32:06,854.364990234375,54.43899917602539,6.418000221252441
2026-06-20 15:37:08,845.7730102539062,54.27199935913086,6.334000110626221
2026-06-20 15:42:10,833.2239990234375,54.071998596191406,6.2170000076293945
2026-06-20 15:47:12,820.666015625,53.762001037597656,6.089000225067139
2026-06-20 15:52:15,805.52001953125,53.930999755859375,5.994999885559082
2026-06-20 15:57:17,788.5189819335938,53.69300079345703,5.8429999351501465
2026-06-20 16:02:19,779.8079833984375,52.979000091552734,5.701000213623047
2026-06-20 16:07:21,762.0339965820312,53.11399841308594,5.585999965667725
2026-06-20 16:12:23,753.3300170898438,52.683998107910156,5.4770002365112305
2026-06-20 16:17:25,736.864013671875,52.43000030517578,5.330999851226807
2026-06-20 16:22:27,721.39697265625,52.034000396728516,5.179999828338623
2026-06-20 16:27:29,704.6539916992188,51.71200180053711,5.0289998054504395
2026-06-20 16:32:32,687.2589721679688,51.83300018310547,4.915999889373779
2026-06-20 16:37:34,673.3380126953125,51.22100067138672,4.760000228881836
2026-06-20 16:42:36,653.1019897460938,51.22800064086914,4.617000102996826
2026-06-20 16:47:38,637.5089721679688,50.94900131225586,4.48199987411499
2026-06-20 16:52:40,622.5280151367188,50.72800064086914,4.357999801635742
2026-06-20 16:57:42,606.6649780273438,50.62200164794922,4.23799991607666
2026-06-20 17:02:44,588.1939697265625,50.1619987487793,4.072000026702881
2026-06-20 17:07:46,566.0139770507812,50.15399932861328,3.9179999828338623
2026-06-20 17:12:48,548.7109985351562,49.915000915527344,3.7799999713897705
2026-06-20 17:17:50,532.0469970703125,49.39799880981445,3.627000093460083
2026-06-20 17:22:53,513.9609985351562,48.61800003051758,3.447999954223633
2026-06-20 17:27:55,495.1730041503906,47.9379997253418,3.2760000228881836
2026-06-20 17:32:57,477.02301025390625,47.5260009765625,3.128999948501587
2026-06-20 17:37:59,456.6809997558594,47.22800064086914,2.9760000705718994
2026-06-20 17:43:01,439.1730041503906,46.63800048828125,2.8269999027252197
2026-06-20 17:48:03,420.71600341796875,46.15800094604492,2.680000066757202
2026-06-20 17:53:05,403.9360046386719,45.64699935913086,2.5450000762939453
2026-06-20 17:58:07,361.5979919433594,48.090999603271484,2.4000000953674316
2026-06-20 18:03:09,78.62200164794922,208.5659942626953,2.263000011444092
2026-06-20 18:08:12,76.19200134277344,202.08099365234375,2.125
2026-06-20 18:13:14,74.2979965209961,188.83599853515625,1.9359999895095825
2026-06-20 18:18:16,72.16200256347656,59.867000579833984,0.5960000157356262
2026-06-20 18:23:18,71.08000183105469,54.35200119018555,0.5329999923706055
2026-06-20 18:28:20,69.33000183105469,52.69499969482422,0.5040000081062317
2026-06-20 18:33:22,67.72899627685547,48.095001220703125,0.44999998807907104
2026-06-20 18:38:24,65.84200286865234,48.13800048828125,0.43700000643730164
2026-06-20 18:43:26,64.18099975585938,48.29199981689453,0.42800000309944153
2026-06-20 18:48:29,62.76300048828125,47.757999420166016,0.414000004529953
2026-06-20 18:53:31,61.38100051879883,46.38999938964844,0.3930000066757202
2026-06-20 18:58:33,60.029998779296875,43.04800033569336,0.3569999933242798
2026-06-20 19:03:35,59.435001373291016,44.250999450683594,0.3630000054836273
2026-06-20 19:08:37,58.237998962402344,44.12099838256836,0.35499998927116394
2026-06-20 19:13:39,56.84299850463867,43.952999114990234,0.3449999988079071
2026-06-20 19:18:41,65.62100219726562,43.79999923706055,0.3970000147819519
2026-06-20 19:23:43,67.22200012207031,42.47999954223633,0.39399999380111694
2026-06-20 19:28:45,59.409000396728516,44.11800003051758,0.3619999885559082
2026-06-20 19:33:47,50.409000396728516,46.527000427246094,0.3240000009536743
2026-06-20 19:38:50,51.87799835205078,46.702999114990234,0.33399999141693115
2026-06-20 19:43:52,55.39699935913086,44.71500015258789,0.34200000762939453
2026-06-20 19:48:54,52.117000579833984,42.60100173950195,0.3059999942779541
2026-06-20 19:53:56,45.23899841308594,44.724998474121094,0.27900001406669617
2026-06-20 19:58:58,35.42599868774414,47.340999603271484,0.23100000619888306
2026-06-20 20:04:00,31.70400047302246,48.62799835205078,0.21299999952316284
2026-06-20 20:09:02,30.56999969482422,47.310001373291016,0.20000000298023224
2026-06-20 20:14:04,29.55900001525879,39.270999908447266,0.1599999964237213
2026-06-20 20:19:06,29.23200035095215,48.56800079345703,0.19599999487400055
2026-06-20 20:24:08,26.934999465942383,46.29399871826172,0.1720000058412552
2026-06-20 20:29:11,22.898000717163086,47.54199981689453,0.15000000596046448
2026-06-20 20:34:13,18.086000442504883,47.69200134277344,0.11900000274181366
2026-06-20 20:39:15,13.840999603271484,10.243000030517578,0.019999999552965164
2026-06-20 20:44:17,9.831000328063965,0.3889999985694885,0.0010000000474974513
2026-06-20 20:49:19,7.749000072479248,0.43700000643730164,0.0
2026-06-20 20:54:21,6.466000080108643,0.3569999933242798,0.0
2026-06-20 20:59:23,5.5269999504089355,0.3840000033378601,0.0
2026-06-20 21:04:25,4.586999893188477,0.3050000071525574,0.0
2026-06-20 21:09:28,3.4709999561309814,0.4790000021457672,0.0
2026-06-20 21:14:30,2.4130001068115234,0.8700000047683716,0.0
2026-06-20 21:19:32,1.6339999437332153,0.41200000047683716,0.0
2026-06-20 21:24:34,0.9549999833106995,1.409999966621399,0.0
2026-06-20 21:29:36,0.24799999594688416,0.41100001335144043,0.0
2026-06-21 05:40:40,0.24799999594688416,0.41100001335144043,0.0
2026-06-21 05:45:42,5.013000011444092,0.19200000166893005,0.0
2026-06-21 05:50:44,6.968999862670898,0.32499998807907104,0.0
2026-06-21 05:55:46,9.340999603271484,0.29100000858306885,0.0
2026-06-21 06:00:48,11.869999885559082,0.21799999475479126,0.0
2026-06-21 06:05:50,14.232999801635742,0.19200000166893005,0.0
2026-06-21 06:10:52,16.618000030517578,0.23600000143051147,0.0010000000474974513
2026-06-21 06:15:54,19.41200065612793,0.2750000059604645,0.0010000000474974513
2026-06-21 06:20:56,22.014999389648438,8.22700023651123,0.02500000037252903
2026-06-21 06:25:59,25.461000442504883,15.324000358581543,0.05400000140070915
2026-06-21 06:31:01,28.084999084472656,23.24799919128418,0.09000000357627869
2026-06-21 06:36:03,30.839000701904297,17.327999114990234,0.07400000095367432
2026-06-21 06:41:05,32.82600021362305,27.041000366210938,0.12200000137090683
2026-06-21 06:46:07,35.03799819946289,27.017000198364258,0.13099999725818634
2026-06-21 06:51:09,37.46500015258789,26.555999755859375,0.13699999451637268
2026-06-21 06:56:11,39.72100067138672,28.079999923706055,0.15399999916553497
2026-06-21 07:01:13,41.821998596191406,26.208999633789062,0.1509999930858612
2026-06-21 07:06:15,43.874000549316406,29.954999923706055,0.1809999942779541
2026-06-21 07:11:18,46.19200134277344,29.76799964904785,0.1899999976158142
2026-06-21 07:16:20,48.17100143432617,31.2450008392334,0.20800000429153442
2026-06-21 07:21:22,50.6150016784668,29.871999740600586,0.20900000631809235
2026-06-21 07:26:24,52.729000091552734,23.538000106811523,0.17100000381469727
2026-06-21 07:31:26,55.30699920654297,29.163999557495117,0.22300000488758087
2026-06-21 07:36:28,57.59000015258789,26.645000457763672,0.21199999749660492
2026-06-21 07:41:30,59.9630012512207,28.253999710083008,0.23399999737739563
2026-06-21 07:46:32,62.404998779296875,27.89900016784668,0.23999999463558197
2026-06-21 07:51:34,65.29000091552734,29.082000732421875,0.2619999945163727
2026-06-21 07:56:36,155.7209930419922,11.873000144958496,0.2549999952316284
2026-06-21 08:01:38,232.01800537109375,9.116000175476074,0.2919999957084656
2026-06-21 08:06:40,249.31399536132812,8.36400032043457,0.2879999876022339
2026-06-21 08:11:43,262.8429870605469,9.33899974822998,0.33899998664855957
2026-06-21 08:16:45,280.3739929199219,21.582000732421875,0.8349999785423279
2026-06-21 08:21:47,298.37701416015625,21.17799949645996,0.871999979019165
2026-06-21 08:26:49,310.2909851074219,21.91699981689453,0.9390000104904175
2026-06-21 08:31:51,333.9519958496094,22.687000274658203,1.0460000038146973
2026-06-21 08:36:53,351.8699951171875,22.724000930786133,1.1030000448226929
2026-06-21 08:41:55,371.2550048828125,23.597999572753906,1.2089999914169312
2026-06-21 08:46:57,389.5459899902344,24.371999740600586,1.309999942779541
2026-06-21 08:51:59,406.3219909667969,25.003000259399414,1.4019999504089355
2026-06-21 08:57:02,423.79901123046875,24.98900032043457,1.4609999656677246
2026-06-21 09:02:04,442.3590087890625,26.506999969482422,1.6180000305175781
2026-06-21 09:07:06,459.95001220703125,26.42300033569336,1.6770000457763672
2026-06-21 09:12:08,478.7760009765625,26.631000518798828,1.7599999904632568
2026-06-21 09:17:10,495.7980041503906,27.731000900268555,1.8969999551773071
2026-06-21 09:22:12,512.281005859375,28.35700035095215,2.005000114440918
2026-06-21 09:27:14,531.8460083007812,29.106000900268555,2.135999917984009
2026-06-21 09:32:16,550.155029296875,29.784000396728516,2.260999917984009
2026-06-21 09:37:18,567.85400390625,31.277000427246094,2.4509999752044678
2026-06-21 09:42:21,583.9929809570312,33.6870002746582,2.7149999141693115
2026-06-21 09:47:23,600.4190063476562,35.62300109863281,2.9519999027252197
2026-06-21 09:52:25,617.1820068359375,37.77000045776367,3.2170000076293945
2026-06-21 09:57:27,634.2789916992188,39.742000579833984,3.4790000915527344
2026-06-21 10:02:29,650.7119750976562,41.611000061035156,3.736999988555908
2026-06-21 10:07:31,667.3599853515625,42.82699966430664,3.944000005722046
2026-06-21 10:12:33,683.10400390625,44.24300003051758,4.171000003814697
2026-06-21 10:17:35,699.6699829101562,45.42300033569336,4.386000156402588
2026-06-21 10:22:37,715.864990234375,46.29899978637695,4.573999881744385
2026-06-21 10:27:39,730.5650024414062,46.72700119018555,4.710999965667725
2026-06-21 10:32:42,745.9450073242188,47.2130012512207,4.860000133514404
2026-06-21 10:37:44,761.4990234375,47.16600036621094,4.956999778747559
2026-06-21 10:42:46,778.0159912109375,48.02299880981445,5.156000137329102
2026-06-21 10:47:48,791.2130126953125,49.05099868774414,5.355999946594238
2026-06-21 10:52:50,804.6079711914062,49.36600112915039,5.480999946594238
2026-06-21 10:57:52,819.7329711914062,49.87200164794922,5.642000198364258
2026-06-21 11:02:54,831.7689819335938,50.071998596191406,5.748000144958496
2026-06-21 11:07:56,845.530029296875,50.31399917602539,5.870999813079834
2026-06-21 11:12:58,861.718994140625,50.87900161743164,6.050000190734863
2026-06-21 11:18:00,873.6430053710938,51.097999572753906,6.159999847412109
2026-06-21 11:23:02,886.0830078125,51.52299880981445,6.300000190734863
2026-06-21 11:28:04,897.6320190429688,52.05699920654297,6.447999954223633
2026-06-21 11:33:06,903.9310302734375,52.702999114990234,6.573999881744385
2026-06-21 11:38:09,908.7059936523438,52.388999938964844,6.570000171661377
2026-06-21 11:43:11,921.8460083007812,53.74599838256836,6.836999893188477
2026-06-21 11:48:13,929.31201171875,54.01499938964844,6.927000045776367
2026-06-21 11:53:15,938.9810180664062,54.67399978637695,7.085000038146973
2026-06-21 11:58:17,947.2550048828125,54.21200180053711,7.086999893188477
2026-06-21 12:03:19,950.5850219726562,54.69599914550781,7.175000190734863
2026-06-21 12:08:21,956.0850219726562,55.35200119018555,7.302999973297119
2026-06-21 12:13:23,960.864990234375,55.4119987487793,7.3480000495910645
2026-06-21 12:18:26,969.6890258789062,55.558998107910156,7.434999942779541
2026-06-21 12:23:28,974.156982421875,56.459999084472656,7.590000152587891
2026-06-21 12:28:30,980.6719970703125,56.81100082397461,7.688000202178955
2026-06-21 12:33:32,984.8179931640625,57.36000061035156,7.795000076293945
2026-06-21 12:38:34,987.39501953125,57.84600067138672,7.881999969482422
2026-06-21 12:43:36,993.0079956054688,58.36899948120117,7.999000072479248
2026-06-21 12:48:38,994.3889770507812,58.71099853515625,8.057000160217285
2026-06-21 12:53:40,998.2169799804688,59.02199935913086,8.130999565124512
2026-06-21 12:58:42,998.0070190429688,59.125999450683594,8.142999649047852
2026-06-21 13:03:44,997.1729736328125,59.49100112915039,8.187000274658203
2026-06-21 13:08:47,997.4099731445312,59.54899978637695,8.196999549865723
2026-06-21 13:13:49,999.2069702148438,59.92399978637695,8.262999534606934
2026-06-21 13:18:51,1001.5050048828125,59.89799880981445,8.277999877929688
2026-06-21 13:23:53,999.5280151367188,59.900001525878906,8.26200008392334
2026-06-21 13:28:55,999.4359741210938,60.04199981689453,8.281000137329102
2026-06-21 13:52:35,993.8930053710938,58.21099853515625,7.984000205993652
2026-06-21 13:57:37,991.4959716796875,58.8129997253418,8.04699993133545
2026-06-21 14:02:39,988.9990234375,59.433998107910156,8.112000465393066
2026-06-21 14:07:41,984.3150024414062,59.395999908447266,8.067999839782715
2026-06-21 14:12:43,977.4400024414062,59.60300064086914,8.039999961853027
2026-06-21 14:17:45,971.8259887695312,59.805999755859375,8.020999908447266
2026-06-21 14:22:47,965.531005859375,59.96099853515625,7.988999843597412
2026-06-21 14:27:50,961.2269897460938,59.987998962402344,7.956999778747559
2026-06-21 14:32:52,956.1619873046875,59.816001892089844,7.89300012588501
2026-06-21 14:37:54,950.9080200195312,59.3380012512207,7.7870001792907715
2026-06-21 14:42:56,947.5789794921875,59.084999084472656,7.72599983215332
2026-06-21 14:47:58,936.0180053710938,59.185001373291016,7.644999980926514
2026-06-21 14:53:00,934.6190185546875,58.89699935913086,7.5960001945495605
2026-06-21 14:58:02,1008.3909912109375,58.37900161743164,8.12399959564209
2026-06-21 15:03:04,975.3699951171875,57.729000091552734,7.769999980926514
2026-06-21 15:08:06,961.47900390625,57.82099914550781,7.671999931335449
2026-06-21 15:13:08,930.3060302734375,57.91699981689453,7.435999870300293
2026-06-21 15:18:11,914.7410278320312,57.82099914550781,7.298999786376953
2026-06-21 15:23:13,313.989013671875,66.56900024414062,2.884000062942505
2026-06-21 15:28:15,595.52001953125,48.63100051879883,3.996999979019165
2026-06-21 15:33:17,218.7530059814453,64.5270004272461,1.9479999542236328
2026-06-21 15:38:19,890.5469970703125,58.72100067138672,7.216000080108643
2026-06-21 15:43:21,253.35499572753906,76.35099792480469,2.6689999103546143
2026-06-21 15:48:23,202.6719970703125,64.44100189208984,1.8020000457763672
2026-06-21 15:53:25,162.6060028076172,62.77799987792969,1.409000039100647
2026-06-21 15:58:28,163.44000244140625,59.56700134277344,1.343999981880188
2026-06-21 16:03:30,232.177001953125,59.60900115966797,1.909999966621399
2026-06-21 16:08:32,221.3780059814453,58.20199966430664,1.777999997138977
2026-06-21 16:13:34,228.197998046875,57.81100082397461,1.8209999799728394
2026-06-21 16:18:36,338.7359924316406,55.176998138427734,2.5789999961853027
2026-06-21 16:23:38,274.61700439453125,56.96900177001953,2.1589999198913574
2026-06-21 16:28:40,264.989990234375,56.111000061035156,2.052000045776367
2026-06-21 16:33:42,226.7949981689453,56.4640007019043,1.7669999599456787
2026-06-21 16:38:44,150.41600036621094,59.43899917602539,1.2339999675750732
2026-06-21 16:43:47,122.30899810791016,55.70199966430664,0.9399999976158142
2026-06-21 16:48:49,99.19999694824219,54.82600021362305,0.7509999871253967
2026-06-21 16:53:51,93.22100067138672,52.768001556396484,0.6790000200271606
2026-06-21 16:58:53,93.9530029296875,49.0,0.6349999904632568
2026-06-21 17:03:55,98.13300323486328,49.67900085449219,0.6729999780654907
2026-06-21 17:08:57,107.16300201416016,49.5890007019043,0.7329999804496765
2026-06-21 17:13:59,180.99099731445312,46.775001525878906,1.1679999828338623
2026-06-21 17:19:01,390.0069885253906,42.534000396728516,2.2890000343322754
2026-06-21 17:24:03,541.3510131835938,42.68000030517578,3.187999963760376
2026-06-21 17:29:05,593.1649780273438,45.0890007019043,3.690999984741211
2026-06-21 17:34:08,582.093994140625,46.89699935913086,3.7669999599456787
2026-06-21 17:39:10,575.77099609375,47.28200149536133,3.756999969482422
2026-06-21 17:44:12,541.1829833984375,47.29600143432617,3.5320000648498535
2026-06-21 17:49:14,520.2239990234375,47.13999938964844,3.384000062942505
2026-06-21 17:54:16,490.6969909667969,47.292999267578125,3.2019999027252197
2026-06-21 17:59:18,241.12899780273438,91.16999816894531,3.0339999198913574
2026-06-21 18:04:20,170.78900146484375,120.10099792480469,2.8310000896453857
2026-06-21 18:09:22,160.98300170898438,117.60600280761719,2.61299991607666
2026-06-21 18:14:24,152.3820037841797,99.24400329589844,2.0869998931884766
2026-06-21 18:19:26,148.28799438476562,58.84299850463867,1.2039999961853027
2026-06-21 18:24:29,143.55499267578125,57.27199935913086,1.1349999904632568
2026-06-21 18:29:31,143.5290069580078,55.85900115966797,1.1059999465942383
2026-06-21 18:34:33,141.19200134277344,54.01300048828125,1.0520000457763672
2026-06-21 18:39:35,139.7969970703125,53.71900177001953,1.0360000133514404
2026-06-21 18:44:37,141.906005859375,52.470001220703125,1.027999997138977
2026-06-21 18:49:39,143.7969970703125,53.99100112915039,1.0709999799728394
2026-06-21 18:54:41,145.0489959716797,53.32400131225586,1.0670000314712524
2026-06-21 18:59:43,146.15199279785156,52.645999908447266,1.062000036239624
2026-06-21 19:04:45,148.8730010986328,51.77000045776367,1.0640000104904175
2026-06-21 19:09:48,148.06300354003906,52.35200119018555,1.0700000524520874
2026-06-21 19:14:50,143.58200073242188,52.082000732421875,1.031999945640564
2026-06-21 19:19:52,138.74099731445312,52.733001708984375,1.0099999904632568
2026-06-21 19:24:54,130.35699462890625,52.9630012512207,0.953000009059906
2026-06-21 19:29:56,122.52100372314453,51.983001708984375,0.8790000081062317
2026-06-21 19:34:58,116.46099853515625,51.46500015258789,0.8270000219345093
2026-06-21 19:40:00,109.90899658203125,49.7130012512207,0.7540000081062317
2026-06-21 19:45:02,103.4530029296875,50.459999084472656,0.7200000286102295
2026-06-21 19:50:04,97.62100219726562,48.505001068115234,0.652999997138977
2026-06-21 19:55:06,92.45700073242188,50.112998962402344,0.6389999985694885
2026-06-21 20:00:08,87.81099700927734,45.68299865722656,0.5540000200271606
2026-06-21 20:05:10,82.49600219726562,48.983001708984375,0.5580000281333923
2026-06-21 20:10:13,76.99199676513672,47.777000427246094,0.5080000162124634
2026-06-21 20:15:15,72.28500366210938,44.52799987792969,0.4440000057220459
2026-06-21 20:20:17,66.34700012207031,48.29800033569336,0.44200000166893005
2026-06-21 20:25:19,58.38600158691406,46.38399887084961,0.37400001287460327
2026-06-21 20:30:21,52.89099884033203,47.06100082397461,0.34299999475479126
2026-06-21 20:35:23,47.198001861572266,46.43199920654297,0.3019999861717224
2026-06-21 20:40:25,40.75400161743164,50.617000579833984,0.2849999964237213
2026-06-21 20:45:27,35.095001220703125,46.08100128173828,0.22300000488758087
2026-06-21 20:50:29,29.40999984741211,41.832000732421875,0.17000000178813934
2026-06-21 20:55:32,24.141000747680664,50.77799987792969,0.16899999976158142
2026-06-21 21:00:34,19.268999099731445,51.37200164794922,0.13699999451637268
2026-06-21 21:05:36,15.067000389099121,6.458000183105469,0.013000000268220901
2026-06-21 21:10:38,11.925000190734863,0.3490000069141388,0.0010000000474974513
2026-06-21 21:15:40,9.038000106811523,0.3179999887943268,0.0
2026-06-21 21:20:42,5.874000072479248,0.5759999752044678,0.0
2026-06-21 21:25:44,4.044000148773193,0.5400000214576721,0.0
2026-06-21 21:30:46,1.819000005722046,0.43799999356269836,0.0
2026-06-22 05:40:53,1.819000005722046,0.43799999356269836,0.0
2026-06-22 05:45:56,5.317999839782715,0.1940000057220459,0.0
2026-06-22 05:50:58,7.353000164031982,0.2669999897480011,0.0
2026-06-22 05:56:00,9.532999992370605,0.20000000298023224,0.0
2026-06-22 06:01:02,12.130000114440918,0.2809999883174896,0.0
2026-06-22 06:06:04,14.85099983215332,0.3199999928474426,0.0010000000474974513
2026-06-22 06:11:06,17.4689998626709,0.24400000274181366,0.0010000000474974513
2026-06-22 06:16:08,20.106000900268555,0.24799999594688416,0.0010000000474974513
2026-06-22 06:21:10,22.424999237060547,9.15999984741211,0.02800000086426735
2026-06-22 06:26:12,26.00200080871582,14.416000366210938,0.052000001072883606
2026-06-22 06:31:15,28.520000457763672,29.80500030517578,0.11699999868869781
2026-06-22 06:36:17,30.898000717163086,27.697999954223633,0.11800000071525574
2026-06-22 06:41:19,32.93000030517578,26.461999893188477,0.11999999731779099
2026-06-22 06:46:21,35.02399826049805,27.724000930786133,0.1340000033378601
2026-06-22 06:51:23,36.983001708984375,27.88800048828125,0.1420000046491623
2026-06-22 06:56:25,38.90299987792969,28.1560001373291,0.1509999930858612
2026-06-22 07:01:27,41.207000732421875,32.108001708984375,0.18299999833106995
2026-06-22 07:06:29,43.000999450683594,30.211999893188477,0.17900000512599945
2026-06-22 07:11:31,44.83399963378906,30.763999938964844,0.1899999976158142
2026-06-22 07:16:34,46.76300048828125,33.35200119018555,0.2150000035762787
2026-06-22 07:21:36,48.47999954223633,32.790000915527344,0.21899999678134918
2026-06-22 07:26:38,50.34600067138672,30.57699966430664,0.21199999749660492
2026-06-22 07:31:40,52.178001403808594,30.775999069213867,0.22200000286102295
2026-06-22 07:36:42,54.03499984741211,30.093000411987305,0.2240000069141388
2026-06-22 07:41:44,55.71799850463867,34.82600021362305,0.2680000066757202
2026-06-22 07:46:46,58.654998779296875,31.13599967956543,0.25200000405311584
2026-06-22 07:51:48,61.9379997253418,30.680999755859375,0.2619999945163727
2026-06-22 07:56:50,173.31399536132812,12.03600025177002,0.2879999876022339
2026-06-22 08:01:53,233.42300415039062,7.789000034332275,0.25099998712539673
2026-06-22 08:06:55,249.9600067138672,7.934999942779541,0.27399998903274536
2026-06-22 08:11:57,267.2409973144531,9.267999649047852,0.34200000762939453
2026-06-22 08:16:59,285.5050048828125,21.363000869750977,0.8420000076293945
2026-06-22 08:22:01,303.6289978027344,21.924999237060547,0.9190000295639038
2026-06-22 08:27:03,321.531005859375,22.812000274658203,1.0119999647140503
2026-06-22 08:32:05,339.19500732421875,23.56399917602539,1.1030000448226929
2026-06-22 08:37:07,356.3999938964844,23.875,1.1740000247955322
2026-06-22 08:42:09,374.3380126953125,24.32900047302246,1.2569999694824219
2026-06-22 08:47:12,394.572998046875,24.8799991607666,1.3550000190734863
2026-06-22 08:52:14,411.739013671875,25.961999893188477,1.475000023841858
2026-06-22 08:57:16,429.1549987792969,26.23200035095215,1.5540000200271606
2026-06-22 09:02:18,447.3739929199219,27.246999740600586,1.6820000410079956
2026-06-22 09:07:20,466.63299560546875,27.283000946044922,1.7569999694824219
2026-06-22 09:12:22,483.46099853515625,28.1200008392334,1.8760000467300415
2026-06-22 09:17:24,502.02899169921875,28.312999725341797,1.9620000123977661
2026-06-22 09:22:26,520.64501953125,28.618999481201172,2.055999994277954
2026-06-22 09:27:28,539.3790283203125,29.618999481201172,2.2049999237060547
2026-06-22 09:32:31,556.5570068359375,29.684999465942383,2.2799999713897705
2026-06-22 09:37:33,570.3599853515625,31.201000213623047,2.4560000896453857
2026-06-22 09:42:35,585.0419921875,33.16400146484375,2.677999973297119
2026-06-22 09:47:37,601.5360107421875,34.933998107910156,2.9000000953674316
2026-06-22 09:52:39,619.9910278320312,36.880001068115234,3.1549999713897705
2026-06-22 09:57:41,638.5549926757812,38.262001037597656,3.371999979019165
2026-06-22 10:02:43,654.4979858398438,39.62200164794922,3.5789999961853027
2026-06-22 10:07:45,673.0029907226562,40.37300109863281,3.75
2026-06-22 10:12:47,690.5900268554688,40.74100112915039,3.882999897003174
2026-06-22 10:17:50,706.416015625,41.82600021362305,4.077000141143799
2026-06-22 10:22:52,723.7990112304688,40.965999603271484,4.0920000076293945
2026-06-22 10:27:54,733.0469970703125,43.57400131225586,4.4079999923706055
2026-06-22 10:32:56,748.0269775390625,44.91699981689453,4.63700008392334
2026-06-22 10:37:58,764.5919799804688,45.39699935913086,4.789999961853027
2026-06-22 10:43:00,780.2130126953125,46.23500061035156,4.978000164031982
2026-06-22 10:48:02,797.9359741210938,46.255001068115234,5.0929999351501465
2026-06-22 10:53:04,807.6640014648438,47.354000091552734,5.2779998779296875
2026-06-22 10:58:07,824.551025390625,47.70000076293945,5.427999973297119
2026-06-22 11:03:09,837.7100219726562,48.33300018310547,5.5879998207092285
2026-06-22 11:08:11,851.2050170898438,48.72800064086914,5.723999977111816
2026-06-22 11:13:13,860.60302734375,49.46699905395508,5.875
2026-06-22 11:18:15,876.2490234375,50.314998626708984,6.084000110626221
2026-06-22 11:23:17,889.5640258789062,50.90999984741211,6.25
2026-06-22 11:28:19,902.2139892578125,51.3120002746582,6.388999938964844
2026-06-22 11:33:21,909.4249877929688,52.323001861572266,6.566999912261963
2026-06-22 11:38:23,920.1810302734375,52.527000427246094,6.670000076293945
2026-06-22 11:43:25,933.4949951171875,52.715999603271484,6.790999889373779
2026-06-22 11:48:28,942.6810302734375,53.02000045776367,6.896999835968018
2026-06-22 11:53:30,950.0170288085938,53.625999450683594,7.031000137329102
2026-06-22 11:58:32,960.2529907226562,53.970001220703125,7.1519999504089355
2026-06-22 12:03:34,961.7969970703125,55.262001037597656,7.335000038146973
2026-06-22 12:08:36,973.3820190429688,55.500999450683594,7.454999923706055
2026-06-22 12:13:38,974.3770141601562,56.047000885009766,7.535999774932861
2026-06-22 12:18:40,985.010986328125,56.23899841308594,7.644999980926514
2026-06-22 12:23:42,990.6480102539062,56.82500076293945,7.76800012588501
2026-06-22 12:28:44,999.6339721679688,56.939998626708984,7.855000019073486
2026-06-22 12:33:47,994.177978515625,57.18899917602539,7.8460001945495605
2026-06-22 12:38:49,992.4240112304688,57.630001068115234,7.89300012588501
2026-06-22 12:43:51,993.697998046875,58.17300033569336,7.9770002365112305
2026-06-22 12:48:53,992.0850219726562,58.28300094604492,7.979000091552734
2026-06-22 12:53:55,993.0289916992188,59.119998931884766,8.10200023651123
2026-06-22 12:58:57,997.0360107421875,59.145999908447266,8.137999534606934
2026-06-22 13:03:59,994.9210205078125,59.34199905395508,8.14799976348877
2026-06-22 13:09:01,1000.9650268554688,59.54800033569336,8.22599983215332
2026-06-22 13:14:03,999.7230224609375,59.347999572753906,8.187999725341797
2026-06-22 13:19:05,999.68798828125,59.67499923706055,8.232999801635742
2026-06-22 13:24:08,999.8289794921875,59.720001220703125,8.239999771118164
2026-06-22 13:29:10,993.4329833984375,59.61600112915039,8.17300033569336
2026-06-22 13:51:51,980.948974609375,13.182999610900879,1.784999966621399
2026-06-22 13:56:53,981.5059814453125,13.40999984741211,1.815999984741211
2026-06-22 14:01:55,974.2650146484375,49.76900100708008,6.690999984741211
2026-06-22 14:06:58,968.6220092773438,51.96500015258789,6.946000099182129
2026-06-22 14:12:00,957.56298828125,53.24300003051758,7.035999774932861
2026-06-22 14:17:02,957.427001953125,54.29999923706055,7.173999786376953
2026-06-22 14:22:04,959.4760131835938,54.79800033569336,7.25600004196167
2026-06-22 14:27:06,952.1649780273438,55.683998107910156,7.316999912261963
2026-06-22 14:32:08,953.1630249023438,56.132999420166016,7.383999824523926
2026-06-22 14:37:10,942.5650024414062,56.39699935913086,7.335999965667725
2026-06-22 14:42:12,938.5560302734375,56.79899978637695,7.35699987411499
2026-06-22 14:47:14,928.968017578125,56.66600036621094,7.263999938964844
2026-06-22 14:52:17,910.0869750976562,57.06999969482422,7.168000221252441
2026-06-22 14:57:19,900.0850219726562,56.744998931884766,7.047999858856201
2026-06-22 15:02:21,899.5570068359375,57.244998931884766,7.105999946594238
2026-06-22 15:07:23,887.8189697265625,56.92100143432617,6.973999977111816
2026-06-22 15:12:25,877.1279907226562,57.007999420166016,6.900000095367432
2026-06-22 15:17:27,871.8330078125,56.60200119018555,6.809999942779541
2026-06-22 15:22:29,857.5650024414062,56.814998626708984,6.723999977111816
2026-06-22 15:27:31,861.7880249023438,56.27399826049805,6.691999912261963
2026-06-22 15:32:34,856.1069946289062,56.051998138427734,6.622000217437744
2026-06-22 15:37:36,843.7579956054688,55.941001892089844,6.513999938964844
2026-06-22 15:42:38,831.4860229492188,55.82899856567383,6.406000137329102
2026-06-22 15:47:40,812.5689697265625,55.529998779296875,6.2270002365112305
2026-06-22 15:52:42,801.0670166015625,55.13800048828125,6.09499979019165
2026-06-22 15:57:44,789.4719848632812,54.70500183105469,5.960000038146973
2026-06-22 16:02:46,775.2940063476562,54.569000244140625,5.8379998207092285
2026-06-22 16:07:48,756.791015625,55.2599983215332,5.770999908447266
2026-06-22 16:12:50,745.4559936523438,54.762001037597656,5.633999824523926
2026-06-22 16:17:52,735.0540161132812,54.02000045776367,5.480000019073486
2026-06-22 16:22:55,720.7360229492188,54.00899887084961,5.372000217437744
2026-06-22 16:27:57,699.5360107421875,53.779998779296875,5.191999912261963
2026-06-22 16:32:59,677.0430297851562,53.854000091552734,5.0320000648498535
2026-06-22 16:38:01,667.7849731445312,53.20800018310547,4.9029998779296875
2026-06-22 16:43:03,646.1900024414062,53.08399963378906,4.734000205993652
2026-06-22 16:48:05,637.1820068359375,52.50299835205078,4.617000102996826
2026-06-22 16:53:07,578.2969970703125,53.03499984741211,4.23199987411499
2026-06-22 16:58:09,426.08599853515625,57.06700134277344,3.3559999465942383
2026-06-22 17:03:12,517.801025390625,52.882999420166016,3.7790000438690186
2026-06-22 17:08:14,581.6370239257812,51.04800033569336,4.0970001220703125
2026-06-22 17:13:16,551.8090209960938,50.91899871826172,3.877000093460083
2026-06-22 17:18:18,538.0640258789062,50.625999450683594,3.759000062942505
2026-06-22 17:23:20,507.7300109863281,49.948001861572266,3.5
2026-06-22 17:28:22,450.0480041503906,50.69599914550781,3.1489999294281006
2026-06-22 17:33:24,350.593994140625,48.95199966430664,2.368000030517578
2026-06-22 17:38:26,478.7590026855469,48.57500076293945,3.2090001106262207
2026-06-22 17:43:28,449.8330078125,48.65299987792969,3.0199999809265137
2026-06-22 17:48:30,426.5849914550781,47.71500015258789,2.809000015258789
2026-06-22 17:53:33,405.6960144042969,47.404998779296875,2.6540000438690186
2026-06-22 17:58:35,350.9570007324219,52.48400115966797,2.5420000553131104
2026-06-22 18:03:37,78.9749984741211,219.1479949951172,2.388000011444092
2026-06-22 18:08:39,79.41699981689453,207.24099731445312,2.2709999084472656
2026-06-22 18:13:41,82.1449966430664,186.37100219726562,2.11299991607666
2026-06-22 18:18:43,84.76000213623047,63.31399917602539,0.7409999966621399
2026-06-22 18:23:45,87.7750015258789,61.04199981689453,0.7390000224113464
2026-06-22 18:28:47,88.97100067138672,56.5359992980957,0.6940000057220459
2026-06-22 18:33:49,89.86100006103516,55.766998291015625,0.6919999718666077
2026-06-22 18:38:52,85.26899719238281,52.88399887084961,0.621999979019165
2026-06-22 18:43:54,81.93399810791016,54.715999603271484,0.6190000176429749
2026-06-22 18:48:56,79.09700012207031,52.35100173950195,0.5709999799728394
2026-06-22 18:53:58,76.88500213623047,51.82099914550781,0.550000011920929
2026-06-22 18:59:00,77.5469970703125,49.435001373291016,0.5289999842643738
2026-06-22 19:04:02,80.27200317382812,49.74399948120117,0.5509999990463257
2026-06-22 19:09:04,81.89700317382812,48.80799865722656,0.5519999861717224
2026-06-22 19:14:06,73.91300201416016,51.09299850463867,0.5210000276565552
2026-06-22 19:19:08,63.12099838256836,45.9640007019043,0.4000000059604645
2026-06-22 19:24:11,58.15299987792969,50.66400146484375,0.40700000524520874
2026-06-22 19:29:13,57.457000732421875,48.316001892089844,0.382999986410141
2026-06-22 19:34:15,57.12200164794922,45.82699966430664,0.3610000014305115
2026-06-22 19:39:17,56.393001556396484,48.71500015258789,0.3790000081062317
2026-06-22 19:44:19,60.83399963378906,49.755001068115234,0.4180000126361847
2026-06-22 19:49:21,64.69499969482422,46.652000427246094,0.4169999957084656
2026-06-22 19:54:23,62.849998474121094,45.64500045776367,0.3959999978542328
2026-06-22 19:59:25,58.584999084472656,47.82600021362305,0.3869999945163727
2026-06-22 20:04:28,53.5359992980957,46.42900085449219,0.34299999475479126
2026-06-22 20:09:30,48.10300064086914,50.928001403808594,0.33799999952316284
2026-06-22 20:14:32,42.86600112915039,50.49700164794922,0.29899999499320984
2026-06-22 20:19:34,37.803001403808594,52.518001556396484,0.27399998903274536
2026-06-22 20:24:36,30.71500015258789,53.59600067138672,0.22699999809265137
2026-06-22 20:29:38,26.895999908447266,50.20399856567383,0.1860000044107437
2026-06-22 20:34:40,24.128999710083008,45.36000061035156,0.1509999930858612
2026-06-22 20:39:42,21.733999252319336,51.38999938964844,0.15399999916553497
2026-06-22 20:44:44,19.408000946044922,52.696998596191406,0.14100000262260437
2026-06-22 20:49:47,16.951000213623047,48.48699951171875,0.11299999803304672
2026-06-22 20:54:49,14.234999656677246,47.202999114990234,0.09300000220537186
2026-06-22 20:59:51,11.883000373840332,11.708000183105469,0.01899999938905239
2026-06-22 21:04:53,9.859000205993652,0.421999990940094,0.0010000000474974513
2026-06-22 21:09:55,8.055000305175781,0.35600000619888306,0.0
2026-06-22 21:14:57,6.2270002365112305,0.5239999890327454,0.0
2026-06-22 21:19:59,4.349999904632568,0.5019999742507935,0.0
2026-06-22 21:25:02,2.615999937057495,0.7870000004768372,0.0
2026-06-22 21:30:04,1.1859999895095825,0.20900000631809235,0.0
2026-06-23 05:41:05,1.1859999895095825,0.20900000631809235,0.0
2026-06-23 05:46:07,5.25,0.3659999966621399,0.0
2026-06-23 05:51:09,7.2210001945495605,0.1850000023841858,0.0
2026-06-23 05:56:11,9.270000457763672,0.19900000095367432,0.0
2026-06-23 06:01:13,11.538000106811523,0.25600001215934753,0.0
2026-06-23 06:06:15,13.920000076293945,0.31299999356269836,0.0010000000474974513
2026-06-23 06:11:17,16.80900001525879,0.20399999618530273,0.0
2026-06-23 06:16:20,19.40999984741211,0.25200000405311584,0.0010000000474974513
2026-06-23 06:21:22,21.656999588012695,8.762999534606934,0.026000000536441803
2026-06-23 06:26:24,24.92099952697754,13.00100040435791,0.04500000178813934
2026-06-23 06:31:26,27.496999740600586,23.79400062561035,0.09000000357627869
2026-06-23 06:36:28,30.04599952697754,29.809999465942383,0.12399999797344208
2026-06-23 06:41:30,32.321998596191406,26.492000579833984,0.11800000071525574
2026-06-23 06:46:32,34.935001373291016,29.39299964904785,0.1420000046491623
2026-06-23 06:51:34,37.262001037597656,29.631000518798828,0.15199999511241913
2026-06-23 06:56:37,39.209999084472656,28.766000747680664,0.15600000321865082
2026-06-23 07:01:39,40.983001708984375,26.39299964904785,0.14900000393390656
2026-06-23 07:06:41,43.027000427246094,27.767000198364258,0.16500000655651093
2026-06-23 07:11:43,45.07699966430664,28.121000289916992,0.17499999701976776
2026-06-23 07:16:45,47.027000427246094,28.29800033569336,0.18400000035762787
2026-06-23 07:21:47,48.986000061035156,30.19700050354004,0.20399999618530273
2026-06-23 07:26:49,51.3489990234375,30.69099998474121,0.21699999272823334
2026-06-23 07:31:51,53.54499816894531,28.155000686645508,0.20800000429153442
2026-06-23 07:36:54,55.547000885009766,32.777000427246094,0.25099998712539673
2026-06-23 07:41:56,57.74599838256836,31.374000549316406,0.25
2026-06-23 07:46:58,59.91999816894531,30.506000518798828,0.25200000405311584
2026-06-23 07:52:00,62.50699996948242,30.382999420166016,0.2619999945163727
2026-06-23 07:57:02,145.322998046875,13.331999778747559,0.2669999897480011
2026-06-23 08:02:04,227.197998046875,9.505000114440918,0.2980000078678131
2026-06-23 08:07:06,244.48500061035156,9.39799976348877,0.31700000166893005
2026-06-23 08:12:08,259.4880065917969,10.079000473022461,0.3610000014305115
2026-06-23 08:17:11,278.0920104980469,21.641000747680664,0.8309999704360962
2026-06-23 08:22:13,295.3370056152344,22.07200050354004,0.8999999761581421
2026-06-23 08:27:15,312.6929931640625,21.711000442504883,0.9369999766349792
2026-06-23 08:32:17,332.1050109863281,23.732999801635742,1.0880000591278076
2026-06-23 08:37:19,348.614990234375,23.667999267578125,1.1390000581741333
2026-06-23 08:42:21,365.531005859375,24.354999542236328,1.2289999723434448
2026-06-23 08:47:23,383.86700439453125,25.014999389648438,1.3250000476837158
2026-06-23 08:52:25,401.8580017089844,25.76099967956543,1.4290000200271606
2026-06-23 08:57:28,418.7760009765625,26.82900047302246,1.5499999523162842
2026-06-23 09:02:30,436.61700439453125,28.20599937438965,1.6990000009536743
2026-06-23 09:07:32,446.92999267578125,28.19099998474121,1.7389999628067017
2026-06-23 09:12:34,471.3900146484375,28.56800079345703,1.8580000400543213
2026-06-23 09:17:36,487.0719909667969,29.281999588012695,1.968000054359436
2026-06-23 09:22:38,501.84600830078125,29.65999984741211,2.053999900817871
2026-06-23 09:27:40,521.0640258789062,30.361000061035156,2.183000087738037
2026-06-23 09:32:42,538.1229858398438,31.367000579833984,2.3289999961853027
2026-06-23 09:37:45,553.5499877929688,32.608001708984375,2.490999937057495
2026-06-23 09:42:47,572.3709716796875,34.775001525878906,2.746999979019165
2026-06-23 09:47:49,586.4229736328125,36.59600067138672,2.9619998931884766
2026-06-23 09:52:51,605.4149780273438,37.750999450683594,3.1540000438690186
2026-06-23 09:57:53,622.3150024414062,39.433998107910156,3.38700008392334
2026-06-23 10:02:55,636.489990234375,41.362998962402344,3.632999897003174
2026-06-23 10:07:57,652.1430053710938,42.409000396728516,3.816999912261963
2026-06-23 10:12:59,667.0050048828125,43.14899826049805,3.9719998836517334
2026-06-23 10:18:02,682.0050048828125,43.62900161743164,4.105999946594238
2026-06-23 10:23:04,698.1119995117188,44.902000427246094,4.326000213623047
2026-06-23 10:28:06,703.1309814453125,45.72100067138672,4.435999870300293
2026-06-23 10:33:08,721.6060180664062,46.10900115966797,4.5920000076293945
2026-06-23 10:38:10,733.2730102539062,47.2760009765625,4.783999919891357
2026-06-23 10:43:12,736.4879760742188,47.54800033569336,4.833000183105469
2026-06-23 10:48:14,778.156982421875,46.4630012512207,4.988999843597412
2026-06-23 10:53:16,792.0399780273438,48.23099899291992,5.271999835968018
2026-06-23 10:58:19,807.8629760742188,48.65999984741211,5.425000190734863
2026-06-23 11:03:21,822.8709716796875,49.07500076293945,5.572999954223633
2026-06-23 11:08:23,830.427001953125,49.40599822998047,5.6620001792907715
2026-06-23 11:13:25,845.25,49.88800048828125,5.818999767303467
2026-06-23 11:18:27,857.927001953125,50.30500030517578,5.955999851226807
2026-06-23 11:23:29,870.4210205078125,50.53499984741211,6.070000171661377
2026-06-23 11:28:31,879.5289916992188,51.42300033569336,6.241000175476074
2026-06-23 11:33:33,885.3779907226562,51.66999816894531,6.313000202178955
2026-06-23 11:38:36,900.27099609375,52.15399932861328,6.479000091552734
2026-06-23 11:43:38,916.135009765625,51.821998596191406,6.552000045776367
2026-06-23 11:48:40,924.7659912109375,52.66600036621094,6.7210001945495605
2026-06-23 11:53:42,932.4299926757812,53.64699935913086,6.9029998779296875
2026-06-23 11:58:44,939.6900024414062,54.48400115966797,7.065000057220459
2026-06-23 12:03:46,948.8400268554688,54.54199981689453,7.142000198364258
2026-06-23 12:08:48,953.135986328125,55.30799865722656,7.275000095367432
2026-06-23 12:13:51,964.2230224609375,55.54800033569336,7.390999794006348
2026-06-23 12:18:53,960.0339965820312,56.198001861572266,7.445000171661377
2026-06-23 12:23:55,964.8049926757812,56.470001220703125,7.519000053405762
2026-06-23 12:28:57,966.8109741210938,56.689998626708984,7.564000129699707
2026-06-23 12:33:59,983.114990234375,56.68199920654297,7.690000057220459
2026-06-23 12:39:01,994.1740112304688,57.35599899291992,7.86899995803833
2026-06-23 12:44:03,1005.4089965820312,57.75699996948242,8.013999938964844
2026-06-23 12:49:05,1011.2249755859375,57.875999450683594,8.07699966430664
2026-06-23 12:54:07,1007.8150024414062,57.36899948120117,7.979000091552734
2026-06-23 12:59:10,1011.72802734375,57.3849983215332,8.01200008392334
2026-06-23 13:04:12,985.7839965820312,57.939998626708984,7.881999969482422
2026-06-23 13:09:14,993.8560180664062,58.00199890136719,7.954999923706055
2026-06-23 13:14:16,994.85498046875,58.465999603271484,8.027000427246094
2026-06-23 13:19:18,994.3289794921875,58.99800109863281,8.095999717712402
2026-06-23 13:24:20,1001.8790283203125,58.691001892089844,8.114999771118164
2026-06-23 13:29:22,997.3920288085938,59.23099899291992,8.152999877929688
2026-06-23 13:53:02,997.9019775390625,57.07899856567383,7.860000133514404
2026-06-23 13:58:04,988.344970703125,58.69499969482422,8.005000114440918
2026-06-23 14:03:06,988.4019775390625,58.95899963378906,8.041999816894531
2026-06-23 14:08:08,986.7769775390625,59.362998962402344,8.083999633789062
2026-06-23 14:13:10,973.3779907226562,59.28200149536133,7.9629998207092285
2026-06-23 14:18:12,980.1929931640625,59.4109992980957,8.03600025177002
2026-06-23 14:23:14,973.4739990234375,59.83100128173828,8.038000106811523
2026-06-23 14:28:17,970.7750244140625,60.25400161743164,8.071999549865723
2026-06-23 14:33:19,948.8729858398438,60.04399871826172,7.861999988555908
2026-06-23 14:38:21,945.1699829101562,59.893001556396484,7.811999797821045
2026-06-23 14:43:23,945.93798828125,59.32400131225586,7.74399995803833
2026-06-23 14:48:25,946.8510131835938,59.09000015258789,7.7210001945495605
2026-06-23 14:53:27,943.0980224609375,59.03900146484375,7.684000015258789
2026-06-23 14:58:29,910.4639892578125,58.91400146484375,7.4019999504089355
2026-06-23 15:03:31,897.52197265625,58.29499816894531,7.21999979019165
2026-06-23 15:08:34,881.1060180664062,58.27899932861328,7.085999965667725
2026-06-23 15:13:36,873.7509765625,57.66699981689453,6.953000068664551
2026-06-23 15:18:38,881.6719970703125,57.8390007019043,7.0370001792907715
2026-06-23 15:23:40,867.3779907226562,57.180999755859375,6.843999862670898
2026-06-23 15:28:42,850.7169799804688,56.959999084472656,6.686999797821045
2026-06-23 15:33:44,843.35400390625,56.433998107910156,6.567999839782715
2026-06-23 15:38:46,810.8619995117188,56.930999755859375,6.370999813079834
2026-06-23 15:43:48,804.1859741210938,55.61000061035156,6.171000003814697
2026-06-23 15:48:51,800.614990234375,55.84700012207031,6.170000076293945
2026-06-23 15:53:53,836.0369873046875,55.542999267578125,6.4079999923706055
2026-06-23 15:58:55,851.8389892578125,55.2140007019043,6.491000175476074
2026-06-23 16:03:57,830.3060302734375,54.856998443603516,6.285999774932861
2026-06-23 16:08:59,122.71199798583984,67.6760025024414,1.1460000276565552
2026-06-23 16:14:01,269.4020080566406,52.43199920654297,1.9490000009536743
2026-06-23 16:19:03,791.0780029296875,53.95800018310547,5.890999794006348
2026-06-23 16:24:05,181.67999267578125,61.974998474121094,1.5540000200271606
2026-06-23 16:29:08,577.2249755859375,54.388999938964844,4.331999778747559
2026-06-23 16:34:10,639.760009765625,53.34000015258789,4.709000110626221
2026-06-23 16:39:12,536.8499755859375,53.98099899291992,3.999000072479248
2026-06-23 16:44:14,465.2070007324219,54.09199905395508,3.4730000495910645
2026-06-23 16:49:16,290.8529968261719,57.512001037597656,2.308000087738037
2026-06-23 16:54:18,187.21299743652344,65.33499908447266,1.687999963760376
2026-06-23 16:59:20,191.3350067138672,57.30400085449219,1.5130000114440918
2026-06-23 17:04:22,188.4709930419922,55.50199890136719,1.444000005722046
2026-06-23 17:09:25,184.19000244140625,54.74599838256836,1.3919999599456787
2026-06-23 17:14:27,182.6529998779297,52.83000183105469,1.3320000171661377
2026-06-23 17:19:29,179.43299865722656,52.941001892089844,1.3109999895095825
2026-06-23 17:24:31,197.60499572753906,51.63999938964844,1.4079999923706055
2026-06-23 17:29:33,216.0050048828125,49.25400161743164,1.468000054359436
2026-06-23 17:34:35,241.26300048828125,48.52199935913086,1.6160000562667847
2026-06-23 17:39:37,255.68699645996094,47.994998931884766,1.6929999589920044
2026-06-23 17:44:39,279.8500061035156,47.624000549316406,1.8389999866485596
2026-06-23 17:49:42,252.1060028076172,49.3489990234375,1.7170000076293945
2026-06-23 17:54:44,319.8699951171875,49.02199935913086,2.1640000343322754
2026-06-23 17:59:46,261.80999755859375,62.26599884033203,2.25
2026-06-23 18:04:48,212.52999877929688,74.36900329589844,2.180999994277954
2026-06-23 18:09:50,202.031005859375,72.29900360107422,2.0160000324249268
2026-06-23 18:14:52,192.9510040283203,65.75,1.7510000467300415
2026-06-23 18:19:54,185.46299743652344,53.321998596191406,1.3650000095367432
2026-06-23 18:24:56,178.61700439453125,52.433998107910156,1.2920000553131104
2026-06-23 18:29:58,173.3300018310547,52.374000549316406,1.253000020980835
2026-06-23 18:35:01,165.38099670410156,52.566001892089844,1.2000000476837158
2026-06-23 18:40:03,155.0030059814453,53.19900131225586,1.1380000114440918
2026-06-23 18:45:05,147.8489990234375,51.01100158691406,1.0410000085830688
2026-06-23 18:50:07,143.7830047607422,52.5890007019043,1.0429999828338623
2026-06-23 18:55:09,139.7989959716797,51.11600112915039,0.9860000014305115
2026-06-23 19:00:11,132.09500122070312,51.69300079345703,0.9419999718666077
2026-06-23 19:05:13,128.1580047607422,51.417999267578125,0.9089999794960022
2026-06-23 19:10:16,126.59200286865234,51.6609992980957,0.902999997138977
2026-06-23 19:15:18,124.21700286865234,49.999000549316406,0.8569999933242798
2026-06-23 19:20:20,121.12200164794922,51.444000244140625,0.8600000143051147
2026-06-23 19:25:22,120.61000061035156,50.823001861572266,0.8460000157356262
2026-06-23 19:30:24,120.87899780273438,50.16400146484375,0.8370000123977661
2026-06-23 19:35:26,117.9209976196289,50.41400146484375,0.8199999928474426
2026-06-23 19:40:28,111.31800079345703,51.0620002746582,0.7839999794960022
2026-06-23 19:45:30,103.93900299072266,51.018001556396484,0.7319999933242798
2026-06-23 19:50:33,94.43000030517578,50.87099838256836,0.6629999876022339
2026-06-23 19:55:35,85.01899719238281,50.7760009765625,0.5960000157356262
2026-06-23 20:00:37,77.40699768066406,51.090999603271484,0.5460000038146973
2026-06-23 20:05:39,70.93699645996094,49.50199890136719,0.48500001430511475
2026-06-23 20:10:41,65.552001953125,49.4739990234375,0.4480000138282776
2026-06-23 20:15:43,60.50699996948242,48.75699996948242,0.40700000524520874
2026-06-23 20:20:45,52.59199905395508,49.72999954223633,0.3610000014305115
2026-06-23 20:25:47,45.16899871826172,43.731998443603516,0.27300000190734863
2026-06-23 20:30:50,39.22100067138672,51.737998962402344,0.2800000011920929
2026-06-23 20:35:52,35.053001403808594,42.387001037597656,0.20499999821186066
2026-06-23 20:40:54,30.86199951171875,50.347999572753906,0.21400000154972076
2026-06-23 20:45:56,26.844999313354492,48.50699996948242,0.18000000715255737
2026-06-23 20:50:58,22.117000579833984,48.57699966430664,0.14800000190734863
2026-06-23 20:56:00,17.56100082397461,35.547000885009766,0.0860000029206276
2026-06-23 21:01:02,14.645999908447266,10.1899995803833,0.020999999716877937
2026-06-23 21:06:04,11.968000411987305,0.3619999885559082,0.0010000000474974513
2026-06-23 21:11:06,9.413999557495117,0.3659999966621399,0.0
2026-06-23 21:16:09,6.622000217437744,0.40400001406669617,0.0
2026-06-23 21:21:11,4.506999969482422,0.5339999794960022,0.0
2026-06-23 21:26:13,2.880000114440918,0.515999972820282,0.0
2026-06-23 21:31:15,1.6990000009536743,0.3779999911785126,0.0
2026-06-24 05:41:14,1.6990000009536743,0.3779999911785126,0.0
2026-06-24 05:46:16,4.9019999504089355,0.22300000488758087,0.0
2026-06-24 05:51:18,6.797999858856201,0.20999999344348907,0.0
2026-06-24 05:56:20,9.01099967956543,0.22699999809265137,0.0
2026-06-24 06:01:22,11.133999824523926,0.25600001215934753,0.0
2026-06-24 06:06:24,13.758000373840332,0.27300000190734863,0.0010000000474974513
2026-06-24 06:11:26,16.232999801635742,0.22599999606609344,0.0010000000474974513
2026-06-24 06:16:29,19.149999618530273,0.3089999854564667,0.0010000000474974513
2026-06-24 06:21:31,21.46500015258789,8.182000160217285,0.024000000208616257
2026-06-24 06:26:33,24.954999923706055,11.859999656677246,0.04100000113248825
2026-06-24 06:31:35,27.961000442504883,28.39900016784668,0.10999999940395355
2026-06-24 06:36:37,30.5049991607666,25.15399932861328,0.10599999874830246
2026-06-24 06:41:39,32.643001556396484,26.274999618530273,0.11800000071525574
2026-06-24 06:46:41,35.071998596191406,25.66900062561035,0.12399999797344208
2026-06-24 06:51:43,37.57099914550781,28.95800018310547,0.15000000596046448
2026-06-24 06:56:46,39.88199996948242,30.827999114990234,0.17000000178813934
2026-06-24 07:01:48,42.11899948120117,30.648000717163086,0.17800000309944153
2026-06-24 07:06:50,44.448001861572266,31.7189998626709,0.19499999284744263
2026-06-24 07:11:52,46.69900131225586,31.76300048828125,0.20499999821186066
2026-06-24 07:16:54,48.86199951171875,29.902999877929688,0.20200000703334808
2026-06-24 07:21:56,51.215999603271484,29.881999969482422,0.210999995470047
2026-06-24 07:26:58,53.60200119018555,31.850000381469727,0.23600000143051147
2026-06-24 07:32:01,55.78200149536133,31.469999313354492,0.24199999868869781
2026-06-24 07:37:03,57.86899948120117,31.770000457763672,0.2540000081062317
2026-06-24 07:42:05,60.31800079345703,32.117000579833984,0.2669999897480011
2026-06-24 07:47:07,62.472999572753906,32.37799835205078,0.27900001406669617
2026-06-24 07:52:09,64.72799682617188,29.941999435424805,0.2669999897480011
2026-06-24 07:57:11,147.88299560546875,15.258999824523926,0.3109999895095825
2026-06-24 08:02:13,224.04600524902344,9.678000450134277,0.29899999499320984
2026-06-24 08:07:15,241.57000732421875,8.378000259399414,0.27900001406669617
2026-06-24 08:12:18,260.2090148925781,10.208999633789062,0.367000013589859
2026-06-24 08:17:20,276.1919860839844,22.253999710083008,0.8479999899864197
2026-06-24 08:22:22,293.22698974609375,21.59600067138672,0.8740000128746033
2026-06-24 08:27:24,310.6780090332031,23.73900032043457,1.0180000066757202
2026-06-24 08:32:26,328.5169982910156,24.176000595092773,1.0959999561309814
2026-06-24 08:37:28,347.364990234375,24.611000061035156,1.1799999475479126
2026-06-24 08:42:30,365.1059875488281,25.246000289916992,1.2719999551773071
2026-06-24 08:47:33,382.63800048828125,25.62700080871582,1.3530000448226929
2026-06-24 08:52:35,400.4429931640625,26.582000732421875,1.468999981880188
2026-06-24 08:57:37,418.5530090332031,27.034000396728516,1.5609999895095825
2026-06-24 09:02:39,435.64801025390625,28.242000579833984,1.6979999542236328
2026-06-24 09:07:41,453.6080017089844,27.972000122070312,1.7510000467300415
2026-06-24 09:12:43,467.3280029296875,28.986000061035156,1.86899995803833
2026-06-24 09:17:45,484.8370056152344,29.729000091552734,1.9889999628067017
2026-06-24 09:22:47,503.614013671875,30.320999145507812,2.1070001125335693
2026-06-24 09:27:50,520.8300170898438,31.25,2.246000051498413
2026-06-24 09:32:52,538.0800170898438,32.62300109863281,2.421999931335449
2026-06-24 09:37:54,553.77099609375,33.46200180053711,2.556999921798706
2026-06-24 09:42:56,570.4229736328125,34.10900115966797,2.684999942779541
2026-06-24 09:47:58,586.1500244140625,34.95800018310547,2.828000068664551
2026-06-24 09:53:00,607.8829956054688,36.09700012207031,3.0280001163482666
2026-06-24 09:58:02,621.239013671875,37.16299819946289,3.186000108718872
2026-06-24 10:03:04,639.7260131835938,38.28300094604492,3.380000114440918
2026-06-24 10:08:07,654.0250244140625,39.880001068115234,3.5989999771118164
2026-06-24 10:13:09,673.3469848632812,40.36800003051758,3.750999927520752
2026-06-24 10:18:11,687.4940185546875,42.176998138427734,4.001999855041504
2026-06-24 10:23:13,704.3699951171875,42.698001861572266,4.150000095367432
2026-06-24 10:28:15,722.0910034179688,42.72700119018555,4.257999897003174
2026-06-24 10:33:17,741.0020141601562,43.32899856567383,4.431000232696533
2026-06-24 10:38:19,754.6240234375,44.36399841308594,4.619999885559082
2026-06-24 10:43:21,769.9030151367188,44.96200180053711,4.7769999504089355
2026-06-24 10:48:24,787.0170288085938,46.09000015258789,5.00600004196167
2026-06-24 10:53:26,795.218017578125,46.95000076293945,5.1519999504089355
2026-06-24 10:58:28,811.5889892578125,47.03099822998047,5.267000198364258
2026-06-24 11:03:30,827.2429809570312,48.00600051879883,5.480000019073486
2026-06-24 11:08:32,842.2429809570312,48.70600128173828,5.660999774932861
2026-06-24 11:13:34,853.7230224609375,49.57400131225586,5.840000152587891
2026-06-24 11:18:36,865.5339965820312,49.98400115966797,5.96999979019165
2026-06-24 11:23:38,880.3270263671875,49.73899841308594,6.041999816894531
2026-06-24 11:28:41,889.2529907226562,50.53499984741211,6.202000141143799
2026-06-24 11:33:43,899.6090087890625,50.448001861572266,6.263000011444092
2026-06-24 11:38:45,907.7670288085938,51.047000885009766,6.394999980926514
2026-06-24 11:43:47,920.4210205078125,52.069000244140625,6.613999843597412
2026-06-24 11:48:49,928.4249877929688,52.60200119018555,6.738999843597412
2026-06-24 11:53:51,940.1669921875,53.15700149536133,6.896999835968018
2026-06-24 11:58:53,945.3330078125,53.46500015258789,6.974999904632568
2026-06-24 12:03:56,955.9000244140625,53.93199920654297,7.113999843597412
2026-06-24 12:08:58,962.7930297851562,54.63399887084961,7.258999824523926
2026-06-24 12:14:00,966.9749755859375,54.62699890136719,7.289999961853027
2026-06-24 12:19:02,976.6069946289062,54.99599838256836,7.4120001792907715
2026-06-24 12:24:04,977.5679931640625,54.832000732421875,7.396999835968018
2026-06-24 12:29:06,987.7420043945312,55.59600067138672,7.578000068664551
2026-06-24 12:34:08,987.3939819335938,55.90800094604492,7.618000030517578
2026-06-24 12:39:10,993.031982421875,56.292999267578125,7.714000225067139
2026-06-24 12:44:13,993.0189819335938,56.4010009765625,7.729000091552734
2026-06-24 12:49:15,997.56298828125,56.72999954223633,7.809999942779541
2026-06-24 12:54:17,992.1669921875,57.290000915527344,7.843999862670898
2026-06-24 12:59:19,997.4879760742188,57.14099884033203,7.866000175476074
2026-06-24 13:04:21,995.3829956054688,57.513999938964844,7.900000095367432
2026-06-24 13:09:23,995.6409912109375,57.849998474121094,7.947999954223633
2026-06-24 13:14:25,985.0399780273438,57.5890007019043,7.828000068664551
2026-06-24 13:19:28,983.7869873046875,58.27299880981445,7.910999774932861
2026-06-24 13:24:30,989.77099609375,58.28300094604492,7.960999965667725
2026-06-24 13:29:32,986.7039794921875,57.94499969482422,7.889999866485596
2026-06-24 13:52:20,979.9860229492188,57.42100143432617,7.764999866485596
2026-06-24 13:57:22,972.1900024414062,62.073001861572266,8.32800006866455
2026-06-24 14:02:24,970.5850219726562,61.888999938964844,8.288999557495117
2026-06-24 14:07:27,963.2069702148438,61.275001525878906,8.145000457763672
2026-06-24 14:12:29,967.698974609375,60.72600173950195,8.109999656677246
2026-06-24 14:17:31,958.8480224609375,60.33399963378906,7.982999801635742
2026-06-24 14:22:33,954.0239868164062,60.40800094604492,7.953000068664551
2026-06-24 14:27:35,948.7420043945312,60.402000427246094,7.9079999923706055
2026-06-24 14:32:37,939.7150268554688,60.268001556396484,7.815999984741211
2026-06-24 14:37:39,934.2080078125,60.189998626708984,7.760000228881836
2026-06-24 14:42:42,928.7410278320312,59.97600173950195,7.686999797821045
2026-06-24 14:47:44,925.0989990234375,59.334999084472656,7.574999809265137
2026-06-24 14:52:46,919.2249755859375,58.625999450683594,7.436999797821045
2026-06-24 14:57:48,907.8889770507812,58.354000091552734,7.310999870300293
2026-06-24 15:02:50,904.1099853515625,58.32899856567383,7.2779998779296875
2026-06-24 15:07:52,902.1710205078125,57.61899948120117,7.173999786376953
2026-06-24 15:12:54,884.1229858398438,57.702999114990234,7.039999961853027
2026-06-24 15:17:56,874.9530029296875,57.479000091552734,6.940000057220459
2026-06-24 15:22:59,869.2890014648438,56.979000091552734,6.835000038146973
2026-06-24 15:28:01,857.43798828125,56.584999084472656,6.696000099182129
2026-06-24 15:33:03,844.6389770507812,55.922000885009766,6.51800012588501
2026-06-24 15:38:05,836.7570190429688,55.801998138427734,6.443999767303467
2026-06-24 15:43:07,819.4630126953125,55.53499984741211,6.28000020980835
2026-06-24 15:48:09,813.0239868164062,55.5,6.2270002365112305
2026-06-24 15:53:11,792.468994140625,55.4119987487793,6.059999942779541
2026-06-24 15:58:14,793.291015625,55.047000885009766,6.026000022888184
2026-06-24 16:03:16,763.6290283203125,54.60599899291992,5.754000186920166
2026-06-24 16:08:18,756.4550170898438,54.06399917602539,5.644000053405762
2026-06-24 16:13:20,739.781005859375,54.06700134277344,5.519999980926514
2026-06-24 16:18:22,732.7039794921875,53.19900131225586,5.379000186920166
2026-06-24 16:23:24,711.5889892578125,53.007999420166016,5.204999923706055
2026-06-24 16:28:26,690.64501953125,52.439998626708984,4.998000144958496
2026-06-24 16:33:28,683.010009765625,52.34299850463867,4.934000015258789
2026-06-24 16:38:31,667.39501953125,52.395999908447266,4.826000213623047
2026-06-24 16:43:33,647.89697265625,51.60100173950195,4.613999843597412
2026-06-24 16:48:35,640.9710083007812,51.159000396728516,4.525000095367432
2026-06-24 16:53:37,624.9829711914062,51.012001037597656,4.400000095367432
2026-06-24 16:58:39,604.6669921875,50.69900131225586,4.230999946594238
2026-06-24 17:03:41,585.7100219726562,50.0880012512207,4.048999786376953
2026-06-24 17:08:43,563.1110229492188,49.93199920654297,3.880000114440918
2026-06-24 17:13:45,551.2249755859375,50.29399871826172,3.8259999752044678
2026-06-24 17:18:48,522.8489990234375,48.69599914550781,3.5139999389648438
2026-06-24 17:23:50,510.0090026855469,48.98400115966797,3.447999954223633
2026-06-24 17:28:52,495.87701416015625,47.84199905395508,3.2739999294281006
2026-06-24 17:33:54,477.125,46.75699996948242,3.0789999961853027
2026-06-24 17:38:56,457.81500244140625,47.736000061035156,3.0160000324249268
2026-06-24 17:43:58,426.6889953613281,47.165000915527344,2.7769999504089355
2026-06-24 17:49:00,265.70599365234375,27.834999084472656,1.0210000276565552
2026-06-24 17:54:02,395.7030029296875,45.263999938964844,2.4719998836517334
2026-06-24 17:59:05,337.27899169921875,49.2760009765625,2.2939999103546143
2026-06-24 18:04:07,76.01100158691406,209.53199768066406,2.197999954223633
2026-06-24 18:09:09,73.18199920654297,200.5070037841797,2.0250000953674316
2026-06-24 18:14:11,72.17400360107422,191.9929962158203,1.9119999408721924
2026-06-24 18:19:13,70.51399993896484,63.590999603271484,0.6190000176429749
2026-06-24 18:24:15,69.1520004272461,58.729000091552734,0.5600000023841858
2026-06-24 18:29:17,67.75900268554688,54.354000091552734,0.5080000162124634
2026-06-24 18:34:20,66.09500122070312,55.35300064086914,0.5049999952316284
2026-06-24 18:39:22,64.35900115966797,52.27899932861328,0.46399998664855957
2026-06-24 18:44:24,62.13600158691406,52.632999420166016,0.45100000500679016
2026-06-24 18:49:26,60.553001403808594,50.367000579833984,0.42100000381469727
2026-06-24 18:54:28,60.20800018310547,50.84000015258789,0.421999990940094
2026-06-24 18:59:30,59.27799987792969,49.67399978637695,0.4059999883174896
2026-06-24 19:04:32,58.03099822998047,48.33599853515625,0.3869999945163727
2026-06-24 19:09:34,56.67399978637695,49.57600021362305,0.3880000114440918
2026-06-24 19:14:37,55.36199951171875,48.60200119018555,0.3709999918937683
2026-06-24 19:19:39,54.54399871826172,48.91699981689453,0.36800000071525574
2026-06-24 19:24:41,53.4379997253418,48.45800018310547,0.3569999933242798
2026-06-24 19:29:43,53.23400115966797,43.68000030517578,0.32100000977516174
2026-06-24 19:34:45,51.61399841308594,47.09400177001953,0.33500000834465027
2026-06-24 19:39:47,50.6349983215332,45.56999969482422,0.3179999887943268
2026-06-24 19:44:49,49.28200149536133,48.6619987487793,0.3310000002384186
2026-06-24 19:49:51,47.986000061035156,48.20199966430664,0.3190000057220459
2026-06-24 19:54:54,46.54600143432617,44.176998138427734,0.2840000092983246
2026-06-24 19:59:56,44.680999755859375,46.32899856567383,0.28600001335144043
2026-06-24 20:04:58,43.1870002746582,48.04899978637695,0.28600001335144043
2026-06-24 20:10:00,42.1349983215332,46.527000427246094,0.2709999978542328
2026-06-24 20:15:02,40.606998443603516,42.93299865722656,0.2409999966621399
2026-06-24 20:20:04,38.803001403808594,47.36199951171875,0.2540000081062317
2026-06-24 20:25:06,34.354000091552734,48.42100143432617,0.23000000417232513
2026-06-24 20:30:08,31.972999572753906,43.9370002746582,0.1940000057220459
2026-06-24 20:35:11,29.57699966430664,45.79800033569336,0.18700000643730164
2026-06-24 20:40:13,26.944000244140625,42.090999603271484,0.15700000524520874
2026-06-24 20:45:15,24.37700080871582,46.1609992980957,0.1550000011920929
2026-06-24 20:50:17,21.464000701904297,45.57099914550781,0.13500000536441803
2026-06-24 20:55:19,18.701000213623047,40.14500045776367,0.10400000214576721
2026-06-24 21:00:21,16.11199951171875,16.30699920654297,0.035999998450279236
2026-06-24 21:05:23,13.265000343322754,0.7379999756813049,0.0010000000474974513
2026-06-24 21:10:26,10.741000175476074,0.375,0.0010000000474974513
2026-06-24 21:15:28,8.236000061035156,0.30799999833106995,0.0
2026-06-24 21:20:30,5.908999919891357,0.33799999952316284,0.0
2026-06-24 21:25:32,3.6110000610351562,0.33899998664855957,0.0
2026-06-24 21:30:34,2.257999897003174,0.49399998784065247,0.0
2026-06-25 05:42:20,2.257999897003174,0.49399998784065247,0.0
2026-06-25 05:47:22,5.879000186920166,0.2680000066757202,0.0
2026-06-25 05:52:24,7.877999782562256,0.2759999930858612,0.0
2026-06-25 05:57:26,9.86299991607666,0.33000001311302185,0.0
2026-06-25 06:02:28,11.871999740600586,0.257999986410141,0.0
2026-06-25 06:07:30,13.86299991607666,0.28600001335144043,0.0010000000474974513
2026-06-25 06:12:32,16.090999603271484,0.30000001192092896,0.0010000000474974513
2026-06-25 06:17:35,18.924999237060547,6.1539998054504395,0.01600000075995922
2026-06-25 06:22:37,21.30900001525879,7.357999801635742,0.02199999988079071
2026-06-25 06:27:39,24.708999633789062,15.574000358581543,0.05299999937415123
2026-06-25 06:32:41,27.268999099731445,27.607999801635742,0.10400000214576721
2026-06-25 06:37:43,29.44700050354004,27.934999465942383,0.11400000005960464
2026-06-25 06:42:45,31.131000518798828,23.923999786376953,0.10300000011920929
2026-06-25 06:47:47,33.24800109863281,28.350000381469727,0.12999999523162842
2026-06-25 06:52:49,35.07699966430664,21.843000411987305,0.10599999874830246
2026-06-25 06:57:52,36.952999114990234,27.09600067138672,0.1379999965429306
2026-06-25 07:02:54,38.70899963378906,26.652000427246094,0.1420000046491623
2026-06-25 07:07:56,40.292999267578125,29.934999465942383,0.16599999368190765
2026-06-25 07:12:58,42.09000015258789,29.413000106811523,0.17100000381469727
2026-06-25 07:18:00,43.90399932861328,27.304000854492188,0.16500000655651093
2026-06-25 07:23:02,45.415000915527344,31.354999542236328,0.19699999690055847
2026-06-25 07:28:04,46.95800018310547,31.240999221801758,0.20200000703334808
2026-06-25 07:33:06,48.26599884033203,30.19099998474121,0.20100000500679016
2026-06-25 07:38:09,49.96799850463867,31.334999084472656,0.2160000056028366
2026-06-25 07:43:11,51.84199905395508,29.4950008392334,0.210999995470047
2026-06-25 07:48:13,53.58599853515625,31.663000106811523,0.23399999737739563
2026-06-25 07:53:15,55.13100051879883,32.055999755859375,0.24400000274181366
2026-06-25 07:58:17,111.90399932861328,15.456000328063965,0.23899999260902405
2026-06-25 08:03:19,185.6540069580078,9.918999671936035,0.2540000081062317
2026-06-25 08:08:21,248.49099731445312,7.428999900817871,0.2549999952316284
2026-06-25 08:13:23,279.1679992675781,13.420000076293945,0.5170000195503235
2026-06-25 08:18:26,297.1310119628906,21.02400016784668,0.8619999885559082
2026-06-25 08:23:28,314.9519958496094,22.003999710083008,0.9559999704360962
2026-06-25 08:28:30,332.7659912109375,22.733999252319336,1.0440000295639038
2026-06-25 08:33:32,350.6080017089844,23.427000045776367,1.1330000162124634
2026-06-25 08:38:34,367.468994140625,24.52199935913086,1.24399995803833
2026-06-25 08:43:36,386.06201171875,24.899999618530273,1.3270000219345093
2026-06-25 08:48:38,402.8689880371094,25.54800033569336,1.4199999570846558
2026-06-25 08:53:40,420.5899963378906,26.514999389648438,1.5390000343322754
2026-06-25 08:58:43,438.35198974609375,27.107999801635742,1.6399999856948853
2026-06-25 09:03:45,457.0889892578125,28.48699951171875,1.7970000505447388
2026-06-25 09:08:47,476.5830078125,27.701000213623047,1.8220000267028809
2026-06-25 09:13:49,493.3489990234375,28.9060001373291,1.968000054359436
2026-06-25 09:18:51,511.77801513671875,29.46500015258789,2.0810000896453857
2026-06-25 09:23:53,528.344970703125,29.628000259399414,2.1600000858306885
2026-06-25 09:28:55,547.9869995117188,30.496000289916992,2.305999994277954
2026-06-25 09:33:58,564.2150268554688,31.336999893188477,2.440000057220459
2026-06-25 09:39:00,579.8660278320312,31.972000122070312,2.558000087738037
2026-06-25 09:44:02,596.302978515625,32.91299819946289,2.7079999446868896
2026-06-25 09:49:04,613.8489990234375,33.99100112915039,2.878999948501587
2026-06-25 09:54:06,631.4169921875,35.191001892089844,3.065999984741211
2026-06-25 09:59:08,648.3610229492188,35.823001861572266,3.2049999237060547
2026-06-25 10:04:10,665.3660278320312,37.029998779296875,3.4000000953674316
2026-06-25 10:09:12,681.3839721679688,37.404998779296875,3.5169999599456787
2026-06-25 10:14:14,698.4849853515625,37.96099853515625,3.6589999198913574
2026-06-25 10:19:17,715.0009765625,39.38600158691406,3.885999917984009
2026-06-25 10:24:19,731.9429931640625,40.12699890136719,4.052999973297119
2026-06-25 10:29:21,746.1170043945312,40.38800048828125,4.1579999923706055
2026-06-25 10:34:23,760.8590087890625,40.814998626708984,4.285999774932861
2026-06-25 10:39:25,775.3179931640625,41.94599914550781,4.48799991607666
2026-06-25 10:44:27,790.47802734375,43.41400146484375,4.736000061035156
2026-06-25 10:49:29,804.4390258789062,44.257999420166016,4.913000106811523
2026-06-25 10:54:31,819.1309814453125,45.608001708984375,5.156000137329102
2026-06-25 10:59:34,832.2100219726562,46.17399978637695,5.302999973297119
2026-06-25 11:04:36,846.22998046875,46.42599868774414,5.421999931335449
2026-06-25 11:09:38,857.3380126953125,47.11399841308594,5.573999881744385
2026-06-25 11:14:40,870.2960205078125,47.20199966430664,5.669000148773193
2026-06-25 11:19:42,881.7650146484375,48.62900161743164,5.916999816894531
2026-06-25 11:24:44,893.968017578125,47.564998626708984,5.868000030517578
2026-06-25 11:29:46,906.2730102539062,49.066001892089844,6.13700008392334
2026-06-25 11:34:49,919.2429809570312,49.7400016784668,6.309999942779541
2026-06-25 11:39:51,931.1630249023438,50.047000885009766,6.431000232696533
2026-06-25 11:44:53,939.6959838867188,50.37699890136719,6.5329999923706055
2026-06-25 11:49:55,951.1279907226562,50.60599899291992,6.642000198364258
2026-06-25 11:54:57,957.135986328125,51.47600173950195,6.798999786376953
2026-06-25 11:59:59,966.68798828125,52.387001037597656,6.988999843597412
2026-06-25 12:05:01,974.6699829101562,52.45100021362305,7.054999828338623
2026-06-25 12:10:04,980.9509887695312,52.83700180053711,7.1529998779296875
2026-06-25 12:15:06,987.0419921875,54.13100051879883,7.373000144958496
2026-06-25 12:20:08,994.2160034179688,54.46500015258789,7.4730000495910645
2026-06-25 12:25:10,999.843017578125,54.95800018310547,7.583000183105469
2026-06-25 12:30:12,1003.0910034179688,54.78499984741211,7.584000110626221
2026-06-25 12:35:14,1003.06201171875,55.38100051879883,7.665999889373779
2026-06-25 12:40:16,1007.64697265625,55.768001556396484,7.755000114440918
2026-06-25 12:45:18,1008.5180053710938,55.612998962402344,7.739999771118164
2026-06-25 12:50:21,1007.52197265625,56.00600051879883,7.7870001792907715
2026-06-25 12:55:23,1009.1749877929688,56.64400100708008,7.888999938964844
2026-06-25 13:00:25,1009.1729736328125,56.94599914550781,7.931000232696533
2026-06-25 13:05:27,1007.5889892578125,57.0359992980957,7.931000232696533
2026-06-25 13:10:29,1006.968017578125,56.97200012207031,7.916999816894531
2026-06-25 13:15:31,1004.6099853515625,57.49300003051758,7.9710001945495605
2026-06-25 13:20:33,1004.947021484375,57.68299865722656,8.0
2026-06-25 13:25:36,1005.9180297851562,57.224998474121094,7.943999767303467
2026-06-25 13:30:38,1005.6409912109375,57.54899978637695,7.986999988555908
2026-06-25 13:53:20,991.114990234375,13.041000366210938,1.784000039100647
2026-06-25 13:58:22,987.9409790039062,49.40800094604492,6.736000061035156
2026-06-25 14:03:24,985.2659912109375,51.63999938964844,7.020999908447266
2026-06-25 14:08:26,981.1790161132812,52.79499816894531,7.14900016784668
2026-06-25 14:13:29,976.5360107421875,53.97200012207031,7.2729997634887695
2026-06-25 14:18:31,972.6099853515625,54.34199905395508,7.294000148773193
2026-06-25 14:23:33,970.3359985351562,54.79399871826172,7.336999893188477
2026-06-25 14:28:35,963.2849731445312,55.07600021362305,7.321000099182129
2026-06-25 14:33:37,956.8159790039062,55.05699920654297,7.269999980926514
2026-06-25 14:38:39,950.8980102539062,55.22600173950195,7.247000217437744
2026-06-25 14:43:41,943.06298828125,55.29800033569336,7.197000026702881
2026-06-25 14:48:43,933.8380126953125,54.9900016784668,7.086999893188477
2026-06-25 14:53:46,925.7650146484375,54.79100036621094,7.0
2026-06-25 14:58:48,917.52001953125,54.82099914550781,6.940999984741211
2026-06-25 15:03:50,909.3759765625,54.76599884033203,6.873000144958496
2026-06-25 15:08:52,902.0689697265625,54.665000915527344,6.804999828338623
2026-06-25 15:13:54,895.2030029296875,54.37799835205078,6.7179999351501465
2026-06-25 15:18:56,881.5770263671875,53.724998474121094,6.535999774932861
2026-06-25 15:23:58,871.5269775390625,53.619998931884766,6.448999881744385
2026-06-25 15:29:00,861.7139892578125,53.731998443603516,6.389999866485596
2026-06-25 15:34:03,856.1119995117188,53.47100067138672,6.316999912261963
2026-06-25 15:39:05,844.4089965820312,53.25299835205078,6.204999923706055
2026-06-25 15:44:07,831.8930053710938,53.32699966430664,6.122000217437744
2026-06-25 15:49:09,820.7219848632812,53.143001556396484,6.019000053405762
2026-06-25 15:54:11,808.4569702148438,52.93600082397461,5.906000137329102
2026-06-25 15:59:13,796.5969848632812,52.67300033569336,5.789999961853027
2026-06-25 16:04:15,791.5269775390625,52.28799819946289,5.710999965667725
2026-06-25 16:09:18,774.9669799804688,52.053001403808594,5.566999912261963
2026-06-25 16:14:20,762.760986328125,51.5629997253418,5.427999973297119
2026-06-25 16:19:22,751.801025390625,51.14799880981445,5.306000232696533
2026-06-25 16:24:24,739.5050048828125,51.040000915527344,5.209000110626221
2026-06-25 16:29:26,727.7969970703125,51.027000427246094,5.125
2026-06-25 16:34:28,715.3510131835938,50.6349983215332,4.999000072479248
2026-06-25 16:39:30,709.5399780273438,50.676998138427734,4.961999893188477
2026-06-25 16:44:32,694.1259765625,49.98400115966797,4.788000106811523
2026-06-25 16:49:35,688.2169799804688,49.744998931884766,4.723999977111816
2026-06-25 16:54:37,679.5900268554688,49.19599914550781,4.613999843597412
2026-06-25 16:59:39,673.0369873046875,48.53300094604492,4.507999897003174
2026-06-25 17:04:41,616.3150024414062,49.9119987487793,4.244999885559082
2026-06-25 17:09:43,638.5330200195312,48.74300003051758,4.295000076293945
2026-06-25 17:14:45,583.0460205078125,49.30500030517578,3.9670000076293945
2026-06-25 17:19:47,480.7090148925781,48.43600082397461,3.2130000591278076
2026-06-25 17:24:50,461.21600341796875,52.064998626708984,3.313999891281128
2026-06-25 17:29:52,456.3949890136719,48.94200134277344,3.0820000171661377
2026-06-25 17:34:54,274.7409973144531,57.63600158691406,2.184999942779541
2026-06-25 17:39:56,286.5920104980469,51.547000885009766,2.0390000343322754
2026-06-25 17:44:58,321.3139953613281,50.46900177001953,2.23799991607666
2026-06-25 17:50:00,271.3810119628906,52.24399948120117,1.9570000171661377
2026-06-25 17:55:02,352.9800109863281,51.439998626708984,2.50600004196167
2026-06-25 18:00:04,264.5660095214844,58.91699981689453,2.1510000228881836
2026-06-25 18:05:07,229.25799560546875,62.707000732421875,1.9839999675750732
2026-06-25 18:10:09,206.2550048828125,60.9370002746582,1.7339999675750732
2026-06-25 18:15:11,184.61300659179688,57.882999420166016,1.475000023841858
2026-06-25 18:20:13,173.91000366210938,55.237998962402344,1.3259999752044678
2026-06-25 18:25:15,160.5709991455078,54.013999938964844,1.1970000267028809
2026-06-25 18:30:17,145.43499755859375,53.63800048828125,1.0770000219345093
2026-06-25 18:35:19,134.02699279785156,53.60200119018555,0.9909999966621399
2026-06-25 18:40:21,124.25599670410156,51.297000885009766,0.8799999952316284
2026-06-25 18:45:24,116.59400177001953,50.97800064086914,0.8199999928474426
2026-06-25 18:50:26,110.3499984741211,48.97999954223633,0.7459999918937683
2026-06-25 18:55:28,104.39299774169922,48.992000579833984,0.7059999704360962
2026-06-25 19:00:30,98.89600372314453,46.513999938964844,0.6349999904632568
2026-06-25 19:05:32,94.46900177001953,47.058998107910156,0.6129999756813049
2026-06-25 19:10:34,89.59300231933594,45.33100128173828,0.5600000023841858
2026-06-25 19:15:36,84.1510009765625,45.4739990234375,0.527999997138977
2026-06-25 19:20:39,78.57599639892578,45.81800079345703,0.4970000088214874
2026-06-25 19:25:41,72.28600311279297,42.78799819946289,0.4269999861717224
2026-06-25 19:30:43,66.39299774169922,44.82500076293945,0.41100001335144043
2026-06-25 19:35:45,61.57600021362305,43.98500061035156,0.37400001287460327
2026-06-25 19:40:47,56.67900085449219,46.75,0.3659999966621399
2026-06-25 19:45:49,52.62900161743164,40.04800033569336,0.29100000858306885
2026-06-25 19:50:51,49.007999420166016,40.777000427246094,0.2759999930858612
2026-06-25 19:55:53,45.24300003051758,40.4379997253418,0.25200000405311584
2026-06-25 20:00:56,41.36800003051758,43.70000076293945,0.24899999797344208
2026-06-25 20:05:58,38.654998779296875,41.18199920654297,0.2199999988079071
2026-06-25 20:11:00,36.60900115966797,44.762001037597656,0.22599999606609344
2026-06-25 20:16:02,34.63800048828125,42.41999816894531,0.2029999941587448
2026-06-25 20:21:04,33.047000885009766,40.69499969482422,0.1860000044107437
2026-06-25 20:26:06,30.785999298095703,44.71200180053711,0.1899999976158142
2026-06-25 20:31:08,27.957000732421875,35.492000579833984,0.13699999451637268
2026-06-25 20:36:10,25.59600067138672,42.332000732421875,0.15000000596046448
2026-06-25 20:41:13,23.243000030517578,39.28499984741211,0.12600000202655792
2026-06-25 20:46:15,20.361000061035156,34.215999603271484,0.09600000083446503
2026-06-25 20:51:17,15.84000015258789,7.985000133514404,0.017000000923871994
2026-06-25 20:56:19,12.045999526977539,0.27900001406669617,0.0
2026-06-25 21:01:21,8.968999862670898,0.4300000071525574,0.0010000000474974513
2026-06-25 21:06:23,6.9770002365112305,0.3230000138282776,0.0
2026-06-25 21:11:25,5.732999801635742,0.46700000762939453,0.0
2026-06-25 21:16:28,4.186999797821045,0.31299999356269836,0.0
2026-06-25 21:21:30,3.1019999980926514,0.32499998807907104,0.0
2026-06-25 21:26:32,3.0230000019073486,0.5839999914169312,0.0
2026-06-25 21:31:34,3.1610000133514404,0.1599999964237213,0.0
2026-06-26 05:42:24,3.1610000133514404,0.1599999964237213,0.0
2026-06-26 05:47:26,5.046999931335449,0.3269999921321869,0.0
2026-06-26 05:52:28,6.656000137329102,0.2680000066757202,0.0
2026-06-26 05:57:30,9.059000015258789,0.23999999463558197,0.0
2026-06-26 06:02:32,12.262999534606934,0.29899999499320984,0.0010000000474974513
2026-06-26 06:07:34,15.479000091552734,0.23000000417232513,0.0
2026-06-26 06:12:36,19.641000747680664,0.23999999463558197,0.0010000000474974513
2026-06-26 06:17:38,24.94300079345703,8.892000198364258,0.03099999949336052
2026-06-26 06:22:41,30.9689998626709,21.70400047302246,0.09300000220537186
2026-06-26 06:27:43,38.43199920654297,24.496000289916992,0.12999999523162842
2026-06-26 06:32:45,46.152000427246094,25.020000457763672,0.1589999943971634
2026-06-26 06:37:47,55.31399917602539,26.906999588012695,0.20499999821186066
2026-06-26 06:42:49,59.275001525878906,25.66900062561035,0.20999999344348907
2026-06-26 06:47:51,62.07699966430664,25.66200065612793,0.2199999988079071
2026-06-26 06:52:53,62.400001525878906,27.80699920654297,0.23899999260902405
2026-06-26 06:57:55,61.880001068115234,28.988000869750977,0.24799999594688416
2026-06-26 07:02:58,60.16699981689453,29.229000091552734,0.24300000071525574
2026-06-26 07:08:00,58.792999267578125,27.493000030517578,0.22300000488758087
2026-06-26 07:13:02,57.810001373291016,29.263999938964844,0.2329999953508377
2026-06-26 07:18:04,58.61000061035156,30.393999099731445,0.2460000067949295
2026-06-26 07:23:06,59.21099853515625,29.474000930786133,0.2409999966621399
2026-06-26 07:28:08,60.01599884033203,31.492000579833984,0.26100000739097595
2026-06-26 07:33:10,60.8489990234375,33.68600082397461,0.28299999237060547
2026-06-26 07:38:12,62.01100158691406,33.375,0.28600001335144043
2026-06-26 07:43:15,63.42499923706055,29.454999923706055,0.257999986410141
2026-06-26 07:48:17,64.73100280761719,31.275999069213867,0.27900001406669617
2026-06-26 07:53:19,66.6969985961914,31.549999237060547,0.28999999165534973
2026-06-26 07:58:21,199.89500427246094,11.60099983215332,0.3199999928474426
2026-06-26 08:03:23,216.62600708007812,10.338000297546387,0.3089999854564667
2026-06-26 08:08:25,231.9980010986328,9.704999923706055,0.3109999895095825
2026-06-26 08:13:27,250.14999389648438,14.835000038146973,0.5120000243186951
2026-06-26 08:18:29,268.7659912109375,22.0310001373291,0.8169999718666077
2026-06-26 08:23:32,290.0589904785156,22.511999130249023,0.9010000228881836
2026-06-26 08:28:34,309.6969909667969,23.312999725341797,0.9959999918937683
2026-06-26 08:33:36,330.27899169921875,23.905000686645508,1.090000033378601
2026-06-26 08:38:38,349.62298583984375,24.908000946044922,1.2020000219345093
2026-06-26 08:43:40,367.6960144042969,25.374000549316406,1.2879999876022339
2026-06-26 08:48:42,386.14599609375,26.08099937438965,1.3899999856948853
2026-06-26 08:53:44,404.2900085449219,27.106000900268555,1.5119999647140503
2026-06-26 08:58:47,421.6809997558594,27.367000579833984,1.593000054359436
2026-06-26 09:03:49,436.9670104980469,29.110000610351562,1.7549999952316284
2026-06-26 09:08:51,455.99798583984375,28.801000595092773,1.812000036239624
2026-06-26 09:13:53,472.802001953125,29.481000900268555,1.9240000247955322
2026-06-26 09:18:55,490.8909912109375,30.134000778198242,2.0409998893737793
2026-06-26 09:23:57,504.9440002441406,30.71500015258789,2.140000104904175
2026-06-26 09:28:59,517.8049926757812,31.350000381469727,2.240000009536743
2026-06-26 09:34:02,527.5250244140625,32.185001373291016,2.3429999351501465
2026-06-26 09:39:04,539.4619750976562,32.68199920654297,2.433000087738037
2026-06-26 09:44:06,558.1209716796875,34.16600036621094,2.63100004196167
2026-06-26 09:49:08,581.8499755859375,35.39699935913086,2.8420000076293945
2026-06-26 09:54:10,595.594970703125,36.02199935913086,2.9609999656677246
2026-06-26 09:59:12,611.18701171875,36.847999572753906,3.1080000400543213
2026-06-26 10:04:14,615.9219970703125,38.87200164794922,3.303999900817871
2026-06-26 10:09:16,625.5980224609375,40.13199996948242,3.4649999141693115
2026-06-26 10:14:19,653.4559936523438,40.92599868774414,3.690999984741211
2026-06-26 10:19:21,656.6859741210938,42.630001068115234,3.86299991607666
2026-06-26 10:24:23,676.75,42.80500030517578,3.997999906539917
2026-06-26 10:29:25,679.6480102539062,42.73500061035156,4.007999897003174
2026-06-26 10:34:27,712.5869750976562,42.92900085449219,4.2210001945495605
2026-06-26 10:39:29,724.8259887695312,43.8120002746582,4.381999969482422
2026-06-26 10:44:31,747.0349731445312,44.20500183105469,4.557000160217285
2026-06-26 10:49:33,760.135009765625,44.742000579833984,4.692999839782715
2026-06-26 10:54:36,777.1220092773438,45.084999084472656,4.835000038146973
2026-06-26 10:59:38,785.3049926757812,45.534000396728516,4.934999942779541
2026-06-26 11:04:40,796.4099731445312,46.159000396728516,5.072999954223633
2026-06-26 11:09:42,813.3510131835938,46.268001556396484,5.192999839782715
2026-06-26 11:14:44,831.0709838867188,46.417999267578125,5.323999881744385
2026-06-26 11:19:46,847.5130004882812,47.375,5.540999889373779
2026-06-26 11:24:48,856.2899780273438,48.28900146484375,5.705999851226807
2026-06-26 11:29:50,866.7039794921875,48.77399826049805,5.834000110626221
2026-06-26 11:34:53,889.3619995117188,48.202999114990234,5.915999889373779
2026-06-26 11:39:55,892.9509887695312,49.00400161743164,6.039000034332275
2026-06-26 11:44:57,897.9840087890625,50.50600051879883,6.258999824523926
2026-06-26 11:49:59,909.3880004882812,50.694000244140625,6.361999988555908
2026-06-26 11:55:01,924.3729858398438,50.926998138427734,6.495999813079834
2026-06-26 12:00:03,935.7249755859375,50.96200180053711,6.580999851226807
2026-06-26 12:05:05,943.948974609375,52.13100051879883,6.790999889373779
2026-06-26 12:10:07,952.218994140625,52.53900146484375,6.9039998054504395
2026-06-26 12:15:10,957.5009765625,53.176998138427734,7.0269999504089355
2026-06-26 12:20:12,962.9140014648438,53.76100158691406,7.144000053405762
2026-06-26 12:25:14,968.2449951171875,53.832000732421875,7.192999839782715
2026-06-26 12:30:16,975.4219970703125,54.375,7.318999767303467
2026-06-26 12:35:18,979.4130249023438,55.0890007019043,7.446000099182129
2026-06-26 12:40:20,986.0980224609375,54.678001403808594,7.440999984741211
2026-06-26 12:45:22,986.8410034179688,55.06999969482422,7.5
2026-06-26 12:50:25,989.9949951171875,55.38100051879883,7.565999984741211
2026-06-26 12:55:27,990.8880004882812,55.768001556396484,7.625999927520752
2026-06-26 13:00:29,991.47900390625,56.36600112915039,7.711999893188477
2026-06-26 13:05:31,989.6909790039062,56.35499954223633,7.697000026702881
2026-06-26 13:10:33,993.35498046875,56.78300094604492,7.783999919891357
2026-06-26 13:15:35,995.448974609375,56.0359992980957,7.697999954223633
2026-06-26 13:20:37,995.833984375,56.97800064086914,7.829999923706055
2026-06-26 13:25:39,997.0780029296875,57.07400131225586,7.853000164031982
2026-06-26 13:30:41,995.114990234375,57.137001037597656,7.8460001945495605
2026-06-26 13:53:13,953.0180053710938,12.5600004196167,1.6519999504089355
2026-06-26 13:58:15,1018.5590209960938,51.801998138427734,7.281000137329102
2026-06-26 14:03:18,1005.3189697265625,53.625999450683594,7.440000057220459
2026-06-26 14:08:20,984.1669921875,54.1609992980957,7.355999946594238
2026-06-26 14:13:22,977.2020263671875,54.5099983215332,7.35099983215332
2026-06-26 14:18:24,974.822998046875,54.86399841308594,7.38100004196167
2026-06-26 14:23:26,969.280029296875,54.62699890136719,7.307000160217285
2026-06-26 14:28:28,963.3209838867188,54.6879997253418,7.269999980926514
2026-06-26 14:33:30,959.14697265625,54.95500183105469,7.27400016784668
2026-06-26 14:38:33,951.9149780273438,55.250999450683594,7.257999897003174
2026-06-26 14:43:35,928.791015625,55.20000076293945,7.074999809265137
2026-06-26 14:48:37,942.3300170898438,54.86800003051758,7.135000228881836
2026-06-26 14:53:39,933.6649780273438,54.74599838256836,7.053999900817871
2026-06-26 14:58:41,928.177001953125,54.54100036621094,6.986000061035156
2026-06-26 15:03:43,917.4819946289062,54.387001037597656,6.886000156402588
2026-06-26 15:08:45,910.2670288085938,54.54199981689453,6.85099983215332
2026-06-26 15:13:48,899.718994140625,54.17300033569336,6.72599983215332
2026-06-26 15:18:50,888.8070068359375,54.084999084472656,6.633999824523926
2026-06-26 15:23:52,878.405029296875,53.85499954223633,6.5279998779296875
2026-06-26 15:28:54,863.0670166015625,53.29100036621094,6.3470001220703125
2026-06-26 15:33:56,853.5819702148438,53.025001525878906,6.245999813079834
2026-06-26 15:38:58,836.0250244140625,53.07899856567383,6.124000072479248
2026-06-26 15:44:00,826.9970092773438,52.67499923706055,6.01200008392334
2026-06-26 15:49:02,817.8350219726562,52.16999816894531,5.888000011444092
2026-06-26 15:54:05,803.9660034179688,52.380001068115234,5.810999870300293
2026-06-26 15:59:07,785.8619995117188,51.928001403808594,5.631999969482422
2026-06-26 16:04:09,764.1430053710938,51.637001037597656,5.445000171661377
2026-06-26 16:09:11,767.1699829101562,51.33599853515625,5.434999942779541
2026-06-26 16:14:13,755.2369995117188,51.08599853515625,5.323999881744385
2026-06-26 16:19:15,738.135986328125,51.321998596191406,5.228000164031982
2026-06-26 16:24:17,704.8709716796875,50.999000549316406,4.960999965667725
2026-06-26 16:29:19,679.1909790039062,50.77899932861328,4.758999824523926
2026-06-26 16:34:22,681.0469970703125,50.54899978637695,4.750999927520752
2026-06-26 16:39:24,666.5369873046875,50.26100158691406,4.623000144958496
2026-06-26 16:44:26,657.4509887695312,50.02899932861328,4.539000034332275
2026-06-26 16:49:28,646.2420043945312,49.57899856567383,4.421999931335449
2026-06-26 16:54:30,629.9290161132812,48.981998443603516,4.257999897003174
2026-06-26 16:59:32,616.7169799804688,49.064998626708984,4.176000118255615
2026-06-26 17:04:35,600.072998046875,48.5989990234375,4.02400016784668
2026-06-26 17:09:37,588.2239990234375,48.53799819946289,3.940000057220459
2026-06-26 17:14:39,579.2570190429688,48.016998291015625,3.8380000591278076
2026-06-26 17:19:41,575.447021484375,47.505001068115234,3.7720000743865967
2026-06-26 17:24:43,520.4730224609375,47.1510009765625,3.38700008392334
2026-06-26 17:29:45,410.09100341796875,47.874000549316406,2.7090001106262207
2026-06-26 17:34:47,348.5299987792969,51.349998474121094,2.4700000286102295
2026-06-26 17:39:50,302.5069885253906,49.73899841308594,2.0759999752044678
2026-06-26 17:44:52,249.4149932861328,50.62799835205078,1.7430000305175781
2026-06-26 17:49:54,211.8990020751953,52.75699996948242,1.5429999828338623
2026-06-26 17:54:56,187.43099975585938,51.874000549316406,1.3420000076293945
2026-06-26 17:59:58,150.13499450683594,57.50299835205078,1.190999984741211
2026-06-26 18:05:00,132.66900634765625,59.145999908447266,1.0829999446868896
2026-06-26 18:10:02,129.6179962158203,57.56399917602539,1.0299999713897705
2026-06-26 18:15:05,127.8270034790039,54.94499969482422,0.968999981880188
2026-06-26 18:20:07,126.73699951171875,54.176998138427734,0.9480000138282776
2026-06-26 18:25:09,124.72000122070312,51.11000061035156,0.8799999952316284
2026-06-26 18:30:11,122.51899719238281,52.887001037597656,0.8939999938011169
2026-06-26 18:35:13,119.93000030517578,50.540000915527344,0.8360000252723694
2026-06-26 18:40:15,116.5770034790039,49.51499938964844,0.796999990940094
2026-06-26 18:45:17,112.71399688720703,51.53200149536133,0.8019999861717224
2026-06-26 18:50:20,108.9010009765625,48.875999450683594,0.7350000143051147
2026-06-26 18:55:22,104.6259994506836,48.005001068115234,0.6930000185966492
2026-06-26 19:00:24,100.71299743652344,46.689998626708984,0.6489999890327454
2026-06-26 19:05:26,96.97599792480469,48.8390007019043,0.6539999842643738
2026-06-26 19:10:28,92.83399963378906,47.82500076293945,0.6129999756813049
2026-06-26 19:15:30,88.25599670410156,43.74599838256836,0.5329999923706055
2026-06-26 19:20:32,82.99800109863281,48.1609992980957,0.5519999861717224
2026-06-26 19:25:34,78.2490005493164,45.43199920654297,0.4909999966621399
2026-06-26 19:30:37,74.5979995727539,44.391998291015625,0.4569999873638153
2026-06-26 19:35:39,71.08499908447266,42.72999954223633,0.4189999997615814
2026-06-26 19:40:41,68.5009994506836,45.63100051879883,0.4309999942779541
2026-06-26 19:45:43,67.8740005493164,46.21699905395508,0.43299999833106995
2026-06-26 19:50:45,66.48100280761719,46.165000915527344,0.42399999499320984
2026-06-26 19:55:47,64.03399658203125,44.652000427246094,0.39500001072883606
2026-06-26 20:00:49,59.54100036621094,44.380001068115234,0.36500000953674316
2026-06-26 20:05:52,54.54199981689453,40.51900100708008,0.3050000071525574
2026-06-26 20:10:54,51.224998474121094,41.6150016784668,0.2939999997615814
2026-06-26 20:15:56,48.60100173950195,42.65800094604492,0.28600001335144043
2026-06-26 20:20:58,44.82600021362305,42.98699951171875,0.26600000262260437
2026-06-26 20:26:00,39.2400016784668,38.10300064086914,0.20600000023841858
2026-06-26 20:31:02,33.805999755859375,37.880001068115234,0.1770000010728836
2026-06-26 20:36:04,29.041000366210938,39.94300079345703,0.1599999964237213
2026-06-26 20:41:07,25.56800079345703,43.22800064086914,0.15299999713897705
2026-06-26 20:46:09,22.17099952697754,44.104000091552734,0.13500000536441803
2026-06-26 20:51:11,18.458999633789062,29.677000045776367,0.07599999755620956
2026-06-26 20:56:13,14.967000007629395,8.946999549865723,0.017999999225139618
2026-06-26 21:01:15,12.210000038146973,0.33799999952316284,0.0010000000474974513
2026-06-26 21:06:17,9.208999633789062,0.45100000500679016,0.0010000000474974513
2026-06-26 21:11:19,6.408999919891357,0.3959999978542328,0.0
2026-06-26 21:16:21,4.513999938964844,0.5429999828338623,0.0
2026-06-26 21:21:24,2.9830000400543213,0.3449999988079071,0.0
2026-06-26 21:26:26,1.4210000038146973,0.24199999868869781,0.0
2026-06-26 21:31:28,0.4429999887943268,0.4309999942779541,0.0
2026-06-27 05:42:26,0.4429999887943268,0.4309999942779541,0.0
2026-06-27 05:47:28,4.132999897003174,0.40700000524520874,0.0
2026-06-27 05:52:30,6.422999858856201,0.37400001287460327,0.0
2026-06-27 05:57:32,8.776000022888184,0.2939999997615814,0.0
2026-06-27 06:02:34,10.809000015258789,0.29899999499320984,0.0
2026-06-27 06:07:36,13.27299976348877,0.27399998903274536,0.0010000000474974513
2026-06-27 06:12:38,15.743000030517578,0.23999999463558197,0.0010000000474974513
2026-06-27 06:17:40,18.399999618530273,0.29499998688697815,0.0010000000474974513
2026-06-27 06:22:43,21.32200050354004,5.803999900817871,0.017000000923871994
2026-06-27 06:27:45,24.731000900268555,15.21399974822998,0.052000001072883606
2026-06-27 06:32:47,28.201000213623047,22.14900016784668,0.0860000029206276
2026-06-27 06:37:49,31.125999450683594,25.559999465942383,0.10999999940395355
2026-06-27 06:42:51,33.970001220703125,21.413000106811523,0.10000000149011612
2026-06-27 06:47:53,36.89500045776367,29.643999099731445,0.1509999930858612
2026-06-27 06:52:55,39.77799987792969,30.40999984741211,0.16699999570846558
2026-06-27 06:57:58,42.37799835205078,29.4060001373291,0.1720000058412552
2026-06-27 07:03:00,44.6510009765625,30.256999969482422,0.1860000044107437
2026-06-27 07:08:02,47.20899963378906,26.017000198364258,0.16899999976158142
2026-06-27 07:13:04,49.375999450683594,30.288000106811523,0.20600000023841858
2026-06-27 07:18:06,51.986000061035156,31.988000869750977,0.2290000021457672
2026-06-27 07:23:08,54.426998138427734,29.61400032043457,0.22200000286102295
2026-06-27 07:28:10,56.79399871826172,31.27400016784668,0.24500000476837158
2026-06-27 07:33:12,59.013999938964844,32.85499954223633,0.2680000066757202
2026-06-27 07:38:15,61.27399826049805,31.65399932861328,0.2680000066757202
2026-06-27 07:43:17,63.994998931884766,31.507999420166016,0.27799999713897705
2026-06-27 07:48:19,66.30899810791016,30.944000244140625,0.28299999237060547
2026-06-27 07:53:21,69.3010025024414,31.858999252319336,0.3050000071525574
2026-06-27 07:58:23,200.90499877929688,11.26099967956543,0.31200000643730164
2026-06-27 08:03:25,220.05599975585938,10.982999801635742,0.33399999141693115
2026-06-27 08:08:27,236.1300048828125,10.857000350952148,0.3540000021457672
2026-06-27 08:13:29,253.22300720214844,15.32699966430664,0.5360000133514404
2026-06-27 08:18:32,270.4549865722656,22.743000030517578,0.8489999771118164
2026-06-27 08:23:34,287.2720031738281,23.45599937438965,0.9300000071525574
2026-06-27 08:28:36,303.50299072265625,23.174999237060547,0.9710000157356262
2026-06-27 08:33:38,319.08599853515625,24.961999893188477,1.0989999771118164
2026-06-27 08:38:40,337.8739929199219,25.187999725341797,1.1740000247955322
2026-06-27 08:43:42,356.0589904785156,25.923999786376953,1.2740000486373901
2026-06-27 08:48:44,373.25799560546875,25.382999420166016,1.3070000410079956
2026-06-27 08:53:46,391.4620056152344,26.708999633789062,1.4429999589920044
2026-06-27 08:58:49,409.27301025390625,27.525999069213867,1.5549999475479126
2026-06-27 09:03:51,426.1730041503906,29.135000228881836,1.7130000591278076
2026-06-27 09:08:53,442.6809997558594,28.71299934387207,1.753999948501587
2026-06-27 09:13:55,459.8789978027344,30.10300064086914,1.909999966621399
2026-06-27 09:18:57,476.2879943847656,30.23200035095215,1.9869999885559082
2026-06-27 09:23:59,493.64300537109375,30.601999282836914,2.0850000381469727
2026-06-27 09:29:01,513.5120239257812,31.187000274658203,2.2100000381469727
2026-06-27 09:34:03,530.4229736328125,31.948999404907227,2.3389999866485596
2026-06-27 09:39:06,546.3660278320312,33.18000030517578,2.502000093460083
2026-06-27 09:44:08,561.3369750976562,34.5989990234375,2.680000066757202
2026-06-27 09:49:10,576.155029296875,35.48400115966797,2.821000099182129
2026-06-27 09:54:12,595.1209716796875,36.51100158691406,2.999000072479248
2026-06-27 09:59:14,612.7620239257812,38.38100051879883,3.246000051498413
2026-06-27 10:04:16,630.3629760742188,38.62900161743164,3.359999895095825
2026-06-27 10:09:18,646.551025390625,39.49399948120117,3.5239999294281006
2026-06-27 10:14:20,665.3170166015625,39.72800064086914,3.6480000019073486
2026-06-27 10:19:23,679.541015625,40.14099884033203,3.7639999389648438
2026-06-27 10:24:25,694.4819946289062,40.89899826049805,3.9200000762939453
2026-06-27 10:29:27,709.6170043945312,42.41600036621094,4.1539998054504395
2026-06-27 10:34:29,723.0430297851562,43.05500030517578,4.296000003814697
2026-06-27 10:39:31,736.77197265625,43.99399948120117,4.4730000495910645
2026-06-27 10:44:33,752.094970703125,44.481998443603516,4.617000102996826
2026-06-27 10:49:35,766.6829833984375,45.737998962402344,4.839000225067139
2026-06-27 10:54:37,779.6909790039062,46.25699996948242,4.9770002365112305
2026-06-27 10:59:39,793.0809936523438,46.80799865722656,5.123000144958496
2026-06-27 11:04:42,807.5889892578125,47.111000061035156,5.25
2026-06-27 11:09:44,821.6290283203125,47.29499816894531,5.36299991607666
2026-06-27 11:14:46,837.2869873046875,47.73899841308594,5.515999794006348
2026-06-27 11:19:48,849.583984375,47.60300064086914,5.580999851226807
2026-06-27 11:24:50,862.60302734375,48.58700180053711,5.783999919891357
2026-06-27 11:29:52,873.510986328125,48.95800018310547,5.9019999504089355
2026-06-27 11:34:54,883.9249877929688,49.823001861572266,6.077000141143799
2026-06-27 11:39:57,893.1309814453125,50.39400100708008,6.210999965667725
2026-06-27 11:44:59,903.9019775390625,50.95600128173828,6.355999946594238
2026-06-27 11:50:01,912.8389892578125,51.643001556396484,6.50600004196167
2026-06-27 11:55:03,920.7449951171875,52.2760009765625,6.642000198364258
2026-06-27 12:00:05,932.9530029296875,52.69300079345703,6.783999919891357
2026-06-27 12:05:07,939.177978515625,53.1870002746582,6.89300012588501
2026-06-27 12:10:09,947.0239868164062,53.31999969482422,6.9679999351501465
2026-06-27 12:15:11,953.989990234375,54.013999938964844,7.111000061035156
2026-06-27 12:20:13,959.1430053710938,54.2130012512207,7.176000118255615
2026-06-27 12:25:16,964.0889892578125,54.555999755859375,7.257999897003174
2026-06-27 12:30:18,968.72802734375,54.02000045776367,7.2220001220703125
2026-06-27 12:35:20,973.822021484375,55.242000579833984,7.423999786376953
2026-06-27 12:40:22,975.8460083007812,55.066001892089844,7.415999889373779
2026-06-27 12:45:24,979.8900146484375,55.992000579833984,7.571000099182129
2026-06-27 12:50:26,986.3610229492188,56.3390007019043,7.669000148773193
2026-06-27 12:55:28,989.1019897460938,56.358001708984375,7.692999839782715
2026-06-27 13:00:31,988.8070068359375,56.542999267578125,7.716000080108643
2026-06-27 13:05:33,988.2899780273438,56.3120002746582,7.679999828338623
2026-06-27 13:10:35,991.8259887695312,56.349998474121094,7.7129998207092285
2026-06-27 13:15:37,995.3380126953125,56.755001068115234,7.796000003814697
2026-06-27 13:20:39,994.1309814453125,56.52899932861328,7.755000114440918
2026-06-27 13:25:41,990.719970703125,57.099998474121094,7.807000160217285
2026-06-27 13:30:43,991.989013671875,56.5989990234375,7.748000144958496
2026-06-27 13:53:16,985.9019775390625,12.63700008392334,1.718999981880188
2026-06-27 13:58:18,981.697998046875,13.164999961853027,1.7829999923706055
2026-06-27 14:03:20,980.4089965820312,51.65999984741211,6.988999843597412
2026-06-27 14:08:22,976.6530151367188,52.96099853515625,7.138000011444092
2026-06-27 14:13:24,970.0479736328125,53.683998107910156,7.185999870300293
2026-06-27 14:18:27,966.8729858398438,54.00899887084961,7.205999851226807
2026-06-27 14:23:29,960.2750244140625,54.292999267578125,7.195000171661377
2026-06-27 14:28:31,956.0250244140625,54.68299865722656,7.214000225067139
2026-06-27 14:33:33,949.7789916992188,54.63800048828125,7.160999774932861
2026-06-27 14:38:35,945.0130004882812,54.52199935913086,7.110000133514404
2026-06-27 14:43:37,936.885986328125,54.79399871826172,7.084000110626221
2026-06-27 14:48:39,929.2550048828125,54.332000732421875,6.9670000076293945
2026-06-27 14:53:41,926.10498046875,54.058998107910156,6.908999919891357
2026-06-27 14:58:43,915.2969970703125,53.82400131225586,6.798999786376953
2026-06-27 15:03:46,905.114990234375,53.60300064086914,6.695000171661377
2026-06-27 15:08:48,900.2860107421875,53.215999603271484,6.611999988555908
2026-06-27 15:13:50,889.4719848632812,53.555999755859375,6.573999881744385
2026-06-27 15:18:52,882.7860107421875,52.51100158691406,6.396999835968018
2026-06-27 15:23:54,874.281005859375,52.70000076293945,6.357999801635742
2026-06-27 15:28:56,859.6909790039062,52.340999603271484,6.210000038146973
2026-06-27 15:33:58,851.9180297851562,52.14699935913086,6.13100004196167
2026-06-27 15:39:01,837.4290161132812,52.26300048828125,6.039999961853027
2026-06-27 15:44:03,824.7969970703125,52.20199966430664,5.941999912261963
2026-06-27 15:49:05,811.5130004882812,51.77299880981445,5.797999858856201
2026-06-27 15:54:07,795.7739868164062,52.15299987792969,5.7270002365112305
2026-06-27 15:59:09,782.1680297851562,51.3849983215332,5.546000003814697
2026-06-27 16:04:11,776.4979858398438,51.2599983215332,5.493000030517578
2026-06-27 16:09:13,758.0650024414062,51.32699966430664,5.36899995803833
2026-06-27 16:14:15,742.7059936523438,51.03300094604492,5.230999946594238
2026-06-27 16:19:18,733.2230224609375,50.20800018310547,5.079999923706055
2026-06-27 16:24:20,720.0070190429688,50.07699966430664,4.97599983215332
2026-06-27 16:29:22,705.9089965820312,50.064998626708984,4.876999855041504
2026-06-27 16:34:24,686.906982421875,50.060001373291016,4.744999885559082
2026-06-27 16:39:26,673.7990112304688,49.374000549316406,4.591000080108643
2026-06-27 16:44:28,655.166015625,49.35100173950195,4.461999893188477
2026-06-27 16:49:30,639.8660278320312,48.819000244140625,4.310999870300293
2026-06-27 16:54:33,621.8099975585938,48.284000396728516,4.14300012588501
2026-06-27 16:59:35,607.4400024414062,48.21900177001953,4.041999816894531
2026-06-27 17:04:37,578.6669921875,47.801998138427734,3.816999912261963
2026-06-27 17:09:39,561.56298828125,47.59400177001953,3.687999963760376
2026-06-27 17:14:41,539.31298828125,47.60200119018555,3.5429999828338623
2026-06-27 17:19:43,524.5670166015625,46.64500045776367,3.377000093460083
2026-06-27 17:24:45,506.1650085449219,45.78900146484375,3.197999954223633
2026-06-27 17:29:48,486.9859924316406,45.86000061035156,3.0820000171661377
2026-06-27 17:34:50,474.1820068359375,45.0359992980957,2.947000026702881
2026-06-27 17:39:52,456.875,45.018001556396484,2.8380000591278076
2026-06-27 17:44:54,438.7170104980469,44.882999420166016,2.7170000076293945
2026-06-27 17:49:56,417.87701416015625,44.10599899291992,2.5429999828338623
2026-06-27 17:54:58,402.1440124511719,43.79399871826172,2.430000066757202
2026-06-27 18:00:00,263.0260009765625,62.15299987792969,2.25600004196167
2026-06-27 18:05:02,81.25599670410156,189.03599548339844,2.119999885559082
2026-06-27 18:10:04,77.53800201416016,171.7310028076172,1.8380000591278076
2026-06-27 18:15:07,76.87799835205078,169.80599975585938,1.8009999990463257
2026-06-27 18:20:09,75.6729965209961,62.85599899291992,0.656000018119812
2026-06-27 18:25:11,72.85700225830078,56.78799819946289,0.5709999799728394
2026-06-27 18:30:13,70.24800109863281,57.11199951171875,0.5540000200271606
2026-06-27 18:35:15,68.94599914550781,53.85100173950195,0.5120000243186951
2026-06-27 18:40:17,61.13100051879883,55.00299835205078,0.46399998664855957
2026-06-27 18:45:19,62.08000183105469,51.1150016784668,0.43799999356269836
2026-06-27 18:50:22,65.18599700927734,49.54100036621094,0.44600000977516174
2026-06-27 18:55:24,65.30599975585938,50.422000885009766,0.45399999618530273
2026-06-27 19:00:26,62.8849983215332,49.680999755859375,0.4309999942779541
2026-06-27 19:05:28,63.28900146484375,47.566001892089844,0.41499999165534973
2026-06-27 19:10:30,63.50600051879883,47.29999923706055,0.41499999165534973
2026-06-27 19:15:32,62.52299880981445,49.2239990234375,0.42500001192092896
2026-06-27 19:20:34,61.00600051879883,47.82899856567383,0.40299999713897705
2026-06-27 19:25:36,58.11899948120117,46.29600143432617,0.3709999918937683
2026-06-27 19:30:39,54.185001373291016,47.57699966430664,0.35600000619888306
2026-06-27 19:35:41,50.57400131225586,49.37200164794922,0.3449999988079071
2026-06-27 19:40:43,47.941001892089844,46.57400131225586,0.30799999833106995
2026-06-27 19:45:45,46.944000244140625,43.80799865722656,0.2840000092983246
2026-06-27 19:50:47,46.63999938964844,45.27899932861328,0.29100000858306885
2026-06-27 19:55:49,45.1609992980957,43.861000061035156,0.27300000190734863
2026-06-27 20:00:51,44.10300064086914,43.42499923706055,0.2639999985694885
2026-06-27 20:05:54,42.5620002746582,42.9010009765625,0.25200000405311584
2026-06-27 20:10:56,40.249000549316406,43.599998474121094,0.24199999868869781
2026-06-27 20:15:58,38.066001892089844,44.42100143432617,0.2329999953508377
2026-06-27 20:21:00,35.84299850463867,44.3120002746582,0.21899999678134918
2026-06-27 20:26:02,30.757999420166016,46.03799819946289,0.19499999284744263
2026-06-27 20:31:04,28.19700050354004,46.525001525878906,0.1809999942779541
2026-06-27 20:36:06,26.18600082397461,45.04199981689453,0.16300000250339508
2026-06-27 20:41:09,23.915000915527344,44.56700134277344,0.1469999998807907
2026-06-27 20:46:11,21.677000045776367,41.946998596191406,0.125
2026-06-27 20:51:13,19.645999908447266,44.07099914550781,0.11900000274181366
2026-06-27 20:56:15,17.43400001525879,27.44099998474121,0.06599999964237213
2026-06-27 21:01:17,15.28499984741211,10.218999862670898,0.02199999988079071
2026-06-27 21:06:19,13.071999549865723,0.3720000088214874,0.0010000000474974513
2026-06-27 21:11:21,10.847999572753906,0.4560000002384186,0.0010000000474974513
2026-06-27 21:16:24,8.217000007629395,0.5009999871253967,0.0010000000474974513
2026-06-27 21:21:26,4.40500020980835,0.3700000047683716,0.0
2026-06-27 21:26:28,2.4820001125335693,0.17299999296665192,0.0
2026-06-27 21:31:30,0.5139999985694885,0.20900000631809235,0.0
2026-06-28 05:43:25,0.5139999985694885,0.20900000631809235,0.0
2026-06-28 05:48:27,4.335999965667725,0.2619999945163727,0.0
2026-06-28 05:53:29,6.2129998207092285,0.2669999897480011,0.0
2026-06-28 05:58:31,8.29800033569336,0.3009999990463257,0.0
2026-06-28 06:03:33,10.28600025177002,0.23399999737739563,0.0
2026-06-28 06:08:35,12.434000015258789,0.2800000011920929,0.0
2026-06-28 06:13:37,14.850000381469727,0.23999999463558197,0.0
2026-06-28 06:18:39,18.215999603271484,0.23399999737739563,0.0010000000474974513
2026-06-28 06:23:42,21.82900047302246,7.164999961853027,0.02199999988079071
2026-06-28 06:28:44,25.43000030517578,11.04699993133545,0.039000000804662704
2026-06-28 06:33:46,27.864999771118164,20.742000579833984,0.07999999821186066
2026-06-28 06:38:48,31.097000122070312,18.35300064086914,0.07900000363588333
2026-06-28 06:43:50,33.198001861572266,24.17099952697754,0.11100000143051147
2026-06-28 06:48:52,36.79800033569336,27.22800064086914,0.1379999965429306
2026-06-28 06:53:54,39.27000045776367,23.92300033569336,0.12999999523162842
2026-06-28 06:58:57,41.0260009765625,26.902999877929688,0.15199999511241913
2026-06-28 07:03:59,42.58300018310547,27.65399932861328,0.16300000250339508
2026-06-28 07:09:01,44.196998596191406,25.195999145507812,0.15399999916553497
2026-06-28 07:14:03,46.50299835205078,26.007999420166016,0.16699999570846558
2026-06-28 07:19:05,48.72100067138672,29.281999588012695,0.19699999690055847
2026-06-28 07:24:07,51.78499984741211,26.04400062561035,0.1860000044107437
2026-06-28 07:29:09,55.73500061035156,27.135000228881836,0.20900000631809235
2026-06-28 07:34:11,59.00600051879883,29.354999542236328,0.23899999260902405
2026-06-28 07:39:14,62.303001403808594,26.933000564575195,0.23199999332427979
2026-06-28 07:44:16,65.48999786376953,29.239999771118164,0.2639999985694885
2026-06-28 07:49:18,68.35199737548828,27.9689998626709,0.2639999985694885
2026-06-28 07:54:20,71.11799621582031,27.759000778198242,0.2720000147819519
2026-06-28 07:59:22,206.25599670410156,10.824000358581543,0.30799999833106995
2026-06-28 08:04:24,228.8990020751953,9.569000244140625,0.3019999861717224
2026-06-28 08:09:26,243.9949951171875,9.432999610900879,0.3179999887943268
2026-06-28 08:14:28,263.14300537109375,18.972999572753906,0.6890000104904175
2026-06-28 08:19:31,286.3429870605469,21.41200065612793,0.8460000157356262
2026-06-28 08:24:33,301.5889892578125,22.466999053955078,0.9350000023841858
2026-06-28 08:29:35,319.177001953125,23.55500030517578,1.0379999876022339
2026-06-28 08:34:37,334.16900634765625,23.607999801635742,1.0889999866485596
2026-06-28 08:39:39,352.84100341796875,24.045000076293945,1.1710000038146973
2026-06-28 08:44:41,370.3699951171875,24.97800064086914,1.2769999504089355
2026-06-28 08:49:43,390.2820129394531,26.042999267578125,1.402999997138977
2026-06-28 08:54:45,407.3739929199219,25.801000595092773,1.4500000476837158
2026-06-28 08:59:48,427.5270080566406,27.090999603271484,1.5980000495910645
2026-06-28 09:04:50,447.32598876953125,28.541000366210938,1.7619999647140503
2026-06-28 09:09:52,462.3340148925781,28.099000930786133,1.7929999828338623
2026-06-28 09:14:54,479.135986328125,28.985000610351562,1.9160000085830688
2026-06-28 09:19:56,498.75,29.31100082397461,2.0169999599456787
2026-06-28 09:24:58,515.2210083007812,30.385000228881836,2.1600000858306885
2026-06-28 09:30:00,532.7379760742188,31.2189998626709,2.2950000762939453
2026-06-28 09:35:03,551.5789794921875,32.11600112915039,2.444999933242798
2026-06-28 09:40:05,571.2490234375,32.742000579833984,2.5810000896453857
2026-06-28 09:45:07,588.6400146484375,34.084999084472656,2.7690000534057617
2026-06-28 09:50:09,604.073974609375,34.50699996948242,2.877000093460083
2026-06-28 09:55:11,618.302001953125,35.316001892089844,3.013000011444092
2026-06-28 10:00:13,635.6820068359375,35.834999084472656,3.1440000534057617
2026-06-28 10:05:15,654.4290161132812,36.53799819946289,3.299999952316284
2026-06-28 10:10:18,671.9669799804688,37.11899948120117,3.441999912261963
2026-06-28 10:15:20,688.198974609375,37.755001068115234,3.5859999656677246
2026-06-28 10:20:22,698.6849975585938,38.54600143432617,3.7170000076293945
2026-06-28 10:25:24,718.3270263671875,41.07699966430664,4.072000026702881
2026-06-28 10:30:26,735.3330078125,42.512001037597656,4.314000129699707
2026-06-28 10:35:28,753.3499755859375,42.9630012512207,4.466000080108643
2026-06-28 10:40:30,771.0399780273438,43.612998962402344,4.640999794006348
2026-06-28 10:45:32,784.0349731445312,44.25400161743164,4.788000106811523
2026-06-28 10:50:34,799.2659912109375,44.409000396728516,4.8979997634887695
2026-06-28 10:55:37,816.8369750976562,44.92300033569336,5.064000129699707
2026-06-28 11:00:39,825.5980224609375,45.55699920654297,5.190000057220459
2026-06-28 11:05:41,837.864990234375,45.959999084472656,5.314000129699707
2026-06-28 11:10:43,852.3569946289062,45.95100021362305,5.40500020980835
2026-06-28 11:15:45,859.9219970703125,46.83000183105469,5.557000160217285
2026-06-28 11:20:47,875.447998046875,47.42499923706055,5.730000019073486
2026-06-28 11:25:49,884.5919799804688,48.13399887084961,5.875999927520752
2026-06-28 11:30:52,908.1069946289062,48.37799835205078,6.063000202178955
2026-06-28 11:35:54,972.447021484375,48.15999984741211,6.4629998207092285
2026-06-28 11:40:56,352.9739990234375,52.99599838256836,2.5810000896453857
2026-06-28 11:45:58,385.3030090332031,51.96799850463867,2.763000011444092
2026-06-28 11:51:00,547.4000244140625,54.231998443603516,4.0970001220703125
2026-06-28 11:56:02,822.3270263671875,41.22800064086914,4.678999900817871
2026-06-28 12:01:04,419.6180114746094,60.45199966430664,3.500999927520752
2026-06-28 12:06:07,384.1300048828125,50.803001403808594,2.693000078201294
2026-06-28 12:11:09,409.3070068359375,52.665000915527344,2.9749999046325684
2026-06-28 12:16:11,299.25,52.604000091552734,2.171999931335449
2026-06-28 12:21:13,1074.5240478515625,51.34299850463867,7.61299991607666
2026-06-28 12:26:15,1056.3179931640625,51.51599884033203,7.510000228881836
2026-06-28 12:31:17,1052.0140380859375,52.26599884033203,7.5879998207092285
2026-06-28 12:36:19,1048.5849609375,52.5260009765625,7.60099983215332
2026-06-28 12:41:21,1038.97802734375,53.685001373291016,7.697000026702881
2026-06-28 12:46:23,1014.6300048828125,54.119998931884766,7.578000068664551
2026-06-28 12:51:26,1019.447998046875,54.59700012207031,7.681000232696533
2026-06-28 12:56:28,1025.39404296875,55.143001556396484,7.802999973297119
2026-06-28 13:01:30,1015.0239868164062,55.46699905395508,7.769000053405762
2026-06-28 13:06:32,1008.6710205078125,55.75400161743164,7.761000156402588
2026-06-28 13:11:34,1009.8189697265625,55.46099853515625,7.729000091552734
2026-06-28 13:16:36,1007.8079833984375,55.388999938964844,7.703000068664551
2026-06-28 13:21:38,1010.6699829101562,56.04100036621094,7.815999984741211
2026-06-28 13:26:40,1004.2930297851562,55.900001525878906,7.747000217437744
2026-06-28 13:49:15,999.7459716796875,12.479999542236328,1.722000002861023
2026-06-28 13:54:17,985.666015625,50.275001525878906,6.839000225067139
2026-06-28 13:59:19,990.1119995117188,51.70100021362305,7.064000129699707
2026-06-28 14:04:21,986.114013671875,52.87900161743164,7.196000099182129
2026-06-28 14:09:23,979.7230224609375,54.016998291015625,7.302999973297119
2026-06-28 14:14:25,979.218017578125,53.71699905395508,7.258999824523926
2026-06-28 14:19:27,980.2050170898438,54.07400131225586,7.315000057220459
2026-06-28 14:24:30,974.6539916992188,53.8650016784668,7.244999885559082
2026-06-28 14:29:32,966.1090087890625,54.75699996948242,7.300000190734863
2026-06-28 14:34:34,962.041015625,54.84199905395508,7.281000137329102
2026-06-28 14:39:36,953.6339721679688,54.064998626708984,7.114999771118164
2026-06-28 14:44:38,955.927001953125,54.12099838256836,7.139999866485596
2026-06-28 14:49:40,947.5180053710938,53.79499816894531,7.033999919891357
2026-06-28 14:54:42,936.1610107421875,54.0260009765625,6.980000019073486
2026-06-28 14:59:44,929.7139892578125,53.63100051879883,6.88100004196167
2026-06-28 15:04:46,920.552978515625,53.584999084472656,6.807000160217285
2026-06-28 15:09:49,907.135009765625,53.290000915527344,6.671000003814697
2026-06-28 15:14:51,900.3930053710938,52.7239990234375,6.551000118255615
2026-06-28 15:19:53,886.5139770507812,52.61600112915039,6.436999797821045
2026-06-28 15:24:55,876.47998046875,52.14099884033203,6.307000160217285
2026-06-28 15:29:57,872.35498046875,52.03900146484375,6.264999866485596
2026-06-28 15:34:59,863.4639892578125,51.792999267578125,6.171999931335449
2026-06-28 15:40:01,848.8289794921875,51.6510009765625,6.050000190734863
2026-06-28 15:45:03,833.9349975585938,51.652000427246094,5.943999767303467
2026-06-28 15:50:05,821.4819946289062,51.400001525878906,5.827000141143799
2026-06-28 15:55:08,805.97802734375,51.04499816894531,5.677000045776367
2026-06-28 16:00:10,795.1680297851562,50.75,5.568999767303467
2026-06-28 16:05:12,780.9760131835938,50.05699920654297,5.394999980926514
2026-06-28 16:10:14,765.3270263671875,50.23899841308594,5.306000232696533
2026-06-28 16:15:16,751.5280151367188,49.965999603271484,5.182000160217285
2026-06-28 16:20:18,743.4559936523438,49.64400100708008,5.0929999351501465
2026-06-28 16:25:20,730.468994140625,49.36600112915039,4.97599983215332
2026-06-28 16:30:22,715.156982421875,48.827999114990234,4.818999767303467
2026-06-28 16:35:24,703.0399780273438,48.3129997253418,4.686999797821045
2026-06-28 16:40:26,693.385009765625,47.73500061035156,4.567999839782715
2026-06-28 16:45:29,685.2570190429688,47.75,4.514999866485596
2026-06-28 16:50:31,679.5089721679688,47.19200134277344,4.425000190734863
2026-06-28 16:55:33,667.6170043945312,46.96500015258789,4.327000141143799
2026-06-28 17:00:35,653.4949951171875,46.94300079345703,4.232999801635742
2026-06-28 17:05:37,644.97802734375,46.6510009765625,4.1519999504089355
2026-06-28 17:10:39,638.9450073242188,46.46699905395508,4.0970001220703125
2026-06-28 17:15:41,628.2239990234375,46.779998779296875,4.056000232696533
2026-06-28 17:20:43,610.0479736328125,46.37799835205078,3.9040000438690186
2026-06-28 17:25:46,579.0830078125,45.474998474121094,3.634000062942505
2026-06-28 17:30:48,555.1890258789062,45.483001708984375,3.484999895095825
2026-06-28 17:35:50,533.0809936523438,45.14699935913086,3.321000099182129
2026-06-28 17:40:52,517.6320190429688,45.12900161743164,3.2239999771118164
2026-06-28 17:45:54,469.3290100097656,45.474998474121094,2.944999933242798
2026-06-28 17:50:56,469.3940124511719,44.689998626708984,2.8949999809265137
2026-06-28 17:55:58,439.135009765625,44.263999938964844,2.681999921798706
2026-06-28 18:01:00,150.0050048828125,59.143001556396484,1.2239999771118164
2026-06-28 18:06:02,166.01800537109375,60.84700012207031,1.3940000534057617
2026-06-28 18:11:05,161.74400329589844,61.922000885009766,1.3819999694824219
2026-06-28 18:16:07,146.70899963378906,54.810001373291016,1.1100000143051147
2026-06-28 18:21:09,150.43299865722656,53.78799819946289,1.1169999837875366
2026-06-28 18:26:11,142.68600463867188,53.571998596191406,1.0549999475479126
2026-06-28 18:31:13,132.66400146484375,51.861000061035156,0.9490000009536743
2026-06-28 18:36:15,123.08000183105469,50.292999267578125,0.8539999723434448
2026-06-28 18:41:17,111.82599639892578,51.60200119018555,0.7960000038146973
2026-06-28 18:46:20,95.0790023803711,49.444000244140625,0.6489999890327454
2026-06-28 18:51:22,85.9749984741211,49.847999572753906,0.5910000205039978
2026-06-28 18:56:24,80.58100128173828,45.36199951171875,0.5040000081062317
2026-06-28 19:01:26,74.1259994506836,45.9630012512207,0.4699999988079071
2026-06-28 19:06:28,66.87100219726562,44.90399932861328,0.414000004529953
2026-06-28 19:11:30,62.74300003051758,45.784000396728516,0.3959999978542328
2026-06-28 19:16:32,53.327999114990234,42.555999755859375,0.31299999356269836
2026-06-28 19:21:34,52.73099899291992,43.577999114990234,0.31700000166893005
2026-06-28 19:26:36,52.89400100708008,40.0260009765625,0.2919999957084656
2026-06-28 19:31:39,51.02899932861328,40.073001861572266,0.28200000524520874
2026-06-28 19:36:41,46.79800033569336,41.7400016784668,0.27000001072883606
2026-06-28 19:41:43,44.992000579833984,41.80799865722656,0.25999999046325684
2026-06-28 19:46:45,39.14699935913086,39.6349983215332,0.21400000154972076
2026-06-28 19:51:47,32.55799865722656,43.959999084472656,0.1979999989271164
2026-06-28 19:56:49,30.500999450683594,44.566001892089844,0.18799999356269836
2026-06-28 20:01:51,29.367000579833984,35.86399841308594,0.14499999582767487
2026-06-28 20:06:53,27.85099983215332,35.34000015258789,0.13600000739097595
2026-06-28 20:11:55,27.63800048828125,35.68000030517578,0.13600000739097595
2026-06-28 20:16:58,26.94300079345703,39.194000244140625,0.1459999978542328
2026-06-28 20:22:00,25.347000122070312,36.59700012207031,0.12800000607967377
2026-06-28 20:27:02,23.354999542236328,42.91899871826172,0.1379999965429306
2026-06-28 20:32:04,20.250999450683594,24.798999786376953,0.0689999982714653
2026-06-28 20:37:06,18.22100067138672,9.486000061035156,0.024000000208616257
2026-06-28 20:42:08,18.3700008392334,8.925999641418457,0.023000000044703484
2026-06-28 20:47:10,18.868999481201172,10.689000129699707,0.02800000086426735
2026-06-28 20:52:13,18.844999313354492,8.479000091552734,0.02199999988079071
2026-06-28 20:57:15,18.80699920654297,8.625,0.02199999988079071
2026-06-28 21:02:17,16.893999099731445,7.552999973297119,0.017999999225139618
2026-06-28 21:07:19,14.017999649047852,0.1979999989271164,0.0
2026-06-28 21:12:21,10.029000282287598,0.29100000858306885,0.0
2026-06-28 21:17:23,6.089000225067139,0.39399999380111694,0.0
2026-06-28 21:22:25,3.569000005722046,0.23999999463558197,0.0
2026-06-28 21:27:28,0.9049999713897705,-0.36399999260902405,0.0
2026-06-29 05:49:23,0.9049999713897705,-0.36399999260902405,0.0
2026-06-29 05:54:25,1.593000054359436,0.5180000066757202,0.0
2026-06-29 05:59:27,4.65500020980835,0.29499998688697815,0.0
2026-06-29 06:04:29,6.8979997634887695,0.2680000066757202,0.0
2026-06-29 06:09:31,8.376999855041504,0.2759999930858612,0.0
2026-06-29 06:14:33,11.803000450134277,0.20800000429153442,0.0
2026-06-29 06:19:35,12.72700023651123,0.24400000274181366,0.0
2026-06-29 06:24:38,15.201000213623047,0.2370000034570694,0.0
2026-06-29 06:29:40,19.4060001373291,0.24799999594688416,0.0010000000474974513
2026-06-29 06:34:42,22.948999404907227,11.109000205993652,0.03500000014901161
2026-06-29 06:39:44,30.673999786376953,25.573999404907227,0.1080000028014183
2026-06-29 06:44:46,30.788999557495117,19.125999450683594,0.08100000023841858
2026-06-29 06:49:48,36.10499954223633,29.114999771118164,0.14499999582767487
2026-06-29 06:54:50,44.76599884033203,23.416000366210938,0.14499999582767487
2026-06-29 06:59:52,59.0260009765625,26.75,0.21799999475479126
2026-06-29 07:04:55,72.53299713134766,28.42799949645996,0.2849999964237213
2026-06-29 07:09:57,86.7030029296875,27.84000015258789,0.3330000042915344
2026-06-29 07:14:59,86.02100372314453,27.101999282836914,0.32199999690055847
2026-06-29 07:20:01,85.65499877929688,27.125999450683594,0.32100000977516174
2026-06-29 07:25:03,76.39700317382812,27.256999969482422,0.28700000047683716
2026-06-29 07:30:05,59.43899917602539,27.839000701904297,0.2280000001192093
2026-06-29 07:35:07,54.042999267578125,27.663000106811523,0.20600000023841858
2026-06-29 07:40:09,56.09299850463867,28.621000289916992,0.22200000286102295
2026-06-29 07:45:11,69.0459976196289,27.378999710083008,0.26100000739097595
2026-06-29 07:50:14,85.94999694824219,27.41200065612793,0.32499998807907104
2026-06-29 07:55:16,99.5199966430664,26.981000900268555,0.3709999918937683
2026-06-29 08:00:18,218.69900512695312,12.057999610900879,0.36399999260902405
2026-06-29 08:05:20,99.18599700927734,24.270999908447266,0.3319999873638153
2026-06-29 08:10:22,121.0719985961914,19.618999481201172,0.328000009059906
2026-06-29 08:15:24,93.71199798583984,29.81599998474121,0.38600000739097595
2026-06-29 08:20:26,196.88699340820312,22.19700050354004,0.6029999852180481
2026-06-29 08:25:29,268.010986328125,22.950000762939453,0.8489999771118164
2026-06-29 08:30:31,324.02099609375,23.231000900268555,1.0390000343322754
2026-06-29 08:35:33,347.8659973144531,24.673999786376953,1.184000015258789
2026-06-29 08:40:35,364.7120056152344,24.982999801635742,1.2569999694824219
2026-06-29 08:45:37,358.5690002441406,25.784000396728516,1.2760000228881836
2026-06-29 08:50:39,358.468994140625,26.617000579833984,1.3170000314712524
2026-06-29 08:55:41,402.11199951171875,26.986000061035156,1.496999979019165
2026-06-29 09:00:43,404.02099609375,27.558000564575195,1.5369999408721924
2026-06-29 09:05:46,408.02099609375,29.62700080871582,1.6679999828338623
2026-06-29 09:10:48,471.6090087890625,28.719999313354492,1.86899995803833
2026-06-29 09:15:50,509.90899658203125,29.334999084472656,2.063999891281128
2026-06-29 09:20:52,499.2569885253906,31.027999877929688,2.138000011444092
2026-06-29 09:25:54,516.5540161132812,30.415000915527344,2.1679999828338623
2026-06-29 09:30:56,543.5700073242188,30.999000549316406,2.325000047683716
2026-06-29 09:35:58,565.823974609375,31.665000915527344,2.4730000495910645
2026-06-29 09:41:01,589.5469970703125,32.89899826049805,2.677000045776367
2026-06-29 09:46:03,570.9290161132812,33.74399948120117,2.6589999198913574
2026-06-29 09:51:05,609.3930053710938,34.00400161743164,2.859999895095825
2026-06-29 09:56:07,640.5260009765625,34.816001892089844,3.0769999027252197
2026-06-29 10:01:09,655.8930053710938,35.53300094604492,3.2160000801086426
2026-06-29 10:06:11,675.3049926757812,36.28200149536133,3.38100004196167
2026-06-29 10:11:13,684.3200073242188,37.44599914550781,3.5360000133514404
2026-06-29 10:16:16,683.302978515625,38.77000045776367,3.6559998989105225
2026-06-29 10:21:18,641.2849731445312,41.724998474121094,3.693000078201294
2026-06-29 10:26:20,690.0369873046875,39.53300094604492,3.7639999389648438
2026-06-29 10:31:22,726.8300170898438,40.112998962402344,4.0229997634887695
2026-06-29 10:36:24,750.60302734375,40.80099868774414,4.22599983215332
2026-06-29 10:41:26,764.35400390625,40.92599868774414,4.316999912261963
2026-06-29 10:46:28,773.9039916992188,41.97800064086914,4.482999801635742
2026-06-29 10:51:30,789.4810180664062,42.48500061035156,4.629000186920166
2026-06-29 10:56:33,808.3499755859375,43.83599853515625,4.889999866485596
2026-06-29 11:01:35,824.7150268554688,44.72999954223633,5.091000080108643
2026-06-29 11:06:37,879.9290161132812,45.23099899291992,5.492000102996826
2026-06-29 11:11:39,344.5469970703125,47.630001068115234,2.265000104904175
2026-06-29 11:16:41,887.031005859375,45.97100067138672,5.626999855041504
2026-06-29 11:21:43,890.9119873046875,46.667999267578125,5.73799991607666
2026-06-29 11:26:46,891.5750122070312,46.874000549316406,5.767000198364258
2026-06-29 11:31:48,897.8079833984375,47.81399917602539,5.923999786376953
2026-06-29 11:36:50,906.1259765625,48.55500030517578,6.072000026702881
2026-06-29 11:41:52,907.2139892578125,48.92499923706055,6.125
2026-06-29 11:46:54,927.7130126953125,49.5890007019043,6.348999977111816
2026-06-29 11:51:56,938.4130249023438,50.124000549316406,6.491000175476074
2026-06-29 11:56:58,949.281982421875,51.27799987792969,6.7170000076293945
2026-06-29 12:02:00,931.958984375,51.88999938964844,6.673999786376953
2026-06-29 12:07:02,976.8150024414062,52.231998443603516,7.040999889373779
2026-06-29 12:12:05,975.8499755859375,52.7869987487793,7.109000205993652
2026-06-29 12:17:07,981.1090087890625,53.40299987792969,7.230000019073486
2026-06-29 12:22:09,982.85302734375,52.9379997253418,7.179999828338623
2026-06-29 12:27:11,987.406005859375,53.632999420166016,7.308000087738037
2026-06-29 12:32:13,990.0159912109375,54.12799835205078,7.394999980926514
2026-06-29 12:37:15,993.5289916992188,55.0629997253418,7.550000190734863
2026-06-29 12:42:17,1000.5390014648438,54.88100051879883,7.578000068664551
2026-06-29 12:47:19,1003.301025390625,55.053001403808594,7.622000217437744
2026-06-29 12:52:22,1005.7069702148438,55.547000885009766,7.709000110626221
2026-06-29 12:57:24,1018.2579956054688,55.54199981689453,7.804999828338623
2026-06-29 13:02:26,1048.3179931640625,55.72700119018555,8.062000274658203
2026-06-29 13:07:28,1082.3499755859375,55.1349983215332,8.234999656677246
2026-06-29 13:12:30,1059.02197265625,55.40800094604492,8.097999572753906
2026-06-29 13:17:32,864.447998046875,58.75299835205078,7.008999824523926
2026-06-29 13:22:34,944.905029296875,55.82600021362305,7.28000020980835
2026-06-29 13:27:37,927.9149780273438,54.64099884033203,6.997000217437744
2026-06-29 13:50:24,1010.1430053710938,12.253000259399414,1.7079999446868896
2026-06-29 13:55:26,1017.3300170898438,51.57500076293945,7.241000175476074
2026-06-29 14:00:29,1034.3809814453125,52.37900161743164,7.4770002365112305
2026-06-29 14:05:31,967.3330078125,51.10300064086914,6.822000026702881
2026-06-29 14:10:33,985.1929931640625,52.90299987792969,7.192999839782715
2026-06-29 14:15:35,1001.426025390625,53.27199935913086,7.361999988555908
2026-06-29 14:20:37,1002.7310180664062,53.66299819946289,7.426000118255615
2026-06-29 14:25:39,982.3920288085938,53.4119987487793,7.241000175476074
2026-06-29 14:30:42,610.3200073242188,48.34400177001953,4.072000026702881
2026-06-29 14:35:44,969.9660034179688,53.917999267578125,7.2170000076293945
2026-06-29 14:40:46,961.2890014648438,53.380001068115234,7.080999851226807
2026-06-29 14:45:48,716.8909912109375,72.88899993896484,7.210999965667725
2026-06-29 14:50:50,970.3909912109375,53.59000015258789,7.176000118255615
2026-06-29 14:55:52,226.51199340820312,56.52399826049805,1.7669999599456787
2026-06-29 15:00:54,205.15699768066406,56.45399856567383,1.5980000495910645
2026-06-29 15:05:57,235.60499572753906,55.70000076293945,1.8109999895095825
2026-06-29 15:10:59,872.927978515625,49.1619987487793,5.921999931335449
2026-06-29 15:16:01,175.65499877929688,58.40700149536133,1.4160000085830688
2026-06-29 15:21:03,94.68099975585938,56.11600112915039,0.7329999804496765
2026-06-29 15:26:05,92.9530029296875,51.159000396728516,0.656000018119812
2026-06-29 15:31:07,86.53299713134766,46.98699951171875,0.5609999895095825
2026-06-29 15:36:09,84.41799926757812,45.20500183105469,0.5270000100135803
2026-06-29 15:41:12,68.23799896240234,43.540000915527344,0.4099999964237213
2026-06-29 15:46:14,66.72899627685547,42.590999603271484,0.3919999897480011
2026-06-29 15:51:16,80.09100341796875,40.92499923706055,0.4519999921321869
2026-06-29 15:56:18,136.31900024414062,37.72600173950195,0.7099999785423279
2026-06-29 16:01:20,613.1539916992188,34.65700149536133,2.933000087738037
2026-06-29 16:06:22,778.0159912109375,40.80400085449219,4.38100004196167
2026-06-29 16:11:24,763.2069702148438,43.26599884033203,4.557000160217285
2026-06-29 16:16:26,749.2009887695312,41.88999938964844,4.330999851226807
2026-06-29 16:21:29,733.5969848632812,40.974998474121094,4.1479997634887695
2026-06-29 16:26:31,712.3660278320312,39.066001892089844,3.8399999141693115
2026-06-29 16:31:33,707.7670288085938,40.18199920654297,3.924999952316284
2026-06-29 16:36:35,693.97900390625,40.827999114990234,3.9100000858306885
2026-06-29 16:41:37,549.1909790039062,41.24300003051758,3.125999927520752
2026-06-29 16:46:39,573.3259887695312,43.09400177001953,3.4100000858306885
2026-06-29 16:51:41,485.8940124511719,45.290000915527344,3.0369999408721924
2026-06-29 16:56:43,375.1549987792969,42.957000732421875,2.2239999771118164
2026-06-29 17:01:46,376.0069885253906,42.387001037597656,2.1989998817443848
2026-06-29 17:06:48,427.114990234375,43.233001708984375,2.5480000972747803
2026-06-29 17:11:50,526.510986328125,36.9900016784668,2.687999963760376
2026-06-29 17:16:52,595.1749877929688,40.027000427246094,3.2880001068115234
2026-06-29 17:21:54,466.14599609375,33.047000885009766,2.125999927520752
2026-06-29 17:26:56,407.6180114746094,43.70399856567383,2.4579999446868896
2026-06-29 17:31:58,302.9230041503906,40.95899963378906,1.7120000123977661
2026-06-29 17:37:00,265.0400085449219,41.90700149536133,1.5329999923706055
2026-06-29 17:42:03,267.0249938964844,41.54899978637695,1.531000018119812
2026-06-29 17:47:05,210.3699951171875,41.9900016784668,1.218999981880188
2026-06-29 17:52:07,192.51300048828125,42.06399917602539,1.1180000305175781
2026-06-29 17:57:09,169.2530059814453,41.90700149536133,0.9789999723434448
2026-06-29 18:02:11,147.38400268554688,43.19200134277344,0.878000020980835
2026-06-29 18:07:13,150.24899291992188,43.35200119018555,0.8989999890327454
2026-06-29 18:12:15,164.52099609375,45.395999908447266,1.031000018119812
2026-06-29 18:17:17,169.13800048828125,47.33599853515625,1.1050000190734863
2026-06-29 18:22:20,173.18899536132812,41.77199935913086,0.9980000257492065
2026-06-29 18:27:22,169.80099487304688,41.70199966430664,0.9769999980926514
2026-06-29 18:32:24,185.08099365234375,41.90399932861328,1.0700000524520874
2026-06-29 18:37:26,187.55999755859375,41.79899978637695,1.0820000171661377
2026-06-29 18:42:28,167.07400512695312,41.375999450683594,0.9539999961853027
2026-06-29 18:47:30,153.68699645996094,41.28200149536133,0.8759999871253967
2026-06-29 18:52:32,127.01000213623047,42.72200012207031,0.7490000128746033
2026-06-29 18:57:34,115.73899841308594,41.52299880981445,0.6629999876022339
2026-06-29 19:02:37,99.18900299072266,42.74800109863281,0.5849999785423279
2026-06-29 19:07:39,89.97899627685547,40.441001892089844,0.5019999742507935
2026-06-29 19:12:41,83.77799987792969,40.22800064086914,0.4650000035762787
2026-06-29 19:17:43,67.625,37.87900161743164,0.3540000021457672
2026-06-29 19:22:45,51.77799987792969,38.56999969482422,0.2759999930858612
2026-06-29 19:27:47,43.05099868774414,36.40800094604492,0.2160000056028366
2026-06-29 19:32:49,37.17499923706055,32.41699981689453,0.16599999368190765
2026-06-29 19:37:52,29.033000946044922,37.483001708984375,0.15000000596046448
2026-06-29 19:42:54,24.69099998474121,36.35200119018555,0.12399999797344208
2026-06-29 19:47:56,21.145000457763672,38.27199935913086,0.1120000034570694
2026-06-29 19:52:58,15.503000259399414,38.29999923706055,0.0820000022649765
2026-06-29 19:58:00,11.019000053405762,3.5850000381469727,0.004999999888241291
2026-06-29 20:03:02,11.288999557495117,0.40799999237060547,0.0010000000474974513
2026-06-29 20:08:04,12.390999794006348,0.3269999921321869,0.0010000000474974513
2026-06-29 20:13:07,11.390000343322754,0.3499999940395355,0.0010000000474974513
2026-06-29 20:18:09,12.895999908447266,0.27000001072883606,0.0
2026-06-29 20:23:11,12.70300006866455,0.2290000021457672,0.0
2026-06-29 20:28:13,14.402000427246094,0.2680000066757202,0.0010000000474974513
2026-06-29 20:33:15,14.631999969482422,0.21199999749660492,0.0
2026-06-29 20:38:17,17.582000732421875,0.23499999940395355,0.0010000000474974513
2026-06-29 20:43:19,21.4060001373291,4.901000022888184,0.014000000432133675
2026-06-29 20:48:22,26.216999053955078,5.769999980926514,0.020999999716877937
2026-06-29 20:53:24,32.89799880981445,16.06100082397461,0.0729999989271164
2026-06-29 20:58:26,32.39099884033203,18.575000762939453,0.08299999684095383
2026-06-29 21:03:28,25.542999267578125,6.35099983215332,0.02199999988079071
2026-06-29 21:08:30,17.660999298095703,0.20000000298023224,0.0
2026-06-29 21:13:32,14.27299976348877,0.20999999344348907,0.0
2026-06-29 21:18:34,11.166999816894531,0.14399999380111694,0.0
2026-06-29 21:23:37,7.543000221252441,0.21199999749660492,0.0
2026-06-29 21:28:39,1.8350000381469727,0.17800000309944153,0.0
2026-06-30 05:39:11,1.8350000381469727,0.17800000309944153,0.0
2026-06-30 05:44:14,2.7709999084472656,0.2919999957084656,0.0
2026-06-30 05:49:16,4.4019999504089355,0.28700000047683716,0.0
2026-06-30 05:54:18,6.0370001792907715,0.3619999885559082,0.0
2026-06-30 05:59:20,8.585000038146973,0.23899999260902405,0.0
2026-06-30 06:04:22,11.184000015258789,0.2919999957084656,0.0
2026-06-30 06:09:24,14.02299976348877,0.2590000033378601,0.0010000000474974513
2026-06-30 06:14:26,16.292999267578125,0.2840000092983246,0.0010000000474974513
2026-06-30 06:19:28,18.358999252319336,0.22599999606609344,0.0010000000474974513
2026-06-30 06:24:31,20.680999755859375,7.4039998054504395,0.020999999716877937
2026-06-30 06:29:33,25.204999923706055,8.447999954223633,0.028999999165534973
2026-06-30 06:34:35,27.67799949645996,19.871999740600586,0.07599999755620956
2026-06-30 06:39:37,30.820999145507812,25.499000549316406,0.1080000028014183
2026-06-30 06:44:39,33.590999603271484,24.347999572753906,0.11299999803304672
2026-06-30 06:49:41,36.1349983215332,22.26300048828125,0.11100000143051147
2026-06-30 06:54:43,38.96200180053711,26.57200050354004,0.14300000667572021
2026-06-30 06:59:46,42.01100158691406,26.57200050354004,0.15399999916553497
2026-06-30 07:04:48,45.02199935913086,26.542999267578125,0.16500000655651093
2026-06-30 07:09:50,48.069000244140625,28.898000717163086,0.19200000166893005
2026-06-30 07:14:52,51.03799819946289,29.01099967956543,0.20399999618530273
2026-06-30 07:19:54,54.132999420166016,28.554000854492188,0.21299999952316284
2026-06-30 07:24:56,56.93000030517578,28.624000549316406,0.22499999403953552
2026-06-30 07:29:58,59.71500015258789,27.98699951171875,0.23100000619888306
2026-06-30 07:35:01,62.95800018310547,26.98699951171875,0.23399999737739563
2026-06-30 07:40:03,67.93099975585938,30.117000579833984,0.28200000524520874
2026-06-30 07:45:05,73.01000213623047,29.474000930786133,0.296999990940094
2026-06-30 07:50:07,76.08899688720703,30.354000091552734,0.3190000057220459
2026-06-30 07:55:09,82.3949966430664,27.459999084472656,0.31200000643730164
2026-06-30 08:00:11,198.43899536132812,11.32699966430664,0.3100000023841858
2026-06-30 08:05:13,226.60299682617188,11.527999877929688,0.36000001430511475
2026-06-30 08:10:15,241.72300720214844,11.347999572753906,0.3790000081062317
2026-06-30 08:15:18,262.6189880371094,22.35700035095215,0.8100000023841858
2026-06-30 08:20:20,268.3890075683594,22.916000366210938,0.8489999771118164
2026-06-30 08:25:22,220.5229949951172,24.674999237060547,0.7509999871253967
2026-06-30 08:30:24,248.34300231933594,25.309999465942383,0.8669999837875366
2026-06-30 08:35:26,315.06500244140625,24.108999252319336,1.0479999780654907
2026-06-30 08:40:28,324.5419921875,25.61400032043457,1.1469999551773071
2026-06-30 08:45:30,361.8739929199219,26.601999282836914,1.3279999494552612
2026-06-30 08:50:32,339.4289855957031,28.229000091552734,1.3220000267028809
2026-06-30 08:55:34,402.4209899902344,27.472000122070312,1.5260000228881836
2026-06-30 09:00:37,413.65899658203125,27.7189998626709,1.5820000171661377
2026-06-30 09:05:39,417.531005859375,28.9689998626709,1.6690000295639038
2026-06-30 09:10:41,389.906005859375,29.315000534057617,1.5770000219345093
2026-06-30 09:15:43,455.2569885253906,29.429000854492188,1.8489999771118164
2026-06-30 09:20:45,447.14300537109375,29.364999771118164,1.812000036239624
2026-06-30 09:25:47,426.1709899902344,30.660999298095703,1.8029999732971191
2026-06-30 09:30:49,528.8980102539062,30.69099998474121,2.240000009536743
2026-06-30 09:35:51,543.3870239257812,31.163999557495117,2.3369998931884766
2026-06-30 09:40:54,557.2620239257812,32.08100128173828,2.4670000076293945
2026-06-30 09:45:56,571.9929809570312,32.85100173950195,2.5929999351501465
2026-06-30 09:50:58,587.5889892578125,33.763999938964844,2.73799991607666
2026-06-30 09:56:00,605.655029296875,34.494998931884766,2.882999897003174
2026-06-30 10:01:02,618.7680053710938,34.88600158691406,2.9790000915527344
2026-06-30 10:06:04,637.5609741210938,35.757999420166016,3.1459999084472656
2026-06-30 10:11:06,652.2559814453125,36.236000061035156,3.26200008392334
2026-06-30 10:16:09,666.9210205078125,37.40299987792969,3.441999912261963
2026-06-30 10:21:11,684.8729858398438,37.85900115966797,3.578000068664551
2026-06-30 10:26:13,701.0650024414062,37.819000244140625,3.6589999198913574
2026-06-30 10:31:15,720.60498046875,38.125999450683594,3.7909998893737793
2026-06-30 10:36:17,737.6019897460938,38.64400100708008,3.934000015258789
2026-06-30 10:41:19,754.2219848632812,38.72800064086914,4.031000137329102
2026-06-30 10:46:21,768.4299926757812,39.150001525878906,4.1519999504089355
2026-06-30 10:51:23,784.7589721679688,39.779998779296875,4.308000087738037
2026-06-30 10:56:26,797.9580078125,40.34000015258789,4.441999912261963
2026-06-30 11:01:28,809.6959838867188,41.99100112915039,4.691999912261963
2026-06-30 11:06:30,822.7789916992188,43.28099822998047,4.914000034332275
2026-06-30 11:11:32,836.5989990234375,43.67100143432617,5.041999816894531
2026-06-30 11:16:34,848.447998046875,45.30500030517578,5.304999828338623
2026-06-30 11:21:36,858.9390258789062,45.76300048828125,5.425000190734863
2026-06-30 11:26:39,872.6170043945312,46.27199935913086,5.572000026702881
2026-06-30 11:31:41,880.3980102539062,47.303001403808594,5.747000217437744
2026-06-30 11:36:43,892.8930053710938,47.86800003051758,5.8979997634887695
2026-06-30 11:41:45,901.6539916992188,48.422000885009766,6.025000095367432
2026-06-30 11:46:47,913.1199951171875,48.93299865722656,6.165999889373779
2026-06-30 11:51:49,920.802001953125,49.7140007019043,6.316999912261963
2026-06-30 11:56:51,929.4580078125,49.90700149536133,6.401000022888184
2026-06-30 12:01:53,939.9199829101562,50.90800094604492,6.603000164031982
2026-06-30 12:06:56,946.698974609375,51.486000061035156,6.72599983215332
2026-06-30 12:11:58,955.6229858398438,51.88600158691406,6.8429999351501465
2026-06-30 12:17:00,960.4299926757812,52.70899963378906,6.986000061035156
2026-06-30 12:22:02,965.7830200195312,52.59000015258789,7.008999824523926
2026-06-30 12:27:04,961.969970703125,53.52399826049805,7.105000019073486
2026-06-30 12:32:06,975.9089965820312,53.52000045776367,7.208000183105469
2026-06-30 12:37:08,978.2930297851562,54.13600158691406,7.309000015258789
2026-06-30 12:42:10,981.4869995117188,54.25,7.3480000495910645
2026-06-30 12:47:13,980.1069946289062,54.48099899291992,7.36899995803833
2026-06-30 12:52:15,985.5679931640625,54.999000549316406,7.480000019073486
2026-06-30 12:57:17,991.0380249023438,55.00199890136719,7.521999835968018
2026-06-30 13:02:19,994.7360229492188,54.689998626708984,7.507999897003174
2026-06-30 13:07:21,990.4210205078125,55.222999572753906,7.547999858856201
2026-06-30 13:12:23,996.1900024414062,55.145999908447266,7.580999851226807
2026-06-30 13:17:25,995.6710205078125,55.12300109863281,7.573999881744385
2026-06-30 13:22:28,1012.573974609375,54.915000915527344,7.673999786376953
2026-06-30 13:27:30,1015.3419799804688,55.2599983215332,7.743000030517578
2026-06-30 13:51:22,1024.3470458984375,53.137001037597656,7.511000156402588
2026-06-30 13:56:24,1002.3359985351562,53.99700164794922,7.468999862670898
2026-06-30 14:01:26,988.3499755859375,54.15399932861328,7.386000156402588
2026-06-30 14:06:29,983.6799926757812,54.24599838256836,7.363999843597412
2026-06-30 14:11:31,979.6890258789062,53.560001373291016,7.241000175476074
2026-06-30 14:16:33,981.5449829101562,54.41999816894531,7.370999813079834
2026-06-30 14:21:35,981.4169921875,53.94300079345703,7.306000232696533
2026-06-30 14:26:37,979.0670166015625,53.875999450683594,7.2789998054504395
2026-06-30 14:31:39,977.8270263671875,54.000999450683594,7.2870001792907715
2026-06-30 14:36:41,982.7470092773438,53.77799987792969,7.293000221252441
2026-06-30 14:41:44,995.4010009765625,53.472999572753906,7.34499979019165
2026-06-30 14:46:46,1007.6820068359375,52.808998107910156,7.343999862670898
2026-06-30 14:51:48,858.7789916992188,53.016998291015625,6.2829999923706055
2026-06-30 14:56:50,152.20799255371094,57.6870002746582,1.2120000123977661
2026-06-30 15:01:52,162.40199279785156,54.28300094604492,1.2170000076293945
2026-06-30 15:06:54,165.31399536132812,52.73699951171875,1.2029999494552612
2026-06-30 15:11:56,178.21400451660156,49.00299835205078,1.2050000429153442
2026-06-30 15:16:59,202.61500549316406,48.21200180053711,1.3480000495910645
2026-06-30 15:22:01,223.49600219726562,47.4739990234375,1.4639999866485596
2026-06-30 15:27:03,193.91099548339844,48.69599914550781,1.3029999732971191
2026-06-30 15:32:05,183.14500427246094,46.75,1.1820000410079956
2026-06-30 15:37:07,186.91700744628906,46.869998931884766,1.2089999914169312
2026-06-30 15:42:09,172.24000549316406,46.16400146484375,1.097000002861023
2026-06-30 15:47:11,161.1699981689453,45.19200134277344,1.0049999952316284
2026-06-30 15:52:13,142.62899780273438,45.12200164794922,0.8880000114440918
2026-06-30 15:57:16,134.11900329589844,44.672000885009766,0.8270000219345093
2026-06-30 16:02:18,134.1230010986328,42.40599822998047,0.7850000262260437
2026-06-30 16:07:20,140.46600341796875,42.10900115966797,0.8159999847412109
2026-06-30 16:12:22,148.9739990234375,43.1349983215332,0.8870000243186951
2026-06-30 16:17:24,154.27200317382812,41.452999114990234,0.8830000162124634
2026-06-30 16:22:26,152.53500366210938,41.249000549316406,0.8679999709129333
2026-06-30 16:27:28,140.61599731445312,42.2400016784668,0.8199999928474426
2026-06-30 16:32:30,127.01399993896484,41.676998138427734,0.7310000061988831
2026-06-30 16:37:33,109.12100219726562,42.09000015258789,0.6340000033378601
2026-06-30 16:42:35,92.7699966430664,40.74599838256836,0.5220000147819519
2026-06-30 16:47:37,79.54499816894531,39.80400085449219,0.43700000643730164
2026-06-30 16:52:39,72.0459976196289,38.72800064086914,0.38499999046325684
2026-06-30 16:57:41,64.89800262451172,35.91999816894531,0.32199999690055847
2026-06-30 17:02:43,56.00899887084961,36.70399856567383,0.2840000092983246
2026-06-30 17:07:46,59.79199981689453,37.74399948120117,0.3109999895095825
2026-06-30 17:12:48,65.68199920654297,38.03499984741211,0.3449999988079071
2026-06-30 17:17:50,72.77899932861328,38.766998291015625,0.3889999985694885
2026-06-30 17:22:52,85.32099914550781,36.757999420166016,0.43299999833106995
2026-06-30 17:27:54,113.06099700927734,36.9900016784668,0.5770000219345093
2026-06-30 17:32:56,145.88299560546875,38.51599884033203,0.7749999761581421
2026-06-30 17:37:58,181.10899353027344,40.57500076293945,1.0140000581741333
2026-06-30 17:43:01,176.72500610351562,39.71799850463867,0.968999981880188
2026-06-30 17:48:03,246.55499267578125,37.48899841308594,1.2760000228881836
2026-06-30 17:53:05,518.6259765625,32.76300048828125,2.3450000286102295
2026-06-30 17:58:07,524.31298828125,32.91999816894531,2.381999969482422
2026-06-30 18:03:09,211.83799743652344,73.81999969482422,2.1579999923706055
2026-06-30 18:08:11,168.70199584960938,78.2750015258789,1.8220000267028809
2026-06-30 18:13:13,144.55499267578125,80.28700256347656,1.6019999980926514
2026-06-30 18:18:16,127.7760009765625,72.31600189208984,1.274999976158142
2026-06-30 18:23:18,124.0250015258789,40.1870002746582,0.6880000233650208
2026-06-30 18:28:20,136.58999633789062,37.70100021362305,0.7110000252723694
2026-06-30 18:33:22,144.64500427246094,37.27000045776367,0.7440000176429749
2026-06-30 18:38:24,130.09100341796875,39.667999267578125,0.7120000123977661
2026-06-30 18:43:26,125.71900177001953,36.63399887084961,0.6359999775886536
2026-06-30 18:48:28,125.15899658203125,40.180999755859375,0.6940000057220459
2026-06-30 18:53:31,114.68599700927734,39.810001373291016,0.6299999952316284
2026-06-30 18:58:33,76.73799896240234,36.31700134277344,0.38499999046325684
2026-06-30 19:03:35,62.76300048828125,37.89099884033203,0.328000009059906
2026-06-30 19:08:37,53.54100036621094,37.02299880981445,0.27399998903274536
2026-06-30 19:13:39,47.387001037597656,36.45100021362305,0.23800000548362732
2026-06-30 19:18:41,45.9379997253418,33.064998626708984,0.20999999344348907
2026-06-30 19:23:43,46.58300018310547,35.95199966430664,0.23100000619888306
2026-06-30 19:28:45,54.513999938964844,35.60900115966797,0.2680000066757202
2026-06-30 19:33:48,46.729000091552734,38.082000732421875,0.2460000067949295
2026-06-30 19:38:50,41.29600143432617,34.45399856567383,0.19599999487400055
2026-06-30 19:43:52,37.70500183105469,36.15599822998047,0.18799999356269836
2026-06-30 19:48:54,38.43899917602539,29.152000427246094,0.1550000011920929
2026-06-30 19:53:56,46.29100036621094,36.62200164794922,0.23399999737739563
2026-06-30 19:58:58,46.875,35.27000045776367,0.2280000001192093
2026-06-30 20:04:00,49.84199905395508,34.50899887084961,0.2370000034570694
2026-06-30 20:09:03,55.44499969482422,32.24300003051758,0.24699999392032623
2026-06-30 20:14:05,45.41299819946289,33.209999084472656,0.20800000429153442
2026-06-30 20:19:07,45.709999084472656,28.474000930786133,0.18000000715255737
2026-06-30 20:24:09,33.650001525878906,35.220001220703125,0.164000004529953
2026-06-30 20:29:11,24.250999450683594,17.60099983215332,0.05900000035762787
2026-06-30 20:34:13,25.520000457763672,11.376999855041504,0.03999999910593033
2026-06-30 20:39:15,15.159000396728516,0.2759999930858612,0.0010000000474974513
2026-06-30 20:44:17,13.904000282287598,0.2680000066757202,0.0010000000474974513
2026-06-30 20:49:19,9.67300033569336,0.18799999356269836,0.0
2026-06-30 20:54:22,9.263999938964844,0.3089999854564667,0.0
2026-06-30 20:59:24,9.8100004196167,0.2680000066757202,0.0
2026-06-30 21:04:26,8.817999839782715,0.3089999854564667,0.0
2026-06-30 21:09:28,8.217000007629395,0.1379999965429306,0.0
2026-06-30 21:14:30,6.947000026702881,0.29499998688697815,0.0
2026-06-30 21:19:32,4.27400016784668,0.07999999821186066,0.0
2026-06-30 21:24:34,1.9149999618530273,0.9470000267028809,0.0
2026-06-30 21:29:37,0.4699999988079071,0.23499999940395355,0.0
2026-07-01 05:40:03,0.4699999988079071,0.23499999940395355,0.0
2026-07-01 05:45:05,1.0240000486373901,0.7889999747276306,0.0
2026-07-01 05:50:07,1.9950000047683716,0.6079999804496765,0.0
2026-07-01 05:55:09,3.2820000648498535,0.10300000011920929,0.0
2026-07-01 06:00:11,5.896999835968018,0.04500000178813934,0.0
2026-07-01 06:05:13,9.25,0.2549999952316284,0.0
2026-07-01 06:10:15,11.642999649047852,0.23000000417232513,0.0
2026-07-01 06:15:18,13.35099983215332,0.19699999690055847,0.0
2026-07-01 06:20:20,15.831000328063965,0.22499999403953552,0.0
2026-07-01 06:25:22,18.361000061035156,0.19200000166893005,0.0
2026-07-01 06:30:24,20.417999267578125,0.2540000081062317,0.0010000000474974513
2026-07-01 06:35:26,23.211000442504883,6.672999858856201,0.020999999716877937
2026-07-01 06:40:28,26.930999755859375,11.154000282287598,0.04100000113248825
2026-07-01 06:45:30,29.145000457763672,19.555999755859375,0.07900000363588333
2026-07-01 06:50:32,32.08300018310547,23.82699966430664,0.10499999672174454
2026-07-01 06:55:35,33.805999755859375,26.405000686645508,0.12300000339746475
2026-07-01 07:00:37,36.54899978637695,26.659000396728516,0.1340000033378601
2026-07-01 07:05:39,38.69300079345703,25.259000778198242,0.13500000536441803
2026-07-01 07:10:41,39.41299819946289,28.792999267578125,0.15700000524520874
2026-07-01 07:15:43,40.83700180053711,22.086999893188477,0.12399999797344208
2026-07-01 07:20:45,42.91299819946289,24.25200080871582,0.14399999380111694
2026-07-01 07:25:47,46.12300109863281,24.034000396728516,0.15299999713897705
2026-07-01 07:30:49,48.49800109863281,29.04800033569336,0.1940000057220459
2026-07-01 07:35:52,53.61800003051758,28.91699981689453,0.21400000154972076
2026-07-01 07:40:54,62.36600112915039,30.78499984741211,0.26499998569488525
2026-07-01 07:45:56,68.51000213623047,29.6200008392334,0.2800000011920929
2026-07-01 07:50:58,69.23400115966797,31.36199951171875,0.30000001192092896
2026-07-01 07:56:00,42.05699920654297,24.084999084472656,0.14000000059604645
2026-07-01 08:01:02,38.875,27.216999053955078,0.1459999978542328
2026-07-01 08:06:04,54.03200149536133,29.298999786376953,0.21799999475479126
2026-07-01 08:11:06,61.33300018310547,31.259000778198242,0.26499998569488525
2026-07-01 08:16:09,62.44200134277344,32.91899871826172,0.2840000092983246
2026-07-01 08:21:11,48.441001892089844,34.9370002746582,0.23399999737739563
2026-07-01 08:26:13,36.15399932861328,33.12799835205078,0.16500000655651093
2026-07-01 08:31:15,14.673999786376953,9.352999687194824,0.01899999938905239
2026-07-01 08:36:17,7.434999942779541,0.34700000286102295,0.0
2026-07-01 08:41:19,6.855000019073486,0.34299999475479126,0.0
2026-07-01 08:46:21,6.313000202178955,0.3880000114440918,0.0
2026-07-01 08:51:23,8.045999526977539,0.38600000739097595,0.0
2026-07-01 08:56:26,12.383999824523926,0.2669999897480011,0.0
2026-07-01 09:01:28,17.94499969482422,1.3279999494552612,0.003000000026077032
2026-07-01 09:06:30,17.163000106811523,0.4309999942779541,0.0010000000474974513
2026-07-01 09:11:32,15.934000015258789,0.2240000069141388,0.0
2026-07-01 09:16:34,20.784000396728516,5.736999988555908,0.01600000075995922
2026-07-01 09:21:36,31.204999923706055,19.416000366210938,0.08399999886751175
2026-07-01 09:26:38,39.52199935913086,31.69499969482422,0.17299999296665192
2026-07-01 09:31:40,20.761999130249023,1.9630000591278076,0.006000000052154064
2026-07-01 09:36:43,20.86199951171875,0.2199999988079071,0.0010000000474974513
2026-07-01 09:41:45,23.893999099731445,8.456000328063965,0.02800000086426735
2026-07-01 09:46:47,34.17399978637695,30.142000198364258,0.1420000046491623
2026-07-01 09:51:49,37.551998138427734,28.33799934387207,0.1469999998807907
2026-07-01 09:56:51,41.24100112915039,28.202999114990234,0.16099999845027924
2026-07-01 10:01:53,50.3380012512207,25.422000885009766,0.1770000010728836
2026-07-01 10:06:55,63.73899841308594,30.343000411987305,0.2669999897480011
2026-07-01 10:11:57,68.23799896240234,32.974998474121094,0.3109999895095825
2026-07-01 10:16:59,90.03700256347656,34.39400100708008,0.4269999861717224
2026-07-01 10:22:02,138.18499755859375,35.17399978637695,0.6710000038146973
2026-07-01 10:27:04,165.07400512695312,33.33599853515625,0.7590000033378601
2026-07-01 10:32:06,292.5299987792969,33.827999114990234,1.3660000562667847
2026-07-01 10:37:08,545.166015625,37.56399917602539,2.8259999752044678
2026-07-01 10:42:10,374.3789978027344,34.70000076293945,1.7929999828338623
2026-07-01 10:47:12,531.1519775390625,30.409000396728516,2.2290000915527344
2026-07-01 10:52:14,312.1130065917969,35.37300109863281,1.5240000486373901
2026-07-01 10:57:16,153.4239959716797,37.191001892089844,0.7870000004768372
2026-07-01 11:02:19,122.67400360107422,37.051998138427734,0.6269999742507935
2026-07-01 11:07:21,146.5030059814453,35.645999908447266,0.7210000157356262
2026-07-01 11:12:23,133.46499633789062,37.2130012512207,0.6850000023841858
2026-07-01 11:17:25,86.95899963378906,35.263999938964844,0.4230000078678131
2026-07-01 11:22:27,63.80099868774414,35.367000579833984,0.3109999895095825
2026-07-01 11:27:29,90.63999938964844,35.5099983215332,0.4440000057220459
2026-07-01 11:32:31,109.28199768066406,35.92599868774414,0.5419999957084656
2026-07-01 11:37:34,102.09600067138672,35.47800064086914,0.5
2026-07-01 11:42:36,83.32099914550781,36.9119987487793,0.42399999499320984
2026-07-01 11:47:38,70.68099975585938,37.70800018310547,0.36800000071525574
2026-07-01 11:52:40,47.62099838256836,32.665000915527344,0.2150000035762787
2026-07-01 11:57:42,66.92900085449219,37.382999420166016,0.3449999988079071
2026-07-01 12:02:44,93.21099853515625,35.58599853515625,0.4580000042915344
2026-07-01 12:07:46,117.0790023803711,32.494998931884766,0.5249999761581421
2026-07-01 12:12:48,163.74200439453125,41.33100128173828,0.9340000152587891
2026-07-01 12:17:51,122.48899841308594,33.61800003051758,0.5680000185966492
2026-07-01 12:22:53,149.29800415039062,39.70000076293945,0.8180000185966492
2026-07-01 12:27:55,137.6179962158203,37.33300018310547,0.7089999914169312
2026-07-01 12:32:57,117.0739974975586,38.79600143432617,0.6269999742507935
2026-07-01 12:37:59,87.17900085449219,36.007999420166016,0.43299999833106995
2026-07-01 12:43:01,65.76000213623047,38.11000061035156,0.34599998593330383
2026-07-01 12:48:03,51.63999938964844,34.88199996948242,0.24899999797344208
2026-07-01 12:53:05,49.805999755859375,39.05400085449219,0.2680000066757202
2026-07-01 12:58:08,55.63399887084961,34.15700149536133,0.2619999945163727
2026-07-01 13:03:10,68.7030029296875,37.56999969482422,0.35600000619888306
2026-07-01 13:08:12,87.6780014038086,40.665000915527344,0.492000013589859
2026-07-01 13:13:14,111.54399871826172,39.65399932861328,0.6100000143051147
2026-07-01 13:18:16,198.18499755859375,40.63600158691406,1.1109999418258667
2026-07-01 13:23:18,276.62200927734375,37.89099884033203,1.4459999799728394
2026-07-01 13:28:20,806.1580200195312,36.07099914550781,4.013000011444092
2026-07-01 13:51:13,866.8499755859375,3.114000082015991,0.37299999594688416
2026-07-01 13:56:15,888.864990234375,40.28499984741211,4.940999984741211
2026-07-01 14:01:17,930.6010131835938,41.93299865722656,5.385000228881836
2026-07-01 14:06:19,817.0380249023438,43.948001861572266,4.954999923706055
2026-07-01 14:11:21,708.0479736328125,43.23500061035156,4.224999904632568
2026-07-01 14:16:23,554.2830200195312,44.54100036621094,3.4070000648498535
2026-07-01 14:21:25,325.57000732421875,42.63600158691406,1.9160000085830688
2026-07-01 14:26:27,282.24700927734375,40.481998443603516,1.5770000219345093
2026-07-01 14:31:30,503.37799072265625,42.198001861572266,2.930999994277954
2026-07-01 14:36:32,795.7529907226562,43.04199981689453,4.7270002365112305
2026-07-01 14:41:34,784.6539916992188,43.33300018310547,4.691999912261963
2026-07-01 14:46:36,923.4080200195312,43.63600158691406,5.560999870300293
2026-07-01 14:51:38,971.2979736328125,44.814998626708984,6.006999969482422
2026-07-01 14:56:40,1010.3679809570312,45.2400016784668,6.308000087738037
2026-07-01 15:01:42,970.5989990234375,45.474998474121094,6.091000080108643
2026-07-01 15:06:44,904.1389770507812,47.667999267578125,5.947999954223633
2026-07-01 15:11:47,953.906005859375,48.25600051879883,6.3520002365112305
2026-07-01 15:16:49,931.5369873046875,48.108001708984375,6.184000015258789
2026-07-01 15:21:51,910.989990234375,48.47100067138672,6.093999862670898
2026-07-01 15:26:53,924.2329711914062,47.69200134277344,6.083000183105469
2026-07-01 15:31:55,897.531005859375,47.60200119018555,5.895999908447266
2026-07-01 15:36:57,889.4500122070312,47.242000579833984,5.798999786376953
2026-07-01 15:41:59,885.8159790039062,47.09400177001953,5.756999969482422
2026-07-01 15:47:02,717.4349975585938,55.86000061035156,5.53000020980835
2026-07-01 15:52:04,859.5679931640625,44.50699996948242,5.2789998054504395
2026-07-01 15:57:06,360.3550109863281,29.131000518798828,1.4490000009536743
2026-07-01 16:02:08,441.4159851074219,30.134000778198242,1.8359999656677246
2026-07-01 16:07:10,856.6160278320312,41.141998291015625,4.86299991607666
2026-07-01 16:12:12,819.177978515625,41.23899841308594,4.6620001792907715
2026-07-01 16:17:14,826.89697265625,41.979000091552734,4.789999961853027
2026-07-01 16:22:16,128.35000610351562,53.76499938964844,0.9520000219345093
2026-07-01 16:27:19,774.3670043945312,41.53300094604492,4.438000202178955
2026-07-01 16:32:21,779.156982421875,41.71699905395508,4.486000061035156
2026-07-01 16:37:23,190.98699951171875,70.95700073242188,1.8700000047683716
2026-07-01 16:42:25,771.947998046875,40.5620002746582,4.321000099182129
2026-07-01 16:47:27,126.5009994506836,47.16299819946289,0.8230000138282776
2026-07-01 16:52:29,168.68800354003906,42.9119987487793,0.9990000128746033
2026-07-01 16:57:31,142.0850067138672,42.86000061035156,0.8399999737739563
2026-07-01 17:02:34,149.60800170898438,40.32400131225586,0.8330000042915344
2026-07-01 17:07:36,176.82000732421875,40.125,0.9789999723434448
2026-07-01 17:12:38,642.8720092773438,33.95800018310547,3.013000011444092
2026-07-01 17:17:40,596.7269897460938,33.49700164794922,2.757999897003174
2026-07-01 17:22:42,594.7470092773438,33.37099838256836,2.739000082015991
2026-07-01 17:27:44,602.8579711914062,33.68299865722656,2.802000045776367
2026-07-01 17:32:46,594.135009765625,33.58300018310547,2.753000020980835
2026-07-01 17:37:49,191.67300415039062,47.47800064086914,1.25600004196167
2026-07-01 17:42:51,150.39100646972656,46.617000579833984,0.9670000076293945
2026-07-01 17:47:53,167.27999877929688,38.83000183105469,0.8960000276565552
2026-07-01 17:52:55,163.98699951171875,40.12300109863281,0.9079999923706055
2026-07-01 17:57:57,134.68800354003906,40.17900085449219,0.746999979019165
2026-07-01 18:02:59,118.48999786376953,39.444000244140625,0.6449999809265137
2026-07-01 18:08:01,116.87100219726562,103.63300323486328,1.6710000038146973
2026-07-01 18:13:03,92.41000366210938,38.433998107910156,0.49000000953674316
2026-07-01 18:18:06,77.11100006103516,37.72800064086914,0.4009999930858612
2026-07-01 18:23:08,71.67500305175781,37.15800094604492,0.36800000071525574
2026-07-01 18:28:10,72.75,34.87799835205078,0.3499999940395355
2026-07-01 18:33:12,68.96700286865234,32.428001403808594,0.3089999854564667
2026-07-01 18:38:14,76.27100372314453,33.82099914550781,0.35600000619888306
2026-07-01 18:43:16,58.9900016784668,35.391998291015625,0.2879999876022339
2026-07-01 18:48:18,50.31999969482422,30.81999969482422,0.21400000154972076
2026-07-01 18:53:20,50.097999572753906,30.277000427246094,0.20900000631809235
2026-07-01 18:58:23,65.23699951171875,30.520000457763672,0.2750000059604645
2026-07-01 19:03:25,90.69300079345703,34.2599983215332,0.42899999022483826
2026-07-01 19:08:27,98.21900177001953,32.369998931884766,0.4390000104904175
2026-07-01 19:13:29,96.41400146484375,35.57899856567383,0.4729999899864197
2026-07-01 19:18:31,75.28900146484375,34.68299865722656,0.36000001430511475
2026-07-01 19:23:33,66.41400146484375,31.548999786376953,0.289000004529953
2026-07-01 19:28:35,67.31400299072266,33.654998779296875,0.31299999356269836
2026-07-01 19:33:38,71.94999694824219,33.444000244140625,0.3319999873638153
2026-07-01 19:38:40,72.11199951171875,35.60200119018555,0.3540000021457672
2026-07-01 19:43:42,59.62099838256836,31.378999710083008,0.257999986410141
2026-07-01 19:48:44,50.15999984741211,32.108001708984375,0.22200000286102295
2026-07-01 19:53:46,43.77799987792969,32.183998107910156,0.1940000057220459
2026-07-01 19:58:48,49.41899871826172,27.43400001525879,0.18700000643730164
2026-07-01 20:03:50,55.415000915527344,30.753999710083008,0.23499999940395355
2026-07-01 20:08:52,48.49599838256836,29.573999404907227,0.1979999989271164
2026-07-01 20:13:55,45.263999938964844,30.881999969482422,0.19300000369548798
2026-07-01 20:18:57,43.3120002746582,27.371000289916992,0.164000004529953
2026-07-01 20:23:59,38.073001861572266,31.219999313354492,0.164000004529953
2026-07-01 20:29:01,35.02899932861328,24.177000045776367,0.11699999868869781
2026-07-01 20:34:03,36.928001403808594,30.628999710083008,0.15600000321865082
2026-07-01 20:39:05,42.082000732421875,32.867000579833984,0.19099999964237213
2026-07-01 20:44:07,40.96200180053711,30.76099967956543,0.17399999499320984
2026-07-01 20:49:10,36.84299850463867,30.895999908447266,0.15700000524520874
2026-07-01 20:54:12,23.695999145507812,9.291999816894531,0.029999999329447746
2026-07-01 20:59:14,19.634000778198242,2.8919999599456787,0.00800000037997961
2026-07-01 21:04:16,14.614999771118164,0.2460000067949295,0.0
2026-07-01 21:09:18,11.805999755859375,0.23899999260902405,0.0
2026-07-01 21:14:20,8.182999610900879,0.4429999887943268,0.0010000000474974513
2026-07-01 21:19:22,5.953999996185303,0.13500000536441803,0.0
2026-07-01 21:24:24,4.557000160217285,0.3199999928474426,0.0
2026-07-01 21:29:27,2.305999994277954,0.4300000071525574,0.0
2026-07-02 05:40:51,2.305999994277954,0.4300000071525574,0.0
2026-07-02 05:45:54,3.8329999446868896,0.3230000138282776,0.0
2026-07-02 05:50:56,5.574999809265137,0.2980000078678131,0.0
2026-07-02 05:55:58,7.445000171661377,0.257999986410141,0.0
2026-07-02 06:01:00,9.529999732971191,0.3199999928474426,0.0
2026-07-02 06:06:02,11.640999794006348,0.23000000417232513,0.0
2026-07-02 06:11:04,14.107000350952148,0.2549999952316284,0.0
2026-07-02 06:16:06,16.398000717163086,0.26600000262260437,0.0010000000474974513
2026-07-02 06:21:08,18.85300064086914,0.25099998712539673,0.0010000000474974513
2026-07-02 06:26:11,21.320999145507812,7.8460001945495605,0.023000000044703484
2026-07-02 06:31:13,26.410999298095703,6.7789998054504395,0.02500000037252903
2026-07-02 06:36:15,27.163000106811523,15.510000228881836,0.057999998331069946
2026-07-02 06:41:17,29.895000457763672,17.242000579833984,0.07100000232458115
2026-07-02 06:46:19,31.857999801635742,18.493999481201172,0.08100000023841858
2026-07-02 06:51:21,33.88600158691406,21.93000030517578,0.10300000011920929
2026-07-02 06:56:23,39.78300094604492,22.023000717163086,0.12099999934434891
2026-07-02 07:01:26,48.04600143432617,24.37299919128418,0.16200000047683716
2026-07-02 07:06:28,54.47999954223633,22.018999099731445,0.16599999368190765
2026-07-02 07:11:30,58.2400016784668,20.60700035095215,0.16599999368190765
2026-07-02 07:16:32,57.86399841308594,22.966999053955078,0.18299999833106995
2026-07-02 07:21:34,62.994998931884766,23.51799964904785,0.20399999618530273
2026-07-02 07:26:36,70.23100280761719,24.719999313354492,0.23999999463558197
2026-07-02 07:31:38,68.53600311279297,21.360000610351562,0.20200000703334808
2026-07-02 07:36:40,91.2239990234375,26.194000244140625,0.33000001311302185
2026-07-02 07:41:43,93.04299926757812,25.072999954223633,0.32199999690055847
2026-07-02 07:46:45,92.52200317382812,27.00200080871582,0.3449999988079071
2026-07-02 07:51:47,94.82099914550781,29.18600082397461,0.38199999928474426
2026-07-02 07:56:49,97.9020004272461,25.98900032043457,0.35100001096725464
2026-07-02 08:01:51,118.19000244140625,24.56999969482422,0.4009999930858612
2026-07-02 08:06:53,132.2830047607422,18.204999923706055,0.3319999873638153
2026-07-02 08:11:55,170.54400634765625,12.772000312805176,0.3009999990463257
2026-07-02 08:16:58,280.7340087890625,20.209999084472656,0.7829999923706055
2026-07-02 08:22:00,303.50201416015625,21.451000213623047,0.8980000019073486
2026-07-02 08:27:02,325.47198486328125,21.952999114990234,0.9860000014305115
2026-07-02 08:32:04,342.7250061035156,23.92300033569336,1.13100004196167
2026-07-02 08:37:06,359.9020080566406,23.90399932861328,1.187000036239624
2026-07-02 08:42:08,378.9670104980469,24.952999114990234,1.3049999475479126
2026-07-02 08:47:10,398.0690002441406,25.684999465942383,1.4110000133514404
2026-07-02 08:52:12,414.79998779296875,26.541000366210938,1.5190000534057617
2026-07-02 08:57:15,435.5710144042969,27.26799964904785,1.6390000581741333
2026-07-02 09:02:17,453.37298583984375,27.889999389648438,1.7450000047683716
2026-07-02 09:07:19,475.1659851074219,27.59600067138672,1.809999942779541
2026-07-02 09:12:21,492.87799072265625,28.5939998626709,1.9450000524520874
2026-07-02 09:17:23,511.1789855957031,29.28499984741211,2.065999984741211
2026-07-02 09:22:25,527.0029907226562,29.545000076293945,2.1489999294281006
2026-07-02 09:27:27,545.5999755859375,30.089000701904297,2.265000104904175
2026-07-02 09:32:30,560.9760131835938,30.493999481201172,2.3610000610351562
2026-07-02 09:37:32,578.2349853515625,31.424999237060547,2.507999897003174
2026-07-02 09:42:34,596.8800048828125,31.878000259399414,2.625999927520752
2026-07-02 09:47:36,613.7100219726562,32.71500015258789,2.7709999084472656
2026-07-02 09:52:38,632.3380126953125,33.167999267578125,2.8940000534057617
2026-07-02 09:57:40,651.8289794921875,33.4900016784668,3.013000011444092
2026-07-02 10:02:42,668.8070068359375,34.14400100708008,3.1510000228881836
2026-07-02 10:07:44,688.0640258789062,34.56399917602539,3.2820000648498535
2026-07-02 10:12:47,706.1259765625,35.14500045776367,3.424999952316284
2026-07-02 10:17:49,720.8569946289062,35.53300094604492,3.5350000858306885
2026-07-02 10:22:51,736.3309936523438,36.31800079345703,3.690000057220459
2026-07-02 10:27:53,758.6079711914062,36.439998626708984,3.815000057220459
2026-07-02 10:32:55,775.0579833984375,37.25299835205078,3.984999895095825
2026-07-02 10:37:57,789.2410278320312,37.185001373291016,4.050000190734863
2026-07-02 10:42:59,812.8590087890625,37.900001525878906,4.250999927520752
2026-07-02 10:48:02,828.9710083007812,38.604000091552734,4.415999889373779
2026-07-02 10:53:04,863.8610229492188,38.91400146484375,4.638999938964844
2026-07-02 10:58:06,896.39501953125,39.95000076293945,4.941999912261963
2026-07-02 11:03:08,879.3070068359375,40.470001220703125,4.910999774932861
2026-07-02 11:08:10,886.8590087890625,40.65599822998047,4.97599983215332
2026-07-02 11:13:12,936.905029296875,41.439998626708984,5.357999801635742
2026-07-02 11:18:14,945.7739868164062,42.53300094604492,5.551000118255615
2026-07-02 11:23:17,947.094970703125,43.57500076293945,5.695000171661377
2026-07-02 11:28:19,941.614013671875,45.14099884033203,5.866000175476074
2026-07-02 11:33:21,947.2589721679688,45.11000061035156,5.896999835968018
2026-07-02 11:38:23,965.2069702148438,45.61600112915039,6.076000213623047
2026-07-02 11:43:25,967.9810180664062,48.54499816894531,6.485000133514404
2026-07-02 11:48:27,1003.7969970703125,47.63800048828125,6.598999977111816
2026-07-02 11:53:29,993.0980224609375,47.97700119018555,6.574999809265137
2026-07-02 11:58:32,998.2100219726562,48.145999908447266,6.631999969482422
2026-07-02 12:03:34,1073.06396484375,47.768001556396484,7.073999881744385
2026-07-02 12:08:36,1106.8480224609375,51.06399917602539,7.800000190734863
2026-07-02 12:13:38,1147.300048828125,49.237998962402344,7.796000003814697
2026-07-02 12:18:40,1108.9000244140625,50.106998443603516,7.668000221252441
2026-07-02 12:23:42,1076.2099609375,50.96099853515625,7.568999767303467
2026-07-02 12:28:44,1166.862060546875,49.862998962402344,8.029000282287598
2026-07-02 12:33:47,920.2219848632812,53.053001403808594,6.736999988555908
2026-07-02 12:38:49,1188.8199462890625,51.625,8.468999862670898
2026-07-02 12:43:51,303.68499755859375,167.0019989013672,6.999000072479248
2026-07-02 12:48:53,246.69900512695312,49.13199996948242,1.6729999780654907
2026-07-02 12:53:55,317.0870056152344,46.83700180053711,2.049999952316284
2026-07-02 12:58:57,387.5060119628906,51.16400146484375,2.7360000610351562
2026-07-02 13:03:59,519.8829956054688,31.992000579833984,2.2950000762939453
2026-07-02 13:09:01,285.45098876953125,44.861000061035156,1.7669999599456787
2026-07-02 13:14:04,802.0709838867188,42.5260009765625,4.706999778747559
2026-07-02 13:19:06,327.4549865722656,45.207000732421875,2.0429999828338623
2026-07-02 13:24:08,332.84100341796875,45.457000732421875,2.0880000591278076
2026-07-02 13:29:10,292.2699890136719,43.59299850463867,1.7580000162124634
2026-07-02 13:51:47,1269.2679443359375,12.425999641418457,2.1760001182556152
2026-07-02 13:56:49,1013.6939697265625,15.83899974822998,2.2160000801086426
2026-07-02 14:01:51,328.8160095214844,52.36600112915039,2.375999927520752
2026-07-02 14:06:53,1166.3570556640625,49.540000915527344,7.973999977111816
2026-07-02 14:11:56,1230.0780029296875,37.95800018310547,6.442999839782715
2026-07-02 14:16:58,819.051025390625,42.73500061035156,4.829999923706055
2026-07-02 14:22:00,1165.512939453125,51.54800033569336,8.291000366210938
2026-07-02 14:27:02,322.6719970703125,52.3489990234375,2.3310000896453857
2026-07-02 14:32:04,293.8219909667969,50.34700012207031,2.0409998893737793
2026-07-02 14:37:06,292.4639892578125,50.082000732421875,2.0209999084472656
2026-07-02 14:42:08,218.63800048828125,47.60599899291992,1.4359999895095825
2026-07-02 14:47:10,1033.4010009765625,47.441001892089844,6.765999794006348
2026-07-02 14:52:13,978.2860107421875,48.75,6.580999851226807
2026-07-02 14:57:15,960.0050048828125,49.11199951171875,6.50600004196167
2026-07-02 15:02:17,958.4550170898438,48.85100173950195,6.460999965667725
2026-07-02 15:07:19,946.2739868164062,49.224998474121094,6.427999973297119
2026-07-02 15:12:21,938.5650024414062,48.53499984741211,6.285999774932861
2026-07-02 15:17:23,922.5919799804688,48.64799880981445,6.193999767303467
2026-07-02 15:22:25,902.791015625,48.79999923706055,6.079999923706055
2026-07-02 15:27:28,893.2589721679688,48.20800018310547,5.942999839782715
2026-07-02 15:32:30,883.3460083007812,47.89099884033203,5.8379998207092285
2026-07-02 15:37:32,873.468994140625,47.37200164794922,5.710000038146973
2026-07-02 15:42:34,860.3200073242188,46.888999938964844,5.566999912261963
2026-07-02 15:47:36,855.35302734375,46.39699935913086,5.4770002365112305
2026-07-02 15:52:38,837.6220092773438,46.279998779296875,5.349999904632568
2026-07-02 15:57:40,818.614013671875,46.266998291015625,5.2270002365112305
2026-07-02 16:02:42,806.6510009765625,46.06399917602539,5.127999782562256
2026-07-02 16:07:45,791.5469970703125,45.7239990234375,4.994999885559082
2026-07-02 16:12:47,779.06298828125,45.15599822998047,4.855000019073486
2026-07-02 16:17:49,764.7949829101562,45.10499954223633,4.760000228881836
2026-07-02 16:22:51,746.072998046875,44.78200149536133,4.611000061035156
2026-07-02 16:27:53,730.6610107421875,44.53200149536133,4.489999771118164
2026-07-02 16:32:55,717.1199951171875,44.07699966430664,4.361999988555908
2026-07-02 16:37:57,697.1420288085938,43.72600173950195,4.206999778747559
2026-07-02 16:42:59,679.426025390625,43.44900131225586,4.073999881744385
2026-07-02 16:48:02,665.7440185546875,42.854000091552734,3.937000036239624
2026-07-02 16:53:04,646.8590087890625,42.64500045776367,3.806999921798706
2026-07-02 16:58:06,631.9949951171875,41.9109992980957,3.6549999713897705
2026-07-02 17:03:08,614.8109741210938,41.88999938964844,3.553999900817871
2026-07-02 17:08:10,596.3610229492188,41.89799880981445,3.447999954223633
2026-07-02 17:13:12,575.655029296875,41.04800033569336,3.260999917984009
2026-07-02 17:18:14,557.9849853515625,41.268001556396484,3.177999973297119
2026-07-02 17:23:17,537.5040283203125,40.202999114990234,2.9820001125335693
2026-07-02 17:28:19,524.4500122070312,39.55699920654297,2.86299991607666
2026-07-02 17:33:21,515.5499877929688,38.560001373291016,2.743000030517578
2026-07-02 17:38:23,485.4949951171875,38.854000091552734,2.6029999256134033
2026-07-02 17:43:25,467.68499755859375,38.448001861572266,2.4809999465942383
2026-07-02 17:48:27,449.0379943847656,37.983001708984375,2.3540000915527344
2026-07-02 17:53:29,430.87298583984375,36.349998474121094,2.1610000133514404
2026-07-02 17:58:31,410.468994140625,35.17399978637695,1.9919999837875366
2026-07-02 18:03:34,55.73899841308594,240.45700073242188,1.850000023841858
2026-07-02 18:08:36,55.09600067138672,227.7729949951172,1.7319999933242798
2026-07-02 18:13:38,54.9010009765625,211.98300170898438,1.6059999465942383
2026-07-02 18:18:40,54.013999938964844,187.81199645996094,1.399999976158142
2026-07-02 18:23:42,52.808998107910156,43.875,0.3199999928474426
2026-07-02 18:28:44,51.6609992980957,43.875,0.31299999356269836
2026-07-02 18:33:46,50.81100082397461,42.691001892089844,0.29899999499320984
2026-07-02 18:38:49,50.46099853515625,40.1510009765625,0.2800000011920929
2026-07-02 18:43:51,49.40599822998047,37.20399856567383,0.2540000081062317
2026-07-02 18:48:53,48.65399932861328,38.33599853515625,0.25699999928474426
2026-07-02 18:53:55,47.430999755859375,38.040000915527344,0.24899999797344208
2026-07-02 18:58:57,45.965999603271484,38.632999420166016,0.24500000476837158
2026-07-02 19:03:59,45.49700164794922,35.034000396728516,0.2199999988079071
2026-07-02 19:09:01,44.073001861572266,33.71500015258789,0.20499999821186066
2026-07-02 19:14:03,43.28499984741211,35.33000183105469,0.210999995470047
2026-07-02 19:19:06,41.974998474121094,33.50199890136719,0.1940000057220459
2026-07-02 19:24:08,40.66299819946289,33.733001708984375,0.1889999955892563
2026-07-02 19:29:10,39.49800109863281,32.922000885009766,0.17900000512599945
2026-07-02 19:34:12,38.58100128173828,29.509000778198242,0.15700000524520874
2026-07-02 19:39:14,37.56800079345703,36.933998107910156,0.19099999964237213
2026-07-02 19:44:16,36.35900115966797,33.98899841308594,0.17100000381469727
2026-07-02 19:49:18,35.16999816894531,33.60499954223633,0.16300000250339508
2026-07-02 19:54:20,34.020999908447266,31.93400001525879,0.15000000596046448
2026-07-02 19:59:23,33.03499984741211,28.687999725341797,0.13099999725818634
2026-07-02 20:04:25,31.864999771118164,28.174999237060547,0.12399999797344208
2026-07-02 20:09:27,30.93600082397461,30.823999404907227,0.13199999928474426
2026-07-02 20:14:29,29.773000717163086,22.660999298095703,0.09300000220537186
2026-07-02 20:19:31,28.336000442504883,26.295000076293945,0.10300000011920929
2026-07-02 20:24:33,23.489999771118164,28.29199981689453,0.09200000017881393
2026-07-02 20:29:35,21.474000930786133,24.725000381469727,0.0729999989271164
2026-07-02 20:34:37,19.96299934387207,18.15399932861328,0.05000000074505806
2026-07-02 20:39:40,18.697999954223633,10.097999572753906,0.026000000536441803
2026-07-02 20:44:42,17.101999282836914,8.755000114440918,0.020999999716877937
2026-07-02 20:49:44,15.385000228881836,2.440999984741211,0.004999999888241291
2026-07-02 20:54:46,13.407999992370605,0.3050000071525574,0.0010000000474974513
2026-07-02 20:59:48,11.666000366210938,0.32199999690055847,0.0010000000474974513
2026-07-02 21:04:50,9.807999610900879,0.31200000643730164,0.0
2026-07-02 21:09:52,7.952000141143799,0.24799999594688416,0.0
2026-07-02 21:14:55,6.047999858856201,0.335999995470047,0.0
2026-07-02 21:19:57,4.25600004196167,0.38999998569488525,0.0
2026-07-02 21:24:59,2.8289999961853027,0.45500001311302185,0.0
2026-07-02 21:30:01,1.7580000162124634,0.2329999953508377,0.0
2026-07-03 05:51:42,1.7580000162124634,0.2329999953508377,0.0
2026-07-03 05:56:44,6.202000141143799,0.3179999887943268,0.0
2026-07-03 06:01:46,9.16100025177002,0.20499999821186066,0.0
2026-07-03 06:06:48,11.170000076293945,0.3540000021457672,0.0010000000474974513
2026-07-03 06:11:50,12.756999969482422,0.19499999284744263,0.0
2026-07-03 06:16:52,15.20199966430664,0.28200000524520874,0.0010000000474974513
2026-07-03 06:21:54,17.910999298095703,0.3140000104904175,0.0010000000474974513
2026-07-03 06:26:56,20.959999084472656,0.5619999766349792,0.0020000000949949026
2026-07-03 06:31:59,25.895000457763672,6.747000217437744,0.024000000208616257
2026-07-03 06:37:01,24.913999557495117,9.07800006866455,0.03099999949336052
2026-07-03 06:42:03,30.065000534057617,15.713000297546387,0.06499999761581421
2026-07-03 06:47:05,33.04899978637695,18.093000411987305,0.08299999684095383
2026-07-03 06:52:07,37.46500015258789,20.756999969482422,0.10700000077486038
2026-07-03 06:57:09,43.05099868774414,26.643999099731445,0.15800000727176666
2026-07-03 07:02:11,45.8380012512207,22.3439998626709,0.14100000262260437
2026-07-03 07:07:14,46.625999450683594,24.165000915527344,0.1550000011920929
2026-07-03 07:12:16,55.207000732421875,25.593000411987305,0.19499999284744263
2026-07-03 07:17:18,68.16799926757812,23.839000701904297,0.2240000069141388
2026-07-03 07:22:20,65.81900024414062,25.535999298095703,0.23199999332427979
2026-07-03 07:27:22,55.33700180053711,26.87700080871582,0.20499999821186066
2026-07-03 07:32:24,53.3120002746582,24.562999725341797,0.1809999942779541
2026-07-03 07:37:26,53.0880012512207,25.079999923706055,0.18400000035762787
2026-07-03 07:42:29,52.95800018310547,25.709999084472656,0.18799999356269836
2026-07-03 07:47:31,53.25899887084961,26.624000549316406,0.19599999487400055
2026-07-03 07:52:33,54.94900131225586,28.229000091552734,0.21400000154972076
2026-07-03 07:57:35,194.08700561523438,7.071000099182129,0.1889999955892563
2026-07-03 08:02:37,235.8489990234375,6.339000225067139,0.20600000023841858
2026-07-03 08:07:39,253.38299560546875,5.96999979019165,0.20900000631809235
2026-07-03 08:12:41,269.89801025390625,8.755999565124512,0.32600000500679016
2026-07-03 08:17:43,286.8550109863281,20.766000747680664,0.8220000267028809
2026-07-03 08:22:46,309.4670104980469,21.023000717163086,0.8980000019073486
2026-07-03 08:27:48,325.59100341796875,21.132999420166016,0.949999988079071
2026-07-03 08:32:50,344.8370056152344,23.13599967956543,1.1009999513626099
2026-07-03 08:37:52,356.8550109863281,23.375,1.1510000228881836
2026-07-03 08:42:54,374.87298583984375,24.417999267578125,1.2630000114440918
2026-07-03 08:47:56,392.4159851074219,25.04400062561035,1.3559999465942383
2026-07-03 08:52:58,413.3599853515625,25.46299934387207,1.4520000219345093
2026-07-03 08:58:00,431.1059875488281,25.864999771118164,1.5390000343322754
2026-07-03 09:03:03,453.7619934082031,27.082000732421875,1.6959999799728394
2026-07-03 09:08:05,469.3030090332031,27.68000030517578,1.7929999828338623
2026-07-03 09:13:07,486.72698974609375,27.68400001525879,1.8600000143051147
2026-07-03 09:18:09,506.69500732421875,28.854999542236328,2.0179998874664307
2026-07-03 09:23:11,524.2009887695312,29.06999969482422,2.1029999256134033
2026-07-03 09:28:13,542.9420166015625,29.783000946044922,2.2309999465942383
2026-07-03 09:33:15,562.7949829101562,30.326000213623047,2.3550000190734863
2026-07-03 09:38:17,579.7210083007812,30.614999771118164,2.4489998817443848
2026-07-03 09:43:20,592.6649780273438,30.988000869750977,2.5339999198913574
2026-07-03 09:48:22,616.2160034179688,31.645999908447266,2.690999984741211
2026-07-03 09:53:24,635.3259887695312,32.185001373291016,2.822000026702881
2026-07-03 09:58:26,653.5449829101562,32.52299880981445,2.933000087738037
2026-07-03 10:03:28,666.7379760742188,33.284000396728516,3.062000036239624
2026-07-03 10:08:30,679.8289794921875,33.03099822998047,3.0989999771118164
2026-07-03 10:13:32,704.9600219726562,34.07600021362305,3.315000057220459
2026-07-03 10:18:34,726.406982421875,34.10200119018555,3.4189999103546143
2026-07-03 10:23:37,739.8900146484375,34.4630012512207,3.5190000534057617
2026-07-03 10:28:39,750.3369750976562,34.808998107910156,3.6040000915527344
2026-07-03 10:33:41,771.85302734375,35.231998443603516,3.753000020980835
2026-07-03 10:38:43,788.583984375,35.54600143432617,3.868000030517578
2026-07-03 10:43:45,795.655029296875,36.67100143432617,4.0269999504089355
2026-07-03 10:45:29,802.8300170898438,36.96799850463867,4.0960001945495605
2026-07-03 10:45:48,804.2369995117188,36.93299865722656,4.098999977111816
2026-07-03 10:51:46,843.2369995117188,37.30699920654297,4.341000080108643
2026-07-03 11:42:39,961.5499877929688,44.02399826049805,5.8420000076293945
2026-07-03 11:46:59,969.31201171875,45.32600021362305,6.063000202178955
2026-07-03 12:02:36,1005.7050170898438,48.11399841308594,6.677999973297119
2026-07-03 12:07:38,992.7999877929688,49.0890007019043,6.72599983215332
2026-07-03 17:05:20,216.19400024414062,23.062000274658203,0.6880000233650208
2026-07-03 17:07:59,502.8550109863281,28.725000381469727,1.9930000305175781
2026-07-03 17:09:34,113.05599975585938,39.22200012207031,0.6119999885559082
2026-07-03 17:10:59,113.40599822998047,39.736000061035156,0.621999979019165
2026-07-03 17:13:01,104.85700225830078,40.45500183105469,0.5849999785423279
2026-07-03 17:14:30,349.4079895019531,29.533000946044922,1.4240000247955322
2026-07-03 17:15:15,561.051025390625,34.19300079345703,2.6470000743865967
2026-07-03 17:15:59,566.4660034179688,34.494998931884766,2.697000026702881
2026-07-03 17:17:20,102.42900085449219,63.198001861572266,0.8930000066757202
2026-07-03 17:18:00,99.83499908447266,40.10499954223633,0.5529999732971191
2026-07-03 17:23:02,380.9259948730469,22.424999237060547,1.1790000200271606
2026-07-03 17:28:04,568.0180053710938,32.422000885009766,2.5409998893737793
2026-07-03 17:33:07,541.822021484375,31.51300048828125,2.3559999465942383
2026-07-03 17:38:09,525.2410278320312,31.145999908447266,2.257999897003174
2026-07-03 17:43:11,504.4549865722656,31.849000930786133,2.2170000076293945
2026-07-03 17:48:13,478.1990051269531,31.208999633789062,2.059999942779541
2026-07-03 17:53:15,440.864013671875,30.055999755859375,1.8289999961853027
2026-07-03 17:58:17,420.9440002441406,29.65399932861328,1.7230000495910645
2026-07-03 18:03:19,63.3650016784668,186.78599548339844,1.6330000162124634
2026-07-03 18:08:21,61.446998596191406,181.5050048828125,1.5390000343322754
2026-07-03 18:13:23,63.470001220703125,166.6490020751953,1.4600000381469727
2026-07-03 18:18:26,57.755001068115234,167.68299865722656,1.3359999656677246
2026-07-03 18:23:28,55.441001892089844,40.36000061035156,0.3089999854564667
2026-07-03 18:28:30,54.17100143432617,39.94300079345703,0.29899999499320984
2026-07-03 18:33:32,52.9010009765625,36.84199905395508,0.26899999380111694
2026-07-03 18:38:34,51.40800094604492,35.89400100708008,0.2549999952316284
2026-07-03 18:43:36,50.257999420166016,37.91600036621094,0.2630000114440918
2026-07-03 18:48:38,49.29800033569336,37.50199890136719,0.2549999952316284
2026-07-03 18:53:40,48.33599853515625,32.74599838256836,0.21799999475479126
2026-07-03 18:58:42,47.24599838256836,37.10200119018555,0.24199999868869781
2026-07-03 19:03:45,46.39500045776367,34.733001708984375,0.22200000286102295
2026-07-03 19:08:47,45.249000549316406,33.72700119018555,0.210999995470047
2026-07-03 19:13:49,44.05500030517578,37.62799835205078,0.2290000021457672
2026-07-03 19:18:51,43.28300094604492,33.01100158691406,0.19699999690055847
2026-07-03 19:23:53,42.28099822998047,31.2549991607666,0.18199999630451202
2026-07-03 19:28:55,41.30500030517578,33.25199890136719,0.1899999976158142
2026-07-03 19:33:57,40.44499969482422,36.4739990234375,0.20399999618530273
2026-07-03 19:38:59,39.33700180053711,30.98200035095215,0.1679999977350235
2026-07-03 19:44:01,38.10499954223633,31.715999603271484,0.16699999570846558
2026-07-03 19:49:04,37.323001861572266,34.08700180053711,0.17599999904632568
2026-07-03 19:54:06,36.27199935913086,31.847999572753906,0.1589999943971634
2026-07-03 19:59:08,35.027000427246094,27.093000411987305,0.13099999725818634
2026-07-03 20:04:10,32.08000183105469,34.20100021362305,0.1509999930858612
2026-07-03 20:09:12,32.15999984741211,31.889999389648438,0.1420000046491623
2026-07-03 20:14:14,30.527999877929688,30.391000747680664,0.12800000607967377
2026-07-03 20:19:16,29.240999221801758,30.45199966430664,0.12300000339746475
2026-07-03 20:24:18,23.96299934387207,25.777000427246094,0.08500000089406967
2026-07-03 20:29:20,21.56100082397461,24.29199981689453,0.07199999690055847
2026-07-03 20:34:22,19.861000061035156,18.652999877929688,0.050999999046325684
2026-07-03 20:39:25,18.27400016784668,8.857000350952148,0.02199999988079071
2026-07-03 20:44:27,16.906999588012695,7.142000198364258,0.017000000923871994
2026-07-03 20:49:29,15.237000465393066,0.906000018119812,0.0020000000949949026
2026-07-03 20:54:31,13.579000473022461,0.3230000138282776,0.0010000000474974513
2026-07-03 20:59:33,11.557000160217285,0.27000001072883606,0.0
2026-07-03 21:04:35,9.798999786376953,0.37400001287460327,0.0010000000474974513
2026-07-03 21:09:37,7.802999973297119,0.24899999797344208,0.0
2026-07-03 21:14:39,6.13700008392334,0.42100000381469727,0.0
2026-07-03 21:19:41,4.526000022888184,0.26499998569488525,0.0
2026-07-03 21:24:44,3.061000108718872,0.1120000034570694,0.0
2026-07-03 21:29:46,1.6480000019073486,0.25,0.0
2026-07-04 05:52:25,1.6480000019073486,0.25,0.0
2026-07-04 05:57:27,7.581999778747559,0.2540000081062317,0.0
2026-07-04 06:02:29,9.472000122070312,0.1720000058412552,0.0
2026-07-04 06:07:31,11.845000267028809,0.2460000067949295,0.0
2026-07-04 06:12:33,13.831000328063965,0.28600001335144043,0.0010000000474974513
2026-07-04 06:17:35,15.98900032043457,0.22499999403953552,0.0
2026-07-04 06:22:37,18.510000228881836,0.28200000524520874,0.0010000000474974513
2026-07-04 06:27:39,20.613000869750977,7.230999946594238,0.020999999716877937
2026-07-04 06:32:41,24.718000411987305,6.3460001945495605,0.02199999988079071
2026-07-04 06:37:43,26.2810001373291,6.997000217437744,0.02500000037252903
2026-07-04 06:42:46,28.937000274658203,11.371999740600586,0.04500000178813934
2026-07-04 06:47:48,30.725000381469727,18.85099983215332,0.07999999821186066
2026-07-04 06:52:50,32.72700119018555,18.283000946044922,0.08299999684095383
2026-07-04 06:57:52,34.32699966430664,20.027000427246094,0.0949999988079071
2026-07-04 07:02:54,35.874000549316406,23.14299964904785,0.11500000208616257
2026-07-04 07:07:56,37.694000244140625,21.6299991607666,0.11299999803304672
2026-07-04 07:12:58,39.2869987487793,17.48200035095215,0.0949999988079071
2026-07-04 07:18:00,41.22999954223633,25.804000854492188,0.1469999998807907
2026-07-04 07:23:02,42.720001220703125,23.01300048828125,0.13600000739097595
2026-07-04 07:28:04,44.32099914550781,25.56999969482422,0.15600000321865082
2026-07-04 07:33:07,45.834999084472656,25.047000885009766,0.15800000727176666
2026-07-04 07:38:09,47.573001861572266,23.35700035095215,0.15299999713897705
2026-07-04 07:43:11,49.01300048828125,23.884000778198242,0.16200000047683716
2026-07-04 07:48:13,50.6510009765625,23.604999542236328,0.16500000655651093
2026-07-04 07:53:15,52.0890007019043,25.132999420166016,0.1809999942779541
2026-07-04 07:58:17,222.2449951171875,6.2270002365112305,0.19099999964237213
2026-07-04 08:03:19,241.0240020751953,5.546000003814697,0.18400000035762787
2026-07-04 08:08:21,260.3840026855469,5.140999794006348,0.1850000023841858
2026-07-04 08:13:23,277.27801513671875,14.753000259399414,0.5649999976158142
2026-07-04 08:18:25,294.4800109863281,19.889999389648438,0.8080000281333923
2026-07-04 08:23:28,312.1830139160156,20.340999603271484,0.8759999871253967
2026-07-04 08:28:30,332.56201171875,21.367000579833984,0.9810000061988831
2026-07-04 08:33:32,352.489013671875,22.235000610351562,1.0820000171661377
2026-07-04 08:38:34,373.0950012207031,22.75,1.1710000038146973
2026-07-04 08:43:36,390.7590026855469,23.878999710083008,1.2879999876022339
2026-07-04 08:48:38,411.7439880371094,24.58300018310547,1.3969999551773071
2026-07-04 08:53:40,429.1090087890625,25.141000747680664,1.4889999628067017
2026-07-04 08:58:42,447.5660095214844,25.83799934387207,1.5959999561309814
2026-07-04 09:03:44,467.1860046386719,26.764999389648438,1.7259999513626099
2026-07-04 09:08:46,489.5450134277344,27.336999893188477,1.847000002861023
2026-07-04 09:13:49,509.0190124511719,27.55500030517578,1.9359999895095825
2026-07-04 09:18:51,528.56201171875,28.39299964904785,2.071000099182129
2026-07-04 09:23:53,545.760009765625,28.948999404907227,2.180000066757202
2026-07-04 09:28:55,563.9869995117188,29.327999114990234,2.2829999923706055
2026-07-04 09:33:57,583.0650024414062,30.20199966430664,2.430000066757202
2026-07-04 09:38:59,599.7260131835938,30.711000442504883,2.5420000553131104
2026-07-04 09:44:01,615.6630249023438,31.260000228881836,2.6559998989105225
2026-07-04 09:49:03,633.0540161132812,32.64799880981445,2.8519999980926514
2026-07-04 09:54:05,650.6400146484375,32.41999816894531,2.9110000133514404
2026-07-04 09:59:08,669.4509887695312,33.731998443603516,3.115999937057495
2026-07-04 10:04:10,685.35400390625,34.69900131225586,3.2820000648498535
2026-07-04 10:09:12,701.5449829101562,35.255001068115234,3.4130001068115234
2026-07-04 10:14:14,721.5360107421875,36.07500076293945,3.5920000076293945
2026-07-04 10:19:16,737.2249755859375,36.499000549316406,3.7130000591278076
2026-07-04 10:24:18,753.0650024414062,36.94599914550781,3.8399999141693115
2026-07-04 10:29:20,770.416015625,37.91400146484375,4.031000137329102
2026-07-04 10:34:22,784.52099609375,38.72100067138672,4.191999912261963
2026-07-04 10:39:24,800.447998046875,39.53499984741211,4.367000102996826
2026-07-04 10:44:27,814.2219848632812,40.053001403808594,4.5
2026-07-04 10:49:29,829.5819702148438,40.36899948120117,4.622000217437744
2026-07-04 10:54:31,845.125,41.29399871826172,4.815999984741211
2026-07-04 10:59:33,860.4940185546875,41.54499816894531,4.933000087738037
2026-07-04 11:04:35,873.541015625,42.57600021362305,5.131999969482422
2026-07-04 11:09:37,887.197021484375,43.1349983215332,5.281000137329102
2026-07-04 11:14:39,902.5070190429688,43.529998779296875,5.421999931335449
2026-07-04 11:19:41,915.4580078125,44.034000396728516,5.563000202178955
2026-07-04 11:24:43,926.1669921875,44.72600173950195,5.716000080108643
2026-07-04 11:29:45,936.677001953125,45.10599899291992,5.829999923706055
2026-07-04 11:34:47,945.1270141601562,45.698001861572266,5.960000038146973
2026-07-04 11:39:50,956.5230102539062,46.617000579833984,6.1529998779296875
2026-07-04 11:44:52,964.2100219726562,46.79399871826172,6.22599983215332
2026-07-04 11:49:54,976.3469848632812,47.06999969482422,6.3420000076293945
2026-07-04 11:54:56,987.7969970703125,47.29199981689453,6.447000026702881
2026-07-04 11:59:58,992.8510131835938,47.566001892089844,6.517000198364258
2026-07-04 12:05:00,1000.7020263671875,47.65800094604492,6.580999851226807
2026-07-04 12:10:02,1005.156982421875,48.47999954223633,6.724999904632568
2026-07-04 12:15:04,1010.68798828125,48.73699951171875,6.797999858856201
2026-07-04 12:20:07,1015.6480102539062,49.4370002746582,6.928999900817871
2026-07-04 12:25:09,1020.8179931640625,49.779998779296875,7.013000011444092
2026-07-04 12:30:11,1024.77001953125,49.803001403808594,7.043000221252441
2026-07-04 12:35:13,1030.2230224609375,50.57699966430664,7.190999984741211
2026-07-04 12:40:15,1028.5389404296875,50.95199966430664,7.23199987411499
2026-07-04 12:45:17,1033.5699462890625,51.34700012207031,7.323999881744385
2026-07-04 12:50:19,1037.573974609375,51.22100067138672,7.334000110626221
2026-07-04 12:55:21,1038.384033203125,51.25400161743164,7.34499979019165
2026-07-04 13:00:23,1041.115966796875,51.71900177001953,7.431000232696533
2026-07-04 13:05:26,1034.5670166015625,52.308998107910156,7.4679999351501465
2026-07-04 13:10:28,1034.092041015625,52.67300033569336,7.517000198364258
2026-07-04 13:15:30,1032.5489501953125,52.641998291015625,7.500999927520752
2026-07-04 13:20:32,1028.5279541015625,53.071998596191406,7.5329999923706055
2026-07-04 13:25:34,1035.626953125,53.09299850463867,7.5879998207092285
2026-07-04 13:30:36,1032.9189453125,53.01100158691406,7.556000232696533
2026-07-04 13:52:29,1021.4450073242188,11.836000442504883,1.6679999828338623
2026-07-04 13:57:31,1017.39697265625,49.03200149536133,6.883999824523926
2026-07-04 14:02:33,1011.4879760742188,49.70800018310547,6.939000129699707
2026-07-04 14:07:35,1008.2239990234375,50.22800064086914,6.98799991607666
2026-07-04 14:12:37,1005.4310302734375,50.566001892089844,7.015999794006348
2026-07-04 14:17:39,1006.7219848632812,50.18199920654297,6.9720001220703125
2026-07-04 14:22:41,1011.1519775390625,50.65800094604492,7.068999767303467
2026-07-04 14:27:43,1003.5889892578125,50.582000732421875,7.005000114440918
2026-07-04 14:32:45,998.6909790039062,50.926998138427734,7.019000053405762
2026-07-04 14:37:47,994.4229736328125,50.404998779296875,6.916999816894531
2026-07-04 14:42:50,985.5999755859375,50.49599838256836,6.868000030517578
2026-07-04 14:47:52,980.5969848632812,49.22100067138672,6.660999774932861
2026-07-04 14:52:54,972.9760131835938,48.77399826049805,6.548999786376953
2026-07-04 14:57:56,966.8480224609375,49.07600021362305,6.547999858856201
2026-07-04 15:02:58,957.6959838867188,49.04499816894531,6.48199987411499
2026-07-04 15:08:00,949.4650268554688,48.595001220703125,6.367000102996826
2026-07-04 15:13:02,938.3410034179688,48.47100067138672,6.2769999504089355
2026-07-04 15:18:04,931.4650268554688,47.67499923706055,6.127999782562256
2026-07-04 15:23:06,920.5989990234375,47.80699920654297,6.073999881744385
2026-07-04 15:28:09,908.2080078125,47.56100082397461,5.960999965667725
2026-07-04 15:33:11,895.6339721679688,47.29600143432617,5.8460001945495605
2026-07-04 15:38:13,883.8720092773438,46.97200012207031,5.729000091552734
2026-07-04 15:43:15,870.718017578125,46.31399917602539,5.565000057220459
2026-07-04 15:48:17,856.3070068359375,46.527000427246094,5.498000144958496
2026-07-04 15:53:19,841.3709716796875,46.1870002746582,5.36299991607666
2026-07-04 15:58:21,829.2689819335938,46.095001220703125,5.275000095367432
2026-07-04 16:03:23,816.10302734375,45.808998107910156,5.158999919891357
2026-07-04 16:08:25,804.406982421875,45.696998596191406,5.072999954223633
2026-07-04 16:13:27,792.9420166015625,44.97100067138672,4.921000003814697
2026-07-04 16:18:29,776.1950073242188,44.77799987792969,4.796000003814697
2026-07-04 16:23:32,758.6010131835938,44.41899871826172,4.650000095367432
2026-07-04 16:28:34,744.2789916992188,44.1150016784668,4.531000137329102
2026-07-04 16:33:36,724.4749755859375,43.98699951171875,4.3979997634887695
2026-07-04 16:38:38,710.2520141601562,43.369998931884766,4.250999927520752
2026-07-04 16:43:40,697.3870239257812,43.040000915527344,4.142000198364258
2026-07-04 16:48:42,677.9219970703125,42.625,3.98799991607666
2026-07-04 16:53:44,664.0780029296875,42.138999938964844,3.861999988555908
2026-07-04 16:58:46,647.5020141601562,42.05799865722656,3.757999897003174
2026-07-04 17:03:48,629.8170166015625,41.82699966430664,3.634999990463257
2026-07-04 17:08:50,611.3300170898438,41.137001037597656,3.4700000286102295
2026-07-04 17:13:53,592.3909912109375,40.53900146484375,3.313999891281128
2026-07-04 17:18:55,573.677978515625,40.525001525878906,3.2079999446868896
2026-07-04 17:23:57,555.6640014648438,39.702999114990234,3.0439999103546143
2026-07-04 17:28:59,538.843017578125,38.625999450683594,2.871999979019165
2026-07-04 17:34:01,532.864013671875,37.41400146484375,2.750999927520752
2026-07-04 17:39:03,500.00201416015625,37.56999969482422,2.5920000076293945
2026-07-04 17:44:05,480.5299987792969,37.37900161743164,2.4790000915527344
2026-07-04 17:49:07,461.3580017089844,37.202999114990234,2.36899995803833
2026-07-04 17:54:09,442.89599609375,35.84199905395508,2.190999984741211
2026-07-04 17:59:12,424.63299560546875,35.5,2.0799999237060547
2026-07-04 18:04:14,51.65299987792969,278.29400634765625,1.9839999675750732
2026-07-04 18:09:16,49.915000915527344,267.5690002441406,1.843000054359436
2026-07-04 18:14:18,49.1150016784668,253.53199768066406,1.718000054359436
2026-07-04 18:19:20,47.979000091552734,234.65699768066406,1.5540000200271606
2026-07-04 18:24:22,47.28900146484375,44.459999084472656,0.28999999165534973
2026-07-04 18:29:24,46.35200119018555,40.61000061035156,0.25999999046325684
2026-07-04 18:34:26,46.097999572753906,37.444000244140625,0.23800000548362732
2026-07-04 18:39:28,45.224998474121094,35.540000915527344,0.22200000286102295
2026-07-04 18:44:30,44.090999603271484,34.11600112915039,0.20800000429153442
2026-07-04 18:49:33,43.650001525878906,33.47700119018555,0.20200000703334808
2026-07-04 18:54:35,42.8849983215332,34.87900161743164,0.20600000023841858
2026-07-04 18:59:37,42.20100021362305,31.375999450683594,0.18299999833106995
2026-07-04 19:04:39,41.34600067138672,33.58700180053711,0.19200000166893005
2026-07-04 19:09:41,40.277000427246094,28.59600067138672,0.1589999943971634
2026-07-04 19:14:43,39.67300033569336,31.118999481201172,0.17000000178813934
2026-07-04 19:19:45,38.58700180053711,33.5620002746582,0.17900000512599945
2026-07-04 19:24:47,37.733001708984375,28.57200050354004,0.14900000393390656
2026-07-04 19:29:49,37.08300018310547,27.055999755859375,0.1379999965429306
2026-07-04 19:34:52,35.926998138427734,29.062999725341797,0.14399999380111694
2026-07-04 19:39:54,35.20199966430664,34.29800033569336,0.16699999570846558
2026-07-04 19:44:56,34.290000915527344,30.475000381469727,0.14399999380111694
2026-07-04 19:49:58,33.41899871826172,25.732999801635742,0.11900000274181366
2026-07-04 19:55:00,32.55099868774414,27.417999267578125,0.12300000339746475
2026-07-04 20:00:02,31.634000778198242,29.788000106811523,0.12999999523162842
2026-07-04 20:05:04,30.64900016784668,30.70400047302246,0.12999999523162842
2026-07-04 20:10:06,29.757999420166016,26.253000259399414,0.1080000028014183
2026-07-04 20:15:09,28.840999603271484,21.023000717163086,0.08399999886751175
2026-07-04 20:20:11,27.4950008392334,25.06399917602539,0.0949999988079071
2026-07-04 20:25:13,22.06599998474121,20.981000900268555,0.06400000303983688
2026-07-04 20:30:15,20.354000091552734,11.447999954223633,0.03200000151991844
2026-07-04 20:35:17,18.84600067138672,12.270000457763672,0.03200000151991844
2026-07-04 20:40:19,17.374000549316406,4.64300012588501,0.010999999940395355
2026-07-04 20:45:21,15.963000297546387,5.0329999923706055,0.010999999940395355
2026-07-04 20:50:23,14.133000373840332,0.46299999952316284,0.0010000000474974513
2026-07-04 20:55:25,12.456999778747559,0.3019999861717224,0.0010000000474974513
2026-07-04 21:00:27,10.805000305175781,0.33899998664855957,0.0010000000474974513
2026-07-04 21:05:29,9.081000328063965,0.36399999260902405,0.0
2026-07-04 21:10:32,7.1539998054504395,0.4909999966621399,0.0
2026-07-04 21:15:34,5.693999767303467,0.2919999957084656,0.0
2026-07-04 21:20:36,4.2129998207092285,0.5070000290870667,0.0
2026-07-04 21:25:38,2.680999994277954,0.7839999794960022,0.0
2026-07-04 21:30:40,1.2589999437332153,0.2800000011920929,0.0
2026-07-05 05:53:06,1.2589999437332153,0.2800000011920929,0.0
2026-07-05 05:58:08,7.189000129699707,0.12600000202655792,0.0
2026-07-05 06:03:10,9.031000137329102,0.164000004529953,0.0
2026-07-05 06:08:12,11.489999771118164,0.26600000262260437,0.0
2026-07-05 06:13:14,13.335000038146973,0.36399999260902405,0.0010000000474974513
2026-07-05 06:18:16,15.909000396728516,0.26100000739097595,0.0010000000474974513
2026-07-05 06:23:18,17.969999313354492,0.23899999260902405,0.0010000000474974513
2026-07-05 06:28:20,20.184999465942383,3.48799991607666,0.009999999776482582
2026-07-05 06:33:22,22.999000549316406,4.3460001945495605,0.014000000432133675
2026-07-05 06:38:25,25.732999801635742,8.154000282287598,0.028999999165534973
2026-07-05 06:43:27,27.618000030517578,8.765000343322754,0.032999999821186066
2026-07-05 06:48:29,29.386999130249023,14.03499984741211,0.05700000002980232
2026-07-05 06:53:31,31.18400001525879,13.329999923706055,0.05700000002980232
2026-07-05 06:58:33,32.5369987487793,13.378000259399414,0.05999999865889549
2026-07-05 07:03:35,34.34299850463867,15.527999877929688,0.07400000095367432
2026-07-05 07:08:37,35.23699951171875,22.31999969482422,0.10899999737739563
2026-07-05 07:13:39,36.457000732421875,18.322999954223633,0.09200000017881393
2026-07-05 07:18:41,37.70100021362305,21.996999740600586,0.11400000005960464
2026-07-05 07:23:44,38.86399841308594,21.878000259399414,0.11699999868869781
2026-07-05 07:28:46,40.22600173950195,18.64299964904785,0.10300000011920929
2026-07-05 07:33:48,41.29100036621094,23.93000030517578,0.13600000739097595
2026-07-05 07:38:50,42.433998107910156,22.158000946044922,0.12999999523162842
2026-07-05 07:43:52,43.678001403808594,23.562000274658203,0.1420000046491623
2026-07-05 07:48:54,44.50699996948242,22.51099967956543,0.1379999965429306
2026-07-05 07:53:56,46.16899871826172,19.354999542236328,0.12300000339746475
2026-07-05 07:58:58,229.7989959716797,4.625,0.1469999998807907
2026-07-05 08:04:00,249.01499938964844,4.535999774932861,0.15600000321865082
2026-07-05 08:09:02,265.1789855957031,4.449999809265137,0.16300000250339508
2026-07-05 08:14:04,283.2590026855469,17.670000076293945,0.6909999847412109
2026-07-05 08:19:07,301.34600830078125,18.913000106811523,0.7870000004768372
2026-07-05 08:24:09,318.8210144042969,19.93899917602539,0.8769999742507935
2026-07-05 08:29:11,335.9840087890625,20.524999618530273,0.9520000219345093
2026-07-05 08:34:13,354.0429992675781,21.89900016784668,1.0700000524520874
2026-07-05 08:39:15,372.24700927734375,22.650999069213867,1.1640000343322754
2026-07-05 08:44:17,393.08599853515625,23.354000091552734,1.2669999599456787
2026-07-05 08:49:19,410.0870056152344,24.135000228881836,1.3660000562667847
2026-07-05 08:54:21,428.1189880371094,24.979000091552734,1.4759999513626099
2026-07-05 08:59:23,444.77301025390625,26.024999618530273,1.597000002861023
2026-07-05 09:04:25,463.85101318359375,26.729999542236328,1.7109999656677246
2026-07-05 09:09:27,480.3890075683594,27.006000518798828,1.7899999618530273
2026-07-05 09:14:30,499.6619873046875,27.594999313354492,1.902999997138977
2026-07-05 09:19:32,520.0159912109375,27.91200065612793,2.003000020980835
2026-07-05 09:24:34,534.427001953125,29.086999893188477,2.1449999809265137
2026-07-05 09:29:36,552.3289794921875,29.19300079345703,2.2249999046325684
2026-07-05 09:34:38,569.8900146484375,29.64299964904785,2.3310000896453857
2026-07-05 09:39:40,587.9459838867188,30.52400016784668,2.4769999980926514
2026-07-05 09:44:42,604.56201171875,31.229999542236328,2.6059999465942383
2026-07-05 09:49:44,622.6129760742188,31.576000213623047,2.7130000591278076
2026-07-05 09:54:46,639.781005859375,32.32099914550781,2.8540000915527344
2026-07-05 09:59:49,656.030029296875,33.165000915527344,3.002000093460083
2026-07-05 10:04:51,674.3679809570312,33.89799880981445,3.1549999713897705
2026-07-05 10:09:53,692.6630249023438,34.64799880981445,3.312000036239624
2026-07-05 10:14:55,707.8469848632812,35.2599983215332,3.444000005722046
2026-07-05 10:19:57,727.1270141601562,35.60599899291992,3.572999954223633
2026-07-05 10:24:59,742.093994140625,35.750999450683594,3.6610000133514404
2026-07-05 10:30:01,755.9180297851562,37.27299880981445,3.888000011444092
2026-07-05 10:35:03,771.5469970703125,37.729000091552734,4.017000198364258
2026-07-05 10:40:06,787.1179809570312,39.0260009765625,4.238999843597412
2026-07-05 10:45:08,803.35302734375,39.305999755859375,4.357999801635742
2026-07-05 10:50:10,818.06201171875,39.95399856567383,4.511000156402588
2026-07-05 10:55:12,835.2769775390625,40.895999908447266,4.714000225067139
2026-07-05 11:00:14,848.5460205078125,41.52799987792969,4.86299991607666
2026-07-05 11:05:16,864.573974609375,41.678001403808594,4.9730000495910645
2026-07-05 11:10:18,878.0430297851562,42.1349983215332,5.105000019073486
2026-07-05 11:15:20,887.5889892578125,42.8380012512207,5.247000217437744
2026-07-05 11:20:22,900.5900268554688,43.24700164794922,5.375
2026-07-05 11:25:24,910.3699951171875,44.09299850463867,5.539000034332275
2026-07-05 11:30:26,920.5440063476562,44.86399841308594,5.698999881744385
2026-07-05 11:35:29,930.5850219726562,45.26499938964844,5.813000202178955
2026-07-05 11:40:31,941.5770263671875,46.28300094604492,6.013999938964844
2026-07-05 11:45:33,950.0869750976562,46.02799987792969,6.034999847412109
2026-07-05 11:50:35,961.1699829101562,47.15599822998047,6.255000114440918
2026-07-05 11:55:37,968.1530151367188,47.76599884033203,6.381999969482422
2026-07-05 12:00:39,972.1649780273438,47.61000061035156,6.38700008392334
2026-07-05 12:05:41,981.9409790039062,48.15599822998047,6.525000095367432
2026-07-05 12:10:43,989.2369995117188,49.483001708984375,6.755000114440918
2026-07-05 12:15:45,994.0850219726562,49.29199981689453,6.76200008392334
2026-07-05 12:20:47,1001.52197265625,50.39400100708008,6.965000152587891
2026-07-05 12:25:50,1003.6890258789062,50.62900161743164,7.013000011444092
2026-07-05 12:30:52,1006.7869873046875,51.479000091552734,7.1519999504089355
2026-07-05 12:35:54,1009.656982421875,51.06700134277344,7.114999771118164
2026-07-05 12:40:56,1015.0330200195312,52.369998931884766,7.335999965667725
2026-07-05 12:45:58,1017.760009765625,52.64899826049805,7.394999980926514
2026-07-05 12:51:00,1018.9099731445312,52.54100036621094,7.388000011444092
2026-07-05 12:56:02,1019.4949951171875,52.880001068115234,7.440000057220459
2026-07-05 13:01:04,1025.2249755859375,52.58700180053711,7.440000057220459
2026-07-05 13:06:06,1021.572998046875,53.12900161743164,7.489999771118164
2026-07-05 13:11:09,1022.375,53.28099822998047,7.517000198364258
2026-07-05 13:16:11,1024.2860107421875,53.393001556396484,7.546999931335449
2026-07-05 13:21:13,1026.1419677734375,53.321998596191406,7.551000118255615
2026-07-05 13:26:15,1023.5180053710938,53.64500045776367,7.577000141143799
2026-07-05 13:31:17,1024.35205078125,53.32899856567383,7.539000034332275
2026-07-05 13:53:22,1017.8670043945312,11.864999771118164,1.6670000553131104
2026-07-05 13:58:24,1014.4409790039062,49.672000885009766,6.953999996185303
2026-07-05 14:03:26,1010.2030029296875,50.573001861572266,7.050000190734863
2026-07-05 14:08:28,1009.531005859375,51.095001220703125,7.118000030517578
2026-07-05 14:13:30,1004.2509765625,51.08700180053711,7.079999923706055
2026-07-05 14:18:32,1000.2559814453125,50.79199981689453,7.011000156402588
2026-07-05 14:23:35,993.9199829101562,50.82600021362305,6.9710001945495605
2026-07-05 14:28:37,987.7420043945312,51.07400131225586,6.961999893188477
2026-07-05 14:33:39,980.0460205078125,51.0369987487793,6.9029998779296875
2026-07-05 14:38:41,977.72998046875,50.79600143432617,6.854000091552734
2026-07-05 14:43:43,972.2990112304688,50.16699981689453,6.730999946594238
2026-07-05 14:48:45,966.8779907226562,49.367000579833984,6.586999893188477
2026-07-05 14:53:47,956.4340209960938,49.3390007019043,6.51200008392334
2026-07-05 14:58:49,951.3389892578125,49.2599983215332,6.4670000076293945
2026-07-05 15:03:51,939.7839965820312,49.499000549316406,6.420000076293945
2026-07-05 15:08:53,931.8469848632812,48.90800094604492,6.289000034332275
2026-07-05 15:13:55,921.5980224609375,48.82500076293945,6.210000038146973
2026-07-05 15:18:58,912.7379760742188,49.064998626708984,6.179999828338623
2026-07-05 15:24:00,899.3599853515625,48.64799880981445,6.038000106811523
2026-07-05 15:29:02,886.822998046875,48.736000061035156,5.964000225067139
2026-07-05 15:34:04,869.6339721679688,48.13600158691406,5.7769999504089355
2026-07-05 15:39:06,858.7340087890625,47.69499969482422,5.6519999504089355
2026-07-05 15:44:08,850.9390258789062,47.10300064086914,5.531000137329102
2026-07-05 15:49:10,839.4829711914062,46.74700164794922,5.415999889373779
2026-07-05 15:54:12,825.0349731445312,45.874000549316406,5.2230000495910645
2026-07-05 15:59:14,807.1090087890625,45.858001708984375,5.107999801635742
2026-07-05 16:04:16,794.7930297851562,46.29100036621094,5.077000141143799
2026-07-05 16:09:18,784.9530029296875,45.75400161743164,4.955999851226807
2026-07-05 16:14:20,772.1849975585938,45.86600112915039,4.888000011444092
2026-07-05 16:19:23,778.2310180664062,44.827999114990234,4.814000129699707
2026-07-05 16:24:25,546.322021484375,54.77299880981445,4.129000186920166
2026-07-05 16:29:27,355.3190002441406,34.305999755859375,1.6820000410079956
2026-07-05 16:34:29,573.7069702148438,44.86600112915039,3.552000045776367
2026-07-05 16:39:31,678.7999877929688,43.810001373291016,4.104000091552734
2026-07-05 16:44:33,549.7990112304688,44.33399963378906,3.364000082015991
2026-07-05 16:49:35,479.1570129394531,43.74399948120117,2.8929998874664307
2026-07-05 16:54:37,497.69500732421875,43.5,2.98799991607666
2026-07-05 16:59:40,318.4179992675781,44.040000915527344,1.934999942779541
2026-07-05 17:04:42,508.4909973144531,41.23500061035156,2.8940000534057617
2026-07-05 17:09:44,370.2950134277344,43.82400131225586,2.239000082015991
2026-07-05 17:14:46,237.91799926757812,51.89099884033203,1.7039999961853027
2026-07-05 17:19:48,341.8630065917969,41.69300079345703,1.9670000076293945
2026-07-05 17:24:50,614.2379760742188,38.19599914550781,3.23799991607666
2026-07-05 17:29:52,551.35302734375,37.858001708984375,2.88100004196167
2026-07-05 17:34:54,462.8110046386719,40.597999572753906,2.5929999351501465
2026-07-05 17:39:56,361.19500732421875,36.27299880981445,1.8079999685287476
2026-07-05 17:44:58,278.239990234375,38.702999114990234,1.4859999418258667
2026-07-05 17:50:01,264.864013671875,41.44200134277344,1.5149999856948853
2026-07-05 17:55:03,440.5140075683594,35.01300048828125,2.128000020980835
2026-07-05 18:00:05,261.00299072265625,38.81100082397461,1.3980000019073486
2026-07-05 18:05:07,135.1750030517578,46.090999603271484,0.8600000143051147
2026-07-05 18:10:09,158.6230010986328,54.22999954223633,1.187000036239624
2026-07-05 18:15:11,156.18299865722656,43.44900131225586,0.9359999895095825
2026-07-05 18:20:13,150.49099731445312,52.986000061035156,1.100000023841858
2026-07-05 18:25:15,158.0229949951172,40.766998291015625,0.8889999985694885
2026-07-05 18:30:18,137.7779998779297,37.47700119018555,0.7129999995231628
2026-07-05 18:35:20,132.6699981689453,36.2400016784668,0.6629999876022339
2026-07-05 18:40:22,130.38400268554688,36.91899871826172,0.6639999747276306
2026-07-05 18:45:24,127.02899932861328,35.819000244140625,0.628000020980835
2026-07-05 18:50:26,109.04499816894531,35.97800064086914,0.5410000085830688
2026-07-05 18:55:28,113.68900299072266,32.63800048828125,0.5120000243186951
2026-07-05 19:00:30,129.41299438476562,32.81800079345703,0.5860000252723694
2026-07-05 19:05:32,110.21299743652344,33.314998626708984,0.5070000290870667
2026-07-05 19:10:34,104.03700256347656,31.757999420166016,0.4560000002384186
2026-07-05 19:15:36,95.51100158691406,31.586000442504883,0.41600000858306885
2026-07-05 19:20:39,80.99500274658203,31.083999633789062,0.34700000286102295
2026-07-05 19:25:41,75.6729965209961,30.167999267578125,0.3149999976158142
2026-07-05 19:30:43,63.845001220703125,28.93400001525879,0.2549999952316284
2026-07-05 19:35:45,68.4020004272461,27.81399917602539,0.2630000114440918
2026-07-05 19:40:47,64.64900207519531,29.07900047302246,0.2590000033378601
2026-07-05 19:45:49,60.65700149536133,28.548999786376953,0.23899999260902405
2026-07-05 19:50:51,57.8849983215332,26.881000518798828,0.2150000035762787
2026-07-05 19:55:53,45.722999572753906,27.14699935913086,0.17100000381469727
2026-07-05 20:00:55,41.29600143432617,25.43899917602539,0.14499999582767487
2026-07-05 20:05:57,36.106998443603516,24.256000518798828,0.12099999934434891
2026-07-05 20:11:00,33.742000579833984,24.625999450683594,0.11500000208616257
2026-07-05 20:16:02,32.058998107910156,25.707000732421875,0.11400000005960464
2026-07-05 20:21:04,29.684999465942383,23.194000244140625,0.0949999988079071
2026-07-05 20:26:06,25.636999130249023,19.04400062561035,0.06700000166893005
2026-07-05 20:31:08,24.96500015258789,18.722999572753906,0.06499999761581421
2026-07-05 20:36:10,22.277999877929688,9.352999687194824,0.028999999165534973
2026-07-05 20:41:12,17.93600082397461,8.272000312805176,0.019999999552965164
2026-07-05 20:46:14,16.190000534057617,0.47699999809265137,0.0010000000474974513
2026-07-05 20:51:16,15.734999656677246,0.6740000247955322,0.0010000000474974513
2026-07-05 20:56:19,14.329000473022461,0.2669999897480011,0.0010000000474974513
2026-07-05 21:01:21,12.708999633789062,0.2939999997615814,0.0010000000474974513
2026-07-05 21:06:23,9.954000473022461,0.30300000309944153,0.0
2026-07-05 21:11:25,8.199000358581543,0.2930000126361847,0.0
2026-07-05 21:16:27,6.232999801635742,0.43700000643730164,0.0
2026-07-05 21:21:29,3.8940000534057617,0.3370000123977661,0.0
2026-07-05 21:26:31,1.409999966621399,0.16500000655651093,0.0
2026-07-06 05:53:44,1.409999966621399,0.16500000655651093,0.0
2026-07-06 05:58:46,8.081999778747559,0.21299999952316284,0.0
2026-07-06 06:03:48,10.949000358581543,0.23999999463558197,0.0
2026-07-06 06:08:50,13.746000289916992,0.2329999953508377,0.0
2026-07-06 06:13:52,15.777999877929688,0.22599999606609344,0.0
2026-07-06 06:18:54,18.312999725341797,0.1889999955892563,0.0
2026-07-06 06:23:56,20.590999603271484,0.20900000631809235,0.0010000000474974513
2026-07-06 06:28:58,23.06100082397461,3.8510000705718994,0.012000000104308128
2026-07-06 06:34:00,26.413999557495117,9.538999557495117,0.03500000014901161
2026-07-06 06:39:02,29.90399932861328,8.253999710083008,0.03400000184774399
2026-07-06 06:44:05,32.1619987487793,11.940999984741211,0.05299999937415123
2026-07-06 06:49:07,34.08000183105469,10.4399995803833,0.04899999871850014
2026-07-06 06:54:09,35.595001220703125,15.029999732971191,0.07400000095367432
2026-07-06 06:59:11,37.415000915527344,14.934000015258789,0.07699999958276749
2026-07-06 07:04:13,38.81399917602539,15.229999542236328,0.0820000022649765
2026-07-06 07:09:15,39.86600112915039,16.839000701904297,0.09300000220537186
2026-07-06 07:14:17,41.29399871826172,19.26099967956543,0.10999999940395355
2026-07-06 07:19:19,42.78200149536133,17.055999755859375,0.10100000351667404
2026-07-06 07:24:21,44.78200149536133,19.19099998474121,0.11900000274181366
2026-07-06 07:29:24,47.7760009765625,18.917999267578125,0.125
2026-07-06 07:34:26,50.130001068115234,19.3799991607666,0.1340000033378601
2026-07-06 07:39:28,52.15800094604492,18.30900001525879,0.13199999928474426
2026-07-06 07:44:30,54.301998138427734,18.27199935913086,0.13699999451637268
2026-07-06 07:49:32,55.92900085449219,22.413999557495117,0.17299999296665192
2026-07-06 07:54:34,66.36100006103516,16.118999481201172,0.14800000190734863
2026-07-06 07:59:36,217.38299560546875,5.867000102996826,0.17599999904632568
2026-07-06 08:04:38,248.68600463867188,4.790999889373779,0.164000004529953
2026-07-06 08:09:40,263.02899169921875,5.297999858856201,0.19200000166893005
2026-07-06 08:14:43,267.79998779296875,17.91699981689453,0.6620000004768372
2026-07-06 08:19:45,304.4049987792969,20.062999725341797,0.8429999947547913
2026-07-06 08:24:47,322.89801025390625,20.20599937438965,0.8999999761581421
2026-07-06 08:29:49,309.42401123046875,20.327999114990234,0.8679999709129333
2026-07-06 08:34:51,330.67401123046875,21.55699920654297,0.984000027179718
2026-07-06 08:39:53,332.5010070800781,22.735000610351562,1.0429999828338623
2026-07-06 08:44:55,330.8110046386719,23.524999618530273,1.0740000009536743
2026-07-06 08:49:57,327.7650146484375,24.844999313354492,1.1239999532699585
2026-07-06 08:54:59,401.8349914550781,25.202999114990234,1.3980000019073486
2026-07-06 09:00:01,395.406005859375,25.757999420166016,1.406000018119812
2026-07-06 09:05:04,422.77801513671875,26.232999801635742,1.531000018119812
2026-07-06 09:10:06,472.00201416015625,26.635000228881836,1.7350000143051147
2026-07-06 09:15:08,487.1289978027344,27.368000030517578,1.840000033378601
2026-07-06 09:20:10,506.2879943847656,27.30900001525879,1.9079999923706055
2026-07-06 09:25:12,538.4219970703125,28.461000442504883,2.115000009536743
2026-07-06 09:30:14,525.3679809570312,29.097000122070312,2.109999895095825
2026-07-06 09:35:16,532.1939697265625,29.108999252319336,2.138000011444092
2026-07-06 09:40:18,601.760009765625,29.618999481201172,2.4600000381469727
2026-07-06 09:45:20,617.8930053710938,31.214000701904297,2.6619999408721924
2026-07-06 09:50:23,641.4349975585938,31.145000457763672,2.756999969482422
2026-07-06 09:55:25,621.6420288085938,30.97599983215332,2.6570000648498535
2026-07-06 10:00:27,652.9530029296875,32.52199935913086,2.930000066757202
2026-07-06 10:05:29,615.8209838867188,33.034000396728516,2.806999921798706
2026-07-06 10:10:31,674.9580078125,33.24800109863281,3.0969998836517334
2026-07-06 10:15:33,699.3049926757812,33.78900146484375,3.260999917984009
2026-07-06 10:20:35,691.3709716796875,34.691001892089844,3.309999942779541
2026-07-06 10:25:37,758.5850219726562,34.74599838256836,3.63700008392334
2026-07-06 10:30:39,765.7230224609375,35.87799835205078,3.7909998893737793
2026-07-06 10:35:41,819.6160278320312,36.367000579833984,4.11299991607666
2026-07-06 10:40:44,772.0709838867188,37.165000915527344,3.9600000381469727
2026-07-06 10:45:46,803.5269775390625,36.89099884033203,4.091000080108643
2026-07-06 10:50:48,841.156982421875,38.08399963378906,4.421000003814697
2026-07-06 10:55:50,809.6500244140625,39.819000244140625,4.448999881744385
2026-07-06 10:58:05,821.0330200195312,39.14400100708008,4.434999942779541
2026-07-06 11:03:07,836.3460083007812,40.07699966430664,4.625
2026-07-06 11:08:09,726.4299926757812,46.516998291015625,4.663000106811523
2026-07-06 11:13:11,784.39501953125,39.790000915527344,4.307000160217285
2026-07-06 11:18:13,813.969970703125,42.45100021362305,4.76800012588501
2026-07-06 11:23:15,786.1439819335938,42.71900177001953,4.633999824523926
2026-07-06 11:28:18,848.2030029296875,42.3390007019043,4.955999851226807
2026-07-06 11:33:20,927.3989868164062,43.625,5.583000183105469
2026-07-06 11:38:22,943.7990112304688,45.94300079345703,5.984000205993652
2026-07-06 11:43:24,921.0969848632812,45.57400131225586,5.793000221252441
2026-07-06 11:48:26,942.3270263671875,47.38199996948242,6.1620001792907715
2026-07-06 11:53:28,953.4219970703125,46.5989990234375,6.13100004196167
2026-07-06 11:58:30,1003.2589721679688,47.125,6.52400016784668
2026-07-06 12:03:32,974.8300170898438,48.17300033569336,6.480999946594238
2026-07-06 12:08:34,1014.1950073242188,47.362998962402344,6.629000186920166
2026-07-06 12:13:36,1014.1190185546875,48.250999450683594,6.752999782562256
2026-07-06 12:18:39,1016.8410034179688,47.915000915527344,6.723999977111816
2026-07-06 12:23:41,1016.927978515625,49.2400016784668,6.909999847412109
2026-07-06 12:28:43,1022.10302734375,49.04100036621094,6.916999816894531
2026-07-06 12:33:45,1025.4720458984375,49.91299819946289,7.063000202178955
2026-07-06 12:38:47,1016.968994140625,50.465999603271484,7.083000183105469
2026-07-06 12:43:49,1022.3090209960938,50.96799850463867,7.190999984741211
2026-07-06 12:48:51,1027.053955078125,51.43000030517578,7.289000034332275
2026-07-06 12:53:53,1038.06494140625,51.15999984741211,7.328999996185303
2026-07-06 12:58:55,1029.56396484375,52.36399841308594,7.440000057220459
2026-07-06 13:03:58,1029.6710205078125,52.69499969482422,7.48799991607666
2026-07-06 13:09:00,1012.364990234375,52.9379997253418,7.395999908447266
2026-07-06 13:14:02,1024.906005859375,52.8650016784668,7.4770002365112305
2026-07-06 13:19:04,1035.8260498046875,52.499000549316406,7.504000186920166
2026-07-06 13:24:06,1038.9749755859375,51.84600067138672,7.434000015258789
2026-07-06 13:29:08,1034.3499755859375,52.244998931884766,7.458000183105469
2026-07-06 13:52:09,1027.469970703125,51.933998107910156,7.363999843597412
2026-07-06 13:57:11,1028.2359619140625,51.69300079345703,7.335000038146973
2026-07-06 14:02:13,1000.5599975585938,51.941001892089844,7.171999931335449
2026-07-06 14:07:15,1003.7570190429688,51.52299880981445,7.13700008392334
2026-07-06 14:12:17,1016.614990234375,51.59000015258789,7.23799991607666
2026-07-06 14:17:20,1014.4229736328125,51.65800094604492,7.23199987411499
2026-07-06 14:22:22,1005.8900146484375,51.33100128173828,7.125
2026-07-06 14:27:24,995.5150146484375,50.9640007019043,7.001999855041504
2026-07-06 14:32:26,992.2769775390625,50.97600173950195,6.980000019073486
2026-07-06 14:37:28,986.0910034179688,50.65700149536133,6.89300012588501
2026-07-06 14:42:30,983.4290161132812,49.494998931884766,6.7170000076293945
2026-07-06 14:47:32,975.0239868164062,49.417999267578125,6.64900016784668
2026-07-06 14:52:34,966.4910278320312,49.112998962402344,6.551000118255615
2026-07-06 14:57:37,960.5910034179688,49.387001037597656,6.546999931335449
2026-07-06 15:02:39,948.0780029296875,49.117000579833984,6.426000118255615
2026-07-06 15:07:41,939.0989990234375,49.05400085449219,6.35699987411499
2026-07-06 15:12:43,927.0579833984375,48.93899917602539,6.261000156402588
2026-07-06 15:17:45,920.708984375,48.09199905395508,6.110000133514404
2026-07-06 15:22:47,906.2860107421875,47.89400100708008,5.989999771118164
2026-07-06 15:27:49,898.0659790039062,47.67100143432617,5.9079999923706055
2026-07-06 15:32:51,885.4650268554688,46.832000732421875,5.7230000495910645
2026-07-06 15:37:53,872.9210205078125,46.86600112915039,5.645999908447266
2026-07-06 15:42:55,864.7429809570312,46.67599868774414,5.570000171661377
2026-07-06 15:47:58,853.0469970703125,46.37699890136719,5.459000110626221
2026-07-06 15:53:00,840.9580078125,45.80500030517578,5.315999984741211
2026-07-06 15:58:02,827.47900390625,45.50600051879883,5.196000099182129
2026-07-06 16:03:04,868.9669799804688,43.999000549316406,5.276000022888184
2026-07-06 16:08:06,832.89599609375,44.67499923706055,5.135000228881836
2026-07-06 16:13:08,887.9910278320312,43.70199966430664,5.355000019073486
2026-07-06 16:18:10,284.79998779296875,45.19599914550781,1.7760000228881836
2026-07-06 16:23:12,662.5260009765625,46.70800018310547,4.269999980926514
2026-07-06 16:28:14,768.9940185546875,43.33000183105469,4.5980000495910645
2026-07-06 16:33:17,754.2169799804688,43.145999908447266,4.491000175476074
2026-07-06 16:38:19,728.7570190429688,41.38800048828125,4.1620001792907715
2026-07-06 16:43:21,768.416015625,42.5620002746582,4.513000011444092
2026-07-06 16:48:23,401.30999755859375,59.111000061035156,3.2739999294281006
2026-07-06 16:53:25,245.8419952392578,46.691001892089844,1.5839999914169312
2026-07-06 16:58:27,240.41799926757812,46.42900085449219,1.5399999618530273
2026-07-06 17:03:29,302.00799560546875,44.97700119018555,1.875
2026-07-06 17:08:31,304.3219909667969,55.01300048828125,2.309999942779541
2026-07-06 17:13:33,672.6370239257812,40.70199966430664,3.7780001163482666
2026-07-06 17:18:36,608.7949829101562,40.672000885009766,3.4170000553131104
2026-07-06 17:23:38,552.25,39.79100036621094,3.0320000648498535
2026-07-06 17:28:40,433.1369934082031,39.965999603271484,2.3889999389648438
2026-07-06 17:33:42,454.1050109863281,38.268001556396484,2.3980000019073486
2026-07-06 17:38:44,473.906005859375,37.810001373291016,2.4730000495910645
2026-07-06 17:43:46,411.5140075683594,39.27000045776367,2.2300000190734863
2026-07-06 17:48:48,377.6780090332031,37.446998596191406,1.9520000219345093
2026-07-06 17:53:50,390.7090148925781,37.952999114990234,2.0460000038146973
2026-07-06 17:58:53,439.864990234375,36.220001220703125,2.1989998817443848
2026-07-06 18:03:55,89.4739990234375,160.86900329589844,1.9859999418258667
2026-07-06 18:08:57,82.72000122070312,145.19500732421875,1.656999945640564
2026-07-06 18:13:59,99.68699645996094,65.24299621582031,0.8980000019073486
2026-07-06 18:19:01,107.81700134277344,50.6870002746582,0.7540000081062317
2026-07-06 18:24:03,121.23400115966797,44.617000579833984,0.7459999918937683
2026-07-06 18:29:05,114.55500030517578,42.37799835205078,0.6700000166893005
2026-07-06 18:34:07,102.39099884033203,37.944000244140625,0.5360000133514404
2026-07-06 18:39:09,102.57599639892578,35.84600067138672,0.5070000290870667
2026-07-06 18:44:11,121.16999816894531,36.59199905395508,0.6119999885559082
2026-07-06 18:49:13,118.37699890136719,36.020999908447266,0.5879999995231628
2026-07-06 18:54:16,87.76000213623047,35.38100051879883,0.42800000309944153
2026-07-06 18:59:18,65.7969970703125,37.17499923706055,0.33799999952316284
2026-07-06 19:04:20,54.553001403808594,30.732999801635742,0.23100000619888306
2026-07-06 19:09:22,51.7599983215332,29.25200080871582,0.20900000631809235
2026-07-06 19:14:24,48.49399948120117,28.13599967956543,0.18799999356269836
2026-07-06 19:19:26,45.01900100708008,31.577999114990234,0.19599999487400055
2026-07-06 19:24:28,43.25899887084961,30.98699951171875,0.1850000023841858
2026-07-06 19:29:30,41.14500045776367,21.892000198364258,0.12399999797344208
2026-07-06 19:34:32,39.86600112915039,26.649999618530273,0.1469999998807907
2026-07-06 19:39:35,38.82500076293945,25.408000946044922,0.13600000739097595
2026-07-06 19:44:37,36.68600082397461,23.961999893188477,0.12099999934434891
2026-07-06 19:49:39,35.65700149536133,25.409000396728516,0.125
2026-07-06 19:54:41,34.81800079345703,22.756999969482422,0.10899999737739563
2026-07-06 19:59:43,34.20800018310547,25.0,0.11800000071525574
2026-07-06 20:04:45,33.483001708984375,21.586000442504883,0.10000000149011612
2026-07-06 20:09:47,31.874000549316406,18.493000030517578,0.08100000023841858
2026-07-06 20:14:49,29.917999267578125,19.948999404907227,0.0820000022649765
2026-07-06 20:19:52,29.486000061035156,18.006000518798828,0.0729999989271164
2026-07-06 20:24:54,24.746999740600586,14.918000221252441,0.050999999046325684
2026-07-06 20:29:56,23.55900001525879,15.142000198364258,0.04899999871850014
2026-07-06 20:34:58,22.610000610351562,13.038000106811523,0.04100000113248825
2026-07-06 20:40:00,21.02400016784668,6.802000045776367,0.019999999552965164
2026-07-06 20:45:02,19.18400001525879,8.618000030517578,0.023000000044703484
2026-07-06 20:50:04,17.45599937438965,6.709000110626221,0.01600000075995922
2026-07-06 20:55:06,14.854999542236328,0.35199999809265137,0.0010000000474974513
2026-07-06 21:00:08,12.607999801635742,0.3140000104904175,0.0010000000474974513
2026-07-06 21:05:11,9.904000282287598,0.23600000143051147,0.0
2026-07-06 21:10:13,7.633999824523926,0.5199999809265137,0.0010000000474974513
2026-07-06 21:15:15,5.202000141143799,0.47099998593330383,0.0
2026-07-06 21:20:17,2.953000068664551,0.3199999928474426,0.0
2026-07-06 21:25:19,1.3650000095367432,0.6169999837875366,0.0
2026-07-06 21:30:21,0.22499999403953552,0.36000001430511475,0.0
2026-07-07 05:49:18,0.22499999403953552,0.36000001430511475,0.0
2026-07-07 05:54:20,5.133999824523926,0.15000000596046448,0.0
2026-07-07 05:59:22,6.7179999351501465,0.2199999988079071,0.0
2026-07-07 06:04:24,8.505000114440918,0.30399999022483826,0.0
2026-07-07 06:09:26,10.585000038146973,0.21799999475479126,0.0
2026-07-07 06:14:28,12.881999969482422,0.22300000488758087,0.0
2026-07-07 06:19:30,15.326000213623047,0.2540000081062317,0.0010000000474974513
2026-07-07 06:24:32,17.67300033569336,0.2680000066757202,0.0010000000474974513
2026-07-07 06:29:34,19.597000122070312,3.0329999923706055,0.00800000037997961
2026-07-07 06:34:37,21.975000381469727,2.8980000019073486,0.008999999612569809
2026-07-07 06:39:39,24.618999481201172,4.317999839782715,0.014999999664723873
2026-07-07 06:44:41,26.7549991607666,7.203000068664551,0.027000000700354576
2026-07-07 06:49:43,28.881999969482422,8.26200008392334,0.032999999821186066
2026-07-07 06:54:45,30.288000106811523,7.3470001220703125,0.03099999949336052
2026-07-07 06:59:47,31.590999603271484,8.875,0.039000000804662704
2026-07-07 07:04:49,32.91999816894531,8.836999893188477,0.03999999910593033
2026-07-07 07:09:51,36.387001037597656,12.907999992370605,0.06499999761581421
2026-07-07 07:14:54,36.84600067138672,11.557999610900879,0.05900000035762787
2026-07-07 07:19:56,39.566001892089844,13.847999572753906,0.07599999755620956
2026-07-07 07:24:58,43.33300018310547,16.492000579833984,0.0989999994635582
2026-07-07 07:30:00,48.75400161743164,20.18000030517578,0.13600000739097595
2026-07-07 07:35:02,50.058998107910156,17.38599967956543,0.11999999731779099
2026-07-07 07:40:04,52.9119987487793,14.755000114440918,0.1080000028014183
2026-07-07 07:45:06,54.792999267578125,16.660999298095703,0.12600000202655792
2026-07-07 07:50:08,59.4379997253418,17.57699966430664,0.14399999380111694
2026-07-07 07:55:10,104.85900115966797,8.555999755859375,0.12399999797344208
2026-07-07 08:00:12,182.83200073242188,6.5279998779296875,0.16500000655651093
2026-07-07 08:05:15,213.78700256347656,6.244999885559082,0.18400000035762787
2026-07-07 08:10:17,243.781005859375,6.209000110626221,0.20900000631809235
2026-07-07 08:15:19,271.1789855957031,16.597999572753906,0.6209999918937683
2026-07-07 08:20:21,262.03399658203125,18.378999710083008,0.6650000214576721
2026-07-07 08:25:23,274.6830139160156,19.87700080871582,0.753000020980835
2026-07-07 08:30:25,301.5270080566406,19.70800018310547,0.8199999928474426
2026-07-07 08:35:27,314.93499755859375,21.263999938964844,0.9240000247955322
2026-07-07 08:40:29,349.239013671875,21.13800048828125,1.0190000534057617
2026-07-07 08:45:31,379.4419860839844,23.202999114990234,1.215000033378601
2026-07-07 08:50:33,372.6990051269531,23.29800033569336,1.1979999542236328
2026-07-07 08:55:36,391.8009948730469,23.910999298095703,1.2929999828338623
2026-07-07 09:00:38,439.625,24.829999923706055,1.50600004196167
2026-07-07 09:05:40,458.1090087890625,25.37700080871582,1.6039999723434448
2026-07-07 09:10:42,481.22698974609375,25.972000122070312,1.725000023841858
2026-07-07 09:15:44,456.447998046875,26.44700050354004,1.6660000085830688
2026-07-07 09:20:46,492.04998779296875,26.79199981689453,1.819000005722046
2026-07-07 09:25:48,545.1680297851562,27.634000778198242,2.0789999961853027
2026-07-07 09:30:50,534.2739868164062,28.759000778198242,2.119999885559082
2026-07-07 09:35:52,565.7429809570312,29.59600067138672,2.311000108718872
2026-07-07 09:40:55,591.0579833984375,29.531999588012695,2.4089999198913574
2026-07-07 09:45:57,614.9390258789062,30.47100067138672,2.5859999656677246
2026-07-07 09:50:59,615.1690063476562,31.11199951171875,2.6410000324249268
2026-07-07 09:56:01,661.5679931640625,31.871999740600586,2.9100000858306885
2026-07-07 10:01:03,635.1110229492188,31.14299964904785,2.7300000190734863
2026-07-07 10:06:05,725.135986328125,32.790000915527344,3.2809998989105225
2026-07-07 10:11:07,615.9769897460938,34.21699905395508,2.9089999198913574
2026-07-07 10:16:09,688.9749755859375,33.6150016784668,3.196000099182129
2026-07-07 10:21:12,737.8939819335938,34.9109992980957,3.555000066757202
2026-07-07 10:26:14,757.52001953125,36.1879997253418,3.7829999923706055
2026-07-07 10:31:16,776.3679809570312,36.374000549316406,3.8970000743865967
2026-07-07 10:36:18,789.1309814453125,37.73500061035156,4.109000205993652
2026-07-07 10:41:20,803.2479858398438,37.90599822998047,4.202000141143799
2026-07-07 10:46:22,818.35400390625,38.768001556396484,4.377999782562256
2026-07-07 10:51:24,833.1510009765625,39.37900161743164,4.5279998779296875
2026-07-07 10:56:26,850.2849731445312,39.8390007019043,4.675000190734863
2026-07-07 11:01:28,861.1749877929688,40.529998779296875,4.816999912261963
2026-07-07 11:06:31,871.9409790039062,41.73899841308594,5.021999835968018
2026-07-07 11:11:33,883.666015625,42.17599868774414,5.14300012588501
2026-07-07 11:16:35,893.6849975585938,42.845001220703125,5.283999919891357
2026-07-07 11:21:37,902.0780029296875,43.57099914550781,5.423999786376953
2026-07-07 11:26:39,915.7520141601562,43.58300018310547,5.507999897003174
2026-07-07 11:31:41,925.4569702148438,44.683998107910156,5.706999778747559
2026-07-07 11:36:43,937.4879760742188,45.29499816894531,5.860000133514404
2026-07-07 11:41:45,946.656982421875,45.29899978637695,5.918000221252441
2026-07-07 11:46:47,957.7329711914062,46.16299819946289,6.10099983215332
2026-07-07 11:51:49,972.3569946289062,45.63999938964844,6.124000072479248
2026-07-07 11:56:52,980.2969970703125,47.108001708984375,6.373000144958496
2026-07-07 12:01:54,992.6329956054688,48.04199981689453,6.580999851226807
2026-07-07 12:06:56,1000.3109741210938,48.5,6.695000171661377
2026-07-07 12:11:58,1002.0889892578125,48.4900016784668,6.705999851226807
2026-07-07 12:17:00,996.7630004882812,49.465999603271484,6.803999900817871
2026-07-07 12:22:02,1019.85400390625,49.65700149536133,6.988999843597412
2026-07-07 12:27:04,1022.3699951171875,50.159000396728516,7.077000141143799
2026-07-07 12:32:06,972.6829833984375,52.446998596191406,7.039999961853027
2026-07-07 12:37:08,989.031982421875,48.9630012512207,6.683000087738037
2026-07-07 12:42:11,1065.8790283203125,46.72800064086914,6.873000144958496
2026-07-07 12:47:13,1014.7360229492188,49.99100112915039,7.0
2026-07-07 12:52:15,929.6849975585938,49.974998474121094,6.4120001792907715
2026-07-07 12:57:17,901.5570068359375,49.369998931884766,6.142000198364258
2026-07-07 13:02:19,655.1500244140625,52.06700134277344,4.706999778747559
2026-07-07 13:07:21,819.406005859375,48.65800094604492,5.501999855041504
2026-07-07 13:12:23,738.3839721679688,53.292999267578125,5.429999828338623
2026-07-07 13:17:25,554.5780029296875,49.53499984741211,3.7909998893737793
2026-07-07 13:22:27,882.6010131835938,50.237998962402344,6.11899995803833
2026-07-07 13:27:30,874.1389770507812,50.512001037597656,6.0929999351501465
2026-07-07 13:32:32,987.0449829101562,49.07099914550781,6.684000015258789
2026-07-07 13:55:29,827.8170166015625,55.0989990234375,6.294000148773193
2026-07-07 14:00:31,986.239990234375,49.25899887084961,6.703999996185303
2026-07-07 14:05:33,792.2219848632812,48.970001220703125,5.354000091552734
2026-07-07 14:10:35,946.6610107421875,48.792999267578125,6.374000072479248
2026-07-07 14:15:37,616.6669921875,49.540000915527344,4.216000080108643
2026-07-07 14:20:40,514.8090209960938,51.617000579833984,3.6670000553131104
2026-07-07 14:25:42,479.5979919433594,49.86899948120117,3.3010001182556152
2026-07-07 14:30:44,556.0009765625,47.319000244140625,3.63100004196167
2026-07-07 14:35:46,614.375,54.74700164794922,4.642000198364258
2026-07-07 14:40:48,918.2030029296875,49.08000183105469,6.218999862670898
2026-07-07 14:45:50,648.0089721679688,43.452999114990234,3.885999917984009
2026-07-07 14:50:52,587.958984375,49.858001708984375,4.045000076293945
2026-07-07 14:55:54,452.9670104980469,46.516998291015625,2.9079999923706055
2026-07-07 15:00:56,467.6109924316406,47.07400131225586,3.0380001068115234
2026-07-07 15:05:59,646.2470092773438,48.73400115966797,4.3460001945495605
2026-07-07 15:11:01,685.280029296875,45.65800094604492,4.317999839782715
2026-07-07 15:16:03,744.8410034179688,46.93899917602539,4.824999809265137
2026-07-07 15:21:05,523.5789794921875,45.94499969482422,3.319999933242798
2026-07-07 15:26:07,506.4779968261719,48.09000015258789,3.3610000610351562
2026-07-07 15:31:09,639.677978515625,45.611000061035156,4.026000022888184
2026-07-07 15:36:11,761.6939697265625,45.112998962402344,4.742000102996826
2026-07-07 15:41:13,702.43701171875,45.64500045776367,4.425000190734863
2026-07-07 15:46:15,812.0430297851562,45.415000915527344,5.089000225067139
2026-07-07 15:51:18,787.7440185546875,42.02299880981445,4.567999839782715
2026-07-07 15:56:20,788.2509765625,40.86199951171875,4.445000171661377
2026-07-07 16:01:22,507.1499938964844,43.06999969482422,3.0139999389648438
2026-07-07 16:06:24,478.0710144042969,41.12799835205078,2.7130000591278076
2026-07-07 16:11:26,390.656005859375,43.83700180053711,2.36299991607666
2026-07-07 16:16:28,493.0329895019531,34.845001220703125,2.371000051498413
2026-07-07 16:21:30,519.8070068359375,36.625999450683594,2.627000093460083
2026-07-07 16:26:32,770.27197265625,40.08399963378906,4.261000156402588
2026-07-07 16:31:34,745.5020141601562,42.402000427246094,4.361999988555908
2026-07-07 16:36:37,579.7490234375,39.8120002746582,3.184999942779541
2026-07-07 16:41:39,350.0459899902344,43.41600036621094,2.0969998836517334
2026-07-07 16:46:41,366.5369873046875,43.959999084472656,2.2239999771118164
2026-07-07 16:51:43,512.5330200195312,39.88800048828125,2.821000099182129
2026-07-07 16:56:45,540.7969970703125,42.02399826049805,3.135999917984009
2026-07-07 17:01:47,367.0190124511719,45.36199951171875,2.2980000972747803
2026-07-07 17:06:49,338.9070129394531,44.12900161743164,2.063999891281128
2026-07-07 17:11:51,277.0989990234375,39.387001037597656,1.50600004196167
2026-07-07 17:16:53,249.20700073242188,43.25899887084961,1.4880000352859497
2026-07-07 17:21:55,253.74200439453125,41.79499816894531,1.4639999866485596
2026-07-07 17:26:57,224.05499267578125,40.972999572753906,1.2669999599456787
2026-07-07 17:32:00,231.9149932861328,41.52199935913086,1.3289999961853027
2026-07-07 17:37:02,220.78199768066406,40.19300079345703,1.225000023841858
2026-07-07 17:42:04,245.31900024414062,38.566001892089844,1.305999994277954
2026-07-07 17:47:06,218.31300354003906,40.79499816894531,1.2289999723434448
2026-07-07 17:52:08,226.1739959716797,37.0890007019043,1.1579999923706055
2026-07-07 17:57:10,225.93099975585938,38.21099853515625,1.190999984741211
2026-07-07 18:02:12,230.6009979248047,39.215999603271484,1.2480000257492065
2026-07-07 18:07:14,203.03900146484375,43.763999938964844,1.2259999513626099
2026-07-07 18:12:16,197.21800231933594,57.24700164794922,1.5579999685287476
2026-07-07 18:17:18,189.5679931640625,42.98899841308594,1.125
2026-07-07 18:22:21,176.4340057373047,40.632999420166016,0.9890000224113464
2026-07-07 18:27:23,157.44900512695312,38.77399826049805,0.8420000076293945
2026-07-07 18:32:25,142.16700744628906,37.16600036621094,0.7289999723434448
2026-07-07 18:37:27,135.67300415039062,36.22200012207031,0.6779999732971191
2026-07-07 18:42:29,126.58999633789062,35.25899887084961,0.6159999966621399
2026-07-07 18:47:31,123.23899841308594,33.87300109863281,0.5759999752044678
2026-07-07 18:52:33,121.45099639892578,32.935001373291016,0.5519999861717224
2026-07-07 18:57:35,119.6050033569336,32.5099983215332,0.5370000004768372
2026-07-07 19:02:37,113.68499755859375,34.111000061035156,0.5350000262260437
2026-07-07 19:07:39,104.21299743652344,31.263999938964844,0.44999998807907104
2026-07-07 19:12:41,94.73400115966797,28.889999389648438,0.3779999911785126
2026-07-07 19:17:44,87.81700134277344,31.93600082397461,0.3869999945163727
2026-07-07 19:22:46,80.93299865722656,32.66899871826172,0.36500000953674316
2026-07-07 19:27:48,79.55699920654297,30.163999557495117,0.3310000002384186
2026-07-07 19:32:50,74.21299743652344,30.065000534057617,0.30799999833106995
2026-07-07 19:37:52,68.87999725341797,28.736000061035156,0.27300000190734863
2026-07-07 19:42:54,66.9280014038086,26.264999389648438,0.24300000071525574
2026-07-07 19:47:56,65.17900085449219,25.840999603271484,0.23199999332427979
2026-07-07 19:52:58,61.4739990234375,26.829999923706055,0.2280000001192093
2026-07-07 19:58:00,56.07099914550781,23.222999572753906,0.18000000715255737
2026-07-07 20:03:02,49.92599868774414,26.586000442504883,0.18299999833106995
2026-07-07 20:08:05,44.422000885009766,20.83799934387207,0.12800000607967377
2026-07-07 20:13:07,39.722999572753906,21.75,0.11900000274181366
2026-07-07 20:18:09,37.104000091552734,19.69099998474121,0.10100000351667404
2026-07-07 20:23:11,33.36199951171875,23.885000228881836,0.10999999940395355
2026-07-07 20:28:13,28.565000534057617,13.890999794006348,0.054999999701976776
2026-07-07 20:33:15,26.518999099731445,8.625,0.03200000151991844
2026-07-07 20:38:17,24.33099937438965,9.717000007629395,0.032999999821186066
2026-07-07 20:43:19,22.759000778198242,6.872000217437744,0.02199999988079071
2026-07-07 20:48:22,21.268999099731445,7.714000225067139,0.023000000044703484
2026-07-07 20:53:24,20.034000396728516,7.913000106811523,0.02199999988079071
2026-07-07 20:58:26,17.909000396728516,2.559999942779541,0.006000000052154064
2026-07-07 21:03:28,15.229999542236328,0.28200000524520874,0.0010000000474974513
2026-07-07 21:08:30,11.520000457763672,0.28700000047683716,0.0
2026-07-07 21:13:32,8.840999603271484,0.22300000488758087,0.0
2026-07-07 21:18:34,7.72599983215332,0.17299999296665192,0.0
2026-07-07 21:23:36,6.079999923706055,0.24400000274181366,0.0
2026-07-07 21:28:38,2.3610000610351562,0.42800000309944153,0.0
2026-07-08 05:49:50,2.3610000610351562,0.42800000309944153,0.0
2026-07-08 05:54:53,4.247000217437744,0.2630000114440918,0.0
2026-07-08 05:59:55,5.879000186920166,0.2680000066757202,0.0
2026-07-08 06:04:57,7.758999824523926,0.24799999594688416,0.0
2026-07-08 06:09:59,10.192000389099121,0.2849999964237213,0.0
2026-07-08 06:15:01,12.645000457763672,0.20399999618530273,0.0
2026-07-08 06:20:03,15.017000198364258,0.2849999964237213,0.0010000000474974513
2026-07-08 06:25:05,18.062000274658203,0.24300000071525574,0.0010000000474974513
2026-07-08 06:30:07,21.25,3.380000114440918,0.009999999776482582
2026-07-08 06:35:09,23.922000885009766,4.460000038146973,0.014999999664723873
2026-07-08 06:40:11,27.538000106811523,6.322999954223633,0.024000000208616257
2026-07-08 06:45:14,29.857999801635742,5.71999979019165,0.024000000208616257
2026-07-08 06:50:16,32.117000579833984,8.543999671936035,0.03799999877810478
2026-07-08 06:55:18,34.19900131225586,10.239999771118164,0.04800000041723251
2026-07-08 07:00:20,35.87699890136719,11.35099983215332,0.0560000017285347
2026-07-08 07:05:22,37.68000030517578,11.13599967956543,0.057999998331069946
2026-07-08 07:10:24,39.487998962402344,13.220000267028809,0.07199999690055847
2026-07-08 07:15:26,41.159000396728516,13.722000122070312,0.07800000160932541
2026-07-08 07:20:28,42.887001037597656,15.359999656677246,0.09099999815225601
2026-07-08 07:25:30,44.59400177001953,14.494000434875488,0.08900000154972076
2026-07-08 07:30:32,45.374000549316406,16.517000198364258,0.10300000011920929
2026-07-08 07:35:35,50.29899978637695,13.42300033569336,0.09300000220537186
2026-07-08 07:40:37,54.71699905395508,14.437000274658203,0.10899999737739563
2026-07-08 07:45:39,53.262001037597656,15.569000244140625,0.11400000005960464
2026-07-08 07:50:41,53.8129997253418,16.636999130249023,0.12399999797344208
2026-07-08 07:55:43,153.625,5.289000034332275,0.1120000034570694
2026-07-08 08:00:45,220.94700622558594,4.328000068664551,0.13199999928474426
2026-07-08 08:05:47,242.0070037841797,3.7730000019073486,0.12600000202655792
2026-07-08 08:10:49,258.5119934082031,6.285999774932861,0.2240000069141388
2026-07-08 08:15:51,275.531005859375,17.35700035095215,0.6600000262260437
2026-07-08 08:20:53,295.1449890136719,17.73900032043457,0.722000002861023
2026-07-08 08:25:56,313.2139892578125,19.05500030517578,0.8240000009536743
2026-07-08 08:30:58,329.0450134277344,19.020000457763672,0.8640000224113464
2026-07-08 08:36:00,340.2330017089844,20.864999771118164,0.9800000190734863
2026-07-08 08:41:02,364.1780090332031,21.70800018310547,1.090999960899353
2026-07-08 08:46:04,383.177001953125,21.89699935913086,1.1579999923706055
2026-07-08 08:51:06,398.69500732421875,23.00200080871582,1.2660000324249268
2026-07-08 08:56:08,414.8389892578125,24.083999633789062,1.378999948501587
2026-07-08 09:01:10,430.0320129394531,24.900999069213867,1.4780000448226929
2026-07-08 09:06:12,451.20001220703125,25.093000411987305,1.562000036239624
2026-07-08 09:11:15,470.0979919433594,26.43000030517578,1.715000033378601
2026-07-08 09:16:17,489.2869873046875,26.687000274658203,1.8020000457763672
2026-07-08 09:21:19,506.2170104980469,26.966999053955078,1.8839999437332153
2026-07-08 09:26:21,525.9409790039062,27.93199920654297,2.0269999504089355
2026-07-08 09:31:23,544.2769775390625,28.38599967956543,2.131999969482422
2026-07-08 09:36:25,564.2449951171875,29.39299964904785,2.2890000343322754
2026-07-08 09:41:27,582.3060302734375,29.933000564575195,2.4049999713897705
2026-07-08 09:46:29,600.1190185546875,30.53700065612793,2.5290000438690186
2026-07-08 09:51:32,615.4929809570312,31.635000228881836,2.687000036239624
2026-07-08 09:56:34,633.3759765625,32.5629997253418,2.8459999561309814
2026-07-08 10:01:36,654.3790283203125,33.20000076293945,2.997999906539917
2026-07-08 10:06:38,672.5369873046875,34.01100158691406,3.1570000648498535
2026-07-08 10:11:40,690.5189819335938,34.75400161743164,3.312000036239624
2026-07-08 10:16:42,699.8989868164062,35.624000549316406,3.440999984741211
2026-07-08 10:21:44,728.9420166015625,36.47100067138672,3.6689999103546143
2026-07-08 10:26:46,741.6619873046875,37.62200164794922,3.8510000705718994
2026-07-08 10:31:48,757.0540161132812,37.6510009765625,3.934000015258789
2026-07-08 10:36:50,776.2420043945312,38.779998779296875,4.1539998054504395
2026-07-08 10:41:53,790.698974609375,39.104000091552734,4.267000198364258
2026-07-08 10:46:55,801.6110229492188,40.1510009765625,4.441999912261963
2026-07-08 10:51:57,822.030029296875,40.45600128173828,4.589000225067139
2026-07-08 10:56:59,837.89501953125,40.426998138427734,4.675000190734863
2026-07-08 11:02:01,851.3209838867188,41.415000915527344,4.866000175476074
2026-07-08 11:07:03,862.3090209960938,42.02000045776367,5.0
2026-07-08 11:12:05,873.3189697265625,42.68299865722656,5.144000053405762
2026-07-08 11:17:07,887.655029296875,43.444000244140625,5.322000026702881
2026-07-08 11:22:09,897.989013671875,43.65299987792969,5.409999847412109
2026-07-08 11:27:12,908.8690185546875,43.6879997253418,5.480000019073486
2026-07-08 11:32:14,910.760986328125,44.74599838256836,5.624000072479248
2026-07-08 11:37:16,926.3410034179688,44.902000427246094,5.739999771118164
2026-07-08 11:42:18,930.573974609375,44.974998474121094,5.776000022888184
2026-07-08 11:47:20,939.8469848632812,45.39099884033203,5.88700008392334
2026-07-08 11:52:22,954.364990234375,45.400001525878906,5.979000091552734
2026-07-08 11:57:24,958.6099853515625,46.928001403808594,6.208000183105469
2026-07-08 12:02:26,968.2670288085938,47.99100112915039,6.413000106811523
2026-07-08 12:07:28,976.6950073242188,48.34000015258789,6.514999866485596
2026-07-08 12:17:33,991.81298828125,49.23500061035156,6.738999843597412
2026-07-08 12:22:35,999.4329833984375,49.5369987487793,6.831999778747559
2026-07-08 12:27:37,1006.8049926757812,48.99599838256836,6.807000160217285
2026-07-08 12:32:39,1013.3579711914062,49.67599868774414,6.947000026702881
2026-07-08 12:37:41,1019.0670166015625,50.64400100708008,7.122000217437744
2026-07-08 12:42:43,1019.8510131835938,50.99700164794922,7.177000045776367
2026-07-08 12:47:45,1026.31298828125,50.935001373291016,7.214000225067139
2026-07-08 12:52:47,1027.7259521484375,51.474998474121094,7.300000190734863
2026-07-08 12:57:49,1026.4959716796875,51.69499969482422,7.322999954223633
2026-07-08 13:02:51,1025.48095703125,51.51599884033203,7.289999961853027
2026-07-08 13:07:54,1020.8889770507812,52.16899871826172,7.349999904632568
2026-07-08 13:12:56,1021.2509765625,52.07400131225586,7.339000225067139
2026-07-08 13:17:58,1018.4569702148438,52.505001068115234,7.379000186920166
2026-07-08 13:23:00,1019.8560180664062,52.40399932861328,7.375
2026-07-08 13:28:02,1017.5020141601562,52.4109992980957,7.359000205993652
2026-07-08 13:50:15,1008.8480224609375,51.31999969482422,7.144999980926514
2026-07-08 13:55:17,1007.3369750976562,51.38999938964844,7.144000053405762
2026-07-08 14:00:19,1005.0029907226562,51.827999114990234,7.188000202178955
2026-07-08 14:05:22,998.4320068359375,51.79999923706055,7.13700008392334
2026-07-08 14:10:24,994.4019775390625,51.75400161743164,7.1020002365112305
2026-07-08 14:15:26,993.1019897460938,51.30099868774414,7.031000137329102
2026-07-08 14:20:28,991.6389770507812,51.060001373291016,6.986999988555908
2026-07-08 14:25:30,986.6240234375,51.141998291015625,6.9629998207092285
2026-07-08 14:30:32,974.1259765625,50.96500015258789,6.85099983215332
2026-07-08 14:35:34,969.7940063476562,50.64400100708008,6.7779998779296875
2026-07-08 14:40:36,965.666015625,50.05099868774414,6.670000076293945
2026-07-08 14:45:38,956.114013671875,49.72700119018555,6.560999870300293
2026-07-08 14:50:41,942.6929931640625,49.99700164794922,6.504000186920166
2026-07-08 14:55:43,941.135986328125,49.21799850463867,6.392000198364258
2026-07-08 15:00:45,935.9019775390625,48.94200134277344,6.321000099182129
2026-07-08 15:05:47,924.2310180664062,48.422000885009766,6.176000118255615
2026-07-08 15:10:49,916.6630249023438,48.0369987487793,6.077000141143799
2026-07-08 15:15:51,906.0590209960938,48.23099899291992,6.031000137329102
2026-07-08 15:20:53,897.7849731445312,47.983001708984375,5.945000171661377
2026-07-08 15:25:55,884.6950073242188,47.24700164794922,5.76800012588501
2026-07-08 15:30:57,873.9769897460938,46.939998626708984,5.660999774932861
2026-07-08 15:35:59,865.6179809570312,46.64699935913086,5.572000026702881
2026-07-08 15:41:01,853.3809814453125,46.66299819946289,5.494999885559082
2026-07-08 15:46:04,840.1740112304688,46.090999603271484,5.343999862670898
2026-07-08 15:51:06,826.0070190429688,46.005001068115234,5.24399995803833
2026-07-08 15:56:08,822.8800048828125,45.58599853515625,5.177000045776367
2026-07-08 16:01:10,844.614990234375,45.38199996948242,5.289999961853027
2026-07-08 16:06:12,795.4719848632812,45.64500045776367,5.011000156402588
2026-07-08 16:11:14,375.59100341796875,43.42599868774414,2.250999927520752
2026-07-08 16:16:16,778.0659790039062,43.76100158691406,4.698999881744385
2026-07-08 16:21:18,778.260986328125,42.68600082397461,4.584000110626221
2026-07-08 16:26:21,833.0419921875,42.44499969482422,4.879000186920166
2026-07-08 16:31:23,634.8300170898438,35.974998474121094,3.1519999504089355
2026-07-08 16:36:25,230.10499572753906,46.952999114990234,1.4910000562667847
2026-07-08 16:41:27,345.9410095214844,40.07899856567383,1.9129999876022339
2026-07-08 16:46:29,807.3759765625,38.46500015258789,4.285999774932861
2026-07-08 16:51:31,754.5230102539062,40.89400100708008,4.257999897003174
2026-07-08 16:56:33,689.7570190429688,41.527000427246094,3.953000068664551
2026-07-08 17:01:35,662.3359985351562,41.18000030517578,3.7639999389648438
2026-07-08 17:06:37,627.0469970703125,40.95899963378906,3.5439999103546143
2026-07-08 17:11:39,616.2130126953125,40.65399932861328,3.4570000171661377
2026-07-08 17:16:42,575.5020141601562,40.52299880981445,3.2179999351501465
2026-07-08 17:21:44,540.3060302734375,39.861000061035156,2.9719998836517334
2026-07-08 17:26:46,517.343994140625,39.632999420166016,2.8299999237060547
2026-07-08 17:31:48,497.89300537109375,38.70100021362305,2.6589999198913574
2026-07-08 17:36:50,482.54901123046875,38.00400161743164,2.5309998989105225
2026-07-08 17:41:52,461.9469909667969,37.909000396728516,2.4170000553131104
2026-07-08 17:46:54,436.07501220703125,37.67100143432617,2.2669999599456787
2026-07-08 17:51:56,421.52899169921875,36.8390007019043,2.1429998874664307
2026-07-08 17:56:58,400.07501220703125,36.00199890136719,1.9880000352859497
2026-07-08 18:02:01,323.9179992675781,42.435001373291016,1.8969999551773071
2026-07-08 18:07:03,73.61599731445312,172.41400146484375,1.7519999742507935
2026-07-08 18:12:05,62.612998962402344,191.03199768066406,1.6510000228881836
2026-07-08 18:17:07,61.48099899291992,181.92100524902344,1.5429999828338623
2026-07-08 18:22:09,59.930999755859375,165.83299255371094,1.371999979019165
2026-07-08 18:27:11,58.60300064086914,42.29800033569336,0.34200000762939453
2026-07-08 18:32:13,57.35100173950195,37.430999755859375,0.29600000381469727
2026-07-08 18:37:15,55.80799865722656,35.3380012512207,0.2720000147819519
2026-07-08 18:42:17,54.39799880981445,34.650001525878906,0.25999999046325684
2026-07-08 18:47:19,53.02899932861328,33.04499816894531,0.24199999868869781
2026-07-08 18:52:22,51.60200119018555,30.895999908447266,0.2199999988079071
2026-07-08 18:57:24,50.020999908447266,32.47700119018555,0.2240000069141388
2026-07-08 19:02:26,48.689998626708984,30.976999282836914,0.20800000429153442
2026-07-08 19:07:28,47.483001708984375,29.19099998474121,0.19099999964237213
2026-07-08 19:12:30,46.26499938964844,27.073999404907227,0.17299999296665192
2026-07-08 19:17:32,45.27299880981445,28.264999389648438,0.1770000010728836
2026-07-08 19:22:34,43.893001556396484,26.58799934387207,0.16099999845027924
2026-07-08 19:27:36,42.52299880981445,27.10099983215332,0.1589999943971634
2026-07-08 19:32:38,41.20899963378906,21.981000900268555,0.125
2026-07-08 19:37:40,40.0629997253418,24.20199966430664,0.1340000033378601
2026-07-08 19:42:42,38.78099822998047,20.6200008392334,0.10999999940395355
2026-07-08 19:47:45,37.18600082397461,22.43600082397461,0.11500000208616257
2026-07-08 19:52:47,35.82899856567383,21.79400062561035,0.1080000028014183
2026-07-08 19:57:49,34.3849983215332,24.176000595092773,0.11500000208616257
2026-07-08 20:02:51,33.016998291015625,20.481000900268555,0.09300000220537186
2026-07-08 20:07:53,31.889999389648438,19.672000885009766,0.08699999749660492
2026-07-08 20:12:55,30.65399932861328,16.01099967956543,0.06800000369548798
2026-07-08 20:17:57,29.128999710083008,16.666000366210938,0.06700000166893005
2026-07-08 20:22:59,24.440000534057617,16.04400062561035,0.05400000140070915
2026-07-08 20:28:01,22.176000595092773,12.038000106811523,0.03700000047683716
2026-07-08 20:33:04,20.55500030517578,8.947999954223633,0.02500000037252903
2026-07-08 20:38:06,18.718000411987305,8.277999877929688,0.020999999716877937
2026-07-08 20:43:08,17.113000869750977,7.756999969482422,0.017999999225139618
2026-07-08 20:48:10,15.156999588012695,6.888999938964844,0.014000000432133675
2026-07-08 20:53:12,13.190999984741211,0.4180000126361847,0.0010000000474974513
2026-07-08 20:58:14,11.279999732971191,0.25,0.0
2026-07-08 21:03:16,9.081000328063965,0.3160000145435333,0.0
2026-07-08 21:08:18,7.560999870300293,0.34200000762939453,0.0
2026-07-08 21:13:20,5.840000152587891,0.35100001096725464,0.0
2026-07-08 21:18:22,4.164999961853027,0.39899998903274536,0.0
2026-07-08 21:23:25,2.6510000228881836,0.33000001311302185,0.0
2026-07-08 21:28:27,1.2549999952316284,0.39399999380111694,0.0
2026-07-09 05:50:21,1.2549999952316284,0.39399999380111694,0.0
2026-07-09 05:55:23,5.051000118255615,0.3059999942779541,0.0
2026-07-09 06:00:25,6.965000152587891,0.16300000250339508,0.0
2026-07-09 06:05:27,8.895999908447266,0.29100000858306885,0.0
2026-07-09 06:10:29,11.126999855041504,0.257999986410141,0.0
2026-07-09 06:15:31,13.197999954223633,0.2460000067949295,0.0
2026-07-09 06:20:33,15.538000106811523,0.2980000078678131,0.0010000000474974513
2026-07-09 06:25:35,17.68199920654297,0.2290000021457672,0.0010000000474974513
2026-07-09 06:30:37,20.01099967956543,5.459000110626221,0.014999999664723873
2026-07-09 06:35:40,22.71299934387207,7.514999866485596,0.024000000208616257
2026-07-09 06:40:42,25.7189998626709,6.921000003814697,0.02500000037252903
2026-07-09 06:45:44,28.117000579833984,8.972000122070312,0.03500000014901161
2026-07-09 06:50:46,29.881000518798828,11.906999588012695,0.04899999871850014
2026-07-09 06:55:48,31.520000457763672,12.317999839782715,0.05400000140070915
2026-07-09 07:00:50,33.279998779296875,14.003000259399414,0.06400000303983688
2026-07-09 07:05:52,34.81100082397461,14.262999534606934,0.0689999982714653
2026-07-09 07:10:54,36.680999755859375,16.798999786376953,0.08500000089406967
2026-07-09 07:15:56,38.229000091552734,17.113000869750977,0.09000000357627869
2026-07-09 07:20:58,40.01599884033203,17.19700050354004,0.0949999988079071
2026-07-09 07:26:00,41.768001556396484,13.222999572753906,0.07599999755620956
2026-07-09 07:31:02,43.34299850463867,18.200000762939453,0.10899999737739563
2026-07-09 07:36:05,44.55500030517578,14.395999908447266,0.08900000154972076
2026-07-09 07:41:07,45.89699935913086,17.195999145507812,0.10899999737739563
2026-07-09 07:46:09,47.19499969482422,18.416000366210938,0.11999999731779099
2026-07-09 07:51:11,48.79399871826172,22.635000228881836,0.15199999511241913
2026-07-09 07:56:13,197.11500549316406,5.00600004196167,0.13600000739097595
2026-07-09 08:01:15,225.21099853515625,4.572000026702881,0.1420000046491623
2026-07-09 08:06:17,244.7949981689453,4.679999828338623,0.15800000727176666
2026-07-09 08:11:19,262.0710144042969,10.055999755859375,0.36399999260902405
2026-07-09 08:16:21,278.2380065917969,19.104000091552734,0.734000027179718
2026-07-09 08:21:23,296.7380065917969,19.11400032043457,0.7829999923706055
2026-07-09 08:26:26,314.3909912109375,20.503000259399414,0.8899999856948853
2026-07-09 08:31:28,332.98699951171875,20.850000381469727,0.9580000042915344
2026-07-09 08:36:30,351.62701416015625,21.812999725341797,1.0579999685287476
2026-07-09 08:41:32,371.21099853515625,22.16200065612793,1.1349999904632568
2026-07-09 08:46:34,389.0929870605469,23.621000289916992,1.2680000066757202
2026-07-09 08:51:36,406.4179992675781,23.41699981689453,1.312999963760376
2026-07-09 08:56:38,424.0690002441406,24.256000518798828,1.4190000295639038
2026-07-09 09:01:40,440.2149963378906,25.059999465942383,1.5219999551773071
2026-07-09 09:06:42,458.7539978027344,26.30699920654297,1.6649999618530273
2026-07-09 09:11:44,478.0639953613281,25.573999404907227,1.687000036239624
2026-07-09 09:16:47,499.6080017089844,26.722000122070312,1.8420000076293945
2026-07-09 09:21:49,516.2830200195312,27.198999404907227,1.937999963760376
2026-07-09 09:26:51,533.5789794921875,28.72800064086914,2.115000009536743
2026-07-09 09:31:53,550.7570190429688,29.70800018310547,2.257999897003174
2026-07-09 09:36:55,569.073974609375,29.680999755859375,2.3310000896453857
2026-07-09 09:41:57,586.43798828125,30.107999801635742,2.437000036239624
2026-07-09 09:46:59,605.9500122070312,30.702999114990234,2.566999912261963
2026-07-09 09:52:01,623.7830200195312,31.399999618530273,2.703000068664551
2026-07-09 09:57:03,638.5490112304688,31.898000717163086,2.811000108718872
2026-07-09 10:02:05,657.427001953125,32.88399887084961,2.9830000400543213
2026-07-09 10:07:08,677.2319946289062,33.22999954223633,3.1059999465942383
2026-07-09 10:12:10,691.8870239257812,33.891998291015625,3.2360000610351562
2026-07-09 10:17:12,706.5549926757812,34.43000030517578,3.3570001125335693
2026-07-09 10:22:14,728.1530151367188,35.297000885009766,3.546999931335449
2026-07-09 10:27:16,743.6729736328125,35.81700134277344,3.6760001182556152
2026-07-09 10:32:18,758.593994140625,36.74100112915039,3.8459999561309814
2026-07-09 10:37:20,770.2379760742188,37.45600128173828,3.9809999465942383
2026-07-09 10:42:22,789.2639770507812,38.268001556396484,4.168000221252441
2026-07-09 10:47:24,804.7429809570312,38.821998596191406,4.310999870300293
2026-07-09 10:52:27,816.68798828125,38.880001068115234,4.381999969482422
2026-07-09 10:57:29,835.06298828125,40.106998443603516,4.622000217437744
2026-07-09 11:02:31,846.010986328125,40.99800109863281,4.785999774932861
2026-07-09 11:07:33,858.7540283203125,41.67499923706055,4.939000129699707
2026-07-09 11:12:35,873.1909790039062,42.125,5.076000213623047
2026-07-09 11:17:37,885.7529907226562,42.79800033569336,5.230999946594238
2026-07-09 11:22:39,895.4450073242188,43.1870002746582,5.336999893188477
2026-07-09 11:27:41,902.5919799804688,43.92399978637695,5.4710001945495605
2026-07-09 11:32:43,916.6079711914062,44.180999755859375,5.589000225067139
2026-07-09 11:37:46,929.5609741210938,44.89899826049805,5.760000228881836
2026-07-09 11:42:48,942.2379760742188,45.24800109863281,5.883999824523926
2026-07-09 11:47:50,952.322021484375,44.95199966430664,5.9079999923706055
2026-07-09 11:52:52,959.1110229492188,46.16600036621094,6.110000133514404
2026-07-09 11:57:54,964.35400390625,46.84400177001953,6.234000205993652
2026-07-09 12:02:56,975.47900390625,47.47600173950195,6.390999794006348
2026-07-09 12:07:58,985.1110229492188,47.78200149536133,6.495999813079834
2026-07-09 12:13:00,989.301025390625,48.15999984741211,6.574999809265137
2026-07-09 12:18:02,997.3330078125,48.51499938964844,6.677000045776367
2026-07-09 12:23:04,1001.93798828125,49.15700149536133,6.796999931335449
2026-07-09 12:28:06,1006.0499877929688,49.46900177001953,6.868000030517578
2026-07-09 12:33:09,1012.27197265625,49.4109992980957,6.9019999504089355
2026-07-09 12:38:11,1013.947021484375,49.86199951171875,6.9770002365112305
2026-07-09 12:43:13,1018.1939697265625,50.0880012512207,7.038000106811523
2026-07-09 12:48:15,1022.1290283203125,50.54600143432617,7.130000114440918
2026-07-09 12:53:17,1024.2099609375,50.34400177001953,7.116000175476074
2026-07-09 12:58:19,1023.0590209960938,50.72200012207031,7.160999774932861
2026-07-09 13:03:21,1025.0810546875,49.9370002746582,7.064000129699707
2026-07-09 13:08:23,1021.385009765625,51.582000732421875,7.270999908447266
2026-07-09 13:13:25,1020.3179931640625,51.74599838256836,7.285999774932861
2026-07-09 13:18:27,1022.18701171875,51.27000045776367,7.23199987411499
2026-07-09 13:23:30,1019.7069702148438,51.762001037597656,7.283999919891357
2026-07-09 13:28:32,1017.9019775390625,51.474998474121094,7.230999946594238
2026-07-09 13:50:44,1012.4299926757812,50.73500061035156,7.0879998207092285
2026-07-09 13:55:46,1006.2769775390625,50.4379997253418,7.004000186920166
2026-07-09 14:00:48,1004.3820190429688,50.827999114990234,7.045000076293945
2026-07-09 14:05:50,999.6589965820312,50.904998779296875,7.0229997634887695
2026-07-09 14:10:52,994.9810180664062,50.56800079345703,6.942999839782715
2026-07-09 14:15:54,992.5599975585938,50.43899917602539,6.908999919891357
2026-07-09 14:20:56,990.2739868164062,50.57500076293945,6.910999774932861
2026-07-09 14:25:58,985.9860229492188,50.43899917602539,6.86299991607666
2026-07-09 14:31:00,972.9869995117188,50.35499954223633,6.761000156402588
2026-07-09 14:36:03,969.7020263671875,50.178001403808594,6.715000152587891
2026-07-09 14:41:05,965.905029296875,49.358001708984375,6.578999996185303
2026-07-09 14:46:07,960.5390014648438,49.06100082397461,6.502999782562256
2026-07-09 14:51:09,948.1190185546875,49.0,6.410999774932861
2026-07-09 14:56:11,942.302001953125,48.40800094604492,6.295000076293945
2026-07-09 15:01:13,931.0260009765625,48.25400161743164,6.199999809265137
2026-07-09 15:06:15,921.9849853515625,47.75199890136719,6.076000213623047
2026-07-09 15:11:17,915.10400390625,47.47800064086914,5.995999813079834
2026-07-09 15:16:20,906.7410278320312,47.095001220703125,5.89300012588501
2026-07-09 15:21:22,894.43701171875,46.672000885009766,5.761000156402588
2026-07-09 15:26:24,881.9149780273438,46.36899948120117,5.64300012588501
2026-07-09 15:31:26,869.6500244140625,45.75400161743164,5.491000175476074
2026-07-09 15:36:28,860.906982421875,45.47999954223633,5.4029998779296875
2026-07-09 15:41:30,848.9580078125,44.957000732421875,5.267000198364258
2026-07-09 15:46:32,835.6849975585938,45.48500061035156,5.245999813079834
2026-07-09 15:51:34,820.6749877929688,44.98699951171875,5.09499979019165
2026-07-09 15:56:36,806.1259765625,44.71099853515625,4.973999977111816
2026-07-09 16:01:38,790.5830078125,44.305999755859375,4.834000110626221
2026-07-09 16:06:41,781.6729736328125,43.85200119018555,4.730000019073486
2026-07-09 16:11:43,778.0880126953125,43.361000061035156,4.656000137329102
2026-07-09 16:16:45,759.177001953125,43.21500015258789,4.5269999504089355
2026-07-09 16:21:47,742.5139770507812,42.77199935913086,4.382999897003174
2026-07-09 16:26:49,725.3070068359375,42.61899948120117,4.265999794006348
2026-07-09 16:31:51,702.4619750976562,42.29100036621094,4.099999904632568
2026-07-09 16:36:53,687.4010009765625,41.90599822998047,3.9749999046325684
2026-07-09 16:41:55,673.343017578125,41.59700012207031,3.865000009536743
2026-07-09 16:46:57,653.6480102539062,41.20600128173828,3.7170000076293945
2026-07-09 16:51:59,637.2529907226562,40.69499969482422,3.5789999961853027
2026-07-09 16:57:02,624.2349853515625,40.51599884033203,3.490000009536743
2026-07-09 17:02:04,607.5250244140625,39.98099899291992,3.3519999980926514
2026-07-09 17:07:06,587.3259887695312,39.983001708984375,3.240999937057495
2026-07-09 17:12:08,573.4829711914062,39.26300048828125,3.1070001125335693
2026-07-09 17:17:10,554.6300048828125,38.861000061035156,2.9739999771118164
2026-07-09 17:22:12,533.60498046875,38.37200164794922,2.8259999752044678
2026-07-09 17:27:14,518.1389770507812,37.6870002746582,2.694999933242798
2026-07-09 17:32:16,499.4540100097656,37.55400085449219,2.5880000591278076
2026-07-09 17:37:18,480.489013671875,36.78099822998047,2.438999891281128
2026-07-09 17:42:20,462.2170104980469,36.279998779296875,2.313999891281128
2026-07-09 17:47:23,445.1449890136719,35.82400131225586,2.2009999752044678
2026-07-09 17:52:25,425.7300109863281,34.823001861572266,2.0460000038146973
2026-07-09 17:57:27,405.8900146484375,34.33000183105469,1.9229999780654907
2026-07-09 18:02:29,372.6449890136719,35.25899887084961,1.812999963760376
2026-07-09 18:07:31,83.66899871826172,145.7169952392578,1.6820000410079956
2026-07-09 18:12:33,55.33000183105469,207.9409942626953,1.5880000591278076
2026-07-09 18:17:35,53.78499984741211,196.6739959716797,1.4600000381469727
2026-07-09 18:22:37,52.775001525878906,178.38800048828125,1.2990000247955322
2026-07-09 18:27:39,52.07400131225586,35.17499923706055,0.2529999911785126
2026-07-09 18:32:41,51.12200164794922,33.736000061035156,0.23800000548362732
2026-07-09 18:37:44,50.025001525878906,30.804000854492188,0.21299999952316284
2026-07-09 18:42:46,48.832000732421875,28.420000076293945,0.19200000166893005
2026-07-09 18:47:48,47.81399917602539,28.893999099731445,0.19099999964237213
2026-07-09 18:52:50,46.888999938964844,26.39299964904785,0.17100000381469727
2026-07-09 18:57:52,46.24700164794922,25.125999450683594,0.1599999964237213
2026-07-09 19:02:54,45.17499923706055,23.80500030517578,0.14800000190734863
2026-07-09 19:07:56,43.78300094604492,25.457000732421875,0.15399999916553497
2026-07-09 19:12:58,42.69499969482422,20.180999755859375,0.11900000274181366
2026-07-09 19:18:00,41.89699935913086,26.5049991607666,0.15299999713897705
2026-07-09 19:23:02,40.775001525878906,21.110000610351562,0.11900000274181366
2026-07-09 19:28:04,39.8650016784668,23.843000411987305,0.13099999725818634
2026-07-09 19:33:07,38.74100112915039,22.90399932861328,0.12200000137090683
2026-07-09 19:38:09,37.597999572753906,20.19099998474121,0.10499999672174454
2026-07-09 19:43:11,36.12099838256836,18.47100067138672,0.09200000017881393
2026-07-09 19:48:13,34.89400100708008,16.64699935913086,0.07999999821186066
2026-07-09 19:53:15,33.79999923706055,15.029000282287598,0.07000000029802322
2026-07-09 19:58:17,32.5989990234375,16.378000259399414,0.07400000095367432
2026-07-09 20:03:19,31.368999481201172,18.756999969482422,0.08100000023841858
2026-07-09 20:08:21,30.427000045776367,14.54699993133545,0.061000000685453415
2026-07-09 20:13:23,29.214000701904297,14.321000099182129,0.057999998331069946
2026-07-09 20:18:25,28.26300048828125,12.78499984741211,0.05000000074505806
2026-07-09 20:23:28,23.243000030517578,11.647000312805176,0.03700000047683716
2026-07-09 20:28:30,21.354999542236328,9.295000076293945,0.027000000700354576
2026-07-09 20:33:32,19.702999114990234,6.613999843597412,0.017999999225139618
2026-07-09 20:38:34,18.267000198364258,7.677000045776367,0.01899999938905239
2026-07-09 20:43:36,16.375,6.660999774932861,0.014999999664723873
2026-07-09 20:48:38,14.694999694824219,0.5879999995231628,0.0010000000474974513
2026-07-09 20:53:40,12.791000366210938,0.34599998593330383,0.0010000000474974513
2026-07-09 20:58:42,10.989999771118164,0.4230000078678131,0.0010000000474974513
2026-07-09 21:03:44,9.048999786376953,0.33799999952316284,0.0
2026-07-09 21:08:47,7.125,0.33000001311302185,0.0
2026-07-09 21:13:49,5.426000118255615,0.23399999737739563,0.0
2026-07-09 21:18:51,3.7100000381469727,0.4950000047683716,0.0
2026-07-09 21:23:53,2.4570000171661377,0.5370000004768372,0.0
2026-07-09 21:28:55,1.1679999828338623,0.2930000126361847,0.0
2026-07-10 05:51:49,1.1679999828338623,0.2930000126361847,0.0
2026-07-10 05:56:51,5.798999786376953,0.28600001335144043,0.0
2026-07-10 06:01:53,7.64300012588501,0.27300000190734863,0.0
2026-07-10 06:06:55,9.482999801635742,0.27799999713897705,0.0
2026-07-10 06:11:57,11.369000434875488,0.3799999952316284,0.0010000000474974513
2026-07-10 06:16:59,13.486000061035156,0.25999999046325684,0.0
2026-07-10 06:22:01,15.590999603271484,0.2370000034570694,0.0010000000474974513
2026-07-10 06:27:03,17.910999298095703,0.210999995470047,0.0010000000474974513
2026-07-10 06:32:05,19.72599983215332,5.665999889373779,0.014999999664723873
2026-07-10 06:37:07,22.957000732421875,6.918000221252441,0.02199999988079071
2026-07-10 06:42:09,24.885000228881836,6.354000091552734,0.02199999988079071
2026-07-10 06:47:12,27.45800018310547,7.867000102996826,0.029999999329447746
2026-07-10 06:52:14,29.099000930786133,14.196999549865723,0.05700000002980232
2026-07-10 06:57:16,31.177000045776367,14.649999618530273,0.06300000101327896
2026-07-10 07:02:18,32.69499969482422,13.625,0.061000000685453415
2026-07-10 07:07:20,34.005001068115234,17.511999130249023,0.0820000022649765
2026-07-10 07:12:22,35.21500015258789,17.541000366210938,0.08500000089406967
2026-07-10 07:17:24,36.69300079345703,16.486000061035156,0.08299999684095383
2026-07-10 07:22:26,38.30400085449219,19.785999298095703,0.10499999672174454
2026-07-10 07:27:28,39.566001892089844,13.73900032043457,0.07500000298023224
2026-07-10 07:32:30,40.93600082397461,11.045999526977539,0.06199999898672104
2026-07-10 07:37:33,42.38199996948242,13.779999732971191,0.08100000023841858
2026-07-10 07:42:35,43.57899856567383,15.390999794006348,0.09300000220537186
2026-07-10 07:47:37,44.78099822998047,16.101999282836914,0.10000000149011612
2026-07-10 07:52:39,49.70100021362305,12.277999877929688,0.08399999886751175
2026-07-10 07:57:41,211.5659942626953,2.76200008392334,0.08100000023841858
2026-07-10 08:02:43,230.26699829101562,2.9830000400543213,0.0949999988079071
2026-07-10 08:07:45,248.25399780273438,3.3469998836517334,0.11500000208616257
2026-07-10 08:12:47,267.62298583984375,14.553999900817871,0.5379999876022339
2026-07-10 08:17:49,286.2900085449219,16.086000442504883,0.6359999775886536
2026-07-10 08:22:51,302.7149963378906,17.33799934387207,0.7239999771118164
2026-07-10 08:27:54,320.9670104980469,18.124000549316406,0.8029999732971191
2026-07-10 08:32:56,337.8699951171875,19.05500030517578,0.8880000114440918
2026-07-10 08:37:58,356.2130126953125,19.46299934387207,0.9570000171661377
2026-07-10 08:43:00,373.6780090332031,20.347000122070312,1.0490000247955322
2026-07-10 08:48:02,391.8789978027344,21.52899932861328,1.1640000343322754
2026-07-10 08:53:04,409.43499755859375,22.2450008392334,1.2569999694824219
2026-07-10 08:58:06,428.5509948730469,22.694000244140625,1.3420000076293945
2026-07-10 09:03:08,445.6300048828125,23.702999114990234,1.4579999446868896
2026-07-10 09:08:10,464.13299560546875,24.552000045776367,1.5729999542236328
2026-07-10 09:13:13,482.93701171875,25.190000534057617,1.6790000200271606
2026-07-10 09:18:15,500.99700927734375,25.78499984741211,1.7829999923706055
2026-07-10 09:23:17,520.1829833984375,26.576000213623047,1.9079999923706055
2026-07-10 09:28:19,535.5570068359375,27.579999923706055,2.0380001068115234
2026-07-10 09:33:21,556.0590209960938,27.05500030517578,2.0759999752044678
2026-07-10 09:38:23,573.1409912109375,28.395000457763672,2.246000051498413
2026-07-10 09:43:25,589.9310302734375,28.916000366210938,2.3540000915527344
2026-07-10 09:48:27,608.8880004882812,29.5,2.4790000915527344
2026-07-10 09:53:29,623.2369995117188,30.68000030517578,2.6389999389648438
2026-07-10 09:58:31,641.531005859375,31.114999771118164,2.755000114440918
2026-07-10 10:03:34,658.458984375,31.91900062561035,2.9000000953674316
2026-07-10 10:08:36,674.343017578125,32.67399978637695,3.0409998893737793
2026-07-10 10:13:38,692.9420166015625,33.358001708984375,3.190000057220459
2026-07-10 10:18:40,710.6950073242188,34.38600158691406,3.371999979019165
2026-07-10 10:23:42,726.9450073242188,35.36399841308594,3.5480000972747803
2026-07-10 10:28:44,742.8209838867188,35.696998596191406,3.6589999198913574
2026-07-10 10:33:46,762.0819702148438,36.15800094604492,3.802999973297119
2026-07-10 10:38:48,776.1370239257812,36.78200149536133,3.940000057220459
2026-07-10 10:43:51,792.0390014648438,37.77399826049805,4.129000186920166
2026-07-10 10:48:53,805.85400390625,37.89400100708008,4.214000225067139
2026-07-10 10:53:55,820.1279907226562,38.70100021362305,4.380000114440918
2026-07-10 10:58:57,834.3820190429688,39.465999603271484,4.544000148773193
2026-07-10 11:03:59,849.593017578125,39.85100173950195,4.671999931335449
2026-07-10 11:09:01,864.0650024414062,40.78799819946289,4.863999843597412
2026-07-10 11:14:03,326.8940124511719,17.68000030517578,0.7979999780654907
2026-07-13 08:35:06,326.8940124511719,17.68000030517578,0.7979999780654907
2026-07-13 08:40:08,149.36000061035156,16.909000396728516,0.3490000069141388
2026-07-13 08:45:10,152.00999450683594,16.503000259399414,0.34599998593330383
2026-07-13 08:50:12,165.52699279785156,17.75,0.4050000011920929
2026-07-13 08:55:14,253.16099548339844,17.493999481201172,0.6110000014305115
2026-07-13 09:00:17,209.47900390625,18.483999252319336,0.5339999794960022
2026-07-13 09:05:19,228.11399841308594,20.5049991607666,0.6449999809265137
2026-07-13 09:10:21,450.9230041503906,22.10099983215332,1.375
2026-07-13 09:15:23,470.885009765625,22.347000122070312,1.4520000219345093
2026-07-13 09:20:25,485.7049865722656,23.672000885009766,1.5870000123977661
2026-07-13 09:25:27,510.0299987792969,24.427000045776367,1.718999981880188
2026-07-13 09:30:29,528.31201171875,25.3439998626709,1.8480000495910645
2026-07-13 09:35:31,529.7579956054688,25.011999130249023,1.8289999961853027
2026-07-13 09:40:33,509.3070068359375,25.76300048828125,1.8109999895095825
2026-07-13 09:45:36,521.8330078125,26.395000457763672,1.9010000228881836
2026-07-13 09:50:38,559.9910278320312,27.066999435424805,2.0920000076293945
2026-07-13 09:55:40,599.8109741210938,28.05900001525879,2.322999954223633
2026-07-13 10:00:42,569.6849975585938,27.246000289916992,2.1419999599456787
2026-07-13 10:05:44,594.6740112304688,29.576000213623047,2.427000045776367
2026-07-13 10:10:46,625.541015625,29.927000045776367,2.5829999446868896
2026-07-13 10:15:48,666.1599731445312,30.452999114990234,2.799999952316284
2026-07-13 10:20:50,673.3070068359375,30.625,2.8459999561309814
2026-07-13 10:25:52,664.302001953125,32.297000885009766,2.9609999656677246
2026-07-13 10:30:55,703.9450073242188,32.17900085449219,3.125999927520752
2026-07-13 10:35:57,716.5170288085938,33.74700164794922,3.3369998931884766
2026-07-13 10:40:59,736.1420288085938,34.5359992980957,3.507999897003174
2026-07-13 10:46:01,722.552978515625,37.625999450683594,3.752000093460083
2026-07-13 10:51:03,773.1699829101562,36.814998626708984,3.927999973297119
2026-07-13 10:56:05,641.7030029296875,41.82899856567383,3.7039999961853027
2026-07-13 11:01:07,639.3900146484375,40.21900177001953,3.5490000247955322
2026-07-13 11:06:09,838.6090087890625,37.92100143432617,4.388999938964844
2026-07-13 11:11:11,367.9930114746094,37.749000549316406,1.9170000553131104
2026-07-13 11:16:14,339.5469970703125,36.98099899291992,1.7330000400543213
2026-07-13 11:21:16,337.3760070800781,36.555999755859375,1.7020000219345093
2026-07-13 11:26:18,307.7049865722656,36.42900085449219,1.5470000505447388
2026-07-13 11:31:20,221.51100158691406,34.05699920654297,1.0410000085830688
2026-07-13 11:36:22,217.06500244140625,32.54800033569336,0.9750000238418579
2026-07-13 11:41:24,263.66400146484375,32.80500030517578,1.194000005722046
2026-07-13 11:46:26,484.4729919433594,37.9370002746582,2.5360000133514404
2026-07-13 11:51:28,590.3250122070312,36.680999755859375,2.98799991607666
2026-07-13 11:56:30,643.6500244140625,37.44499969482422,3.3259999752044678
2026-07-13 12:01:33,588.9329833984375,37.72100067138672,3.065999984741211
2026-07-13 12:06:35,527.280029296875,37.680999755859375,2.742000102996826
2026-07-13 12:11:37,505.4469909667969,38.165000915527344,2.6619999408721924
2026-07-13 12:16:39,565.3670043945312,38.527000427246094,3.00600004196167
2026-07-13 12:21:41,723.5780029296875,40.138999938964844,4.007999897003174
2026-07-13 12:26:43,607.072021484375,39.393001556396484,3.299999952316284
2026-07-13 12:31:45,514.5919799804688,39.50899887084961,2.805999994277954
2026-07-13 12:36:47,642.8140258789062,39.165000915527344,3.4739999771118164
2026-07-13 12:41:50,742.3060302734375,43.645999908447266,4.4710001945495605
2026-07-13 12:46:52,587.0289916992188,41.11600112915039,3.3310000896453857
2026-07-13 12:51:54,544.56201171875,41.573001861572266,3.124000072479248
2026-07-13 12:56:56,570.093994140625,40.577999114990234,3.191999912261963
2026-07-13 13:01:58,527.3460083007812,40.04499816894531,2.9140000343322754
2026-07-13 13:07:00,580.9530029296875,40.779998779296875,3.2690000534057617
2026-07-13 13:12:02,584.9030151367188,40.69900131225586,3.2850000858306885
2026-07-13 13:17:04,708.801025390625,43.470001220703125,4.251999855041504
2026-07-13 13:22:06,875.3599853515625,42.57099914550781,5.14300012588501
2026-07-13 13:27:08,787.094970703125,43.98099899291992,4.7769999504089355
2026-07-13 13:32:11,752.6320190429688,43.30699920654297,4.498000144958496
2026-07-13 13:54:04,661.8350219726562,6.2179999351501465,0.5680000185966492
2026-07-13 13:59:06,548.0430297851562,41.09400177001953,3.1080000400543213
2026-07-13 14:04:08,637.35302734375,40.694000244140625,3.5789999961853027
2026-07-13 14:09:10,728.8369750976562,45.362998962402344,4.563000202178955
2026-07-13 14:14:12,720.8930053710938,43.13800048828125,4.290999889373779
2026-07-13 14:19:14,674.7860107421875,44.68899917602539,4.160999774932861
2026-07-13 14:24:17,640.1010131835938,41.30500030517578,3.6489999294281006
2026-07-13 14:29:19,610.9439697265625,42.45899963378906,3.5799999237060547
2026-07-13 14:34:21,639.0239868164062,31.143999099731445,2.746000051498413
2026-07-13 14:39:23,665.06298828125,43.840999603271484,4.02400016784668
2026-07-13 14:44:25,491.3349914550781,41.20199966430664,2.7939999103546143
2026-07-13 14:49:27,497.2590026855469,39.970001220703125,2.743000030517578
2026-07-13 14:54:29,542.2239990234375,42.98400115966797,3.2160000801086426
2026-07-13 14:59:31,654.9299926757812,41.73699951171875,3.7720000743865967
2026-07-13 15:04:33,772.0689697265625,42.03200149536133,4.478000164031982
2026-07-13 15:09:36,759.7030029296875,41.28200149536133,4.328000068664551
2026-07-13 15:14:38,610.9509887695312,41.441001892089844,3.49399995803833
2026-07-13 15:19:40,869.9520263671875,37.16299819946289,4.461999893188477
2026-07-13 15:24:42,750.0020141601562,40.80699920654297,4.223999977111816
2026-07-13 15:29:44,708.7020263671875,39.35300064086914,3.8489999771118164
2026-07-13 15:34:46,920.2739868164062,41.54899978637695,5.2769999504089355
2026-07-13 15:39:48,869.3369750976562,39.33100128173828,4.718999862670898
2026-07-13 15:44:50,517.885986328125,35.013999938964844,2.502000093460083
2026-07-13 15:49:52,727.2160034179688,40.07400131225586,4.021999835968018
2026-07-13 15:54:54,781.5579833984375,40.29999923706055,4.3470001220703125
2026-07-13 15:59:57,551.6069946289062,42.22600173950195,3.2139999866485596
2026-07-13 16:04:59,679.7529907226562,40.505001068115234,3.799999952316284
2026-07-13 16:10:01,296.0369873046875,41.516998291015625,1.6959999799728394
2026-07-13 16:15:03,281.25,40.08300018310547,1.555999994277954
2026-07-13 16:20:05,387.489990234375,40.30500030517578,2.1549999713897705
2026-07-13 16:25:07,389.9570007324219,37.89699935913086,2.0390000343322754
2026-07-13 16:30:09,299.6180114746094,39.00600051879883,1.6130000352859497
2026-07-13 16:35:11,244.3820037841797,39.724998474121094,1.340000033378601
2026-07-13 16:40:13,224.593994140625,38.61199951171875,1.1970000267028809
2026-07-13 16:45:15,199.4949951171875,38.652000427246094,1.0640000104904175
2026-07-13 16:50:18,257.0610046386719,34.11899948120117,1.2100000381469727
2026-07-13 16:55:20,169.7969970703125,37.79199981689453,0.8859999775886536
2026-07-13 17:00:22,143.68899536132812,36.53799819946289,0.7250000238418579
2026-07-13 17:05:24,124.8499984741211,34.21900177001953,0.5899999737739563
2026-07-13 17:10:26,94.8499984741211,28.948999404907227,0.3790000081062317
2026-07-13 17:15:28,77.27799987792969,27.8700008392334,0.296999990940094
2026-07-13 17:20:30,66.54299926757812,25.479999542236328,0.23399999737739563
2026-07-13 17:25:33,68.63800048828125,21.893999099731445,0.2070000022649765
2026-07-13 17:30:35,76.06900024414062,24.21299934387207,0.2540000081062317
2026-07-13 17:35:37,84.24500274658203,25.434999465942383,0.29600000381469727
2026-07-13 17:40:39,88.11699676513672,24.44300079345703,0.296999990940094
2026-07-13 17:45:41,94.51799774169922,27.24799919128418,0.35499998927116394
2026-07-13 17:50:43,52.45000076293945,18.60300064086914,0.13500000536441803
2026-07-13 17:55:45,45.93600082397461,17.702999114990234,0.1120000034570694
2026-07-13 18:00:47,66.43900299072266,20.344999313354492,0.18700000643730164
2026-07-13 18:05:50,76.95800018310547,20.746999740600586,0.2199999988079071
2026-07-13 18:10:52,93.51100158691406,23.05900001525879,0.2980000078678131
2026-07-13 18:15:54,80.01799774169922,21.541000366210938,0.23800000548362732
2026-07-13 18:20:56,53.29800033569336,16.340999603271484,0.11999999731779099
2026-07-13 18:25:58,54.433998107910156,18.01099967956543,0.13500000536441803
2026-07-13 18:31:00,54.875,15.161999702453613,0.11500000208616257
2026-07-13 18:36:02,81.5199966430664,20.812999725341797,0.23399999737739563
2026-07-13 18:41:04,97.8270034790039,23.225000381469727,0.3140000104904175
2026-07-13 18:46:07,70.3270034790039,19.003999710083008,0.18400000035762787
2026-07-13 18:51:09,57.06100082397461,15.163000106811523,0.11900000274181366
2026-07-13 18:56:11,58.33100128173828,14.032999992370605,0.11299999803304672
2026-07-13 19:01:13,82.10299682617188,19.222000122070312,0.21799999475479126
2026-07-13 19:06:15,112.15799713134766,21.131999969482422,0.3269999921321869
2026-07-13 19:11:17,113.84500122070312,21.461999893188477,0.3370000123977661
2026-07-13 19:16:19,119.5790023803711,21.993000030517578,0.3630000054836273
2026-07-13 19:21:21,122.7040023803711,22.9060001373291,0.3880000114440918
2026-07-13 19:26:23,113.58399963378906,20.687999725341797,0.3240000009536743
2026-07-13 19:31:25,95.81300354003906,20.969999313354492,0.2770000100135803
2026-07-13 19:36:28,73.23699951171875,17.29800033569336,0.17499999701976776
2026-07-13 19:41:30,62.41400146484375,16.27899932861328,0.14000000059604645
2026-07-13 19:46:32,67.12699890136719,15.824999809265137,0.1469999998807907
2026-07-13 19:51:34,63.93600082397461,17.562999725341797,0.1550000011920929
2026-07-13 19:56:36,58.42300033569336,14.708999633789062,0.11900000274181366
2026-07-13 20:01:38,54.8390007019043,14.414999961853027,0.10899999737739563
2026-07-13 20:06:40,47.16299819946289,10.53600025177002,0.0689999982714653
2026-07-13 20:11:42,40.72200012207031,10.793999671936035,0.061000000685453415
2026-07-13 20:16:44,35.970001220703125,8.17300033569336,0.04100000113248825
2026-07-13 20:21:47,31.663999557495117,7.172999858856201,0.03099999949336052
2026-07-13 20:26:49,29.413000106811523,6.433000087738037,0.026000000536441803
2026-07-13 20:31:51,27.173999786376953,5.36299991607666,0.019999999552965164
2026-07-13 20:36:53,22.95800018310547,4.611000061035156,0.014999999664723873
2026-07-13 20:41:55,19.482999801635742,3.691999912261963,0.009999999776482582
2026-07-13 20:46:57,15.597999572753906,0.26899999380111694,0.0010000000474974513
2026-07-13 20:51:59,11.27299976348877,0.2840000092983246,0.0
2026-07-13 20:57:01,8.364999771118164,0.3479999899864197,0.0
2026-07-13 21:02:03,6.011000156402588,0.29100000858306885,0.0
2026-07-13 21:07:05,4.166999816894531,0.34299999475479126,0.0
2026-07-13 21:12:08,2.365999937057495,0.4620000123977661,0.0
2026-07-13 21:17:10,1.253000020980835,0.3230000138282776,0.0
2026-07-13 21:22:12,0.25600001215934753,0.3089999854564667,0.0
2026-07-14 05:50:15,0.25600001215934753,0.3089999854564667,0.0
2026-07-14 05:55:17,2.190000057220459,0.4429999887943268,0.0
2026-07-14 06:00:19,3.3389999866485596,0.17299999296665192,0.0
2026-07-14 06:05:21,5.238999843597412,0.4090000092983246,0.0
2026-07-14 06:10:23,9.727999687194824,0.3109999895095825,0.0
2026-07-14 06:15:25,14.229000091552734,0.18799999356269836,0.0
2026-07-14 06:20:27,18.0939998626709,0.20600000023841858,0.0010000000474974513
2026-07-14 06:25:29,22.00200080871582,0.20499999821186066,0.0010000000474974513
2026-07-14 06:30:31,23.474000930786133,0.4860000014305115,0.0020000000949949026
2026-07-14 06:35:33,24.368000030517578,1.5130000114440918,0.004999999888241291
2026-07-14 06:40:36,26.347000122070312,2.194999933242798,0.00800000037997961
2026-07-14 06:45:38,29.413000106811523,2.4790000915527344,0.009999999776482582
2026-07-14 06:50:40,32.72200012207031,4.973999977111816,0.02199999988079071
2026-07-14 06:55:42,36.229000091552734,4.9770002365112305,0.02500000037252903
2026-07-14 07:00:44,39.3650016784668,5.51800012588501,0.029999999329447746
2026-07-14 07:05:46,43.375999450683594,6.543000221252441,0.039000000804662704
2026-07-14 07:10:48,46.56700134277344,6.289999961853027,0.03999999910593033
2026-07-14 07:15:50,50.202999114990234,7.36899995803833,0.050999999046325684
2026-07-14 07:20:52,53.44200134277344,6.427999973297119,0.04699999839067459
2026-07-14 07:25:54,56.768001556396484,8.706999778747559,0.06800000369548798
2026-07-14 07:30:57,60.76599884033203,9.468000411987305,0.07900000363588333
2026-07-14 07:35:59,65.04000091552734,8.553999900817871,0.07699999958276749
2026-07-14 07:41:01,67.69000244140625,7.934000015258789,0.07400000095367432
2026-07-14 07:46:03,74.88899993896484,9.85200023651123,0.10199999809265137
2026-07-14 07:51:05,85.41799926757812,9.286999702453613,0.10899999737739563
2026-07-14 07:56:07,82.0780029296875,8.678999900817871,0.09799999743700027
2026-07-14 08:01:09,113.3740005493164,8.50100040435791,0.13300000131130219
2026-07-14 08:06:11,198.447998046875,8.744999885559082,0.23899999260902405
2026-07-14 08:11:13,268.2770080566406,14.633999824523926,0.5419999957084656
2026-07-14 08:16:15,320.239990234375,15.633999824523926,0.6909999847412109
2026-07-14 08:21:17,225.4969940185547,16.538999557495117,0.5149999856948853
2026-07-14 08:26:20,245.35800170898438,15.166999816894531,0.5139999985694885
2026-07-14 08:31:22,202.73399353027344,19.743000030517578,0.5519999861717224
2026-07-14 08:36:24,142.99000549316406,16.160999298095703,0.3190000057220459
2026-07-14 08:41:26,133.76199340820312,16.382999420166016,0.3019999861717224
2026-07-14 08:46:28,156.01100158691406,18.51799964904785,0.39899998903274536
2026-07-14 08:51:30,217.19500732421875,18.58799934387207,0.5569999814033508
2026-07-14 08:56:32,402.86199951171875,20.014999389648438,1.1130000352859497
2026-07-14 09:01:34,388.53900146484375,22.663999557495117,1.215000033378601
2026-07-14 09:06:36,411.5360107421875,21.430999755859375,1.2170000076293945
2026-07-14 09:11:39,323.114990234375,22.670000076293945,1.0110000371932983
2026-07-14 09:16:41,449.2619934082031,22.75,1.409999966621399
2026-07-14 09:21:43,460.3810119628906,23.42099952697754,1.4880000352859497
2026-07-14 09:26:45,480.3039855957031,24.597999572753906,1.6299999952316284
2026-07-14 09:31:47,499.2799987792969,24.988000869750977,1.722000002861023
2026-07-14 09:36:49,520.6170043945312,26.211999893188477,1.8830000162124634
2026-07-14 09:41:51,538.8090209960938,26.533000946044922,1.9730000495910645
2026-07-14 09:46:53,558.8159790039062,27.31399917602539,2.1059999465942383
2026-07-14 09:51:55,562.9849853515625,28.62700080871582,2.2239999771118164
2026-07-14 09:56:57,520.2239990234375,29.989999771118164,2.1530001163482666
2026-07-14 10:01:59,549.8880004882812,29.913999557495117,2.2699999809265137
2026-07-14 10:07:02,572.1580200195312,31.121999740600586,2.4570000171661377
2026-07-14 10:12:04,617.0650024414062,32.742000579833984,2.7880001068115234
2026-07-14 10:17:06,633.5430297851562,32.428001403808594,2.8350000381469727
2026-07-14 10:22:08,655.9949951171875,33.404998779296875,3.0239999294281006
2026-07-14 10:27:10,660.2369995117188,34.11199951171875,3.1080000400543213
2026-07-14 10:32:12,691.7919921875,34.005001068115234,3.246000051498413
2026-07-14 10:37:14,709.0170288085938,34.72800064086914,3.3980000019073486
2026-07-14 10:42:16,693.7739868164062,35.01300048828125,3.3519999980926514
2026-07-14 10:47:18,743.1859741210938,36.492000579833984,3.743000030517578
2026-07-14 10:52:21,740.9550170898438,37.28099822998047,3.812000036239624
2026-07-14 10:57:23,738.4320068359375,38.08000183105469,3.880000114440918
2026-07-14 11:02:25,759.7260131835938,37.895999908447266,3.9730000495910645
2026-07-14 11:07:27,740.5540161132812,38.665000915527344,3.9509999752044678
2026-07-14 11:12:29,778.27197265625,39.17300033569336,4.206999778747559
2026-07-14 11:17:31,833.5040283203125,39.07400131225586,4.49399995803833
2026-07-14 11:22:33,816.2169799804688,40.119998931884766,4.519000053405762
2026-07-14 11:27:35,849.0880126953125,39.70399856567383,4.6519999504089355
2026-07-14 11:32:37,834.3389892578125,40.78200149536133,4.696000099182129
2026-07-14 11:37:40,823.989013671875,40.981998443603516,4.659999847412109
2026-07-14 11:42:42,545.1630249023438,43.49399948120117,3.2720000743865967
2026-07-14 11:47:44,733.9459838867188,40.69200134277344,4.120999813079834
2026-07-14 11:52:46,662.333984375,31.94300079345703,2.9200000762939453
2026-07-14 11:57:48,920.9920043945312,42.53900146484375,5.4070000648498535
2026-07-14 12:02:50,602.1229858398438,52.16999816894531,4.335000038146973
2026-07-14 12:07:52,595.6409912109375,43.23099899291992,3.553999900817871
2026-07-14 12:12:54,762.718017578125,46.56999969482422,4.9019999504089355
2026-07-14 12:17:56,965.280029296875,44.53200149536133,5.932000160217285
2026-07-14 12:22:58,925.6370239257812,44.25,5.6519999504089355
2026-07-14 12:28:01,967.89697265625,44.42399978637695,5.934000015258789
2026-07-14 12:33:03,964.8889770507812,44.902000427246094,5.979000091552734
2026-07-14 12:38:05,933.6339721679688,40.172000885009766,5.176000118255615
2026-07-14 12:43:07,959.8579711914062,46.369998931884766,6.142000198364258
2026-07-14 12:48:09,931.3939819335938,47.051998138427734,6.047999858856201
2026-07-14 12:53:11,990.2739868164062,46.816001892089844,6.3979997634887695
2026-07-14 12:58:13,594.2219848632812,36.80400085449219,3.0179998874664307
2026-07-14 13:03:15,996.1939697265625,46.76100158691406,6.427999973297119
2026-07-14 13:08:18,401.9700012207031,45.38999938964844,2.5179998874664307
2026-07-14 13:13:20,979.4130249023438,42.32500076293945,5.7210001945495605
2026-07-14 13:18:22,1035.8299560546875,39.382999420166016,5.630000114440918
2026-07-14 13:23:24,901.4719848632812,42.922000885009766,5.340000152587891
2026-07-14 13:28:26,967.2979736328125,43.11600112915039,5.755000114440918
2026-07-14 13:33:28,885.583984375,47.70199966430664,5.829999923706055
2026-07-14 13:55:23,869.2429809570312,10.680999755859375,1.281000018119812
2026-07-14 14:00:25,1093.489990234375,40.505001068115234,6.111999988555908
2026-07-14 14:05:27,620.2269897460938,71.37799835205078,6.109000205993652
2026-07-14 14:10:29,849.77099609375,43.2599983215332,5.072999954223633
2026-07-14 14:15:31,221.03799438476562,40.707000732421875,1.2419999837875366
2026-07-14 14:20:34,331.2799987792969,40.03200149536133,1.8300000429153442
2026-07-14 14:25:36,994.719970703125,44.9119987487793,6.164999961853027
2026-07-14 14:30:38,775.3510131835938,35.525001525878906,3.8010001182556152
2026-07-14 14:35:40,279.63299560546875,49.220001220703125,1.8990000486373901
2026-07-14 14:40:42,327.7359924316406,40.28099822998047,1.8220000267028809
2026-07-14 14:45:44,241.7050018310547,40.72600173950195,1.3580000400543213
2026-07-14 14:50:46,190.01100158691406,38.59299850463867,1.0119999647140503
2026-07-14 14:55:48,178.45599365234375,37.025001525878906,0.9120000004768372
2026-07-14 15:00:50,197.9499969482422,35.30699920654297,0.9639999866485596
2026-07-14 15:05:52,317.37799072265625,39.71799850463867,1.7400000095367432
2026-07-14 15:10:55,267.510986328125,46.59000015258789,1.7200000286102295
2026-07-14 15:15:57,226.98699951171875,36.06800079345703,1.1299999952316284
2026-07-14 15:20:59,192.27000427246094,32.01499938964844,0.8489999771118164
2026-07-14 15:26:01,181.72999572753906,30.31800079345703,0.7599999904632568
2026-07-14 15:31:03,186.0019989013672,32.111000061035156,0.8240000009536743
2026-07-14 15:36:05,154.1739959716797,29.25200080871582,0.621999979019165
2026-07-14 15:41:07,141.9949951171875,28.60099983215332,0.5600000023841858
2026-07-14 15:46:09,122.91999816894531,28.5,0.4830000102519989
2026-07-14 15:51:11,137.02499389648438,28.02400016784668,0.5299999713897705
2026-07-14 15:56:14,189.66600036621094,29.643999099731445,0.7760000228881836
2026-07-14 16:01:16,204.35400390625,32.07600021362305,0.9049999713897705
2026-07-14 16:06:18,153.30299377441406,26.687000274658203,0.5649999976158142
2026-07-14 16:11:20,163.5570068359375,26.700000762939453,0.6029999852180481
2026-07-14 16:16:22,207.60000610351562,30.125999450683594,0.8629999756813049
2026-07-14 16:21:24,215.60499572753906,31.989999771118164,0.9520000219345093
2026-07-14 16:26:26,251.83799743652344,77.9020004272461,2.7070000171661377
2026-07-14 16:31:28,156.41099548339844,28.32699966430664,0.6110000014305115
2026-07-14 16:36:30,148.3820037841797,27.476999282836914,0.5630000233650208
2026-07-14 16:41:33,141.31700134277344,27.84000015258789,0.5429999828338623
2026-07-14 16:46:35,127.45600128173828,26.378000259399414,0.46399998664855957
2026-07-14 16:51:37,189.68899536132812,29.072999954223633,0.7609999775886536
2026-07-14 16:56:39,192.25599670410156,29.96299934387207,0.7950000166893005
2026-07-14 17:01:41,143.44700622558594,28.121999740600586,0.5569999814033508
2026-07-14 17:06:43,110.30400085449219,23.899999618530273,0.36399999260902405
2026-07-14 17:11:45,112.57599639892578,21.886999130249023,0.3400000035762787
2026-07-14 17:16:47,482.76800537109375,24.999000549316406,1.6660000085830688
2026-07-14 17:21:49,434.6189880371094,28.115999221801758,1.6859999895095825
2026-07-14 17:26:51,180.27200317382812,27.14699935913086,0.675000011920929
2026-07-14 17:31:54,511.8900146484375,27.97100067138672,1.9759999513626099
2026-07-14 17:36:56,450.135009765625,28.073999404907227,1.74399995803833
2026-07-14 17:41:58,457.66400146484375,27.777999877929688,1.753999948501587
2026-07-14 17:47:00,166.63999938964844,29.582000732421875,0.6800000071525574
2026-07-14 17:52:02,368.76300048828125,26.68199920654297,1.3580000400543213
2026-07-14 17:57:04,407.3599853515625,26.461999893188477,1.4880000352859497
2026-07-14 18:02:06,421.1499938964844,25.992000579833984,1.5110000371932983
2026-07-14 18:07:08,388.0849914550781,26.749000549316406,1.4329999685287476
2026-07-14 18:12:11,185.1820068359375,55.29199981689453,1.4129999876022339
2026-07-14 18:17:13,162.02999877929688,31.10700035095215,0.6959999799728394
2026-07-14 18:22:15,134.84800720214844,32.74399948120117,0.609000027179718
2026-07-14 18:27:17,126.6240005493164,39.2859992980957,0.6859999895095825
2026-07-14 18:32:19,122.79100036621094,27.820999145507812,0.47099998593330383
2026-07-14 18:37:21,120.9229965209961,27.538000106811523,0.46000000834465027
2026-07-14 18:42:23,114.7979965209961,25.81100082397461,0.4090000092983246
2026-07-14 18:47:25,101.93800354003906,25.391000747680664,0.3569999933242798
2026-07-14 18:52:28,97.95700073242188,23.649999618530273,0.3199999928474426
2026-07-14 18:57:30,98.58100128173828,22.881000518798828,0.3109999895095825
2026-07-14 19:02:32,103.46499633789062,24.82699966430664,0.3540000021457672
2026-07-14 19:07:34,108.7699966430664,24.825000762939453,0.37299999594688416
2026-07-14 19:12:36,100.60600280761719,25.062999725341797,0.3479999899864197
2026-07-14 19:17:38,86.35199737548828,21.351999282836914,0.2540000081062317
2026-07-14 19:22:40,77.70099639892578,20.98699951171875,0.22499999403953552
2026-07-14 19:27:42,80.35399627685547,21.11199951171875,0.23399999737739563
2026-07-14 19:32:44,80.6259994506836,20.54599952697754,0.2290000021457672
2026-07-14 19:37:47,75.98200225830078,20.660999298095703,0.21699999272823334
2026-07-14 19:42:49,70.80699920654297,18.538000106811523,0.1809999942779541
2026-07-14 19:47:51,75.36499786376953,19.22100067138672,0.20000000298023224
2026-07-14 19:52:53,76.47100067138672,18.29400062561035,0.19300000369548798
2026-07-14 19:57:55,80.24500274658203,20.079999923706055,0.22200000286102295
2026-07-14 20:02:57,70.23999786376953,18.541000366210938,0.18000000715255737
2026-07-14 20:07:59,56.058998107910156,15.201000213623047,0.11800000071525574
2026-07-14 20:13:01,53.72999954223633,14.803000450134277,0.10999999940395355
2026-07-14 20:18:03,44.75899887084961,12.633999824523926,0.07800000160932541
2026-07-14 20:23:05,40.04199981689453,11.166000366210938,0.06199999898672104
2026-07-14 20:28:08,36.25400161743164,10.022000312805176,0.05000000074505806
2026-07-14 20:33:10,31.98200035095215,9.104000091552734,0.03999999910593033
2026-07-14 20:38:12,26.216999053955078,6.769000053405762,0.024000000208616257
2026-07-14 20:43:14,21.047000885009766,5.10099983215332,0.014999999664723873
2026-07-14 20:48:16,17.815000534057617,2.01200008392334,0.004999999888241291
2026-07-14 20:53:18,15.5600004196167,0.3269999921321869,0.0010000000474974513
2026-07-14 20:58:20,12.470999717712402,0.23399999737739563,0.0
2026-07-14 21:03:22,9.279999732971191,0.2930000126361847,0.0
2026-07-14 21:08:25,6.625999927520752,0.2639999985694885,0.0
2026-07-14 21:13:27,3.9590001106262207,0.45500001311302185,0.0
2026-07-14 21:18:29,2.240000009536743,0.37599998712539673,0.0
2026-07-14 21:23:31,0.8220000267028809,0.1860000044107437,0.0
2026-07-15 06:01:35,0.8220000267028809,0.1860000044107437,0.0
2026-07-15 06:06:37,8.161999702453613,0.17800000309944153,0.0
2026-07-15 06:11:39,11.803000450134277,0.164000004529953,0.0
2026-07-15 06:16:41,19.093000411987305,0.2280000001192093,0.0010000000474974513
2026-07-15 06:21:43,18.218000411987305,0.20600000023841858,0.0010000000474974513
2026-07-15 06:26:45,19.309999465942383,0.19599999487400055,0.0010000000474974513
2026-07-15 06:31:47,27.615999221801758,3.38100004196167,0.013000000268220901
2026-07-15 06:36:49,27.589000701904297,2.2990000247955322,0.008999999612569809
2026-07-15 06:41:52,26.503000259399414,2.7709999084472656,0.009999999776482582
2026-07-15 06:46:54,30.858999252319336,4.057000160217285,0.017000000923871994
2026-07-15 06:51:56,36.0369987487793,3.6540000438690186,0.017999999225139618
2026-07-15 06:56:58,42.305999755859375,4.372000217437744,0.026000000536441803
2026-07-15 07:02:00,42.736000061035156,4.922999858856201,0.028999999165534973
2026-07-15 07:07:02,43.16299819946289,5.4730000495910645,0.032999999821186066
2026-07-15 07:12:04,55.28900146484375,7.448999881744385,0.05700000002980232
2026-07-15 07:17:06,51.99100112915039,7.830999851226807,0.0560000017285347
2026-07-15 07:22:08,51.79399871826172,6.663000106811523,0.04800000041723251
2026-07-15 07:27:11,60.768001556396484,7.5879998207092285,0.06400000303983688
2026-07-15 07:32:13,67.31300354003906,8.687000274658203,0.08100000023841858
2026-07-15 07:37:15,77.41699981689453,10.472999572753906,0.1120000034570694
2026-07-15 07:42:17,97.03099822998047,12.491000175476074,0.16699999570846558
2026-07-15 07:47:19,93.5250015258789,11.4350004196167,0.14800000190734863
2026-07-15 07:52:21,100.75199890136719,10.053000450134277,0.14000000059604645
2026-07-15 07:57:23,87.96600341796875,11.932999610900879,0.14499999582767487
2026-07-15 08:02:25,99.93800354003906,12.852999687194824,0.1770000010728836
2026-07-15 08:07:27,102.6719970703125,12.689000129699707,0.18000000715255737
2026-07-15 08:12:29,121.26599884033203,15.074999809265137,0.25200000405311584
2026-07-15 08:17:32,94.83100128173828,13.993000030517578,0.18299999833106995
2026-07-15 08:22:34,100.31099700927734,12.795000076293945,0.1770000010728836
2026-07-15 08:27:36,112.14600372314453,15.916999816894531,0.2460000067949295
2026-07-15 08:32:38,107.30699920654297,13.222000122070312,0.19599999487400055
2026-07-15 08:37:40,136.0019989013672,17.273000717163086,0.3240000009536743
2026-07-15 08:42:42,137.20199584960938,16.874000549316406,0.3190000057220459
2026-07-15 08:47:44,95.18399810791016,13.119000434875488,0.1720000058412552
2026-07-15 08:52:46,112.51399993896484,15.59000015258789,0.24199999868869781
2026-07-15 08:57:49,141.36700439453125,18.250999450683594,0.35600000619888306
2026-07-15 09:02:51,154.76100158691406,20.08300018310547,0.42899999022483826
2026-07-15 09:07:53,112.09600067138672,17.0049991607666,0.2630000114440918
2026-07-15 09:12:55,122.2979965209961,15.97700023651123,0.27000001072883606
2026-07-15 09:17:57,130.5330047607422,17.775999069213867,0.3199999928474426
2026-07-15 09:22:59,131.1269989013672,18.406999588012695,0.3330000042915344
2026-07-15 09:28:01,126.03900146484375,16.893999099731445,0.2939999997615814
2026-07-15 09:33:03,147.17300415039062,18.628999710083008,0.3779999911785126
2026-07-15 09:38:05,160.47999572753906,19.908000946044922,0.4410000145435333
2026-07-15 09:43:07,244.11900329589844,22.017000198364258,0.7419999837875366
2026-07-15 09:48:10,276.7250061035156,24.48699951171875,0.9350000023841858
2026-07-15 09:53:12,213.5590057373047,22.257999420166016,0.656000018119812
2026-07-15 09:58:14,168.3249969482422,21.18400001525879,0.492000013589859
2026-07-15 10:03:16,194.84300231933594,24.059999465942383,0.6470000147819519
2026-07-15 10:08:18,139.11300659179688,18.80699920654297,0.3610000014305115
2026-07-15 10:13:20,152.78599548339844,23.007999420166016,0.48500001430511475
2026-07-15 10:18:22,110.8499984741211,18.895000457763672,0.289000004529953
2026-07-15 10:23:24,76.89099884033203,15.461999893188477,0.164000004529953
2026-07-15 10:28:26,54.608001708984375,10.649999618530273,0.07999999821186066
2026-07-15 10:33:28,42.65599822998047,8.777000427246094,0.052000001072883606
2026-07-15 10:38:31,35.12900161743164,6.840000152587891,0.032999999821186066
2026-07-15 10:43:33,40.207000732421875,6.711999893188477,0.03700000047683716
2026-07-15 10:48:35,65.50599670410156,10.88599967956543,0.09799999743700027
2026-07-15 10:53:37,80.60299682617188,15.126999855041504,0.1679999977350235
2026-07-15 10:58:39,82.7699966430664,14.656000137329102,0.16699999570846558
2026-07-15 11:03:41,74.30599975585938,15.175999641418457,0.15600000321865082
2026-07-15 11:08:43,58.75299835205078,11.48799991607666,0.09300000220537186
2026-07-15 11:13:45,49.48099899291992,8.293000221252441,0.05700000002980232
2026-07-15 11:18:48,41.35499954223633,7.88700008392334,0.04500000178813934
2026-07-15 11:23:50,36.76599884033203,6.9770002365112305,0.03500000014901161
2026-07-15 11:28:52,37.00600051879883,6.758999824523926,0.03500000014901161
2026-07-15 11:33:54,36.66999816894531,8.244999885559082,0.041999999433755875
2026-07-15 11:38:56,38.17599868774414,8.520999908447266,0.04500000178813934
2026-07-15 11:43:58,30.363000869750977,5.889999866485596,0.02500000037252903
2026-07-15 11:49:00,18.679000854492188,1.6959999799728394,0.004000000189989805
2026-07-15 11:54:02,15.76200008392334,0.2639999985694885,0.0010000000474974513
2026-07-15 11:59:04,23.83300018310547,4.359000205993652,0.014000000432133675
2026-07-15 12:04:07,27.35300064086914,4.560999870300293,0.017000000923871994
2026-07-15 12:09:09,43.3489990234375,8.20300006866455,0.04899999871850014
2026-07-15 12:14:11,74.23300170898438,16.246000289916992,0.16599999368190765
2026-07-15 12:19:13,108.52100372314453,17.66200065612793,0.26499998569488525
2026-07-15 12:24:15,88.0530014038086,17.195999145507812,0.20900000631809235
2026-07-15 12:29:17,41.064998626708984,9.486000061035156,0.05400000140070915
2026-07-15 12:34:19,37.48099899291992,6.439000129699707,0.032999999821186066
2026-07-15 12:39:21,58.654998779296875,10.647000312805176,0.0860000029206276
2026-07-15 12:44:23,122.73799896240234,17.606000900268555,0.2980000078678131
2026-07-15 12:49:25,128.4980010986328,19.636999130249023,0.3479999899864197
2026-07-15 12:54:27,125.5469970703125,19.39699935913086,0.335999995470047
2026-07-15 12:59:29,151.16600036621094,22.086000442504883,0.460999995470047
2026-07-15 13:04:32,175.3300018310547,24.173999786376953,0.5849999785423279
2026-07-15 13:09:34,186.41600036621094,23.875,0.6140000224113464
2026-07-15 13:14:36,210.36599731445312,24.381999969482422,0.7080000042915344
2026-07-15 13:19:38,248.86700439453125,26.799999237060547,0.9200000166893005
2026-07-15 13:24:40,170.24600219726562,22.299999237060547,0.5239999890327454
2026-07-15 13:29:42,197.302001953125,22.864999771118164,0.6230000257492065
2026-07-15 13:51:47,195.3780059814453,0.8019999861717224,0.02199999988079071
2026-07-15 13:56:49,170.6060028076172,25.261999130249023,0.5950000286102295
2026-07-15 14:01:51,166.13900756835938,24.948999404907227,0.5720000267028809
2026-07-15 14:06:53,98.75199890136719,18.624000549316406,0.2540000081062317
2026-07-15 14:11:55,88.79299926757812,18.10099983215332,0.22200000286102295
2026-07-15 14:16:57,112.9739990234375,16.24799919128418,0.2529999911785126
2026-07-15 14:21:59,120.802001953125,21.295000076293945,0.35499998927116394
2026-07-15 14:27:01,67.56999969482422,13.831000328063965,0.1289999932050705
2026-07-15 14:32:04,56.3129997253418,11.178999900817871,0.08699999749660492
2026-07-15 14:37:06,66.27200317382812,12.996999740600586,0.11900000274181366
2026-07-15 14:42:08,65.72699737548828,12.98900032043457,0.11800000071525574
2026-07-15 14:47:10,70.15299987792969,13.343000411987305,0.1289999932050705
2026-07-15 14:52:12,105.33699798583984,19.52400016784668,0.2840000092983246
2026-07-15 14:57:14,119.21900177001953,19.801000595092773,0.32600000500679016
2026-07-15 15:02:16,174.8159942626953,22.030000686645508,0.531000018119812
2026-07-15 15:07:18,330.3909912109375,27.451000213623047,1.2519999742507935
2026-07-15 15:12:20,616.0050048828125,32.757999420166016,2.7850000858306885
2026-07-15 15:17:22,448.2650146484375,47.590999603271484,2.944000005722046
2026-07-15 15:22:24,526.416015625,35.308998107910156,2.565000057220459
2026-07-15 15:27:27,503.6619873046875,34.35200119018555,2.388000011444092
2026-07-15 15:32:29,706.051025390625,33.47800064086914,3.26200008392334
2026-07-15 15:37:31,317.7969970703125,32.83700180053711,1.440000057220459
2026-07-15 15:42:33,622.8159790039062,35.02299880981445,3.009999990463257
2026-07-15 15:47:35,634.093994140625,38.68299865722656,3.384999990463257
2026-07-15 15:52:37,475.0419921875,41.42599868774414,2.7160000801086426
2026-07-15 15:57:39,698.3469848632812,37.72200012207031,3.634999990463257
2026-07-15 16:02:41,688.5599975585938,39.50299835205078,3.753999948501587
2026-07-15 16:07:43,325.5450134277344,34.56700134277344,1.5529999732971191
2026-07-15 16:12:45,679.7369995117188,27.819000244140625,2.609999895095825
2026-07-15 16:17:47,739.3670043945312,34.5629997253418,3.5269999504089355
2026-07-15 16:22:50,644.8980102539062,37.00400161743164,3.2929999828338623
2026-07-15 16:27:52,383.9859924316406,37.375999450683594,1.9809999465942383
2026-07-15 16:32:54,541.1500244140625,31.8700008392334,2.380000114440918
2026-07-15 16:37:56,543.9340209960938,34.505001068115234,2.5899999141693115
2026-07-15 16:42:58,369.0830078125,33.28099822998047,1.6950000524520874
2026-07-15 16:48:00,416.3219909667969,33.83100128173828,1.944000005722046
2026-07-15 16:53:02,537.2000122070312,32.61800003051758,2.4179999828338623
2026-07-15 16:58:04,477.8190002441406,34.020999908447266,2.243000030517578
2026-07-15 17:03:06,330.32000732421875,32.025001525878906,1.4600000381469727
2026-07-15 17:08:09,677.4559936523438,32.53300094604492,3.0409998893737793
2026-07-15 17:13:11,613.6110229492188,33.35900115966797,2.825000047683716
2026-07-15 17:18:13,601.2940063476562,31.052000045776367,2.5769999027252197
2026-07-15 17:23:15,556.593994140625,30.97800064086914,2.378999948501587
2026-07-15 17:28:17,535.0029907226562,30.2450008392334,2.2330000400543213
2026-07-15 17:33:19,515.0170288085938,29.947999954223633,2.128000020980835
2026-07-15 17:38:21,463.12200927734375,21.56999969482422,1.378999948501587
2026-07-15 17:43:23,385.5119934082031,29.43000030517578,1.565999984741211
2026-07-15 17:48:26,421.8219909667969,24.115999221801758,1.4040000438690186
2026-07-15 17:53:28,514.875,26.933000564575195,1.9140000343322754
2026-07-15 17:58:30,157.98500061035156,30.28700065612793,0.6600000262260437
2026-07-15 18:03:32,107.67900085449219,26.650999069213867,0.3959999978542328
2026-07-15 18:08:34,114.74099731445312,24.930999755859375,0.39500001072883606
2026-07-15 18:13:36,149.51100158691406,27.64299964904785,0.5699999928474426
2026-07-15 18:18:38,137.0540008544922,49.27299880981445,0.9319999814033508
2026-07-15 18:23:40,131.4219970703125,24.08099937438965,0.43700000643730164
2026-07-15 18:28:43,166.61700439453125,28.160999298095703,0.6480000019073486
2026-07-15 18:33:45,156.76100158691406,25.53499984741211,0.5519999861717224
2026-07-15 18:38:47,141.1540069580078,24.95400047302246,0.4860000014305115
2026-07-15 18:43:49,119.66899871826172,24.034000396728516,0.3970000147819519
2026-07-15 18:48:51,101.45800018310547,20.677000045776367,0.28999999165534973
2026-07-15 18:53:53,82.33799743652344,20.386999130249023,0.23199999332427979
2026-07-15 18:58:55,75.02400207519531,17.799999237060547,0.18400000035762787
2026-07-15 19:03:57,70.17400360107422,18.322999954223633,0.1770000010728836
2026-07-15 19:08:59,66.11000061035156,15.979999542236328,0.1459999978542328
2026-07-15 19:14:01,61.19499969482422,15.847999572753906,0.1340000033378601
2026-07-15 19:19:04,58.79999923706055,14.633999824523926,0.11900000274181366
2026-07-15 19:24:06,56.308998107910156,15.180000305175781,0.11800000071525574
2026-07-15 19:29:08,53.486000061035156,13.024999618530273,0.09600000083446503
2026-07-15 19:34:10,50.22999954223633,13.484999656677246,0.09300000220537186
2026-07-15 19:39:12,45.981998443603516,12.229999542236328,0.07800000160932541
2026-07-15 19:44:14,36.185001373291016,10.083000183105469,0.05000000074505806
2026-07-15 19:49:16,28.319000244140625,7.443999767303467,0.028999999165534973
2026-07-15 19:54:18,23.983999252319336,6.506999969482422,0.02199999988079071
2026-07-15 19:59:20,20.888999938964844,4.271999835968018,0.012000000104308128
2026-07-15 20:04:22,18.576000213623047,1.5490000247955322,0.004000000189989805
2026-07-15 20:09:25,17.235000610351562,1.9600000381469727,0.004999999888241291
2026-07-15 20:14:27,16.350000381469727,1.0809999704360962,0.0020000000949949026
2026-07-15 20:19:29,14.420999526977539,0.3330000042915344,0.0010000000474974513
2026-07-15 20:24:31,12.942000389099121,0.3330000042915344,0.0010000000474974513
2026-07-15 20:29:33,11.371000289916992,0.289000004529953,0.0
2026-07-15 20:34:35,9.741999626159668,0.25600001215934753,0.0
2026-07-15 20:39:37,5.540999889373779,0.3269999921321869,0.0
2026-07-15 20:44:39,4.769999980926514,0.2939999997615814,0.0
2026-07-15 20:49:41,5.513000011444092,0.1979999989271164,0.0
2026-07-15 20:54:43,4.692999839782715,0.27399998903274536,0.0
2026-07-15 20:59:46,3.8380000591278076,0.5699999928474426,0.0
2026-07-15 21:04:48,3.0899999141693115,0.45399999618530273,0.0
2026-07-15 21:09:50,2.010999917984009,0.12300000339746475,0.0
2026-07-15 21:14:52,1.406000018119812,0.28700000047683716,0.0
2026-07-15 21:19:54,0.7950000166893005,0.1340000033378601,0.0
2026-07-16 06:02:49,0.7950000166893005,0.1340000033378601,0.0
2026-07-16 06:07:51,6.855000019073486,0.2750000059604645,0.0
2026-07-16 06:12:53,9.128999710083008,0.2630000114440918,0.0
2026-07-16 06:17:55,11.380999565124512,0.12800000607967377,0.0
2026-07-16 06:22:57,13.946999549865723,0.23600000143051147,0.0
2026-07-16 06:27:59,16.829999923706055,0.2370000034570694,0.0010000000474974513
2026-07-16 06:33:01,19.968000411987305,0.22699999809265137,0.0010000000474974513
2026-07-16 06:38:03,23.527000427246094,1.1080000400543213,0.004000000189989805
2026-07-16 06:43:05,27.038000106811523,3.3410000801086426,0.012000000104308128
2026-07-16 06:48:07,30.202999114990234,4.883999824523926,0.019999999552965164
2026-07-16 06:53:10,33.553001403808594,5.164000034332275,0.024000000208616257
2026-07-16 06:58:12,36.672000885009766,4.947000026702881,0.02500000037252903
2026-07-16 07:03:14,39.35499954223633,6.186999797821045,0.03400000184774399
2026-07-16 07:08:16,42.21900177001953,6.133999824523926,0.035999998450279236
2026-07-16 07:13:18,44.832000732421875,6.9079999923706055,0.0430000014603138
2026-07-16 07:18:20,47.21099853515625,8.265999794006348,0.05400000140070915
2026-07-16 07:23:22,47.42499923706055,7.860000133514404,0.050999999046325684
2026-07-16 07:28:24,44.737998962402344,6.026000022888184,0.03700000047683716
2026-07-16 07:33:26,46.4370002746582,7.578000068664551,0.04899999871850014
2026-07-16 07:38:28,55.1619987487793,9.57800006866455,0.0729999989271164
2026-07-16 07:43:31,57.10200119018555,7.61899995803833,0.05999999865889549
2026-07-16 07:48:33,59.12699890136719,10.14799976348877,0.08299999684095383
2026-07-16 07:53:35,171.58599853515625,3.4790000915527344,0.0820000022649765
2026-07-16 07:58:37,189.1580047607422,3.4709999561309814,0.09099999815225601
2026-07-16 08:03:39,205.41000366210938,3.5369999408721924,0.10000000149011612
2026-07-16 08:08:41,220.33799743652344,9.64799976348877,0.2930000126361847
2026-07-16 08:13:43,235.53799438476562,12.125,0.39399999380111694
2026-07-16 08:18:46,252.56199645996094,13.611000061035156,0.4740000069141388
2026-07-16 08:23:48,269.4020080566406,13.609999656677246,0.5059999823570251
2026-07-16 08:28:50,292.55999755859375,14.005000114440918,0.5649999976158142
2026-07-16 08:33:52,311.489990234375,15.708999633789062,0.675000011920929
2026-07-16 08:38:54,330.3219909667969,16.118999481201172,0.7350000143051147
2026-07-16 08:43:56,346.9259948730469,17.788000106811523,0.8519999980926514
2026-07-16 08:48:58,363.29400634765625,19.54199981689453,0.9800000190734863
2026-07-16 08:54:00,373.4859924316406,20.753999710083008,1.0700000524520874
2026-07-16 08:59:02,378.5299987792969,21.924999237060547,1.1449999809265137
2026-07-16 09:04:05,399.0469970703125,23.632999420166016,1.3009999990463257
2026-07-16 09:09:07,444.86199951171875,22.49799919128418,1.38100004196167
2026-07-16 09:14:09,462.7749938964844,23.736000061035156,1.5160000324249268
2026-07-16 09:19:11,479.75299072265625,23.992000579833984,1.5880000591278076
2026-07-16 09:24:13,497.4419860839844,25.218000411987305,1.7309999465942383
2026-07-16 09:29:15,520.5570068359375,25.865999221801758,1.8580000400543213
2026-07-16 09:34:17,538.0159912109375,26.78700065612793,1.9889999628067017
2026-07-16 09:39:19,572.7340087890625,25.658000946044922,2.0280001163482666
2026-07-16 09:44:21,578.6690063476562,26.5049991607666,2.117000102996826
2026-07-16 09:49:24,573.9219970703125,29.549999237060547,2.3399999141693115
2026-07-16 09:54:26,611.9290161132812,29.301000595092773,2.4739999771118164
2026-07-16 09:59:28,574.4210205078125,29.180999755859375,2.312999963760376
2026-07-16 10:04:30,625.81298828125,30.1299991607666,2.6019999980926514
2026-07-16 10:09:32,632.1510009765625,30.729999542236328,2.680999994277954
2026-07-16 10:14:34,583.6229858398438,32.21900177001953,2.5950000286102295
2026-07-16 10:19:36,645.8610229492188,31.489999771118164,2.806999921798706
2026-07-16 10:24:38,626.0390014648438,31.725000381469727,2.740999937057495
2026-07-16 10:29:40,662.4849853515625,32.457000732421875,2.9670000076293945
2026-07-16 10:34:42,686.5390014648438,32.9640007019043,3.122999906539917
2026-07-16 10:39:45,758.93701171875,33.143001556396484,3.4709999561309814
2026-07-16 10:44:47,692.14599609375,35.70399856567383,3.4100000858306885
2026-07-16 10:49:49,769.0789794921875,34.124000549316406,3.621999979019165
2026-07-16 10:54:51,787.4719848632812,33.52899932861328,3.6440000534057617
2026-07-16 10:59:53,773.7940063476562,35.95100021362305,3.8389999866485596
2026-07-16 11:04:55,785.4010009765625,35.22100067138672,3.816999912261963
2026-07-16 11:09:57,839.927001953125,36.75199890136719,4.260000228881836
2026-07-16 11:14:59,854.8300170898438,36.402000427246094,4.294000148773193
2026-07-16 11:20:02,866.1690063476562,37.83300018310547,4.521999835968018
2026-07-16 11:25:04,910.81298828125,39.2859992980957,4.938000202178955
2026-07-16 11:30:06,930.2990112304688,40.17300033569336,5.1570000648498535
2026-07-16 11:35:08,524.6610107421875,38.93000030517578,2.819000005722046
2026-07-16 11:40:10,875.8930053710938,40.71799850463867,4.921999931335449
2026-07-16 11:45:12,897.2739868164062,41.6609992980957,5.158999919891357
2026-07-16 11:50:14,909.4609985351562,42.48400115966797,5.331999778747559
2026-07-16 11:55:16,927.6110229492188,43.15299987792969,5.52400016784668
2026-07-16 12:00:18,943.6270141601562,43.73899841308594,5.696000099182129
2026-07-16 12:05:20,890.6719970703125,43.8129997253418,5.385000228881836
2026-07-16 12:10:23,914.2490234375,42.26300048828125,5.331999778747559
2026-07-16 12:15:25,908.9550170898438,45.64899826049805,5.72599983215332
2026-07-16 12:20:27,935.8579711914062,43.65299987792969,5.638000011444092
2026-07-16 12:25:29,978.7130126953125,45.3120002746582,6.119999885559082
2026-07-16 12:30:31,959.2979736328125,45.154998779296875,5.978000164031982
2026-07-16 12:35:33,1012.843017578125,46.10900115966797,6.445000171661377
2026-07-16 12:40:35,996.708984375,46.85499954223633,6.445000171661377
2026-07-16 12:45:37,998.405029296875,46.29600143432617,6.379000186920166
2026-07-16 12:50:40,1004.6580200195312,45.59299850463867,6.321000099182129
2026-07-16 12:55:42,1004.6079711914062,46.895999908447266,6.500999927520752
2026-07-16 13:00:44,1005.510986328125,47.57400131225586,6.60099983215332
2026-07-16 13:05:46,890.0819702148438,50.14799880981445,6.159999847412109
2026-07-16 13:10:48,1004.1510009765625,47.909000396728516,6.638999938964844
2026-07-16 13:15:50,1045.7939453125,48.18899917602539,6.954999923706055
2026-07-16 13:20:52,942.5390014648438,31.77199935913086,4.132999897003174
2026-07-16 13:25:54,1016.7379760742188,47.62900161743164,6.683000087738037
2026-07-16 13:30:56,1024.3360595703125,47.36899948120117,6.696000099182129
2026-07-16 13:53:05,903.5659790039062,9.732000350952148,1.2139999866485596
2026-07-16 13:58:07,859.0540161132812,44.387001037597656,5.26200008392334
2026-07-16 14:03:09,916.3060302734375,45.34400177001953,5.734000205993652
2026-07-16 14:08:12,411.82598876953125,40.930999755859375,2.3259999752044678
2026-07-16 14:13:14,355.4330139160156,42.5620002746582,2.0880000591278076
2026-07-16 14:18:16,682.9910278320312,42.56700134277344,4.01200008392334
2026-07-16 14:23:18,520.989990234375,46.04999923706055,3.311000108718872
2026-07-16 14:28:20,364.6719970703125,42.57099914550781,2.1419999599456787
2026-07-16 14:33:22,1047.1700439453125,16.05699920654297,2.319999933242798
2026-07-16 14:38:24,957.8380126953125,44.202999114990234,5.8429999351501465
2026-07-16 14:43:26,667.5349731445312,44.35100173950195,4.085999965667725
2026-07-16 14:48:28,270.25799560546875,39.8380012512207,1.4859999418258667
2026-07-16 14:53:31,377.64300537109375,40.9010009765625,2.131999969482422
2026-07-16 14:58:33,504.5299987792969,39.643001556396484,2.759999990463257
2026-07-16 15:03:35,239.7689971923828,38.86399841308594,1.2860000133514404
2026-07-16 15:08:37,187.48800659179688,36.698001861572266,0.9490000009536743
2026-07-16 15:13:39,212.85699462890625,36.055999755859375,1.059000015258789
2026-07-16 15:18:41,207.76300048828125,31.358999252319336,0.8989999890327454
2026-07-16 15:23:43,224.72500610351562,29.854999542236328,0.9259999990463257
2026-07-16 15:28:45,270.13299560546875,30.07699966430664,1.121000051498413
2026-07-16 15:33:47,330.7950134277344,32.04499816894531,1.4630000591278076
2026-07-16 15:38:50,584.0869750976562,27.31100082397461,2.2009999752044678
2026-07-16 15:43:52,485.0769958496094,39.46200180053711,2.6419999599456787
2026-07-16 15:48:54,918.2009887695312,37.375999450683594,4.736000061035156
2026-07-16 15:53:56,871.3740234375,38.861000061035156,4.672999858856201
2026-07-16 15:58:58,388.9630126953125,42.970001220703125,2.305999994277954
2026-07-16 16:04:00,474.010986328125,38.895999908447266,2.5439999103546143
2026-07-16 16:09:02,411.5469970703125,36.2140007019043,2.056999921798706
2026-07-16 16:14:04,157.96600341796875,36.63100051879883,0.7990000247955322
2026-07-16 16:19:06,119.3759994506836,33.30099868774414,0.5490000247955322
2026-07-16 16:24:09,90.91899871826172,29.298999786376953,0.36800000071525574
2026-07-16 16:29:11,71.64099884033203,25.464000701904297,0.25200000405311584
2026-07-16 16:34:13,72.26100158691406,22.961000442504883,0.2290000021457672
2026-07-16 16:39:15,100.02100372314453,23.42300033569336,0.3230000138282776
2026-07-16 16:44:17,441.57501220703125,16.732999801635742,1.0199999809265137
2026-07-16 16:49:19,504.8269958496094,31.19499969482422,2.1730000972747803
2026-07-16 16:54:21,160.97799682617188,30.281999588012695,0.6729999780654907
2026-07-16 16:59:23,118.29499816894531,26.117000579833984,0.4259999990463257
2026-07-16 17:04:25,87.71900177001953,22.291000366210938,0.27000001072883606
2026-07-16 17:09:27,57.63199996948242,19.17099952697754,0.15199999511241913
2026-07-16 17:14:30,33.77399826049805,13.154999732971191,0.061000000685453415
2026-07-16 17:19:32,25.582000732421875,8.892999649047852,0.03099999949336052
2026-07-16 17:24:34,21.951000213623047,8.255000114440918,0.02500000037252903
2026-07-16 17:29:36,19.489999771118164,7.710999965667725,0.020999999716877937
2026-07-16 17:34:38,7.560999870300293,0.5410000085830688,0.0010000000474974513
2026-07-16 17:39:40,11.324999809265137,0.4350000023841858,0.0010000000474974513
2026-07-16 17:44:42,78.0739974975586,13.293000221252441,0.14300000667572021
2026-07-16 17:49:44,321.0929870605469,24.35700035095215,1.0789999961853027
2026-07-16 17:54:46,218.1439971923828,22.493999481201172,0.6769999861717224
2026-07-16 17:59:48,125.91999816894531,17.924999237060547,0.3109999895095825
2026-07-16 18:04:50,162.82699584960938,14.380000114440918,0.3230000138282776
2026-07-16 18:09:53,285.89300537109375,21.503000259399414,0.8479999899864197
2026-07-16 18:14:55,174.49400329589844,24.452999114990234,0.5889999866485596
2026-07-16 18:19:57,199.1269989013672,35.185001373291016,0.9670000076293945
2026-07-16 18:24:59,183.3489990234375,34.402000427246094,0.8700000047683716
2026-07-16 18:30:01,145.8719940185547,24.68199920654297,0.4970000088214874
2026-07-16 18:35:03,134.63800048828125,18.746000289916992,0.3479999899864197
2026-07-16 18:40:05,135.125,18.30699920654297,0.3409999907016754
2026-07-16 18:45:08,125.39700317382812,16.743000030517578,0.28999999165534973
2026-07-16 18:50:10,115.8479995727539,16.979000091552734,0.2709999978542328
2026-07-16 18:55:12,98.46600341796875,15.638999938964844,0.21299999952316284
2026-07-16 19:00:14,82.72200012207031,13.317999839782715,0.15199999511241913
2026-07-16 19:05:16,73.6780014038086,13.630000114440918,0.13899999856948853
2026-07-16 19:10:18,71.0510025024414,12.78600025177002,0.125
2026-07-16 19:15:20,69.67500305175781,12.09000015258789,0.11599999666213989
2026-07-16 19:20:22,56.54399871826172,11.746999740600586,0.09200000017881393
2026-07-16 19:25:24,49.30500030517578,10.942999839782715,0.07400000095367432
2026-07-16 19:30:26,36.91400146484375,6.888999938964844,0.03500000014901161
2026-07-16 19:35:29,25.364999771118164,5.493000030517578,0.01899999938905239
2026-07-16 19:40:31,14.758999824523926,0.2750000059604645,0.0010000000474974513
2026-07-16 19:45:33,13.49899959564209,0.30799999833106995,0.0010000000474974513
2026-07-16 19:50:35,11.71399974822998,0.2809999883174896,0.0
2026-07-16 19:55:37,11.927000045776367,0.25699999928474426,0.0
2026-07-16 20:00:39,14.857000350952148,0.2329999953508377,0.0
2026-07-16 20:05:41,13.930999755859375,0.20600000023841858,0.0
2026-07-16 20:10:43,10.694999694824219,0.2590000033378601,0.0
2026-07-16 20:15:45,12.048999786376953,0.18700000643730164,0.0
2026-07-16 20:20:48,12.293000221252441,0.2800000011920929,0.0
2026-07-16 20:25:50,7.206999778747559,0.36399999260902405,0.0
2026-07-16 20:30:52,5.848999977111816,0.44200000166893005,0.0
2026-07-16 20:35:54,4.0320000648498535,0.21299999952316284,0.0
2026-07-16 20:40:56,3.4830000400543213,0.4189999997615814,0.0
2026-07-16 20:45:58,5.374000072479248,0.20800000429153442,0.0
2026-07-16 20:51:00,6.71999979019165,0.16899999976158142,0.0
2026-07-16 20:56:02,5.168000221252441,0.2160000056028366,0.0
2026-07-16 21:01:04,5.557000160217285,0.25699999928474426,0.0
2026-07-16 21:06:06,4.448999881744385,0.15700000524520874,0.0
2026-07-16 21:11:09,3.063999891281128,0.027000000700354576,0.0
2026-07-16 21:16:11,2.7149999141693115,0.20800000429153442,0.0
2026-07-16 21:21:13,1.3910000324249268,-0.05700000002980232,0.0
2026-07-17 06:03:00,1.3910000324249268,-0.05700000002980232,0.0
2026-07-17 06:08:02,4.7820000648498535,0.4309999942779541,0.0
2026-07-17 06:13:04,6.039000034332275,0.15600000321865082,0.0
2026-07-17 06:18:06,7.263999938964844,0.21199999749660492,0.0
2026-07-17 06:23:08,9.35099983215332,0.2809999883174896,0.0
2026-07-17 06:28:10,12.303999900817871,0.2409999966621399,0.0
2026-07-17 06:33:12,15.965999603271484,0.26899999380111694,0.0010000000474974513
2026-07-17 06:38:14,20.570999145507812,0.3540000021457672,0.0010000000474974513
2026-07-17 06:43:16,27.02199935913086,3.255000114440918,0.012000000104308128
2026-07-17 06:48:19,30.493999481201172,4.374000072479248,0.017999999225139618
2026-07-17 06:53:21,34.641998291015625,4.763000011444092,0.023000000044703484
2026-07-17 06:58:23,40.24100112915039,5.938000202178955,0.032999999821186066
2026-07-17 07:03:25,46.60300064086914,6.242000102996826,0.03999999910593033
2026-07-17 07:08:27,52.74300003051758,6.054999828338623,0.04399999976158142
2026-07-17 07:13:29,63.03300094604492,9.444999694824219,0.0820000022649765
2026-07-17 07:18:31,79.14299774169922,9.652999877929688,0.10499999672174454
2026-07-17 07:23:33,92.86900329589844,11.21500015258789,0.14399999380111694
2026-07-17 07:28:35,106.15299987792969,12.968000411987305,0.1899999976158142
2026-07-17 07:33:38,95.8489990234375,11.312000274658203,0.15000000596046448
2026-07-17 07:38:40,75.93599700927734,8.770000457763672,0.09200000017881393
2026-07-17 07:43:42,68.72200012207031,9.723999977111816,0.09200000017881393
2026-07-17 07:48:44,64.1969985961914,8.800000190734863,0.07800000160932541
2026-07-17 07:53:46,60.47999954223633,8.840999603271484,0.07400000095367432
2026-07-17 07:58:48,67.81300354003906,8.876999855041504,0.08299999684095383
2026-07-17 08:03:50,76.03199768066406,10.402000427246094,0.10899999737739563
2026-07-17 08:08:52,74.8499984741211,11.425000190734863,0.11800000071525574
2026-07-17 08:13:54,77.68199920654297,12.406999588012695,0.13300000131130219
2026-07-17 08:18:57,65.58200073242188,10.359000205993652,0.09399999678134918
2026-07-17 08:23:59,75.78299713134766,9.866999626159668,0.10300000011920929
2026-07-17 08:29:01,117.66200256347656,12.119999885559082,0.19699999690055847
2026-07-17 08:34:03,292.0979919433594,17.172000885009766,0.6919999718666077
2026-07-17 08:39:05,331.2659912109375,17.78700065612793,0.8130000233650208
2026-07-17 08:44:07,118.68199920654297,14.071000099182129,0.23000000417232513
2026-07-17 08:49:09,310.5459899902344,18.176000595092773,0.7789999842643738
2026-07-17 08:54:12,403.8009948730469,19.466999053955078,1.0850000381469727
2026-07-17 08:59:14,410.8389892578125,20.545000076293945,1.1649999618530273
2026-07-17 09:04:16,430.84100341796875,21.62700080871582,1.2860000133514404
2026-07-17 09:09:18,453.7510070800781,22.559999465942383,1.4129999876022339
2026-07-17 09:14:20,473.885986328125,23.68899917602539,1.5490000247955322
2026-07-17 09:19:22,492.4460144042969,23.711000442504883,1.6109999418258667
2026-07-17 09:24:24,509.4159851074219,25.172000885009766,1.7699999809265137
2026-07-17 09:29:26,526.6740112304688,25.339000701904297,1.8420000076293945
2026-07-17 09:34:28,543.4130249023438,26.089000701904297,1.9559999704360962
2026-07-17 09:39:31,563.0700073242188,26.92300033569336,2.0920000076293945
2026-07-17 09:44:33,579.5250244140625,28.00200080871582,2.239000082015991
2026-07-17 09:49:35,597.6710205078125,28.55699920654297,2.3550000190734863
2026-07-17 09:54:37,613.8790283203125,28.538000106811523,2.4179999828338623
2026-07-17 09:59:39,630.8499755859375,29.107999801635742,2.5339999198913574
2026-07-17 10:04:41,647.8319702148438,29.67099952697754,2.6530001163482666
2026-07-17 10:09:43,662.7750244140625,30.659000396728516,2.803999900817871
2026-07-17 10:14:45,679.2739868164062,30.82900047302246,2.890000104904175
2026-07-17 10:19:47,697.5540161132812,31.47100067138672,3.0299999713897705
2026-07-17 10:24:49,713.1270141601562,32.44599914550781,3.193000078201294
2026-07-17 10:29:52,734.3209838867188,32.98699951171875,3.3429999351501465
2026-07-17 10:34:54,749.2570190429688,33.60200119018555,3.4739999771118164
2026-07-17 10:39:56,765.4509887695312,34.202999114990234,3.61299991607666
2026-07-17 10:44:58,776.302001953125,34.72999954223633,3.7209999561309814
2026-07-17 10:50:00,790.697021484375,35.053001403808594,3.825000047683716
2026-07-17 10:55:02,809.594970703125,35.540000915527344,3.9709999561309814
2026-07-17 11:00:04,820.8709716796875,36.11000061035156,4.091000080108643
2026-07-17 11:05:06,849.8330078125,36.85200119018555,4.322000026702881
2026-07-17 11:10:08,854.2329711914062,37.46900177001953,4.416999816894531
2026-07-17 11:15:11,873.9979858398438,38.26599884033203,4.614999771118164
2026-07-17 11:20:13,897.8560180664062,39.19200134277344,4.855999946594238
2026-07-17 11:25:15,885.6090087890625,39.59000015258789,4.8379998207092285
2026-07-17 11:30:17,900.7429809570312,40.117000579833984,4.986999988555908
2026-07-17 11:35:19,912.8499755859375,40.57500076293945,5.111000061035156
2026-07-17 11:40:21,923.9979858398438,41.19599914550781,5.252999782562256
2026-07-17 11:45:23,935.9660034179688,42.233001708984375,5.454999923706055
2026-07-17 11:50:25,959.6339721679688,42.540000915527344,5.633999824523926
2026-07-17 11:55:27,973.7509765625,43.047000885009766,5.784999847412109
2026-07-17 12:00:30,981.947021484375,43.507999420166016,5.895999908447266
2026-07-17 12:05:32,1002.573974609375,43.50600051879883,6.019000053405762
2026-07-17 12:10:34,992.416015625,44.34299850463867,6.072999954223633
2026-07-17 12:15:36,983.5499877929688,45.14099884033203,6.126999855041504
2026-07-17 12:20:38,988.7570190429688,45.742000579833984,6.241000175476074
2026-07-17 12:25:40,996.4869995117188,46.01599884033203,6.328000068664551
2026-07-17 12:30:42,1001.0650024414062,46.069000244140625,6.363999843597412
2026-07-17 12:35:44,1009.708984375,46.382999420166016,6.4629998207092285
2026-07-17 12:40:46,1013.4630126953125,46.48500061035156,6.500999927520752
2026-07-17 12:45:48,1025.5460205078125,46.97600173950195,6.6479997634887695
2026-07-17 12:50:51,972.6699829101562,48.99100112915039,6.576000213623047
2026-07-17 12:55:53,1038.5140380859375,47.027000427246094,6.739999771118164
2026-07-17 13:00:55,1045.64599609375,47.35200119018555,6.833000183105469
2026-07-17 13:05:57,1047.02197265625,47.61800003051758,6.880000114440918
2026-07-17 13:10:59,1048.824951171875,47.869998931884766,6.928999900817871
2026-07-17 13:16:01,1031.094970703125,47.91899871826172,6.817999839782715
2026-07-17 13:21:03,1050.23095703125,47.19599914550781,6.840000152587891
2026-07-17 13:26:05,1030.8349609375,47.84400177001953,6.806000232696533
2026-07-17 13:31:07,1043.0699462890625,47.51599884033203,6.840000152587891
2026-07-17 13:53:01,1008.4940185546875,10.720999717712402,1.4919999837875366
2026-07-17 13:58:03,1004.4910278320312,45.13800048828125,6.256999969482422
2026-07-17 14:03:05,1006.9669799804688,45.584999084472656,6.335000038146973
2026-07-17 14:08:08,1005.906005859375,45.417999267578125,6.304999828338623
2026-07-17 14:13:10,1000.3889770507812,45.76900100708008,6.318999767303467
2026-07-17 14:18:12,998.5170288085938,45.79800033569336,6.310999870300293
2026-07-17 14:23:14,1031.6180419921875,36.106998443603516,5.139999866485596
2026-07-17 14:28:16,988.5549926757812,6.821000099182129,0.9309999942779541
2026-07-17 14:33:18,973.8259887695312,45.70800018310547,6.14300012588501
2026-07-17 14:38:20,978.7020263671875,44.57699966430664,6.020999908447266
2026-07-17 14:43:22,965.1500244140625,44.92300033569336,5.982999801635742
2026-07-17 14:48:24,966.0800170898438,44.316001892089844,5.9079999923706055
2026-07-17 14:53:27,197.1199951171875,47.3489990234375,1.2879999876022339
2026-07-17 14:58:29,993.8469848632812,43.24100112915039,5.929999828338623
2026-07-17 15:03:31,297.1629943847656,41.229000091552734,1.690999984741211
2026-07-17 15:08:33,956.0460205078125,42.82099914550781,5.650000095367432
2026-07-17 15:13:35,969.5590209960938,41.98899841308594,5.618000030517578
2026-07-17 15:18:37,957.4879760742188,41.805999755859375,5.52400016784668
2026-07-17 15:23:39,963.1820068359375,41.58399963378906,5.5269999504089355
2026-07-17 15:28:41,164.43699645996094,39.582000732421875,0.8980000019073486
2026-07-17 15:33:43,260.1709899902344,38.40999984741211,1.378999948501587
2026-07-17 15:38:46,976.9299926757812,19.20400047302246,2.5889999866485596
2026-07-17 15:43:48,892.2670288085938,39.63800048828125,4.88100004196167
2026-07-17 15:48:50,895.6929931640625,39.34199905395508,4.86299991607666
2026-07-17 15:53:52,877.6320190429688,39.29399871826172,4.758999824523926
2026-07-17 15:58:54,252.83900451660156,134.9010009765625,4.706999778747559
2026-07-17 16:03:56,852.0609741210938,38.486000061035156,4.525000095367432
2026-07-17 16:08:58,158.14199829101562,37.263999938964844,0.8130000233650208
2026-07-17 16:14:00,852.0819702148438,37.279998779296875,4.383999824523926
2026-07-17 16:19:03,484.07501220703125,11.70300006866455,0.7820000052452087
2026-07-17 16:24:05,386.0329895019531,59.926998138427734,3.191999912261963
2026-07-17 16:29:07,682.0689697265625,32.064998626708984,3.0179998874664307
2026-07-17 16:34:09,196.40499877929688,25.52199935913086,0.6919999718666077
2026-07-17 16:39:11,788.1389770507812,34.74800109863281,3.7790000438690186
2026-07-17 16:44:13,733.885986328125,35.13100051879883,3.558000087738037
2026-07-17 16:49:15,739.5059814453125,34.79899978637695,3.5510001182556152
2026-07-17 16:54:17,712.6929931640625,34.09199905395508,3.3529999256134033
2026-07-17 16:59:19,256.822998046875,28.260000228881836,1.0019999742507935
2026-07-17 17:04:22,680.89599609375,34.54199981689453,3.246000051498413
2026-07-17 17:09:24,640.52099609375,33.75,2.9830000400543213
2026-07-17 17:14:26,621.8740234375,33.25400161743164,2.8540000915527344
2026-07-17 17:19:28,612.0079956054688,33.22200012207031,2.805999994277954
2026-07-17 17:24:30,563.6690063476562,32.321998596191406,2.5139999389648438
2026-07-17 17:29:32,546.2030029296875,32.042999267578125,2.4149999618530273
2026-07-17 17:34:34,515.1060180664062,30.5049991607666,2.1679999828338623
2026-07-17 17:39:36,210.70899963378906,70.69599914550781,2.055999994277954
2026-07-17 17:44:39,451.4630126953125,27.44099998474121,1.7100000381469727
2026-07-17 17:49:41,139.781005859375,22.104000091552734,0.4259999990463257
2026-07-17 17:54:43,439.00799560546875,25.972000122070312,1.5729999542236328
2026-07-17 17:59:45,418.2860107421875,25.40399932861328,1.465999960899353
2026-07-17 18:04:47,391.3330078125,24.465999603271484,1.3209999799728394
2026-07-17 18:09:49,361.2179870605469,24.913999557495117,1.2419999837875366
2026-07-17 18:14:51,83.03800201416016,104.44499969482422,1.1970000267028809
2026-07-17 18:19:53,76.98999786376953,99.40299987792969,1.055999994277954
2026-07-17 18:24:55,77.48200225830078,90.9739990234375,0.9729999899864197
2026-07-17 18:29:57,73.46099853515625,76.7490005493164,0.777999997138977
2026-07-17 18:35:00,72.1969985961914,20.795000076293945,0.2070000022649765
2026-07-17 18:40:02,75.74400329589844,19.031999588012695,0.19900000095367432
2026-07-17 18:45:04,74.98999786376953,18.15999984741211,0.18799999356269836
2026-07-17 18:50:06,65.9520034790039,15.25,0.13899999856948853
2026-07-17 18:55:08,66.9990005493164,13.012999534606934,0.11999999731779099
2026-07-17 19:00:10,61.733001708984375,13.614999771118164,0.11599999666213989
2026-07-17 19:05:12,59.19499969482422,12.798999786376953,0.10499999672174454
2026-07-17 19:10:14,58.60100173950195,12.017999649047852,0.09700000286102295
2026-07-17 19:15:17,59.702999114990234,12.607000350952148,0.10400000214576721
2026-07-17 19:20:19,60.345001220703125,11.675000190734863,0.09700000286102295
2026-07-17 19:25:21,61.654998779296875,11.644000053405762,0.0989999994635582
2026-07-17 19:30:23,58.737998962402344,9.98900032043457,0.08100000023841858
2026-07-17 19:35:25,61.499000549316406,10.083000183105469,0.0860000029206276
2026-07-17 19:40:27,55.805999755859375,9.404000282287598,0.07199999690055847
2026-07-17 19:45:29,50.06399917602539,9.963000297546387,0.0689999982714653
2026-07-17 19:50:31,47.4379997253418,8.447999954223633,0.054999999701976776
2026-07-17 19:55:33,46.305999755859375,8.59000015258789,0.054999999701976776
2026-07-17 20:00:35,41.08100128173828,6.923999786376953,0.039000000804662704
2026-07-17 20:05:37,41.54499816894531,8.020000457763672,0.04600000008940697
2026-07-17 20:10:40,41.50199890136719,7.48199987411499,0.0430000014603138
2026-07-17 20:15:42,40.249000549316406,6.296000003814697,0.03500000014901161
2026-07-17 20:20:44,29.503999710083008,4.349999904632568,0.017999999225139618
2026-07-17 20:25:46,19.8700008392334,2.6080000400543213,0.007000000216066837
2026-07-17 20:30:48,17.226999282836914,1.3240000009536743,0.003000000026077032
2026-07-17 20:35:50,16.10099983215332,0.29899999499320984,0.0010000000474974513
2026-07-17 20:40:52,16.503000259399414,0.29899999499320984,0.0010000000474974513
2026-07-17 20:45:54,13.048999786376953,0.34700000286102295,0.0010000000474974513
2026-07-17 20:50:56,10.074999809265137,0.3089999854564667,0.0
2026-07-17 20:55:59,6.848999977111816,0.3100000023841858,0.0
2026-07-17 21:01:01,5.927000045776367,0.1679999977350235,0.0
2026-07-17 21:06:03,9.243000030517578,0.1599999964237213,0.0
2026-07-17 21:11:05,14.152999877929688,0.14900000393390656,0.0
2026-07-17 21:16:07,7.781000137329102,0.1979999989271164,0.0
2026-07-17 21:21:09,1.6319999694824219,0.16300000250339508,0.0
2026-07-18 05:59:07,1.6319999694824219,0.16300000250339508,0.0
2026-07-18 06:04:09,5.241000175476074,0.20000000298023224,0.0
2026-07-18 06:09:11,7.508999824523926,0.21400000154972076,0.0
2026-07-18 06:14:13,11.229999542236328,0.20100000500679016,0.0
2026-07-18 06:19:15,13.626999855041504,0.2409999966621399,0.0
2026-07-18 06:24:17,16.503000259399414,0.2199999988079071,0.0
2026-07-18 06:29:19,18.363000869750977,0.25600001215934753,0.0010000000474974513
2026-07-18 06:34:22,20.672000885009766,0.27000001072883606,0.0010000000474974513
2026-07-18 06:39:24,24.562000274658203,0.9409999847412109,0.003000000026077032
2026-07-18 06:44:26,27.857999801635742,2.5409998893737793,0.009999999776482582
2026-07-18 06:49:28,30.231000900268555,2.9800000190734863,0.012000000104308128
2026-07-18 06:54:30,32.93299865722656,4.2829999923706055,0.01899999938905239
2026-07-18 06:59:32,35.558998107910156,4.2789998054504395,0.020999999716877937
2026-07-18 07:04:34,38.65800094604492,4.51200008392334,0.024000000208616257
2026-07-18 07:09:36,43.518001556396484,5.249000072479248,0.03200000151991844
2026-07-18 07:14:38,49.42399978637695,4.754000186920166,0.03200000151991844
2026-07-18 07:19:41,54.07099914550781,5.927000045776367,0.04399999976158142
2026-07-18 07:24:43,54.85499954223633,5.063000202178955,0.03799999877810478
2026-07-18 07:29:45,61.095001220703125,6.22599983215332,0.052000001072883606
2026-07-18 07:34:47,71.6050033569336,5.931000232696533,0.05900000035762787
2026-07-18 07:39:49,82.62899780273438,7.386000156402588,0.08399999886751175
2026-07-18 07:44:51,88.69499969482422,7.831999778747559,0.09600000083446503
2026-07-18 07:49:53,162.70199584960938,5.025000095367432,0.11299999803304672
2026-07-18 07:54:55,207.60000610351562,3.546999931335449,0.10199999809265137
2026-07-18 07:59:57,219.59100341796875,3.3269999027252197,0.10100000351667404
2026-07-18 08:04:59,243.54100036621094,4.058000087738037,0.13600000739097595
2026-07-18 08:10:02,263.10400390625,10.91100025177002,0.3959999978542328
2026-07-18 08:15:04,274.9410095214844,10.944000244140625,0.41499999165534973
2026-07-18 08:20:06,286.281005859375,11.866000175476074,0.4690000116825104
2026-07-18 08:25:08,302.52099609375,13.064000129699707,0.5450000166893005
2026-07-18 08:30:10,307.24200439453125,13.732999801635742,0.5820000171661377
2026-07-18 08:35:12,324.8710021972656,14.552000045776367,0.6520000100135803
2026-07-18 08:40:14,351.5090026855469,15.840999603271484,0.7680000066757202
2026-07-18 08:45:16,376.3059997558594,16.93899917602539,0.8799999952316284
2026-07-18 08:50:18,388.20599365234375,18.141000747680664,0.972000002861023
2026-07-18 08:55:21,408.1390075683594,19.336000442504883,1.0889999866485596
2026-07-18 09:00:23,424.5350036621094,19.238000869750977,1.1269999742507935
2026-07-18 09:05:25,441.25799560546875,21.36400032043457,1.3009999990463257
2026-07-18 09:10:27,457.84698486328125,21.347000122070312,1.3489999771118164
2026-07-18 09:15:29,476.0870056152344,22.79599952697754,1.4980000257492065
2026-07-18 09:20:31,494.03399658203125,23.900999069213867,1.628999948501587
2026-07-18 09:25:33,505.625,24.545000076293945,1.7130000591278076
2026-07-18 09:30:35,518.4849853515625,25.4060001373291,1.8179999589920044
2026-07-18 09:35:38,548.9190063476562,25.7450008392334,1.9500000476837158
2026-07-18 09:40:40,567.8829956054688,26.46500015258789,2.0739998817443848
2026-07-18 09:45:42,584.3679809570312,27.4950008392334,2.2170000076293945
2026-07-18 09:50:44,596.5230102539062,28.374000549316406,2.3359999656677246
2026-07-18 09:55:46,617.1220092773438,28.42099952697754,2.4200000762939453
2026-07-18 10:00:48,633.031005859375,28.840999603271484,2.5190000534057617
2026-07-18 10:05:50,650.8729858398438,29.724000930786133,2.6700000762939453
2026-07-18 10:10:52,666.7680053710938,30.19099998474121,2.7780001163482666
2026-07-18 10:15:55,687.39697265625,31.118999481201172,2.9519999027252197
2026-07-18 10:20:57,695.9949951171875,31.040000915527344,2.9809999465942383
2026-07-18 10:25:59,715.9249877929688,31.91900062561035,3.1540000438690186
2026-07-18 10:31:01,742.5969848632812,32.5369987487793,3.3340001106262207
2026-07-18 10:36:03,767.9500122070312,32.94900131225586,3.492000102996826
2026-07-18 10:41:05,809.39697265625,33.777000427246094,3.7730000019073486
2026-07-18 10:46:07,807.2570190429688,34.65700149536133,3.8610000610351562
2026-07-18 10:51:09,805.6110229492188,34.305999755859375,3.813999891281128
2026-07-18 10:56:11,801.6640014648438,35.46900177001953,3.9240000247955322
2026-07-18 11:01:14,829.3330078125,35.959999084472656,4.114999771118164
2026-07-18 11:06:16,840.7570190429688,36.04800033569336,4.182000160217285
2026-07-18 11:11:18,853.8380126953125,36.37699890136719,4.285999774932861
2026-07-18 11:16:20,879.3989868164062,37.21500015258789,4.515999794006348
2026-07-18 11:21:22,884.7130126953125,37.02399826049805,4.519999980926514
2026-07-18 11:26:24,894.5369873046875,38.388999938964844,4.738999843597412
2026-07-18 11:31:26,957.9310302734375,38.85900115966797,5.13700008392334
2026-07-18 11:36:28,1004.3930053710938,39.685001373291016,5.500999927520752
2026-07-18 11:41:30,936.7789916992188,40.40399932861328,5.2230000495910645
2026-07-18 11:46:33,945.3140258789062,40.93299865722656,5.340000152587891
2026-07-18 11:51:35,954.0,40.79800033569336,5.370999813079834
2026-07-18 11:56:37,969.47900390625,41.35100173950195,5.5320000648498535
2026-07-18 12:01:39,1017.4219970703125,42.255001068115234,5.933000087738037
2026-07-18 12:06:41,1037.8330078125,42.099998474121094,6.03000020980835
2026-07-18 12:11:43,491.5090026855469,48.52799987792969,3.2920000553131104
2026-07-18 12:16:45,1028.7030029296875,43.367000579833984,6.156000137329102
2026-07-18 12:21:47,1014.197021484375,43.6150016784668,6.104000091552734
2026-07-18 12:26:49,1017.1909790039062,43.79100036621094,6.146999835968018
2026-07-18 12:31:52,1023.6480102539062,44.72999954223633,6.318999767303467
2026-07-18 12:36:54,1030.1390380859375,44.78300094604492,6.366000175476074
2026-07-18 12:41:56,1015.3460083007812,46.04899978637695,6.452000141143799
2026-07-18 12:46:58,1046.9029541015625,45.17399978637695,6.526000022888184
2026-07-18 12:52:00,1045.9820556640625,45.53499984741211,6.572999954223633
2026-07-18 12:57:02,1071.4300537109375,45.93000030517578,6.790999889373779
2026-07-18 13:02:04,1109.239013671875,46.29199981689453,7.085999965667725
2026-07-18 13:07:06,1104.4639892578125,46.0629997253418,7.020999908447266
2026-07-18 13:12:08,1111.0810546875,46.31999969482422,7.1020002365112305
2026-07-18 13:17:11,1096.7979736328125,46.89400100708008,7.0980000495910645
2026-07-18 13:22:13,1117.012939453125,46.4109992980957,7.1539998054504395
2026-07-18 13:27:15,1137.199951171875,45.01300048828125,7.064000129699707
2026-07-18 13:32:17,1128.906005859375,46.7760009765625,7.2870001792907715
2026-07-18 13:54:26,188.218994140625,33.06100082397461,0.859000027179718
2026-07-18 13:59:28,195.20899963378906,31.440000534057617,0.847000002861023
2026-07-18 14:04:30,288.2550048828125,33.76900100708008,1.343000054359436
2026-07-18 14:09:32,1129.2640380859375,41.82899856567383,6.519000053405762
2026-07-18 14:14:35,1155.35595703125,38.130001068115234,6.078999996185303
2026-07-18 14:19:37,1160.4339599609375,39.4739990234375,6.321000099182129
2026-07-18 14:24:39,1079.68603515625,42.45399856567383,6.324999809265137
2026-07-18 14:29:41,1085.89697265625,41.35499954223633,6.197000026702881
2026-07-18 14:34:43,1154.31494140625,43.74300003051758,6.9679999351501465
2026-07-18 14:39:45,1064.593017578125,41.87900161743164,6.1529998779296875
2026-07-18 14:44:47,1054.77001953125,41.935001373291016,6.104000091552734
2026-07-18 14:49:49,1011.3829956054688,42.76100158691406,5.9679999351501465
2026-07-18 14:54:52,1050.6810302734375,41.79199981689453,6.059999942779541
2026-07-18 14:59:54,1013.3099975585938,40.737998962402344,5.697000026702881
2026-07-18 15:04:56,1021.8579711914062,41.25699996948242,5.817999839782715
2026-07-18 15:09:58,983.6409912109375,40.62799835205078,5.514999866485596
2026-07-18 15:15:00,1002.4569702148438,39.858001708984375,5.513999938964844
2026-07-18 15:20:02,1014.6290283203125,40.43000030517578,5.660999774932861
2026-07-18 15:25:04,138.6009979248047,34.9900016784668,0.6690000295639038
2026-07-18 15:30:06,164.2790069580078,31.106000900268555,0.7049999833106995
2026-07-18 15:35:08,333.75799560546875,30.687000274658203,1.4129999876022339
2026-07-18 15:40:10,969.3510131835938,35.869998931884766,4.797999858856201
2026-07-18 15:45:13,345.01800537109375,30.45199966430664,1.4500000476837158
2026-07-18 15:50:15,222.29299926757812,33.81800079345703,1.0369999408721924
2026-07-18 15:55:17,225.75799560546875,34.209999084472656,1.065999984741211
2026-07-18 16:00:19,214.1009979248047,32.18899917602539,0.9509999752044678
2026-07-18 16:05:21,887.3670043945312,36.04899978637695,4.414000034332275
2026-07-18 16:10:23,223.52000427246094,32.516998291015625,1.003000020980835
2026-07-18 16:15:25,179.19500732421875,30.822999954223633,0.7620000243186951
2026-07-18 16:20:27,703.2849731445312,28.111000061035156,2.7279999256134033
2026-07-18 16:25:29,853.3809814453125,33.68899917602539,3.9670000076293945
2026-07-18 16:30:31,162.03399658203125,27.930999755859375,0.625
2026-07-18 16:35:33,143.9250030517578,27.111000061035156,0.5379999876022339
2026-07-18 16:40:36,141.62100219726562,25.983999252319336,0.5080000162124634
2026-07-18 16:45:38,137.7209930419922,22.590999603271484,0.42899999022483826
2026-07-18 16:50:40,129.28700256347656,22.756000518798828,0.4059999883174896
2026-07-18 16:55:42,120.28600311279297,19.979999542236328,0.3319999873638153
2026-07-18 17:00:44,237.9199981689453,17.881000518798828,0.5870000123977661
2026-07-18 17:05:46,165.06100463867188,23.163000106811523,0.527999997138977
2026-07-18 17:10:48,398.6239929199219,9.994999885559082,0.550000011920929
2026-07-18 17:15:50,174.68600463867188,23.839000701904297,0.574999988079071
2026-07-18 17:20:52,549.5430297851562,14.442999839782715,1.0950000286102295
2026-07-18 17:25:54,552.2969970703125,23.356000900268555,1.7799999713897705
2026-07-18 17:30:57,595.552001953125,10.982000350952148,0.902999997138977
2026-07-18 17:35:59,579.4739990234375,25.038999557495117,2.002000093460083
2026-07-18 17:41:01,406.6130065917969,30.76799964904785,1.7259999513626099
2026-07-18 17:46:03,162.23500061035156,23.270000457763672,0.5210000276565552
2026-07-18 17:51:05,126.2030029296875,22.392000198364258,0.38999998569488525
2026-07-18 17:56:07,195.43299865722656,21.945999145507812,0.5920000076293945
2026-07-18 18:01:09,297.2799987792969,14.02299976348877,0.574999988079071
2026-07-18 18:06:11,141.50900268554688,22.256000518798828,0.4350000023841858
2026-07-18 18:11:13,105.71399688720703,21.39299964904785,0.31200000643730164
2026-07-18 18:16:16,112.08699798583984,66.53900146484375,1.0290000438690186
2026-07-18 18:21:18,109.10199737548828,64.61699676513672,0.9729999899864197
2026-07-18 18:26:20,97.79900360107422,52.987998962402344,0.7149999737739563
2026-07-18 18:31:22,106.74299621582031,37.0359992980957,0.5460000038146973
2026-07-18 18:36:24,122.12799835205078,18.827999114990234,0.31700000166893005
2026-07-18 18:41:26,121.62300109863281,19.37299919128418,0.32499998807907104
2026-07-18 18:46:28,132.16200256347656,19.048999786376953,0.34700000286102295
2026-07-18 18:51:30,130.9759979248047,21.226999282836914,0.3840000033378601
2026-07-18 18:56:32,131.1179962158203,20.082000732421875,0.3630000054836273
2026-07-18 19:01:34,111.26599884033203,20.093000411987305,0.3089999854564667
2026-07-18 19:06:37,86.9260025024414,16.457000732421875,0.19699999690055847
2026-07-18 19:11:39,77.94300079345703,15.708999633789062,0.16899999976158142
2026-07-18 19:16:41,72.38099670410156,12.925000190734863,0.1289999932050705
2026-07-18 19:21:43,65.98200225830078,13.291000366210938,0.12099999934434891
2026-07-18 19:26:45,58.96900177001953,11.22599983215332,0.09099999815225601
2026-07-18 19:31:47,58.74100112915039,9.833000183105469,0.07999999821186066
2026-07-18 19:36:49,54.53900146484375,10.468000411987305,0.07900000363588333
2026-07-18 19:41:51,40.89899826049805,9.574000358581543,0.05400000140070915
2026-07-18 19:46:53,35.3849983215332,7.6519999504089355,0.03700000047683716
2026-07-18 19:51:56,36.737998962402344,6.206999778747559,0.03099999949336052
2026-07-18 19:56:58,35.81100082397461,7.320000171661377,0.035999998450279236
2026-07-18 20:02:00,33.965999603271484,7.934000015258789,0.03700000047683716
2026-07-18 20:07:02,27.861000061035156,5.039000034332275,0.01899999938905239
2026-07-18 20:12:04,26.187000274658203,5.636000156402588,0.019999999552965164
2026-07-18 20:17:06,22.670000076293945,3.628999948501587,0.010999999940395355
2026-07-18 20:22:08,21.694000244140625,4.754000186920166,0.014000000432133675
2026-07-18 20:27:10,19.601999282836914,4.00600004196167,0.010999999940395355
2026-07-18 20:32:12,19.239999771118164,2.742000102996826,0.007000000216066837
2026-07-18 20:37:15,17.684999465942383,1.225000023841858,0.003000000026077032
2026-07-18 20:42:17,15.553999900817871,0.4050000011920929,0.0010000000474974513
2026-07-18 20:47:19,13.359999656677246,0.289000004529953,0.0010000000474974513
2026-07-18 20:52:21,11.211000442504883,0.33000001311302185,0.0010000000474974513
2026-07-18 20:57:23,9.057999610900879,0.3009999990463257,0.0
2026-07-18 21:02:25,7.058000087738037,0.3009999990463257,0.0
2026-07-18 21:07:27,4.8420000076293945,0.35600000619888306,0.0
2026-07-18 21:12:29,3.2309999465942383,0.5410000085830688,0.0
2026-07-18 21:17:31,2.1740000247955322,0.19699999690055847,0.0
2026-07-18 21:22:34,1.2269999980926514,0.11599999666213989,0.0
2026-07-19 06:00:16,1.2269999980926514,0.11599999666213989,0.0
2026-07-19 06:05:18,4.715000152587891,0.3019999861717224,0.0
2026-07-19 06:10:21,6.941999912261963,0.27399998903274536,0.0
2026-07-19 06:15:23,9.26200008392334,0.23899999260902405,0.0
2026-07-19 06:20:25,11.935999870300293,0.29899999499320984,0.0
2026-07-19 06:25:27,14.944000244140625,0.26899999380111694,0.0010000000474974513
2026-07-19 06:30:29,18.038999557495117,0.20200000703334808,0.0010000000474974513
2026-07-19 06:35:31,22.01799964904785,0.23899999260902405,0.0010000000474974513
2026-07-19 06:40:33,26.283000946044922,1.2979999780654907,0.004999999888241291
2026-07-19 06:45:35,29.655000686645508,2.3519999980926514,0.009999999776482582
2026-07-19 06:50:37,32.439998626708984,3.559000015258789,0.01600000075995922
2026-07-19 06:55:39,35.20899963378906,2.986999988555908,0.014999999664723873
2026-07-19 07:00:41,39.71900177001953,4.144999980926514,0.023000000044703484
2026-07-19 07:05:44,42.196998596191406,4.743000030517578,0.02800000086426735
2026-07-19 07:10:46,45.38999938964844,5.038000106811523,0.03200000151991844
2026-07-19 07:15:48,48.31800079345703,5.4120001792907715,0.035999998450279236
2026-07-19 07:20:50,50.983001708984375,4.723999977111816,0.032999999821186066
2026-07-19 07:25:52,54.95100021362305,6.321000099182129,0.04800000041723251
2026-07-19 07:30:54,58.76300048828125,6.054999828338623,0.04899999871850014
2026-07-19 07:35:56,63.3390007019043,7.0370001792907715,0.06199999898672104
2026-07-19 07:40:58,67.68900299072266,7.769000053405762,0.0729999989271164
2026-07-19 07:46:00,71.31700134277344,7.60699987411499,0.07500000298023224
2026-07-19 07:51:03,160.8730010986328,3.9600000381469727,0.08799999952316284
2026-07-19 07:56:05,174.71099853515625,4.438000202178955,0.10700000077486038
2026-07-19 08:01:07,178.197998046875,5.020999908447266,0.12300000339746475
2026-07-19 08:06:09,201.9199981689453,7.045000076293945,0.19599999487400055
2026-07-19 08:11:11,193.05299377441406,8.680999755859375,0.23100000619888306
2026-07-19 08:16:13,220.6510009765625,10.116000175476074,0.30799999833106995
2026-07-19 08:21:15,178.48500061035156,11.770999908447266,0.28999999165534973
2026-07-19 08:26:17,137.76199340820312,13.291000366210938,0.2529999911785126
2026-07-19 08:31:20,118.58699798583984,11.871999740600586,0.1940000057220459
2026-07-19 08:36:22,123.91300201416016,12.958000183105469,0.22200000286102295
2026-07-19 08:41:24,126.1050033569336,14.038999557495117,0.24400000274181366
2026-07-19 08:46:26,115.10399627685547,13.420000076293945,0.21299999952316284
2026-07-19 08:51:28,125.04000091552734,13.711999893188477,0.2370000034570694
2026-07-19 08:56:30,132.49099731445312,13.824000358581543,0.2529999911785126
2026-07-19 09:01:32,284.7659912109375,16.35700035095215,0.6430000066757202
2026-07-19 09:06:34,136.39100646972656,15.29800033569336,0.2879999876022339
2026-07-19 09:11:36,141.36900329589844,15.12399959564209,0.29499998688697815
2026-07-19 09:16:38,170.04299926757812,17.44700050354004,0.4090000092983246
2026-07-19 09:21:41,433.89898681640625,20.020999908447266,1.1990000009536743
2026-07-19 09:26:43,479.0580139160156,20.40999984741211,1.3489999771118164
2026-07-19 09:31:45,511.89300537109375,22.408000946044922,1.5829999446868896
2026-07-19 09:36:47,537.7050170898438,19.76300048828125,1.465999960899353
2026-07-19 09:41:49,559.8099975585938,23.260000228881836,1.7970000505447388
2026-07-19 09:46:51,580.9810180664062,24.4060001373291,1.9570000171661377
2026-07-19 09:51:53,576.3679809570312,25.134000778198242,1.9989999532699585
2026-07-19 09:56:55,572.093994140625,25.708999633789062,2.0299999713897705
2026-07-19 10:01:57,604.656005859375,26.284000396728516,2.193000078201294
2026-07-19 10:06:59,644.5460205078125,27.04400062561035,2.4059998989105225
2026-07-19 10:12:02,414.9259948730469,26.20199966430664,1.5
2026-07-19 10:17:04,274.114013671875,27.632999420166016,1.0449999570846558
2026-07-19 10:22:06,655.0330200195312,27.674999237060547,2.502000093460083
2026-07-19 10:27:08,678.02099609375,29.35300064086914,2.746000051498413
2026-07-19 10:32:10,690.7570190429688,28.92300033569336,2.756999969482422
2026-07-19 10:37:12,712.9439697265625,29.66900062561035,2.9189999103546143
2026-07-19 10:42:14,732.9650268554688,30.7810001373291,3.114000082015991
2026-07-19 10:47:16,705.6389770507812,31.599000930786133,3.0769999027252197
2026-07-19 10:52:18,736.7659912109375,31.39699935913086,3.191999912261963
2026-07-19 10:57:21,763.4450073242188,31.71500015258789,3.3410000801086426
2026-07-19 11:02:23,771.9730224609375,32.5260009765625,3.4649999141693115
2026-07-19 11:07:25,791.5700073242188,32.75199890136719,3.578000068664551
2026-07-19 11:12:27,801.072021484375,33.244998931884766,3.674999952316284
2026-07-19 11:17:29,828.0020141601562,34.13999938964844,3.9010000228881836
2026-07-19 11:22:31,837.4990234375,35.0,4.045000076293945
2026-07-19 11:27:33,855.7030029296875,35.512001037597656,4.192999839782715
2026-07-19 11:32:35,883.0859985351562,35.69300079345703,4.349999904632568
2026-07-19 11:37:38,958.0689697265625,36.64799880981445,4.84499979019165
2026-07-19 11:42:40,959.7219848632812,37.084999084472656,4.9120001792907715
2026-07-19 11:47:42,981.9149780273438,37.8390007019043,5.126999855041504
2026-07-19 11:52:44,219.31399536132812,34.987998962402344,1.059000015258789
2026-07-19 11:57:46,217.54100036621094,28.797000885009766,0.8640000224113464
2026-07-19 12:02:48,634.510009765625,56.05799865722656,4.908999919891357
2026-07-19 12:07:50,996.198974609375,38.16999816894531,5.247000217437744
2026-07-19 12:12:52,1025.4659423828125,39.034000396728516,5.52400016784668
2026-07-19 12:17:54,989.031982421875,39.97700119018555,5.455999851226807
2026-07-19 12:22:57,994.5670166015625,40.986000061035156,5.625
2026-07-19 12:27:59,1021.5679931640625,40.518001556396484,5.711999893188477
2026-07-19 12:33:01,1050.446044921875,41.47100067138672,6.01200008392334
2026-07-19 12:38:03,1100.08203125,42.02399826049805,6.380000114440918
2026-07-19 12:43:05,423.45098876953125,64.65299987792969,3.7780001163482666
2026-07-19 12:48:07,686.3250122070312,56.763999938964844,5.375999927520752
2026-07-19 12:53:09,1010.1129760742188,42.76499938964844,5.960999965667725
2026-07-19 12:58:11,1014.2540283203125,42.78300094604492,5.98799991607666
2026-07-19 13:03:13,1064.135009765625,42.51499938964844,6.243000030517578
2026-07-19 13:08:16,257.9110107421875,43.5890007019043,1.5509999990463257
2026-07-19 13:13:18,337.5060119628906,46.17900085449219,2.1510000228881836
2026-07-19 13:18:20,1040.8389892578125,42.39099884033203,6.089000225067139
2026-07-19 13:23:22,1020.2670288085938,43.180999755859375,6.079999923706055
2026-07-19 13:28:24,1033.8179931640625,42.75299835205078,6.098999977111816
2026-07-19 13:33:26,294.5950012207031,41.88999938964844,1.7029999494552612
2026-07-19 13:55:39,1076.387939453125,33.53300094604492,4.980999946594238
2026-07-19 14:00:41,1038.467041015625,41.77299880981445,5.986000061035156
2026-07-19 14:05:43,169.22999572753906,37.0099983215332,0.8640000224113464
2026-07-19 14:10:45,209.90899658203125,36.3650016784668,1.0529999732971191
2026-07-19 14:15:47,245.41700744628906,38.229000091552734,1.2949999570846558
2026-07-19 14:20:49,177.11300659179688,36.64099884033203,0.8960000276565552
2026-07-19 14:25:52,1046.219970703125,40.08599853515625,5.788000106811523
2026-07-19 14:30:54,965.1859741210938,41.10200119018555,5.474999904632568
2026-07-19 14:35:56,180.53900146484375,36.290000915527344,0.9039999842643738
2026-07-19 14:40:58,1012.3909912109375,39.165000915527344,5.4720001220703125
2026-07-19 14:46:00,982.4569702148438,39.983001708984375,5.421000003814697
2026-07-19 14:51:02,262.2380065917969,37.86899948120117,1.3700000047683716
2026-07-19 14:56:04,191.49000549316406,32.48099899291992,0.8579999804496765
2026-07-19 15:01:06,1007.10400390625,38.224998474121094,5.313000202178955
2026-07-19 15:06:08,372.4530029296875,42.542999267578125,2.187000036239624
2026-07-19 15:11:11,153.1750030517578,30.808000564575195,0.6510000228881836
2026-07-19 15:16:13,162.7689971923828,29.19099998474121,0.656000018119812
2026-07-19 15:21:15,257.3970031738281,33.62900161743164,1.1950000524520874
2026-07-19 15:26:17,513.7069702148438,36.957000732421875,2.619999885559082
2026-07-19 15:31:19,160.375,31.70400047302246,0.7020000219345093
2026-07-19 15:36:21,173.2270050048828,30.381000518798828,0.7260000109672546
2026-07-19 15:41:23,397.572998046875,25.753000259399414,1.4129999876022339
2026-07-19 15:46:25,870.3629760742188,35.055999755859375,4.210999965667725
2026-07-19 15:51:27,520.4530029296875,56.35300064086914,4.046999931335449
2026-07-19 15:56:30,641.4819946289062,46.75199890136719,4.138999938964844
2026-07-19 16:01:32,791.5499877929688,38.19900131225586,4.172999858856201
2026-07-19 16:06:34,809.35400390625,34.465999603271484,3.8499999046325684
2026-07-19 16:11:36,194.7449951171875,34.058998107910156,0.9150000214576721
2026-07-19 16:16:38,786.375,33.85900115966797,3.6740000247955322
2026-07-19 16:21:40,795.4190063476562,33.79800033569336,3.7100000381469727
2026-07-19 16:26:42,782.8159790039062,33.500999450683594,3.61899995803833
2026-07-19 16:31:44,757.0670166015625,34.02899932861328,3.555000066757202
2026-07-19 16:36:46,727.22900390625,34.202999114990234,3.433000087738037
2026-07-19 16:41:48,706.155029296875,34.12200164794922,3.325000047683716
2026-07-19 16:46:50,684.843017578125,33.75600051879883,3.190000057220459
2026-07-19 16:51:52,669.7169799804688,32.96500015258789,3.046999931335449
2026-07-19 16:56:55,649.9769897460938,32.71200180053711,2.934000015258789
2026-07-19 17:01:57,647.0250244140625,32.95800018310547,2.943000078201294
2026-07-19 17:06:59,612.0640258789062,32.209999084472656,2.7209999561309814
2026-07-19 17:12:01,605.2069702148438,31.974000930786133,2.6700000762939453
2026-07-19 17:17:03,583.2639770507812,31.524999618530273,2.5369999408721924
2026-07-19 17:22:05,541.7849731445312,30.613000869750977,2.2890000343322754
2026-07-19 17:27:07,518.31298828125,30.492000579833984,2.180999994277954
2026-07-19 17:32:09,506.74700927734375,29.868999481201172,2.0889999866485596
2026-07-19 17:37:11,487.9330139160156,28.115999221801758,1.8930000066757202
2026-07-19 17:42:14,469.52899169921875,28.086999893188477,1.8200000524520874
2026-07-19 17:47:16,440.0429992675781,27.389999389648438,1.6629999876022339
2026-07-19 17:52:18,419.0260009765625,26.934999465942383,1.5579999685287476
2026-07-19 17:57:20,393.2309875488281,26.496999740600586,1.437999963760376
2026-07-19 18:02:22,370.510009765625,25.12299919128418,1.284999966621399
2026-07-19 18:07:24,350.53900146484375,25.052000045776367,1.2120000123977661
2026-07-19 18:12:26,305.25299072265625,26.27400016784668,1.1069999933242798
2026-07-19 18:17:28,89.75299835205078,83.3219985961914,1.031999945640564
2026-07-19 18:22:30,86.9280014038086,79.96800231933594,0.9589999914169312
2026-07-19 18:27:32,83.9739990234375,73.78199768066406,0.8550000190734863
2026-07-19 18:32:35,80.49800109863281,47.59400177001953,0.5289999842643738
2026-07-19 18:37:37,77.89099884033203,20.608999252319336,0.22200000286102295
2026-07-19 18:42:39,76.90899658203125,19.43199920654297,0.20600000023841858
2026-07-19 18:47:41,75.04199981689453,15.937000274658203,0.16500000655651093
2026-07-19 18:52:43,72.16000366210938,14.78499984741211,0.1469999998807907
2026-07-19 18:57:45,68.76100158691406,13.71500015258789,0.12999999523162842
2026-07-19 19:02:47,65.68199920654297,12.371999740600586,0.1120000034570694
2026-07-19 19:07:49,63.207000732421875,11.847000122070312,0.10300000011920929
2026-07-19 19:12:51,61.047000885009766,12.1899995803833,0.10300000011920929
2026-07-19 19:17:53,58.62200164794922,11.824999809265137,0.09600000083446503
2026-07-19 19:22:56,56.57699966430664,9.887999534606934,0.07699999958276749
2026-07-19 19:27:58,54.577999114990234,9.904000282287598,0.07500000298023224
2026-07-19 19:33:00,52.417999267578125,9.333000183105469,0.06800000369548798
2026-07-19 19:38:02,50.62099838256836,9.234999656677246,0.06499999761581421
2026-07-19 19:43:04,48.42100143432617,8.281999588012695,0.054999999701976776
2026-07-19 19:48:06,45.70199966430664,8.805000305175781,0.0560000017285347
2026-07-19 19:53:08,43.20899963378906,8.98900032043457,0.05400000140070915
2026-07-19 19:58:10,41.1150016784668,7.269000053405762,0.04100000113248825
2026-07-19 20:03:13,38.50699996948242,6.250999927520752,0.032999999821186066
2026-07-19 20:08:15,36.05500030517578,5.376999855041504,0.027000000700354576
2026-07-19 20:13:17,33.28499984741211,4.488999843597412,0.020999999716877937
2026-07-19 20:18:19,29.549999237060547,5.853000164031982,0.024000000208616257
2026-07-19 20:23:21,26.413999557495117,5.065999984741211,0.017999999225139618
2026-07-19 20:28:23,23.961000442504883,3.0369999408721924,0.009999999776482582
2026-07-19 20:33:25,21.367000579833984,2.4760000705718994,0.007000000216066837
2026-07-19 20:38:27,18.639999389648438,0.6859999895095825,0.0020000000949949026
2026-07-19 20:43:30,15.78499984741211,0.3479999899864197,0.0010000000474974513
2026-07-19 20:48:32,13.152000427246094,0.2930000126361847,0.0010000000474974513
2026-07-19 20:53:34,10.454999923706055,0.3630000054836273,0.0010000000474974513
2026-07-19 20:58:36,8.02299976348877,0.48399999737739563,0.0010000000474974513
2026-07-19 21:03:38,4.724999904632568,0.5180000066757202,0.0
2026-07-19 21:08:40,2.9739999771118164,0.5289999842643738,0.0
2026-07-19 21:13:42,1.656999945640564,0.6970000267028809,0.0
2026-07-19 21:18:44,0.6240000128746033,0.4779999852180481,0.0
2026-07-20 06:01:18,0.6240000128746033,0.4779999852180481,0.0
2026-07-20 06:06:20,4.881999969482422,0.14100000262260437,0.0
2026-07-20 06:11:22,7.010000228881836,0.12700000405311584,0.0
2026-07-20 06:16:24,8.911999702453613,0.23399999737739563,0.0
2026-07-20 06:21:26,11.178999900817871,0.13500000536441803,0.0
2026-07-20 06:26:28,13.991000175476074,0.18799999356269836,0.0
2026-07-20 06:31:30,17.95400047302246,0.22200000286102295,0.0010000000474974513
2026-07-20 06:36:33,21.152999877929688,0.25999999046325684,0.0010000000474974513
2026-07-20 06:41:35,24.117000579833984,0.5,0.0020000000949949026
2026-07-20 06:46:37,24.663000106811523,1.6799999475479126,0.006000000052154064
2026-07-20 06:51:39,26.847000122070312,1.934999942779541,0.007000000216066837
2026-07-20 06:56:41,28.190000534057617,2.6570000648498535,0.009999999776482582
2026-07-20 07:01:43,33.04499816894531,3.183000087738037,0.014999999664723873
2026-07-20 07:06:45,36.237998962402344,4.151000022888184,0.020999999716877937
2026-07-20 07:11:47,38.90700149536133,3.257999897003174,0.017000000923871994
2026-07-20 07:16:49,40.689998626708984,4.184999942779541,0.023000000044703484
2026-07-20 07:21:51,42.67399978637695,4.179999828338623,0.02500000037252903
2026-07-20 07:26:54,44.084999084472656,4.669000148773193,0.02800000086426735
2026-07-20 07:31:56,45.72600173950195,5.1620001792907715,0.032999999821186066
2026-07-20 07:36:58,50.18299865722656,4.810999870300293,0.032999999821186066
2026-07-20 07:42:00,53.71200180053711,5.502999782562256,0.04100000113248825
2026-07-20 07:47:02,61.766998291015625,4.349999904632568,0.03700000047683716
2026-07-20 07:52:04,138.1739959716797,2.2219998836517334,0.041999999433755875
2026-07-20 07:57:06,188.38600158691406,1.5729999542236328,0.04100000113248825
2026-07-20 08:02:08,208.7429962158203,1.9290000200271606,0.0560000017285347
2026-07-20 08:07:10,226.5489959716797,7.203999996185303,0.22499999403953552
2026-07-20 08:12:13,245.125,7.686999797821045,0.25999999046325684
2026-07-20 08:17:15,263.99700927734375,8.092000007629395,0.29499998688697815
2026-07-20 08:22:17,282.8710021972656,9.852999687194824,0.38499999046325684
2026-07-20 08:27:19,301.1839904785156,10.857000350952148,0.45100000500679016
2026-07-20 08:32:21,320.9939880371094,12.081000328063965,0.5350000262260437
2026-07-20 08:37:23,334.3999938964844,13.083000183105469,0.6039999723434448
2026-07-20 08:42:25,356.4530029296875,14.050999641418457,0.6909999847412109
2026-07-20 08:47:27,376.9679870605469,15.76099967956543,0.8199999928474426
2026-07-20 08:52:29,396.3340148925781,16.4950008392334,0.9020000100135803
2026-07-20 08:57:32,419.1679992675781,17.285999298095703,1.0
2026-07-20 09:02:34,439.3909912109375,18.219999313354492,1.1050000190734863
2026-07-20 09:07:36,460.6449890136719,19.360000610351562,1.2309999465942383
2026-07-20 09:12:38,480.7699890136719,19.73699951171875,1.309000015258789
2026-07-20 09:17:40,502.7149963378906,20.923999786376953,1.4520000219345093
2026-07-20 09:22:42,520.4710083007812,21.29599952697754,1.5299999713897705
2026-07-20 09:27:44,539.1220092773438,21.826000213623047,1.6239999532699585
2026-07-20 09:32:46,558.552978515625,22.898000717163086,1.7649999856948853
2026-07-20 09:37:49,578.5369873046875,23.39299964904785,1.8680000305175781
2026-07-20 09:42:51,599.52197265625,24.312000274658203,2.010999917984009
2026-07-20 09:47:53,618.9530029296875,24.724000930786133,2.111999988555908
2026-07-20 09:52:55,635.3690185546875,25.200000762939453,2.2100000381469727
2026-07-20 09:57:57,652.593994140625,26.229000091552734,2.361999988555908
2026-07-20 10:02:59,670.6699829101562,26.91200065612793,2.490999937057495
2026-07-20 10:08:01,686.4569702148438,27.607999801635742,2.615000009536743
2026-07-20 10:13:03,703.8460083007812,28.41699981689453,2.759999990463257
2026-07-20 10:18:05,721.5650024414062,28.533000946044922,2.8410000801086426
2026-07-20 10:23:08,740.47802734375,29.356000900268555,3.0
2026-07-20 10:28:10,754.6259765625,30.135000228881836,3.138000011444092
2026-07-20 10:33:12,771.6339721679688,30.861000061035156,3.2860000133514404
2026-07-20 10:38:14,788.9500122070312,31.55500030517578,3.436000108718872
2026-07-20 10:43:16,804.2219848632812,32.233001708984375,3.5769999027252197
2026-07-20 10:48:18,822.708984375,32.6879997253418,3.7109999656677246
2026-07-20 10:53:20,837.0239868164062,33.141998291015625,3.828000068664551
2026-07-20 10:58:22,853.14501953125,33.89500045776367,3.990999937057495
2026-07-20 11:03:24,868.4500122070312,34.005001068115234,4.074999809265137
2026-07-20 11:08:27,881.8319702148438,34.499000549316406,4.197999954223633
2026-07-20 11:13:29,892.4619750976562,35.10100173950195,4.322999954223633
2026-07-20 11:18:31,906.39697265625,35.8380012512207,4.482999801635742
2026-07-20 11:23:33,916.552001953125,36.724998474121094,4.644999980926514
2026-07-20 11:28:35,927.6729736328125,36.74300003051758,4.703999996185303
2026-07-20 11:33:37,939.6799926757812,38.108001708984375,4.941999912261963
2026-07-20 11:38:39,950.5260009765625,38.58700180053711,5.061999797821045
2026-07-20 11:43:41,961.9130249023438,38.80799865722656,5.151000022888184
2026-07-20 11:48:43,971.5759887695312,39.779998779296875,5.334000110626221
2026-07-20 11:53:45,980.6380004882812,40.39899826049805,5.4670000076293945
2026-07-20 11:58:48,990.760986328125,40.678001403808594,5.561999797821045
2026-07-20 12:03:50,999.5360107421875,41.095001220703125,5.668000221252441
2026-07-20 12:08:52,1008.698974609375,41.41400146484375,5.764999866485596
2026-07-20 12:13:54,1015.5570068359375,41.849998474121094,5.864999771118164
2026-07-20 12:18:56,1023.3900146484375,42.49599838256836,6.001999855041504
2026-07-20 12:23:58,1026.616943359375,42.87799835205078,6.074999809265137
2026-07-20 12:29:00,1033.052001953125,43.02899932861328,6.133999824523926
2026-07-20 12:34:02,1039.06201171875,42.930999755859375,6.156000137329102
2026-07-20 12:39:04,1038.864990234375,43.25,6.199999809265137
2026-07-20 12:44:07,1043.3260498046875,43.944000244140625,6.327000141143799
2026-07-20 12:49:09,1048.14404296875,43.55699920654297,6.300000190734863
2026-07-20 12:54:11,1048.862060546875,43.96699905395508,6.363999843597412
2026-07-20 12:59:13,1050.3719482421875,44.35300064086914,6.428999900817871
2026-07-20 13:04:15,1050.5689697265625,44.191001892089844,6.4070000648498535
2026-07-20 13:09:17,1046.093994140625,44.81700134277344,6.46999979019165
2026-07-20 13:14:19,1046.77001953125,44.875,6.48199987411499
2026-07-20 13:19:21,1045.4150390625,45.06999969482422,6.501999855041504
2026-07-20 13:24:23,1044.802001953125,44.191001892089844,6.372000217437744
2026-07-20 13:29:26,1046.06201171875,44.845001220703125,6.473999977111816
2026-07-20 13:52:29,1032.3609619140625,44.27399826049805,6.308000087738037
2026-07-20 13:57:31,1029.677978515625,44.12200164794922,6.269000053405762
2026-07-20 14:02:34,1027.9200439453125,43.915000915527344,6.229000091552734
2026-07-20 14:07:36,1023.781005859375,43.48500061035156,6.144000053405762
2026-07-20 14:12:38,1024.9000244140625,43.32600021362305,6.127999782562256
2026-07-20 14:17:40,1019.4099731445312,43.5880012512207,6.131999969482422
2026-07-20 14:22:42,1007.6179809570312,43.25600051879883,6.014999866485596
2026-07-20 14:27:44,1007.7429809570312,42.90399932861328,5.9670000076293945
2026-07-20 14:32:46,1004.5650024414062,42.10499954223633,5.836999893188477
2026-07-20 14:37:48,996.56201171875,42.08000183105469,5.7870001792907715
2026-07-20 14:42:50,990.3109741210938,41.62300109863281,5.688000202178955
2026-07-20 14:47:52,985.9450073242188,40.9739990234375,5.574999809265137
2026-07-20 14:52:54,975.5150146484375,40.58300018310547,5.4629998207092285
2026-07-20 14:57:57,965.2659912109375,40.417999267578125,5.383999824523926
2026-07-20 15:02:59,957.656005859375,39.87799835205078,5.269999980926514
2026-07-20 15:08:01,945.1890258789062,39.702999114990234,5.178999900817871
2026-07-20 15:13:03,937.4639892578125,39.069000244140625,5.053999900817871
2026-07-20 15:18:05,925.7119750976562,38.755001068115234,4.951000213623047
2026-07-20 15:23:07,915.2689819335938,38.52799987792969,4.866000175476074
2026-07-20 15:28:09,900.7440185546875,38.025001525878906,4.7270002365112305
2026-07-20 15:33:12,887.9310302734375,37.90299987792969,4.644000053405762
2026-07-20 15:38:14,878.4210205078125,37.4640007019043,4.540999889373779
2026-07-20 15:43:16,859.7919921875,37.492000579833984,4.447999954223633
2026-07-20 15:48:18,844.5230102539062,36.823001861572266,4.290999889373779
2026-07-20 15:53:20,835.2750244140625,36.61399841308594,4.21999979019165
2026-07-20 15:58:22,824.8709716796875,36.117000579833984,4.111000061035156
2026-07-20 16:03:24,806.2739868164062,36.17399978637695,4.025000095367432
2026-07-20 16:08:26,794.8300170898438,35.66299819946289,3.9119999408721924
2026-07-20 16:13:28,782.2310180664062,35.07899856567383,3.7869999408721924
2026-07-20 16:18:31,771.93798828125,34.50299835205078,3.674999952316284
2026-07-20 16:23:33,753.7230224609375,33.887001037597656,3.5250000953674316
2026-07-20 16:28:35,741.5130004882812,33.50600051879883,3.428999900817871
2026-07-20 16:33:37,712.1010131835938,33.58399963378906,3.299999952316284
2026-07-20 16:38:39,697.5910034179688,33.15800094604492,3.191999912261963
2026-07-20 16:43:41,689.0880126953125,32.75600051879883,3.115000009536743
2026-07-20 16:48:43,669.06298828125,32.3650016784668,2.98799991607666
2026-07-20 16:53:45,657.781005859375,32.12300109863281,2.9159998893737793
2026-07-20 16:58:47,646.8140258789062,31.86199951171875,2.8440001010894775
2026-07-20 17:03:50,617.7579956054688,31.535999298095703,2.687999963760376
2026-07-20 17:08:52,600.8300170898438,30.881000518798828,2.561000108718872
2026-07-20 17:13:54,599.5449829101562,29.972000122070312,2.4800000190734863
2026-07-20 17:18:56,492.37298583984375,34.42399978637695,2.3389999866485596
2026-07-20 17:23:58,101.7229995727539,28.216999053955078,0.3959999978542328
2026-07-20 17:29:00,545.6909790039062,26.47599983215332,1.99399995803833
2026-07-20 17:34:02,508.4939880371094,26.43000030517578,1.8550000190734863
2026-07-20 17:39:04,493.5679931640625,24.82699966430664,1.690999984741211
2026-07-20 17:44:06,479.64599609375,24.947999954223633,1.6510000228881836
2026-07-20 17:49:08,459.2569885253906,24.625999450683594,1.5609999895095825
2026-07-20 17:54:11,92.72699737548828,22.88599967956543,0.2930000126361847
2026-07-20 17:59:13,424.3890075683594,23.05299949645996,1.350000023841858
2026-07-20 18:04:15,395.0509948730469,22.1200008392334,1.2059999704360962
2026-07-20 18:09:17,371.5379943847656,21.788999557495117,1.1169999837875366
2026-07-20 18:14:19,163.2270050048828,47.54100036621094,1.0709999799728394
2026-07-20 18:19:21,90.8479995727539,81.59400177001953,1.0230000019073486
2026-07-20 18:24:23,83.45600128173828,77.59300231933594,0.8939999938011169
2026-07-20 18:29:26,82.77300262451172,39.229000091552734,0.4480000138282776
2026-07-20 18:34:28,79.11100006103516,23.88599967956543,0.26100000739097595
2026-07-20 18:39:30,77.2020034790039,14.324000358581543,0.15299999713897705
2026-07-20 18:44:32,73.38700103759766,12.532999992370605,0.12700000405311584
2026-07-20 18:49:34,73.177001953125,12.87600040435791,0.12999999523162842
2026-07-20 18:54:36,70.00499725341797,10.029000282287598,0.09700000286102295
2026-07-20 18:59:38,64.93299865722656,10.067000389099121,0.09000000357627869
2026-07-20 19:04:40,65.20700073242188,10.036999702453613,0.09000000357627869
2026-07-20 19:09:43,63.14500045776367,10.272000312805176,0.09000000357627869
2026-07-20 19:14:45,62.50699996948242,9.300000190734863,0.07999999821186066
2026-07-20 19:19:47,60.005001068115234,8.694999694824219,0.07199999690055847
2026-07-20 19:24:49,64.04100036621094,9.425000190734863,0.08299999684095383
2026-07-20 19:29:51,60.4109992980957,7.710000038146973,0.06400000303983688
2026-07-20 19:34:53,57.99300003051758,6.665999889373779,0.05299999937415123
2026-07-20 19:39:55,56.87799835205078,8.182999610900879,0.06400000303983688
2026-07-20 19:44:57,56.529998779296875,8.899999618530273,0.0689999982714653
2026-07-20 19:49:59,51.957000732421875,6.886000156402588,0.04899999871850014
2026-07-20 19:55:02,52.1870002746582,7.36299991607666,0.05299999937415123
2026-07-20 20:00:04,55.79899978637695,8.12600040435791,0.06300000101327896
2026-07-20 20:05:06,57.270999908447266,6.888999938964844,0.05400000140070915
2026-07-20 20:10:08,57.941001892089844,6.999000072479248,0.0560000017285347
2026-07-20 20:15:10,53.722999572753906,6.414000034332275,0.04800000041723251
2026-07-20 20:20:12,43.790000915527344,5.5980000495910645,0.03400000184774399
2026-07-20 20:25:14,36.79999923706055,4.883999824523926,0.02500000037252903
2026-07-20 20:30:16,25.70199966430664,3.7339999675750732,0.013000000268220901
2026-07-20 20:35:19,18.368000030517578,1.3819999694824219,0.004000000189989805
2026-07-20 20:40:21,15.071999549865723,0.2549999952316284,0.0010000000474974513
2026-07-20 20:45:23,13.29800033569336,0.22300000488758087,0.0
2026-07-20 20:50:25,12.04800033569336,0.28600001335144043,0.0
2026-07-20 20:55:27,10.531000137329102,0.22300000488758087,0.0
2026-07-20 21:00:29,7.605000019073486,0.38199999928474426,0.0
2026-07-20 21:05:31,4.702000141143799,0.24199999868869781,0.0
2026-07-20 21:10:33,2.6050000190734863,0.7250000238418579,0.0
2026-07-20 21:15:35,1.430999994277954,0.5879999995231628,0.0
2026-07-20 21:20:37,0.3840000033378601,0.19900000095367432,0.0
2026-07-21 06:02:20,0.3840000033378601,0.19900000095367432,0.0
2026-07-21 06:07:22,4.736000061035156,0.2770000100135803,0.0
2026-07-21 06:12:24,6.958000183105469,0.19699999690055847,0.0
2026-07-21 06:17:26,10.015999794006348,0.24500000476837158,0.0
2026-07-21 06:22:28,12.753999710083008,0.22100000083446503,0.0
2026-07-21 06:27:30,15.390000343322754,0.20800000429153442,0.0
2026-07-21 06:32:32,17.655000686645508,0.25099998712539673,0.0010000000474974513
2026-07-21 06:37:34,20.358999252319336,0.24400000274181366,0.0010000000474974513
2026-07-21 06:42:37,24.43899917602539,1.6180000305175781,0.004999999888241291
2026-07-21 06:47:39,27.033000946044922,1.7289999723434448,0.006000000052154064
2026-07-21 06:52:41,29.486000061035156,1.86899995803833,0.00800000037997961
2026-07-21 06:57:43,31.957000732421875,3.305000066757202,0.014999999664723873
2026-07-21 07:02:45,34.474998474121094,3.007999897003174,0.014000000432133675
2026-07-21 07:07:47,37.263999938964844,3.618000030517578,0.01899999938905239
2026-07-21 07:12:49,39.52199935913086,3.5910000801086426,0.019999999552965164
2026-07-21 07:17:51,41.54999923706055,3.7750000953674316,0.02199999988079071
2026-07-21 07:22:53,43.7140007019043,3.243000030517578,0.019999999552965164
2026-07-21 07:27:55,45.77399826049805,4.373000144958496,0.02800000086426735
2026-07-21 07:32:58,48.301998138427734,4.697000026702881,0.03099999949336052
2026-07-21 07:38:00,50.37699890136719,4.105000019073486,0.028999999165534973
2026-07-21 07:43:02,52.393001556396484,4.644000053405762,0.03400000184774399
2026-07-21 07:48:04,125.84200286865234,2.2320001125335693,0.039000000804662704
2026-07-21 07:53:06,183.0399932861328,1.4819999933242798,0.03700000047683716
2026-07-21 07:58:08,200.49000549316406,1.649999976158142,0.04600000008940697
2026-07-21 08:03:10,216.90499877929688,2.2730000019073486,0.06800000369548798
2026-07-21 08:08:12,234.8769989013672,6.572000026702881,0.21299999952316284
2026-07-21 08:13:14,252.79400634765625,8.065999984741211,0.2809999883174896
2026-07-21 08:18:16,273.0350036621094,8.668000221252441,0.3269999921321869
2026-07-21 08:23:19,291.47900390625,10.458999633789062,0.42100000381469727
2026-07-21 08:28:21,311.65899658203125,11.154000282287598,0.47999998927116394
2026-07-21 08:33:23,331.2250061035156,12.17199993133545,0.5559999942779541
2026-07-21 08:38:25,348.3999938964844,13.357000350952148,0.6420000195503235
2026-07-21 08:43:27,370.7409973144531,14.550000190734863,0.7440000176429749
2026-07-21 08:48:29,388.0459899902344,15.265000343322754,0.8169999718666077
2026-07-21 08:53:31,403.1340026855469,16.14699935913086,0.8980000019073486
2026-07-21 08:58:33,424.2330017089844,16.964000701904297,0.9929999709129333
2026-07-21 09:03:35,443.0719909667969,17.957000732421875,1.0980000495910645
2026-07-21 09:08:38,463.32000732421875,18.69300079345703,1.1950000524520874
2026-07-21 09:13:40,478.5379943847656,19.249000549316406,1.2710000276565552
2026-07-21 09:18:42,498.4179992675781,14.095000267028809,0.968999981880188
2026-07-21 09:23:44,514.3380126953125,21.038000106811523,1.4930000305175781
2026-07-21 09:28:46,538.0960083007812,21.832000732421875,1.621000051498413
2026-07-21 09:33:48,555.239013671875,22.052000045776367,1.690000057220459
2026-07-21 09:38:50,572.6090087890625,23.21299934387207,1.8339999914169312
2026-07-21 09:43:52,587.666015625,23.486000061035156,1.9049999713897705
2026-07-21 09:48:54,607.280029296875,23.802000045776367,1.9950000047683716
2026-07-21 09:53:57,622.1389770507812,24.06100082397461,2.065999984741211
2026-07-21 09:58:59,638.4459838867188,25.07900047302246,2.2100000381469727
2026-07-21 10:04:01,656.708984375,25.763999938964844,2.3350000381469727
2026-07-21 10:09:03,668.7509765625,26.884000778198242,2.4809999465942383
2026-07-21 10:14:05,688.27197265625,27.410999298095703,2.6040000915527344
2026-07-21 10:19:07,700.3619995117188,27.825000762939453,2.688999891281128
2026-07-21 10:24:09,723.8629760742188,28.052000045776367,2.802000045776367
2026-07-21 10:29:11,738.385986328125,29.058000564575195,2.9609999656677246
2026-07-21 10:34:13,755.7260131835938,29.610000610351562,3.0880000591278076
2026-07-21 10:39:15,772.135009765625,30.33799934387207,3.2330000400543213
2026-07-21 10:44:18,789.8289794921875,30.895000457763672,3.367000102996826
2026-07-21 10:49:20,804.93701171875,31.291000366210938,3.4760000705718994
2026-07-21 10:54:22,820.6810302734375,32.0359992980957,3.628000020980835
2026-07-21 10:59:24,837.60498046875,32.78799819946289,3.7899999618530273
2026-07-21 11:04:26,850.6290283203125,33.40700149536133,3.921999931335449
2026-07-21 11:09:28,861.5250244140625,33.90800094604492,4.031000137329102
2026-07-21 11:14:30,879.2020263671875,34.358001708984375,4.169000148773193
2026-07-21 11:19:32,892.3179931640625,34.7869987487793,4.283999919891357
2026-07-21 11:24:34,903.35498046875,35.36800003051758,4.408999919891357
2026-07-21 11:29:37,914.0659790039062,36.20199966430664,4.566999912261963
2026-07-21 11:34:39,927.8989868164062,36.41699981689453,4.663000106811523
2026-07-21 11:39:41,938.3790283203125,37.4119987487793,4.84499979019165
2026-07-21 11:44:43,946.4340209960938,37.790000915527344,4.935999870300293
2026-07-21 11:49:45,959.4829711914062,38.630001068115234,5.114999771118164
2026-07-21 11:54:47,968.3699951171875,39.06999969482422,5.2210001945495605
2026-07-21 11:59:49,976.0390014648438,39.970001220703125,5.383999824523926
2026-07-21 12:04:51,987.3369750976562,40.459999084472656,5.513000011444092
2026-07-21 12:09:53,994.6699829101562,41.172000885009766,5.651000022888184
2026-07-21 12:14:55,999.6300048828125,41.22200012207031,5.686999797821045
2026-07-21 12:19:58,1008.8480224609375,41.763999938964844,5.814000129699707
2026-07-21 12:25:00,1014.1329956054688,41.917999267578125,5.866000175476074
2026-07-21 12:30:02,1020.010986328125,42.04800033569336,5.919000148773193
2026-07-21 12:35:04,1024.81494140625,42.09600067138672,5.953000068664551
2026-07-21 12:40:06,1028.0870361328125,42.71200180053711,6.059999942779541
2026-07-21 12:45:08,1028.6650390625,42.71900177001953,6.064000129699707
2026-07-21 12:50:10,1031.552978515625,43.01100158691406,6.123000144958496
2026-07-21 12:55:12,1037.073974609375,43.14699935913086,6.175000190734863
2026-07-21 13:00:14,1037.8800048828125,43.35200119018555,6.209000110626221
2026-07-21 13:05:17,1036.68505859375,43.68199920654297,6.249000072479248
2026-07-21 13:10:19,1034.2149658203125,43.98099899291992,6.2769999504089355
2026-07-21 13:15:21,1031.4169921875,44.191001892089844,6.289999961853027
2026-07-21 13:20:23,1028.23095703125,44.01300048828125,6.244999885559082
2026-07-21 13:25:25,1026.635009765625,43.779998779296875,6.203000068664551
2026-07-21 13:30:27,1029.072021484375,43.60200119018555,6.191999912261963
2026-07-21 13:52:23,1012.9710083007812,9.0600004196167,1.2660000324249268
2026-07-21 13:57:25,1015.6749877929688,40.73899841308594,5.710000038146973
2026-07-21 14:02:27,1019.3170166015625,41.659000396728516,5.860000133514404
2026-07-21 14:07:29,1007.4509887695312,41.74599838256836,5.803999900817871
2026-07-21 14:12:31,972.0549926757812,41.30400085449219,5.540999889373779
2026-07-21 14:17:33,1003.5570068359375,41.74300003051758,5.781000137329102
2026-07-21 14:22:36,994.6649780273438,41.80500030517578,5.73799991607666
2026-07-21 14:27:38,989.4099731445312,41.70899963378906,5.695000171661377
2026-07-21 14:32:40,987.8820190429688,41.46500015258789,5.6529998779296875
2026-07-21 14:37:42,993.9660034179688,40.53900146484375,5.560999870300293
2026-07-21 14:42:44,977.218017578125,40.43600082397461,5.453000068664551
2026-07-21 14:47:46,970.5120239257812,39.814998626708984,5.331999778747559
2026-07-21 14:52:48,966.0640258789062,39.305999755859375,5.239999771118164
2026-07-21 14:57:50,958.2239990234375,39.0359992980957,5.1620001792907715
2026-07-21 15:02:52,958.4849853515625,38.36800003051758,5.074999809265137
2026-07-21 15:07:54,940.6900024414062,38.53799819946289,5.002999782562256
2026-07-21 15:12:57,931.3939819335938,38.07600021362305,4.894000053405762
2026-07-21 15:17:59,913.9409790039062,37.83300018310547,4.771999835968018
2026-07-21 15:23:01,857.7849731445312,37.4119987487793,4.428999900817871
2026-07-21 15:28:03,921.2020263671875,37.41699981689453,4.756999969482422
2026-07-21 15:33:05,906.3610229492188,36.784000396728516,4.60099983215332
2026-07-21 15:38:07,880.4249877929688,36.37099838256836,4.419000148773193
2026-07-21 15:43:09,887.8900146484375,35.95500183105469,4.40500020980835
2026-07-21 15:48:11,179.03500366210938,35.388999938964844,0.8740000128746033
2026-07-21 15:53:13,893.5040283203125,34.89899826049805,4.302999973297119
2026-07-21 15:58:16,859.4010009765625,35.10300064086914,4.163000106811523
2026-07-21 16:03:18,853.1500244140625,34.9010009765625,4.109000205993652
2026-07-21 16:08:20,849.594970703125,34.5629997253418,4.052000045776367
2026-07-21 16:13:22,816.6810302734375,32.231998443603516,3.632999897003174
2026-07-21 16:18:24,297.5979919433594,29.666000366210938,1.218000054359436
2026-07-21 16:23:26,150.25399780273438,28.268999099731445,0.5860000252723694
2026-07-21 16:28:28,165.0709991455078,27.434999465942383,0.625
2026-07-21 16:33:30,227.27499389648438,25.715999603271484,0.8069999814033508
2026-07-21 16:38:32,166.85000610351562,23.1200008392334,0.5320000052452087
2026-07-21 16:43:35,146.68299865722656,20.261999130249023,0.4099999964237213
2026-07-21 16:48:37,170.32899475097656,20.683000564575195,0.4860000014305115
2026-07-21 16:53:39,175.61399841308594,18.950000762939453,0.45899999141693115
2026-07-21 16:58:41,161.4409942626953,20.347000122070312,0.453000009059906
2026-07-21 17:03:43,186.61700439453125,19.575000762939453,0.5040000081062317
2026-07-21 17:08:45,170.3730010986328,18.18199920654297,0.4269999861717224
2026-07-21 17:13:47,183.4720001220703,44.465999603271484,1.1260000467300415
2026-07-21 17:18:49,141.406005859375,17.93199920654297,0.3499999940395355
2026-07-21 17:23:52,147.3780059814453,18.229000091552734,0.3709999918937683
2026-07-21 17:28:54,148.7220001220703,17.615999221801758,0.3619999885559082
2026-07-21 17:33:56,153.8509979248047,18.78499984741211,0.39899998903274536
2026-07-21 17:38:58,538.6489868164062,23.329999923706055,1.7339999675750732
2026-07-21 17:44:00,541.8259887695312,20.900999069213867,1.562999963760376
2026-07-21 17:49:02,153.4010009765625,18.275999069213867,0.3869999945163727
2026-07-21 17:54:04,155.08799743652344,18.80699920654297,0.40299999713897705
2026-07-21 17:59:06,482.4230041503906,18.506000518798828,1.2319999933242798
2026-07-21 18:04:08,457.41900634765625,19.714000701904297,1.24399995803833
2026-07-21 18:09:11,438.93701171875,19.44499969482422,1.1779999732971191
2026-07-21 18:14:13,347.36199951171875,21.70199966430664,1.0399999618530273
2026-07-21 18:19:15,116.31300354003906,57.99599838256836,0.9309999942779541
2026-07-21 18:24:17,90.98300170898438,61.10900115966797,0.7670000195503235
2026-07-21 18:29:19,75.25900268554688,60.994998931884766,0.6330000162124634
2026-07-21 18:34:21,73.04499816894531,37.60599899291992,0.3790000081062317
2026-07-21 18:39:23,65.60700225830078,11.593000411987305,0.10499999672174454
2026-07-21 18:44:25,63.17900085449219,11.552000045776367,0.10100000351667404
2026-07-21 18:49:27,60.58100128173828,9.958999633789062,0.08299999684095383
2026-07-21 18:54:29,58.2239990234375,9.649999618530273,0.07800000160932541
2026-07-21 18:59:32,57.03499984741211,9.928000450134277,0.07800000160932541
2026-07-21 19:04:34,54.361000061035156,8.472999572753906,0.06400000303983688
2026-07-21 19:09:36,52.94599914550781,8.87399959564209,0.06499999761581421
2026-07-21 19:14:38,50.617000579833984,8.251999855041504,0.057999998331069946
2026-07-21 19:19:40,49.62099838256836,7.077000141143799,0.04800000041723251
2026-07-21 19:24:42,47.21099853515625,8.609000205993652,0.0560000017285347
2026-07-21 19:29:44,45.957000732421875,6.809000015258789,0.0430000014603138
2026-07-21 19:34:46,44.06399917602539,7.50600004196167,0.04600000008940697
2026-07-21 19:39:48,41.994998931884766,5.910999774932861,0.03400000184774399
2026-07-21 19:44:51,39.92900085449219,7.269000053405762,0.03999999910593033
2026-07-21 19:49:53,38.10300064086914,5.090000152587891,0.027000000700354576
2026-07-21 19:54:55,36.32699966430664,4.761000156402588,0.024000000208616257
2026-07-21 19:59:57,34.78900146484375,5.138000011444092,0.02500000037252903
2026-07-21 20:04:59,33.21799850463867,4.771999835968018,0.02199999988079071
2026-07-21 20:10:01,31.575000762939453,4.395999908447266,0.01899999938905239
2026-07-21 20:15:03,29.910999298095703,3.75600004196167,0.01600000075995922
2026-07-21 20:20:05,25.413000106811523,4.046999931335449,0.014000000432133675
2026-07-21 20:25:08,23.051000595092773,3.4110000133514404,0.010999999940395355
2026-07-21 20:30:10,20.673999786376953,2.694000005722046,0.00800000037997961
2026-07-21 20:35:12,18.21500015258789,1.9129999876022339,0.004999999888241291
2026-07-21 20:40:14,16.224000930786133,0.257999986410141,0.0010000000474974513
2026-07-21 20:45:16,13.401000022888184,0.27300000190734863,0.0010000000474974513
2026-07-21 20:50:18,11.281999588012695,0.3190000057220459,0.0
2026-07-21 20:55:20,8.967000007629395,0.3310000002384186,0.0
2026-07-21 21:00:22,6.9029998779296875,0.3610000014305115,0.0
2026-07-21 21:05:24,4.943999767303467,0.3540000021457672,0.0
2026-07-21 21:10:27,3.1470000743865967,0.38199999928474426,0.0
2026-07-21 21:15:29,1.5520000457763672,0.6079999804496765,0.0
