Time,Irr,PR,Pmpp
2026-04-01 09:16:04,142.48899841308594,19.121999740600586,0.46000000834465027
2026-04-01 09:21:06,187.781005859375,18.607999801635742,0.5910000205039978
2026-04-01 09:26:08,543.322998046875,14.538000106811523,1.3350000381469727
2026-04-01 09:31:10,558.22900390625,15.388999938964844,1.4520000219345093
2026-04-01 09:36:12,585.31201171875,16.215999603271484,1.6039999723434448
2026-04-01 09:41:14,551.9500122070312,16.375,1.5269999504089355
2026-04-01 09:46:16,613.8579711914062,16.020000457763672,1.6619999408721924
2026-04-01 09:51:18,457.7850036621094,11.258999824523926,0.8709999918937683
2026-04-01 09:56:20,709.2050170898438,15.512999534606934,1.8589999675750732
2026-04-01 10:01:22,641.7329711914062,17.680999755859375,1.9179999828338623
2026-04-01 10:06:24,665.0859985351562,17.68899917602539,1.9880000352859497
2026-04-01 10:11:26,182.7220001220703,22.683000564575195,0.699999988079071
2026-04-01 10:16:28,155.52200317382812,22.14900016784668,0.5820000171661377
2026-04-01 10:21:30,165.97900390625,22.636999130249023,0.6349999904632568
2026-04-01 10:26:32,206.55799865722656,20.45199966430664,0.7139999866485596
2026-04-01 10:31:34,241.2570037841797,20.323999404907227,0.8289999961853027
2026-04-01 10:36:36,470.5419921875,19.68400001525879,1.565000057220459
2026-04-01 10:41:38,705.9429931640625,19.702999114990234,2.3510000705718994
2026-04-01 10:46:40,246.94900512695312,21.05299949645996,0.8790000081062317
2026-04-01 10:51:42,314.093994140625,19.975000381469727,1.059999942779541
2026-04-01 10:56:43,341.0929870605469,20.863000869750977,1.2029999494552612
2026-04-01 11:01:45,269.2179870605469,21.36199951171875,0.972000002861023
2026-04-01 11:06:47,282.6029968261719,21.586999893188477,1.031000018119812
2026-04-01 11:11:49,404.93701171875,23.61400032043457,1.6160000562667847
2026-04-01 11:16:51,448.0409851074219,17.875999450683594,1.3539999723434448
2026-04-01 11:21:53,398.07501220703125,22.19700050354004,1.4930000305175781
2026-04-01 11:26:55,433.64300537109375,19.341999053955078,1.4170000553131104
2026-04-01 11:31:57,703.7009887695312,25.888999938964844,3.0789999961853027
2026-04-01 11:36:59,984.5689697265625,16.040000915527344,2.6689999103546143
2026-04-01 11:42:01,981.1309814453125,18.249000549316406,3.0260000228881836
2026-04-01 11:47:03,995.5980224609375,15.161999702453613,2.5510001182556152
2026-04-01 11:52:05,330.1969909667969,23.058000564575195,1.2869999408721924
2026-04-01 11:57:07,219.75900268554688,24.29199981689453,0.9020000100135803
2026-04-01 12:02:09,1000.4340209960938,18.201000213623047,3.0769999027252197
2026-04-01 12:07:11,1008.6129760742188,18.0939998626709,3.0840001106262207
2026-04-01 12:12:13,1021.301025390625,18.05699920654297,3.117000102996826
2026-04-01 12:17:15,1029.6300048828125,17.993000030517578,3.13100004196167
2026-04-01 12:22:17,1053.25,18.121000289916992,3.2260000705718994
2026-04-01 12:27:19,1044.7220458984375,18.82200050354004,3.322999954223633
2026-04-01 12:32:21,1057.5150146484375,18.611000061035156,3.3259999752044678
2026-04-01 12:37:23,1063.9959716796875,18.684999465942383,3.359999895095825
2026-04-01 12:42:25,1067.9930419921875,18.63599967956543,3.364000082015991
2026-04-01 12:47:27,1077.4739990234375,18.83300018310547,3.428999900817871
2026-04-01 12:52:29,1099.291015625,19.16699981689453,3.561000108718872
2026-04-01 12:57:31,1143.469970703125,18.58799934387207,3.5920000076293945
2026-04-01 13:02:33,1087.8360595703125,18.805999755859375,3.4570000171661377
2026-04-01 13:07:35,1118.219970703125,18.656999588012695,3.5260000228881836
2026-04-01 13:12:37,1101.2979736328125,19.073999404907227,3.549999952316284
2026-04-01 13:17:39,1090.1419677734375,19.02899932861328,3.50600004196167
2026-04-01 13:22:41,1023.1500244140625,7.716000080108643,1.3339999914169312
2026-04-01 13:27:43,808.10498046875,20.454999923706055,2.7929999828338623
2026-04-01 13:51:24,25.986000061035156,32.071998596191406,0.14100000262260437
2026-04-01 13:56:26,124.40499877929688,24.030000686645508,0.5049999952316284
2026-04-01 14:01:28,214.39500427246094,20.850000381469727,0.7549999952316284
2026-04-01 14:06:30,171.8419952392578,23.263999938964844,0.6759999990463257
2026-04-01 14:11:32,206.92300415039062,20.722000122070312,0.7250000238418579
2026-04-01 14:16:34,1075.696044921875,17.113000869750977,3.1110000610351562
2026-04-01 14:21:36,1064.8470458984375,17.208999633789062,3.0969998836517334
2026-04-01 14:26:38,989.8699951171875,12.161999702453613,2.0350000858306885
2026-04-01 14:31:40,851.3179931640625,15.937999725341797,2.2929999828338623
2026-04-01 14:36:42,386.3659973144531,23.66699981689453,1.5449999570846558
2026-04-01 14:41:43,894.0479736328125,17.56800079345703,2.6540000438690186
2026-04-01 14:46:45,1029.93505859375,19.485000610351562,3.3919999599456787
2026-04-01 14:51:47,998.3250122070312,18.0310001373291,3.0420000553131104
2026-04-01 14:56:49,985.81298828125,17.892000198364258,2.9809999465942383
2026-04-01 15:01:51,1004.60302734375,18.976999282836914,3.2219998836517334
2026-04-01 15:06:53,974.406982421875,19.59000015258789,3.2260000705718994
2026-04-01 15:11:55,576.4710083007812,15.95300006866455,1.5540000200271606
2026-04-01 15:16:57,947.6270141601562,19.6299991607666,3.1440000534057617
2026-04-01 15:21:59,936.8270263671875,19.402999877929688,3.072000026702881
2026-04-01 15:27:01,919.1539916992188,19.760000228881836,3.069000005722046
2026-04-01 15:32:03,903.760009765625,20.059999465942383,3.063999891281128
2026-04-01 15:37:05,900.1090087890625,20.035999298095703,3.0480000972747803
2026-04-01 15:42:07,879.6799926757812,20.215999603271484,3.005000114440918
2026-04-01 15:47:09,867.8099975585938,20.191999435424805,2.9609999656677246
2026-04-01 15:52:11,831.7310180664062,20.29400062561035,2.8529999256134033
2026-04-01 15:57:13,898.4569702148438,19.7549991607666,3.0
2026-04-01 16:02:15,949.6820068359375,19.451000213623047,3.121999979019165
2026-04-01 16:07:17,475.9729919433594,18.555999755859375,1.4930000305175781
2026-04-01 16:12:19,263.6319885253906,28.566999435424805,1.2730000019073486
2026-04-01 17:08:44,621.72998046875,77.0510025024414,8.095999717712402
2026-04-01 17:13:46,363.364990234375,125.58999633789062,7.711999893188477
2026-04-01 17:18:48,554.802001953125,71.01899719238281,6.658999919891357
2026-04-01 17:23:50,438.3179931640625,86.01799774169922,6.372000217437744
2026-04-01 17:28:52,341.07000732421875,87.79900360107422,5.060999870300293
2026-04-01 17:33:54,229.64599609375,126.5719985961914,4.9120001792907715
2026-04-01 17:38:56,177.1199951171875,84.31900024414062,2.5239999294281006
2026-04-01 17:43:58,287.1889953613281,68.24299621582031,3.312000036239624
2026-04-01 17:49:00,120.51399993896484,75.5,1.5379999876022339
2026-04-01 17:54:02,70.54100036621094,78.33200073242188,0.9340000152587891
2026-04-01 17:59:04,71.34200286865234,74.65399932861328,0.8999999761581421
2026-04-01 18:04:06,120.93699645996094,71.83699798583984,1.468000054359436
2026-04-01 18:09:08,72.58499908447266,76.48500061035156,0.9380000233650208
2026-04-01 18:14:10,72.88899993896484,74.3030014038086,0.9150000214576721
2026-04-01 18:19:12,306.5610046386719,57.165000915527344,2.9619998931884766
2026-04-01 18:24:14,297.2300109863281,57.54100036621094,2.890000104904175
2026-04-01 18:29:16,190.01800537109375,48.82600021362305,1.5679999589920044
2026-04-01 18:34:18,44.2859992980957,66.33899688720703,0.4970000088214874
2026-04-01 18:39:20,41.125,65.31300354003906,0.45399999618530273
2026-04-01 18:44:22,39.222999572753906,70.59400177001953,0.46799999475479126
2026-04-01 18:49:24,28.944000244140625,61.2239990234375,0.29899999499320984
2026-04-01 18:54:26,22.305999755859375,61.20100021362305,0.23100000619888306
2026-04-01 18:59:28,22.402000427246094,48.263999938964844,0.18299999833106995
2026-04-01 19:04:30,26.249000549316406,48.617000579833984,0.2160000056028366
2026-04-01 19:09:32,29.466999053955078,56.382999420166016,0.2809999883174896
2026-04-01 19:14:34,24.9689998626709,54.35200119018555,0.2290000021457672
2026-04-01 19:19:36,19.68899917602539,50.05500030517578,0.16699999570846558
2026-04-01 19:24:37,15.152000427246094,49.840999603271484,0.12800000607967377
2026-04-01 19:29:39,13.545000076293945,51.04800033569336,0.11699999868869781
2026-04-01 19:34:41,12.619000434875488,45.54499816894531,0.09700000286102295
2026-04-01 19:39:43,12.050000190734863,40.849998474121094,0.08299999684095383
2026-04-01 19:44:45,10.857000350952148,37.167999267578125,0.06800000369548798
2026-04-01 19:49:47,7.732999801635742,18.75,0.02500000037252903
2026-04-01 19:54:49,4.5370001792907715,1.1640000343322754,0.0010000000474974513
2026-04-01 19:59:51,2.49399995803833,0.19499999284744263,0.0
2026-04-02 07:12:39,2.49399995803833,0.19499999284744263,0.0
2026-04-02 07:17:41,6.27400016784668,0.2549999952316284,0.0
2026-04-02 07:22:43,10.072999954223633,8.706000328063965,0.014999999664723873
2026-04-02 07:27:45,14.029999732971191,18.26099967956543,0.0430000014603138
2026-04-02 07:32:47,19.08300018310547,18.392000198364258,0.05900000035762787
2026-04-02 07:37:49,22.21500015258789,26.902000427246094,0.10100000351667404
2026-04-02 07:42:51,27.812999725341797,30.774999618530273,0.14499999582767487
2026-04-02 07:47:53,32.569000244140625,33.72100067138672,0.1860000044107437
2026-04-02 07:52:55,33.862998962402344,36.95899963378906,0.21199999749660492
2026-04-02 07:57:57,34.03200149536133,37.814998626708984,0.21699999272823334
2026-04-02 08:02:59,40.106998443603516,43.27899932861328,0.2930000126361847
2026-04-02 08:08:01,39.275001525878906,42.599998474121094,0.28299999237060547
2026-04-02 08:13:03,46.04800033569336,46.40700149536133,0.3610000014305115
2026-04-02 08:18:05,59.16600036621094,51.33000183105469,0.5130000114440918
2026-04-02 08:23:07,66.59200286865234,54.3380012512207,0.6119999885559082
2026-04-02 08:28:09,109.40499877929688,57.816001892089844,1.069000005722046
2026-04-02 08:33:11,144.93699645996094,61.987998962402344,1.5180000066757202
2026-04-02 08:38:13,110.72799682617188,62.36399841308594,1.1670000553131104
2026-04-02 08:43:15,125.0739974975586,65.40499877929688,1.3830000162124634
2026-04-02 08:48:17,145.9409942626953,65.72799682617188,1.621000051498413
2026-04-02 08:53:19,162.09100341796875,68.33499908447266,1.871999979019165
2026-04-02 08:58:21,160.98699951171875,67.1729965209961,1.8279999494552612
2026-04-02 09:03:23,236.73399353027344,62.03099822998047,2.4820001125335693
2026-04-02 09:08:25,149.06700134277344,71.5780029296875,1.8029999732971191
2026-04-02 09:13:27,118.0979995727539,71.12899780273438,1.4199999570846558
2026-04-02 09:18:29,104.6449966430664,65.70700073242188,1.1619999408721924
2026-04-02 09:23:31,114.79499816894531,72.38099670410156,1.4040000438690186
2026-04-02 09:28:33,144.73399353027344,72.1719970703125,1.7649999856948853
2026-04-02 09:33:35,171.41000366210938,71.5,2.071000099182129
2026-04-02 09:38:37,250.56700134277344,72.12200164794922,3.053999900817871
2026-04-02 09:43:39,331.2330017089844,75.91200256347656,4.249000072479248
2026-04-02 09:48:41,440.3089904785156,82.32599639892578,6.125999927520752
2026-04-02 09:53:43,356.8800048828125,75.58399963378906,4.559000015258789
2026-04-02 09:58:45,633.8790283203125,67.7249984741211,7.255000114440918
2026-04-02 10:03:47,633.5819702148438,61.93299865722656,6.63100004196167
2026-04-02 10:08:49,640.1619873046875,62.2599983215332,6.736000061035156
2026-04-02 10:13:51,667.7760009765625,71.77899932861328,8.10099983215332
2026-04-02 10:18:53,688.2349853515625,72.87699890136719,8.47599983215332
2026-04-02 10:23:55,704.5599975585938,69.28500366210938,8.25
2026-04-02 10:28:57,729.5380249023438,74.88700103759766,9.232999801635742
2026-04-02 10:33:59,743.3670043945312,77.20099639892578,9.699000358581543
2026-04-02 10:39:01,765.5499877929688,77.51699829101562,10.029000282287598
2026-04-02 10:44:03,777.3870239257812,79.86100006103516,10.491999626159668
2026-04-02 10:49:05,795.5540161132812,81.06999969482422,10.899999618530273
2026-04-02 10:54:07,807.0260009765625,82.11799621582031,11.199999809265137
2026-04-02 10:59:09,821.3809814453125,83.19400024414062,11.54800033569336
2026-04-02 11:04:11,836.3090209960938,83.47000122070312,11.79699993133545
2026-04-02 11:09:13,851.541015625,84.94100189208984,12.223999977111816
2026-04-02 11:14:15,871.2849731445312,86.43900299072266,12.727999687194824
2026-04-02 11:19:17,886.5390014648438,87.99099731445312,13.182999610900879
2026-04-02 11:24:19,905.125,88.5009994506836,13.538000106811523
2026-04-02 11:29:21,926.656005859375,89.56900024414062,14.027000427246094
2026-04-02 11:34:23,948.2130126953125,90.3489990234375,14.477999687194824
2026-04-02 11:39:25,958.5330200195312,92.04299926757812,14.90999984741211
2026-04-02 11:44:27,964.635009765625,93.48999786376953,15.241000175476074
2026-04-02 11:49:29,975.6320190429688,94.06500244140625,15.510000228881836
2026-04-02 11:54:31,1000.64697265625,93.96499633789062,15.890000343322754
2026-04-02 11:59:33,1025.6689453125,93.87999725341797,16.273000717163086
2026-04-02 12:04:35,1104.0909423828125,93.6050033569336,17.465999603271484
2026-04-02 12:09:37,333.3389892578125,116.33799743652344,6.553999900817871
2026-04-02 12:14:38,245.33399963378906,102.88600158691406,4.265999794006348
2026-04-02 12:19:40,261.27801513671875,101.48500061035156,4.480999946594238
2026-04-02 12:24:42,293.9729919433594,102.7760009765625,5.105999946594238
2026-04-02 12:29:44,287.6319885253906,103.08399963378906,5.011000156402588
2026-04-02 12:34:46,271.7170104980469,106.24099731445312,4.879000186920166
2026-04-02 12:39:48,241.00599670410156,97.23899841308594,3.9609999656677246
2026-04-02 12:44:50,288.07501220703125,92.02999877929688,4.480000019073486
2026-04-02 12:49:52,352.2560119628906,97.78399658203125,5.821000099182129
2026-04-02 12:54:54,318.6610107421875,114.73699951171875,6.178999900817871
2026-04-02 12:59:56,1136.251953125,94.93499755859375,18.229999542236328
2026-04-02 13:04:58,1085.699951171875,99.71600341796875,18.29599952697754
2026-04-02 13:10:00,1090.9599609375,100.3949966430664,18.510000228881836
2026-04-02 13:15:02,1076.449951171875,100.63800048828125,18.308000564575195
2026-04-02 13:20:04,1045.342041015625,101.5,17.930999755859375
2026-04-02 13:25:06,1048.2490234375,102.53299713134766,18.163999557495117
2026-04-02 13:30:08,1037.81298828125,102.63300323486328,18.000999450683594
2026-04-02 13:53:53,1041.6810302734375,102.2509994506836,18.000999450683594
2026-04-02 13:58:55,1031.0469970703125,102.51599884033203,17.863000869750977
2026-04-02 14:03:57,1019.2479858398438,101.875,17.54800033569336
2026-04-02 14:08:59,1031.8699951171875,102.45099639892578,17.865999221801758
2026-04-02 14:14:01,1033.3070068359375,102.20999908447266,17.849000930786133
2026-04-02 14:19:03,1028.2740478515625,103.09200286865234,17.915000915527344
2026-04-02 14:24:05,1019.4450073242188,102.98600006103516,17.743000030517578
2026-04-02 14:29:07,1011.56298828125,102.04499816894531,17.44499969482422
2026-04-02 14:34:09,1004.4019775390625,103.35099792480469,17.542999267578125
2026-04-02 14:39:11,990.333984375,103.23300170898438,17.277999877929688
2026-04-02 14:44:13,990.927978515625,103.95800018310547,17.409000396728516
2026-04-02 14:49:15,984.4169921875,103.83599853515625,17.274999618530273
2026-04-02 14:54:17,975.677978515625,101.697998046875,16.768999099731445
2026-04-02 14:59:19,998.4569702148438,101.33799743652344,17.100000381469727
2026-04-02 15:04:21,988.2080078125,102.06500244140625,17.04599952697754
2026-04-02 15:09:23,952.2470092773438,102.08799743652344,16.429000854492188
2026-04-02 15:14:25,950.9920043945312,101.15499877929688,16.256999969482422
2026-04-02 15:19:27,950.68798828125,100.35299682617188,16.12299919128418
2026-04-02 15:24:29,964.8870239257812,99.12799835205078,16.163999557495117
2026-04-02 15:29:31,951.051025390625,99.02400207519531,15.916000366210938
2026-04-02 15:34:33,930.8590087890625,99.60800170898438,15.670000076293945
2026-04-02 15:39:35,913.7670288085938,98.45500183105469,15.204000473022461
2026-04-02 15:44:37,930.5120239257812,97.72799682617188,15.368000030517578
2026-04-02 15:49:39,947.7969970703125,95.75,15.336999893188477
2026-04-02 15:54:41,209.52699279785156,105.69000244140625,3.742000102996826
2026-04-02 15:59:43,221.5659942626953,105.55400085449219,3.9519999027252197
2026-04-02 16:04:45,423.3710021972656,78.98899841308594,5.6519999504089355
2026-04-02 16:09:46,465.4079895019531,179.5540008544922,14.123000144958496
2026-04-02 16:14:48,234.40199279785156,104.89199829101562,4.15500020980835
2026-04-02 16:19:50,180.9530029296875,104.93599700927734,3.2090001106262207
2026-04-02 16:24:52,166.093994140625,100.01100158691406,2.806999921798706
2026-04-02 16:29:54,168.19000244140625,99.01399993896484,2.813999891281128
2026-04-02 16:34:56,206.677001953125,97.95800018310547,3.4210000038146973
2026-04-02 16:39:58,216.80099487304688,99.69599914550781,3.6530001163482666
2026-04-02 16:45:00,187.3489990234375,100.97200012207031,3.197000026702881
2026-04-02 16:50:02,153.23699951171875,101.10099792480469,2.618000030517578
2026-04-02 16:55:04,178.45899963378906,100.0479965209961,3.0169999599456787
2026-04-02 17:00:06,381.95001220703125,54.04600143432617,3.489000082015991
2026-04-02 17:05:08,653.1409912109375,85.76699829101562,9.467000007629395
2026-04-02 17:10:10,640.47998046875,84.54199981689453,9.151000022888184
2026-04-02 17:15:12,584.1749877929688,83.41999816894531,8.236000061035156
2026-04-02 17:20:14,478.8160095214844,82.7979965209961,6.699999809265137
2026-04-02 17:25:16,509.3590087890625,80.88999938964844,6.9629998207092285
2026-04-02 17:30:18,488.375,81.25900268554688,6.706999778747559
2026-04-02 17:35:20,459.2909851074219,80.40599822998047,6.241000175476074
2026-04-02 17:40:22,427.7969970703125,78.22799682617188,5.656000137329102
2026-04-02 17:45:24,403.489990234375,76.19999694824219,5.196000099182129
2026-04-02 17:50:26,383.3919982910156,74.80699920654297,4.8470001220703125
2026-04-02 17:55:28,363.60699462890625,74.04900360107422,4.550000190734863
2026-04-02 18:00:30,339.0669860839844,71.93299865722656,4.122000217437744
2026-04-02 18:05:32,323.3299865722656,70.9229965209961,3.875
2026-04-02 18:10:34,299.20001220703125,68.94300079345703,3.4860000610351562
2026-04-02 18:15:36,275.5570068359375,66.33200073242188,3.0889999866485596
2026-04-02 18:20:38,261.73699951171875,64.62899780273438,2.8589999675750732
2026-04-02 18:25:40,234.5850067138672,64.13099670410156,2.5420000553131104
2026-04-02 18:30:42,213.96800231933594,60.55699920654297,2.190000057220459
2026-04-02 18:35:44,188.17599487304688,59.73500061035156,1.899999976158142
2026-04-02 18:40:46,165.1840057373047,57.26599884033203,1.5989999771118164
2026-04-02 18:45:48,149.86300659179688,56.50299835205078,1.430999994277954
2026-04-02 18:50:50,131.2209930419922,55.08100128173828,1.2209999561309814
2026-04-02 18:55:52,113.51799774169922,52.582000732421875,1.0089999437332153
2026-04-02 19:00:54,98.12300109863281,54.297000885009766,0.8999999761581421
2026-04-02 19:05:56,53.66600036621094,63.10599899291992,0.5720000267028809
2026-04-02 19:10:58,49.25400161743164,52.290000915527344,0.4350000023841858
2026-04-02 19:16:00,35.24800109863281,0.004000000189989805,0.0
2026-04-02 19:21:02,25.909000396728516,0.0020000000949949026,0.0
2026-04-02 19:26:04,21.226999282836914,0.010999999940395355,0.0
2026-04-02 19:31:05,17.48200035095215,0.0020000000949949026,0.0
2026-04-02 19:36:07,14.895999908447266,0.00800000037997961,0.0
2026-04-02 19:41:09,12.10200023651123,0.041999999433755875,0.0
2026-04-02 19:46:11,8.99899959564209,0.014000000432133675,0.0
2026-04-02 19:51:13,6.061999797821045,0.03799999877810478,0.0
2026-04-02 19:56:15,3.0350000858306885,-0.04100000113248825,0.0
2026-04-03 07:11:02,3.0350000858306885,-0.04100000113248825,0.0
2026-04-03 07:16:04,7.59499979019165,-0.013000000268220901,0.0
2026-04-03 07:21:06,10.708999633789062,0.013000000268220901,0.0
2026-04-03 07:26:08,14.592000007629395,0.0010000000474974513,0.0
2026-04-03 07:31:10,19.895000457763672,0.007000000216066837,0.0
2026-04-03 07:36:12,28.070999145507812,0.003000000026077032,0.0
2026-04-03 07:41:14,37.94300079345703,0.0020000000949949026,0.0
2026-04-03 07:51:18,93.56999969482422,-0.0010000000474974513,0.0
2026-04-03 07:56:20,114.4209976196289,-0.003000000026077032,0.0
2026-04-03 08:01:22,134.09800720214844,-0.004000000189989805,0.0
2026-04-03 08:06:24,145.5070037841797,-0.004999999888241291,0.0
2026-04-03 08:11:26,163.74200439453125,-0.00800000037997961,0.0
2026-04-03 08:16:28,184.38900756835938,-0.008999999612569809,0.0
2026-04-03 08:21:30,203.9409942626953,-0.010999999940395355,0.0
2026-04-03 08:26:32,225.33099365234375,-0.014000000432133675,-0.0010000000474974513
2026-04-03 08:31:34,246.70899963378906,-0.017999999225139618,-0.0010000000474974513
2026-04-03 08:36:36,268.6289978027344,0.0020000000949949026,0.0
2026-04-03 08:41:38,289.2869873046875,0.4180000126361847,0.019999999552965164
2026-04-03 08:46:40,311.3970031738281,21.81999969482422,1.1480000019073486
2026-04-03 08:51:42,332.9230041503906,69.96900177001953,3.937000036239624
2026-04-03 08:56:44,354.34600830078125,71.54900360107422,4.284999847412109
2026-04-03 09:01:46,377.3070068359375,72.49700164794922,4.623000144958496
2026-04-03 09:06:48,400.24200439453125,73.93800354003906,5.000999927520752
2026-04-03 09:11:50,421.5610046386719,74.75,5.326000213623047
2026-04-03 09:16:52,441.88299560546875,76.15899658203125,5.686999797821045
2026-04-03 09:21:54,459.5769958496094,77.88099670410156,6.048999786376953
2026-04-03 09:26:56,483.3190002441406,78.44999694824219,6.4079999923706055
2026-04-03 09:31:58,501.5570068359375,79.677001953125,6.754000186920166
2026-04-03 09:37:00,521.7069702148438,80.28399658203125,7.078000068664551
2026-04-03 09:42:02,543.135986328125,80.94200134277344,7.429999828338623
2026-04-03 09:47:04,561.968017578125,81.89800262451172,7.7779998779296875
2026-04-03 09:52:06,576.2559814453125,83.08100128173828,8.090999603271484
2026-04-03 09:57:08,600.968994140625,83.43499755859375,8.473999977111816
2026-04-03 10:02:10,621.583984375,84.00499725341797,8.824999809265137
2026-04-03 10:07:12,640.697021484375,84.28800201416016,9.126999855041504
2026-04-03 10:12:14,664.6229858398438,84.88800048828125,9.53499984741211
2026-04-03 10:17:16,687.7459716796875,84.66999816894531,9.840999603271484
2026-04-03 10:22:18,704.7730102539062,85.91500091552734,10.232999801635742
2026-04-03 10:27:20,726.2739868164062,86.18800354003906,10.579000473022461
2026-04-03 10:32:22,746.6400146484375,86.92400360107422,10.968000411987305
2026-04-03 10:37:24,775.8610229492188,87.02300262451172,11.40999984741211
2026-04-03 10:42:26,563.8419799804688,103.41600036621094,9.854000091552734
2026-04-03 10:47:28,766.4180297851562,90.27799987792969,11.692999839782715
2026-04-03 10:52:30,560.6400146484375,91.79900360107422,8.697999954223633
2026-04-03 10:57:32,387.531005859375,93.58300018310547,6.129000186920166
2026-04-03 11:02:34,864.9459838867188,82.47899627685547,12.055999755859375
2026-04-03 11:07:36,918.6259765625,88.16300201416016,13.687000274658203
2026-04-03 11:12:37,904.0230102539062,87.16899871826172,13.317999839782715
2026-04-03 11:17:39,905.9630126953125,90.47100067138672,13.85200023651123
2026-04-03 11:22:41,913.281982421875,91.5479965209961,14.130000114440918
2026-04-03 11:27:43,921.031005859375,92.39900207519531,14.381999969482422
2026-04-03 11:32:45,929.6500244140625,92.88400268554688,14.593000411987305
2026-04-03 11:37:47,960.9600219726562,92.61699676513672,15.041000366210938
2026-04-03 11:42:49,989.6069946289062,93.74099731445312,15.678000450134277
2026-04-03 11:47:51,977.9569702148438,94.74299621582031,15.659000396728516
2026-04-03 11:52:53,995.3099975585938,94.94300079345703,15.970000267028809
2026-04-03 11:57:55,864.7050170898438,101.74299621582031,14.868000030517578
2026-04-03 12:02:57,1012.6329956054688,96.12699890136719,16.451000213623047
2026-04-03 12:07:59,998.9439697265625,98.43000030517578,16.617000579833984
2026-04-03 12:13:01,1031.0450439453125,98.4729995727539,17.158000946044922
2026-04-03 12:18:03,1021.5819702148438,99.5739974975586,17.19099998474121
2026-04-03 12:23:05,1037.6910400390625,99.69100189208984,17.482999801635742
2026-04-03 12:28:07,1081.68701171875,98.3010025024414,17.969999313354492
2026-04-03 12:33:09,1106.260986328125,98.22000122070312,18.363000869750977
2026-04-03 12:38:11,1042.5670166015625,101.34700012207031,17.85700035095215
2026-04-03 12:43:13,1050.633056640625,100.66300201416016,17.87299919128418
2026-04-03 12:48:15,1055.72802734375,101.78399658203125,18.15999984741211
2026-04-03 12:53:17,1064.72705078125,101.39199829101562,18.243999481201172
2026-04-03 12:58:19,1168.0,63.505001068115234,12.53499984741211
2026-04-03 13:03:21,353.31201171875,118.18099975585938,7.057000160217285
2026-04-03 13:08:23,393.1570129394531,104.90399932861328,6.96999979019165
2026-04-03 13:13:25,777.8989868164062,96.42900085449219,12.677000045776367
2026-04-03 13:18:27,954.9010009765625,67.72000122070312,10.928999900817871
2026-04-03 13:23:29,345.38299560546875,110.9020004272461,6.4730000495910645
2026-04-03 13:28:31,1090.2030029296875,101.69499969482422,18.73699951171875
2026-04-03 13:52:13,1062.8919677734375,102.53399658203125,18.417999267578125
2026-04-03 13:57:15,1040.14501953125,104.27300262451172,18.329999923706055
2026-04-03 14:02:17,1032.762939453125,104.14600372314453,18.177000045776367
2026-04-03 14:07:19,1034.822998046875,104.84600067138672,18.336000442504883
2026-04-03 14:12:21,1027.7879638671875,101.34400177001953,17.60300064086914
2026-04-03 14:17:23,1033.968017578125,104.70899963378906,18.297000885009766
2026-04-03 14:22:25,1025.6390380859375,101.81400299072266,17.648000717163086
2026-04-03 14:27:27,1016.072998046875,102.19300079345703,17.54800033569336
2026-04-03 14:32:29,1013.822998046875,101.1500015258789,17.33099937438965
2026-04-03 14:37:31,1000.6699829101562,100.66999816894531,17.024999618530273
2026-04-03 14:42:33,995.5980224609375,99.38700103759766,16.722999572753906
2026-04-03 14:47:35,996.0689697265625,102.1760025024414,17.200000762939453
2026-04-03 14:52:37,993.7119750976562,103.25,17.34000015258789
2026-04-03 14:57:39,948.3660278320312,102.62699890136719,16.447999954223633
2026-04-03 15:02:41,963.4099731445312,102.89299774169922,16.753000259399414
2026-04-03 15:07:43,961.1680297851562,101.72699737548828,16.52400016784668
2026-04-03 15:12:45,1025.115966796875,99.77300262451172,17.28499984741211
2026-04-03 15:17:47,1002.7789916992188,107.50499725341797,18.2189998626709
2026-04-03 15:22:48,1036.1810302734375,93.54499816894531,16.381000518798828
2026-04-03 15:27:50,596.5549926757812,132.79400634765625,13.387999534606934
2026-04-03 15:32:52,571.2069702148438,88.87000274658203,8.579000473022461
2026-04-03 15:37:54,765.989013671875,84.41500091552734,10.928000450134277
2026-04-03 15:42:56,621.3419799804688,116.08999633789062,12.1899995803833
2026-04-03 15:47:58,1052.5050048828125,93.75299835205078,16.676000595092773
2026-04-03 15:53:00,648.3469848632812,100.15299987792969,10.973999977111816
2026-04-03 15:58:02,542.8369750976562,99.7229995727539,9.14900016784668
2026-04-03 16:03:04,652.0419921875,97.29900360107422,10.722000122070312
2026-04-03 16:08:06,960.8889770507812,56.047000885009766,9.10099983215332
2026-04-03 16:13:08,540.6420288085938,99.87100219726562,9.125
2026-04-03 16:18:10,604.843017578125,93.42900085449219,9.550000190734863
2026-04-03 16:23:12,699.135986328125,84.98600006103516,10.041000366210938
2026-04-03 16:28:14,626.1510009765625,99.87699890136719,10.569000244140625
2026-04-03 16:33:16,236.48699951171875,135.49200439453125,5.414999961853027
2026-04-03 16:38:18,684.9920043945312,94.60700225830078,10.95199966430664
2026-04-03 16:43:20,281.8219909667969,99.12899780273438,4.7210001945495605
2026-04-03 16:48:22,261.9949951171875,103.20099639892578,4.568999767303467
2026-04-03 16:53:24,346.0509948730469,85.90799713134766,5.02400016784668
2026-04-03 16:58:26,293.2569885253906,95.38700103759766,4.7270002365112305
2026-04-03 17:03:28,725.7739868164062,88.08699798583984,10.803999900817871
2026-04-03 17:08:30,306.989990234375,85.2770004272461,4.423999786376953
2026-04-03 17:13:32,227.51699829101562,102.14199829101562,3.927000045776367
2026-04-03 17:18:34,205.97500610351562,103.31500244140625,3.5959999561309814
2026-04-03 17:23:36,180.83700561523438,103.45099639892578,3.1619999408721924
2026-04-03 17:28:38,192.13900756835938,102.3219985961914,3.322999954223633
2026-04-03 17:33:40,199.75999450683594,101.17500305175781,3.4159998893737793
2026-04-03 17:38:42,188.0800018310547,100.99099731445312,3.2100000381469727
2026-04-03 17:43:44,292.0530090332031,92.28199768066406,4.554999828338623
2026-04-03 17:48:46,341.4219970703125,74.31400299072266,4.288000106811523
2026-04-03 17:53:48,290.9809875488281,98.17500305175781,4.828000068664551
2026-04-03 17:58:50,106.72699737548828,91.63400268554688,1.652999997138977
2026-04-03 18:03:52,274.9670104980469,70.61299896240234,3.2809998989105225
2026-04-03 18:08:54,95.56999969482422,91.15299987792969,1.472000002861023
2026-04-03 18:13:56,70.10700225830078,93.77100372314453,1.1109999418258667
2026-04-03 18:18:58,60.433998107910156,97.13400268554688,0.9919999837875366
2026-04-03 18:24:00,84.39800262451172,80.36499786376953,1.1460000276565552
2026-04-03 18:29:02,176.4459991455078,75.54000091552734,2.253000020980835
2026-04-03 18:34:04,98.48699951171875,97.3239974975586,1.6200000047683716
2026-04-03 18:39:06,82.89800262451172,104.74400329589844,1.4670000076293945
2026-04-03 18:44:08,57.4900016784668,101.95899963378906,0.9909999966621399
2026-04-03 18:49:10,42.42499923706055,101.9219970703125,0.7310000061988831
2026-04-03 18:54:12,40.06399917602539,100.53199768066406,0.6809999942779541
2026-04-03 18:59:14,38.6150016784668,101.78700256347656,0.6639999747276306
2026-04-03 19:04:16,32.34700012207031,97.1729965209961,0.531000018119812
2026-04-03 19:09:18,30.22599983215332,94.58000183105469,0.4830000102519989
2026-04-03 19:14:20,31.240999221801758,93.88899993896484,0.4959999918937683
2026-04-03 19:19:22,34.034000396728516,90.57499694824219,0.5210000276565552
2026-04-03 19:24:24,24.84600067138672,83.49500274658203,0.35100001096725464
2026-04-03 19:29:26,18.559999465942383,40.95000076293945,0.12800000607967377
2026-04-03 19:34:28,15.57699966430664,0.007000000216066837,0.0
2026-04-03 19:39:30,11.51099967956543,0.026000000536441803,0.0
2026-04-03 19:44:32,7.752999782562256,-0.007000000216066837,0.0
2026-04-03 19:49:34,5.245999813079834,0.02800000086426735,0.0
2026-04-03 19:54:36,2.7300000190734863,0.0689999982714653,0.0
2026-04-03 19:59:38,1.065000057220459,0.09600000083446503,0.0
2026-04-03 20:04:40,0.19699999690055847,-0.5479999780654907,0.0
2026-04-04 07:09:25,0.19699999690055847,-0.5479999780654907,0.0
2026-04-04 07:14:27,1.9270000457763672,0.12600000202655792,0.0
2026-04-04 07:19:29,2.756999969482422,-0.04899999871850014,0.0
2026-04-04 07:24:31,3.4709999561309814,0.07000000029802322,0.0
2026-04-04 07:29:33,4.736000061035156,0.057999998331069946,0.0
2026-04-04 07:34:35,6.73799991607666,-0.007000000216066837,0.0
2026-04-04 07:39:37,9.873000144958496,-0.0020000000949949026,0.0
2026-04-04 07:44:39,12.21500015258789,0.01600000075995922,0.0
2026-04-04 07:49:41,14.727999687194824,-0.012000000104308128,0.0
2026-04-04 07:54:43,19.913000106811523,-0.004000000189989805,0.0
2026-04-04 07:59:45,20.16699981689453,0.00800000037997961,0.0
2026-04-04 08:04:47,24.565000534057617,0.007000000216066837,0.0
2026-04-04 08:09:49,34.54899978637695,0.004000000189989805,0.0
2026-04-04 08:14:51,35.96799850463867,0.0020000000949949026,0.0
2026-04-04 08:19:53,35.60900115966797,0.0020000000949949026,0.0
2026-04-04 08:24:55,41.611000061035156,0.0020000000949949026,0.0
2026-04-04 08:29:57,48.14899826049805,0.0,0.0
2026-04-04 08:40:01,59.12699890136719,-0.0020000000949949026,0.0
2026-04-04 08:45:03,79.74199676513672,-0.003000000026077032,0.0
2026-04-04 08:50:05,117.31700134277344,-0.009999999776482582,0.0
2026-04-04 08:55:07,102.00499725341797,79.0719985961914,1.3630000352859497
2026-04-04 09:00:09,95.62300109863281,86.4219970703125,1.3969999551773071
2026-04-04 09:05:11,124.46299743652344,83.82599639892578,1.7630000114440918
2026-04-04 09:10:13,138.0850067138672,93.4520034790039,2.180999994277954
2026-04-04 09:15:15,129.4739990234375,96.3219985961914,2.1080000400543213
2026-04-04 09:20:17,148.17300415039062,96.30999755859375,2.4119999408721924
2026-04-04 09:25:19,166.5709991455078,96.79900360107422,2.7249999046325684
2026-04-04 09:30:21,170.66700744628906,97.43599700927734,2.809999942779541
2026-04-04 09:35:23,142.45899963378906,98.60700225830078,2.374000072479248
2026-04-04 09:40:25,149.09500122070312,95.68499755859375,2.4110000133514404
2026-04-04 09:45:27,170.35699462890625,94.88600158691406,2.7320001125335693
2026-04-04 09:50:29,217.3489990234375,96.06600189208984,3.5290000438690186
2026-04-04 09:55:31,219.35800170898438,95.2750015258789,3.5320000648498535
2026-04-04 10:00:33,222.1649932861328,95.8499984741211,3.5989999771118164
2026-04-04 10:05:35,283.20599365234375,95.9489974975586,4.5920000076293945
2026-04-04 10:10:37,342.39801025390625,93.0250015258789,5.382999897003174
2026-04-04 10:15:39,434.5169982910156,105.83499908447266,7.771999835968018
2026-04-04 10:20:41,593.6749877929688,86.95899963378906,8.725000381469727
2026-04-04 10:25:43,406.75799560546875,89.05699920654297,6.122000217437744
2026-04-04 10:30:45,665.4349975585938,85.62699890136719,9.630000114440918
2026-04-04 10:35:47,693.2639770507812,69.88999938964844,8.187999725341797
2026-04-04 10:40:49,558.5029907226562,101.86000061035156,9.61400032043457
2026-04-04 10:45:51,351.7170104980469,102.29199981689453,6.079999923706055
2026-04-04 10:50:53,493.5039978027344,78.86100006103516,6.577000141143799
2026-04-04 10:55:55,912.47998046875,82.23300170898438,12.680999755859375
2026-04-04 11:00:57,886.4340209960938,84.052001953125,12.592000007629395
2026-04-04 11:05:59,887.7169799804688,86.99700164794922,13.052000045776367
2026-04-04 11:11:01,895.0830078125,86.54100036621094,13.090999603271484
2026-04-04 11:16:02,907.9660034179688,89.06700134277344,13.666999816894531
2026-04-04 11:21:04,586.10302734375,106.88099670410156,10.586999893188477
2026-04-04 11:26:06,960.781982421875,91.88999938964844,14.920000076293945
2026-04-04 11:31:08,948.9860229492188,93.32599639892578,14.968000411987305
2026-04-04 11:36:10,1016.1810302734375,90.96199798583984,15.621000289916992
2026-04-04 11:41:12,1057.7530517578125,93.96600341796875,16.797000885009766
2026-04-04 11:46:14,820.3759765625,95.53600311279297,13.244999885559082
2026-04-04 11:51:16,968.1829833984375,103.11000061035156,16.871000289916992
2026-04-04 11:56:18,1091.8199462890625,99.80699920654297,18.416000366210938
2026-04-04 12:01:20,1105.012939453125,95.02899932861328,17.746000289916992
2026-04-04 12:06:22,687.68701171875,104.66500091552734,12.163999557495117
2026-04-04 12:11:24,1039.9449462890625,99.27200317382812,17.44700050354004
2026-04-04 12:16:26,898.9119873046875,101.30000305175781,15.388999938964844
2026-04-04 12:21:28,1039.1519775390625,100.24700164794922,17.604999542236328
2026-04-04 12:26:30,1054.530029296875,100.64800262451172,17.937000274658203
2026-04-04 12:31:32,1050.22705078125,102.26499938964844,18.150999069213867
2026-04-04 12:36:34,1048.7320556640625,102.60900115966797,18.18600082397461
2026-04-04 12:41:36,1038.385986328125,102.31500244140625,17.954999923706055
2026-04-04 12:46:38,1016.4229736328125,102.46600341796875,17.60099983215332
2026-04-04 12:51:40,1018.989013671875,103.60299682617188,17.840999603271484
2026-04-04 12:56:42,1022.781982421875,105.19499969482422,18.183000564575195
2026-04-04 13:01:44,1019.8629760742188,106.9020004272461,18.424999237060547
2026-04-04 13:06:46,1023.6480102539062,106.92500305175781,18.49799919128418
2026-04-04 13:11:48,1026.2469482421875,106.84200286865234,18.530000686645508
2026-04-04 13:16:50,1026.8709716796875,105.41300201416016,18.29400062561035
2026-04-04 13:21:52,1025.863037109375,107.31999969482422,18.606000900268555
2026-04-04 13:26:54,1026.31103515625,106.66200256347656,18.5
2026-04-04 13:50:36,1019.3759765625,105.01799774169922,18.091999053955078
2026-04-04 13:55:38,1016.8250122070312,104.52999877929688,17.96299934387207
2026-04-04 14:00:40,1012.9439697265625,106.61299896240234,18.250999450683594
2026-04-04 14:05:42,1007.9130249023438,104.2509994506836,17.757999420166016
2026-04-04 14:10:44,1005.8419799804688,101.63999938964844,17.277000427246094
2026-04-04 14:15:46,999.947021484375,103.78099822998047,17.538000106811523
2026-04-04 14:20:48,994.4500122070312,104.1520004272461,17.503999710083008
2026-04-04 14:25:50,988.5549926757812,104.71399688720703,17.493999481201172
2026-04-04 14:30:52,980.7860107421875,106.12000274658203,17.59000015258789
2026-04-04 14:35:54,974.0570068359375,105.12799835205078,17.305999755859375
2026-04-04 14:40:56,958.4819946289062,105.11199951171875,17.025999069213867
2026-04-04 14:45:58,958.5260009765625,103.48699951171875,16.763999938964844
2026-04-04 14:51:00,949.3170166015625,102.23899841308594,16.402999877929688
2026-04-04 14:56:02,940.7059936523438,101.58899688720703,16.150999069213867
2026-04-04 15:01:04,932.072998046875,102.20999908447266,16.100000381469727
2026-04-04 15:06:06,920.260986328125,102.93299865722656,16.009000778198242
2026-04-04 15:11:08,910.5460205078125,101.82599639892578,15.668999671936035
2026-04-04 15:16:10,900.3569946289062,101.24400329589844,15.404999732971191
2026-04-04 15:21:12,886.9669799804688,102.0989990234375,15.303999900817871
2026-04-04 15:26:14,873.89697265625,101.51100158691406,14.991999626159668
2026-04-04 15:31:16,860.85302734375,100.77899932861328,14.661999702453613
2026-04-04 15:36:18,847.885986328125,102.06600189208984,14.625
2026-04-04 15:41:20,832.9970092773438,100.88999938964844,14.20300006866455
2026-04-04 15:46:22,819.3419799804688,98.93499755859375,13.699000358581543
2026-04-04 15:51:24,807.22998046875,96.83300018310547,13.210000038146973
2026-04-04 15:56:26,792.344970703125,97.97799682617188,13.119999885559082
2026-04-04 16:01:28,777.6300048828125,98.23600006103516,12.90999984741211
2026-04-04 16:06:30,763.27099609375,96.64099884033203,12.465999603271484
2026-04-04 16:11:32,746.6190185546875,97.16200256347656,12.260000228881836
2026-04-04 16:16:34,729.5289916992188,96.11399841308594,11.850000381469727
2026-04-04 16:21:36,715.2230224609375,95.96700286865234,11.600000381469727
2026-04-04 16:26:38,699.572998046875,94.85700225830078,11.21500015258789
2026-04-04 16:31:40,683.6790161132812,93.6989974975586,10.826000213623047
2026-04-04 16:36:42,666.9849853515625,93.11799621582031,10.496000289916992
2026-04-04 16:41:44,649.6209716796875,91.0199966430664,9.993000030517578
2026-04-04 16:46:46,625.8060302734375,91.7959976196289,9.708000183105469
2026-04-04 16:51:48,606.9329833984375,90.54100036621094,9.286999702453613
2026-04-04 16:56:50,590.552978515625,89.552001953125,8.937999725341797
2026-04-04 17:01:52,568.8460083007812,89.46099853515625,8.600000381469727
2026-04-04 17:06:54,549.3740234375,88.5260009765625,8.218999862670898
2026-04-04 17:11:56,529.3809814453125,87.31300354003906,7.810999870300293
2026-04-04 17:16:58,513.7969970703125,86.072998046875,7.473999977111816
2026-04-04 17:22:00,486.1830139160156,85.38999938964844,7.015999794006348
2026-04-04 17:27:02,442.2829895019531,85.02999877929688,6.355999946594238
2026-04-04 17:32:04,411.7619934082031,84.29199981689453,5.866000175476074
2026-04-04 17:37:06,429.2049865722656,81.09700012207031,5.881999969482422
2026-04-04 17:42:07,418.37298583984375,79.63700103759766,5.63100004196167
2026-04-04 17:47:09,391.1470031738281,78.97200012207031,5.21999979019165
2026-04-04 17:52:12,371.27301025390625,78.05000305175781,4.896999835968018
2026-04-04 17:57:13,350.8710021972656,76.60700225830078,4.543000221252441
2026-04-04 18:02:15,314.3819885253906,74.93399810791016,3.9809999465942383
2026-04-04 18:07:17,301.135986328125,76.36799621582031,3.88700008392334
2026-04-04 18:12:19,238.37899780273438,75.4530029296875,3.0399999618530273
2026-04-04 18:17:21,226.77499389648438,72.63200378417969,2.7839999198913574
2026-04-04 18:22:23,154.38900756835938,77.60099792480469,2.0250000953674316
2026-04-04 18:27:25,155.01300048828125,70.30599975585938,1.8420000076293945
2026-04-04 18:32:27,115.177001953125,73.12799835205078,1.4229999780654907
2026-04-04 18:37:29,134.08700561523438,73.06999969482422,1.656000018119812
2026-04-04 18:42:31,88.15799713134766,85.15399932861328,1.2690000534057617
2026-04-04 18:47:33,126.55799865722656,69.875,1.4950000047683716
2026-04-04 18:52:35,102.55500030517578,73.58699798583984,1.274999976158142
2026-04-04 18:57:37,139.4029998779297,61.52199935913086,1.4490000009536743
2026-04-04 19:02:39,121.61699676513672,60.207000732421875,1.2369999885559082
2026-04-04 19:07:41,100.41000366210938,53.90800094604492,0.9150000214576721
2026-04-04 19:12:43,68.7770004272461,69.11299896240234,0.8029999732971191
2026-04-04 19:17:45,45.36600112915039,91.0260009765625,0.6980000138282776
2026-04-04 19:22:47,30.81599998474121,112.34500122070312,0.5849999785423279
2026-04-04 19:27:49,24.201000213623047,115.27300262451172,0.47099998593330383
2026-04-04 19:32:51,18.97100067138672,117.63899993896484,0.37700000405311584
2026-04-04 19:37:53,15.527000427246094,111.19999694824219,0.2919999957084656
2026-04-04 19:42:55,12.279000282287598,124.80400085449219,0.2590000033378601
2026-04-04 19:47:57,9.274999618530273,122.65399932861328,0.19200000166893005
2026-04-04 19:52:59,5.8470001220703125,116.36000061035156,0.11500000208616257
2026-04-04 19:58:01,3.328000068664551,0.03799999877810478,0.0
2026-04-04 20:03:03,1.1200000047683716,0.017000000923871994,0.0
2026-04-05 07:11:50,1.1200000047683716,0.017000000923871994,0.0
2026-04-05 07:16:52,10.440999984741211,-0.004000000189989805,0.0
2026-04-05 07:21:54,13.902000427246094,0.004999999888241291,0.0
2026-04-05 07:26:56,17.927000045776367,0.006000000052154064,0.0
2026-04-05 07:31:58,30.663000106811523,0.004000000189989805,0.0
2026-04-05 07:37:00,48.14899826049805,0.003000000026077032,0.0
2026-04-05 07:42:02,60.12799835205078,-0.0010000000474974513,0.0
2026-04-05 07:47:04,79.26399993896484,-0.0020000000949949026,0.0
2026-04-05 07:52:06,101.00599670410156,-0.004999999888241291,0.0
2026-04-05 07:57:08,117.91899871826172,-0.006000000052154064,0.0
2026-04-05 08:02:10,133.5469970703125,-0.00800000037997961,0.0
2026-04-05 08:07:12,153.93600463867188,-0.007000000216066837,0.0
2026-04-05 08:12:14,171.197998046875,-0.014000000432133675,0.0
2026-04-05 08:17:16,190.36099243164062,-0.009999999776482582,0.0
2026-04-05 08:22:18,214.6580047607422,-0.017000000923871994,-0.0010000000474974513
2026-04-05 08:27:20,240.12100219726562,-0.02199999988079071,-0.0010000000474974513
2026-04-05 08:32:22,264.75201416015625,-0.014000000432133675,-0.0010000000474974513
2026-04-05 08:37:24,282.5740051269531,62.04199981689453,2.9630000591278076
2026-04-05 08:42:26,298.8529968261719,66.28900146484375,3.3480000495910645
2026-04-05 08:47:28,319.343994140625,68.14099884033203,3.677999973297119
2026-04-05 08:52:30,341.1189880371094,70.2300033569336,4.048999786376953
2026-04-05 08:57:32,359.9739990234375,71.09700012207031,4.324999809265137
2026-04-05 09:02:34,381.42401123046875,73.0770034790039,4.710999965667725
2026-04-05 09:07:36,402.62298583984375,73.86100006103516,5.026000022888184
2026-04-05 09:12:38,424.1300048828125,74.72899627685547,5.355999946594238
2026-04-05 09:17:40,443.9020080566406,75.56700134277344,5.669000148773193
2026-04-05 09:22:42,462.0660095214844,76.2979965209961,5.958000183105469
2026-04-05 09:27:44,488.3680114746094,76.69000244140625,6.329999923706055
2026-04-05 09:32:46,513.2570190429688,77.10700225830078,6.688000202178955
2026-04-05 09:37:48,535.0650024414062,77.7959976196289,7.034999847412109
2026-04-05 09:42:50,540.718017578125,69.78900146484375,6.376999855041504
2026-04-05 09:47:52,553.2869873046875,80.10199737548828,7.489999771118164
2026-04-05 09:52:54,583.301025390625,79.08599853515625,7.796000003814697
2026-04-05 09:57:56,603.7139892578125,81.375,8.302000045776367
2026-04-05 10:02:58,627.9310302734375,81.46199798583984,8.645000457763672
2026-04-05 10:08:00,646.0960083007812,82.28399658203125,8.984999656677246
2026-04-05 10:13:02,656.72900390625,82.34600067138672,9.138999938964844
2026-04-05 10:18:04,670.1170043945312,84.31700134277344,9.548999786376953
2026-04-05 10:23:06,680.9030151367188,84.3499984741211,9.706000328063965
2026-04-05 10:28:08,711.6589965820312,83.39399719238281,10.029999732971191
2026-04-05 10:33:10,728.0809936523438,84.86699676513672,10.442000389099121
2026-04-05 10:38:12,747.72998046875,85.8270034790039,10.845999717712402
2026-04-05 10:43:14,757.801025390625,87.14199829101562,11.15999984741211
2026-04-05 10:48:16,779.9249877929688,87.12999725341797,11.484000205993652
2026-04-05 10:53:18,797.239013671875,87.04100036621094,11.72700023651123
2026-04-05 10:58:20,811.218017578125,87.35800170898438,11.97599983215332
2026-04-05 11:03:22,829.9569702148438,87.5530014038086,12.279999732971191
2026-04-05 11:08:23,843.3809814453125,88.21499633789062,12.572999954223633
2026-04-05 11:13:25,823.593017578125,87.46099853515625,12.17300033569336
2026-04-05 11:18:27,865.5590209960938,90.24199676513672,13.199999809265137
2026-04-05 11:23:29,825.10400390625,92.13300323486328,12.847000122070312
2026-04-05 11:28:31,892.4910278320312,92.08899688720703,13.890000343322754
2026-04-05 11:33:33,821.72998046875,94.62000274658203,13.140000343322754
2026-04-05 11:38:35,923.4290161132812,93.49099731445312,14.59000015258789
2026-04-05 11:43:37,938.7410278320312,94.65899658203125,15.017000198364258
2026-04-05 11:48:39,913.8610229492188,95.76699829101562,14.791000366210938
2026-04-05 11:53:41,859.0579833984375,96.64600372314453,14.031000137329102
2026-04-05 11:58:43,921.5269775390625,97.05699920654297,15.114999771118164
2026-04-05 12:03:45,940.9169921875,96.8479995727539,15.399999618530273
2026-04-05 12:08:47,813.7069702148438,100.29399871826172,13.791999816894531
2026-04-05 12:13:49,939.4290161132812,100.05899810791016,15.88599967956543
2026-04-05 12:18:51,945.9429931640625,96.84600067138672,15.482000350952148
2026-04-05 12:23:53,929.4860229492188,101.19999694824219,15.897000312805176
2026-04-05 12:28:55,939.469970703125,73.26899719238281,11.633000373840332
2026-04-05 12:33:57,907.4400024414062,82.48600006103516,12.649999618530273
2026-04-05 12:38:59,1019.4860229492188,97.06999969482422,16.725000381469727
2026-04-05 12:44:01,942.573974609375,103.66899871826172,16.513999938964844
2026-04-05 12:49:03,1005.31201171875,100.11799621582031,17.010000228881836
2026-04-05 12:54:05,1009.06298828125,99.4739990234375,16.96299934387207
2026-04-05 12:59:07,1082.18994140625,99.6969985961914,18.233999252319336
2026-04-05 13:04:09,1048.635009765625,101.58799743652344,18.003000259399414
2026-04-05 13:09:11,1046.4620361328125,101.02899932861328,17.867000579833984
2026-04-05 13:14:13,1043.9090576171875,98.87100219726562,17.44300079345703
2026-04-05 13:19:15,1057.06494140625,96.97599792480469,17.323999404907227
2026-04-05 13:24:17,1056.3609619140625,97.33999633789062,17.378000259399414
2026-04-05 13:29:19,743.5380249023438,147.43899536132812,18.527000427246094
2026-04-05 13:52:57,1042.363037109375,94.48300170898438,16.643999099731445
2026-04-05 13:57:59,1067.35595703125,94.9749984741211,17.131999969482422
2026-04-05 14:03:01,1015.0469970703125,102.44200134277344,17.572999954223633
2026-04-05 14:08:03,1015.969970703125,98.84500122070312,16.972000122070312
2026-04-05 14:13:05,992.1259765625,98.49400329589844,16.513999938964844
2026-04-05 14:18:07,1005.35302734375,100.84100341796875,17.132999420166016
2026-04-05 14:23:09,990.6079711914062,100.47899627685547,16.820999145507812
2026-04-05 14:28:11,965.7869873046875,100.03800201416016,16.327999114990234
2026-04-05 14:33:13,873.0700073242188,102.7040023803711,15.154000282287598
2026-04-05 14:38:15,878.4409790039062,103.27999877929688,15.333000183105469
2026-04-05 14:43:17,941.4010009765625,100.75599670410156,16.030000686645508
2026-04-05 14:48:19,846.2990112304688,102.08499908447266,14.60099983215332
2026-04-05 14:53:21,941.7579956054688,99.71700286865234,15.871000289916992
2026-04-05 14:58:23,931.60498046875,100.97799682617188,15.89799976348877
2026-04-05 15:03:25,863.2249755859375,101.55799865722656,14.815999984741211
2026-04-05 15:08:27,903.0809936523438,102.43800354003906,15.633999824523926
2026-04-05 15:13:29,914.8989868164062,98.16699981689453,15.178000450134277
2026-04-05 15:18:31,868.7839965820312,97.62000274658203,14.333000183105469
2026-04-05 15:23:33,842.8350219726562,97.49500274658203,13.88700008392334
2026-04-05 15:28:35,807.4240112304688,98.46299743652344,13.435999870300293
2026-04-05 15:33:37,767.0349731445312,99.2030029296875,12.859999656677246
2026-04-05 15:38:39,802.8380126953125,97.36799621582031,13.211000442504883
2026-04-05 15:43:41,798.2030029296875,97.9280014038086,13.210000038146973
2026-04-05 15:48:43,758.5269775390625,96.52400207519531,12.37399959564209
2026-04-05 15:53:45,747.68701171875,96.375,12.178000450134277
2026-04-05 15:58:47,201.97300720214844,324.9519958496094,11.092000007629395
2026-04-05 16:03:49,583.0380249023438,48.222999572753906,4.751999855041504
2026-04-05 16:08:51,257.1730041503906,152.2429962158203,6.617000102996826
2026-04-05 16:13:53,386.1919860839844,119.03700256347656,7.769000053405762
2026-04-05 16:18:55,561.9500122070312,49.54899978637695,4.705999851226807
2026-04-05 16:23:57,583.8629760742188,98.88400268554688,9.756999969482422
2026-04-05 16:28:58,205.08099365234375,104.81500244140625,3.632999897003174
2026-04-05 16:34:00,415.64599609375,99.26499938964844,6.9730000495910645
2026-04-05 16:39:02,455.2749938964844,91.77200317382812,7.060999870300293
2026-04-05 16:44:04,140.63999938964844,106.12799835205078,2.5220000743865967
2026-04-05 16:49:06,161.781005859375,106.48300170898438,2.9110000133514404
2026-04-05 16:54:08,248.22900390625,99.09100341796875,4.1570000648498535
2026-04-05 16:59:10,142.63800048828125,106.1719970703125,2.559000015258789
2026-04-05 17:04:12,408.0480041503906,85.02799987792969,5.863999843597412
2026-04-05 17:09:14,224.41900634765625,97.83100128173828,3.7100000381469727
2026-04-05 17:14:16,165.46099853515625,105.90399932861328,2.9609999656677246
2026-04-05 17:19:18,156.32200622558594,101.90499877929688,2.691999912261963
2026-04-05 17:24:20,110.11199951171875,110.66999816894531,2.059000015258789
2026-04-05 17:29:22,95.90399932861328,111.50399780273438,1.8070000410079956
2026-04-05 17:34:24,75.3280029296875,99.7699966430664,1.2699999809265137
2026-04-05 17:39:26,117.74600219726562,132.38600158691406,2.634000062942505
2026-04-05 17:44:28,95.67500305175781,107.3010025024414,1.7350000143051147
2026-04-05 17:49:30,107.52899932861328,102.48799896240234,1.8619999885559082
2026-04-05 17:54:32,116.64900207519531,105.22599792480469,2.0739998817443848
2026-04-05 17:59:34,116.77400207519531,105.75399780273438,2.0869998931884766
2026-04-05 18:04:36,186.52999877929688,86.30699920654297,2.7209999561309814
2026-04-05 18:09:38,112.1050033569336,104.46700286865234,1.9789999723434448
2026-04-05 18:14:40,99.06199645996094,105.04900360107422,1.7589999437332153
2026-04-05 18:19:42,86.53500366210938,100.99800109863281,1.4769999980926514
2026-04-05 18:24:44,94.80699920654297,104.38200378417969,1.6720000505447388
2026-04-05 18:29:46,90.1780014038086,107.11499786376953,1.6319999694824219
2026-04-05 18:34:48,78.75900268554688,102.78500366210938,1.3680000305175781
2026-04-05 18:39:50,94.21499633789062,95.0979995727539,1.5140000581741333
2026-04-05 18:44:52,60.111000061035156,102.85299682617188,1.0449999570846558
2026-04-05 18:49:54,48.805999755859375,97.98699951171875,0.8080000281333923
2026-04-05 18:54:56,44.053001403808594,95.11499786376953,0.7080000042915344
2026-04-05 18:59:58,46.249000549316406,96.822998046875,0.7570000290870667
2026-04-05 19:05:00,45.573001861572266,99.08499908447266,0.7630000114440918
2026-04-05 19:10:02,61.191001892089844,69.06900024414062,0.7139999866485596
2026-04-05 19:15:04,46.180999755859375,79.58499908447266,0.6209999918937683
2026-04-05 19:20:06,41.32099914550781,94.24299621582031,0.6579999923706055
2026-04-05 19:25:08,43.650001525878906,88.63600158691406,0.6539999842643738
2026-04-05 19:30:10,32.625999450683594,89.01499938964844,0.4909999966621399
2026-04-05 19:35:12,24.726999282836914,96.99500274658203,0.4050000011920929
2026-04-05 19:40:14,18.398000717163086,94.9990005493164,0.29499998688697815
2026-04-05 19:45:16,12.130000114440918,109.57099914550781,0.22499999403953552
2026-04-05 19:50:18,8.135000228881836,105.1989974975586,0.14499999582767487
2026-04-05 19:55:20,5.1539998054504395,22.22599983215332,0.01899999938905239
2026-04-05 20:00:22,3.240999937057495,0.38600000739097595,0.0
2026-04-05 20:05:24,1.3350000381469727,0.027000000700354576,0.0
2026-04-06 07:00:09,1.3350000381469727,0.027000000700354576,0.0
2026-04-06 07:05:11,4.376999855041504,0.017999999225139618,0.0
2026-04-06 07:10:13,6.558000087738037,0.04500000178813934,0.0
2026-04-06 07:15:15,9.071000099182129,-0.024000000208616257,0.0
2026-04-06 07:25:19,13.288999557495117,0.01899999938905239,0.0
2026-04-06 07:30:21,17.618000030517578,0.013000000268220901,0.0
2026-04-06 07:35:23,25.819000244140625,0.004999999888241291,0.0
2026-04-06 07:40:25,33.654998779296875,0.0010000000474974513,0.0
2026-04-06 07:45:27,68.31300354003906,-0.0010000000474974513,0.0
2026-04-06 07:50:29,100.31300354003906,-0.003000000026077032,0.0
2026-04-06 07:55:31,117.85800170898438,-0.004999999888241291,0.0
2026-04-06 08:00:33,138.26699829101562,-0.008999999612569809,0.0
2026-04-06 08:05:35,157.4739990234375,45.4630012512207,1.2100000381469727
2026-04-06 08:10:37,176.4250030517578,54.191001892089844,1.6160000562667847
2026-04-06 08:15:39,194.28599548339844,55.4630012512207,1.8209999799728394
2026-04-06 08:20:41,219.27499389648438,57.49700164794922,2.13100004196167
2026-04-06 08:25:43,250.35000610351562,58.779998779296875,2.486999988555908
2026-04-06 08:30:45,262.58099365234375,57.388999938964844,2.546999931335449
2026-04-06 08:35:47,274.7980041503906,62.86000061035156,2.9189999103546143
2026-04-06 08:40:49,297.2179870605469,63.03499984741211,3.1659998893737793
2026-04-06 08:45:51,325.9110107421875,63.694000244140625,3.507999897003174
2026-04-06 08:50:53,350.85699462890625,64.76899719238281,3.8399999141693115
2026-04-06 08:55:55,376.9209899902344,60.5359992980957,3.8559999465942383
2026-04-06 09:00:57,394.2330017089844,67.99099731445312,4.53000020980835
2026-04-06 09:05:59,404.1709899902344,68.40699768066406,4.672999858856201
2026-04-06 09:11:01,425.2980041503906,69.26200103759766,4.978000164031982
2026-04-06 09:16:03,446.3299865722656,70.26000213623047,5.300000190734863
2026-04-06 09:21:05,466.5580139160156,71.43900299072266,5.632999897003174
2026-04-06 09:26:07,489.3739929199219,71.7959976196289,5.938000202178955
2026-04-06 09:31:09,506.0050048828125,71.94400024414062,6.1519999504089355
2026-04-06 09:36:11,529.4539794921875,72.98699951171875,6.531000137329102
2026-04-06 09:41:13,551.1929931640625,73.86000061035156,6.880000114440918
2026-04-06 09:46:15,570.7340087890625,73.80799865722656,7.11899995803833
2026-04-06 09:51:17,592.9119873046875,74.36900329589844,7.452000141143799
2026-04-06 09:56:19,610.7109985351562,74.5790023803711,7.697000026702881
2026-04-06 10:01:21,630.7059936523438,75.02300262451172,7.997000217437744
2026-04-06 10:06:23,648.97802734375,76.02300262451172,8.338000297546387
2026-04-06 10:11:25,668.260986328125,75.90799713134766,8.572999954223633
2026-04-06 10:16:27,687.7620239257812,76.71600341796875,8.916999816894531
2026-04-06 10:21:29,707.5289916992188,77.1989974975586,9.230999946594238
2026-04-06 10:26:31,724.8800048828125,78.36100006103516,9.600000381469727
2026-04-06 10:31:33,739.7490234375,79.2030029296875,9.902000427246094
2026-04-06 10:36:35,761.6959838867188,79.7969970703125,10.272000312805176
2026-04-06 10:41:37,775.4010009765625,80.36299896240234,10.531000137329102
2026-04-06 10:46:39,792.1099853515625,81.18000030517578,10.866999626159668
2026-04-06 10:51:41,807.4929809570312,81.3030014038086,11.095000267028809
2026-04-06 10:56:43,821.156982421875,81.9209976196289,11.369000434875488
2026-04-06 11:01:45,839.6649780273438,83.02300262451172,11.781000137329102
2026-04-06 11:06:47,858.5260009765625,82.85299682617188,12.020999908447266
2026-04-06 11:11:49,872.5050048828125,82.8489990234375,12.215999603271484
2026-04-06 11:16:51,886.9650268554688,83.78600311279297,12.559000015258789
2026-04-06 11:21:53,891.7050170898438,86.26100158691406,12.99899959564209
2026-04-06 11:26:55,914.927978515625,86.50700378417969,13.37600040435791
2026-04-06 11:31:57,921.7260131835938,86.54100036621094,13.480999946594238
2026-04-06 11:36:59,929.2730102539062,88.2979965209961,13.866999626159668
2026-04-06 11:42:01,938.6489868164062,89.4530029296875,14.1899995803833
2026-04-06 11:47:03,948.9920043945312,90.08000183105469,14.446999549865723
2026-04-06 11:52:05,964.52099609375,87.70899963378906,14.29699993133545
2026-04-06 11:57:07,975.9130249023438,87.54199981689453,14.437999725341797
2026-04-06 12:02:09,986.8660278320312,87.97100067138672,14.67199993133545
2026-04-06 12:07:11,996.5419921875,88.6729965209961,14.934000015258789
2026-04-06 12:12:13,1001.3829956054688,89.61799621582031,15.166000366210938
2026-04-06 12:17:14,1010.52197265625,89.88099670410156,15.350000381469727
2026-04-06 12:22:16,1021.469970703125,89.59700012207031,15.467000007629395
2026-04-06 12:27:18,1026.60302734375,91.66100311279297,15.902999877929688
2026-04-06 12:32:20,1031.9580078125,92.95700073242188,16.211999893188477
2026-04-06 12:37:22,1035.7989501953125,92.30400085449219,16.158000946044922
2026-04-06 12:42:24,1028.0269775390625,94.0989990234375,16.347999572753906
2026-04-06 12:47:26,1030.8890380859375,93.76300048828125,16.334999084472656
2026-04-06 12:52:28,1032.98095703125,94.35299682617188,16.472000122070312
2026-04-06 12:57:30,1025.1240234375,95.05699920654297,16.468000411987305
2026-04-06 13:02:32,1041.383056640625,93.0770034790039,16.381000518798828
2026-04-06 13:07:34,1031.9310302734375,94.03900146484375,16.399999618530273
2026-04-06 13:12:36,1036.0179443359375,93.27300262451172,16.33099937438965
2026-04-06 13:17:38,1033.958984375,94.55599975585938,16.523000717163086
2026-04-06 13:22:40,1026.427001953125,95.10800170898438,16.49799919128418
2026-04-06 13:27:42,1028.4940185546875,95.30699920654297,16.56599998474121
2026-04-06 13:51:27,1011.7990112304688,32.59199905395508,5.572999954223633
2026-04-06 13:56:29,1020.3109741210938,18.631999969482422,3.2130000591278076
2026-04-06 14:01:31,1022.5650024414062,93.19300079345703,16.104999542236328
2026-04-06 14:06:33,973.0789794921875,60.40700149536133,9.934000015258789
2026-04-06 14:11:35,988.7630004882812,6.473999977111816,1.0820000171661377
2026-04-06 14:16:37,1007.9739990234375,5.703000068664551,0.972000002861023
2026-04-06 14:21:39,976.7410278320312,5.26800012588501,0.8700000047683716
2026-04-06 14:26:41,1012.5189819335938,34.1870002746582,5.849999904632568
2026-04-06 14:31:43,952.447021484375,80.9800033569336,13.03499984741211
2026-04-06 14:36:45,852.0800170898438,93.43299865722656,13.454999923706055
2026-04-06 14:41:47,624.4320068359375,101.55799865722656,10.717000007629395
2026-04-06 14:46:49,685.4810180664062,103.74500274658203,12.017999649047852
2026-04-06 14:51:51,404.82501220703125,105.28399658203125,7.203000068664551
2026-04-06 14:56:53,384.26300048828125,106.10199737548828,6.889999866485596
2026-04-06 15:01:55,427.60699462890625,104.28199768066406,7.535999774932861
2026-04-06 15:06:57,439.8349914550781,104.58000183105469,7.77400016784668
2026-04-06 15:11:59,566.6539916992188,101.40499877929688,9.711000442504883
2026-04-06 15:17:01,649.3740234375,97.2030029296875,10.666999816894531
2026-04-06 15:22:03,812.093994140625,97.52100372314453,13.383999824523926
2026-04-06 15:27:05,788.27197265625,99.27799987792969,13.22599983215332
2026-04-06 15:32:07,700.1740112304688,100.7249984741211,11.918999671936035
2026-04-06 15:37:09,606.8469848632812,98.89099884033203,10.142000198364258
2026-04-06 15:42:11,777.7760009765625,95.13999938964844,12.505999565124512
2026-04-06 15:47:13,718.2620239257812,95.34200286865234,11.572999954223633
2026-04-06 15:52:15,441.88299560546875,99.53299713134766,7.433000087738037
2026-04-06 15:57:17,371.5679931640625,106.01000213623047,6.6570000648498535
2026-04-06 16:02:19,385.72601318359375,89.34200286865234,5.823999881744385
2026-04-06 16:07:21,404.75201416015625,93.96700286865234,6.427999973297119
2026-04-06 16:12:23,443.9020080566406,96.93699645996094,7.271999835968018
2026-04-06 16:17:25,406.35400390625,97.94999694824219,6.7270002365112305
2026-04-06 16:22:27,271.2799987792969,100.22000122070312,4.59499979019165
2026-04-06 16:27:29,338.9100036621094,94.23999786376953,5.3979997634887695
2026-04-06 16:32:31,576.7360229492188,88.9749984741211,8.67199993133545
2026-04-06 16:37:33,557.3350219726562,90.677001953125,8.541000366210938
2026-04-06 16:42:35,373.6940002441406,93.18399810791016,5.885000228881836
2026-04-06 16:47:37,449.1860046386719,90.9739990234375,6.906000137329102
2026-04-06 16:52:39,385.1910095214844,93.30000305175781,6.073999881744385
2026-04-06 16:57:41,384.80499267578125,90.56400299072266,5.889999866485596
2026-04-06 17:02:43,424.6419982910156,86.73600006103516,6.224999904632568
2026-04-06 17:07:45,437.9020080566406,87.45700073242188,6.4720001220703125
2026-04-06 17:12:47,430.1669921875,87.427001953125,6.355999946594238
2026-04-06 17:17:49,484.2349853515625,83.62200164794922,6.8429999351501465
2026-04-06 17:22:51,507.010009765625,80.96399688720703,6.936999797821045
2026-04-06 17:27:53,473.62701416015625,81.59400177001953,6.531000137329102
2026-04-06 17:32:55,424.6289978027344,81.36499786376953,5.839000225067139
2026-04-06 17:37:57,365.6369934082031,81.6969985961914,5.047999858856201
2026-04-06 17:42:59,378.1809997558594,79.77200317382812,5.0980000495910645
2026-04-06 17:48:01,399.489990234375,78.23400115966797,5.2820000648498535
2026-04-06 17:53:03,310.4209899902344,79.26499938964844,4.1579999923706055
2026-04-06 17:58:05,347.53399658203125,75.74400329589844,4.448999881744385
2026-04-06 18:03:06,353.2799987792969,73.6259994506836,4.395999908447266
2026-04-06 18:08:08,327.97698974609375,72.1780014038086,4.000999927520752
2026-04-06 18:13:10,303.322998046875,69.44400024414062,3.559999942779541
2026-04-06 18:18:12,279.239013671875,68.11799621582031,3.2149999141693115
2026-04-06 18:23:14,254.4459991455078,67.61299896240234,2.9070000648498535
2026-04-06 18:28:16,228.8070068359375,67.22699737548828,2.5999999046325684
2026-04-06 18:33:18,191.67100524902344,71.51399993896484,2.316999912261963
2026-04-06 18:38:20,141.27999877929688,81.23999786376953,1.940000057220459
2026-04-06 18:43:22,73.40799713134766,83.34500122070312,1.034000039100647
2026-04-06 18:48:24,109.73100280761719,64.74700164794922,1.2009999752044678
2026-04-06 18:53:26,55.902000427246094,82.91000366210938,0.7829999923706055
2026-04-06 18:58:28,108.83699798583984,58.027000427246094,1.0670000314712524
2026-04-06 19:03:30,91.84200286865234,58.79999923706055,0.9129999876022339
2026-04-06 19:08:32,69.01000213623047,55.52899932861328,0.6480000019073486
2026-04-06 19:13:34,47.573001861572266,69.56800079345703,0.5590000152587891
2026-04-06 19:18:36,28.351999282836914,111.30599975585938,0.5329999923706055
2026-04-06 19:23:38,24.009000778198242,113.7490005493164,0.4620000123977661
2026-04-06 19:28:40,20.999000549316406,115.58399963378906,0.4099999964237213
2026-04-06 19:33:42,18.5939998626709,112.5270004272461,0.3540000021457672
2026-04-06 19:38:44,15.782999992370605,91.43399810791016,0.24400000274181366
2026-04-06 19:43:46,14.031999588012695,116.05400085449219,0.2750000059604645
2026-04-06 19:48:48,10.977999687194824,118.0260009765625,0.21899999678134918
2026-04-06 19:53:50,9.055999755859375,143.33700561523438,0.21899999678134918
2026-04-06 19:58:52,6.663000106811523,102.81300354003906,0.11599999666213989
2026-04-06 20:03:54,4.025000095367432,0.4269999861717224,0.0
2026-04-06 20:08:56,2.0250000953674316,0.03400000184774399,0.0
2026-04-07 07:03:35,2.0250000953674316,0.03400000184774399,0.0
2026-04-07 07:13:39,10.567999839782715,0.007000000216066837,0.0
2026-04-07 07:18:41,13.664999961853027,0.004999999888241291,0.0
2026-04-07 07:23:43,25.143999099731445,0.006000000052154064,0.0
2026-04-07 07:28:45,28.49799919128418,0.004000000189989805,0.0
2026-04-07 07:33:47,51.26599884033203,0.006000000052154064,0.0
2026-04-07 07:38:49,63.24300003051758,0.0010000000474974513,0.0
2026-04-07 07:43:51,81.68000030517578,-0.0020000000949949026,0.0
2026-04-07 07:48:53,103.84500122070312,-0.003000000026077032,0.0
2026-04-07 07:53:55,119.69599914550781,-0.007000000216066837,0.0
2026-04-07 07:58:57,133.2689971923828,-0.007000000216066837,0.0
2026-04-07 08:03:59,147.8699951171875,-0.010999999940395355,0.0
2026-04-07 08:09:01,168.2969970703125,-0.012000000104308128,0.0
2026-04-07 08:14:03,201.87399291992188,-0.014000000432133675,0.0
2026-04-07 08:19:05,217.8719940185547,-0.01600000075995922,-0.0010000000474974513
2026-04-07 08:24:07,234.27699279785156,-0.014000000432133675,-0.0010000000474974513
2026-04-07 08:29:09,256.2300109863281,59.50699996948242,2.5769999027252197
2026-04-07 08:34:11,275.8739929199219,61.494998931884766,2.867000102996826
2026-04-07 08:39:13,295.6340026855469,63.20399856567383,3.1579999923706055
2026-04-07 08:44:15,317.1029968261719,64.15299987792969,3.437999963760376
2026-04-07 08:49:17,340.1579895019531,65.16200256347656,3.746000051498413
2026-04-07 08:54:19,363.4150085449219,65.9000015258789,4.046999931335449
2026-04-07 08:59:21,384.5459899902344,67.23200225830078,4.36899995803833
2026-04-07 09:04:23,404.9010009765625,67.18499755859375,4.5970001220703125
2026-04-07 09:09:25,425.73699951171875,68.72100067138672,4.943999767303467
2026-04-07 09:14:27,446.4590148925781,68.88700103759766,5.197999954223633
2026-04-07 09:19:29,466.8139953613281,69.59200286865234,5.489999771118164
2026-04-07 09:24:31,488.6700134277344,70.1969985961914,5.796999931335449
2026-04-07 09:29:33,508.2969970703125,71.08200073242188,6.105999946594238
2026-04-07 09:34:35,528.2100219726562,72.41100311279297,6.464000225067139
2026-04-07 09:39:37,550.4569702148438,72.12000274658203,6.709000110626221
2026-04-07 09:44:39,571.10400390625,72.86100006103516,7.0320000648498535
2026-04-07 09:49:41,589.9819946289062,72.92500305175781,7.270999908447266
2026-04-07 09:54:42,610.177978515625,73.42400360107422,7.571000099182129
2026-04-07 09:59:44,627.926025390625,73.89399719238281,7.8420000076293945
2026-04-07 10:04:46,648.5599975585938,74.3270034790039,8.147000312805176
2026-04-07 10:09:48,669.2020263671875,73.59500122070312,8.322999954223633
2026-04-07 10:14:50,688.0289916992188,74.44100189208984,8.656000137329102
2026-04-07 10:19:52,707.31201171875,74.46499633789062,8.901000022888184
2026-04-07 10:24:54,727.0449829101562,74.18099975585938,9.114999771118164
2026-04-07 10:29:56,743.4879760742188,74.59600067138672,9.373000144958496
2026-04-07 10:34:58,760.9420166015625,74.48100280761719,9.57800006866455
2026-04-07 10:40:00,777.3709716796875,70.49400329589844,9.26099967956543
2026-04-07 10:45:02,794.9760131835938,59.8380012512207,8.038999557495117
2026-04-07 10:50:04,812.10302734375,19.291000366210938,2.6480000019073486
2026-04-07 10:55:06,828.8939819335938,19.09600067138672,2.674999952316284
2026-04-07 11:00:08,845.3300170898438,21.767000198364258,3.109999895095825
2026-04-07 11:05:10,858.0020141601562,17.224000930786133,2.497999906539917
2026-04-07 11:10:12,872.4080200195312,12.255999565124512,1.8070000410079956
2026-04-07 11:15:14,888.489013671875,13.616000175476074,2.0450000762939453
2026-04-07 11:20:16,903.6320190429688,10.539999961853027,1.6100000143051147
2026-04-07 11:25:18,918.1810302734375,8.069000244140625,1.2519999742507935
2026-04-07 11:30:20,929.52001953125,7.8429999351501465,1.2319999933242798
2026-04-07 11:35:22,939.885986328125,9.668999671936035,1.5360000133514404
2026-04-07 11:40:24,945.47900390625,7.26800012588501,1.1610000133514404
2026-04-07 11:45:26,957.302978515625,2.61899995803833,0.42399999499320984
2026-04-07 11:50:28,897.1179809570312,2.946000099182129,0.44699999690055847
2026-04-07 11:55:30,973.0770263671875,2.5959999561309814,0.4269999861717224
2026-04-07 12:00:32,993.958984375,4.677999973297119,0.7860000133514404
2026-04-07 12:05:34,1001.8419799804688,3.2699999809265137,0.5540000200271606
2026-04-07 12:10:36,1011.3200073242188,4.554999828338623,0.7789999842643738
2026-04-07 12:15:38,1016.1439819335938,2.5920000076293945,0.4449999928474426
2026-04-07 12:20:40,1023.406005859375,2.884000062942505,0.49900001287460327
2026-04-07 12:25:42,1030.2099609375,2.9100000858306885,0.5070000290870667
2026-04-07 12:30:44,1036.137939453125,2.5910000801086426,0.45399999618530273
2026-04-07 12:35:46,1030.571044921875,2.99399995803833,0.5210000276565552
2026-04-07 12:40:48,1031.3280029296875,2.9590001106262207,0.515999972820282
2026-04-07 12:45:50,1036.5550537109375,2.4079999923706055,0.421999990940094
2026-04-07 12:50:52,1038.779052734375,2.6389999389648438,0.46299999952316284
2026-04-07 12:55:54,1042.197021484375,2.4590001106262207,0.43299999833106995
2026-04-07 13:00:56,1043.666015625,3.0309998989105225,0.5350000262260437
2026-04-07 13:05:58,1015.072021484375,2.7669999599456787,0.4749999940395355
2026-04-07 13:11:00,1044.0780029296875,2.8570001125335693,0.5040000081062317
2026-04-07 13:16:02,1042.9830322265625,2.7330000400543213,0.4819999933242798
2026-04-07 13:21:04,1040.6099853515625,2.3889999389648438,0.41999998688697815
2026-04-07 13:26:06,1040.550048828125,2.4179999828338623,0.42500001192092896
2026-04-07 13:49:54,1029.029052734375,26.23900032043457,4.563000202178955
2026-04-07 13:54:56,1024.5050048828125,3.2679998874664307,0.5659999847412109
2026-04-07 13:59:57,1020.0960083007812,3.322999954223633,0.5730000138282776
2026-04-07 14:04:59,1016.27001953125,2.434000015258789,0.4180000126361847
2026-04-07 14:10:01,1007.8699951171875,2.4010000228881836,0.4090000092983246
2026-04-07 14:15:03,1006.9030151367188,2.4820001125335693,0.421999990940094
2026-04-07 14:20:05,1002.6190185546875,6.057000160217285,1.0260000228881836
2026-04-07 14:25:07,997.958984375,2.7750000953674316,0.46799999475479126
2026-04-07 14:30:09,991.010009765625,19.632999420166016,3.2880001068115234
2026-04-07 14:35:11,980.4979858398438,2.8359999656677246,0.4699999988079071
2026-04-07 14:40:13,971.760009765625,2.950000047683716,0.48500001430511475
2026-04-07 14:45:15,963.093994140625,3.046999931335449,0.4959999918937683
2026-04-07 14:50:17,954.5349731445312,3.01200008392334,0.4860000014305115
2026-04-07 14:55:19,948.0659790039062,3.059999942779541,0.49000000953674316
2026-04-07 15:00:21,936.7860107421875,2.9149999618530273,0.460999995470047
2026-04-07 15:05:23,924.2650146484375,2.808000087738037,0.4390000104904175
2026-04-07 15:10:25,917.510009765625,84.93499755859375,13.170000076293945
2026-04-07 15:15:27,904.177978515625,87.8239974975586,13.420000076293945
2026-04-07 15:20:29,891.0419921875,3.0199999809265137,0.45500001311302185
2026-04-07 15:25:31,878.9550170898438,3.1440000534057617,0.46700000762939453
2026-04-07 15:30:33,867.4970092773438,4.113999843597412,0.6029999852180481
2026-04-07 15:35:35,854.177978515625,2.746000051498413,0.3959999978542328
2026-04-07 15:40:37,841.5540161132812,3.489000082015991,0.4959999918937683
2026-04-07 15:45:39,829.6959838867188,3.309999942779541,0.46399998664855957
2026-04-07 15:50:41,817.4210205078125,3.6619999408721924,0.5059999823570251
2026-04-07 15:55:43,801.2890014648438,23.739999771118164,3.2149999141693115
2026-04-07 16:00:45,787.10498046875,3.003000020980835,0.39899998903274536
2026-04-07 16:05:47,771.6640014648438,3.190000057220459,0.41600000858306885
2026-04-07 16:10:49,754.781005859375,20.56599998474121,2.622999906539917
2026-04-07 16:15:51,738.0499877929688,3.4170000553131104,0.4259999990463257
2026-04-07 16:20:53,717.6729736328125,9.861000061035156,1.1959999799728394
2026-04-07 16:25:55,705.4650268554688,3.615999937057495,0.4309999942779541
2026-04-07 16:30:57,688.2670288085938,9.975000381469727,1.159999966621399
2026-04-07 16:35:59,667.4539794921875,80.02100372314453,9.026000022888184
2026-04-07 16:41:01,646.7949829101562,82.7509994506836,9.045000076293945
2026-04-07 16:46:03,632.5900268554688,3.2019999027252197,0.34200000762939453
2026-04-07 16:51:05,615.4290161132812,6.5980000495910645,0.6859999895095825
2026-04-07 16:56:07,596.5919799804688,72.7959976196289,7.340000152587891
2026-04-07 17:01:09,579.7940063476562,4.290999889373779,0.41999998688697815
2026-04-07 17:06:11,557.7009887695312,6.695000171661377,0.6309999823570251
2026-04-07 17:11:13,538.47802734375,65.16200256347656,5.929999828338623
2026-04-07 17:16:15,517.656982421875,27.749000549316406,2.427999973297119
2026-04-07 17:21:17,494.8299865722656,6.507999897003174,0.5440000295639038
2026-04-07 17:26:19,474.14898681640625,3.3440001010894775,0.2680000066757202
2026-04-07 17:31:21,454.093994140625,3.997999906539917,0.3070000112056732
2026-04-07 17:36:23,436.9070129394531,6.690000057220459,0.49399998784065247
2026-04-07 17:41:25,415.8699951171875,20.45199966430664,1.437000036239624
2026-04-07 17:46:27,392.45001220703125,3.6500000953674316,0.24199999868869781
2026-04-07 17:51:29,372.5740051269531,3.122999906539917,0.19699999690055847
2026-04-07 17:56:31,351.9540100097656,67.34200286865234,4.00600004196167
2026-04-07 18:01:33,331.197998046875,2.864000082015991,0.1599999964237213
2026-04-07 18:06:34,310.14898681640625,19.476999282836914,1.0210000276565552
2026-04-07 18:11:36,290.82501220703125,61.12900161743164,3.003999948501587
2026-04-07 18:16:38,271.06298828125,67.64399719238281,3.0989999771118164
2026-04-07 18:21:40,248.79800415039062,67.49700164794922,2.8380000591278076
2026-04-07 18:26:42,227.1750030517578,67.4749984741211,2.5910000801086426
2026-04-07 18:31:44,208.8000030517578,65.00700378417969,2.2939999103546143
2026-04-07 18:36:46,187.29100036621094,64.15499877929688,2.0309998989105225
2026-04-07 18:41:48,168.73800659179688,61.48699951171875,1.753000020980835
2026-04-07 18:46:50,151.08999633789062,59.60300064086914,1.5219999551773071
2026-04-07 18:51:52,133.88800048828125,58.058998107910156,1.3140000104904175
2026-04-07 18:56:54,118.4000015258789,56.073001861572266,1.121999979019165
2026-04-07 19:01:56,102.36100006103516,54.71099853515625,0.9459999799728394
2026-04-07 19:06:58,84.86900329589844,44.347999572753906,0.6359999775886536
2026-04-07 19:12:00,62.729000091552734,50.51599884033203,0.5360000133514404
2026-04-07 19:17:02,26.0939998626709,110.89700317382812,0.48899999260902405
2026-04-07 19:22:04,22.791000366210938,125.46299743652344,0.4830000102519989
2026-04-07 19:27:06,21.08799934387207,125.37200164794922,0.44699999690055847
2026-04-07 19:32:08,18.05699920654297,133.2740020751953,0.40700000524520874
2026-04-07 19:37:10,15.423999786376953,125.36299896240234,0.3269999921321869
2026-04-07 19:42:12,12.842000007629395,130.42300415039062,0.28299999237060547
2026-04-07 19:47:14,10.520999908447266,146.8280029296875,0.26100000739097595
2026-04-07 19:52:16,7.813000202178955,164.7030029296875,0.21699999272823334
2026-04-07 19:57:18,5.609000205993652,151.4510040283203,0.14399999380111694
2026-04-07 20:02:20,3.556999921798706,33.36600112915039,0.019999999552965164
2026-04-07 20:07:22,1.8009999990463257,-0.009999999776482582,0.0
2026-04-08 07:00:57,1.8009999990463257,-0.009999999776482582,0.0
2026-04-08 07:05:59,7.38100004196167,-0.017999999225139618,0.0
2026-04-08 07:11:01,10.04800033569336,0.004999999888241291,0.0
2026-04-08 07:16:03,12.944000244140625,-0.007000000216066837,0.0
2026-04-08 07:21:05,16.006999969482422,-0.00800000037997961,0.0
2026-04-08 07:26:07,21.50200080871582,0.004999999888241291,0.0
2026-04-08 07:31:09,25.218000411987305,0.012000000104308128,0.0
2026-04-08 07:36:11,28.89900016784668,-0.0020000000949949026,0.0
2026-04-08 07:46:15,85.2020034790039,-0.0020000000949949026,0.0
2026-04-08 07:51:17,112.6989974975586,-0.004000000189989805,0.0
2026-04-08 07:56:19,130.55099487304688,-0.004999999888241291,0.0
2026-04-08 08:01:21,149.80999755859375,-0.006000000052154064,0.0
2026-04-08 08:06:23,168.8800048828125,-0.010999999940395355,0.0
2026-04-08 08:11:25,188.2899932861328,38.529998779296875,1.2259999513626099
2026-04-08 08:16:27,207.73899841308594,52.698001861572266,1.850000023841858
2026-04-08 08:21:29,227.85400390625,54.441001892089844,2.0959999561309814
2026-04-08 08:26:31,248.76300048828125,55.834999084472656,2.3469998836517334
2026-04-08 08:31:33,268.72900390625,59.29999923706055,2.693000078201294
2026-04-08 08:36:35,288.99700927734375,59.75299835205078,2.9179999828338623
2026-04-08 08:41:37,309.510986328125,60.185001373291016,3.1480000019073486
2026-04-08 08:46:39,329.5950012207031,61.81700134277344,3.443000078201294
2026-04-08 08:51:41,349.68701171875,64.03299713134766,3.7839999198913574
2026-04-08 08:56:43,369.8559875488281,64.00800323486328,4.000999927520752
2026-04-08 09:01:45,391.489990234375,66.23899841308594,4.381999969482422
2026-04-08 09:06:47,413.07000732421875,66.80699920654297,4.664000034332275
2026-04-08 09:11:49,433.52899169921875,68.26599884033203,5.001999855041504
2026-04-08 09:16:51,455.6549987792969,69.8489990234375,5.379000186920166
2026-04-08 09:21:53,474.5140075683594,71.58999633789062,5.741000175476074
2026-04-08 09:26:55,495.3169860839844,72.49800109863281,6.068999767303467
2026-04-08 09:31:57,517.2459716796875,73.41899871826172,6.418000221252441
2026-04-08 09:36:59,538.6060180664062,71.65599822998047,6.521999835968018
2026-04-08 09:42:01,560.0499877929688,72.3030014038086,6.8429999351501465
2026-04-08 09:47:03,578.9329833984375,72.21299743652344,7.065000057220459
2026-04-08 09:52:05,598.9990234375,72.29399871826172,7.317999839782715
2026-04-08 09:57:07,618.0430297851562,70.0739974975586,7.318999767303467
2026-04-08 10:02:09,636.0709838867188,67.64199829101562,7.270999908447266
2026-04-08 10:07:11,654.9459838867188,63.08100128173828,6.98199987411499
2026-04-08 10:12:13,673.5089721679688,10.892999649047852,1.2400000095367432
2026-04-08 10:17:15,691.9450073242188,9.592000007629395,1.121999979019165
2026-04-08 10:22:17,713.8880004882812,6.013000011444092,0.7250000238418579
2026-04-08 10:27:19,731.968017578125,5.546999931335449,0.6859999895095825
2026-04-08 10:32:21,748.3090209960938,10.267999649047852,1.2979999780654907
2026-04-08 10:37:23,768.3839721679688,1.7280000448226929,0.2240000069141388
2026-04-08 10:42:24,781.885986328125,1.625,0.2150000035762787
2026-04-08 10:47:26,798.5029907226562,4.34499979019165,0.5860000252723694
2026-04-08 10:52:28,816.6539916992188,1.3899999856948853,0.19200000166893005
2026-04-08 10:57:30,833.614013671875,1.6510000228881836,0.2329999953508377
2026-04-08 11:02:32,848.719970703125,1.6640000343322754,0.23899999260902405
2026-04-08 11:07:34,865.2849731445312,2.0769999027252197,0.30399999022483826
2026-04-08 11:12:36,877.1820068359375,1.3949999809265137,0.2070000022649765
2026-04-08 11:17:38,893.3619995117188,1.8619999885559082,0.2809999883174896
2026-04-08 11:22:40,906.7839965820312,1.6720000505447388,0.25600001215934753
2026-04-08 11:27:42,918.5330200195312,1.965000033378601,0.3050000071525574
2026-04-08 11:32:44,932.1170043945312,46.0359992980957,7.251999855041504
2026-04-08 11:37:46,937.52197265625,1.475000023841858,0.23399999737739563
2026-04-08 11:42:48,946.7039794921875,4.573999881744385,0.7319999933242798
2026-04-08 11:47:50,956.2080078125,1.7330000400543213,0.2800000011920929
2026-04-08 11:52:52,968.3359985351562,2.015000104904175,0.33000001311302185
2026-04-08 11:57:54,979.3920288085938,1.7109999656677246,0.28299999237060547
2026-04-08 12:02:56,990.2219848632812,1.8700000047683716,0.31299999356269836
2026-04-08 12:07:58,998.68798828125,1.9179999828338623,0.3240000009536743
2026-04-08 12:13:00,1008.2650146484375,1.2100000381469727,0.20600000023841858
2026-04-08 12:18:02,1015.1290283203125,1.8639999628067017,0.3199999928474426
2026-04-08 12:23:04,1023.781005859375,1.7380000352859497,0.3009999990463257
2026-04-08 12:28:06,1023.302001953125,4.932000160217285,0.8529999852180481
2026-04-08 12:33:08,1026.3060302734375,1.652999997138977,0.28700000047683716
2026-04-08 12:38:10,1027.8790283203125,4.505000114440918,0.7829999923706055
2026-04-08 12:43:12,1029.81005859375,1.5889999866485596,0.2770000100135803
2026-04-08 12:48:14,1032.93896484375,1.9570000171661377,0.34200000762939453
2026-04-08 12:53:16,1036.4639892578125,1.7610000371932983,0.30799999833106995
2026-04-08 12:58:18,1037.552001953125,1.9780000448226929,0.34700000286102295
2026-04-08 13:03:20,1038.7149658203125,1.965999960899353,0.3449999988079071
2026-04-08 13:08:22,1040.373046875,1.996000051498413,0.35100001096725464
2026-04-08 13:13:24,1042.3609619140625,1.7239999771118164,0.30399999022483826
2026-04-08 13:18:26,1042.1009521484375,2.075000047683716,0.36500000953674316
2026-04-08 13:23:28,1041.489990234375,1.9259999990463257,0.33899998664855957
2026-04-08 13:28:30,1042.2879638671875,2.446000099182129,0.4309999942779541
2026-04-08 13:52:25,1028.6519775390625,2.38100004196167,0.414000004529953
2026-04-08 13:57:27,1026.637939453125,2.568000078201294,0.44600000977516174
2026-04-08 14:02:29,1025.43505859375,2.494999885559082,0.4320000112056732
2026-04-08 14:07:31,1018.0230102539062,2.8269999027252197,0.4860000014305115
2026-04-08 14:12:33,1010.7570190429688,2.3489999771118164,0.4009999930858612
2026-04-08 14:17:35,1008.8499755859375,2.3929998874664307,0.40799999237060547
2026-04-08 14:22:37,1001.968017578125,2.553999900817871,0.43299999833106995
2026-04-08 14:27:39,996.031982421875,83.96800231933594,14.133999824523926
2026-04-08 14:32:41,990.77001953125,86.22799682617188,14.437999725341797
2026-04-08 14:37:43,982.75,2.375,0.39399999380111694
2026-04-08 14:42:45,975.5679931640625,2.434999942779541,0.4009999930858612
2026-04-08 14:47:47,961.051025390625,2.9749999046325684,0.4830000102519989
2026-04-08 14:52:49,950.926025390625,2.9509999752044678,0.4740000069141388
2026-04-08 14:57:51,943.25,3.2060000896453857,0.5109999775886536
2026-04-08 15:02:53,931.35498046875,3.2760000228881836,0.515999972820282
2026-04-08 15:07:55,921.7440185546875,3.5409998893737793,0.5519999861717224
2026-04-08 15:12:57,911.8579711914062,3.6649999618530273,0.5649999976158142
2026-04-08 15:17:59,900.2260131835938,3.634000062942505,0.5529999732971191
2026-04-08 15:23:01,887.2750244140625,3.562000036239624,0.5339999794960022
2026-04-08 15:28:03,873.7349853515625,3.4600000381469727,0.5109999775886536
2026-04-08 15:33:05,862.468994140625,3.572000026702881,0.5210000276565552
2026-04-08 15:38:07,851.9039916992188,3.865999937057495,0.5569999814033508
2026-04-08 15:43:09,839.7979736328125,4.038000106811523,0.5730000138282776
2026-04-08 15:48:11,825.7100219726562,3.6010000705718994,0.5019999742507935
2026-04-08 15:53:12,815.3140258789062,10.282999992370605,1.4170000553131104
2026-04-08 15:58:14,799.7509765625,3.4210000038146973,0.4620000123977661
2026-04-08 16:03:16,782.0980224609375,3.440999984741211,0.45500001311302185
2026-04-08 16:08:18,770.468994140625,3.4059998989105225,0.4440000057220459
2026-04-08 16:13:20,748.302001953125,5.025000095367432,0.6349999904632568
2026-04-08 16:18:22,732.0269775390625,2.999000072479248,0.3709999918937683
2026-04-08 16:23:24,717.9149780273438,3.190000057220459,0.3869999945163727
2026-04-08 16:28:26,700.5230102539062,71.03199768066406,8.409000396728516
2026-04-08 16:33:28,681.3809814453125,3.2929999828338623,0.3790000081062317
2026-04-08 16:38:30,664.5650024414062,3.134999990463257,0.35199999809265137
2026-04-08 16:43:32,645.6640014648438,79.302001953125,8.652999877929688
2026-04-08 16:48:34,626.1829833984375,80.49400329589844,8.517999649047852
2026-04-08 16:53:36,602.9669799804688,18.64900016784668,1.899999976158142
2026-04-08 16:58:38,585.4099731445312,3.3269999027252197,0.32899999618530273
2026-04-08 17:03:40,566.6060180664062,3.760999917984009,0.36000001430511475
2026-04-08 17:08:42,544.4920043945312,3.2920000553131104,0.30300000309944153
2026-04-08 17:13:44,522.6010131835938,5.3379998207092285,0.47099998593330383
2026-04-08 17:18:46,502.84100341796875,4.303999900817871,0.3659999966621399
2026-04-08 17:23:48,482.8479919433594,3.809999942779541,0.3109999895095825
2026-04-08 17:28:50,461.25299072265625,59.244998931884766,4.618000030517578
2026-04-08 17:33:52,442.42498779296875,13.972000122070312,1.0449999570846558
2026-04-08 17:38:54,422.4049987792969,2.5250000953674316,0.18000000715255737
2026-04-08 17:43:56,399.4739990234375,2.9110000133514404,0.19599999487400055
2026-04-08 17:48:58,379.6960144042969,3.072999954223633,0.19699999690055847
2026-04-08 17:54:00,359.5830078125,72.8550033569336,4.427000045776367
2026-04-08 17:59:02,341.23699951171875,71.78700256347656,4.139999866485596
2026-04-08 18:04:04,320.1919860839844,67.85099792480469,3.671999931335449
2026-04-08 18:09:06,302.5419921875,69.1719970703125,3.5369999408721924
2026-04-08 18:14:08,291.01300048828125,66.68800354003906,3.2799999713897705
2026-04-08 18:19:10,258.1029968261719,68.54000091552734,2.990000009536743
2026-04-08 18:24:12,238.13099670410156,66.94999694824219,2.694000005722046
2026-04-08 18:29:14,217.65699768066406,64.70999908447266,2.380000114440918
2026-04-08 18:34:16,196.27200317382812,64.49700164794922,2.1389999389648438
2026-04-08 18:39:18,178.5970001220703,62.012001037597656,1.871999979019165
2026-04-08 18:44:20,160.9669952392578,60.59000015258789,1.6480000019073486
2026-04-08 18:49:22,143.20199584960938,58.76300048828125,1.4220000505447388
2026-04-08 18:54:24,125.72100067138672,56.36199951171875,1.1979999542236328
2026-04-08 18:59:26,108.82499694824219,57.34700012207031,1.0549999475479126
2026-04-08 19:04:28,92.79299926757812,55.73099899291992,0.8740000128746033
2026-04-08 19:09:30,75.62300109863281,49.97800064086914,0.6389999985694885
2026-04-08 19:14:32,36.6349983215332,90.06700134277344,0.5580000281333923
2026-04-08 19:19:34,25.179000854492188,131.7480010986328,0.5609999895095825
2026-04-08 19:24:36,23.104000091552734,119.01300048828125,0.4650000035762787
2026-04-08 19:29:38,20.95800018310547,136.15899658203125,0.4819999933242798
2026-04-08 19:34:39,17.714000701904297,131.7259979248047,0.39399999380111694
2026-04-08 19:39:41,15.232000350952148,126.86299896240234,0.3269999921321869
2026-04-08 19:44:43,12.743000030517578,130.69900512695312,0.2809999883174896
2026-04-08 19:49:45,10.192000389099121,149.552001953125,0.257999986410141
2026-04-08 19:54:47,7.482999801635742,148.95799255371094,0.18799999356269836
2026-04-08 19:59:49,5.313000202178955,138.7570037841797,0.125
2026-04-08 20:04:51,3.2980000972747803,0.5920000076293945,0.0
2026-04-08 20:09:53,1.6349999904632568,0.006000000052154064,0.0
2026-04-09 06:59:20,1.6349999904632568,0.006000000052154064,0.0
2026-04-09 07:04:22,6.298999786376953,0.012000000104308128,0.0
2026-04-09 07:09:24,8.628999710083008,0.004999999888241291,0.0
2026-04-09 07:14:26,12.685999870300293,0.0020000000949949026,0.0
2026-04-09 07:19:28,16.69700050354004,0.004999999888241291,0.0
2026-04-09 07:24:30,22.191999435424805,0.013000000268220901,0.0
2026-04-09 07:29:32,25.968000411987305,0.006000000052154064,0.0
2026-04-09 07:34:34,29.55900001525879,0.0010000000474974513,0.0
2026-04-09 07:39:36,36.85599899291992,0.003000000026077032,0.0
2026-04-09 07:44:38,82.58300018310547,-0.0010000000474974513,0.0
2026-04-09 07:49:40,112.96700286865234,-0.003000000026077032,0.0
2026-04-09 07:54:42,131.9290008544922,-0.004999999888241291,0.0
2026-04-09 07:59:44,149.0399932861328,-0.006000000052154064,0.0
2026-04-09 08:04:46,163.28199768066406,-0.009999999776482582,0.0
2026-04-09 08:09:48,190.36099243164062,-0.008999999612569809,0.0
2026-04-09 08:14:50,211.01300048828125,-0.01600000075995922,-0.0010000000474974513
2026-04-09 08:19:52,230.13900756835938,49.67900085449219,1.9320000410079956
2026-04-09 08:24:54,247.3459930419922,53.69599914550781,2.244999885559082
2026-04-09 08:29:56,244.2259979248047,60.52399826049805,2.497999906539917
2026-04-09 08:34:58,289.45098876953125,58.8849983215332,2.880000114440918
2026-04-09 08:40:00,309.13800048828125,60.569000244140625,3.1640000343322754
2026-04-09 08:45:02,326.42999267578125,62.891998291015625,3.4700000286102295
2026-04-09 08:50:04,351.0419921875,62.91400146484375,3.7320001125335693
2026-04-09 08:55:06,363.125,64.65899658203125,3.9679999351501465
2026-04-09 09:00:08,390.0889892578125,66.14099884033203,4.360000133514404
2026-04-09 09:05:10,409.4859924316406,67.36100006103516,4.6620001792907715
2026-04-09 09:10:12,435.0880126953125,67.52200317382812,4.965000152587891
2026-04-09 09:15:14,454.9490051269531,66.90899658203125,5.144000053405762
2026-04-09 09:20:16,476.114013671875,69.63300323486328,5.603000164031982
2026-04-09 09:25:18,495.9360046386719,70.39199829101562,5.900000095367432
2026-04-09 09:30:20,516.697021484375,70.7249984741211,6.176000118255615
2026-04-09 09:35:22,537.166015625,70.947998046875,6.440999984741211
2026-04-09 09:40:24,553.6480102539062,69.69100189208984,6.520999908447266
2026-04-09 09:45:26,575.1840209960938,69.76599884033203,6.7820000648498535
2026-04-09 09:50:28,593.301025390625,70.7979965209961,7.098999977111816
2026-04-09 09:55:30,613.9520263671875,71.1500015258789,7.381999969482422
2026-04-09 10:00:32,633.6619873046875,71.43800354003906,7.650000095367432
2026-04-09 10:05:34,653.0059814453125,71.05400085449219,7.841000080108643
2026-04-09 10:10:36,667.9249877929688,69.96700286865234,7.8979997634887695
2026-04-09 10:15:38,691.2849731445312,64.47000122070312,7.5320000648498535
2026-04-09 10:20:40,710.9940185546875,16.900999069213867,2.0309998989105225
2026-04-09 10:25:42,730.031982421875,26.726999282836914,3.296999931335449
2026-04-09 10:30:44,746.3660278320312,19.740999221801758,2.490000009536743
2026-04-09 10:35:46,767.9149780273438,11.79800033569336,1.531000018119812
2026-04-09 10:40:48,783.6229858398438,5.7829999923706055,0.765999972820282
2026-04-09 10:45:50,800.8690185546875,2.509000062942505,0.3400000035762787
2026-04-09 10:50:52,817.1630249023438,9.53600025177002,1.3170000314712524
2026-04-09 10:55:54,832.6290283203125,15.302000045776367,2.1530001163482666
2026-04-09 11:00:56,847.8720092773438,4.324999809265137,0.6200000047683716
2026-04-09 11:05:58,863.02197265625,7.083000183105469,1.0329999923706055
2026-04-09 11:11:00,879.1270141601562,8.776000022888184,1.3040000200271606
2026-04-09 11:16:02,892.2470092773438,10.083000183105469,1.5199999809265137
2026-04-09 11:21:04,905.6409912109375,5.111999988555908,0.7820000052452087
2026-04-09 11:26:06,917.093017578125,5.0,0.7749999761581421
2026-04-09 11:31:08,928.697021484375,9.232000350952148,1.4490000009536743
2026-04-09 11:36:10,941.406005859375,6.015999794006348,0.9570000171661377
2026-04-09 11:41:12,945.8939819335938,5.692999839782715,0.9100000262260437
2026-04-09 11:46:14,958.6220092773438,4.107999801635742,0.6660000085830688
2026-04-09 11:51:16,969.6849975585938,3.688999891281128,0.6050000190734863
2026-04-09 11:56:17,986.02099609375,4.070000171661377,0.6779999732971191
2026-04-09 12:01:19,991.0289916992188,3.9619998931884766,0.6639999747276306
2026-04-09 12:06:21,1004.093994140625,3.500999927520752,0.593999981880188
2026-04-09 12:11:23,1011.9609985351562,3.4600000381469727,0.5920000076293945
2026-04-09 12:16:25,1020.573974609375,3.746999979019165,0.6460000276565552
2026-04-09 12:21:27,1020.833984375,3.7750000953674316,0.6510000228881836
2026-04-09 12:26:29,1024.6190185546875,1.8960000276565552,0.328000009059906
2026-04-09 12:31:31,1040.843017578125,2.308000087738037,0.4059999883174896
2026-04-09 12:36:33,1042.114013671875,1.9789999723434448,0.3479999899864197
2026-04-09 12:41:35,1043.761962890625,3.062000036239624,0.5400000214576721
2026-04-09 12:46:37,1036.5460205078125,3.1059999465942383,0.5440000295639038
2026-04-09 12:51:39,1039.4930419921875,3.0299999713897705,0.5320000052452087
2026-04-09 12:56:41,1047.7550048828125,3.053999900817871,0.5410000085830688
2026-04-09 13:01:43,1042.8160400390625,3.0889999866485596,0.5440000295639038
2026-04-09 13:06:45,1044.074951171875,3.0369999408721924,0.5360000133514404
2026-04-09 13:11:47,1039.77197265625,3.4230000972747803,0.6010000109672546
2026-04-09 13:16:49,1037.666015625,3.138000011444092,0.550000011920929
2026-04-09 13:21:51,1039.0169677734375,2.8429999351501465,0.49900001287460327
2026-04-09 13:26:53,1037.615966796875,3.1989998817443848,0.5609999895095825
2026-04-09 13:50:38,1028.3409423828125,80.70600128173828,14.026000022888184
2026-04-09 13:55:40,1022.447998046875,2.7699999809265137,0.4790000021457672
2026-04-09 14:00:42,1019.0349731445312,7.894000053405762,1.3589999675750732
2026-04-09 14:05:44,1013.864990234375,2.8949999809265137,0.4959999918937683
2026-04-09 14:10:46,1008.7449951171875,2.7739999294281006,0.4729999899864197
2026-04-09 14:15:48,1001.8699951171875,2.88100004196167,0.4880000054836273
2026-04-09 14:20:50,990.7059936523438,2.8929998874664307,0.48399999737739563
2026-04-09 14:25:52,983.625,3.2769999504089355,0.5450000166893005
2026-04-09 14:30:54,982.7269897460938,3.378000020980835,0.5609999895095825
2026-04-09 14:35:56,974.4390258789062,5.802999973297119,0.9559999704360962
2026-04-09 14:40:57,963.9450073242188,3.0869998931884766,0.503000020980835
2026-04-09 14:45:59,959.0189819335938,3.3239998817443848,0.5389999747276306
2026-04-09 14:51:01,943.6729736328125,3.4079999923706055,0.5440000295639038
2026-04-09 14:56:03,944.8930053710938,3.3310000896453857,0.5320000052452087
2026-04-09 15:01:05,933.10400390625,3.4079999923706055,0.5370000004768372
2026-04-09 15:06:07,919.22998046875,3.3269999027252197,0.5170000195503235
2026-04-09 15:11:09,909.8809814453125,6.910999774932861,1.062999963760376
2026-04-09 15:16:11,898.8389892578125,3.492000102996826,0.5299999713897705
2026-04-09 15:21:13,889.3660278320312,3.8949999809265137,0.5849999785423279
2026-04-09 15:26:15,876.5919799804688,3.8469998836517334,0.5699999928474426
2026-04-09 15:31:17,865.7739868164062,3.6570000648498535,0.5350000262260437
2026-04-09 15:36:19,853.5659790039062,3.8480000495910645,0.5550000071525574
2026-04-09 15:41:21,840.85302734375,4.045000076293945,0.574999988079071
2026-04-09 15:46:23,826.905029296875,6.835000038146973,0.9549999833106995
2026-04-09 15:51:25,815.177001953125,53.46799850463867,7.366000175476074
2026-04-09 15:56:27,800.7360229492188,3.805000066757202,0.5149999856948853
2026-04-09 16:01:29,781.8790283203125,19.2549991607666,2.5439999103546143
2026-04-09 16:06:31,772.2739868164062,80.28900146484375,10.479000091552734
2026-04-09 16:11:33,751.1190185546875,79.14600372314453,10.04699993133545
2026-04-09 16:16:35,736.2880249023438,78.90899658203125,9.819000244140625
2026-04-09 16:21:37,716.0700073242188,78.95099639892578,9.553999900817871
2026-04-09 16:26:39,709.552001953125,79.91100311279297,9.581999778747559
2026-04-09 16:31:41,688.2260131835938,87.68599700927734,10.199000358581543
2026-04-09 16:36:43,667.2659912109375,10.237000465393066,1.1540000438690186
2026-04-09 16:41:45,651.56298828125,84.90599822998047,9.348999977111816
2026-04-09 16:46:47,629.72998046875,84.1760025024414,8.958000183105469
2026-04-09 16:51:49,612.8460083007812,85.3270034790039,8.836999893188477
2026-04-09 16:56:51,593.7739868164062,86.46600341796875,8.677000045776367
2026-04-09 17:01:53,579.9219970703125,82.73500061035156,8.109000205993652
2026-04-09 17:06:55,555.4630126953125,82.27100372314453,7.7230000495910645
2026-04-09 17:11:57,525.5130004882812,80.89600372314453,7.184999942779541
2026-04-09 17:16:59,516.9190063476562,80.97100067138672,7.073999881744385
2026-04-09 17:22:01,496.35400390625,80.6449966430664,6.764999866485596
2026-04-09 17:27:03,480.27398681640625,78.80500030517578,6.395999908447266
2026-04-09 17:32:05,443.6369934082031,77.93000030517578,5.8429999351501465
2026-04-09 17:37:07,446.9809875488281,77.02200317382812,5.817999839782715
2026-04-09 17:42:09,370.0799865722656,78.93499755859375,4.936999797821045
2026-04-09 17:47:11,397.72100830078125,75.15299987792969,5.051000118255615
2026-04-09 17:52:13,376.8110046386719,74.56199645996094,4.748000144958496
2026-04-09 17:57:15,353.9200134277344,72.62100219726562,4.343999862670898
2026-04-09 18:02:17,316.0639953613281,74.38700103759766,3.9730000495910645
2026-04-09 18:07:19,352.5119934082031,63.141998291015625,3.76200008392334
2026-04-09 18:12:21,339.1449890136719,59.22100067138672,3.3940000534057617
2026-04-09 18:17:23,275.5220031738281,66.4260025024414,3.0929999351501465
2026-04-09 18:22:25,253.29100036621094,66.09300231933594,2.8289999961853027
2026-04-09 18:27:27,233.59100341796875,64.66999816894531,2.552999973297119
2026-04-09 18:32:29,214.9969940185547,62.32699966430664,2.265000104904175
2026-04-09 18:37:31,196.51699829101562,57.016998291015625,1.8940000534057617
2026-04-09 18:42:33,177.29600524902344,58.25400161743164,1.7450000047683716
2026-04-09 18:47:35,159.14100646972656,55.53499984741211,1.49399995803833
2026-04-09 18:52:37,141.19500732421875,54.33100128173828,1.2960000038146973
2026-04-09 18:57:39,123.51499938964844,53.016998291015625,1.1069999933242798
2026-04-09 19:02:40,107.09300231933594,52.249000549316406,0.9459999799728394
2026-04-09 19:07:42,89.61399841308594,42.88399887084961,0.6489999890327454
2026-04-09 19:12:44,44.79999923706055,73.0250015258789,0.5529999732971191
2026-04-09 19:17:46,25.750999450683594,123.75900268554688,0.5389999747276306
2026-04-09 19:22:48,23.656999588012695,124.87000274658203,0.49900001287460327
2026-04-09 19:27:50,21.562999725341797,113.40499877929688,0.4129999876022339
2026-04-09 19:32:52,19.261999130249023,120.54499816894531,0.3919999897480011
2026-04-09 19:37:54,15.97700023651123,123.16600036621094,0.3330000042915344
2026-04-09 19:42:56,13.680000305175781,134.98800659179688,0.31200000643730164
2026-04-09 19:47:58,11.371000289916992,130.32400512695312,0.25
2026-04-09 19:53:00,9.031000137329102,116.60700225830078,0.17800000309944153
2026-04-09 19:58:02,5.60699987411499,148.25399780273438,0.14000000059604645
2026-04-09 20:03:04,3.121999979019165,0.5249999761581421,0.0
2026-04-09 20:08:06,1.2309999465942383,0.012000000104308128,0.0
2026-04-10 07:02:44,1.2309999465942383,0.012000000104308128,0.0
2026-04-10 07:07:46,7.25,-0.01600000075995922,0.0
2026-04-10 07:12:48,10.180999755859375,0.020999999716877937,0.0
2026-04-10 07:17:50,13.70300006866455,0.02500000037252903,0.0
2026-04-10 07:22:52,17.582000732421875,0.007000000216066837,0.0
2026-04-10 07:27:54,20.759000778198242,0.007000000216066837,0.0
2026-04-10 07:32:56,22.871000289916992,0.014999999664723873,0.0
2026-04-10 07:37:58,26.5939998626709,0.003000000026077032,0.0
2026-04-10 07:43:00,42.69499969482422,0.0020000000949949026,0.0
2026-04-10 07:48:02,70.82099914550781,-0.0010000000474974513,0.0
2026-04-10 07:53:04,82.60600280761719,-0.003000000026077032,0.0
2026-04-10 07:58:06,108.97799682617188,-0.004999999888241291,0.0
2026-04-10 08:03:08,98.93000030517578,-0.007000000216066837,0.0
2026-04-10 08:08:10,175.7550048828125,54.582000732421875,1.621000051498413
2026-04-10 08:13:12,164.3520050048828,57.867000579833984,1.6069999933242798
2026-04-10 08:18:14,237.06199645996094,58.04399871826172,2.325000047683716
2026-04-10 08:23:16,106.33599853515625,71.78900146484375,1.2899999618530273
2026-04-10 08:28:18,63.57699966430664,79.56300354003906,0.8550000190734863
2026-04-10 08:33:20,61.176998138427734,79.60700225830078,0.8230000138282776
2026-04-10 08:38:22,99.01799774169922,78.55599975585938,1.315000057220459
2026-04-10 08:43:24,215.15199279785156,50.61399841308594,1.840000033378601
2026-04-10 08:48:26,288.1969909667969,62.965999603271484,3.066999912261963
2026-04-10 08:53:28,250.93899536132812,68.11000061035156,2.888000011444092
2026-04-10 08:58:30,154.24200439453125,130.84300231933594,3.4110000133514404
2026-04-10 09:03:32,126.5739974975586,81.28399658203125,1.7389999628067017
2026-04-10 09:08:34,366.59698486328125,67.45099639892578,4.178999900817871
2026-04-10 09:13:36,376.7539978027344,68.6780014038086,4.373000144958496
2026-04-10 09:18:38,377.4419860839844,68.71399688720703,4.382999897003174
2026-04-10 09:23:40,413.2300109863281,71.33499908447266,4.98199987411499
2026-04-10 09:28:42,397.010986328125,69.52400207519531,4.664999961853027
2026-04-10 09:33:44,380.072998046875,71.96099853515625,4.622000217437744
2026-04-10 09:38:46,351.5039978027344,70.20999908447266,4.171000003814697
2026-04-10 09:43:48,359.177001953125,68.39700317382812,4.1519999504089355
2026-04-10 09:48:50,386.1510009765625,73.6709976196289,4.808000087738037
2026-04-10 09:53:52,269.2619934082031,91.05699920654297,4.144000053405762
2026-04-10 09:58:54,197.6529998779297,89.93199920654297,3.003999948501587
2026-04-10 10:03:56,232.40699768066406,86.43800354003906,3.3949999809265137
2026-04-10 10:08:58,531.5770263671875,76.85800170898438,6.90500020980835
2026-04-10 10:14:00,217.59100341796875,89.0989990234375,3.2760000228881836
2026-04-10 10:19:02,186.0749969482422,88.94999694824219,2.796999931335449
2026-04-10 10:24:04,299.1820068359375,130.6300048828125,6.605000019073486
2026-04-10 10:29:06,599.2890014648438,73.29000091552734,7.422999858856201
2026-04-10 10:34:08,613.4089965820312,6.764999866485596,0.7009999752044678
2026-04-10 10:39:10,106.9010009765625,90.81300354003906,1.6410000324249268
2026-04-10 10:44:11,88.14900207519531,93.33399963378906,1.3899999856948853
2026-04-10 10:49:14,114.1050033569336,95.58499908447266,1.843000054359436
2026-04-10 10:54:15,675.2459716796875,81.66200256347656,9.319000244140625
2026-04-10 10:59:18,281.9200134277344,169.0970001220703,8.057000160217285
2026-04-10 11:04:19,774.0800170898438,48.35300064086914,6.326000213623047
2026-04-10 11:09:22,757.5570068359375,68.23999786376953,8.737000465393066
2026-04-10 11:14:23,243.97000122070312,91.53800201416016,3.7739999294281006
2026-04-10 11:19:25,240.29299926757812,99.08499908447266,4.02400016784668
2026-04-10 11:24:27,188.7469940185547,106.35399627685547,3.3929998874664307
2026-04-10 11:29:29,156.05499267578125,97.63500213623047,2.575000047683716
2026-04-10 11:34:31,259.10400390625,96.19999694824219,4.211999893188477
2026-04-10 11:39:33,445.3940124511719,59.70000076293945,4.49399995803833
2026-04-10 11:44:35,245.16000366210938,114.99500274658203,4.763999938964844
2026-04-10 11:49:37,327.5090026855469,100.2030029296875,5.546000003814697
2026-04-10 11:54:39,292.1390075683594,86.25700378417969,4.258999824523926
2026-04-10 11:59:41,771.905029296875,64.9229965209961,8.468999862670898
2026-04-10 12:04:43,880.7630004882812,78.23100280761719,11.645000457763672
2026-04-10 12:09:45,753.1500244140625,85.65299987792969,10.902000427246094
2026-04-10 12:14:47,413.9949951171875,89.8270034790039,6.284999847412109
2026-04-10 12:19:49,914.5689697265625,85.44300079345703,13.206000328063965
2026-04-10 12:24:51,428.822998046875,151.75399780273438,10.998000144958496
2026-04-10 12:29:53,862.530029296875,82.64900207519531,12.04800033569336
2026-04-10 12:34:55,893.5679931640625,1.8329999446868896,0.2770000100135803
2026-04-10 12:39:57,920.9669799804688,3.684999942779541,0.5730000138282776
2026-04-10 12:44:59,943.1939697265625,3.3959999084472656,0.5410000085830688
2026-04-10 12:50:01,943.093017578125,3.6389999389648438,0.5799999833106995
2026-04-10 12:55:03,810.9810180664062,3.742000102996826,0.5130000114440918
2026-04-10 13:00:05,804.27001953125,3.9709999561309814,0.5400000214576721
2026-04-10 13:05:07,609.1539916992188,48.891998291015625,5.0329999923706055
2026-04-10 13:10:09,669.7069702148438,82.24600219726562,9.309000015258789
2026-04-10 13:15:11,646.9739990234375,85.15799713134766,9.310999870300293
2026-04-10 13:20:13,598.9509887695312,88.60199737548828,8.968999862670898
2026-04-10 13:25:15,650.760009765625,87.74700164794922,9.649999618530273
2026-04-10 13:49:08,532.6290283203125,92.5469970703125,8.331000328063965
2026-04-10 13:54:10,473.4630126953125,94.6989974975586,7.577000141143799
2026-04-10 13:59:12,502.80499267578125,93.9000015258789,7.979000091552734
2026-04-10 14:04:14,510.7860107421875,94.76799774169922,8.180999755859375
2026-04-10 14:09:16,497.36700439453125,104.66300201416016,8.79699993133545
2026-04-10 14:14:18,453.1910095214844,107.75700378417969,8.253000259399414
2026-04-10 14:19:20,400.2380065917969,99.2959976196289,6.716000080108643
2026-04-10 14:24:22,487.8739929199219,94.8219985961914,7.817999839782715
2026-04-10 14:29:24,351.0880126953125,98.62200164794922,5.8520002365112305
2026-04-10 14:34:26,373.63299560546875,98.322998046875,6.209000110626221
2026-04-10 14:39:28,395.7969970703125,103.80899810791016,6.943999767303467
2026-04-10 14:44:30,331.65301513671875,100.14600372314453,5.61299991607666
2026-04-10 14:49:32,331.26300048828125,100.89700317382812,5.64900016784668
2026-04-10 14:54:34,331.906005859375,100.51000213623047,5.638000011444092
2026-04-10 14:59:36,318.40899658203125,99.50299835205078,5.354000091552734
2026-04-10 15:04:38,298.65399169921875,99.2239990234375,5.007999897003174
2026-04-10 15:09:40,299.15899658203125,99.0739974975586,5.008999824523926
2026-04-10 15:14:42,284.30499267578125,99.37999725341797,4.775000095367432
2026-04-10 15:19:44,264.92999267578125,99.93699645996094,4.473999977111816
2026-04-10 15:24:46,235.2429962158203,99.74600219726562,3.9660000801086426
2026-04-10 15:29:48,241.4770050048828,98.8489990234375,4.033999919891357
2026-04-10 15:34:50,249.71200561523438,97.57099914550781,4.118000030517578
2026-04-10 15:39:52,232.9010009765625,98.1520004272461,3.86299991607666
2026-04-10 15:44:54,219.7689971923828,97.88700103759766,3.635999917984009
2026-04-10 15:49:56,208.06900024414062,97.44200134277344,3.4260001182556152
2026-04-10 15:54:58,207.30499267578125,97.70099639892578,3.4230000972747803
2026-04-10 16:00:00,225.59800720214844,97.5989990234375,3.7209999561309814
2026-04-10 16:05:02,226.75900268554688,98.41500091552734,3.7709999084472656
2026-04-10 16:10:04,218.46400451660156,99.3290023803711,3.6670000553131104
2026-04-10 16:15:06,231.4219970703125,98.63999938964844,3.8580000400543213
2026-04-10 16:20:08,241.29600524902344,97.35099792480469,3.9700000286102295
2026-04-10 16:25:10,219.26400756835938,96.3759994506836,3.571000099182129
2026-04-10 16:30:12,188.1199951171875,96.65899658203125,3.072999954223633
2026-04-10 16:35:14,185.97300720214844,98.0739974975586,3.0820000171661377
2026-04-10 16:40:16,175.88099670410156,95.36199951171875,2.8350000381469727
2026-04-10 16:45:18,171.70700073242188,96.87699890136719,2.811000108718872
2026-04-10 16:50:20,179.41299438476562,96.48200225830078,2.924999952316284
2026-04-10 16:55:22,188.3090057373047,97.74199676513672,3.1110000610351562
2026-04-10 17:00:24,204.90499877929688,96.57599639892578,3.3440001010894775
2026-04-10 17:05:26,186.27000427246094,97.09500122070312,3.055999994277954
2026-04-10 17:10:28,175.14999389648438,96.49099731445312,2.8559999465942383
2026-04-10 17:15:30,164.49600219726562,96.08399963378906,2.6710000038146973
2026-04-10 17:20:32,169.21400451660156,95.58200073242188,2.7330000400543213
2026-04-10 17:25:34,196.8979949951172,93.66600036621094,3.117000102996826
2026-04-10 17:30:36,194.25399780273438,94.0009994506836,3.0859999656677246
2026-04-10 17:35:38,248.5050048828125,88.2040023803711,3.7039999961853027
2026-04-10 17:40:40,209.00100708007812,88.5979995727539,3.128999948501587
2026-04-10 17:45:42,223.0330047607422,85.73899841308594,3.2320001125335693
2026-04-10 17:50:44,196.82200622558594,87.677001953125,2.9159998893737793
2026-04-10 17:55:46,132.0709991455078,95.93599700927734,2.1410000324249268
2026-04-10 18:00:48,116.5459976196289,94.24500274658203,1.8559999465942383
2026-04-10 18:05:50,132.75,88.47699737548828,1.9850000143051147
2026-04-10 18:10:52,188.47500610351562,78.80599975585938,2.509999990463257
2026-04-10 18:15:54,127.99099731445312,93.43299865722656,2.0209999084472656
2026-04-10 18:20:56,108.73699951171875,93.97699737548828,1.7269999980926514
2026-04-10 18:25:57,105.6780014038086,89.19300079345703,1.593000054359436
2026-04-10 18:30:59,85.1520004272461,91.51699829101562,1.3170000314712524
2026-04-10 18:36:01,78.36799621582031,91.61799621582031,1.2130000591278076
2026-04-10 18:41:03,77.31700134277344,93.13500213623047,1.2170000076293945
2026-04-10 18:46:05,78.68299865722656,89.59400177001953,1.190999984741211
2026-04-10 18:51:07,76.98500061035156,86.4990005493164,1.125
2026-04-10 18:56:09,70.99700164794922,87.4530029296875,1.0490000247955322
2026-04-10 19:01:11,63.37799835205078,92.44000244140625,0.9900000095367432
2026-04-10 19:06:13,60.500999450683594,89.94300079345703,0.9200000166893005
2026-04-10 19:11:15,48.125999450683594,92.6709976196289,0.7540000081062317
2026-04-10 19:16:17,38.74300003051758,94.97100067138672,0.621999979019165
2026-04-10 19:21:19,32.26499938964844,98.04100036621094,0.5350000262260437
2026-04-10 19:26:21,27.437999725341797,85.25399780273438,0.39500001072883606
2026-04-10 19:31:23,24.493999481201172,89.41100311279297,0.3700000047683716
2026-04-10 19:36:25,20.533000946044922,91.61699676513672,0.3179999887943268
2026-04-10 19:41:27,15.472000122070312,82.59500122070312,0.2160000056028366
2026-04-10 19:46:29,11.305000305175781,101.49099731445312,0.1940000057220459
2026-04-10 19:51:31,9.869999885559082,93.68399810791016,0.15600000321865082
2026-04-10 19:56:33,7.210999965667725,38.69200134277344,0.04699999839067459
2026-04-10 20:01:35,5.514999866485596,0.31299999356269836,0.0
2026-04-10 20:06:37,3.5179998874664307,0.421999990940094,0.0
2026-04-10 20:11:39,1.6779999732971191,0.024000000208616257,0.0
2026-04-11 06:51:03,1.6779999732971191,0.024000000208616257,0.0
2026-04-11 06:56:05,3.8320000171661377,0.04699999839067459,0.0
2026-04-11 07:01:07,4.586999893188477,0.032999999821186066,0.0
2026-04-11 07:06:09,6.359000205993652,0.01899999938905239,0.0
2026-04-11 07:11:11,9.795000076293945,0.01899999938905239,0.0
2026-04-11 07:21:15,13.48799991607666,0.0010000000474974513,0.0
2026-04-11 07:26:17,16.202999114990234,0.007000000216066837,0.0
2026-04-11 07:31:19,24.304000854492188,0.006000000052154064,0.0
2026-04-11 07:36:21,59.23699951171875,0.0010000000474974513,0.0
2026-04-11 07:41:23,65.6729965209961,-0.0010000000474974513,0.0
2026-04-11 07:46:25,63.3650016784668,-0.0020000000949949026,0.0
2026-04-11 07:51:27,72.87100219726562,-0.004000000189989805,0.0
2026-04-11 07:56:29,79.50599670410156,-0.004000000189989805,0.0
2026-04-11 08:01:31,151.60499572753906,-0.00800000037997961,0.0
2026-04-11 08:06:33,173.63699340820312,-0.012000000104308128,0.0
2026-04-11 08:11:35,193.343994140625,-0.01600000075995922,-0.0010000000474974513
2026-04-11 08:16:37,219.4770050048828,43.479000091552734,1.6130000352859497
2026-04-11 08:21:39,219.1790008544922,48.90700149536133,1.812000036239624
2026-04-11 08:26:41,193.73300170898438,54.448001861572266,1.7829999923706055
2026-04-11 08:31:43,152.73399353027344,68.37799835205078,1.7649999856948853
2026-04-11 08:36:45,136.73399353027344,72.75599670410156,1.680999994277954
2026-04-11 08:41:47,90.73799896240234,87.9489974975586,1.3489999771118164
2026-04-11 08:46:49,141.9929962158203,65.25700378417969,1.565999984741211
2026-04-11 08:51:51,92.95999908447266,89.21499633789062,1.4019999504089355
2026-04-11 08:56:53,155.36199951171875,73.98699951171875,1.9429999589920044
2026-04-11 09:01:55,159.95399475097656,79.4020004272461,2.1459999084472656
2026-04-11 09:06:57,171.05599975585938,77.59100341796875,2.243000030517578
2026-04-11 09:11:59,149.0489959716797,82.25499725341797,2.072000026702881
2026-04-11 09:17:01,163.33299255371094,81.625,2.253000020980835
2026-04-11 09:22:03,201.80799865722656,78.73200225830078,2.684999942779541
2026-04-11 09:27:05,196.71299743652344,82.69300079345703,2.749000072479248
2026-04-11 09:32:07,199.3780059814453,81.43900299072266,2.74399995803833
2026-04-11 09:37:09,218.1540069580078,82.38800048828125,3.0369999408721924
2026-04-11 09:42:11,308.427001953125,80.86499786376953,4.215000152587891
2026-04-11 09:47:13,189.6909942626953,83.37699890136719,2.6730000972747803
2026-04-11 09:52:15,191.1439971923828,82.31600189208984,2.6589999198913574
2026-04-11 09:57:17,218.42100524902344,92.63500213623047,3.4189999103546143
2026-04-11 10:02:19,160.02099609375,87.58399963378906,2.36899995803833
2026-04-11 10:07:21,152.14199829101562,89.22699737548828,2.2939999103546143
2026-04-11 10:12:23,165.31900024414062,83.81199645996094,2.3420000076293945
2026-04-11 10:17:25,181.406005859375,87.9229965209961,2.696000099182129
2026-04-11 10:22:27,270.822998046875,84.91200256347656,3.885999917984009
2026-04-11 10:27:29,252.38400268554688,84.66100311279297,3.6110000610351562
2026-04-11 10:32:31,339.4079895019531,84.60199737548828,4.853000164031982
2026-04-11 10:37:33,391.2799987792969,80.74400329589844,5.339000225067139
2026-04-11 10:42:35,470.8340148925781,83.01899719238281,6.605999946594238
2026-04-11 10:47:37,406.239990234375,82.57099914550781,5.669000148773193
2026-04-11 10:52:39,365.9679870605469,92.44999694824219,5.7179999351501465
2026-04-11 10:57:40,316.11199951171875,85.35299682617188,4.559999942779541
2026-04-11 11:02:42,383.0559997558594,83.7249984741211,5.420000076293945
2026-04-11 11:07:44,397.8900146484375,84.53399658203125,5.684000015258789
2026-04-11 11:12:46,328.7040100097656,84.95800018310547,4.71999979019165
2026-04-11 11:17:48,397.5769958496094,90.61900329589844,6.089000225067139
2026-04-11 11:22:50,696.3699951171875,62.220001220703125,7.322000026702881
2026-04-11 11:27:52,582.0689697265625,21.121000289916992,2.078000068664551
2026-04-11 11:32:54,623.9420166015625,11.015999794006348,1.1619999408721924
2026-04-11 11:37:56,723.7230224609375,8.017000198364258,0.9810000061988831
2026-04-11 11:42:58,923.4810180664062,53.229000091552734,8.307000160217285
2026-04-11 11:48:00,732.1259765625,5.541999816894531,0.6859999895095825
2026-04-11 11:53:02,1004.7130126953125,3.062000036239624,0.5199999809265137
2026-04-11 11:58:04,954.0070190429688,3.003999948501587,0.48399999737739563
2026-04-11 12:03:06,952.1510009765625,3.2829999923706055,0.527999997138977
2026-04-11 12:08:08,959.7119750976562,3.390000104904175,0.550000011920929
2026-04-11 12:13:10,966.9600219726562,62.020999908447266,10.135000228881836
2026-04-11 12:18:12,973.802978515625,3.0510001182556152,0.5019999742507935
2026-04-11 12:23:14,975.822021484375,2.5429999828338623,0.4189999997615814
2026-04-11 12:28:16,990.635009765625,2.371000051498413,0.3970000147819519
2026-04-11 12:33:18,992.656005859375,2.0480000972747803,0.3440000116825104
2026-04-11 12:38:20,995.6019897460938,4.75600004196167,0.800000011920929
2026-04-11 12:43:22,994.6329956054688,1.972000002861023,0.3310000002384186
2026-04-11 12:48:24,988.2930297851562,2.6019999980926514,0.4350000023841858
2026-04-11 12:53:26,989.7210083007812,2.865999937057495,0.4790000021457672
2026-04-11 12:58:28,996.2269897460938,2.5399999618530273,0.42800000309944153
2026-04-11 13:03:30,985.2570190429688,2.38100004196167,0.3959999978542328
2026-04-11 13:08:32,989.072021484375,2.359999895095825,0.39399999380111694
2026-04-11 13:13:34,994.39501953125,2.8889999389648438,0.4860000014305115
2026-04-11 13:18:36,991.0419921875,2.6089999675750732,0.43700000643730164
2026-04-11 13:23:38,990.4940185546875,2.621000051498413,0.4390000104904175
2026-04-11 13:28:40,993.7100219726562,2.5179998874664307,0.4230000078678131
2026-04-11 13:52:26,984.2030029296875,94.0989990234375,15.652000427246094
2026-04-11 13:57:28,979.1339721679688,93.2959976196289,15.437999725341797
2026-04-11 14:02:30,970.5670166015625,93.50700378417969,15.338000297546387
2026-04-11 14:07:32,986.9329833984375,92.80599975585938,15.479000091552734
2026-04-11 14:12:34,963.7739868164062,92.08200073242188,14.998000144958496
2026-04-11 14:17:36,955.8770141601562,92.5479965209961,14.949999809265137
2026-04-11 14:22:38,961.802978515625,91.8759994506836,14.934000015258789
2026-04-11 14:27:40,989.7899780273438,90.7760009765625,15.1850004196167
2026-04-11 14:32:42,1039.0379638671875,90.8489990234375,15.95300006866455
2026-04-11 14:37:44,427.7460021972656,109.4280014038086,7.909999847412109
2026-04-11 14:42:46,271.2070007324219,106.83000183105469,4.895999908447266
2026-04-11 14:47:48,235.1269989013672,97.84200286865234,3.888000011444092
2026-04-11 14:52:50,287.6940002441406,109.6709976196289,5.331999778747559
2026-04-11 14:57:52,230.39100646972656,105.51799774169922,4.107999801635742
2026-04-11 15:02:54,199.80099487304688,105.56900024414062,3.565000057220459
2026-04-11 15:07:56,123.86299896240234,105.78199768066406,2.2139999866485596
2026-04-11 15:12:58,70.0,104.2979965209961,1.2339999675750732
2026-04-11 15:18:00,60.944000244140625,117.9739990234375,1.215000033378601
2026-04-11 15:23:02,77.7490005493164,119.77400207519531,1.5740000009536743
2026-04-11 15:28:04,85.53600311279297,110.41999816894531,1.5959999561309814
2026-04-11 15:33:06,81.48300170898438,111.98600006103516,1.5420000553131104
2026-04-11 15:38:08,60.01100158691406,114.95800018310547,1.1660000085830688
2026-04-11 15:43:10,50.98400115966797,118.31099700927734,1.0190000534057617
2026-04-11 15:48:12,49.303001403808594,113.4800033569336,0.9459999799728394
2026-04-11 15:53:14,49.31100082397461,111.81600189208984,0.9319999814033508
2026-04-11 15:58:16,111.08599853515625,95.94000244140625,1.8009999990463257
2026-04-11 16:03:18,264.7749938964844,95.43599700927734,4.269999980926514
2026-04-11 16:08:20,487.53399658203125,92.77899932861328,7.644000053405762
2026-04-11 16:13:22,297.3529968261719,113.01399993896484,5.678999900817871
2026-04-11 16:18:24,186.77499389648438,104.11599731445312,3.2860000133514404
2026-04-11 16:23:26,147.85800170898438,105.72100067138672,2.6419999599456787
2026-04-11 16:28:28,134.64700317382812,104.85600280761719,2.385999917984009
2026-04-11 16:33:30,136.45700073242188,104.72000122070312,2.4149999618530273
2026-04-11 16:38:32,149.90899658203125,107.01799774169922,2.7109999656677246
2026-04-11 16:43:33,138.55099487304688,107.54399871826172,2.5179998874664307
2026-04-11 16:48:35,110.37699890136719,108.34300231933594,2.0209999084472656
2026-04-11 16:53:37,83.7760009765625,103.9749984741211,1.472000002861023
2026-04-11 16:58:39,48.856998443603516,104.46900177001953,0.8629999756813049
2026-04-11 17:03:41,32.632999420166016,106.68800354003906,0.5879999995231628
2026-04-11 17:08:43,49.61600112915039,110.8239974975586,0.9290000200271606
2026-04-11 17:13:45,77.35800170898438,109.66999816894531,1.434000015258789
2026-04-11 17:18:47,75.89900207519531,110.10099792480469,1.4119999408721924
2026-04-11 17:23:49,53.30500030517578,103.5530014038086,0.9330000281333923
2026-04-11 17:28:51,52.37699890136719,104.96700286865234,0.9290000200271606
2026-04-11 17:33:53,62.481998443603516,100.81900024414062,1.065000057220459
2026-04-11 17:38:55,76.0530014038086,100.81800079345703,1.2960000038146973
2026-04-11 17:43:57,87.14600372314453,101.83300018310547,1.5
2026-04-11 17:48:59,83.14299774169922,105.01300048828125,1.4759999513626099
2026-04-11 17:54:01,67.1510009765625,102.61199951171875,1.1640000343322754
2026-04-11 17:59:03,64.45500183105469,103.56600189208984,1.128000020980835
2026-04-11 18:04:05,74.81400299072266,103.48600006103516,1.3079999685287476
2026-04-11 18:09:07,87.2229995727539,100.5199966430664,1.4819999933242798
2026-04-11 18:14:09,86.54199981689453,100.66999816894531,1.472000002861023
2026-04-11 18:19:11,79.05599975585938,101.7030029296875,1.3589999675750732
2026-04-11 18:24:13,55.69599914550781,95.0530014038086,0.8949999809265137
2026-04-11 18:29:15,43.20500183105469,100.21499633789062,0.7319999933242798
2026-04-11 18:34:17,52.10100173950195,99.45899963378906,0.8759999871253967
2026-04-11 18:39:19,57.112998962402344,100.81800079345703,0.9729999899864197
2026-04-11 18:44:21,54.80500030517578,104.40699768066406,0.9670000076293945
2026-04-11 18:49:23,51.88999938964844,101.00599670410156,0.8859999775886536
2026-04-11 18:54:25,48.48500061035156,100.13600158691406,0.8209999799728394
2026-04-11 18:59:27,45.624000549316406,97.79199981689453,0.7540000081062317
2026-04-11 19:04:29,41.941001892089844,97.03700256347656,0.6880000233650208
2026-04-11 19:09:31,33.85100173950195,97.40699768066406,0.5569999814033508
2026-04-11 19:14:33,31.378000259399414,94.50599670410156,0.5009999871253967
2026-04-11 19:19:35,22.07200050354004,99.96600341796875,0.37299999594688416
2026-04-11 19:24:37,20.520999908447266,94.78199768066406,0.32899999618530273
2026-04-11 19:29:39,16.613000869750977,102.86100006103516,0.289000004529953
2026-04-11 19:34:41,16.089000701904297,93.80699920654297,0.2549999952316284
2026-04-11 19:39:43,10.338000297546387,97.06999969482422,0.17000000178813934
2026-04-11 19:44:45,6.827000141143799,21.533000946044922,0.02500000037252903
2026-04-11 19:49:47,3.7869999408721924,0.4180000126361847,0.0
2026-04-11 19:54:49,4.01800012588501,0.421999990940094,0.0
2026-04-11 19:59:51,1.9910000562667847,0.3869999945163727,0.0
2026-04-11 20:04:53,0.20600000023841858,0.2619999945163727,0.0
2026-04-12 06:53:28,0.20600000023841858,0.2619999945163727,0.0
2026-04-12 06:58:30,0.6700000166893005,0.33799999952316284,0.0
2026-04-12 07:03:32,1.0800000429153442,0.18299999833106995,0.0
2026-04-12 07:08:34,1.3509999513626099,0.019999999552965164,0.0
2026-04-12 07:13:36,1.8650000095367432,-0.052000001072883606,0.0
2026-04-12 07:18:38,2.3469998836517334,0.009999999776482582,0.0
2026-04-12 07:28:42,3.4189999103546143,0.06300000101327896,0.0
2026-04-12 07:33:44,4.418000221252441,0.03700000047683716,0.0
2026-04-12 07:38:46,5.039999961853027,-0.004999999888241291,0.0
2026-04-12 07:43:48,6.285999774932861,0.039000000804662704,0.0
2026-04-12 07:48:50,6.125999927520752,0.04399999976158142,0.0
2026-04-12 07:53:52,7.309000015258789,0.014000000432133675,0.0
2026-04-12 07:58:54,8.967000007629395,-0.009999999776482582,0.0
2026-04-12 08:03:56,9.543000221252441,0.02500000037252903,0.0
2026-04-12 08:08:58,9.734999656677246,0.0020000000949949026,0.0
2026-04-12 08:14:00,9.597000122070312,0.0020000000949949026,0.0
2026-04-12 08:19:02,8.074999809265137,-0.013000000268220901,0.0
2026-04-12 08:24:04,10.62600040435791,-0.004999999888241291,0.0
2026-04-12 08:29:06,15.342000007629395,0.0020000000949949026,0.0
2026-04-12 08:34:08,15.534000396728516,0.004999999888241291,0.0
2026-04-12 08:44:12,21.976999282836914,0.004000000189989805,0.0
2026-04-12 08:49:14,22.364999771118164,0.0020000000949949026,0.0
2026-04-12 08:54:16,23.469999313354492,0.006000000052154064,0.0
2026-04-12 08:59:18,23.166000366210938,0.003000000026077032,0.0
2026-04-12 09:04:20,24.298999786376953,-0.0020000000949949026,0.0
2026-04-12 09:09:22,28.642000198364258,0.007000000216066837,0.0
2026-04-12 09:14:24,26.996999740600586,0.0020000000949949026,0.0
2026-04-12 09:19:26,29.84000015258789,-0.0010000000474974513,0.0
2026-04-12 09:24:28,33.67499923706055,-0.0020000000949949026,0.0
2026-04-12 09:29:30,38.59199905395508,-0.0010000000474974513,0.0
2026-04-12 09:34:32,41.19900131225586,0.0010000000474974513,0.0
2026-04-12 09:44:36,42.49399948120117,-0.004000000189989805,0.0
2026-04-12 09:49:38,49.6619987487793,0.003000000026077032,0.0
2026-04-12 09:54:40,59.88800048828125,0.0,0.0
2026-04-12 09:59:42,59.30500030517578,0.0020000000949949026,0.0
2026-04-12 10:04:44,66.1969985961914,0.0020000000949949026,0.0
2026-04-12 10:09:46,62.85499954223633,-0.004000000189989805,0.0
2026-04-12 10:14:47,62.417999267578125,-0.003000000026077032,0.0
2026-04-12 10:19:49,63.69599914550781,-0.0010000000474974513,0.0
2026-04-12 10:24:51,64.6240005493164,0.0010000000474974513,0.0
2026-04-12 10:29:53,61.334999084472656,0.0020000000949949026,0.0
2026-04-12 10:34:55,58.529998779296875,0.0010000000474974513,0.0
2026-04-12 10:39:57,66.24199676513672,0.004999999888241291,0.0
2026-04-12 10:44:59,61.709999084472656,0.003000000026077032,0.0
2026-04-12 10:50:01,54.97600173950195,0.0010000000474974513,0.0
2026-04-12 10:55:03,49.04199981689453,-0.0020000000949949026,0.0
2026-04-12 11:00:05,48.96699905395508,0.006000000052154064,0.0
2026-04-12 11:05:07,46.05099868774414,0.0010000000474974513,0.0
2026-04-12 11:10:09,51.46699905395508,-0.006000000052154064,0.0
2026-04-12 11:15:11,49.654998779296875,-0.0010000000474974513,0.0
2026-04-12 11:20:13,54.04600143432617,0.003000000026077032,0.0
2026-04-12 11:25:15,54.40700149536133,0.0020000000949949026,0.0
2026-04-12 11:30:17,48.45500183105469,0.006000000052154064,0.0
2026-04-12 11:35:19,56.59700012207031,0.0020000000949949026,0.0
2026-04-12 11:40:21,57.270999908447266,0.0020000000949949026,0.0
2026-04-12 11:45:23,55.573001861572266,0.0020000000949949026,0.0
2026-04-12 11:50:25,61.20199966430664,0.004000000189989805,0.0
2026-04-12 11:55:27,61.275001525878906,0.003000000026077032,0.0
2026-04-12 12:00:29,61.608001708984375,0.003000000026077032,0.0
2026-04-12 12:05:31,73.25700378417969,0.0,0.0
2026-04-12 12:10:33,88.51000213623047,0.0020000000949949026,0.0
2026-04-12 12:15:35,96.4229965209961,98.552001953125,1.6059999465942383
2026-04-12 12:20:37,83.43099975585938,100.09700012207031,1.4110000133514404
2026-04-12 12:25:39,76.0719985961914,101.24199676513672,1.3020000457763672
2026-04-12 12:30:41,69.24099731445312,99.87100219726562,1.1690000295639038
2026-04-12 12:35:43,69.36900329589844,100.9990005493164,1.184000015258789
2026-04-12 12:40:45,60.930999755859375,99.28800201416016,1.0219999551773071
2026-04-12 12:45:47,63.74399948120117,98.5270004272461,1.0609999895095825
2026-04-12 12:50:49,76.1760025024414,104.64199829101562,1.347000002861023
2026-04-12 12:55:51,78.83000183105469,99.6259994506836,1.3270000219345093
2026-04-12 13:00:53,90.8550033569336,102.00199890136719,1.565999984741211
2026-04-12 13:05:55,91.40299987792969,102.06900024414062,1.5770000219345093
2026-04-12 13:10:57,94.82099914550781,101.93199920654297,1.6330000162124634
2026-04-12 13:15:59,94.06600189208984,100.25299835205078,1.593999981880188
2026-04-12 13:21:01,95.01499938964844,101.45800018310547,1.628999948501587
2026-04-12 13:26:03,81.70700073242188,102.40499877929688,1.4140000343322754
2026-04-12 13:49:45,43.354000091552734,100.5530014038086,0.7369999885559082
2026-04-12 13:54:47,46.40800094604492,100.51699829101562,0.7879999876022339
2026-04-12 13:59:49,49.42599868774414,106.08499908447266,0.8859999775886536
2026-04-12 14:04:51,45.750999450683594,103.13300323486328,0.796999990940094
2026-04-12 14:09:53,37.27799987792969,103.10800170898438,0.6499999761581421
2026-04-12 14:14:55,34.47100067138672,103.01000213623047,0.6000000238418579
2026-04-12 14:19:57,45.40599822998047,104.02200317382812,0.7979999780654907
2026-04-12 14:24:59,51.61600112915039,103.37300109863281,0.9020000100135803
2026-04-12 14:30:01,49.09299850463867,100.58699798583984,0.8349999785423279
2026-04-12 14:35:03,58.98500061035156,100.83599853515625,1.0049999952316284
2026-04-12 14:40:05,61.50199890136719,99.64900207519531,1.0360000133514404
2026-04-12 14:45:07,56.244998931884766,97.38700103759766,0.9259999990463257
2026-04-12 14:50:09,55.50600051879883,104.95099639892578,0.9850000143051147
2026-04-12 14:55:11,54.22600173950195,98.66899871826172,0.9039999842643738
2026-04-12 15:00:13,55.99100112915039,96.85600280761719,0.9160000085830688
2026-04-12 15:05:15,64.0979995727539,101.3270034790039,1.0980000495910645
2026-04-12 15:10:17,70.4209976196289,101.68599700927734,1.2100000381469727
2026-04-12 15:15:19,67.0979995727539,99.88700103759766,1.1330000162124634
2026-04-12 15:20:21,82.98100280761719,99.38600158691406,1.3940000534057617
2026-04-12 15:25:23,78.91200256347656,99.52799987792969,1.3270000219345093
2026-04-12 15:30:25,79.89700317382812,97.79100036621094,1.3200000524520874
2026-04-12 15:35:27,72.10099792480469,101.00499725341797,1.2309999465942383
2026-04-12 15:40:29,54.37699890136719,100.83000183105469,0.9269999861717224
2026-04-12 15:45:31,54.308998107910156,98.20099639892578,0.9010000228881836
2026-04-12 15:50:33,49.654998779296875,105.68000030517578,0.8870000243186951
2026-04-12 15:55:35,48.60100173950195,101.43199920654297,0.8330000042915344
2026-04-12 16:00:37,45.790000915527344,99.01499938964844,0.765999972820282
2026-04-12 16:05:39,48.89500045776367,104.13600158691406,0.8600000143051147
2026-04-12 16:10:41,51.62300109863281,102.64800262451172,0.8960000276565552
2026-04-12 16:15:43,59.159000396728516,100.40599822998047,1.003999948501587
2026-04-12 16:20:45,56.810001373291016,97.6510009765625,0.9380000233650208
2026-04-12 16:25:47,61.80799865722656,98.48300170898438,1.0290000438690186
2026-04-12 16:30:49,55.26900100708008,102.99400329589844,0.9620000123977661
2026-04-12 16:35:51,47.40599822998047,101.77100372314453,0.8149999976158142
2026-04-12 16:40:53,43.93600082397461,101.53299713134766,0.7540000081062317
2026-04-12 16:45:55,42.257999420166016,102.43499755859375,0.7319999933242798
2026-04-12 16:50:57,47.35300064086914,101.9280014038086,0.8159999847412109
2026-04-12 16:55:59,47.19499969482422,101.18499755859375,0.8069999814033508
2026-04-12 17:01:01,45.60499954223633,101.62699890136719,0.7829999923706055
2026-04-12 17:06:03,45.15399932861328,102.0009994506836,0.777999997138977
2026-04-12 17:11:05,39.35499954223633,102.11100006103516,0.6790000200271606
2026-04-12 17:16:07,43.70399856567383,100.93800354003906,0.7459999918937683
2026-04-12 17:21:09,41.69599914550781,99.23999786376953,0.6990000009536743
2026-04-12 17:26:11,50.11899948120117,99.02100372314453,0.8389999866485596
2026-04-12 17:31:13,44.10499954223633,99.28700256347656,0.7400000095367432
2026-04-12 17:36:15,44.742000579833984,100.072998046875,0.7570000290870667
2026-04-12 17:41:16,38.027000427246094,98.66500091552734,0.6340000033378601
2026-04-12 17:46:18,31.121999740600586,101.47200012207031,0.5339999794960022
2026-04-12 17:51:20,30.070999145507812,98.4990005493164,0.5009999871253967
2026-04-12 17:56:22,30.118999481201172,89.27799987792969,0.45399999618530273
2026-04-12 18:01:24,26.898000717163086,53.733001708984375,0.24400000274181366
2026-04-12 18:06:26,25.816999435424805,27.92099952697754,0.12200000137090683
2026-04-12 18:11:28,29.385000228881836,56.409000396728516,0.2800000011920929
2026-04-12 18:16:30,29.659000396728516,56.38399887084961,0.28299999237060547
2026-04-12 18:21:32,30.17099952697754,47.472999572753906,0.24199999868869781
2026-04-12 18:26:34,27.93600082397461,64.71199798583984,0.3059999942779541
2026-04-12 18:31:36,25.389999389648438,-0.004000000189989805,0.0
2026-04-12 18:36:38,24.138999938964844,0.003000000026077032,0.0
2026-04-12 18:41:40,25.805999755859375,0.004999999888241291,0.0
2026-04-12 18:46:42,22.974000930786133,-0.0010000000474974513,0.0
2026-04-12 18:51:44,22.714000701904297,-0.007000000216066837,0.0
2026-04-12 18:56:46,17.141000747680664,0.017000000923871994,0.0
2026-04-12 19:01:48,15.522000312805176,0.013000000268220901,0.0
2026-04-12 19:06:50,14.187000274658203,0.0020000000949949026,0.0
2026-04-12 19:11:52,13.732999801635742,-0.007000000216066837,0.0
2026-04-12 19:16:54,11.972999572753906,0.023000000044703484,0.0
2026-04-12 19:21:56,10.119000434875488,0.019999999552965164,0.0
2026-04-12 19:26:58,9.623000144958496,0.014999999664723873,0.0
2026-04-12 19:32:00,7.896999835968018,0.03400000184774399,0.0
2026-04-12 19:37:02,5.835000038146973,0.01899999938905239,0.0
2026-04-12 19:42:04,4.785999774932861,-0.0430000014603138,0.0
2026-04-12 19:47:06,3.7869999408721924,0.014999999664723873,0.0
2026-04-12 19:52:08,2.7839999198913574,-0.07500000298023224,0.0
2026-04-12 19:57:10,2.4230000972747803,0.09300000220537186,0.0
2026-04-12 20:02:12,1.4900000095367432,0.08299999684095383,0.0
2026-04-12 20:07:14,0.9229999780654907,0.028999999165534973,0.0
2026-04-12 20:12:16,0.5419999957084656,0.5740000009536743,0.0
2026-04-12 20:17:18,0.21299999952316284,0.13899999856948853,0.0
2026-04-13 06:56:53,0.21299999952316284,0.13899999856948853,0.0
2026-04-13 07:01:55,0.6990000009536743,0.22100000083446503,0.0
2026-04-13 07:06:57,1.1089999675750732,0.21899999678134918,0.0
2026-04-13 07:11:59,2.132999897003174,0.013000000268220901,0.0
2026-04-13 07:17:01,2.3889999389648438,-0.07100000232458115,0.0
2026-04-13 07:22:03,3.2890000343322754,0.00800000037997961,0.0
2026-04-13 07:27:05,4.715000152587891,0.04600000008940697,0.0
2026-04-13 07:32:07,4.814000129699707,-0.017999999225139618,0.0
2026-04-13 07:37:09,5.7779998779296875,0.019999999552965164,0.0
2026-04-13 07:42:11,7.6620001792907715,-0.032999999821186066,0.0
2026-04-13 07:47:13,10.687000274658203,-0.00800000037997961,0.0
2026-04-13 07:52:15,12.677000045776367,-0.019999999552965164,0.0
2026-04-13 07:57:17,13.876999855041504,0.004000000189989805,0.0
2026-04-13 08:02:19,15.263999938964844,0.02500000037252903,0.0
2026-04-13 08:07:21,16.3700008392334,0.00800000037997961,0.0
2026-04-13 08:12:23,21.499000549316406,-0.0010000000474974513,0.0
2026-04-13 08:17:25,21.179000854492188,0.008999999612569809,0.0
2026-04-13 08:22:27,29.160999298095703,0.007000000216066837,0.0
2026-04-13 08:27:29,29.430999755859375,-0.004000000189989805,0.0
2026-04-13 08:32:31,30.820999145507812,0.003000000026077032,0.0
2026-04-13 08:37:33,22.13599967956543,0.008999999612569809,0.0
2026-04-13 08:42:35,27.79800033569336,-0.004999999888241291,0.0
2026-04-13 08:47:37,28.26099967956543,0.00800000037997961,0.0
2026-04-13 08:52:39,32.91400146484375,66.4020004272461,0.36899998784065247
2026-04-13 08:57:41,40.957000732421875,69.8740005493164,0.48399999737739563
2026-04-13 09:02:43,31.554000854492188,82.9260025024414,0.44200000166893005
2026-04-13 09:07:45,22.426000595092773,80.09200286865234,0.30399999022483826
2026-04-13 09:12:47,27.360000610351562,80.88600158691406,0.37400001287460327
2026-04-13 09:17:49,36.79499816894531,82.4990005493164,0.5130000114440918
2026-04-13 09:22:51,39.66899871826172,85.25900268554688,0.5720000267028809
2026-04-13 09:27:53,33.47700119018555,84.14299774169922,0.47600001096725464
2026-04-13 09:32:55,29.979000091552734,90.08000183105469,0.4560000002384186
2026-04-13 09:37:57,32.9739990234375,73.64800262451172,0.4099999964237213
2026-04-13 09:42:59,27.882999420166016,66.44999694824219,0.31299999356269836
2026-04-13 09:48:01,28.94499969482422,66.2699966430664,0.3240000009536743
2026-04-13 09:53:03,28.913999557495117,72.21299743652344,0.3529999852180481
2026-04-13 09:58:05,28.29400062561035,75.3280029296875,0.36000001430511475
2026-04-13 10:03:07,24.30299949645996,82.94100189208984,0.3409999907016754
2026-04-13 10:08:09,19.874000549316406,83.56400299072266,0.2809999883174896
2026-04-13 10:13:11,21.319000244140625,73.63800048828125,0.26499998569488525
2026-04-13 10:18:13,29.937000274658203,71.37999725341797,0.3610000014305115
2026-04-13 10:23:15,43.814998626708984,82.60700225830078,0.6119999885559082
2026-04-13 10:28:17,45.597999572753906,93.3270034790039,0.718999981880188
2026-04-13 10:33:19,44.027000427246094,85.46099853515625,0.6359999775886536
2026-04-13 10:38:21,52.58300018310547,87.552001953125,0.777999997138977
2026-04-13 10:43:23,49.986000061035156,88.42500305175781,0.746999979019165
2026-04-13 10:48:25,42.97800064086914,95.23600006103516,0.6919999718666077
2026-04-13 10:53:27,45.93600082397461,93.16799926757812,0.7229999899864197
2026-04-13 10:58:29,55.25299835205078,93.89299774169922,0.8769999742507935
2026-04-13 11:03:31,74.07499694824219,93.9530029296875,1.1759999990463257
2026-04-13 11:08:33,78.18299865722656,96.62799835205078,1.2769999504089355
2026-04-13 11:13:35,67.1520004272461,93.73899841308594,1.0640000104904175
2026-04-13 11:18:37,81.5469970703125,93.66200256347656,1.2910000085830688
2026-04-13 11:23:38,106.69100189208984,96.70899963378906,1.74399995803833
2026-04-13 11:28:40,118.85399627685547,98.02300262451172,1.968999981880188
2026-04-13 11:33:42,103.45600128173828,94.4280014038086,1.6510000228881836
2026-04-13 11:38:44,115.66200256347656,95.7760009765625,1.871999979019165
2026-04-13 11:43:46,120.08000183105469,93.10900115966797,1.8899999856948853
2026-04-13 11:48:48,121.7300033569336,95.0719985961914,1.9559999704360962
2026-04-13 11:53:50,125.55899810791016,95.83200073242188,2.0329999923706055
2026-04-13 11:58:52,108.58499908447266,93.64399719238281,1.718000054359436
2026-04-13 12:03:54,106.36299896240234,95.17900085449219,1.7109999656677246
2026-04-13 12:08:56,99.98899841308594,92.48200225830078,1.562999963760376
2026-04-13 12:13:58,86.26499938964844,92.26300048828125,1.3450000286102295
2026-04-13 12:19:00,103.50900268554688,94.2490005493164,1.6490000486373901
2026-04-13 12:24:02,101.21600341796875,95.23400115966797,1.628999948501587
2026-04-13 12:29:04,82.48899841308594,94.49700164794922,1.3170000314712524
2026-04-13 12:34:06,82.36699676513672,95.33499908447266,1.3270000219345093
2026-04-13 12:39:08,82.55799865722656,94.18399810791016,1.3140000104904175
2026-04-13 12:44:10,80.51899719238281,96.67900085449219,1.315999984741211
2026-04-13 12:49:12,79.91699981689453,97.11299896240234,1.312000036239624
2026-04-13 12:54:14,90.24500274658203,94.51100158691406,1.440999984741211
2026-04-13 12:59:16,114.01100158691406,97.8219985961914,1.8849999904632568
2026-04-13 13:04:18,118.66999816894531,95.16699981689453,1.909000039100647
2026-04-13 13:09:20,112.08200073242188,95.51599884033203,1.809000015258789
2026-04-13 13:14:22,110.18499755859375,92.9530029296875,1.7309999465942383
2026-04-13 13:19:24,135.10499572753906,93.15799713134766,2.127000093460083
2026-04-13 13:24:26,147.53799438476562,94.12799835205078,2.3469998836517334
2026-04-13 13:48:07,134.51699829101562,94.20899963378906,2.1419999599456787
2026-04-13 13:53:09,136.20899963378906,93.93099975585938,2.1619999408721924
2026-04-13 13:58:11,138.94400024414062,93.11499786376953,2.186000108718872
2026-04-13 14:03:13,137.73800659179688,92.86599731445312,2.1619999408721924
2026-04-13 14:08:15,128.6790008544922,96.4229965209961,2.0969998836517334
2026-04-13 14:13:17,120.01799774169922,96.01599884033203,1.9470000267028809
2026-04-13 14:18:18,117.7490005493164,97.49700164794922,1.940000057220459
2026-04-13 14:23:20,107.85600280761719,96.90299987792969,1.7660000324249268
2026-04-13 14:28:22,106.48699951171875,95.88899993896484,1.7259999513626099
2026-04-13 14:33:24,117.87699890136719,95.92500305175781,1.9110000133514404
2026-04-13 14:38:26,126.52300262451172,97.45099639892578,2.0840001106262207
2026-04-13 14:43:28,136.66900634765625,97.47200012207031,2.250999927520752
2026-04-13 14:48:30,125.9520034790039,94.7969970703125,2.0179998874664307
2026-04-13 14:53:32,121.38099670410156,94.80400085449219,1.9450000524520874
2026-04-13 14:58:34,131.83799743652344,95.6709976196289,2.131999969482422
2026-04-13 15:03:36,163.1929931640625,93.40499877929688,2.5759999752044678
2026-04-13 15:08:38,145.48800659179688,93.04100036621094,2.2880001068115234
2026-04-13 15:13:40,139.3679962158203,93.86699676513672,2.2109999656677246
2026-04-13 15:18:42,110.9260025024414,93.84200286865234,1.7589999437332153
2026-04-13 15:23:44,83.46199798583984,94.15899658203125,1.3279999494552612
2026-04-13 15:28:46,71.96600341796875,96.55899810791016,1.1740000247955322
2026-04-13 15:33:48,72.81600189208984,95.87000274658203,1.1799999475479126
2026-04-13 15:38:50,81.36199951171875,96.98200225830078,1.3339999914169312
2026-04-13 15:43:52,82.60600280761719,94.38500213623047,1.3179999589920044
2026-04-13 15:48:54,79.16300201416016,97.08499908447266,1.2990000247955322
2026-04-13 15:53:56,86.62699890136719,97.71299743652344,1.430999994277954
2026-04-13 15:58:58,74.76300048828125,100.10600280761719,1.2649999856948853
2026-04-13 16:04:00,69.69599914550781,99.37000274658203,1.1699999570846558
2026-04-13 16:09:02,73.28800201416016,99.04399871826172,1.2269999980926514
2026-04-13 16:14:04,67.6500015258789,97.05899810791016,1.1100000143051147
2026-04-13 16:19:06,66.51200103759766,96.25900268554688,1.0820000171661377
2026-04-13 16:24:08,72.85299682617188,95.80400085449219,1.1799999475479126
2026-04-13 16:29:10,64.91699981689453,95.10199737548828,1.0429999828338623
2026-04-13 16:34:12,57.36000061035156,97.28299713134766,0.9430000185966492
2026-04-13 16:39:14,57.75299835205078,98.36000061035156,0.9599999785423279
2026-04-13 16:44:16,47.73500061035156,99.16100311279297,0.800000011920929
2026-04-13 16:49:18,48.90299987792969,97.05400085449219,0.8019999861717224
2026-04-13 16:54:20,44.23500061035156,91.76100158691406,0.6859999895095825
2026-04-13 16:59:22,45.7599983215332,100.5790023803711,0.777999997138977
2026-04-13 17:04:24,43.279998779296875,93.49099731445312,0.6840000152587891
2026-04-13 17:09:26,38.32500076293945,95.39099884033203,0.6179999709129333
2026-04-13 17:14:28,37.446998596191406,95.34400177001953,0.6029999852180481
2026-04-13 17:19:30,36.28300094604492,96.14600372314453,0.5899999737739563
2026-04-13 17:24:32,34.117000579833984,96.37100219726562,0.5559999942779541
2026-04-13 17:29:34,32.21900177001953,95.43900299072266,0.5199999809265137
2026-04-13 17:34:36,32.97800064086914,90.4489974975586,0.5040000081062317
2026-04-13 17:39:38,34.06999969482422,98.41600036621094,0.5669999718666077
2026-04-13 17:44:40,32.21699905395508,88.3479995727539,0.48100000619888306
2026-04-13 17:49:41,32.95500183105469,97.67900085449219,0.5440000295639038
2026-04-13 17:54:43,31.562999725341797,94.10399627685547,0.5019999742507935
2026-04-13 17:59:45,27.594999313354492,96.80799865722656,0.45100000500679016
2026-04-13 18:04:47,28.80500030517578,85.68000030517578,0.4169999957084656
2026-04-13 18:09:49,25.927000045776367,95.52300262451172,0.4189999997615814
2026-04-13 18:14:51,26.224000930786133,92.61000061035156,0.4099999964237213
2026-04-13 18:19:53,22.14900016784668,99.62799835205078,0.37299999594688416
2026-04-13 18:24:55,19.014999389648438,85.97599792480469,0.2759999930858612
2026-04-13 18:29:57,16.184999465942383,106.00599670410156,0.28999999165534973
2026-04-13 18:34:59,14.675000190734863,89.87899780273438,0.22300000488758087
2026-04-13 18:40:01,13.696000099182129,78.9739990234375,0.18299999833106995
2026-04-13 18:45:03,13.532999992370605,81.5510025024414,0.18700000643730164
2026-04-13 18:50:05,13.385000228881836,48.900001525878906,0.11100000143051147
2026-04-13 18:55:07,13.390000343322754,66.99500274658203,0.15199999511241913
2026-04-13 19:00:09,13.906999588012695,47.91699981689453,0.11299999803304672
2026-04-13 19:05:11,14.406999588012695,52.303001403808594,0.12700000405311584
2026-04-13 19:10:13,13.550999641418457,55.72999954223633,0.12800000607967377
2026-04-13 19:15:15,12.720000267028809,58.25,0.125
2026-04-13 19:20:17,12.265000343322754,61.382999420166016,0.12700000405311584
2026-04-13 19:25:19,11.239999771118164,49.250999450683594,0.09399999678134918
2026-04-13 19:30:21,9.861000061035156,54.3849983215332,0.09099999815225601
2026-04-13 19:35:23,8.133000373840332,35.888999938964844,0.04899999871850014
2026-04-13 19:40:25,7.197999954223633,0.014999999664723873,0.0
2026-04-13 19:50:29,4.426000118255615,-0.01899999938905239,0.0
2026-04-13 19:55:31,3.556999921798706,-0.023000000044703484,0.0
2026-04-13 20:00:33,2.3570001125335693,0.024000000208616257,0.0
2026-04-13 20:05:35,1.2730000019073486,0.06300000101327896,0.0
2026-04-13 20:10:37,0.5090000033378601,0.09799999743700027,0.0
2026-04-14 06:55:16,0.5090000033378601,0.09799999743700027,0.0
2026-04-14 07:00:18,3.755000114440918,0.01600000075995922,0.0
2026-04-14 07:05:20,5.4629998207092285,0.035999998450279236,0.0
2026-04-14 07:10:22,7.455999851226807,-0.00800000037997961,0.0
2026-04-14 07:15:24,9.831000328063965,-0.003000000026077032,0.0
2026-04-14 07:20:26,13.133999824523926,0.00800000037997961,0.0
2026-04-14 07:25:28,16.68600082397461,64.55400085449219,0.18199999630451202
2026-04-14 07:30:30,19.46299934387207,60.93199920654297,0.20000000298023224
2026-04-14 07:35:32,21.476999282836914,60.11199951171875,0.21799999475479126
2026-04-14 07:40:34,26.621999740600586,63.34400177001953,0.2849999964237213
2026-04-14 07:45:36,33.810001373291016,69.64600372314453,0.39800000190734863
2026-04-14 07:50:38,40.608001708984375,68.74299621582031,0.47200000286102295
2026-04-14 07:55:40,41.867000579833984,71.54199981689453,0.5059999823570251
2026-04-14 08:00:42,49.90599822998047,69.44000244140625,0.5860000252723694
2026-04-14 08:05:44,59.0260009765625,72.51899719238281,0.7229999899864197
2026-04-14 08:10:46,69.41500091552734,71.3759994506836,0.8370000123977661
2026-04-14 08:15:48,78.16500091552734,72.79399871826172,0.9620000123977661
2026-04-14 08:20:50,86.14900207519531,75.60900115966797,1.1009999513626099
2026-04-14 08:25:52,95.63700103759766,75.06800079345703,1.2130000591278076
2026-04-14 08:30:54,107.50599670410156,75.57499694824219,1.3730000257492065
2026-04-14 08:35:56,118.91699981689453,77.04499816894531,1.5479999780654907
2026-04-14 08:40:58,116.13500213623047,79.76100158691406,1.565000057220459
2026-04-14 08:46:00,109.72599792480469,80.69999694824219,1.496000051498413
2026-04-14 08:51:02,107.65899658203125,80.60299682617188,1.4670000076293945
2026-04-14 08:56:04,118.66500091552734,80.85099792480469,1.621000051498413
2026-04-14 09:01:06,135.14300537109375,80.77100372314453,1.8450000286102295
2026-04-14 09:06:08,129.58900451660156,82.37000274658203,1.8040000200271606
2026-04-14 09:11:10,131.74200439453125,81.7239990234375,1.8200000524520874
2026-04-14 09:16:12,142.66099548339844,82.49700164794922,1.9889999628067017
2026-04-14 09:21:14,136.84800720214844,81.62699890136719,1.8880000114440918
2026-04-14 09:26:16,134.86399841308594,82.63600158691406,1.8830000162124634
2026-04-14 09:31:18,158.281005859375,80.18699645996094,2.1449999809265137
2026-04-14 09:36:20,174.68600463867188,82.34200286865234,2.430999994277954
2026-04-14 09:41:22,179.90199279785156,83.75199890136719,2.5460000038146973
2026-04-14 09:46:24,171.76499938964844,84.44999694824219,2.4509999752044678
2026-04-14 09:51:26,135.43499755859375,86.5270004272461,1.9800000190734863
2026-04-14 09:56:28,110.20999908447266,87.23899841308594,1.625
2026-04-14 10:01:30,109.31199645996094,86.8740005493164,1.6050000190734863
2026-04-14 10:06:32,103.39900207519531,88.22200012207031,1.5420000553131104
2026-04-14 10:11:34,106.88899993896484,86.05999755859375,1.5549999475479126
2026-04-14 10:16:36,119.90599822998047,88.45600128173828,1.7920000553131104
2026-04-14 10:21:38,113.65299987792969,87.90699768066406,1.687999963760376
2026-04-14 10:26:40,108.56199645996094,88.97000122070312,1.6319999694824219
2026-04-14 10:31:42,106.00499725341797,86.5989990234375,1.5509999990463257
2026-04-14 10:36:44,120.01399993896484,85.52999877929688,1.7350000143051147
2026-04-14 10:41:45,137.10899353027344,86.48500061035156,2.003999948501587
2026-04-14 10:46:47,122.36299896240234,86.56099700927734,1.7899999618530273
2026-04-14 10:51:49,121.47899627685547,84.38300323486328,1.7319999933242798
2026-04-14 10:56:51,119.8010025024414,86.15799713134766,1.74399995803833
2026-04-14 11:01:53,137.1199951171875,87.73400115966797,2.0329999923706055
2026-04-14 11:06:55,141.31199645996094,86.73100280761719,2.071000099182129
2026-04-14 11:11:57,149.0290069580078,84.86499786376953,2.13700008392334
2026-04-14 11:16:59,188.86900329589844,85.12799835205078,2.7170000076293945
2026-04-14 11:22:01,203.1840057373047,82.44100189208984,2.8310000896453857
2026-04-14 11:27:03,205.38999938964844,83.27400207519531,2.8910000324249268
2026-04-14 11:32:05,235.91099548339844,84.96299743652344,3.38700008392334
2026-04-14 11:37:07,399.6109924316406,83.18199920654297,5.618000030517578
2026-04-14 11:42:09,390.0379943847656,81.97000122070312,5.4029998779296875
2026-04-14 11:47:11,435.96099853515625,78.11100006103516,5.755000114440918
2026-04-14 11:52:13,441.6390075683594,71.48999786376953,5.335999965667725
2026-04-14 11:57:15,391.2659912109375,82.78199768066406,5.473999977111816
2026-04-14 12:02:17,282.968994140625,81.01300048828125,3.874000072479248
2026-04-14 12:07:19,259.0060119628906,87.197998046875,3.816999912261963
2026-04-14 12:12:21,248.802001953125,84.43199920654297,3.549999952316284
2026-04-14 12:17:23,244.8979949951172,84.65499877929688,3.503999948501587
2026-04-14 12:22:25,256.9490051269531,85.43499755859375,3.7100000381469727
2026-04-14 12:27:27,280.3609924316406,86.11599731445312,4.079999923706055
2026-04-14 12:32:29,258.072998046875,86.0479965209961,3.753000020980835
2026-04-14 12:37:31,242.26499938964844,87.16699981689453,3.569000005722046
2026-04-14 12:42:33,226.31500244140625,90.68599700927734,3.4679999351501465
2026-04-14 12:47:35,213.71400451660156,88.69200134277344,3.203000068664551
2026-04-14 12:52:37,253.03199768066406,88.21499633789062,3.7720000743865967
2026-04-14 12:57:39,225.60000610351562,88.56300354003906,3.377000093460083
2026-04-14 13:02:41,175.7169952392578,89.10399627685547,2.6459999084472656
2026-04-14 13:07:43,133.9759979248047,91.6969985961914,2.0759999752044678
2026-04-14 13:12:45,120.87300109863281,90.43499755859375,1.847000002861023
2026-04-14 13:17:47,123.47699737548828,91.73500061035156,1.9140000343322754
2026-04-14 13:22:49,133.46499633789062,87.73699951171875,1.9789999723434448
2026-04-14 13:27:51,153.43499755859375,91.3550033569336,2.36899995803833
2026-04-14 13:51:36,204.5780029296875,87.70899963378906,3.0320000648498535
2026-04-14 13:56:38,203.96800231933594,88.01499938964844,3.0339999198913574
2026-04-14 14:01:40,267.0580139160156,87.3949966430664,3.944000005722046
2026-04-14 14:06:42,305.9729919433594,87.52799987792969,4.526000022888184
2026-04-14 14:11:44,259.0899963378906,86.33699798583984,3.7799999713897705
2026-04-14 14:16:46,283.3299865722656,87.01899719238281,4.166999816894531
2026-04-14 14:21:48,217.7550048828125,91.2969970703125,3.359999895095825
2026-04-14 14:26:50,168.2969970703125,89.76100158691406,2.552999973297119
2026-04-14 14:31:52,192.73599243164062,84.65799713134766,2.757999897003174
2026-04-14 14:36:54,244.9739990234375,87.41100311279297,3.61899995803833
2026-04-14 14:41:56,232.1490020751953,87.125,3.4179999828338623
2026-04-14 14:46:58,208.0749969482422,86.46900177001953,3.0409998893737793
2026-04-14 14:52:00,200.08700561523438,86.41500091552734,2.921999931335449
2026-04-14 14:57:02,176.18899536132812,85.5739974975586,2.5480000972747803
2026-04-14 15:02:04,149.09500122070312,85.79000091552734,2.1619999408721924
2026-04-14 15:07:06,199.15699768066406,85.21800231933594,2.868000030517578
2026-04-14 15:12:08,290.55499267578125,85.34300231933594,4.190999984741211
2026-04-14 15:17:10,207.35299682617188,83.30999755859375,2.9189999103546143
2026-04-14 15:22:12,177.7969970703125,85.98799896240234,2.5840001106262207
2026-04-14 15:27:14,174.11900329589844,85.13099670410156,2.505000114440918
2026-04-14 15:32:16,153.1439971923828,86.33599853515625,2.2339999675750732
2026-04-14 15:37:18,165.72799682617188,88.06700134277344,2.4670000076293945
2026-04-14 15:42:20,123.70500183105469,91.10600280761719,1.9049999713897705
2026-04-14 15:47:22,94.29299926757812,86.87899780273438,1.3839999437332153
2026-04-14 15:52:24,101.61399841308594,86.22799682617188,1.4809999465942383
2026-04-14 15:57:26,108.46399688720703,88.77300262451172,1.6269999742507935
2026-04-14 16:02:28,111.53099822998047,88.93599700927734,1.6759999990463257
2026-04-14 16:07:02,110.49600219726562,87.34200286865234,1.63100004196167
2026-04-14 16:35:02,105.85399627685547,87.53500366210938,1.565999984741211
2026-04-14 16:40:04,127.59100341796875,89.23999786376953,1.9240000247955322
2026-04-14 16:45:06,128.25100708007812,92.60299682617188,2.006999969482422
2026-04-14 16:50:08,97.18900299072266,90.14700317382812,1.4809999465942383
2026-04-14 16:55:10,82.01399993896484,92.19499969482422,1.277999997138977
2026-04-14 17:00:12,76.67900085449219,88.8219985961914,1.1510000228881836
2026-04-14 17:05:14,77.25800323486328,91.66400146484375,1.1970000267028809
2026-04-14 17:10:16,78.00900268554688,91.45999908447266,1.2059999704360962
2026-04-14 17:15:18,81.2229995727539,94.23400115966797,1.2940000295639038
2026-04-14 17:20:20,81.98200225830078,90.60600280761719,1.2549999952316284
2026-04-14 17:25:22,81.80799865722656,88.86000061035156,1.2289999723434448
2026-04-14 17:30:24,86.76300048828125,89.45500183105469,1.312000036239624
2026-04-14 17:35:26,91.322998046875,89.18399810791016,1.3760000467300415
2026-04-14 17:40:28,112.89099884033203,89.0530014038086,1.6990000009536743
2026-04-14 17:45:30,125.18199920654297,89.08699798583984,1.8849999904632568
2026-04-14 17:50:32,117.6729965209961,88.14800262451172,1.753000020980835
2026-04-14 17:55:34,99.3489990234375,89.0009994506836,1.49399995803833
2026-04-14 18:00:36,94.28299713134766,87.52200317382812,1.3949999809265137
2026-04-14 18:05:38,91.81900024414062,88.26799774169922,1.3700000047683716
2026-04-14 18:10:40,81.01499938964844,88.04399871826172,1.2050000429153442
2026-04-14 18:15:42,73.8290023803711,89.1240005493164,1.1119999885559082
2026-04-14 18:20:44,72.0250015258789,86.79900360107422,1.0570000410079956
2026-04-14 18:25:46,61.72100067138672,90.15899658203125,0.9399999976158142
2026-04-14 18:30:48,58.96500015258789,89.11900329589844,0.8880000114440918
2026-04-14 18:35:50,55.98899841308594,88.48600006103516,0.8370000123977661
2026-04-14 18:40:52,53.047000885009766,85.78299713134766,0.7689999938011169
2026-04-14 18:45:54,52.672000885009766,87.42500305175781,0.777999997138977
2026-04-14 18:50:56,50.194000244140625,82.52300262451172,0.699999988079071
2026-04-14 18:55:58,44.3129997253418,87.83100128173828,0.6579999923706055
2026-04-14 19:01:00,41.84700012207031,87.12000274658203,0.6159999966621399
2026-04-14 19:06:02,36.9900016784668,87.55699920654297,0.546999990940094
2026-04-14 19:11:04,31.73900032043457,85.86199951171875,0.460999995470047
2026-04-14 19:16:06,28.176000595092773,85.20500183105469,0.4059999883174896
2026-04-14 19:21:08,24.05299949645996,86.72599792480469,0.3529999852180481
2026-04-14 19:26:09,22.70400047302246,83.15899658203125,0.3190000057220459
2026-04-14 19:31:11,20.43400001525879,87.51499938964844,0.3019999861717224
2026-04-14 19:36:13,17.764999389648438,80.4800033569336,0.24199999868869781
2026-04-14 19:41:15,14.23799991607666,85.36599731445312,0.20499999821186066
2026-04-14 19:46:17,12.388999938964844,86.87999725341797,0.18199999630451202
2026-04-14 19:51:19,9.819000244140625,72.62899780273438,0.12099999934434891
2026-04-14 19:56:21,7.497000217437744,61.54399871826172,0.07800000160932541
2026-04-14 20:01:23,5.686999797821045,0.25,0.0
2026-04-14 20:06:25,4.085000038146973,0.43299999833106995,0.0
2026-04-14 20:11:27,2.1710000038146973,0.23399999737739563,0.0
2026-04-14 20:16:29,1.1039999723434448,0.28700000047683716,0.0
2026-04-15 06:53:39,1.1039999723434448,0.28700000047683716,0.0
2026-04-15 06:58:41,5.480999946594238,0.2590000033378601,0.0
2026-04-15 07:03:43,7.09499979019165,0.4519999921321869,0.0010000000474974513
2026-04-15 07:08:45,8.986000061035156,34.209999084472656,0.052000001072883606
2026-04-15 07:13:47,12.192000389099121,47.00299835205078,0.09700000286102295
2026-04-15 07:18:49,14.432000160217285,51.382999420166016,0.125
2026-04-15 07:23:51,17.316999435424805,51.236000061035156,0.15000000596046448
2026-04-15 07:28:53,20.075000762939453,52.06399917602539,0.1770000010728836
2026-04-15 07:33:55,23.441999435424805,54.650001525878906,0.21699999272823334
2026-04-15 07:38:57,28.731000900268555,60.191001892089844,0.2919999957084656
2026-04-15 07:43:59,31.448999404907227,59.573001861572266,0.31700000166893005
2026-04-15 07:49:01,34.6510009765625,65.0510025024414,0.38100001215934753
2026-04-15 07:54:03,37.231998443603516,67.65899658203125,0.4259999990463257
2026-04-15 07:59:05,41.46699905395508,68.86000061035156,0.4830000102519989
2026-04-15 08:04:07,38.928001403808594,68.66400146484375,0.4519999921321869
2026-04-15 08:09:09,42.76300048828125,70.625,0.5099999904632568
2026-04-15 08:14:11,46.277000427246094,69.30599975585938,0.5419999957084656
2026-04-15 08:19:13,60.04800033569336,73.66000366210938,0.7480000257492065
2026-04-15 08:24:15,69.04199981689453,74.64199829101562,0.8709999918937683
2026-04-15 08:29:17,81.24800109863281,73.9530029296875,1.0149999856948853
2026-04-15 08:34:19,93.53099822998047,73.39299774169922,1.159999966621399
2026-04-15 08:39:21,106.13500213623047,73.62699890136719,1.3209999799728394
2026-04-15 08:44:23,106.06600189208984,75.98699951171875,1.3619999885559082
2026-04-15 08:49:25,118.9280014038086,76.60900115966797,1.5399999618530273
2026-04-15 08:54:27,133.58099365234375,77.21499633789062,1.7430000305175781
2026-04-15 08:59:29,146.69500732421875,76.93000030517578,1.906999945640564
2026-04-15 09:04:31,151.21600341796875,75.31400299072266,1.9249999523162842
2026-04-15 09:09:33,164.17100524902344,75.25700378417969,2.0880000591278076
2026-04-15 09:14:35,172.2220001220703,74.63400268554688,2.171999931335449
2026-04-15 09:19:37,189.52000427246094,75.46499633789062,2.4170000553131104
2026-04-15 09:24:39,201.3350067138672,76.2020034790039,2.5929999351501465
2026-04-15 09:29:41,209.927001953125,75.7750015258789,2.687999963760376
2026-04-15 09:34:43,204.25100708007812,76.66300201416016,2.6459999084472656
2026-04-15 09:39:45,215.12100219726562,76.31800079345703,2.7750000953674316
2026-04-15 09:44:47,236.68299865722656,75.41400146484375,3.0169999599456787
2026-04-15 09:49:49,238.21299743652344,77.46600341796875,3.11899995803833
2026-04-15 09:54:51,215.81300354003906,77.59600067138672,2.8299999237060547
2026-04-15 09:59:53,230.02999877929688,78.37300109863281,3.046999931335449
2026-04-15 10:04:55,233.91799926757812,78.88899993896484,3.11899995803833
2026-04-15 10:09:57,237.60000610351562,79.89800262451172,3.2079999446868896
2026-04-15 10:14:59,231.73699951171875,79.22000122070312,3.1029999256134033
2026-04-15 10:20:01,228.60899353027344,79.81199645996094,3.0840001106262207
2026-04-15 10:25:03,232.50999450683594,80.60099792480469,3.1670000553131104
2026-04-15 10:30:05,227.48199462890625,79.63600158691406,3.062000036239624
2026-04-15 10:35:07,225.56100463867188,80.69599914550781,3.0759999752044678
2026-04-15 10:40:09,252.73599243164062,80.32099914550781,3.430999994277954
2026-04-15 10:45:11,288.11199951171875,79.91799926757812,3.8910000324249268
2026-04-15 10:50:12,324.61700439453125,78.94100189208984,4.330999851226807
2026-04-15 10:55:14,337.95001220703125,77.7239990234375,4.439000129699707
2026-04-15 11:00:16,342.10101318359375,78.31099700927734,4.5279998779296875
2026-04-15 11:05:18,339.625,78.11699676513672,4.484000205993652
2026-04-15 11:10:20,341.3810119628906,78.0250015258789,4.501999855041504
2026-04-15 11:15:22,355.0740051269531,78.22699737548828,4.693999767303467
2026-04-15 11:20:24,334.56201171875,79.99400329589844,4.5229997634887695
2026-04-15 11:25:26,341.4169921875,79.05999755859375,4.561999797821045
2026-04-15 11:30:28,416.6470031738281,78.677001953125,5.539999961853027
2026-04-15 11:35:30,441.4949951171875,78.95700073242188,5.890999794006348
2026-04-15 11:40:32,468.0480041503906,77.9219970703125,6.164000034332275
2026-04-15 11:45:34,508.12298583984375,76.31700134277344,6.553999900817871
2026-04-15 11:50:36,555.3259887695312,77.15799713134766,7.241000175476074
2026-04-15 11:55:38,528.8410034179688,77.91999816894531,6.964000225067139
2026-04-15 12:00:40,411.114990234375,79.18000030517578,5.500999927520752
2026-04-15 12:05:42,422.39300537109375,80.14700317382812,5.7210001945495605
2026-04-15 12:10:44,443.64599609375,81.58399963378906,6.117000102996826
2026-04-15 12:15:46,373.6300048828125,82.0,5.177999973297119
2026-04-15 12:20:48,565.5540161132812,67.79499816894531,6.480000019073486
2026-04-15 12:25:50,492.3059997558594,74.40299987792969,6.190000057220459
2026-04-15 12:30:52,490.14599609375,77.36000061035156,6.4079999923706055
2026-04-15 12:35:54,454.82501220703125,81.7770004272461,6.285999774932861
2026-04-15 12:40:56,430.0530090332031,80.3030014038086,5.835999965667725
2026-04-15 12:45:58,394.9460144042969,80.81199645996094,5.394000053405762
2026-04-15 12:51:00,476.20599365234375,79.31999969482422,6.383999824523926
2026-04-15 12:56:02,373.6499938964844,82.10199737548828,5.184000015258789
2026-04-15 13:01:04,425.1700134277344,82.64900207519531,5.939000129699707
2026-04-15 13:06:06,445.1090087890625,72.8759994506836,5.48199987411499
2026-04-15 13:11:08,938.5599975585938,76.60199737548828,12.149999618530273
2026-04-15 13:16:10,1156.4599609375,53.13800048828125,10.385000228881836
2026-04-15 13:21:12,1044.3179931640625,57.064998626708984,10.071000099182129
2026-04-15 13:26:14,771.3300170898438,65.18699645996094,8.496999740600586
2026-04-15 13:50:03,626.5830078125,79.92900085449219,8.46399974822998
2026-04-15 13:55:05,671.5260009765625,82.30500030517578,9.340999603271484
2026-04-15 14:00:07,571.6370239257812,71.13500213623047,6.872000217437744
2026-04-15 14:05:09,552.833984375,81.16799926757812,7.583000183105469
2026-04-15 14:10:11,595.7589721679688,75.70999908447266,7.623000144958496
2026-04-15 14:15:13,487.9930114746094,81.39700317382812,6.7129998207092285
2026-04-15 14:20:15,487.3030090332031,82.4229965209961,6.788000106811523
2026-04-15 14:25:17,438.0159912109375,78.9749984741211,5.8460001945495605
2026-04-15 14:30:19,508.1789855957031,78.07099914550781,6.704999923706055
2026-04-15 14:35:21,421.1310119628906,81.37100219726562,5.790999889373779
2026-04-15 14:40:23,401.5840148925781,80.42500305175781,5.458000183105469
2026-04-15 14:45:25,425.5589904785156,79.6259994506836,5.7270002365112305
2026-04-15 14:50:26,461.9859924316406,79.05599975585938,6.171999931335449
2026-04-15 14:55:28,512.656005859375,77.59700012207031,6.7230000495910645
2026-04-15 15:00:30,524.948974609375,79.30599975585938,7.035999774932861
2026-04-15 15:05:32,1181.625,46.50699996948242,9.286999702453613
2026-04-15 15:10:34,972.2830200195312,46.652000427246094,7.665999889373779
2026-04-15 15:15:36,936.1909790039062,48.76100158691406,7.715000152587891
2026-04-15 15:20:38,920.9990234375,72.25499725341797,11.246000289916992
2026-04-15 15:25:40,866.8980102539062,74.51000213623047,10.916000366210938
2026-04-15 15:30:42,902.5980224609375,73.62200164794922,11.229999542236328
2026-04-15 15:35:44,886.4940185546875,74.51200103759766,11.163000106811523
2026-04-15 15:40:46,867.3259887695312,72.50199890136719,10.626999855041504
2026-04-15 15:45:48,783.89697265625,74.80000305175781,9.909000396728516
2026-04-15 15:50:50,795.4929809570312,73.48400115966797,9.878999710083008
2026-04-15 15:55:52,791.6300048828125,73.36799621582031,9.815999984741211
2026-04-15 16:00:54,715.1589965820312,73.57499694824219,8.892000198364258
2026-04-15 16:05:56,719.781005859375,72.77799987792969,8.852999687194824
2026-04-15 16:10:58,703.958984375,73.26100158691406,8.715999603271484
2026-04-15 16:16:00,683.5609741210938,71.83799743652344,8.298999786376953
2026-04-15 16:21:02,571.906005859375,73.6050033569336,7.113999843597412
2026-04-15 16:26:04,679.3350219726562,71.16200256347656,8.170000076293945
2026-04-15 16:31:06,624.72998046875,70.81600189208984,7.4770002365112305
2026-04-15 16:36:08,671.177001953125,70.23999786376953,7.9670000076293945
2026-04-15 16:41:10,664.7589721679688,68.93199920654297,7.74399995803833
2026-04-15 16:46:12,612.9840087890625,69.2020034790039,7.169000148773193
2026-04-15 16:51:14,608.47998046875,68.20800018310547,7.013999938964844
2026-04-15 16:56:16,604.7979736328125,68.01699829101562,6.952000141143799
2026-04-15 17:01:18,470.6809997558594,78.2020034790039,6.2210001945495605
2026-04-15 17:06:20,553.0650024414062,66.78800201416016,6.243000030517578
2026-04-15 17:11:22,531.0770263671875,65.43499755859375,5.873000144958496
2026-04-15 17:16:24,519.0469970703125,65.47699737548828,5.74399995803833
2026-04-15 17:21:26,510.2720031738281,64.697998046875,5.578999996185303
2026-04-15 17:26:28,427.1659851074219,63.97800064086914,4.61899995803833
2026-04-15 17:31:30,299.21600341796875,69.07599639892578,3.493000030517578
2026-04-15 17:36:32,260.22601318359375,68.8489990234375,3.0280001163482666
2026-04-15 17:41:34,426.2080078125,64.00700378417969,4.610000133514404
2026-04-15 17:46:36,292.4960021972656,77.83000183105469,3.8469998836517334
2026-04-15 17:51:38,387.0509948730469,62.979000091552734,4.119999885559082
2026-04-15 17:56:40,381.57501220703125,58.358001708984375,3.763000011444092
2026-04-15 18:01:42,433.68701171875,47.422000885009766,3.4760000705718994
2026-04-15 18:06:44,338.9540100097656,57.832000732421875,3.312999963760376
2026-04-15 18:11:46,299.98199462890625,59.362998962402344,3.009999990463257
2026-04-15 18:16:48,256.3909912109375,60.316001892089844,2.614000082015991
2026-04-15 18:21:50,189.8350067138672,66.93099975585938,2.1470000743865967
2026-04-15 18:26:51,77.49500274658203,86.91100311279297,1.1380000114440918
2026-04-15 18:31:53,219.67799377441406,49.45199966430664,1.8359999656677246
2026-04-15 18:36:55,109.3489990234375,78.26100158691406,1.4459999799728394
2026-04-15 18:41:57,91.61799621582031,83.43699645996094,1.2920000553131104
2026-04-15 18:46:59,77.12699890136719,80.89099884033203,1.0540000200271606
2026-04-15 18:52:01,78.79499816894531,83.51599884033203,1.1119999885559082
2026-04-15 18:57:03,71.41899871826172,85.7040023803711,1.034000039100647
2026-04-15 19:02:05,103.11100006103516,68.21099853515625,1.1890000104904175
2026-04-15 19:07:07,58.10499954223633,87.76200103759766,0.8619999885559082
2026-04-15 19:12:09,39.35300064086914,84.59700012207031,0.5630000233650208
2026-04-15 19:17:11,55.255001068115234,84.70099639892578,0.7910000085830688
2026-04-15 19:22:13,53.73500061035156,83.89099884033203,0.7620000243186951
2026-04-15 19:27:15,50.79800033569336,79.74199676513672,0.6850000023841858
2026-04-15 19:32:17,50.75899887084961,81.39600372314453,0.6980000138282776
2026-04-15 19:37:19,45.57899856567383,81.00299835205078,0.6240000128746033
2026-04-15 19:42:21,27.141000747680664,93.37200164794922,0.42800000309944153
2026-04-15 19:47:23,18.187000274658203,88.32599639892578,0.2709999978542328
2026-04-15 19:52:25,13.22700023651123,96.6719970703125,0.2160000056028366
2026-04-15 19:57:27,9.442000389099121,105.74500274658203,0.16899999976158142
2026-04-15 20:02:29,6.081999778747559,64.75599670410156,0.06700000166893005
2026-04-15 20:07:31,3.9839999675750732,0.4020000100135803,0.0
2026-04-15 20:12:33,2.986999988555908,0.3400000035762787,0.0
2026-04-15 20:17:35,1.6050000190734863,0.05299999937415123,0.0
2026-04-16 06:40:57,1.6050000190734863,0.05299999937415123,0.0
2026-04-16 06:56:03,7.735000133514404,0.019999999552965164,0.0
2026-04-16 07:01:05,10.434000015258789,0.008999999612569809,0.0
2026-04-16 07:06:07,14.446999549865723,0.007000000216066837,0.0
2026-04-16 07:11:09,24.822999954223633,0.004000000189989805,0.0
2026-04-16 07:16:11,32.784000396728516,-0.0020000000949949026,0.0
2026-04-16 07:21:13,41.50199890136719,0.0020000000949949026,0.0
2026-04-16 07:26:15,51.69599914550781,0.003000000026077032,0.0
2026-04-16 07:31:17,64.63500213623047,-0.0010000000474974513,0.0
2026-04-16 07:36:19,78.05899810791016,-0.0010000000474974513,0.0
2026-04-16 07:41:21,96.13099670410156,-0.003000000026077032,0.0
2026-04-16 07:46:23,113.13600158691406,-0.006000000052154064,0.0
2026-04-16 07:51:25,127.47000122070312,-0.004000000189989805,0.0
2026-04-16 07:56:27,150.3679962158203,-0.008999999612569809,0.0
2026-04-16 08:01:29,175.6020050048828,0.9869999885559082,0.028999999165534973
2026-04-16 08:06:31,208.35000610351562,43.5099983215332,1.531999945640564
2026-04-16 08:11:33,227.38699340820312,45.402000427246094,1.7450000047683716
2026-04-16 08:16:35,271.6889953613281,48.558998107910156,2.2300000190734863
2026-04-16 08:21:37,153.0989990234375,68.40899658203125,1.7699999809265137
2026-04-16 08:26:39,185.51400756835938,64.76200103759766,2.0299999713897705
2026-04-16 08:31:41,211.62100219726562,63.667999267578125,2.2769999504089355
2026-04-16 08:36:43,328.92999267578125,53.02000045776367,2.947000026702881
2026-04-16 08:41:45,372.05499267578125,55.27299880981445,3.4749999046325684
2026-04-16 08:46:47,373.4289855957031,52.944000244140625,3.3410000801086426
2026-04-16 08:51:49,172.77499389648438,46.80400085449219,1.3669999837875366
2026-04-16 08:56:51,102.75900268554688,189.31100463867188,3.2880001068115234
2026-04-16 09:01:53,413.718994140625,58.185001373291016,4.067999839782715
2026-04-16 09:06:55,433.0220031738281,58.93299865722656,4.313000202178955
2026-04-16 09:11:57,456.385009765625,59.066001892089844,4.556000232696533
2026-04-16 09:16:59,479.5889892578125,59.6510009765625,4.835000038146973
2026-04-16 09:22:01,500.427001953125,60.512001037597656,5.118000030517578
2026-04-16 09:27:03,524.7570190429688,60.882999420166016,5.39900016784668
2026-04-16 09:32:05,546.2030029296875,61.10499954223633,5.639999866485596
2026-04-16 09:37:07,563.4669799804688,61.290000915527344,5.835999965667725
2026-04-16 09:42:09,584.1619873046875,61.97100067138672,6.118000030517578
2026-04-16 09:47:11,602.614990234375,62.316001892089844,6.3460001945495605
2026-04-16 09:52:13,620.1710205078125,63.435001373291016,6.64900016784668
2026-04-16 09:57:15,639.31201171875,62.72200012207031,6.7769999504089355
2026-04-16 10:02:17,658.27197265625,50.224998474121094,5.586999893188477
2026-04-16 10:07:19,677.2869873046875,53.02199935913086,6.068999767303467
2026-04-16 10:12:21,690.5369873046875,54.66699981689453,6.380000114440918
2026-04-16 10:17:23,710.6079711914062,43.50899887084961,5.224999904632568
2026-04-16 10:22:25,730.8369750976562,61.18899917602539,7.558000087738037
2026-04-16 10:27:26,749.1339721679688,64.45600128173828,8.15999984741211
2026-04-16 10:32:28,764.9600219726562,65.37999725341797,8.45199966430664
2026-04-16 10:37:30,784.3729858398438,65.0739974975586,8.62600040435791
2026-04-16 10:42:32,802.3380126953125,65.62000274658203,8.89799976348877
2026-04-16 10:47:34,816.8410034179688,65.75700378417969,9.07800006866455
2026-04-16 10:52:36,833.9949951171875,66.36699676513672,9.354000091552734
2026-04-16 10:57:38,851.5770263671875,66.4749984741211,9.567000389099121
2026-04-16 11:02:40,866.2930297851562,66.61299896240234,9.751999855041504
2026-04-16 11:07:42,882.8289794921875,67.16999816894531,10.022000312805176
2026-04-16 11:12:44,898.4860229492188,68.03700256347656,10.331000328063965
2026-04-16 11:17:46,917.2249755859375,67.97200012207031,10.53600025177002
2026-04-16 11:22:48,933.72802734375,67.87200164794922,10.710000038146973
2026-04-16 11:27:50,967.6589965820312,67.63300323486328,11.0600004196167
2026-04-16 11:32:52,1000.4730224609375,62.54999923706055,10.576000213623047
2026-04-16 11:37:54,965.8770141601562,70.10600280761719,11.444000244140625
2026-04-16 11:42:56,985.177001953125,70.17400360107422,11.684000015258789
2026-04-16 11:47:58,1015.4229736328125,69.81600189208984,11.980999946594238
2026-04-16 11:53:00,1061.323974609375,69.68199920654297,12.498000144958496
2026-04-16 11:58:02,1090.7860107421875,69.79399871826172,12.866000175476074
2026-04-16 12:03:04,1067.5909423828125,70.76200103759766,12.767000198364258
2026-04-16 12:08:06,1050.9990234375,71.74299621582031,12.743000030517578
2026-04-16 12:13:08,1050.68603515625,71.58300018310547,12.711000442504883
2026-04-16 12:18:10,1046.112060546875,71.83300018310547,12.699000358581543
2026-04-16 12:23:12,1056.8070068359375,72.77200317382812,12.996999740600586
2026-04-16 12:28:14,1088.0460205078125,72.41000366210938,13.3149995803833
2026-04-16 12:33:16,967.3259887695312,86.74299621582031,14.180999755859375
2026-04-16 12:38:18,1102.5899658203125,74.51100158691406,13.883999824523926
2026-04-16 12:43:20,1052.4959716796875,75.43699645996094,13.418000221252441
2026-04-16 12:48:22,1038.324951171875,75.41100311279297,13.232999801635742
2026-04-16 12:53:24,1075.2569580078125,75.0770034790039,13.642999649047852
2026-04-16 12:58:26,1042.987060546875,76.94000244140625,13.562000274658203
2026-04-16 13:03:28,1040.43896484375,76.88899993896484,13.520000457763672
2026-04-16 13:08:30,1053.4219970703125,77.05999755859375,13.718999862670898
2026-04-16 13:13:32,1080.60595703125,76.39700317382812,13.95199966430664
2026-04-16 13:18:34,1082.02099609375,76.58399963378906,14.003999710083008
2026-04-16 13:23:36,1058.8800048828125,77.13800048828125,13.803999900817871
2026-04-16 13:47:14,1051.1700439453125,78.1259994506836,13.878999710083008
2026-04-16 13:52:16,1049.342041015625,77.60299682617188,13.76200008392334
2026-04-16 13:57:18,1049.31201171875,77.96499633789062,13.826000213623047
2026-04-16 14:02:20,1053.8609619140625,76.58399963378906,13.640000343322754
2026-04-16 14:07:22,1039.583984375,78.98300170898438,13.87600040435791
2026-04-16 14:12:24,990.905029296875,78.6719970703125,13.175000190734863
2026-04-16 14:17:26,901.1729736328125,85.61399841308594,13.038999557495117
2026-04-16 14:22:28,962.4249877929688,78.59700012207031,12.784000396728516
2026-04-16 14:27:30,981.8170166015625,78.697998046875,13.057999610900879
2026-04-16 14:32:32,1001.4420166015625,78.22699737548828,13.23900032043457
2026-04-16 14:37:34,980.3590087890625,78.43099975585938,12.994000434875488
2026-04-16 14:42:36,986.218994140625,78.44100189208984,13.074000358581543
2026-04-16 14:47:38,936.2239990234375,78.625,12.4399995803833
2026-04-16 14:52:40,972.448974609375,78.02799987792969,12.822999954223633
2026-04-16 14:57:42,957.4450073242188,77.64700317382812,12.564000129699707
2026-04-16 15:02:44,923.5040283203125,77.90399932861328,12.159000396728516
2026-04-16 15:07:46,970.573974609375,78.6259994506836,12.897000312805176
2026-04-16 15:12:48,947.4169921875,76.50299835205078,12.24899959564209
2026-04-16 15:17:50,572.4869995117188,48.85300064086914,4.7270002365112305
2026-04-16 15:22:52,940.260986328125,75.6719970703125,12.024999618530273
2026-04-16 15:27:54,921.093017578125,75.6520004272461,11.776000022888184
2026-04-16 15:32:56,261.02899169921875,84.65499877929688,3.7339999675750732
2026-04-16 15:37:58,892.375,75.58999633789062,11.399999618530273
2026-04-16 15:43:00,277.2619934082031,83.38099670410156,3.9070000648498535
2026-04-16 15:48:02,502.0799865722656,86.29100036621094,7.322000026702881
2026-04-16 15:53:04,874.1920166015625,74.09600067138672,10.946999549865723
2026-04-16 15:58:06,240.53900146484375,82.91000366210938,3.369999885559082
2026-04-16 16:03:08,233.531005859375,82.9280014038086,3.2730000019073486
2026-04-16 16:08:10,805.8289794921875,73.87799835205078,10.060999870300293
2026-04-16 16:13:12,249.6529998779297,81.41000366210938,3.434999942779541
2026-04-16 16:18:14,203.68899536132812,83.32599639892578,2.868000030517578
2026-04-16 16:23:16,316.1369934082031,67.22000122070312,3.5910000801086426
2026-04-16 16:28:18,322.5740051269531,125.3949966430664,6.835999965667725
2026-04-16 16:33:20,571.1500244140625,63.23400115966797,6.104000091552734
2026-04-16 16:38:22,189.9949951171875,104.33899688720703,3.3499999046325684
2026-04-16 16:43:24,150.24000549316406,82.79199981689453,2.1019999980926514
2026-04-16 16:48:26,128.64700317382812,84.36199951171875,1.8339999914169312
2026-04-16 16:53:28,119.03500366210938,82.95800018310547,1.6690000295639038
2026-04-16 16:58:30,125.48500061035156,84.73200225830078,1.7970000505447388
2026-04-16 17:03:32,122.59700012207031,87.11000061035156,1.8049999475479126
2026-04-16 17:08:34,117.24600219726562,83.60099792480469,1.656999945640564
2026-04-16 17:13:36,124.40699768066406,85.58699798583984,1.7990000247955322
2026-04-16 17:18:38,130.0749969482422,85.5719985961914,1.88100004196167
2026-04-16 17:23:40,129.80299377441406,87.15799713134766,1.9119999408721924
2026-04-16 17:28:42,129.56300354003906,86.16100311279297,1.8869999647140503
2026-04-16 17:33:44,130.6790008544922,86.4739990234375,1.909999966621399
2026-04-16 17:38:46,136.28799438476562,87.18699645996094,2.007999897003174
2026-04-16 17:43:47,130.2949981689453,87.87000274658203,1.934999942779541
2026-04-16 17:48:49,121.10399627685547,87.61100006103516,1.7929999828338623
2026-04-16 17:53:51,113.16799926757812,84.11299896240234,1.6089999675750732
2026-04-16 17:58:53,113.44200134277344,82.58899688720703,1.5829999446868896
2026-04-16 18:03:55,113.43099975585938,83.12699890136719,1.593999981880188
2026-04-16 18:08:57,106.37300109863281,82.13899993896484,1.4769999980926514
2026-04-16 18:13:59,113.5999984741211,77.66000366210938,1.4910000562667847
2026-04-16 18:19:01,100.58699798583984,81.15499877929688,1.3799999952316284
2026-04-16 18:24:03,86.39299774169922,79.6510009765625,1.1629999876022339
2026-04-16 18:29:05,110.18900299072266,68.56700134277344,1.2769999504089355
2026-04-16 18:34:07,97.73600006103516,69.76300048828125,1.1519999504089355
2026-04-16 18:39:09,89.95700073242188,68.1259994506836,1.0360000133514404
2026-04-16 18:44:11,127.27300262451172,58.31999969482422,1.253999948501587
2026-04-16 18:49:13,68.76699829101562,88.30500030517578,1.0260000228881836
2026-04-16 18:54:15,74.62899780273438,74.00900268554688,0.9330000281333923
2026-04-16 18:59:17,88.01799774169922,63.979000091552734,0.9520000219345093
2026-04-16 19:04:19,53.43299865722656,89.8479995727539,0.8109999895095825
2026-04-16 19:09:21,46.21500015258789,83.6729965209961,0.6539999842643738
2026-04-16 19:14:23,42.33599853515625,86.56700134277344,0.6190000176429749
2026-04-16 19:19:25,42.83700180053711,79.85600280761719,0.578000009059906
2026-04-16 19:24:27,39.83100128173828,87.75700378417969,0.5910000205039978
2026-04-16 19:29:29,36.641998291015625,80.93199920654297,0.5009999871253967
2026-04-16 19:34:31,34.51900100708008,85.71800231933594,0.5
2026-04-16 19:39:33,32.11899948120117,85.30000305175781,0.46299999952316284
2026-04-16 19:44:35,26.70199966430664,89.13300323486328,0.4020000100135803
2026-04-16 19:49:37,21.62700080871582,90.77999877929688,0.3319999873638153
2026-04-16 19:54:39,17.729999542236328,86.5,0.2590000033378601
2026-04-16 19:59:41,15.776000022888184,95.12100219726562,0.2540000081062317
2026-04-16 20:04:43,12.706000328063965,93.72899627685547,0.20100000500679016
2026-04-16 20:09:45,9.574999809265137,89.81700134277344,0.14499999582767487
2026-04-16 20:14:47,5.952000141143799,18.660999298095703,0.01899999938905239
2026-04-16 20:19:49,2.5850000381469727,0.039000000804662704,0.0
2026-04-17 06:44:22,2.5850000381469727,0.039000000804662704,0.0
2026-04-17 06:49:24,9.342000007629395,0.014000000432133675,0.0
2026-04-17 06:54:26,13.97700023651123,0.004999999888241291,0.0
2026-04-17 06:59:28,19.277999877929688,0.004999999888241291,0.0
2026-04-17 07:04:30,26.10700035095215,0.009999999776482582,0.0
2026-04-17 07:09:32,29.55900001525879,0.0020000000949949026,0.0
2026-04-17 07:14:34,34.696998596191406,0.004000000189989805,0.0
2026-04-17 07:19:36,40.018001556396484,0.0020000000949949026,0.0
2026-04-17 07:24:38,44.832000732421875,0.0010000000474974513,0.0
2026-04-17 07:29:40,51.4739990234375,0.0,0.0
2026-04-17 07:34:42,57.391998291015625,0.0020000000949949026,0.0
2026-04-17 07:39:44,63.78499984741211,0.0020000000949949026,0.0
2026-04-17 07:44:46,79.22100067138672,0.0,0.0
2026-04-17 07:49:48,95.41899871826172,0.0,0.0
2026-04-17 07:54:50,120.34500122070312,-0.0010000000474974513,0.0
2026-04-17 07:59:52,150.04600524902344,-0.003000000026077032,0.0
2026-04-17 08:04:54,166.4340057373047,-0.003000000026077032,0.0
2026-04-17 08:09:56,186.18099975585938,49.659000396728516,1.562000036239624
2026-04-17 08:14:58,213.54299926757812,-0.004999999888241291,0.0
2026-04-17 08:20:00,232.2949981689453,-0.003000000026077032,0.0
2026-04-17 08:25:02,227.2689971923828,54.0359992980957,2.075000047683716
2026-04-17 08:30:04,242.86399841308594,55.83100128173828,2.2920000553131104
2026-04-17 08:35:06,256.6650085449219,56.80500030517578,2.4639999866485596
2026-04-17 08:40:08,278.3429870605469,57.03099822998047,2.683000087738037
2026-04-17 08:45:10,297.35699462890625,58.483001708984375,2.938999891281128
2026-04-17 08:50:12,303.1260070800781,60.14699935913086,3.0810000896453857
2026-04-17 08:55:14,304.822998046875,61.715999603271484,3.178999900817871
2026-04-17 09:00:16,311.2569885253906,63.007999420166016,3.313999891281128
2026-04-17 09:05:18,352.50299072265625,60.722999572753906,3.617000102996826
2026-04-17 09:10:20,407.25,60.7140007019043,4.178999900817871
2026-04-17 09:15:22,380.16900634765625,63.57899856567383,4.085000038146973
2026-04-17 09:20:24,380.4320068359375,64.052001953125,4.118000030517578
2026-04-17 09:25:26,395.27301025390625,64.83699798583984,4.330999851226807
2026-04-17 09:30:28,466.3500061035156,62.518001556396484,4.927000045776367
2026-04-17 09:35:30,376.7569885253906,65.87899780273438,4.195000171661377
2026-04-17 09:40:32,374.7699890136719,66.70999908447266,4.224999904632568
2026-04-17 09:45:34,400.3290100097656,66.65299987792969,4.508999824523926
2026-04-17 09:50:36,473.72698974609375,66.60099792480469,5.331999778747559
2026-04-17 09:55:38,519.9210205078125,65.28700256347656,5.736999988555908
2026-04-17 10:00:40,454.56201171875,66.91600036621094,5.140999794006348
2026-04-17 10:05:42,538.4609985351562,67.40799713134766,6.133999824523926
2026-04-17 10:10:44,535.8809814453125,68.25199890136719,6.181000232696533
2026-04-17 10:15:46,552.97900390625,70.2770004272461,6.567999839782715
2026-04-17 10:20:48,585.4669799804688,68.6240005493164,6.789999961853027
2026-04-17 10:25:50,475.54998779296875,69.6780014038086,5.599999904632568
2026-04-17 10:30:52,524.2860107421875,69.54199981689453,6.1620001792907715
2026-04-17 10:35:53,640.2490234375,67.71399688720703,7.327000141143799
2026-04-17 10:40:55,712.0750122070312,67.13200378417969,8.079000473022461
2026-04-17 10:45:57,690.719970703125,69.01399993896484,8.055999755859375
2026-04-17 10:50:59,747.3900146484375,68.11900329589844,8.604000091552734
2026-04-17 10:56:01,810.7540283203125,68.26300048828125,9.352999687194824
2026-04-17 11:01:03,789.3829956054688,69.52999877929688,9.276000022888184
2026-04-17 11:06:05,676.2260131835938,71.74700164794922,8.199000358581543
2026-04-17 11:11:07,713.52197265625,71.60399627685547,8.633999824523926
2026-04-17 11:16:09,760.2449951171875,71.8489990234375,9.230999946594238
2026-04-17 11:21:11,883.2050170898438,71.0510025024414,10.604999542236328
2026-04-17 11:26:13,787.7540283203125,72.88500213623047,9.70300006866455
2026-04-17 11:31:15,791.8510131835938,73.56900024414062,9.845000267028809
2026-04-17 11:36:17,549.0609741210938,87.18099975585938,8.09000015258789
2026-04-17 11:41:19,311.531005859375,73.61199951171875,3.875999927520752
2026-04-17 11:46:21,227.44500732421875,81.34200286865234,3.127000093460083
2026-04-17 11:51:23,249.43099975585938,81.24800109863281,3.424999952316284
2026-04-17 11:56:25,521.7579956054688,64.74400329589844,5.709000110626221
2026-04-17 12:01:27,824.7570190429688,75.8489990234375,10.571999549865723
2026-04-17 12:06:29,847.6300048828125,73.54499816894531,10.53499984741211
2026-04-17 12:11:31,863.5070190429688,73.06700134277344,10.663000106811523
2026-04-17 12:16:33,873.5449829101562,75.18000030517578,11.098999977111816
2026-04-17 12:21:35,842.719970703125,75.6500015258789,10.77400016784668
2026-04-17 12:26:37,788.9920043945312,77.11599731445312,10.282999992370605
2026-04-17 12:31:39,901.4450073242188,76.3219985961914,11.626999855041504
2026-04-17 12:36:41,935.0029907226562,76.62000274658203,12.107000350952148
2026-04-17 12:41:43,867.8930053710938,76.69999694824219,11.25
2026-04-17 12:46:45,832.4959716796875,78.39299774169922,11.029000282287598
2026-04-17 12:51:47,966.9650268554688,76.75700378417969,12.543000221252441
2026-04-17 12:56:49,987.8670043945312,75.66699981689453,12.633000373840332
2026-04-17 13:01:51,866.97802734375,78.08999633789062,11.442000389099121
2026-04-17 13:06:53,726.719970703125,80.08899688720703,9.836000442504883
2026-04-17 13:11:55,761.3619995117188,80.88099670410156,10.406999588012695
2026-04-17 13:16:57,983.7760009765625,78.87799835205078,13.11400032043457
2026-04-17 13:21:59,797.2659912109375,81.57499694824219,10.991000175476074
2026-04-17 13:27:01,889.593017578125,81.3280029296875,12.22700023651123
2026-04-17 13:50:57,845.3809814453125,82.26399993896484,11.753000259399414
2026-04-17 13:55:59,946.6630249023438,78.04499816894531,12.486000061035156
2026-04-17 14:01:01,808.9349975585938,78.6520004272461,10.753000259399414
2026-04-17 14:06:03,881.6229858398438,78.26399993896484,11.66100025177002
2026-04-17 14:11:05,999.1110229492188,76.61299896240234,12.935999870300293
2026-04-17 14:16:07,1000.1649780273438,76.43199920654297,12.918999671936035
2026-04-17 14:21:09,1008.510009765625,76.60199737548828,13.055999755859375
2026-04-17 14:26:11,935.4879760742188,77.40799713134766,12.23799991607666
2026-04-17 14:31:13,796.2260131835938,79.00199890136719,10.630999565124512
2026-04-17 14:36:15,872.9530029296875,77.5979995727539,11.447999954223633
2026-04-17 14:41:17,982.5869750976562,76.38600158691406,12.684000015258789
2026-04-17 14:46:19,1005.9819946289062,76.5459976196289,13.013999938964844
2026-04-17 14:51:21,994.9550170898438,76.68299865722656,12.894000053405762
2026-04-17 14:56:23,947.0830078125,77.73300170898438,12.442000389099121
2026-04-17 15:01:25,940.7630004882812,77.09600067138672,12.256999969482422
2026-04-17 15:06:27,944.2150268554688,77.20899963378906,12.319999694824219
2026-04-17 15:11:29,933.1430053710938,77.2959976196289,12.1899995803833
2026-04-17 15:16:31,745.3790283203125,62.862998962402344,9.38599967956543
2026-04-24 11:00:51,745.3790283203125,62.862998962402344,9.38599967956543
2026-04-24 11:05:53,898.3250122070312,62.69499969482422,9.517999649047852
2026-04-24 11:10:55,922.4940185546875,62.5369987487793,9.75
2026-04-24 11:15:57,944.4390258789062,62.79499816894531,10.02299976348877
2026-04-24 11:20:59,965.8980102539062,63.16600036621094,10.310999870300293
2026-04-24 11:26:01,983.5540161132812,63.189998626708984,10.503000259399414
2026-04-24 11:31:03,995.4310302734375,63.928001403808594,10.753999710083008
2026-04-24 11:36:05,1003.5889892578125,64.35700225830078,10.914999961853027
2026-04-24 11:41:07,1007.197998046875,64.6520004272461,11.005000114440918
2026-04-24 11:46:09,1015.5469970703125,64.93800354003906,11.145000457763672
2026-04-24 11:51:11,1024.886962890625,64.63999938964844,11.196000099182129
2026-04-24 11:56:13,1036.802001953125,64.9800033569336,11.38599967956543
2026-04-24 12:01:15,1046.4110107421875,65.21399688720703,11.532999992370605
2026-04-24 12:06:17,1058.177978515625,65.2490005493164,11.668999671936035
2026-04-24 12:11:19,1066.9620361328125,65.38099670410156,11.788999557495117
2026-04-24 12:16:21,1069.7440185546875,66.61900329589844,12.043999671936035
2026-04-24 12:21:22,1080.5240478515625,66.77200317382812,12.192999839782715
2026-04-24 12:26:24,1079.958984375,67.41899871826172,12.305000305175781
2026-04-24 12:31:26,1089.06494140625,67.19300079345703,12.366999626159668
2026-04-24 12:36:28,1078.833984375,68.77100372314453,12.538999557495117
2026-04-24 12:41:30,1077.947021484375,68.84700012207031,12.541999816894531
2026-04-24 12:46:32,1080.1710205078125,68.46299743652344,12.498000144958496
2026-04-24 12:51:34,1067.5860595703125,69.23200225830078,12.491000175476074
2026-04-24 12:56:36,1072.4730224609375,68.76399993896484,12.463000297546387
2026-04-24 13:01:38,1061.425048828125,69.56300354003906,12.477999687194824
2026-04-24 13:06:40,1065.7989501953125,69.71600341796875,12.557000160217285
2026-04-24 13:11:42,1068.5150146484375,69.8489990234375,12.61299991607666
2026-04-24 13:16:44,1077.8580322265625,69.52200317382812,12.663999557495117
2026-04-24 13:21:46,1077.1839599609375,69.59500122070312,12.668999671936035
2026-04-24 13:45:26,1073.43505859375,70.18699645996094,12.732999801635742
2026-04-24 13:50:28,1077.345947265625,69.73200225830078,12.696000099182129
2026-04-24 13:55:30,1076.031982421875,70.2490005493164,12.774999618530273
2026-04-24 14:00:32,1073.1800537109375,69.48699951171875,12.602999687194824
2026-04-24 14:05:34,1069.9720458984375,70.20899963378906,12.696000099182129
2026-04-24 14:10:36,1066.2149658203125,69.98400115966797,12.611000061035156
2026-04-24 14:15:38,1062.532958984375,69.9280014038086,12.557000160217285
2026-04-24 14:20:40,1056.8389892578125,69.4990005493164,12.413000106811523
2026-04-24 14:25:42,1049.0169677734375,69.87699890136719,12.387999534606934
2026-04-24 14:30:44,1042.5169677734375,69.86900329589844,12.3100004196167
2026-04-24 14:35:46,1036.39501953125,69.87300109863281,12.23799991607666
2026-04-24 14:40:48,1029.2340087890625,70.16899871826172,12.204999923706055
2026-04-24 14:45:50,1018.4819946289062,69.5479965209961,11.970999717712402
2026-04-24 14:50:52,1011.447021484375,69.58899688720703,11.895000457763672
2026-04-24 14:55:54,997.06298828125,69.86799621582031,11.77299976348877
2026-04-24 15:00:56,988.7520141601562,69.39199829101562,11.595000267028809
2026-04-24 15:05:58,983.0059814453125,69.36100006103516,11.52299976348877
2026-04-24 15:11:00,973.72802734375,69.4489974975586,11.428999900817871
2026-04-24 15:16:02,962.1710205078125,69.26699829101562,11.262999534606934
2026-04-24 15:21:04,947.5089721679688,69.6259994506836,11.14900016784668
2026-04-24 15:26:06,938.1669921875,68.96499633789062,10.934000015258789
2026-04-24 15:31:08,921.281982421875,68.91899871826172,10.729999542236328
2026-04-24 15:36:10,891.5499877929688,69.0780029296875,10.407999992370605
2026-04-24 15:41:12,885.7009887695312,68.4010009765625,10.23799991607666
2026-04-24 15:46:14,874.0709838867188,68.38099670410156,10.10099983215332
2026-04-24 15:51:16,848.0869750976562,68.48500061035156,9.815999984741211
2026-04-24 15:56:17,832.0369873046875,67.9800033569336,9.559000015258789
2026-04-24 16:01:19,818.4110107421875,67.58899688720703,9.347999572753906
2026-04-24 16:06:21,807.52001953125,67.22799682617188,9.175000190734863
2026-04-24 16:11:23,792.3809814453125,67.20899963378906,9.0
2026-04-24 16:16:25,770.385986328125,67.25499725341797,8.755999565124512
2026-04-24 16:21:27,753.0789794921875,66.86000061035156,8.508999824523926
2026-04-24 16:26:29,742.5189819335938,65.72899627685547,8.248000144958496
2026-04-24 16:31:31,708.114013671875,65.99700164794922,7.8979997634887695
2026-04-24 16:36:33,686.8209838867188,65.40299987792969,7.591000080108643
2026-04-24 16:41:35,678.3729858398438,64.79900360107422,7.428999900817871
2026-04-24 16:46:37,666.3569946289062,63.95600128173828,7.202000141143799
2026-04-24 16:51:39,651.0330200195312,63.41899871826172,6.978000164031982
2026-04-24 16:56:41,631.18701171875,63.15599822998047,6.736999988555908
2026-04-24 17:01:43,609.72998046875,62.9109992980957,6.482999801635742
2026-04-24 17:06:45,590.2969970703125,62.33300018310547,6.2179999351501465
2026-04-24 17:11:47,573.1859741210938,61.441001892089844,5.952000141143799
2026-04-24 17:16:49,554.458984375,60.79899978637695,5.697000026702881
2026-04-24 17:21:51,531.280029296875,60.36199951171875,5.420000076293945
2026-04-24 17:26:53,514.2880249023438,58.94599914550781,5.123000144958496
2026-04-24 17:31:55,492.39801025390625,58.207000732421875,4.843999862670898
2026-04-24 17:36:57,469.35101318359375,57.88600158691406,4.5920000076293945
2026-04-24 17:41:59,450.64898681640625,56.98500061035156,4.340000152587891
2026-04-24 17:47:01,428.302001953125,56.90399932861328,4.11899995803833
2026-04-24 17:52:03,402.5469970703125,56.11600112915039,3.818000078201294
2026-04-24 17:57:05,378.4960021972656,55.11199951171875,3.5250000953674316
2026-04-24 18:02:07,355.08599853515625,54.595001220703125,3.2760000228881836
2026-04-24 18:07:09,333.77099609375,54.10599899291992,3.052000045776367
2026-04-24 18:12:11,309.9110107421875,53.529998779296875,2.803999900817871
2026-04-24 18:17:13,290.1390075683594,51.43299865722656,2.5220000743865967
2026-04-24 18:22:15,272.6719970703125,50.534000396728516,2.3289999961853027
2026-04-24 18:27:17,254.63800048828125,50.097999572753906,2.1559998989105225
2026-04-24 18:32:19,237.33299255371094,49.301998138427734,1.9769999980926514
2026-04-24 18:37:21,45.435001373291016,231.94200134277344,1.781000018119812
2026-04-24 18:42:23,42.71500015258789,220.41299438476562,1.590999960899353
2026-04-24 18:47:25,42.856998443603516,192.60000610351562,1.3949999809265137
2026-04-24 18:52:27,40.17399978637695,180.39300537109375,1.225000023841858
2026-04-24 18:57:29,38.71799850463867,165.927001953125,1.0859999656677246
2026-04-24 19:02:31,37.542999267578125,146.09100341796875,0.9269999861717224
2026-04-24 19:07:33,36.14400100708008,87.82499694824219,0.5360000133514404
2026-04-24 19:12:35,34.71099853515625,82.21299743652344,0.4819999933242798
2026-04-24 19:17:37,33.3390007019043,93.072998046875,0.5239999890327454
2026-04-24 19:22:39,31.910999298095703,82.42900085449219,0.4449999928474426
2026-04-24 19:27:41,30.388999938964844,81.88300323486328,0.42100000381469727
2026-04-24 19:32:43,28.959999084472656,87.79199981689453,0.4300000071525574
2026-04-24 19:37:45,25.768999099731445,87.60600280761719,0.38199999928474426
2026-04-24 19:42:47,23.30299949645996,94.61599731445312,0.37299999594688416
2026-04-24 19:47:49,20.945999145507812,101.56199645996094,0.36000001430511475
2026-04-24 19:52:51,18.43000030517578,98.36000061035156,0.3059999942779541
2026-04-24 19:57:53,16.55699920654297,98.5270004272461,0.2759999930858612
2026-04-24 20:02:55,13.970000267028809,97.26300048828125,0.23000000417232513
2026-04-24 20:07:56,11.444999694824219,103.5469970703125,0.20000000298023224
2026-04-24 20:12:58,9.369000434875488,110.67500305175781,0.17499999701976776
2026-04-24 20:18:00,7.078999996185303,94.2959976196289,0.11299999803304672
2026-04-24 20:23:02,4.678999900817871,20.65999984741211,0.01600000075995922
2026-04-24 20:28:04,2.933000087738037,0.4410000145435333,0.0
2026-04-24 20:33:06,1.3489999771118164,0.05000000074505806,0.0
2026-04-25 06:30:24,1.3489999771118164,0.05000000074505806,0.0
2026-04-25 06:40:28,9.46500015258789,0.032999999821186066,0.0
2026-04-25 06:45:30,12.119000434875488,0.01600000075995922,0.0
2026-04-25 06:50:32,14.75,0.004000000189989805,0.0
2026-04-25 06:55:34,17.7810001373291,0.00800000037997961,0.0
2026-04-25 07:00:36,21.18400001525879,-0.004999999888241291,0.0
2026-04-25 07:05:38,23.983999252319336,0.012000000104308128,0.0
2026-04-25 07:10:40,30.437000274658203,-0.0020000000949949026,0.0
2026-04-25 07:15:42,34.51900100708008,-0.0020000000949949026,0.0
2026-04-25 07:20:44,37.74599838256836,0.00800000037997961,0.0
2026-04-25 07:25:46,41.24599838256836,0.007000000216066837,0.0
2026-04-25 07:30:48,63.59299850463867,-0.0010000000474974513,0.0
2026-04-25 07:35:50,109.8740005493164,0.0,0.0
2026-04-25 07:40:52,138.95799255371094,0.0010000000474974513,0.0
2026-04-25 07:45:54,155.91799926757812,0.0010000000474974513,0.0
2026-04-25 07:50:56,173.4929962158203,0.0010000000474974513,0.0
2026-04-25 07:55:58,192.31500244140625,-0.0010000000474974513,0.0
2026-04-25 08:01:00,213.95199584960938,-0.0010000000474974513,0.0
2026-04-25 08:06:02,230.2790069580078,42.9119987487793,1.6699999570846558
2026-04-25 08:11:04,249.51300048828125,44.694000244140625,1.8849999904632568
2026-04-25 08:16:06,269.0060119628906,46.09299850463867,2.0950000286102295
2026-04-25 08:21:08,287.8699951171875,46.62900161743164,2.2690000534057617
2026-04-25 08:26:10,308.2099914550781,47.61399841308594,2.4800000190734863
2026-04-25 08:31:12,326.3039855957031,48.90999984741211,2.697000026702881
2026-04-25 08:36:14,346.5710144042969,49.52799987792969,2.9010000228881836
2026-04-25 08:41:16,368.5740051269531,49.97100067138672,3.11299991607666
2026-04-25 08:46:18,389.73699951171875,50.87200164794922,3.3510000705718994
2026-04-25 08:51:20,410.0090026855469,51.87200164794922,3.5940001010894775
2026-04-25 08:56:22,429.7229919433594,53.67100143432617,3.8980000019073486
2026-04-25 09:01:24,450.9649963378906,53.70000076293945,4.0929999351501465
2026-04-25 09:06:26,472.26300048828125,54.72200012207031,4.367000102996826
2026-04-25 09:11:28,493.6260070800781,54.85100173950195,4.576000213623047
2026-04-25 09:16:30,515.5570068359375,57.27000045776367,4.989999771118164
2026-04-25 09:21:32,536.77001953125,57.611000061035156,5.22599983215332
2026-04-25 09:26:34,557.1699829101562,58.22700119018555,5.482999801635742
2026-04-25 09:31:36,575.9019775390625,59.00400161743164,5.743000030517578
2026-04-25 09:36:38,596.2579956054688,59.202999114990234,5.966000080108643
2026-04-25 09:41:40,613.9199829101562,59.23500061035156,6.145999908447266
2026-04-25 09:46:42,633.8670043945312,59.645999908447266,6.388999938964844
2026-04-25 09:51:44,653.218017578125,60.625999450683594,6.692999839782715
2026-04-25 09:56:46,673.4949951171875,61.290000915527344,6.97599983215332
2026-04-25 10:01:48,693.4580078125,61.54800033569336,7.2129998207092285
2026-04-25 10:06:50,714.27001953125,61.560001373291016,7.431000232696533
2026-04-25 10:11:52,729.6500244140625,61.983001708984375,7.64300012588501
2026-04-25 10:16:54,750.3469848632812,61.82699966430664,7.840000152587891
2026-04-25 10:21:55,766.8569946289062,62.83100128173828,8.142999649047852
2026-04-25 10:26:57,786.0910034179688,62.50299835205078,8.303999900817871
2026-04-25 10:31:59,803.448974609375,62.8849983215332,8.538999557495117
2026-04-25 10:37:01,820.5120239257812,63.19300079345703,8.762999534606934
2026-04-25 10:42:03,836.0369873046875,63.119998931884766,8.918000221252441
2026-04-25 10:47:05,852.093994140625,63.5,9.144000053405762
2026-04-25 10:52:07,869.5770263671875,63.82899856567383,9.380000114440918
2026-04-25 10:57:09,885.3369750976562,63.891998291015625,9.5600004196167
2026-04-25 11:02:11,899.8740234375,64.0270004272461,9.737000465393066
2026-04-25 11:07:13,914.2009887695312,64.26599884033203,9.928999900817871
2026-04-25 11:12:15,928.4390258789062,64.18399810791016,10.071000099182129
2026-04-25 11:17:17,942.447998046875,64.45600128173828,10.265999794006348
2026-04-25 11:22:19,952.7999877929688,64.87200164794922,10.446000099182129
2026-04-25 11:27:21,962.6420288085938,64.6989974975586,10.526000022888184
2026-04-25 11:32:23,971.9730224609375,65.30799865722656,10.727999687194824
2026-04-25 11:37:25,978.9619750976562,65.677001953125,10.866000175476074
2026-04-25 11:42:27,985.4609985351562,66.12699890136719,11.012999534606934
2026-04-25 11:47:29,994.573974609375,66.58000183105469,11.190999984741211
2026-04-25 11:52:31,1001.5380249023438,67.1989974975586,11.37399959564209
2026-04-25 11:57:33,1016.0819702148438,66.7770004272461,11.467000007629395
2026-04-25 12:02:35,1027.14697265625,67.05500030517578,11.640000343322754
2026-04-25 12:07:37,1035.032958984375,67.197998046875,11.753999710083008
2026-04-25 12:12:39,1041.677978515625,68.10700225830078,11.989999771118164
2026-04-25 12:17:41,1050.0460205078125,67.80400085449219,12.031999588012695
2026-04-25 12:22:43,1055.927001953125,68.36100006103516,12.199000358581543
2026-04-25 12:27:45,1060.0479736328125,69.01399993896484,12.36400032043457
2026-04-25 12:32:47,1062.0340576171875,68.99600219726562,12.383999824523926
2026-04-25 12:37:49,1067.5770263671875,69.51200103759766,12.541000366210938
2026-04-25 12:42:51,1057.47900390625,70.22200012207031,12.550000190734863
2026-04-25 12:47:53,1071.803955078125,69.44300079345703,12.579000473022461
2026-04-25 12:52:55,1061.780029296875,70.76200103759766,12.697999954223633
2026-04-25 12:57:57,1060.85498046875,71.28700256347656,12.781000137329102
2026-04-25 13:02:59,1060.719970703125,71.43499755859375,12.805999755859375
2026-04-25 13:08:01,1057.675048828125,71.95700073242188,12.862000465393066
2026-04-25 13:13:03,1057.199951171875,71.89900207519531,12.845999717712402
2026-04-25 13:18:05,1056.7449951171875,72.20600128173828,12.895000457763672
2026-04-25 13:23:07,1057.7230224609375,71.89600372314453,12.85200023651123
2026-04-25 13:46:43,1058.9300537109375,72.66000366210938,13.003000259399414
2026-04-25 13:51:45,1057.0830078125,72.79399871826172,13.003999710083008
2026-04-25 13:56:47,1054.886962890625,72.0459976196289,12.843999862670898
2026-04-25 14:01:49,1049.2249755859375,72.06199645996094,12.777999877929688
2026-04-25 14:06:51,1045.9410400390625,72.1969985961914,12.76200008392334
2026-04-25 14:11:53,1042.64404296875,72.67900085449219,12.807000160217285
2026-04-25 14:16:55,1035.7879638671875,72.79499816894531,12.743000030517578
2026-04-25 14:21:57,1027.2249755859375,72.93399810791016,12.66100025177002
2026-04-25 14:26:59,1023.051025390625,72.34100341796875,12.506999969482422
2026-04-25 14:32:01,1015.2000122070312,72.26899719238281,12.39900016784668
2026-04-25 14:37:03,1006.9210205078125,72.41600036621094,12.322999954223633
2026-04-25 14:42:05,1001.6090087890625,72.61799621582031,12.291999816894531
2026-04-25 14:47:07,990.9650268554688,73.00399780273438,12.22599983215332
2026-04-25 14:52:09,980.7930297851562,72.88300323486328,12.081000328063965
2026-04-25 14:57:11,972.4320068359375,72.76599884033203,11.958999633789062
2026-04-25 15:02:13,962.7440185546875,73.37100219726562,11.937999725341797
2026-04-25 15:07:15,953.5150146484375,72.87100219726562,11.743000030517578
2026-04-25 15:12:17,940.8690185546875,72.64199829101562,11.550999641418457
2026-04-25 15:17:19,926.5260009765625,72.60900115966797,11.369000434875488
2026-04-25 15:22:21,914.9140014648438,72.72000122070312,11.244000434875488
2026-04-25 15:27:23,898.7730102539062,72.74199676513672,11.048999786376953
2026-04-25 15:32:25,888.8250122070312,72.51200103759766,10.892000198364258
2026-04-25 15:37:27,875.9609985351562,72.44999694824219,10.725000381469727
2026-04-25 15:42:29,859.2050170898438,72.37300109863281,10.508999824523926
2026-04-25 15:47:31,844.9669799804688,71.97599792480469,10.277999877929688
2026-04-25 15:52:33,832.7340087890625,71.64299774169922,10.081999778747559
2026-04-25 15:57:35,819.4500122070312,71.16600036621094,9.855999946594238
2026-04-25 16:02:37,800.5139770507812,71.00499725341797,9.605999946594238
2026-04-25 16:07:39,785.801025390625,71.18699645996094,9.454000473022461
2026-04-25 16:12:41,768.02099609375,70.26300048828125,9.119999885559082
2026-04-25 16:17:43,750.6829833984375,70.38099670410156,8.928999900817871
2026-04-25 16:22:45,727.3690185546875,70.40699768066406,8.654999732971191
2026-04-25 16:27:47,713.0170288085938,69.5199966430664,8.376999855041504
2026-04-25 16:32:49,694.5449829101562,69.11199951171875,8.112000465393066
2026-04-25 16:37:51,677.1060180664062,68.23600006103516,7.808000087738037
2026-04-25 16:42:53,661.0260009765625,67.49199676513672,7.539999961853027
2026-04-25 16:47:55,641.7899780273438,67.12899780273438,7.281000137329102
2026-04-25 16:52:57,623.0700073242188,66.75399780273438,7.0289998054504395
2026-04-25 16:57:59,603.469970703125,66.39800262451172,6.771999835968018
2026-04-25 17:03:01,583.2639770507812,66.04900360107422,6.511000156402588
2026-04-25 17:08:03,565.60498046875,64.6989974975586,6.184000015258789
2026-04-25 17:13:05,548.2100219726562,63.74800109863281,5.906000137329102
2026-04-25 17:18:07,527.2890014648438,63.608001708984375,5.668000221252441
2026-04-25 17:23:09,510.72198486328125,62.595001220703125,5.4029998779296875
2026-04-25 17:28:11,492.0459899902344,61.819000244140625,5.140999794006348
2026-04-25 17:33:13,473.7460021972656,60.86899948120117,4.873000144958496
2026-04-25 17:38:15,453.6180114746094,60.18600082397461,4.613999843597412
2026-04-25 17:43:17,497.3210144042969,51.590999603271484,4.335999965667725
2026-04-25 17:48:19,402.3909912109375,60.209999084472656,4.093999862670898
2026-04-25 17:53:21,382.37298583984375,58.69300079345703,3.7929999828338623
2026-04-25 17:58:23,368.9939880371094,57.05699920654297,3.558000087738037
2026-04-25 18:03:25,340.6700134277344,57.19499969482422,3.2929999828338623
2026-04-25 18:08:27,318.92999267578125,56.23400115966797,3.0309998989105225
2026-04-25 18:13:29,298.1919860839844,55.40700149536133,2.7920000553131104
2026-04-25 18:18:31,282.2349853515625,53.534000396728516,2.552999973297119
2026-04-25 18:23:33,263.7460021972656,53.34400177001953,2.378000020980835
2026-04-25 18:28:35,243.61599731445312,52.124000549316406,2.1459999084472656
2026-04-25 18:33:37,103.95700073242188,111.7229995727539,1.9630000591278076
2026-04-25 18:38:39,46.35900115966797,222.9239959716797,1.746999979019165
2026-04-25 18:43:41,44.35200119018555,205.15199279785156,1.5379999876022339
2026-04-25 18:48:42,42.61899948120117,193.5919952392578,1.3940000534057617
2026-04-25 18:53:44,41.23699951171875,172.3939971923828,1.2009999752044678
2026-04-25 18:58:46,39.55699920654297,160.29400634765625,1.0720000267028809
2026-04-25 19:03:48,38.41600036621094,97.80799865722656,0.6349999904632568
2026-04-25 19:08:50,36.71500015258789,91.56400299072266,0.5680000185966492
2026-04-25 19:13:52,35.12699890136719,90.5260009765625,0.5370000004768372
2026-04-25 19:18:54,33.50600051879883,85.13200378417969,0.4819999933242798
2026-04-25 19:23:56,32.025001525878906,89.44000244140625,0.48399999737739563
2026-04-25 19:28:58,30.479999542236328,87.46600341796875,0.45100000500679016
2026-04-25 19:34:00,28.361000061035156,86.0270004272461,0.41200000047683716
2026-04-25 19:39:02,25.339000701904297,99.48300170898438,0.4259999990463257
2026-04-25 19:44:04,23.145000457763672,89.9749984741211,0.35199999809265137
2026-04-25 19:49:06,20.672000885009766,90.17500305175781,0.3149999976158142
2026-04-25 19:54:08,18.136999130249023,97.65399932861328,0.29899999499320984
2026-04-25 19:59:10,15.208999633789062,105.69499969482422,0.2720000147819519
2026-04-25 20:04:12,12.170999526977539,101.30599975585938,0.20800000429153442
2026-04-25 20:09:14,9.378000259399414,97.12000274658203,0.15399999916553497
2026-04-25 20:14:16,6.474999904632568,102.00499725341797,0.1120000034570694
2026-04-25 20:19:18,4.25600004196167,0.902999997138977,0.0010000000474974513
2026-04-25 20:24:20,2.5390000343322754,0.5770000219345093,0.0
2026-04-25 20:29:22,1.2480000257492065,0.9390000104904175,0.0
2026-04-25 20:34:24,0.3059999942779541,0.008999999612569809,0.0
2026-04-26 06:48:54,0.3059999942779541,0.008999999612569809,0.0
2026-04-26 06:53:56,19.957000732421875,0.0010000000474974513,0.0
2026-04-26 06:58:58,23.709999084472656,0.0010000000474974513,0.0
2026-04-26 07:04:00,25.56100082397461,0.0020000000949949026,0.0
2026-04-26 07:09:02,30.222000122070312,0.004000000189989805,0.0
2026-04-26 07:14:04,38.1870002746582,0.004000000189989805,0.0
2026-04-26 07:19:06,42.32500076293945,0.003000000026077032,0.0
2026-04-26 07:24:08,46.42100143432617,19.243999481201172,0.1509999930858612
2026-04-26 07:29:10,55.77399826049805,0.004000000189989805,0.0
2026-04-26 07:34:12,101.34200286865234,-0.0010000000474974513,0.0
2026-04-26 07:39:14,119.04900360107422,0.0020000000949949026,0.0
2026-04-26 07:44:16,151.62899780273438,-0.0010000000474974513,0.0
2026-04-26 07:49:18,150.5989990234375,-0.0010000000474974513,0.0
2026-04-26 07:54:20,186.7729949951172,0.0,0.0
2026-04-26 07:59:22,203.8470001220703,0.0,0.0
2026-04-26 08:04:24,223.66600036621094,21.38800048828125,0.8080000281333923
2026-04-26 08:09:26,243.1929931640625,47.90299987792969,1.968999981880188
2026-04-26 08:14:28,269.4079895019531,48.03300094604492,2.187000036239624
2026-04-26 08:19:30,293.385009765625,48.862998962402344,2.4230000972747803
2026-04-26 08:24:32,317.4219970703125,49.354000091552734,2.6480000019073486
2026-04-26 08:29:34,343.5979919433594,49.19300079345703,2.8570001125335693
2026-04-26 08:34:36,363.5039978027344,51.06999969482422,3.13700008392334
2026-04-26 08:39:38,380.68701171875,50.87200164794922,3.2730000019073486
2026-04-26 08:44:40,340.3999938964844,56.06700134277344,3.2249999046325684
2026-04-26 08:49:42,415.2090148925781,54.4379997253418,3.819999933242798
2026-04-26 08:54:44,382.9389953613281,56.45000076293945,3.6530001163482666
2026-04-26 08:59:46,426.4049987792969,57.861000061035156,4.170000076293945
2026-04-26 09:04:48,458.6789855957031,58.775001525878906,4.556000232696533
2026-04-26 09:09:50,547.6849975585938,56.547000885009766,5.234000205993652
2026-04-26 09:14:52,546.4180297851562,57.86600112915039,5.343999862670898
2026-04-26 09:19:54,528.8729858398438,58.08300018310547,5.190999984741211
2026-04-26 09:24:56,497.4930114746094,59.992000579833984,5.044000148773193
2026-04-26 09:29:58,399.68701171875,64.41300201416016,4.35099983215332
2026-04-26 09:34:59,433.7650146484375,64.2509994506836,4.710000038146973
2026-04-26 09:40:01,523.5980224609375,62.16299819946289,5.500999927520752
2026-04-26 09:45:03,422.9779968261719,63.33300018310547,4.5269999504089355
2026-04-26 09:50:05,418.1029968261719,64.427001953125,4.552000045776367
2026-04-26 09:55:07,523.2249755859375,63.49599838256836,5.614999771118164
2026-04-26 10:00:09,522.8870239257812,61.85499954223633,5.466000080108643
2026-04-26 10:05:11,533.9290161132812,63.742000579833984,5.751999855041504
2026-04-26 10:10:13,669.9910278320312,64.21199798583984,7.270999908447266
2026-04-26 10:15:15,713.72802734375,63.481998443603516,7.6570000648498535
2026-04-26 10:20:17,582.9760131835938,64.7300033569336,6.376999855041504
2026-04-26 10:25:19,628.2589721679688,66.0999984741211,7.01800012588501
2026-04-26 10:30:21,786.6220092773438,64.3550033569336,8.555000305175781
2026-04-26 10:35:23,742.7249755859375,64.06400299072266,8.041000366210938
2026-04-26 10:40:25,721.7689819335938,65.63700103759766,8.005999565124512
2026-04-26 10:45:27,795.5570068359375,65.9469985961914,8.866000175476074
2026-04-26 10:50:29,844.4390258789062,64.53800201416016,9.210000038146973
2026-04-26 10:55:31,822.77001953125,66.00900268554688,9.178000450134277
2026-04-26 11:00:33,834.1920166015625,66.14099884033203,9.324000358581543
2026-04-26 11:05:35,832.447998046875,66.5479965209961,9.362000465393066
2026-04-26 11:10:37,801.7899780273438,67.40899658203125,9.133999824523926
2026-04-26 11:15:39,859.7579956054688,67.3219985961914,9.781999588012695
2026-04-26 11:20:41,937.093017578125,66.18699645996094,10.482000350952148
2026-04-26 11:25:43,939.3670043945312,66.43599700927734,10.54699993133545
2026-04-26 11:30:45,984.8389892578125,66.31199645996094,11.036999702453613
2026-04-26 11:35:47,928.5189819335938,68.91400146484375,10.814000129699707
2026-04-26 11:40:49,919.43798828125,66.177001953125,10.282999992370605
2026-04-26 11:45:51,996.5180053710938,68.81099700927734,11.58899974822998
2026-04-26 11:50:53,829.2050170898438,71.19200134277344,9.97700023651123
2026-04-26 11:55:55,880.6950073242188,70.5510025024414,10.50100040435791
2026-04-26 12:00:57,1022.4619750976562,68.31900024414062,11.805000305175781
2026-04-26 12:05:59,1010.8729858398438,69.63099670410156,11.895999908447266
2026-04-26 12:11:01,991.156982421875,70.02999877929688,11.729999542236328
2026-04-26 12:16:03,982.0479736328125,70.78900146484375,11.74899959564209
2026-04-26 12:21:05,997.2479858398438,70.18900299072266,11.829000473022461
2026-04-26 12:26:07,1002.510009765625,71.45099639892578,12.105999946594238
2026-04-26 12:31:09,1063.012939453125,70.72799682617188,12.706000328063965
2026-04-26 12:36:11,1013.8380126953125,71.95700073242188,12.329000473022461
2026-04-26 12:41:13,1035.68505859375,71.25199890136719,12.470999717712402
2026-04-26 12:46:15,997.1890258789062,73.5719985961914,12.39900016784668
2026-04-26 12:51:17,980.8369750976562,71.06600189208984,11.779999732971191
2026-04-26 12:56:19,969.697998046875,74.8239974975586,12.26200008392334
2026-04-26 13:01:21,575.8350219726562,83.9520034790039,8.170000076293945
2026-04-26 13:06:23,995.9710083007812,74.87899780273438,12.604000091552734
2026-04-26 13:11:25,1073.3050537109375,71.08799743652344,12.895000457763672
2026-04-26 13:16:27,1024.4139404296875,71.43499755859375,12.366999626159668
2026-04-26 13:21:29,990.0460205078125,72.8499984741211,12.189000129699707
2026-04-26 13:45:03,1075.9129638671875,70.79000091552734,12.871999740600586
2026-04-26 13:50:05,1064.2259521484375,71.572998046875,12.873000144958496
2026-04-26 13:55:07,1076.02099609375,71.57599639892578,13.015999794006348
2026-04-26 14:00:09,1072.8089599609375,71.86100006103516,13.029000282287598
2026-04-26 14:05:11,1066.3060302734375,71.48999786376953,12.883000373840332
2026-04-26 14:10:13,1058.5670166015625,72.00199890136719,12.880999565124512
2026-04-26 14:15:15,1053.010009765625,71.97200012207031,12.807999610900879
2026-04-26 14:20:17,1049.35302734375,71.96399688720703,12.76200008392334
2026-04-26 14:25:19,1039.3349609375,72.13200378417969,12.670000076293945
2026-04-26 14:30:21,1033.0789794921875,71.92400360107422,12.557000160217285
2026-04-26 14:35:23,1028.2239990234375,71.75599670410156,12.468999862670898
2026-04-26 14:40:25,1021.0609741210938,71.51100158691406,12.34000015258789
2026-04-26 14:45:27,1013.6370239257812,71.8030014038086,12.300000190734863
2026-04-26 14:50:29,1004.6539916992188,71.78299713134766,12.187999725341797
2026-04-26 14:55:31,994.9099731445312,71.8239974975586,12.076000213623047
2026-04-26 15:00:33,979.6890258789062,72.4000015258789,11.987000465393066
2026-04-26 15:05:35,967.4310302734375,72.26599884033203,11.8149995803833
2026-04-26 15:10:37,955.1749877929688,71.82599639892578,11.593999862670898
2026-04-26 15:15:39,939.8170166015625,72.24099731445312,11.473999977111816
2026-04-26 15:20:41,928.3280029296875,71.74400329589844,11.255999565124512
2026-04-26 15:25:43,914.8660278320312,71.81199645996094,11.102999687194824
2026-04-26 15:30:45,901.073974609375,72.1240005493164,10.982999801635742
2026-04-26 15:35:47,889.4169921875,71.97799682617188,10.819000244140625
2026-04-26 15:40:49,878.072998046875,71.96299743652344,10.678999900817871
2026-04-26 15:45:51,864.4710083007812,70.9739990234375,10.369000434875488
2026-04-26 15:50:53,854.3499755859375,66.73100280761719,9.635000228881836
2026-04-26 15:55:55,836.260986328125,66.67400360107422,9.42300033569336
2026-04-26 16:00:57,820.1370239257812,65.93399810791016,9.138999938964844
2026-04-26 16:05:59,805.02197265625,65.76799774169922,8.947999954223633
2026-04-26 16:11:01,787.8610229492188,65.41699981689453,8.710000038146973
2026-04-26 16:16:03,769.6430053710938,65.02799987792969,8.458000183105469
2026-04-26 16:21:05,750.3629760742188,64.92500305175781,8.232999801635742
2026-04-26 16:26:07,733.5089721679688,64.58499908447266,8.005999565124512
2026-04-26 16:31:09,716.2930297851562,63.27000045776367,7.658999919891357
2026-04-26 16:36:11,695.7440185546875,63.01599884033203,7.409999847412109
2026-04-26 16:41:13,678.1619873046875,62.58300018310547,7.172999858856201
2026-04-26 16:46:15,661.7169799804688,61.72800064086914,6.9029998779296875
2026-04-26 16:51:17,637.1179809570312,61.641998291015625,6.63700008392334
2026-04-26 16:56:19,616.0269775390625,61.1870002746582,6.369999885559082
2026-04-26 17:01:21,597.9310302734375,60.99399948120117,6.164000034332275
2026-04-26 17:06:23,575.6229858398438,60.05500030517578,5.8420000076293945
2026-04-26 17:11:25,563.6939697265625,59.301998138427734,5.64900016784668
2026-04-26 17:16:27,542.5419921875,58.933998107910156,5.4039998054504395
2026-04-26 17:21:29,524.64501953125,58.15999984741211,5.1570000648498535
2026-04-26 17:26:31,502.45001220703125,57.60200119018555,4.890999794006348
2026-04-26 17:31:33,483.1199951171875,56.553001403808594,4.617000102996826
2026-04-26 17:36:35,464.260986328125,55.79100036621094,4.376999855041504
2026-04-26 17:41:36,490.8269958496094,50.04600143432617,4.151000022888184
2026-04-26 17:46:38,416.1600036621094,55.231998443603516,3.884999990463257
2026-04-26 17:51:40,393.4649963378906,55.066001892089844,3.6619999408721924
2026-04-26 17:56:42,378.0429992675781,53.768001556396484,3.434999942779541
2026-04-26 18:01:44,352.4849853515625,53.446998596191406,3.184000015258789
2026-04-26 18:06:46,328.5530090332031,53.097999572753906,2.947999954223633
2026-04-26 18:11:48,304.0639953613281,52.05799865722656,2.674999952316284
2026-04-26 18:16:50,289.0580139160156,51.06700134277344,2.494999885559082
2026-04-26 18:21:52,270.8909912109375,51.02399826049805,2.3359999656677246
2026-04-26 18:26:54,251.30499267578125,49.715999603271484,2.1110000610351562
2026-04-26 18:31:56,132.33799743652344,84.43000030517578,1.8880000114440918
2026-04-26 18:36:58,48.43000030517578,208.87600708007812,1.7100000381469727
2026-04-26 18:42:00,46.10100173950195,196.04800415039062,1.5269999504089355
2026-04-26 18:47:02,45.25299835205078,178.18299865722656,1.3630000352859497
2026-04-26 18:52:04,43.53099822998047,162.8979949951172,1.1979999542236328
2026-04-26 18:57:06,43.50899887084961,148.66799926757812,1.093000054359436
2026-04-26 19:02:08,42.85499954223633,90.7229995727539,0.6570000052452087
2026-04-26 19:07:10,41.82400131225586,85.01300048828125,0.6010000109672546
2026-04-26 19:12:12,40.895999908447266,86.60099792480469,0.5989999771118164
2026-04-26 19:17:14,40.17399978637695,84.93499755859375,0.5770000219345093
2026-04-26 19:22:16,40.0369987487793,81.3290023803711,0.550000011920929
2026-04-26 19:27:18,39.757999420166016,83.2490005493164,0.5590000152587891
2026-04-26 19:32:20,39.06100082397461,83.16200256347656,0.5490000247955322
2026-04-26 19:37:22,37.60200119018555,75.55999755859375,0.47999998927116394
2026-04-26 19:42:24,35.03499984741211,79.14399719238281,0.4690000116825104
2026-04-26 19:47:26,32.18299865722656,85.40499877929688,0.4650000035762787
2026-04-26 19:52:28,27.655000686645508,85.50599670410156,0.4000000059604645
2026-04-26 19:57:30,24.670000076293945,82.78500366210938,0.3449999988079071
2026-04-26 20:02:32,21.79199981689453,78.01300048828125,0.28700000047683716
2026-04-26 20:07:34,18.340999603271484,71.0989990234375,0.2199999988079071
2026-04-26 20:12:36,14.447999954223633,78.3290023803711,0.19099999964237213
2026-04-26 20:17:38,10.619000434875488,76.11299896240234,0.13699999451637268
2026-04-26 20:22:40,6.506999969482422,15.994000434875488,0.017999999225139618
2026-04-26 20:27:42,3.4509999752044678,0.527999997138977,0.0
2026-04-26 20:32:44,1.3229999542236328,-0.020999999716877937,0.0
2026-04-27 06:32:10,1.3229999542236328,-0.020999999716877937,0.0
2026-04-27 06:37:12,10.793000221252441,-0.007000000216066837,0.0
2026-04-27 06:42:14,13.878999710083008,0.013000000268220901,0.0
2026-04-27 06:47:16,17.166000366210938,-0.009999999776482582,0.0
2026-04-27 06:52:18,21.572999954223633,-0.004000000189989805,0.0
2026-04-27 06:57:20,25.656999588012695,0.017999999225139618,0.0
2026-04-27 07:02:22,28.59000015258789,0.00800000037997961,0.0
2026-04-27 07:07:24,30.304000854492188,0.007000000216066837,0.0
2026-04-27 07:12:26,35.63399887084961,0.003000000026077032,0.0
2026-04-27 07:17:28,40.38199996948242,0.004000000189989805,0.0
2026-04-27 07:22:30,42.76300048828125,0.004000000189989805,0.0
2026-04-27 07:27:32,47.391998291015625,11.553999900817871,0.09300000220537186
2026-04-27 07:32:34,85.12899780273438,-0.0010000000474974513,0.0
2026-04-27 07:37:36,138.48699951171875,0.0010000000474974513,0.0
2026-04-27 07:42:38,169.02200317382812,0.0010000000474974513,0.0
2026-04-27 07:47:40,187.31700134277344,-0.0020000000949949026,0.0
2026-04-27 07:52:42,195.1179962158203,0.0010000000474974513,0.0
2026-04-27 07:57:44,188.52099609375,0.0010000000474974513,0.0
2026-04-27 08:02:46,161.9429931640625,0.0,0.0
2026-04-27 08:07:48,227.31199645996094,0.0010000000474974513,0.0
2026-04-27 08:12:50,276.5989990234375,1.4639999866485596,0.06800000369548798
2026-04-27 08:17:52,194.64599609375,49.48899841308594,1.628000020980835
2026-04-27 08:22:54,323.1889953613281,45.481998443603516,2.4839999675750732
2026-04-27 08:27:56,339.90899658203125,46.55099868774414,2.6740000247955322
2026-04-27 08:32:58,361.1090087890625,47.13800048828125,2.877000093460083
2026-04-27 08:38:00,282.72198486328125,47.62200164794922,2.2750000953674316
2026-04-27 08:43:02,332.4460144042969,56.0,3.1459999084472656
2026-04-27 08:48:04,426.8529968261719,50.76100158691406,3.6619999408721924
2026-04-27 08:53:06,423.6300048828125,52.428001403808594,3.753000020980835
2026-04-27 08:58:08,447.46099853515625,51.25,3.875999927520752
2026-04-27 09:03:10,391.7460021972656,53.16899871826172,3.5199999809265137
2026-04-27 09:08:12,387.2300109863281,54.21500015258789,3.5480000972747803
2026-04-27 09:13:14,450.97698974609375,54.382999420166016,4.144999980926514
2026-04-27 09:18:16,503.406005859375,53.8120002746582,4.578000068664551
2026-04-27 09:23:18,423.9679870605469,55.40399932861328,3.9700000286102295
2026-04-27 09:28:20,513.7670288085938,54.909000396728516,4.76800012588501
2026-04-27 09:33:22,550.9190063476562,56.89799880981445,5.297999858856201
2026-04-27 09:38:24,534.6610107421875,55.78900146484375,5.040999889373779
2026-04-27 09:43:26,595.7169799804688,56.722999572753906,5.710999965667725
2026-04-27 09:48:28,628.3660278320312,57.584999084472656,6.114999771118164
2026-04-27 09:53:30,668.3460083007812,58.03200149536133,6.554999828338623
2026-04-27 09:58:32,686.7360229492188,55.7130012512207,6.466000080108643
2026-04-27 10:03:34,691.56298828125,59.42499923706055,6.945000171661377
2026-04-27 10:08:36,713.4650268554688,59.58100128173828,7.184000015258789
2026-04-27 10:13:38,736.5809936523438,59.7859992980957,7.441999912261963
2026-04-27 10:18:40,754.9669799804688,59.724998474121094,7.619999885559082
2026-04-27 10:23:42,768.0499877929688,60.19300079345703,7.813000202178955
2026-04-27 10:28:44,780.7990112304688,60.518001556396484,7.986000061035156
2026-04-27 10:33:46,799.301025390625,61.441001892089844,8.300000190734863
2026-04-27 10:38:48,819.801025390625,60.86600112915039,8.432999610900879
2026-04-27 10:43:50,831.3109741210938,61.4379997253418,8.631999969482422
2026-04-27 10:48:52,841.1790161132812,61.79499816894531,8.78499984741211
2026-04-27 10:53:53,861.156982421875,61.70199966430664,8.979999542236328
2026-04-27 10:58:55,872.0640258789062,62.85100173950195,9.262999534606934
2026-04-27 11:03:57,874.1489868164062,62.82400131225586,9.281000137329102
2026-04-27 11:08:59,899.5020141601562,62.32600021362305,9.473999977111816
2026-04-27 11:14:01,881.6409912109375,61.79199981689453,9.206999778747559
2026-04-27 11:19:03,922.3729858398438,64.31999969482422,10.026000022888184
2026-04-27 11:24:05,921.7550048828125,63.69599914550781,9.92199993133545
2026-04-27 11:29:07,960.2369995117188,64.4990005493164,10.467000007629395
2026-04-27 11:34:09,961.9290161132812,63.992000579833984,10.402999877929688
2026-04-27 11:39:11,958.1300048828125,65.2509994506836,10.565999984741211
2026-04-27 11:44:13,964.5549926757812,65.78299713134766,10.722999572753906
2026-04-27 11:49:15,989.0130004882812,65.94999694824219,11.02299976348877
2026-04-27 11:54:17,984.9210205078125,66.93499755859375,11.140999794006348
2026-04-27 11:59:19,1013.1060180664062,66.0250015258789,11.303999900817871
2026-04-27 12:04:21,1019.6229858398438,66.3949966430664,11.440999984741211
2026-04-27 12:09:23,1034.5899658203125,65.81700134277344,11.508000373840332
2026-04-27 12:14:25,1029.2960205078125,66.48999786376953,11.565999984741211
2026-04-27 12:19:27,1020.3629760742188,67.34300231933594,11.61299991607666
2026-04-27 12:24:29,1044.050048828125,67.7249984741211,11.949999809265137
2026-04-27 12:29:31,1042.93701171875,67.46199798583984,11.890999794006348
2026-04-27 12:34:33,1013.5360107421875,68.4739990234375,11.729000091552734
2026-04-27 12:39:35,1009.0349731445312,68.70800018310547,11.717000007629395
2026-04-27 12:44:37,1030.4420166015625,68.7770004272461,11.97700023651123
2026-04-27 12:49:39,1057.9200439453125,69.02999877929688,12.342000007629395
2026-04-27 12:54:41,1057.3260498046875,68.95999908447266,12.321999549865723
2026-04-27 12:59:43,1062.0460205078125,69.18299865722656,12.416999816894531
2026-04-27 13:04:45,1066.926025390625,69.49400329589844,12.531000137329102
2026-04-27 13:09:47,1067.655029296875,68.93699645996094,12.439000129699707
2026-04-27 13:14:49,1064.68994140625,69.39600372314453,12.487000465393066
2026-04-27 13:19:51,1067.0789794921875,69.17500305175781,12.475000381469727
2026-04-27 13:24:53,1074.050048828125,68.81099700927734,12.489999771118164
2026-04-27 13:48:28,1080.300048828125,68.46700286865234,12.5
2026-04-27 13:53:30,984.989990234375,66.99800109863281,11.152999877929688
2026-04-27 13:58:32,976.635009765625,69.89800262451172,11.536999702453613
2026-04-27 14:03:34,1017.2050170898438,69.06600189208984,11.873000144958496
2026-04-27 14:08:36,1046.614990234375,68.08799743652344,12.043000221252441
2026-04-27 14:13:38,1025.6910400390625,68.5989990234375,11.890999794006348
2026-04-27 14:18:40,1018.0579833984375,69.0260009765625,11.87600040435791
2026-04-27 14:23:42,1023.8330078125,69.5530014038086,12.03499984741211
2026-04-27 14:28:44,989.2990112304688,69.32099914550781,11.59000015258789
2026-04-27 14:33:46,1057.68994140625,68.43399810791016,12.232999801635742
2026-04-27 14:38:48,1012.9940185546875,68.33499908447266,11.699000358581543
2026-04-27 14:43:50,1032.4019775390625,61.15700149536133,10.670000076293945
2026-04-27 14:48:52,980.7379760742188,75.94499969482422,12.588000297546387
2026-04-27 14:53:54,938.0089721679688,75.3949966430664,11.95199966430664
2026-04-27 14:58:56,890.7130126953125,75.7760009765625,11.406999588012695
2026-04-27 15:03:58,736.2239990234375,77.6719970703125,9.663999557495117
2026-04-27 15:09:00,661.3619995117188,79.44300079345703,8.878999710083008
2026-04-27 15:14:02,785.9500122070312,76.9990005493164,10.22700023651123
2026-04-27 15:19:04,654.8179931640625,77.02999877929688,8.52400016784668
2026-04-27 15:24:06,675.0419921875,76.91300201416016,8.77400016784668
2026-04-27 15:29:08,749.2689819335938,76.15899658203125,9.644000053405762
2026-04-27 15:34:10,630.093994140625,77.26300048828125,8.22700023651123
2026-04-27 15:39:12,639.9860229492188,75.54900360107422,8.170999526977539
2026-04-27 15:44:14,720.7109985351562,74.0479965209961,9.019000053405762
2026-04-27 15:49:16,800.4299926757812,73.29499816894531,9.914999961853027
2026-04-27 15:54:18,732.5280151367188,72.79900360107422,9.01200008392334
2026-04-27 15:59:20,784.0070190429688,72.81800079345703,9.64799976348877
2026-04-27 16:04:22,743.0180053710938,71.48400115966797,8.97599983215332
2026-04-27 16:09:24,649.3829956054688,71.85199737548828,7.885000228881836
2026-04-27 16:14:26,578.47998046875,75.60600280761719,7.392000198364258
2026-04-27 16:19:28,572.85498046875,72.6780014038086,7.035999774932861
2026-04-27 16:24:30,483.9930114746094,73.9739990234375,6.051000118255615
2026-04-27 16:29:32,481.23699951171875,74.01899719238281,6.019999980926514
2026-04-27 16:34:34,608.5009765625,71.57099914550781,7.360000133514404
2026-04-27 16:39:36,579.4290161132812,73.5719985961914,7.203999996185303
2026-04-27 16:44:38,687.9219970703125,68.29399871826172,7.940000057220459
2026-04-27 16:49:39,631.2210083007812,68.1989974975586,7.275000095367432
2026-04-27 16:54:41,648.8820190429688,68.0770034790039,7.465000152587891
2026-04-27 16:59:43,514.6539916992188,67.24700164794922,5.848999977111816
2026-04-27 17:04:45,523.5770263671875,69.62799835205078,6.160999774932861
2026-04-27 17:09:47,459.6619873046875,69.1719970703125,5.373000144958496
2026-04-27 17:14:49,293.37701416015625,71.88500213623047,3.563999891281128
2026-04-27 17:19:51,385.00299072265625,70.19599914550781,4.566999912261963
2026-04-27 17:24:53,318.00201416015625,68.97699737548828,3.7070000171661377
2026-04-27 17:29:55,297.1570129394531,68.14600372314453,3.421999931335449
2026-04-27 17:34:57,295.83099365234375,74.01899719238281,3.7009999752044678
2026-04-27 17:39:59,414.8110046386719,65.7040023803711,4.605999946594238
2026-04-27 17:45:01,398.9119873046875,64.7979965209961,4.368000030517578
2026-04-27 17:50:03,394.54901123046875,66.08200073242188,4.406000137329102
2026-04-27 17:55:05,313.62701416015625,68.6500015258789,3.6389999389648438
2026-04-27 18:00:07,318.72198486328125,65.45800018310547,3.5260000228881836
2026-04-27 18:05:09,311.0469970703125,64.33699798583984,3.381999969482422
2026-04-27 18:10:11,258.8500061035156,65.7969970703125,2.878000020980835
2026-04-27 18:15:13,272.1419982910156,63.55799865722656,2.9230000972747803
2026-04-27 18:20:15,240.92799377441406,63.625999450683594,2.5910000801086426
2026-04-27 18:25:17,204.5030059814453,65.55999755859375,2.2660000324249268
2026-04-27 18:30:19,146.02499389648438,88.66200256347656,2.187999963760376
2026-04-27 18:35:21,119.1449966430664,94.69200134277344,1.906999945640564
2026-04-27 18:40:23,104.0780029296875,91.98100280761719,1.6180000305175781
2026-04-27 18:45:25,95.26200103759766,85.625,1.378999948501587
2026-04-27 18:50:27,89.90899658203125,86.08000183105469,1.3079999685287476
2026-04-27 18:55:29,85.28700256347656,84.2509994506836,1.2139999866485596
2026-04-27 19:00:31,82.49600219726562,78.13400268554688,1.0889999866485596
2026-04-27 19:05:33,79.4219970703125,78.5009994506836,1.0540000200271606
2026-04-27 19:10:35,75.58200073242188,78.03500366210938,0.996999979019165
2026-04-27 19:15:37,69.83999633789062,79.31600189208984,0.9359999895095825
2026-04-27 19:20:39,65.48300170898438,78.61799621582031,0.8700000047683716
2026-04-27 19:25:41,60.16899871826172,77.5999984741211,0.7889999747276306
2026-04-27 19:30:43,55.926998138427734,79.58499908447266,0.7519999742507935
2026-04-27 19:35:45,52.05699920654297,79.12000274658203,0.6959999799728394
2026-04-27 19:40:47,46.229000091552734,78.88800048828125,0.6159999966621399
2026-04-27 19:45:49,40.65399932861328,76.38999938964844,0.5249999761581421
2026-04-27 19:50:51,34.138999938964844,80.63899993896484,0.4650000035762787
2026-04-27 19:55:53,28.882999420166016,72.625,0.35499998927116394
2026-04-27 20:00:55,23.44499969482422,77.7040023803711,0.30799999833106995
2026-04-27 20:05:57,19.1200008392334,76.04100036621094,0.2460000067949295
2026-04-27 20:10:59,14.751999855041504,74.64099884033203,0.1860000044107437
2026-04-27 20:16:01,10.399999618530273,75.04000091552734,0.13199999928474426
2026-04-27 20:21:03,6.918000221252441,21.863000869750977,0.026000000536441803
2026-04-27 20:26:05,4.459000110626221,0.45899999141693115,0.0
2026-04-27 20:31:07,1.9500000476837158,0.3869999945163727,0.0
2026-04-27 20:36:09,0.26100000739097595,0.3720000088214874,0.0
2026-04-28 06:20:29,0.26100000739097595,0.3720000088214874,0.0
2026-04-28 06:25:31,1.4240000247955322,0.22100000083446503,0.0
2026-04-28 06:30:33,2.8940000534057617,0.36500000953674316,0.0
2026-04-28 06:35:35,4.934999942779541,0.3409999907016754,0.0
2026-04-28 06:40:37,6.85699987411499,0.29600000381469727,0.0
2026-04-28 06:45:39,8.781999588012695,15.875,0.024000000208616257
2026-04-28 06:50:41,12.614999771118164,52.361000061035156,0.1120000034570694
2026-04-28 06:55:43,18.517000198364258,48.04100036621094,0.15000000596046448
2026-04-28 07:00:45,23.608999252319336,14.013999938964844,0.0560000017285347
2026-04-28 07:05:47,26.736000061035156,0.004999999888241291,0.0
2026-04-28 07:10:49,30.014999389648438,-0.0010000000474974513,0.0
2026-04-28 07:15:51,30.55299949645996,0.0010000000474974513,0.0
2026-04-28 07:20:53,35.946998596191406,-0.004000000189989805,0.0
2026-04-28 07:25:55,45.42599868774414,-0.006000000052154064,0.0
2026-04-28 07:35:59,58.18299865722656,0.006000000052154064,0.0
2026-04-28 07:41:01,67.01899719238281,-0.0020000000949949026,0.0
2026-04-28 07:46:03,77.2959976196289,0.0010000000474974513,0.0
2026-04-28 07:51:05,84.12100219726562,0.0,0.0
2026-04-28 07:56:07,91.41300201416016,0.0020000000949949026,0.0
2026-04-28 08:01:09,103.50900268554688,0.0010000000474974513,0.0
2026-04-28 08:06:11,117.28500366210938,0.0020000000949949026,0.0
2026-04-28 08:11:13,125.39700317382812,0.003000000026077032,0.0
2026-04-28 08:16:15,125.15899658203125,0.0,0.0
2026-04-28 08:21:17,135.0800018310547,0.0,0.0
2026-04-28 08:26:19,161.43099975585938,72.32599639892578,1.9730000495910645
2026-04-28 08:31:21,228.61300659179688,59.14400100708008,2.2850000858306885
2026-04-28 08:36:23,160.28799438476562,69.09100341796875,1.871999979019165
2026-04-28 08:41:25,204.62399291992188,65.2300033569336,2.25600004196167
2026-04-28 08:46:27,273.4949951171875,63.61399841308594,2.940000057220459
2026-04-28 08:51:29,182.79100036621094,73.00800323486328,2.255000114440918
2026-04-28 08:56:31,244.41600036621094,82.49500274658203,3.4079999923706055
2026-04-28 09:01:33,170.9600067138672,74.63600158691406,2.1559998989105225
2026-04-28 09:06:35,192.1739959716797,74.19400024414062,2.4100000858306885
2026-04-28 09:11:37,390.1709899902344,62.77299880981445,4.138999938964844
2026-04-28 09:16:39,211.4949951171875,75.86199951171875,2.7109999656677246
2026-04-28 09:21:41,293.51300048828125,70.99299621582031,3.5209999084472656
2026-04-28 09:26:43,266.3609924316406,82.02300262451172,3.691999912261963
2026-04-28 09:31:45,267.4129943847656,74.48500061035156,3.365999937057495
2026-04-28 09:36:47,273.68701171875,74.947998046875,3.4670000076293945
2026-04-28 09:41:49,422.5740051269531,72.55799865722656,5.182000160217285
2026-04-28 09:46:51,302.3290100097656,74.25800323486328,3.7939999103546143
2026-04-28 09:51:53,296.98699951171875,74.21900177001953,3.7249999046325684
2026-04-28 09:56:55,345.0610046386719,75.0719985961914,4.377999782562256
2026-04-28 10:01:57,405.9540100097656,73.62699890136719,5.051000118255615
2026-04-28 10:06:59,438.5140075683594,72.08899688720703,5.3420000076293945
2026-04-28 10:12:01,393.3970031738281,72.76100158691406,4.836999893188477
2026-04-28 10:17:03,356.8179931640625,73.56199645996094,4.435999870300293
2026-04-28 10:22:05,298.4100036621094,76.53600311279297,3.859999895095825
2026-04-28 10:27:07,286.1619873046875,77.88400268554688,3.7669999599456787
2026-04-28 10:32:09,277.75799560546875,77.33100128173828,3.630000114440918
2026-04-28 10:37:11,302.1709899902344,77.73600006103516,3.9700000286102295
2026-04-28 10:42:13,335.1700134277344,76.947998046875,4.359000205993652
2026-04-28 10:47:15,380.7340087890625,76.53399658203125,4.923999786376953
2026-04-28 10:52:17,434.802001953125,71.8740005493164,5.281000137329102
2026-04-28 10:57:19,358.2309875488281,78.1510009765625,4.730999946594238
2026-04-28 11:02:21,326.5260009765625,80.29900360107422,4.431000232696533
2026-04-28 11:07:23,250.1529998779297,80.0989990234375,3.385999917984009
2026-04-28 11:12:25,248.7220001220703,79.68199920654297,3.3489999771118164
2026-04-28 11:17:27,268.41400146484375,79.87799835205078,3.622999906539917
2026-04-28 11:22:29,308.27899169921875,80.37200164794922,4.186999797821045
2026-04-28 11:27:31,340.2900085449219,79.57499694824219,4.576000213623047
2026-04-28 11:32:33,282.7380065917969,81.40399932861328,3.890000104904175
2026-04-28 11:37:35,257.64801025390625,81.06300354003906,3.5299999713897705
2026-04-28 11:42:37,267.00299072265625,85.13600158691406,3.8420000076293945
2026-04-28 11:47:39,244.52999877929688,80.36399841308594,3.321000099182129
2026-04-28 11:52:40,255.35499572753906,81.26100158691406,3.506999969482422
2026-04-28 11:57:42,309.82598876953125,79.58899688720703,4.166999816894531
2026-04-28 12:02:44,337.4169921875,80.46099853515625,4.5879998207092285
2026-04-28 12:07:46,375.78900146484375,79.02400207519531,5.019000053405762
2026-04-28 12:12:48,468.93499755859375,78.0510025024414,6.185999870300293
2026-04-28 12:17:50,360.0369873046875,79.14199829101562,4.815000057220459
2026-04-28 12:22:52,388.3059997558594,79.54199981689453,5.21999979019165
2026-04-28 12:27:54,427.5409851074219,78.6500015258789,5.683000087738037
2026-04-28 12:32:56,392.53900146484375,81.99800109863281,5.440000057220459
2026-04-28 12:37:58,330.12799072265625,80.1500015258789,4.4720001220703125
2026-04-28 12:43:00,280.7950134277344,82.88899993896484,3.933000087738037
2026-04-28 12:48:02,204.50100708007812,81.49500274658203,2.816999912261963
2026-04-28 12:53:04,192.33799743652344,81.85399627685547,2.6610000133514404
2026-04-28 12:58:06,213.4770050048828,83.26499938964844,3.003999948501587
2026-04-28 13:03:08,233.4669952392578,83.02899932861328,3.2760000228881836
2026-04-28 13:08:10,301.3030090332031,83.01899719238281,4.2270002365112305
2026-04-28 13:13:12,330.27398681640625,81.16400146484375,4.53000020980835
2026-04-28 13:18:14,336.17401123046875,82.21499633789062,4.671000003814697
2026-04-28 13:23:16,398.46600341796875,78.67500305175781,5.297999858856201
2026-04-28 13:47:10,292.3810119628906,82.46299743652344,4.074999809265137
2026-04-28 13:52:12,232.05299377441406,84.65399932861328,3.319999933242798
2026-04-28 13:57:14,176.3769989013672,86.45099639892578,2.5769999027252197
2026-04-28 14:02:16,134.48199462890625,89.91000366210938,2.0429999828338623
2026-04-28 14:07:18,108.13700103759766,92.2490005493164,1.6859999895095825
2026-04-28 14:12:20,95.1500015258789,90.14099884033203,1.4500000476837158
2026-04-28 14:17:22,97.83799743652344,88.9469985961914,1.4709999561309814
2026-04-28 14:22:24,100.87100219726562,86.4800033569336,1.4739999771118164
2026-04-28 14:27:26,112.14199829101562,87.40899658203125,1.656999945640564
2026-04-28 14:32:28,131.86300659179688,87.9010009765625,1.9589999914169312
2026-04-28 14:37:30,128.9010009765625,89.5719985961914,1.9509999752044678
2026-04-28 14:42:32,122.95999908447266,88.75800323486328,1.843999981880188
2026-04-28 14:47:34,117.81300354003906,88.23699951171875,1.7569999694824219
2026-04-28 14:52:36,110.04299926757812,85.9000015258789,1.5980000495910645
2026-04-28 14:57:38,101.45800018310547,86.65699768066406,1.4859999418258667
2026-04-28 15:02:40,88.57599639892578,87.0979995727539,1.3040000200271606
2026-04-28 15:07:42,86.9729995727539,87.48100280761719,1.2860000133514404
2026-04-28 15:12:44,113.91300201416016,88.23899841308594,1.6990000009536743
2026-04-28 15:17:46,177.37399291992188,84.53299713134766,2.5339999198913574
2026-04-28 15:22:47,209.4739990234375,83.7239990234375,2.9639999866485596
2026-04-28 15:27:49,217.13400268554688,83.06800079345703,3.0480000972747803
2026-04-28 15:32:51,201.6909942626953,84.67500305175781,2.885999917984009
2026-04-28 15:37:53,181.7689971923828,84.7969970703125,2.6050000190734863
2026-04-28 15:42:55,158.66299438476562,85.18599700927734,2.2839999198913574
2026-04-28 15:47:57,148.91900634765625,84.18099975585938,2.11899995803833
2026-04-28 15:52:59,162.99000549316406,84.3280029296875,2.322999954223633
2026-04-28 15:58:01,172.9510040283203,84.37100219726562,2.4660000801086426
2026-04-28 16:03:03,173.0189971923828,84.51799774169922,2.4709999561309814
2026-04-28 16:08:05,164.13900756835938,84.56099700927734,2.3459999561309814
2026-04-28 16:13:07,154.093994140625,85.40699768066406,2.2239999771118164
2026-04-28 16:18:09,146.73399353027344,85.50299835205078,2.119999885559082
2026-04-28 16:23:11,143.1269989013672,84.4729995727539,2.0429999828338623
2026-04-28 16:28:13,134.84300231933594,84.93099975585938,1.934999942779541
2026-04-28 16:33:15,128.54200744628906,84.88899993896484,1.843999981880188
2026-04-28 16:38:17,128.9010009765625,86.125,1.8760000467300415
2026-04-28 16:43:19,124.0479965209961,86.61499786376953,1.815999984741211
2026-04-28 16:48:21,121.24099731445312,85.7699966430664,1.7569999694824219
2026-04-28 16:53:23,130.10499572753906,85.63999938964844,1.8830000162124634
2026-04-28 16:58:25,133.38699340820312,83.58000183105469,1.8839999437332153
2026-04-28 17:03:27,126.48899841308594,85.11799621582031,1.8200000524520874
2026-04-28 17:08:29,135.05099487304688,84.22699737548828,1.9220000505447388
2026-04-28 17:13:31,143.91099548339844,83.66699981689453,2.0350000858306885
2026-04-28 17:18:33,147.5590057373047,81.98699951171875,2.0450000762939453
2026-04-28 17:23:35,140.4510040283203,82.447998046875,1.9570000171661377
2026-04-28 17:28:37,138.9739990234375,81.6719970703125,1.9179999828338623
2026-04-28 17:33:39,144.79800415039062,81.36499786376953,1.9910000562667847
2026-04-28 17:38:41,140.76800537109375,82.08999633789062,1.9529999494552612
2026-04-28 17:43:43,140.3090057373047,82.75800323486328,1.9620000123977661
2026-04-28 17:48:45,121.15699768066406,83.10299682617188,1.7020000219345093
2026-04-28 17:53:47,80.21499633789062,82.9260025024414,1.1239999532699585
2026-04-28 17:58:49,78.26499938964844,83.34400177001953,1.1019999980926514
2026-04-28 18:03:51,61.499000549316406,80.052001953125,0.8320000171661377
2026-04-28 18:08:53,44.94900131225586,83.8010025024414,0.6370000243186951
2026-04-28 18:13:55,39.23400115966797,82.28800201416016,0.5460000038146973
2026-04-28 18:18:57,39.76900100708008,83.91500091552734,0.5640000104904175
2026-04-28 18:23:59,36.76100158691406,80.9209976196289,0.503000020980835
2026-04-28 18:29:01,36.7130012512207,85.13099670410156,0.527999997138977
2026-04-28 18:34:03,37.590999603271484,82.36499786376953,0.5230000019073486
2026-04-28 18:39:05,35.70500183105469,83.23699951171875,0.5019999742507935
2026-04-28 18:44:07,33.4379997253418,86.1760025024414,0.4869999885559082
2026-04-28 18:49:09,29.89699935913086,79.55799865722656,0.4020000100135803
2026-04-28 18:54:11,28.69300079345703,87.31300354003906,0.4230000078678131
2026-04-28 18:59:13,26.03700065612793,82.55999755859375,0.3630000054836273
2026-04-28 19:04:14,20.989999771118164,85.78900146484375,0.30399999022483826
2026-04-28 19:09:16,15.793999671936035,79.6259994506836,0.21299999952316284
2026-04-28 19:14:18,13.322999954223633,96.10299682617188,0.2160000056028366
2026-04-28 19:19:20,10.854999542236328,90.20700073242188,0.16500000655651093
2026-04-28 19:24:22,9.243000030517578,75.77799987792969,0.11800000071525574
2026-04-28 19:29:24,8.736000061035156,90.6510009765625,0.1340000033378601
2026-04-28 19:34:26,8.39799976348877,92.4020004272461,0.13099999725818634
2026-04-28 19:39:28,7.581999778747559,67.77400207519531,0.08699999749660492
2026-04-28 19:44:30,6.914000034332275,17.788999557495117,0.020999999716877937
2026-04-28 19:49:32,4.688000202178955,0.41999998688697815,0.0
2026-04-28 19:54:34,1.9769999980926514,0.4580000042915344,0.0
2026-04-28 19:59:36,1.0470000505447388,-0.013000000268220901,0.0
2026-04-29 06:23:53,1.0470000505447388,-0.013000000268220901,0.0
2026-04-29 06:28:55,3.2730000019073486,-0.027000000700354576,0.0
2026-04-29 06:33:57,4.10699987411499,0.052000001072883606,0.0
2026-04-29 06:38:59,4.831999778747559,0.05900000035762787,0.0
2026-04-29 06:44:01,5.150000095367432,-0.01600000075995922,0.0
2026-04-29 06:49:03,6.025000095367432,-0.029999999329447746,0.0
2026-04-29 06:54:05,7.493000030517578,0.004000000189989805,0.0
2026-04-29 06:59:07,8.529999732971191,-0.003000000026077032,0.0
2026-04-29 07:04:09,10.378999710083008,0.004999999888241291,0.0
2026-04-29 07:09:11,11.803000450134277,0.003000000026077032,0.0
2026-04-29 07:14:13,10.78600025177002,-0.004999999888241291,0.0
2026-04-29 07:19:15,10.680999755859375,-0.003000000026077032,0.0
2026-04-29 07:24:17,12.121000289916992,0.0020000000949949026,0.0
2026-04-29 07:39:23,19.929000854492188,0.008999999612569809,0.0
2026-04-29 07:44:25,23.23699951171875,0.008999999612569809,0.0
2026-04-29 07:49:27,27.597999572753906,-0.003000000026077032,0.0
2026-04-29 07:54:29,29.986000061035156,0.003000000026077032,0.0
2026-04-29 07:59:31,30.26300048828125,27.38599967956543,0.14000000059604645
2026-04-29 08:04:33,38.676998138427734,77.83399963378906,0.5090000033378601
2026-04-29 08:09:35,41.88600158691406,78.25599670410156,0.5540000200271606
2026-04-29 08:14:37,41.40800094604492,77.76000213623047,0.5440000295639038
2026-04-29 08:19:39,42.70899963378906,78.38800048828125,0.5659999847412109
2026-04-29 08:24:41,44.97800064086914,82.65299987792969,0.628000020980835
2026-04-29 08:29:43,50.808998107910156,81.36799621582031,0.6990000009536743
2026-04-29 08:34:45,58.625,79.86900329589844,0.7910000085830688
2026-04-29 08:39:47,65.52200317382812,80.46800231933594,0.890999972820282
2026-04-29 08:44:49,64.1449966430664,81.4229965209961,0.8830000162124634
2026-04-29 08:49:51,63.05400085449219,80.177001953125,0.8539999723434448
2026-04-29 08:54:53,60.65800094604492,78.65899658203125,0.8059999942779541
2026-04-29 08:59:55,60.57400131225586,81.5270004272461,0.8349999785423279
2026-04-29 09:04:57,64.81800079345703,80.2300033569336,0.8790000081062317
2026-04-29 09:09:59,68.08000183105469,80.09200286865234,0.9210000038146973
2026-04-29 09:15:01,67.76699829101562,81.32599639892578,0.9309999942779541
2026-04-29 09:20:03,63.53799819946289,82.95999908447266,0.890999972820282
2026-04-29 09:25:05,63.34199905395508,82.96399688720703,0.8880000114440918
2026-04-29 09:30:07,66.73799896240234,81.36000061035156,0.9179999828338623
2026-04-29 09:35:09,68.56500244140625,80.03299713134766,0.9269999861717224
2026-04-29 09:40:11,80.76300048828125,80.62799835205078,1.100000023841858
2026-04-29 09:45:13,96.41600036621094,81.47000122070312,1.3279999494552612
2026-04-29 09:50:15,101.88300323486328,81.50900268554688,1.402999997138977
2026-04-29 09:55:17,113.41300201416016,81.06400299072266,1.5540000200271606
2026-04-29 10:00:19,123.43299865722656,79.53399658203125,1.659000039100647
2026-04-29 10:05:21,137.66200256347656,79.51599884033203,1.850000023841858
2026-04-29 10:10:23,172.98699951171875,78.23799896240234,2.2869999408721924
2026-04-29 10:15:25,207.7169952392578,75.78700256347656,2.6600000858306885
2026-04-29 10:20:27,220.26499938964844,72.88700103759766,2.7130000591278076
2026-04-29 10:25:29,224.2169952392578,75.43699645996094,2.8589999675750732
2026-04-29 10:30:31,201.5500030517578,76.49099731445312,2.6050000190734863
2026-04-29 10:35:33,252.91000366210938,77.06300354003906,3.2939999103546143
2026-04-29 10:40:35,298.1969909667969,75.86100006103516,3.822999954223633
2026-04-29 10:45:36,382.385986328125,75.57099914550781,4.883999824523926
2026-04-29 10:50:38,429.177001953125,75.39099884033203,5.4679999351501465
2026-04-29 10:55:40,711.864990234375,64.80799865722656,7.796999931335449
2026-04-29 11:00:42,473.989013671875,72.68900299072266,5.822999954223633
2026-04-29 11:05:44,518.3679809570312,77.03199768066406,6.748000144958496
2026-04-29 11:10:46,511.3739929199219,74.59600067138672,6.447000026702881
2026-04-29 11:15:48,515.291015625,70.7229995727539,6.158999919891357
2026-04-29 11:20:50,604.3519897460938,57.38100051879883,5.861000061035156
2026-04-29 11:25:52,832.385986328125,67.58699798583984,9.508000373840332
2026-04-29 11:30:54,882.4530029296875,65.73600006103516,9.803999900817871
2026-04-29 11:35:56,927.5770263671875,66.58999633789062,10.439000129699707
2026-04-29 11:40:58,980.708984375,65.56800079345703,10.866999626159668
2026-04-29 11:46:00,1001.6339721679688,65.06400299072266,11.013999938964844
2026-04-29 11:51:02,1018.18701171875,65.47100067138672,11.265999794006348
2026-04-29 11:56:04,1004.0269775390625,66.20600128173828,11.234000205993652
2026-04-29 12:01:06,990.8660278320312,68.08100128173828,11.401000022888184
2026-04-29 12:06:08,908.2769775390625,73.76399993896484,11.322999954223633
2026-04-29 12:11:10,912.4000244140625,69.7969970703125,10.76200008392334
2026-04-29 12:16:12,820.177001953125,70.91100311279297,9.829000473022461
2026-04-29 12:21:14,845.8289794921875,71.51300048828125,10.222000122070312
2026-04-29 12:26:16,871.3690185546875,70.90299987792969,10.440999984741211
2026-04-29 12:31:18,1004.9970092773438,69.23500061035156,11.758999824523926
2026-04-29 12:36:20,882.8660278320312,70.97200012207031,10.58899974822998
2026-04-29 12:41:22,824.9010009765625,74.56099700927734,10.394000053405762
2026-04-29 12:46:24,845.718994140625,71.25499725341797,10.184000015258789
2026-04-29 12:51:26,845.9949951171875,73.91000366210938,10.567000389099121
2026-04-29 12:56:28,931.1929931640625,71.94400024414062,11.321999549865723
2026-04-29 13:01:30,867.9749755859375,71.86199951171875,10.541000366210938
2026-04-29 13:06:32,900.698974609375,71.48300170898438,10.880999565124512
2026-04-29 13:11:34,801.781005859375,73.70999908447266,9.98799991607666
2026-04-29 13:16:36,893.3759765625,73.00499725341797,11.022000312805176
2026-04-29 13:21:38,887.791015625,72.5199966430664,10.880999565124512
2026-04-29 13:45:18,815.1909790039062,65.85299682617188,9.071999549865723
2026-04-29 13:50:20,775.9019775390625,74.06999969482422,9.713000297546387
2026-04-29 13:55:22,947.8060302734375,69.5479965209961,11.140000343322754
2026-04-29 14:00:24,967.385009765625,69.93099975585938,11.432999610900879
2026-04-29 14:05:26,946.9550170898438,72.23300170898438,11.5600004196167
2026-04-29 14:10:28,773.9290161132812,65.31700134277344,8.543000221252441
2026-04-29 14:15:30,613.4739990234375,76.35700225830078,7.916999816894531
2026-04-29 14:20:32,657.9949951171875,76.24800109863281,8.479000091552734
2026-04-29 14:25:34,935.0490112304688,69.7249984741211,11.017999649047852
2026-04-29 14:30:36,885.4130249023438,73.74500274658203,11.03499984741211
2026-04-29 14:35:38,730.9990234375,75.83000183105469,9.368000030517578
2026-04-29 14:40:40,964.0780029296875,71.53099822998047,11.654000282287598
2026-04-29 14:45:42,993.1019897460938,72.23400115966797,12.123000144958496
2026-04-29 14:50:44,860.5260009765625,74.61000061035156,10.850000381469727
2026-04-29 14:55:46,709.2529907226562,71.125,8.524999618530273
2026-04-29 15:00:47,788.27001953125,71.77999877929688,9.562000274658203
2026-04-29 15:05:49,1025.0419921875,69.91000366210938,12.111000061035156
2026-04-29 15:10:51,643.9609985351562,98.27200317382812,10.694999694824219
2026-04-29 15:15:53,986.8660278320312,69.73100280761719,11.630000114440918
2026-04-29 15:20:55,887.60498046875,77.08399963378906,11.562999725341797
2026-04-29 15:25:57,831.8099975585938,73.03399658203125,10.267000198364258
2026-04-29 15:30:59,985.8629760742188,69.0989990234375,11.512999534606934
2026-04-29 15:36:01,947.7139892578125,69.12000274658203,11.071000099182129
2026-04-29 15:41:03,813.114990234375,69.01799774169922,9.484000205993652
2026-04-29 15:46:05,854.0369873046875,69.44599914550781,10.02299976348877
2026-04-29 15:51:07,849.7440185546875,68.62899780273438,9.855999946594238
2026-04-29 15:56:09,853.541015625,68.84200286865234,9.930000305175781
2026-04-29 16:01:11,749.7670288085938,70.06099700927734,8.876999855041504
2026-04-29 16:06:13,766.3060302734375,68.54499816894531,8.876999855041504
2026-04-29 16:11:15,757.1409912109375,67.99700164794922,8.701000213623047
2026-04-29 16:16:17,764.0960083007812,66.53099822998047,8.590999603271484
2026-04-29 16:21:19,760.8410034179688,67.5270004272461,8.682999610900879
2026-04-29 16:26:21,730.47802734375,66.80000305175781,8.246999740600586
2026-04-29 16:31:23,708.9920043945312,67.11799621582031,8.041999816894531
2026-04-29 16:36:25,705.3419799804688,65.7490005493164,7.836999893188477
2026-04-29 16:41:27,659.3510131835938,65.47000122070312,7.295000076293945
2026-04-29 16:46:29,617.2210083007812,65.76399993896484,6.860000133514404
2026-04-29 16:51:31,547.4290161132812,67.40599822998047,6.236000061035156
2026-04-29 16:56:33,544.1599731445312,64.48600006103516,5.929999828338623
2026-04-29 17:01:35,544.8270263671875,65.26399993896484,6.008999824523926
2026-04-29 17:06:37,504.2330017089844,65.41200256347656,5.573999881744385
2026-04-29 17:11:39,477.34600830078125,65.18599700927734,5.258999824523926
2026-04-29 17:16:41,444.33099365234375,64.46399688720703,4.841000080108643
2026-04-29 17:21:43,394.614990234375,64.2750015258789,4.285999774932861
2026-04-29 17:26:45,333.34100341796875,64.7020034790039,3.6449999809265137
2026-04-29 17:31:47,251.98199462890625,67.60399627685547,2.878999948501587
2026-04-29 17:36:49,334.5350036621094,61.895999908447266,3.499000072479248
2026-04-29 17:41:51,311.5060119628906,64.46800231933594,3.3940000534057617
2026-04-29 17:46:53,325.77398681640625,64.11199951171875,3.5299999713897705
2026-04-29 17:51:55,333.9020080566406,64.06300354003906,3.615000009536743
2026-04-29 17:56:57,336.447998046875,61.26100158691406,3.4830000400543213
2026-04-29 18:01:59,316.1919860839844,64.43399810791016,3.443000078201294
2026-04-29 18:07:01,320.0780029296875,58.89099884033203,3.186000108718872
2026-04-29 18:12:03,278.7590026855469,59.66999816894531,2.811000108718872
2026-04-29 18:17:05,256.35198974609375,57.66699981689453,2.497999906539917
2026-04-29 18:22:07,221.95700073242188,58.88199996948242,2.2090001106262207
2026-04-29 18:27:09,136.98300170898438,86.19499969482422,1.9950000047683716
2026-04-29 18:32:11,100.0530014038086,112.86000061035156,1.9079999923706055
2026-04-29 18:37:13,97.68499755859375,109.65299987792969,1.809999942779541
2026-04-29 18:42:15,85.04499816894531,101.75,1.4620000123977661
2026-04-29 18:47:17,84.65599822998047,115.5,1.6519999504089355
2026-04-29 18:52:19,81.54499816894531,108.81900024414062,1.5
2026-04-29 18:57:21,78.3949966430664,84.56700134277344,1.1200000047683716
2026-04-29 19:02:23,74.38600158691406,77.89199829101562,0.9789999723434448
2026-04-29 19:07:25,68.42500305175781,76.28600311279297,0.8820000290870667
2026-04-29 19:12:27,62.345001220703125,78.31300354003906,0.824999988079071
2026-04-29 19:17:29,57.60900115966797,82.81199645996094,0.8059999942779541
2026-04-29 19:22:31,52.96200180053711,75.19599914550781,0.6729999780654907
2026-04-29 19:27:33,48.880001068115234,78.85099792480469,0.6510000228881836
2026-04-29 19:32:35,45.262001037597656,78.42400360107422,0.6000000238418579
2026-04-29 19:37:37,41.38999938964844,77.77100372314453,0.5440000295639038
2026-04-29 19:42:39,36.50699996948242,79.44300079345703,0.49000000953674316
2026-04-29 19:47:41,32.125999450683594,81.26399993896484,0.4410000145435333
2026-04-29 19:52:42,28.27400016784668,81.02200317382812,0.3869999945163727
2026-04-29 19:57:44,25.19300079345703,85.66500091552734,0.36500000953674316
2026-04-29 20:02:46,21.13599967956543,79.80799865722656,0.2849999964237213
2026-04-29 20:07:48,17.197999954223633,85.03800201416016,0.24699999392032623
2026-04-29 20:12:50,13.897000312805176,86.0199966430664,0.20200000703334808
2026-04-29 20:17:52,10.616999626159668,97.23400115966797,0.17399999499320984
2026-04-29 20:22:54,7.994999885559082,73.08300018310547,0.0989999994635582
2026-04-29 20:27:56,5.389999866485596,0.4749999940395355,0.0
2026-04-29 20:32:58,3.2109999656677246,0.42899999022483826,0.0
2026-04-29 20:38:00,1.1929999589920044,0.41200000047683716,0.0
2026-04-30 06:22:14,1.1929999589920044,0.41200000047683716,0.0
2026-04-30 06:27:16,6.324999809265137,0.4020000100135803,0.0
2026-04-30 06:32:18,8.375,51.08700180053711,0.07199999690055847
2026-04-30 06:37:20,10.977999687194824,43.395999908447266,0.08100000023841858
2026-04-30 06:42:22,13.559000015258789,43.42399978637695,0.10000000149011612
2026-04-30 06:47:24,15.940999984741211,51.69900131225586,0.13899999856948853
2026-04-30 06:52:26,19.240999221801758,53.452999114990234,0.17399999499320984
2026-04-30 06:57:28,21.950000762939453,47.68899917602539,0.1770000010728836
2026-04-30 07:02:30,24.437000274658203,48.970001220703125,0.20200000703334808
2026-04-30 07:07:32,26.65399932861328,48.32699966430664,0.21799999475479126
2026-04-30 07:12:34,29.09600067138672,52.79999923706055,0.25999999046325684
2026-04-30 07:17:36,36.75199890136719,37.095001220703125,0.23000000417232513
2026-04-30 07:22:38,39.82899856567383,33.24300003051758,0.2240000069141388
2026-04-30 07:27:40,52.0620002746582,0.004999999888241291,0.0
2026-04-30 07:32:42,105.10600280761719,0.0,0.0
2026-04-30 07:37:44,138.79800415039062,0.0,0.0
2026-04-30 07:42:46,158.5850067138672,0.0,0.0
2026-04-30 07:47:48,175.1179962158203,38.797000885009766,1.1480000019073486
2026-04-30 07:52:50,194.49600219726562,39.35499954223633,1.2940000295639038
2026-04-30 07:57:52,214.92599487304688,41.00600051879883,1.4889999628067017
2026-04-30 08:02:54,234.78599548339844,42.20899963378906,1.6749999523162842
2026-04-30 08:07:56,254.03900146484375,44.42399978637695,1.906999945640564
2026-04-30 08:12:58,272.6029968261719,45.54499816894531,2.0980000495910645
2026-04-30 08:18:00,292.3659973144531,45.59299850463867,2.253000020980835
2026-04-30 08:23:02,312.0820007324219,45.30799865722656,2.390000104904175
2026-04-30 08:28:04,328.3450012207031,46.459999084472656,2.578000068664551
2026-04-30 08:33:06,347.38299560546875,42.49700164794922,2.494999885559082
2026-04-30 08:38:08,366.6289978027344,49.707000732421875,3.0799999237060547
2026-04-30 08:43:10,384.20098876953125,50.319000244140625,3.2669999599456787
2026-04-30 08:48:12,404.1440124511719,49.935001373291016,3.4110000133514404
2026-04-30 08:53:14,425.8949890136719,50.29199981689453,3.619999885559082
2026-04-30 08:58:16,446.0,52.37799835205078,3.947999954223633
2026-04-30 09:03:18,461.9859924316406,53.6510009765625,4.189000129699707
2026-04-30 09:08:20,481.4670104980469,55.26499938964844,4.497000217437744
2026-04-30 09:13:22,502.760009765625,55.518001556396484,4.7170000076293945
2026-04-30 09:18:24,522.2579956054688,56.73699951171875,5.007999897003174
2026-04-30 09:23:26,542.6900024414062,57.46799850463867,5.270999908447266
2026-04-30 09:28:28,561.781005859375,57.382999420166016,5.447999954223633
2026-04-30 09:33:30,584.7020263671875,57.59199905395508,5.690999984741211
2026-04-30 09:38:32,600.3359985351562,58.678001403808594,5.953000068664551
2026-04-30 09:43:34,620.60302734375,58.34000015258789,6.11899995803833
2026-04-30 09:48:36,639.7899780273438,59.07400131225586,6.38700008392334
2026-04-30 09:53:38,658.905029296875,58.387001037597656,6.501999855041504
2026-04-30 09:58:39,678.3610229492188,59.4010009765625,6.809999942779541
2026-04-30 10:03:41,701.4400024414062,59.58100128173828,7.063000202178955
2026-04-30 10:08:43,716.1370239257812,59.790000915527344,7.236000061035156
2026-04-30 10:13:45,734.4019775390625,59.88600158691406,7.433000087738037
2026-04-30 10:18:47,757.2160034179688,60.374000549316406,7.72599983215332
2026-04-30 10:23:49,772.1619873046875,61.09700012207031,7.9730000495910645
2026-04-30 10:28:51,789.0390014648438,61.24700164794922,8.166999816894531
2026-04-30 10:33:53,807.4290161132812,61.35599899291992,8.371999740600586
2026-04-30 10:38:55,825.6320190429688,61.766998291015625,8.618000030517578
2026-04-30 10:43:57,840.5650024414062,62.11800003051758,8.824000358581543
2026-04-30 10:48:59,854.89599609375,61.89899826049805,8.942999839782715
2026-04-30 10:54:01,871.4329833984375,62.1619987487793,9.154999732971191
2026-04-30 10:59:03,887.7830200195312,61.11800003051758,9.170000076293945
2026-04-30 11:04:05,904.3179931640625,61.66699981689453,9.425000190734863
2026-04-30 11:09:07,917.7329711914062,61.444000244140625,9.529999732971191
2026-04-30 11:14:09,930.781982421875,60.8129997253418,9.565999984741211
2026-04-30 11:19:11,940.9669799804688,62.08100128173828,9.871999740600586
2026-04-30 11:24:13,954.010986328125,62.5099983215332,10.07800006866455
2026-04-30 11:29:15,969.3489990234375,63.02799987792969,10.324999809265137
2026-04-30 11:34:17,980.8209838867188,62.8390007019043,10.416000366210938
2026-04-30 11:39:19,986.10302734375,62.763999938964844,10.460000038146973
2026-04-30 11:44:21,991.72802734375,62.96699905395508,10.553000450134277
2026-04-30 11:49:23,999.6229858398438,63.21699905395508,10.680000305175781
2026-04-30 11:54:25,1008.7449951171875,63.8650016784668,10.887999534606934
2026-04-30 11:59:27,1021.510986328125,63.0359992980957,10.881999969482422
2026-04-30 12:04:29,1030.4229736328125,64.4209976196289,11.218000411987305
2026-04-30 12:09:31,1028.18701171875,65.71800231933594,11.418999671936035
2026-04-30 12:14:33,1046.4000244140625,64.6520004272461,11.432999610900879
2026-04-30 12:19:35,1052.4639892578125,65.28600311279297,11.612000465393066
2026-04-30 12:24:37,1045.39404296875,66.31400299072266,11.715999603271484
2026-04-30 12:29:39,1062.0760498046875,65.96499633789062,11.84000015258789
2026-04-30 12:34:41,1058.1290283203125,66.96600341796875,11.975000381469727
2026-04-30 12:39:43,1068.3360595703125,66.87699890136719,12.074999809265137
2026-04-30 12:44:45,1069.958984375,67.08999633789062,12.130999565124512
2026-04-30 12:49:47,1059.8380126953125,68.20700073242188,12.217000007629395
2026-04-30 12:54:49,1066.6219482421875,67.33200073242188,12.13700008392334
2026-04-30 12:59:51,1063.0670166015625,68.37300109863281,12.284000396728516
2026-04-30 13:04:53,1065.8310546875,68.84300231933594,12.399999618530273
2026-04-30 13:09:55,1067.8929443359375,68.38800048828125,12.342000007629395
2026-04-30 13:14:57,1069.31005859375,68.83000183105469,12.437999725341797
2026-04-30 13:19:59,1070.3310546875,68.5009994506836,12.390999794006348
2026-04-30 13:25:01,1068.6080322265625,68.96199798583984,12.454000473022461
2026-04-30 13:48:42,1061.758056640625,68.20999908447266,12.23900032043457
2026-04-30 13:53:44,1060.530029296875,68.19999694824219,12.222999572753906
2026-04-30 13:58:46,1055.8699951171875,68.61599731445312,12.244000434875488
2026-04-30 14:03:48,1051.7459716796875,67.8030014038086,12.052000045776367
2026-04-30 14:08:50,1046.9599609375,68.01399993896484,12.034000396728516
2026-04-30 14:13:52,1040.2950439453125,68.8949966430664,12.112000465393066
2026-04-30 14:18:54,1037.4189453125,67.88300323486328,11.902000427246094
2026-04-30 14:23:56,1031.782958984375,68.49099731445312,11.942999839782715
2026-04-30 14:28:58,1023.68701171875,68.69499969482422,11.883999824523926
2026-04-30 14:34:00,1017.97900390625,68.13400268554688,11.722000122070312
2026-04-30 14:39:02,1009.1129760742188,68.80699920654297,11.734000205993652
2026-04-30 14:44:04,1003.9019775390625,68.2020034790039,11.571000099182129
2026-04-30 14:49:06,991.85400390625,68.38300323486328,11.463000297546387
2026-04-30 14:54:08,985.6589965820312,68.78900146484375,11.458999633789062
2026-04-30 14:59:10,975.135986328125,68.18000030517578,11.236000061035156
2026-04-30 15:04:12,968.3499755859375,67.75299835205078,11.088000297546387
2026-04-30 15:09:14,954.052978515625,67.32499694824219,10.854999542236328
2026-04-30 15:14:16,940.7890014648438,67.72100067138672,10.767000198364258
2026-04-30 15:19:18,930.6240234375,67.83499908447266,10.668999671936035
2026-04-30 15:24:20,917.0339965820312,67.16300201416016,10.409000396728516
2026-04-30 15:29:22,902.3380126953125,67.83999633789062,10.345000267028809
2026-04-30 15:34:24,895.0809936523438,67.14600372314453,10.156999588012695
2026-04-30 15:39:26,880.9229736328125,66.6449966430664,9.92199993133545
2026-04-30 15:44:28,866.8270263671875,66.82499694824219,9.788999557495117
2026-04-30 15:49:30,853.9819946289062,66.34500122070312,9.574999809265137
2026-04-30 15:54:32,838.4749755859375,66.66400146484375,9.446000099182129
2026-04-30 15:59:34,824.5989990234375,65.96800231933594,9.192999839782715
2026-04-30 16:04:36,807.1909790039062,65.72699737548828,8.965999603271484
2026-04-30 16:09:38,794.4660034179688,64.96900177001953,8.722999572753906
2026-04-30 16:14:40,776.4299926757812,64.5199966430664,8.465999603271484
2026-04-30 16:19:42,760.6810302734375,64.00900268554688,8.229000091552734
2026-04-30 16:24:44,742.8939819335938,63.93299865722656,8.027000427246094
2026-04-30 16:29:46,725.4719848632812,64.2239990234375,7.874000072479248
2026-04-30 16:34:48,709.27099609375,63.2869987487793,7.585999965667725
2026-04-30 16:39:50,690.9580078125,62.645999908447266,7.315000057220459
2026-04-30 16:44:52,672.3610229492188,61.89099884033203,7.0329999923706055
2026-04-30 16:49:54,653.7009887695312,61.64099884033203,6.809999942779541
2026-04-30 16:54:56,633.9290161132812,61.55500030517578,6.59499979019165
2026-04-30 16:59:58,612.9739990234375,61.50699996948242,6.372000217437744
2026-04-30 17:05:00,594.4530029296875,60.83300018310547,6.111000061035156
2026-04-30 17:10:02,575.1339721679688,60.38199996948242,5.86899995803833
2026-04-30 17:15:04,555.3300170898438,59.87799835205078,5.619999885559082
2026-04-30 17:20:06,538.3699951171875,59.215999603271484,5.388000011444092
2026-04-30 17:25:08,521.2940063476562,58.0369987487793,5.11299991607666
2026-04-30 17:30:10,502.33099365234375,57.44200134277344,4.875999927520752
2026-04-30 17:35:12,485.56298828125,55.93600082397461,4.590000152587891
2026-04-30 17:40:14,465.3330078125,55.15700149536133,4.3379998207092285
2026-04-30 17:45:15,438.2770080566406,55.14799880981445,4.085000038146973
2026-04-30 17:50:17,416.2380065917969,54.632999420166016,3.8429999351501465
2026-04-30 17:55:19,390.2770080566406,54.77399826049805,3.61299991607666
2026-04-30 18:00:21,368.03900146484375,52.78799819946289,3.2829999923706055
2026-04-30 18:05:23,346.5069885253906,53.138999938964844,3.111999988555908
2026-04-30 18:10:25,324.6610107421875,52.78499984741211,2.8959999084472656
2026-04-30 18:15:27,306.6099853515625,51.117000579833984,2.6489999294281006
2026-04-30 18:20:29,285.6889953613281,50.26100158691406,2.427000045776367
2026-04-30 18:25:31,116.30400085449219,112.92500305175781,2.2200000286102295
2026-04-30 18:30:33,48.54899978637695,244.4980010986328,2.00600004196167
2026-04-30 18:35:35,105.56300354003906,102.21600341796875,1.8240000009536743
2026-04-30 18:40:37,44.86199951171875,212.39999389648438,1.6100000143051147
2026-04-30 18:45:39,43.62699890136719,196.35899353027344,1.4479999542236328
2026-04-30 18:50:41,42.6510009765625,174.33799743652344,1.2569999694824219
2026-04-30 18:55:43,41.41899871826172,118.38200378417969,0.8289999961853027
2026-04-30 19:00:45,40.14899826049805,81.94499969482422,0.5559999942779541
2026-04-30 19:05:47,38.69900131225586,83.7300033569336,0.5479999780654907
2026-04-30 19:10:49,37.263999938964844,86.73100280761719,0.5460000038146973
2026-04-30 19:15:51,35.861000061035156,82.5510025024414,0.5
2026-04-30 19:20:53,34.513999938964844,85.79299926757812,0.5
2026-04-30 19:25:55,32.96200180053711,80.9530029296875,0.45100000500679016
2026-04-30 19:30:57,31.20199966430664,83.98999786376953,0.4429999887943268
2026-04-30 19:35:59,29.509000778198242,81.50499725341797,0.4059999883174896
2026-04-30 19:41:01,27.334999084472656,85.48600006103516,0.39500001072883606
2026-04-30 19:46:03,24.945999145507812,85.3290023803711,0.36000001430511475
2026-04-30 19:51:05,22.47800064086914,80.16699981689453,0.3050000071525574
2026-04-30 19:56:07,19.917999267578125,91.78700256347656,0.3089999854564667
2026-04-30 20:01:09,17.915000915527344,96.03399658203125,0.29100000858306885
2026-04-30 20:06:11,15.661999702453613,99.56500244140625,0.2639999985694885
2026-04-30 20:11:13,13.461999893188477,84.77999877929688,0.19300000369548798
2026-04-30 20:16:15,11.185999870300293,90.74500274658203,0.1720000058412552
2026-04-30 20:21:17,8.777000427246094,93.74299621582031,0.13899999856948853
2026-04-30 20:26:19,6.875,111.16699981689453,0.1289999932050705
2026-04-30 20:31:21,5.165999889373779,25.97100067138672,0.023000000044703484
2026-04-30 20:36:23,3.2890000343322754,0.527999997138977,0.0
2026-04-30 20:41:25,1.8220000267028809,-0.027000000700354576,0.0
2026-05-01 06:20:36,1.8220000267028809,-0.027000000700354576,0.0
2026-05-01 06:25:38,6.418000221252441,0.03099999949336052,0.0
2026-05-01 06:30:40,8.869000434875488,-0.006000000052154064,0.0
2026-05-01 06:35:42,11.241000175476074,0.004999999888241291,0.0
2026-05-01 06:40:44,13.70300006866455,0.004000000189989805,0.0
2026-05-01 06:45:46,16.91200065612793,0.004999999888241291,0.0
2026-05-01 06:50:48,20.22599983215332,-0.006000000052154064,0.0
2026-05-01 06:55:50,23.093000411987305,0.017000000923871994,0.0
2026-05-01 07:00:52,25.51099967956543,0.0010000000474974513,0.0
2026-05-01 07:05:54,28.224000930786133,0.006000000052154064,0.0
2026-05-01 07:15:58,35.70100021362305,0.0020000000949949026,0.0
2026-05-01 07:21:00,41.34400177001953,-0.004000000189989805,0.0
2026-05-01 07:26:02,48.49800109863281,-0.0010000000474974513,0.0
2026-05-01 07:31:04,94.71499633789062,-0.0020000000949949026,0.0
2026-05-01 07:36:06,132.7949981689453,0.0020000000949949026,0.0
2026-05-01 07:46:10,169.41000366210938,-0.0010000000474974513,0.0
2026-05-01 07:56:14,203.68499755859375,0.0020000000949949026,0.0
2026-05-01 08:01:16,225.3990020751953,43.757999420166016,1.6670000553131104
2026-05-01 08:06:18,243.2030029296875,44.5369987487793,1.8309999704360962
2026-05-01 08:11:20,264.52801513671875,46.08000183105469,2.059999942779541
2026-05-01 08:16:22,282.67401123046875,46.6150016784668,2.2269999980926514
2026-05-01 08:21:24,300.1600036621094,47.39500045776367,2.4040000438690186
2026-05-01 08:26:26,319.2690124511719,48.97999954223633,2.6429998874664307
2026-05-01 08:31:28,336.0690002441406,49.04199981689453,2.7850000858306885
2026-05-01 08:36:30,355.760009765625,50.042999267578125,3.009000062942505
2026-05-01 08:41:32,372.1759948730469,50.50600051879883,3.177000045776367
2026-05-01 08:46:34,390.5690002441406,52.22800064086914,3.447000026702881
2026-05-01 08:51:36,410.22198486328125,53.07899856567383,3.680000066757202
2026-05-01 08:56:38,428.072998046875,54.090999603271484,3.9130001068115234
2026-05-01 09:01:40,448.239990234375,54.20399856567383,4.105999946594238
2026-05-01 09:06:42,465.9200134277344,55.5620002746582,4.375
2026-05-01 09:11:44,485.3420104980469,56.665000915527344,4.6479997634887695
2026-05-01 09:16:46,514.7769775390625,56.5099983215332,4.915999889373779
2026-05-01 09:21:48,578.0910034179688,57.21900177001953,5.590000152587891
2026-05-01 09:26:50,194.84800720214844,77.09600067138672,2.5390000343322754
2026-05-01 09:31:52,613.5770263671875,57.952999114990234,6.008999824523926
2026-05-01 09:36:54,605.4149780273438,58.29999923706055,5.965000152587891
2026-05-01 09:41:56,606.4959716796875,58.375999450683594,5.982999801635742
2026-05-01 09:46:58,626.3150024414062,59.45500183105469,6.293000221252441
2026-05-01 09:52:00,642.5189819335938,59.64699935913086,6.4770002365112305
2026-05-01 09:57:02,664.3380126953125,59.513999938964844,6.682000160217285
2026-05-01 10:02:04,687.3070068359375,59.29999923706055,6.888000011444092
2026-05-01 10:07:06,702.72900390625,60.08399963378906,7.136000156402588
2026-05-01 10:12:08,720.4409790039062,60.17599868774414,7.327000141143799
2026-05-01 10:17:10,739.9730224609375,60.6510009765625,7.585000038146973
2026-05-01 10:22:11,759.3369750976562,60.7859992980957,7.800000190734863
2026-05-01 10:27:13,778.2130126953125,60.83700180053711,8.00100040435791
2026-05-01 10:32:15,792.6610107421875,60.01900100708008,8.039999961853027
2026-05-01 10:37:17,806.9550170898438,60.13800048828125,8.201000213623047
2026-05-01 10:42:19,818.6859741210938,60.51499938964844,8.373000144958496
2026-05-01 10:47:21,832.6740112304688,61.85200119018555,8.704000473022461
2026-05-01 10:52:23,849.5250244140625,61.391998291015625,8.814000129699707
2026-05-01 10:57:25,864.6099853515625,61.14400100708008,8.934000015258789
2026-05-01 11:02:27,877.5380249023438,61.13399887084961,9.065999984741211
2026-05-01 11:07:29,892.5709838867188,61.374000549316406,9.258000373840332
2026-05-01 11:12:31,899.4539794921875,62.04199981689453,9.430999755859375
2026-05-01 11:17:33,925.4240112304688,63.01100158691406,9.854999542236328
2026-05-01 11:22:35,930.8480224609375,62.900001525878906,9.895000457763672
2026-05-01 11:27:37,951.7969970703125,63.2140007019043,10.168000221252441
2026-05-01 11:32:39,953.583984375,63.895999908447266,10.29699993133545
2026-05-01 11:37:41,963.7529907226562,63.50299835205078,10.343000411987305
2026-05-01 11:42:43,970.2509765625,63.564998626708984,10.42300033569336
2026-05-01 11:47:45,977.5089721679688,63.733001708984375,10.529000282287598
2026-05-01 11:52:47,982.8820190429688,64.88099670410156,10.777000427246094
2026-05-01 11:57:49,993.166015625,65.46900177001953,10.98900032043457
2026-05-01 12:02:51,1002.6129760742188,65.52899932861328,11.102999687194824
2026-05-01 12:07:53,1007.447021484375,65.86900329589844,11.21500015258789
2026-05-01 12:12:55,1013.8809814453125,66.03600311279297,11.3149995803833
2026-05-01 12:17:57,1015.0770263671875,67.00199890136719,11.494000434875488
2026-05-01 12:22:59,1023.0399780273438,67.11000061035156,11.602999687194824
2026-05-01 12:28:01,1034.5069580078125,66.03399658203125,11.545000076293945
2026-05-01 12:33:03,1034.446044921875,66.08100128173828,11.552000045776367
2026-05-01 12:38:05,1043.3299560546875,66.46099853515625,11.718999862670898
2026-05-01 12:43:07,1044.822998046875,66.9020004272461,11.812999725341797
2026-05-01 12:48:09,1035.89697265625,67.5459976196289,11.824999809265137
2026-05-01 12:53:11,1036.47802734375,67.84200286865234,11.883999824523926
2026-05-01 12:58:13,1036.85498046875,67.9219970703125,11.902000427246094
2026-05-01 13:03:15,1027.5040283203125,68.49800109863281,11.895000457763672
2026-05-01 13:08:17,1033.366943359375,68.697998046875,11.996999740600586
2026-05-01 13:13:19,1033.3160400390625,68.63999938964844,11.987000465393066
2026-05-01 13:18:21,1036.5899658203125,68.80400085449219,12.053000450134277
2026-05-01 13:23:23,1038.593994140625,69.03600311279297,12.116999626159668
2026-05-01 13:46:59,1027.4010009765625,69.7969970703125,12.119000434875488
2026-05-01 13:52:01,1023.583984375,70.22100067138672,12.147000312805176
2026-05-01 13:57:03,1021.2429809570312,70.23699951171875,12.121999740600586
2026-05-01 14:02:05,1023.4860229492188,70.03399658203125,12.11400032043457
2026-05-01 14:07:07,1014.510009765625,69.31300354003906,11.883999824523926
2026-05-01 14:12:09,1014.5330200195312,69.69499969482422,11.949999809265137
2026-05-01 14:17:11,1004.5009765625,70.35800170898438,11.944000244140625
2026-05-01 14:22:13,1003.56298828125,70.53900146484375,11.96399974822998
2026-05-01 14:27:15,993.1199951171875,70.01000213623047,11.75
2026-05-01 14:32:17,987.1519775390625,70.70099639892578,11.795000076293945
2026-05-01 14:37:19,975.1929931640625,70.4800033569336,11.616000175476074
2026-05-01 14:42:21,968.7680053710938,70.81300354003906,11.593999862670898
2026-05-01 14:47:23,962.6329956054688,71.08100128173828,11.564000129699707
2026-05-01 14:52:25,957.7830200195312,70.6500015258789,11.435999870300293
2026-05-01 14:57:27,945.6409912109375,71.0009994506836,11.347000122070312
2026-05-01 15:02:29,935.010009765625,71.23699951171875,11.256999969482422
2026-05-01 15:07:31,925.3170166015625,71.35700225830078,11.159000396728516
2026-05-01 15:12:33,914.5989990234375,70.927001953125,10.963000297546387
2026-05-01 15:17:35,902.9459838867188,70.197998046875,10.711999893188477
2026-05-01 15:22:37,891.9290161132812,70.69000244140625,10.654999732971191
2026-05-01 15:27:39,880.8109741210938,69.93800354003906,10.41100025177002
2026-05-01 15:32:41,867.2249755859375,70.19300079345703,10.288000106811523
2026-05-01 15:37:43,851.5150146484375,70.22799682617188,10.105999946594238
2026-05-01 15:42:45,839.3870239257812,69.802001953125,9.902000427246094
2026-05-01 15:47:47,823.3140258789062,69.51200103759766,9.67199993133545
2026-05-01 15:52:49,811.051025390625,69.7979965209961,9.567000389099121
2026-05-01 15:57:51,798.6420288085938,69.29399871826172,9.352999687194824
2026-05-01 16:02:53,780.89599609375,68.91600036621094,9.095000267028809
2026-05-01 16:07:55,766.7109985351562,68.04499816894531,8.817000389099121
2026-05-01 16:12:57,751.9310302734375,67.40899658203125,8.565999984741211
2026-05-01 16:17:59,732.6380004882812,67.20600128173828,8.321000099182129
2026-05-01 16:23:00,717.7490234375,66.66000366210938,8.086000442504883
2026-05-01 16:28:02,702.3200073242188,66.28399658203125,7.867000102996826
2026-05-01 16:33:04,684.4299926757812,65.82599639892578,7.613999843597412
2026-05-01 16:38:06,668.9760131835938,65.18099975585938,7.36899995803833
2026-05-01 16:43:08,650.114013671875,65.14399719238281,7.1570000648498535
2026-05-01 16:48:10,630.2639770507812,65.09100341796875,6.933000087738037
2026-05-01 16:53:12,611.218017578125,64.8239974975586,6.696000099182129
2026-05-01 16:58:14,592.10498046875,63.349998474121094,6.339000225067139
2026-05-01 17:03:16,572.6510009765625,63.45500183105469,6.140999794006348
2026-05-01 17:08:18,553.4650268554688,62.80500030517578,5.874000072479248
2026-05-01 17:13:20,536.5449829101562,62.03300094604492,5.625
2026-05-01 17:18:22,518.0479736328125,61.606998443603516,5.394000053405762
2026-05-01 17:23:24,501.53399658203125,60.231998443603516,5.105000019073486
2026-05-01 17:28:26,482.72900390625,59.36399841308594,4.8429999351501465
2026-05-01 17:33:28,466.4049987792969,59.422000885009766,4.684000015258789
2026-05-01 17:38:30,448.8089904785156,57.65700149536133,4.373000144958496
2026-05-01 17:43:32,420.1210021972656,58.470001220703125,4.151000022888184
2026-05-01 17:48:34,407.6319885253906,56.11000061035156,3.865000009536743
2026-05-01 17:53:36,376.8800048828125,57.3489990234375,3.6530001163482666
2026-05-01 17:58:38,354.5769958496094,57.24599838256836,3.430000066757202
2026-05-01 18:03:40,331.9570007324219,56.38800048828125,3.1630001068115234
2026-05-01 18:08:42,313.0509948730469,54.92100143432617,2.9059998989105225
2026-05-01 18:13:44,293.77398681640625,54.38800048828125,2.700000047683716
2026-05-01 18:18:46,273.24798583984375,54.20000076293945,2.503000020980835
2026-05-01 18:23:48,103.61599731445312,129.19200134277344,2.26200008392334
2026-05-01 18:28:50,55.84700012207031,222.14100646972656,2.0969998836517334
2026-05-01 18:33:52,202.9199981689453,54.75699996948242,1.878000020980835
2026-05-01 18:38:54,52.80500030517578,192.60800170898438,1.718999981880188
2026-05-01 18:43:56,51.14500045776367,173.42999267578125,1.4989999532699585
2026-05-01 18:48:58,49.61600112915039,163.4459991455078,1.371000051498413
2026-05-01 18:54:00,48.23099899291992,118.7300033569336,0.9679999947547913
2026-05-01 18:59:02,46.95800018310547,85.51200103759766,0.6790000200271606
2026-05-01 19:04:04,45.487998962402344,86.96800231933594,0.6690000295639038
2026-05-01 19:09:06,43.874000549316406,86.89299774169922,0.6439999938011169
2026-05-01 19:14:08,41.986000061035156,84.75499725341797,0.6010000109672546
2026-05-01 19:19:10,40.077999114990234,87.28600311279297,0.5910000205039978
2026-05-01 19:24:12,37.94200134277344,83.76699829101562,0.5370000004768372
2026-05-01 19:29:14,36.50699996948242,75.51300048828125,0.4659999907016754
2026-05-01 19:34:16,34.09400177001953,80.56800079345703,0.46399998664855957
2026-05-01 19:39:18,31.326000213623047,89.0459976196289,0.47099998593330383
2026-05-01 19:44:20,29.13800048828125,81.83899688720703,0.40299999713897705
2026-05-01 19:49:22,26.30900001525879,87.35700225830078,0.3880000114440918
2026-05-01 19:54:24,22.683000564575195,94.86699676513672,0.36399999260902405
2026-05-01 19:59:26,20.023000717163086,91.7699966430664,0.3109999895095825
2026-05-01 20:04:28,17.440000534057617,92.88400268554688,0.27399998903274536
2026-05-01 20:09:30,15.07699966430664,85.66500091552734,0.21799999475479126
2026-05-01 20:14:32,12.831999778747559,90.4520034790039,0.19599999487400055
2026-05-01 20:19:34,10.510000228881836,95.89399719238281,0.17000000178813934
2026-05-01 20:24:36,8.25100040435791,87.9469985961914,0.12300000339746475
2026-05-01 20:29:38,6.0320000648498535,22.06800079345703,0.02199999988079071
2026-05-01 20:34:40,3.816999912261963,0.4189999997615814,0.0
2026-05-01 20:39:42,1.8739999532699585,0.032999999821186066,0.0
2026-05-02 06:24:00,1.8739999532699585,0.032999999821186066,0.0
2026-05-02 06:29:02,8.10099983215332,-0.007000000216066837,0.0
2026-05-02 06:34:04,9.293999671936035,0.003000000026077032,0.0
2026-05-02 06:39:06,10.70199966430664,0.00800000037997961,0.0
2026-05-02 06:44:08,13.428999900817871,0.010999999940395355,0.0
2026-05-02 06:49:10,16.180999755859375,-0.014000000432133675,0.0
2026-05-02 06:54:12,18.736000061035156,0.013000000268220901,0.0
2026-05-02 06:59:14,21.809999465942383,0.02500000037252903,0.0
2026-05-02 07:04:16,27.389999389648438,-0.007000000216066837,0.0
2026-05-02 07:09:18,34.27199935913086,-0.003000000026077032,0.0
2026-05-02 07:14:20,41.007999420166016,0.0010000000474974513,0.0
2026-05-02 07:19:22,43.2869987487793,-0.0010000000474974513,0.0
2026-05-02 07:29:26,67.01000213623047,0.0010000000474974513,0.0
2026-05-02 07:34:28,113.64600372314453,0.0,0.0
2026-05-02 07:39:30,61.61399841308594,0.00800000037997961,0.0
2026-05-02 07:44:32,133.3070068359375,0.0010000000474974513,0.0
2026-05-02 07:49:34,142.8780059814453,0.0010000000474974513,0.0
2026-05-02 07:54:36,75.80599975585938,0.0010000000474974513,0.0
2026-05-02 07:59:38,71.60700225830078,0.003000000026077032,0.0
2026-05-02 08:04:40,224.91900634765625,45.20600128173828,1.718000054359436
2026-05-02 08:09:42,183.90899658203125,50.39799880981445,1.565999984741211
2026-05-02 08:14:44,272.4909973144531,48.21699905395508,2.2200000286102295
2026-05-02 08:19:46,298.0140075683594,49.018001556396484,2.4690001010894775
2026-05-02 08:24:48,321.1059875488281,49.507999420166016,2.687000036239624
2026-05-02 08:29:50,341.8080139160156,49.902000427246094,2.882999897003174
2026-05-02 08:34:52,138.8800048828125,58.06700134277344,1.3630000352859497
2026-05-02 08:39:54,142.51699829101562,58.39400100708008,1.406000018119812
2026-05-02 08:44:56,226.02499389648438,66.447998046875,2.5380001068115234
2026-05-02 08:49:58,320.02099609375,59.23699951171875,3.2039999961853027
2026-05-02 08:55:00,318.6669921875,64.32599639892578,3.4639999866485596
2026-05-02 09:00:02,321.9289855957031,49.737998962402344,2.7060000896453857
2026-05-02 09:05:04,318.7340087890625,61.66299819946289,3.322000026702881
2026-05-02 09:10:06,458.6830139160156,56.737998962402344,4.3979997634887695
2026-05-02 09:15:08,484.8659973144531,58.84600067138672,4.822000026702881
2026-05-02 09:20:10,510.84600830078125,58.23899841308594,5.0279998779296875
2026-05-02 09:25:12,518.5900268554688,58.60900115966797,5.13700008392334
2026-05-02 09:30:14,541.1389770507812,58.172000885009766,5.320000171661377
2026-05-02 09:35:16,519.3070068359375,62.801998138427734,5.51200008392334
2026-05-02 09:40:18,586.447998046875,60.04399871826172,5.951000213623047
2026-05-02 09:45:20,600.1380004882812,60.89699935913086,6.176000118255615
2026-05-02 09:50:22,621.1220092773438,61.15299987792969,6.419000148773193
2026-05-02 09:55:24,633.7849731445312,61.5260009765625,6.590000152587891
2026-05-02 10:00:26,659.5339965820312,61.902000427246094,6.900000095367432
2026-05-02 10:05:28,681.7459716796875,61.560001373291016,7.0929999351501465
2026-05-02 10:10:29,699.7470092773438,62.119998931884766,7.3460001945495605
2026-05-02 10:15:31,720.6719970703125,61.909000396728516,7.539999961853027
2026-05-02 10:20:33,739.0150146484375,62.29600143432617,7.78000020980835
2026-05-02 10:25:35,747.5789794921875,62.34400177001953,7.876999855041504
2026-05-02 10:30:37,771.35498046875,62.209999084472656,8.109999656677246
2026-05-02 10:35:39,778.7680053710938,62.36800003051758,8.208000183105469
2026-05-02 10:40:41,789.0349731445312,62.801998138427734,8.375
2026-05-02 10:45:43,821.7919921875,63.03900146484375,8.755000114440918
2026-05-02 10:50:45,773.1729736328125,64.85900115966797,8.475000381469727
2026-05-02 10:55:47,820.8109741210938,63.617000579833984,8.824999809265137
2026-05-02 11:00:49,864.948974609375,63.159000396728516,9.232000350952148
2026-05-02 11:05:51,879.968017578125,63.5890007019043,9.456999778747559
2026-05-02 11:10:53,893.3690185546875,63.323001861572266,9.5600004196167
2026-05-02 11:15:55,906.9459838867188,64.26000213623047,9.848999977111816
2026-05-02 11:20:57,918.27197265625,65.18000030517578,10.114999771118164
2026-05-02 11:25:59,931.0349731445312,64.9729995727539,10.222999572753906
2026-05-02 11:31:01,944.8270263671875,65.20600128173828,10.411999702453613
2026-05-02 11:36:03,803.947021484375,67.28199768066406,9.140999794006348
2026-05-02 11:41:05,956.7130126953125,65.302001953125,10.557999610900879
2026-05-02 11:46:07,967.2230224609375,66.45899963378906,10.86299991607666
2026-05-02 11:51:09,973.5339965820312,67.40899658203125,11.090999603271484
2026-05-02 11:56:11,984.4539794921875,68.0270004272461,11.317999839782715
2026-05-02 12:01:13,930.4500122070312,69.33999633789062,10.902999877929688
2026-05-02 12:06:15,976.52099609375,69.14299774169922,11.41100025177002
2026-05-02 12:11:17,1013.114990234375,69.14399719238281,11.83899974822998
2026-05-02 12:16:19,1016.2420043945312,69.63200378417969,11.958999633789062
2026-05-02 12:21:21,1004.2379760742188,70.0780029296875,11.892999649047852
2026-05-02 12:26:23,953.0260009765625,72.02100372314453,11.600000381469727
2026-05-02 12:31:25,1032.0460205078125,70.83999633789062,12.355999946594238
2026-05-02 12:36:27,1031.2939453125,70.48500061035156,12.28499984741211
2026-05-02 12:41:29,1035.175048828125,70.33699798583984,12.305000305175781
2026-05-02 12:46:31,1042.5760498046875,71.33899688720703,12.569999694824219
2026-05-02 12:51:33,1056.1739501953125,70.95899963378906,12.666000366210938
2026-05-02 12:56:35,1033.97705078125,70.73500061035156,12.359999656677246
2026-05-02 13:01:37,1044.3790283203125,70.98999786376953,12.529999732971191
2026-05-02 13:06:39,1026.7130126953125,71.66500091552734,12.4350004196167
2026-05-02 13:11:41,1037.7939453125,71.447998046875,12.531000137329102
2026-05-02 13:16:43,1050.6490478515625,71.33699798583984,12.666999816894531
2026-05-02 13:21:45,1042.050048828125,71.24800109863281,12.54699993133545
2026-05-02 13:45:21,1041.3480224609375,71.14700317382812,12.520999908447266
2026-05-02 13:50:23,1037.5250244140625,71.47899627685547,12.532999992370605
2026-05-02 13:55:25,1036.9510498046875,71.35900115966797,12.505000114440918
2026-05-02 14:00:27,1034.991943359375,70.83899688720703,12.390999794006348
2026-05-02 14:05:29,1037.8470458984375,71.36799621582031,12.517999649047852
2026-05-02 14:10:31,1038.2220458984375,71.51599884033203,12.54800033569336
2026-05-02 14:15:33,1023.4739990234375,71.5469970703125,12.375
2026-05-02 14:20:35,1003.291015625,71.64099884033203,12.147000312805176
2026-05-02 14:25:37,995.385009765625,71.04900360107422,11.95199966430664
2026-05-02 14:30:39,970.3519897460938,70.85900115966797,11.619999885559082
2026-05-02 14:35:41,993.6409912109375,70.45099639892578,11.829999923706055
2026-05-02 14:40:43,982.5460205078125,70.8499984741211,11.765000343322754
2026-05-02 14:45:45,898.47802734375,72.52300262451172,11.01200008392334
2026-05-02 14:50:47,914.5579833984375,72.5770034790039,11.217000007629395
2026-05-02 14:55:49,893.3460083007812,72.94200134277344,11.01200008392334
2026-05-02 15:00:51,882.4500122070312,72.42500305175781,10.800999641418457
2026-05-02 15:05:53,754.4710083007812,81.93599700927734,10.446999549865723
2026-05-02 15:10:55,859.27099609375,74.35199737548828,10.79699993133545
2026-05-02 15:15:56,923.9840087890625,70.58300018310547,11.022000312805176
2026-05-02 15:20:58,821.2319946289062,72.39700317382812,10.04800033569336
2026-05-02 15:26:00,828.6929931640625,72.38500213623047,10.13700008392334
2026-05-02 15:31:02,545.3619995117188,76.49500274658203,7.050000190734863
2026-05-02 15:36:04,507.6709899902344,73.88999938964844,6.339000225067139
2026-05-02 15:41:06,575.6640014648438,71.5790023803711,6.964000225067139
2026-05-02 15:46:08,610.9439697265625,73.8280029296875,7.623000144958496
2026-05-02 15:51:10,638.552978515625,72.80400085449219,7.85699987411499
2026-05-02 15:56:12,606.7839965820312,73.10399627685547,7.497000217437744
2026-05-02 16:01:14,572.7340087890625,75.90799713134766,7.3470001220703125
2026-05-02 16:06:16,524.2579956054688,77.49400329589844,6.866000175476074
2026-05-02 16:11:18,461.67498779296875,69.58100128173828,5.428999900817871
2026-05-02 16:16:20,580.3820190429688,72.83999633789062,7.144000053405762
2026-05-02 16:21:22,508.2829895019531,72.45500183105469,6.223999977111816
2026-05-02 16:26:24,500.34698486328125,70.99199676513672,6.002999782562256
2026-05-02 16:31:26,448.5190124511719,71.93599700927734,5.453000068664551
2026-05-02 16:36:28,411.38299560546875,72.57499694824219,5.046000003814697
2026-05-02 16:41:30,466.2699890136719,70.83200073242188,5.581999778747559
2026-05-02 16:46:32,366.85699462890625,71.79000091552734,4.451000213623047
2026-05-02 16:51:34,384.52099609375,72.22200012207031,4.692999839782715
2026-05-02 16:56:36,383.177001953125,71.1259994506836,4.605999946594238
2026-05-02 17:01:38,400.7860107421875,70.58799743652344,4.781000137329102
2026-05-02 17:06:40,387.614013671875,69.91600036621094,4.579999923706055
2026-05-02 17:11:42,354.885009765625,69.37999725341797,4.160999774932861
2026-05-02 17:16:44,323.2019958496094,68.66300201416016,3.75
2026-05-02 17:21:46,301.2250061035156,66.13400268554688,3.367000102996826
2026-05-02 17:26:48,296.3450012207031,68.76100158691406,3.444000005722046
2026-05-02 17:31:50,307.4809875488281,67.53299713134766,3.509000062942505
2026-05-02 17:36:52,338.2560119628906,62.64099884033203,3.5810000896453857
2026-05-02 17:41:54,349.5889892578125,66.21399688720703,3.9119999408721924
2026-05-02 17:46:56,339.343994140625,64.16699981689453,3.680000066757202
2026-05-02 17:51:58,319.02899169921875,64.24199676513672,3.4639999866485596
2026-05-02 17:57:00,282.281005859375,65.64700317382812,3.131999969482422
2026-05-02 18:02:02,207.95700073242188,69.33399963378906,2.437000036239624
2026-05-02 18:07:04,220.68600463867188,66.91899871826172,2.496000051498413
2026-05-02 18:12:06,242.3730010986328,64.8030014038086,2.6540000438690186
2026-05-02 18:17:08,162.1280059814453,69.84200286865234,1.9140000343322754
2026-05-02 18:22:10,164.6580047607422,76.47599792480469,2.128000020980835
2026-05-02 18:27:12,124.64199829101562,91.8280029296875,1.934000015258789
2026-05-02 18:32:14,147.1540069580078,74.35199737548828,1.8489999771118164
2026-05-02 18:37:16,112.84300231933594,101.76699829101562,1.940999984741211
2026-05-02 18:42:18,102.36799621582031,100.72000122070312,1.7419999837875366
2026-05-02 18:47:20,92.6729965209961,96.68199920654297,1.5140000581741333
2026-05-02 18:52:22,83.75299835205078,85.60900115966797,1.2120000123977661
2026-05-02 18:57:24,75.88800048828125,76.7300033569336,0.984000027179718
2026-05-02 19:02:26,73.25499725341797,78.4010009765625,0.9710000157356262
2026-05-02 19:07:28,71.85800170898438,78.85900115966797,0.9580000042915344
2026-05-02 19:12:30,68.71499633789062,77.38500213623047,0.8989999890327454
2026-05-02 19:17:32,66.11900329589844,77.87100219726562,0.8700000047683716
2026-05-02 19:22:34,66.5459976196289,78.0739974975586,0.878000020980835
2026-05-02 19:27:36,62.57400131225586,77.33399963378906,0.8180000185966492
2026-05-02 19:32:38,56.928001403808594,80.48899841308594,0.7739999890327454
2026-05-02 19:37:40,50.79800033569336,81.8010025024414,0.7020000219345093
2026-05-02 19:42:42,44.36600112915039,75.98699951171875,0.5699999928474426
2026-05-02 19:47:44,38.362998962402344,79.56999969482422,0.515999972820282
2026-05-02 19:52:46,31.23200035095215,72.1050033569336,0.38100001215934753
2026-05-02 19:57:48,25.207000732421875,82.21399688720703,0.3499999940395355
2026-05-02 20:02:49,20.292999267578125,80.20500183105469,0.2750000059604645
2026-05-02 20:07:51,17.18899917602539,82.93900299072266,0.2409999966621399
2026-05-02 20:12:53,14.29699993133545,83.98100280761719,0.2029999941587448
2026-05-02 20:17:55,11.182000160217285,89.08100128173828,0.1679999977350235
2026-05-02 20:22:57,7.876999855041504,81.79000091552734,0.10899999737739563
2026-05-02 20:27:59,5.056000232696533,0.4449999928474426,0.0
2026-05-02 20:33:01,2.5989999771118164,0.5139999985694885,0.0
2026-05-02 20:38:03,0.5849999785423279,-0.010999999940395355,0.0
2026-05-03 06:22:21,0.5849999785423279,-0.010999999940395355,0.0
2026-05-03 06:27:23,9.878000259399414,0.03799999877810478,0.0
2026-05-03 06:37:27,13.225000381469727,-0.013000000268220901,0.0
2026-05-03 06:42:29,14.62600040435791,0.014999999664723873,0.0
2026-05-03 06:47:31,17.969999313354492,0.00800000037997961,0.0
2026-05-03 06:52:33,23.319000244140625,0.0010000000474974513,0.0
2026-05-03 06:57:35,29.19499969482422,0.0020000000949949026,0.0
2026-05-03 07:02:37,34.97800064086914,-0.0010000000474974513,0.0
2026-05-03 07:07:39,36.71099853515625,0.004999999888241291,0.0
2026-05-03 07:12:41,37.40599822998047,-0.007000000216066837,0.0
2026-05-03 07:17:43,40.41400146484375,-0.0010000000474974513,0.0
2026-05-03 07:22:45,45.72600173950195,0.0020000000949949026,0.0
2026-05-03 07:27:47,50.66999816894531,-0.004000000189989805,0.0
2026-05-03 07:32:49,50.39500045776367,0.0020000000949949026,0.0
2026-05-03 07:37:51,56.625999450683594,0.003000000026077032,0.0
2026-05-03 07:42:53,64.53900146484375,-0.003000000026077032,0.0
2026-05-03 07:47:55,74.22599792480469,-0.0010000000474974513,0.0
2026-05-03 07:52:57,82.73100280761719,-0.0010000000474974513,0.0
2026-05-03 07:57:59,93.89299774169922,0.0,0.0
2026-05-03 08:03:01,112.95500183105469,0.0,0.0
2026-05-03 08:13:05,81.06099700927734,0.0020000000949949026,0.0
2026-05-03 08:18:07,61.702999114990234,-0.0010000000474974513,0.0
2026-05-03 08:23:09,59.965999603271484,-0.0020000000949949026,0.0
2026-05-03 08:28:11,77.49700164794922,0.003000000026077032,0.0
2026-05-03 08:33:13,95.4739990234375,0.003000000026077032,0.0
2026-05-03 08:38:15,105.06700134277344,0.0020000000949949026,0.0
2026-05-03 08:43:17,116.7020034790039,-0.0010000000474974513,0.0
2026-05-03 08:48:19,132.76100158691406,67.14299774169922,1.50600004196167
2026-05-03 08:53:21,133.50599670410156,72.23899841308594,1.6299999952316284
2026-05-03 08:58:23,148.85499572753906,72.4209976196289,1.8220000267028809
2026-05-03 09:03:25,172.56900024414062,72.93499755859375,2.127000093460083
2026-05-03 09:08:27,191.66400146484375,73.44999694824219,2.378999948501587
2026-05-03 09:13:29,231.17300415039062,68.62699890136719,2.680999994277954
2026-05-03 09:18:30,231.7010040283203,67.38600158691406,2.6389999389648438
2026-05-03 09:23:32,253.08599853515625,69.04299926757812,2.953000068664551
2026-05-03 09:28:34,288.1709899902344,71.77200317382812,3.494999885559082
2026-05-03 09:33:36,296.37701416015625,75.00499725341797,3.756999969482422
2026-05-03 09:38:38,245.9409942626953,72.77999877929688,3.0250000953674316
2026-05-03 09:43:40,282.2099914550781,73.01899719238281,3.4830000400543213
2026-05-03 09:48:42,254.79100036621094,71.95700073242188,3.0980000495910645
2026-05-03 09:53:44,178.26300048828125,74.50800323486328,2.244999885559082
2026-05-03 09:58:46,154.56900024414062,78.06999969482422,2.0390000343322754
2026-05-03 10:03:48,177.17300415039062,79.28600311279297,2.374000072479248
2026-05-03 10:08:50,204.92100524902344,78.31400299072266,2.7119998931884766
2026-05-03 10:13:52,257.75799560546875,74.76799774169922,3.256999969482422
2026-05-03 10:18:54,331.135986328125,72.77200317382812,4.072000026702881
2026-05-03 10:23:56,282.260986328125,75.302001953125,3.5920000076293945
2026-05-03 10:28:58,289.1130065917969,74.78700256347656,3.6540000438690186
2026-05-03 10:34:00,251.8470001220703,76.10199737548828,3.239000082015991
2026-05-03 10:39:02,254.09800720214844,76.74400329589844,3.2960000038146973
2026-05-03 10:44:04,293.989013671875,75.14900207519531,3.7339999675750732
2026-05-03 10:49:06,348.63800048828125,73.04000091552734,4.302999973297119
2026-05-03 10:54:08,383.27301025390625,72.21099853515625,4.677000045776367
2026-05-03 10:59:10,453.7690124511719,69.76799774169922,5.349999904632568
2026-05-03 11:04:12,724.6539916992188,67.33000183105469,8.246000289916992
2026-05-03 11:09:14,579.2269897460938,53.80400085449219,5.267000198364258
2026-05-03 11:14:16,579.7349853515625,76.73799896240234,7.51800012588501
2026-05-03 11:19:18,592.176025390625,73.56500244140625,7.361999988555908
2026-05-03 11:24:20,610.4340209960938,62.99100112915039,6.498000144958496
2026-05-03 11:29:22,468.2770080566406,72.89199829101562,5.769000053405762
2026-05-03 11:34:24,421.1679992675781,73.60900115966797,5.238999843597412
2026-05-03 11:39:26,640.0659790039062,96.8010025024414,10.470999717712402
2026-05-03 11:44:28,343.385009765625,73.28600311279297,4.252999782562256
2026-05-03 11:49:30,1030.9439697265625,63.01300048828125,10.979000091552734
2026-05-03 11:54:32,1008.3909912109375,61.78900146484375,10.529999732971191
2026-05-03 11:59:34,717.2960205078125,70.24099731445312,8.515000343322754
2026-05-03 12:04:36,826.47998046875,77.6050033569336,10.84000015258789
2026-05-03 12:09:38,1010.1690063476562,52.952999114990234,9.039999961853027
2026-05-03 12:14:40,690.6420288085938,72.70999908447266,8.487000465393066
2026-05-03 12:19:42,520.010986328125,72.79499816894531,6.396999835968018
2026-05-03 12:24:44,545.4949951171875,74.09400177001953,6.830999851226807
2026-05-03 12:29:46,513.6939697265625,74.47000122070312,6.465000152587891
2026-05-03 12:34:48,524.1580200195312,94.56800079345703,8.376999855041504
2026-05-03 12:39:50,460.4209899902344,83.80400085449219,6.520999908447266
2026-05-03 12:44:52,412.34100341796875,80.4260025024414,5.605000019073486
2026-05-03 12:49:54,762.7059936523438,72.33000183105469,9.322999954223633
2026-05-03 12:54:55,465.9150085449219,70.25599670410156,5.5320000648498535
2026-05-03 12:59:57,514.197021484375,79.91799926757812,6.945000171661377
2026-05-03 13:04:59,1159.7440185546875,68.25399780273438,13.378000259399414
2026-05-03 13:10:01,402.7130126953125,78.69599914550781,5.355999946594238
2026-05-03 13:15:03,461.3489990234375,75.47799682617188,5.885000228881836
2026-05-03 13:20:05,1162.1639404296875,67.03099822998047,13.164999961853027
2026-05-03 13:43:45,689.0009765625,67.48400115966797,7.857999801635742
2026-05-03 13:48:47,603.97900390625,62.77899932861328,6.4079999923706055
2026-05-03 13:53:49,1282.8199462890625,69.12300109863281,14.986000061035156
2026-05-03 13:58:51,962.2789916992188,45.58700180053711,7.414000034332275
2026-05-03 14:03:53,289.25,76.73699951171875,3.750999927520752
2026-05-03 14:08:55,347.927001953125,77.53099822998047,4.559000015258789
2026-05-03 14:13:57,359.3739929199219,77.23500061035156,4.690999984741211
2026-05-03 14:18:59,442.9049987792969,70.98200225830078,5.313000202178955
2026-05-03 14:24:01,594.1370239257812,76.96399688720703,7.728000164031982
2026-05-03 14:29:03,440.03900146484375,77.89900207519531,5.793000221252441
2026-05-03 14:34:05,470.2449951171875,77.9990005493164,6.198999881744385
2026-05-03 14:39:07,421.6050109863281,78.97100067138672,5.626999855041504
2026-05-03 14:44:09,308.12298583984375,77.8290023803711,4.052999973297119
2026-05-03 14:49:11,414.2030029296875,78.94400024414062,5.526000022888184
2026-05-03 14:54:13,420.5989990234375,78.37799835205078,5.571000099182129
2026-05-03 14:59:15,309.2300109863281,79.7490005493164,4.168000221252441
2026-05-03 15:04:17,178.92599487304688,83.13999938964844,2.5139999389648438
2026-05-03 15:09:19,164.19400024414062,84.34500122070312,2.3399999141693115
2026-05-03 15:14:21,167.35499572753906,84.86000061035156,2.4000000953674316
2026-05-03 15:19:23,159.47900390625,85.67400360107422,2.309000015258789
2026-05-03 15:24:25,172.2469940185547,82.91400146484375,2.4140000343322754
2026-05-03 15:29:27,169.97500610351562,83.33000183105469,2.3940000534057617
2026-05-03 15:34:29,215.906005859375,80.60399627685547,2.940999984741211
2026-05-03 15:39:31,260.6789855957031,79.89700317382812,3.5199999809265137
2026-05-03 15:44:33,248.10299682617188,79.78399658203125,3.3450000286102295
2026-05-03 15:49:35,267.4949951171875,80.05500030517578,3.61899995803833
2026-05-03 15:54:37,287.2229919433594,78.36699676513672,3.803999900817871
2026-05-03 15:59:39,182.7469940185547,79.60399627685547,2.4590001106262207
2026-05-03 16:04:41,155.927001953125,81.2959976196289,2.1419999599456787
2026-05-03 16:09:43,143.93099975585938,82.96099853515625,2.0179998874664307
2026-05-03 16:14:45,116.64700317382812,83.42400360107422,1.6449999809265137
2026-05-03 16:19:47,94.89099884033203,87.61900329589844,1.4049999713897705
2026-05-03 16:24:49,89.29100036621094,85.01699829101562,1.2829999923706055
2026-05-03 16:29:51,84.51399993896484,85.87699890136719,1.2269999980926514
2026-05-03 16:34:53,83.48600006103516,86.31600189208984,1.218000054359436
2026-05-03 16:39:55,94.375,84.89099884033203,1.3539999723434448
2026-05-03 16:44:57,98.08200073242188,85.94999694824219,1.4249999523162842
2026-05-03 16:49:59,92.71499633789062,84.7750015258789,1.3279999494552612
2026-05-03 16:55:01,90.91000366210938,85.76499938964844,1.3179999589920044
2026-05-03 17:00:03,89.84200286865234,83.63099670410156,1.2699999809265137
2026-05-03 17:05:05,91.16300201416016,82.8489990234375,1.2760000228881836
2026-05-03 17:10:07,99.30500030517578,84.42900085449219,1.4170000553131104
2026-05-03 17:15:09,98.1760025024414,82.48600006103516,1.36899995803833
2026-05-03 17:20:11,97.89299774169922,83.7699966430664,1.3860000371932983
2026-05-03 17:25:13,97.3550033569336,84.5479965209961,1.3910000324249268
2026-05-03 17:30:15,102.4000015258789,84.88500213623047,1.468999981880188
2026-05-03 17:35:17,96.09600067138672,85.67400360107422,1.3910000324249268
2026-05-03 17:40:19,96.29499816894531,84.10399627685547,1.36899995803833
2026-05-03 17:45:21,100.58100128173828,82.8489990234375,1.4079999923706055
2026-05-03 17:50:23,100.20999908447266,82.03099822998047,1.3890000581741333
2026-05-03 17:55:25,116.35399627685547,82.64900207519531,1.625
2026-05-03 18:00:27,124.97599792480469,81.20800018310547,1.715000033378601
2026-05-03 18:05:29,116.302001953125,81.11000061035156,1.593999981880188
2026-05-03 18:10:30,103.14099884033203,82.87100219726562,1.4450000524520874
2026-05-03 18:15:32,102.78600311279297,82.11299896240234,1.4259999990463257
2026-05-03 18:20:34,105.18199920654297,81.69300079345703,1.4520000219345093
2026-05-03 18:25:36,105.50599670410156,81.11100006103516,1.4459999799728394
2026-05-03 18:30:38,95.86599731445312,81.30699920654297,1.3170000314712524
2026-05-03 18:35:40,95.61100006103516,81.65899658203125,1.319000005722046
2026-05-03 18:40:42,98.5260009765625,80.26200103759766,1.3359999656677246
2026-05-03 18:45:44,95.04000091552734,81.08000183105469,1.3020000457763672
2026-05-03 18:50:46,89.36000061035156,82.91400146484375,1.2519999742507935
2026-05-03 18:55:48,79.41500091552734,81.16999816894531,1.0889999866485596
2026-05-03 19:00:50,74.56600189208984,80.5459976196289,1.0149999856948853
2026-05-03 19:05:52,67.97899627685547,80.69300079345703,0.9269999861717224
2026-05-03 19:10:54,53.7760009765625,81.4800033569336,0.7409999966621399
2026-05-03 19:15:56,45.722999572753906,81.55500030517578,0.6299999952316284
2026-05-03 19:20:58,40.02299880981445,85.73799896240234,0.5799999833106995
2026-05-03 19:26:00,36.983001708984375,81.32599639892578,0.5080000162124634
2026-05-03 19:31:02,36.082000732421875,79.72799682617188,0.4860000014305115
2026-05-03 19:36:04,33.56999969482422,80.8759994506836,0.45899999141693115
2026-05-03 19:41:06,31.29800033569336,81.48699951171875,0.4309999942779541
2026-05-03 19:46:08,29.660999298095703,78.84200286865234,0.39500001072883606
2026-05-03 19:51:10,21.288999557495117,76.875,0.2770000100135803
2026-05-03 19:56:12,14.029999732971191,91.58200073242188,0.21699999272823334
2026-05-03 20:01:14,9.934000015258789,78.38300323486328,0.13199999928474426
2026-05-03 20:06:16,9.887999534606934,33.52899932861328,0.0560000017285347
2026-05-03 20:16:20,8.809000015258789,-0.012000000104308128,0.0
2026-05-03 20:21:22,8.024999618530273,0.03500000014901161,0.0
2026-05-03 20:26:24,6.75,0.32100000977516174,0.0
2026-05-03 20:31:26,4.992000102996826,0.37599998712539673,0.0
2026-05-03 20:36:28,3.3369998931884766,0.3160000145435333,0.0
2026-05-03 20:41:30,1.6299999952316284,0.36500000953674316,0.0
2026-05-03 20:46:32,0.3089999854564667,0.3490000069141388,0.0
2026-05-04 06:20:42,0.3089999854564667,0.3490000069141388,0.0
2026-05-04 06:25:44,1.440000057220459,0.039000000804662704,0.0
2026-05-04 06:30:46,2.36299991607666,-0.010999999940395355,0.0
2026-05-04 06:35:48,3.7739999294281006,0.05000000074505806,0.0
2026-05-04 06:40:50,4.922999858856201,0.017999999225139618,0.0
2026-05-04 06:45:52,6.285999774932861,0.05000000074505806,0.0
2026-05-04 06:50:54,7.730000019073486,0.03700000047683716,0.0
2026-05-04 06:55:56,11.199999809265137,0.009999999776482582,0.0
2026-05-04 07:00:58,13.026000022888184,0.009999999776482582,0.0
2026-05-04 07:06:00,13.093000411987305,0.008999999612569809,0.0
2026-05-04 07:11:02,15.015000343322754,0.026000000536441803,0.0
2026-05-04 07:16:04,17.423999786376953,0.0020000000949949026,0.0
2026-05-04 07:21:06,18.80500030517578,0.004999999888241291,0.0
2026-05-04 07:26:08,19.243000030517578,0.006000000052154064,0.0
2026-05-04 07:31:10,23.20199966430664,0.0020000000949949026,0.0
2026-05-04 07:41:14,35.87699890136719,0.003000000026077032,0.0
2026-05-04 07:46:16,46.23099899291992,-0.0010000000474974513,0.0
2026-05-04 07:51:18,51.74599838256836,0.003000000026077032,0.0
2026-05-04 07:56:20,58.23099899291992,-0.0010000000474974513,0.0
2026-05-04 08:01:22,72.81400299072266,-0.0020000000949949026,0.0
2026-05-04 08:06:24,83.60199737548828,-0.0010000000474974513,0.0
2026-05-04 08:11:26,88.78600311279297,0.004000000189989805,0.0
2026-05-04 08:16:28,95.04499816894531,0.0010000000474974513,0.0
2026-05-04 08:21:30,100.40699768066406,0.0020000000949949026,0.0
2026-05-04 08:26:32,99.9219970703125,-0.0020000000949949026,0.0
2026-05-04 08:31:34,107.35099792480469,0.003000000026077032,0.0
2026-05-04 08:36:36,127.0770034790039,0.0,0.0
2026-05-04 08:41:38,138.71499633789062,0.0010000000474974513,0.0
2026-05-04 08:46:40,159.72300720214844,0.0020000000949949026,0.0
2026-05-04 08:51:42,179.0330047607422,74.63999938964844,2.257999897003174
2026-05-04 08:56:44,211.9340057373047,70.60600280761719,2.5290000438690186
2026-05-04 09:01:46,204.7729949951172,47.402000427246094,1.6399999856948853
2026-05-04 09:06:48,241.8699951171875,66.91000366210938,2.734999895095825
2026-05-04 09:11:50,177.1909942626953,71.65799713134766,2.1459999084472656
2026-05-04 09:16:52,160.69700622558594,74.97699737548828,2.0360000133514404
2026-05-04 09:21:54,172.39100646972656,73.33300018310547,2.135999917984009
2026-05-04 09:26:56,200.5050048828125,72.17400360107422,2.446000099182129
2026-05-04 09:31:58,261.114990234375,57.64899826049805,2.5439999103546143
2026-05-04 09:37:00,271.34600830078125,65.86100006103516,3.0199999809265137
2026-05-04 09:42:02,264.4179992675781,72.01699829101562,3.2179999351501465
2026-05-04 09:47:04,308.0140075683594,71.85700225830078,3.740000009536743
2026-05-04 09:52:06,329.87200927734375,71.37899780273438,3.9790000915527344
2026-05-04 09:57:08,354.3789978027344,71.3740005493164,4.275000095367432
2026-05-04 10:02:10,320.9389953613281,72.98600006103516,3.9590001106262207
2026-05-04 10:07:12,346.55999755859375,71.93900299072266,4.2129998207092285
2026-05-04 10:12:14,302.1990051269531,73.29399871826172,3.743000030517578
2026-05-04 10:17:15,259.4079895019531,75.87699890136719,3.3259999752044678
2026-05-04 10:22:17,254.6719970703125,76.24800109863281,3.2820000648498535
2026-05-04 10:27:19,297.82598876953125,73.5770034790039,3.703000068664551
2026-05-04 10:32:21,332.82501220703125,71.95500183105469,4.046999931335449
2026-05-04 10:37:23,370.4230041503906,73.11900329589844,4.577000141143799
2026-05-04 10:42:25,368.9989929199219,72.84500122070312,4.543000221252441
2026-05-04 10:47:27,438.6969909667969,70.7509994506836,5.244999885559082
2026-05-04 10:52:29,455.2300109863281,66.91000366210938,5.1479997634887695
2026-05-04 10:57:31,335.0989990234375,73.73100280761719,4.176000118255615
2026-05-04 11:02:33,224.7449951171875,75.80899810791016,2.878999948501587
2026-05-04 11:07:35,253.78500366210938,76.8550033569336,3.2960000038146973
2026-05-04 11:12:37,223.68699645996094,78.81400299072266,2.9790000915527344
2026-05-04 11:17:39,233.22300720214844,79.28600311279297,3.125
2026-05-04 11:22:41,293.4670104980469,79.44300079345703,3.940000057220459
2026-05-04 11:27:43,274.40899658203125,78.95099639892578,3.6610000133514404
2026-05-04 11:32:45,238.2100067138672,80.40399932861328,3.236999988555908
2026-05-04 11:37:47,233.1790008544922,80.97599792480469,3.190999984741211
2026-05-04 11:42:49,237.1699981689453,79.22799682617188,3.1760001182556152
2026-05-04 11:47:51,218.23800659179688,81.06700134277344,2.990000009536743
2026-05-04 11:52:53,199.9219970703125,80.12699890136719,2.7070000171661377
2026-05-04 11:57:55,235.14999389648438,81.4000015258789,3.234999895095825
2026-05-04 11:59:31,247.19500732421875,80.95500183105469,3.381999969482422
2026-05-04 12:04:33,240.4409942626953,80.04100036621094,3.252000093460083
2026-05-04 12:09:35,235.86399841308594,80.302001953125,3.2009999752044678
2026-05-04 12:14:37,249.1179962158203,80.00299835205078,3.368000030517578
2026-05-04 12:19:39,256.54400634765625,80.9469985961914,3.509999990463257
2026-05-04 12:24:41,287.3169860839844,80.64900207519531,3.9159998893737793
2026-05-04 12:29:43,306.76800537109375,78.9219970703125,4.0920000076293945
2026-05-04 12:34:45,270.14898681640625,80.39299774169922,3.6700000762939453
2026-05-04 12:39:47,233.16299438476562,86.2490005493164,3.3989999294281006
2026-05-04 12:44:49,193.11300659179688,79.6780014038086,2.5999999046325684
2026-05-04 12:49:51,202.2830047607422,82.93299865722656,2.8350000381469727
2026-05-04 12:54:53,174.43699645996094,81.52799987792969,2.4030001163482666
2026-05-04 12:59:55,196.75,82.42400360107422,2.740999937057495
2026-05-04 13:04:57,201.13099670410156,83.54100036621094,2.8399999141693115
2026-05-04 13:09:59,158.02499389648438,83.88200378417969,2.240000009536743
2026-05-04 13:15:01,112.1050033569336,84.84700012207031,1.6069999933242798
2026-05-04 13:20:03,126.66999816894531,87.24700164794922,1.8680000305175781
2026-05-04 13:43:48,131.8990020751953,86.74500274658203,1.934000015258789
2026-05-04 13:48:50,135.80299377441406,86.54900360107422,1.9859999418258667
2026-05-04 13:53:52,134.5260009765625,86.76699829101562,1.9730000495910645
2026-05-04 13:58:54,124.74500274658203,87.95800018310547,1.8539999723434448
2026-05-04 14:03:56,137.27999877929688,87.3030014038086,2.0250000953674316
2026-05-04 14:08:58,166.71299743652344,87.38700103759766,2.4619998931884766
2026-05-04 14:14:00,174.31100463867188,86.4469985961914,2.546999931335449
2026-05-04 14:19:02,178.6060028076172,85.9530029296875,2.5940001010894775
2026-05-04 14:24:04,154.47799682617188,85.3489990234375,2.2279999256134033
2026-05-04 14:29:06,128.94400024414062,86.56800079345703,1.8860000371932983
2026-05-04 14:34:08,126.84600067138672,86.68299865722656,1.8580000400543213
2026-05-04 14:39:10,134.20799255371094,87.42400360107422,1.9830000400543213
2026-05-04 14:44:12,151.40199279785156,85.79499816894531,2.194999933242798
2026-05-04 14:49:14,162.21299743652344,86.15299987792969,2.361999988555908
2026-05-04 14:54:16,158.0780029296875,87.14800262451172,2.328000068664551
2026-05-04 14:59:18,125.41500091552734,88.22699737548828,1.8700000047683716
2026-05-04 15:04:20,118.80000305175781,88.03700256347656,1.7680000066757202
2026-05-04 15:09:22,122.302001953125,87.88200378417969,1.815999984741211
2026-05-04 15:14:24,125.9729995727539,89.75599670410156,1.9110000133514404
2026-05-04 15:19:26,118.13500213623047,87.24600219726562,1.7419999837875366
2026-05-04 15:24:28,109.69400024414062,87.66999816894531,1.625
2026-05-04 15:29:30,118.70600128173828,88.26000213623047,1.7710000276565552
2026-05-04 15:34:32,116.9209976196289,87.83899688720703,1.7359999418258667
2026-05-04 15:39:34,116.96499633789062,89.26799774169922,1.7649999856948853
2026-05-04 15:44:36,107.50599670410156,88.55400085449219,1.6089999675750732
2026-05-04 15:49:38,107.18399810791016,89.60800170898438,1.6230000257492065
2026-05-04 15:54:40,98.5510025024414,89.23300170898438,1.4859999418258667
2026-05-04 15:59:42,86.3270034790039,89.06300354003906,1.2990000247955322
2026-05-04 16:04:44,70.71199798583984,91.47100067138672,1.093000054359436
2026-05-04 16:09:46,68.29299926757812,94.55899810791016,1.090999960899353
2026-05-04 16:14:48,59.319000244140625,85.86299896240234,0.8610000014305115
2026-05-04 16:19:50,74.13500213623047,88.56300354003906,1.1100000143051147
2026-05-04 16:24:52,76.93699645996094,89.39199829101562,1.1619999408721924
2026-05-04 16:29:54,58.8390007019043,92.24299621582031,0.9169999957084656
2026-05-04 16:34:56,52.17100143432617,89.39800262451172,0.7879999876022339
2026-05-04 16:39:58,67.98400115966797,89.3479995727539,1.0269999504089355
2026-05-04 16:45:00,68.8270034790039,89.1760025024414,1.0369999408721924
2026-05-04 16:50:02,62.077999114990234,88.2229995727539,0.9259999990463257
2026-05-04 16:55:04,60.63800048828125,85.68599700927734,0.878000020980835
2026-05-04 17:00:06,68.74299621582031,87.82499694824219,1.0199999809265137
2026-05-04 17:05:07,71.99800109863281,86.80599975585938,1.055999994277954
2026-05-04 17:10:09,90.25800323486328,84.65599822998047,1.2910000085830688
2026-05-04 17:15:11,103.08599853515625,83.07499694824219,1.4470000267028809
2026-05-04 17:20:13,93.56099700927734,80.62000274658203,1.274999976158142
2026-05-04 17:25:15,77.8740005493164,80.36399841308594,1.0579999685287476
2026-05-04 17:30:17,77.19499969482422,80.09200286865234,1.0449999570846558
2026-05-04 17:35:19,70.88700103759766,82.11499786376953,0.984000027179718
2026-05-04 17:40:21,64.43000030517578,79.91100311279297,0.8700000047683716
2026-05-04 17:45:23,80.84600067138672,81.75199890136719,1.1169999837875366
2026-05-04 17:50:25,74.15299987792969,81.71900177001953,1.0240000486373901
2026-05-04 17:55:27,52.86899948120117,80.87999725341797,0.7229999899864197
2026-05-04 18:00:29,53.04199981689453,80.25,0.718999981880188
2026-05-04 18:05:31,84.2239990234375,82.14900207519531,1.1690000295639038
2026-05-04 18:10:33,96.28299713134766,82.30599975585938,1.3389999866485596
2026-05-04 18:15:35,84.36299896240234,82.24299621582031,1.1729999780654907
2026-05-04 18:20:37,55.275001525878906,81.35900115966797,0.7599999904632568
2026-05-04 18:25:39,46.75699996948242,82.2249984741211,0.6499999761581421
2026-05-04 18:30:41,43.10900115966797,81.84700012207031,0.5960000157356262
2026-05-04 18:35:43,40.2140007019043,84.2979965209961,0.5730000138282776
2026-05-04 18:40:45,48.321998596191406,80.802001953125,0.6600000262260437
2026-05-04 18:45:47,58.55799865722656,81.33499908447266,0.8050000071525574
2026-05-04 18:50:49,71.16100311279297,81.36799621582031,0.9789999723434448
2026-05-04 18:55:51,69.48300170898438,80.50800323486328,0.9449999928474426
2026-05-04 19:00:53,70.80000305175781,79.31300354003906,0.9490000009536743
2026-05-04 19:05:55,83.51200103759766,78.76799774169922,1.1119999885559082
2026-05-04 19:10:57,74.83899688720703,81.43000030517578,1.0299999713897705
2026-05-04 19:15:59,60.44300079345703,75.45099639892578,0.7710000276565552
2026-05-04 19:21:01,64.427001953125,82.0009994506836,0.8930000066757202
2026-05-04 19:26:03,65.68499755859375,79.78500366210938,0.8859999775886536
2026-05-04 19:31:05,43.805999755859375,77.91699981689453,0.5770000219345093
2026-05-04 19:36:07,33.25,82.35700225830078,0.46299999952316284
2026-05-04 19:41:09,28.97599983215332,81.97799682617188,0.4009999930858612
2026-05-04 19:46:11,21.503000259399414,71.93699645996094,0.26100000739097595
2026-05-04 19:51:13,17.874000549316406,76.69300079345703,0.23199999332427979
2026-05-04 19:56:15,15.89900016784668,81.447998046875,0.21899999678134918
2026-05-04 20:01:17,13.114999771118164,75.78500366210938,0.1679999977350235
2026-05-04 20:06:19,10.562000274658203,63.46500015258789,0.11299999803304672
2026-05-04 20:11:21,8.359000205993652,54.926998138427734,0.07800000160932541
2026-05-04 20:16:23,7.406000137329102,12.842000007629395,0.01600000075995922
2026-05-04 20:21:25,7.7170000076293945,16.023000717163086,0.020999999716877937
2026-05-04 20:26:27,7.255000114440918,9.918999671936035,0.012000000104308128
2026-05-04 20:31:29,5.735000133514404,0.33500000834465027,0.0
2026-05-04 20:36:31,4.1620001792907715,0.3109999895095825,0.0
2026-05-04 20:41:33,2.632999897003174,0.35899999737739563,0.0
2026-05-04 20:46:35,1.3229999542236328,0.08900000154972076,0.0
2026-05-05 06:14:00,1.3229999542236328,0.08900000154972076,0.0
2026-05-05 06:19:02,1.4559999704360962,0.13600000739097595,0.0
2026-05-05 06:24:04,2.687999963760376,0.041999999433755875,0.0
2026-05-05 06:29:06,3.2709999084472656,-0.023000000044703484,0.0
2026-05-05 06:34:08,3.069999933242798,-0.017999999225139618,0.0
2026-05-05 06:39:10,2.368000030517578,0.04800000041723251,0.0
2026-05-05 06:44:12,1.7940000295639038,-0.04699999839067459,0.0
2026-05-05 06:49:14,2.5260000228881836,0.2329999953508377,0.0
2026-05-05 06:54:16,2.7339999675750732,-0.04100000113248825,0.0
2026-05-05 06:59:18,2.8369998931884766,0.08500000089406967,0.0
2026-05-05 07:04:20,4.632999897003174,0.0430000014603138,0.0
2026-05-05 07:09:22,5.813000202178955,0.03700000047683716,0.0
2026-05-05 07:14:24,9.010000228881836,0.017999999225139618,0.0
2026-05-05 07:19:26,9.847000122070312,0.024000000208616257,0.0
2026-05-05 07:24:28,11.706999778747559,0.009999999776482582,0.0
2026-05-05 07:29:30,9.8100004196167,-0.006000000052154064,0.0
2026-05-05 07:34:32,11.305000305175781,0.020999999716877937,0.0
2026-05-05 07:39:34,12.862000465393066,-0.004000000189989805,0.0
2026-05-05 07:44:36,18.597000122070312,0.010999999940395355,0.0
2026-05-05 07:49:38,21.177000045776367,0.004999999888241291,0.0
2026-05-05 08:04:44,34.07500076293945,0.004999999888241291,0.0
2026-05-05 08:09:46,35.82600021362305,-0.003000000026077032,0.0
2026-05-05 08:14:48,38.130001068115234,0.004999999888241291,0.0
2026-05-05 08:19:50,45.3650016784668,-0.004000000189989805,0.0
2026-05-05 08:24:52,53.34400177001953,0.0020000000949949026,0.0
2026-05-05 08:34:56,84.1259994506836,-0.0020000000949949026,0.0
2026-05-05 08:39:58,106.7249984741211,75.5719985961914,1.3630000352859497
2026-05-05 08:45:00,125.55899810791016,75.43199920654297,1.6009999513626099
2026-05-05 08:50:02,130.41799926757812,79.11100006103516,1.74399995803833
2026-05-05 08:55:04,137.2729949951172,74.427001953125,1.7269999980926514
2026-05-05 09:00:06,135.29600524902344,70.38400268554688,1.6089999675750732
2026-05-05 09:05:08,126.5250015258789,78.10299682617188,1.6699999570846558
2026-05-05 09:10:10,110.38600158691406,78.05999755859375,1.4559999704360962
2026-05-05 09:15:12,126.2239990234375,81.11199951171875,1.7300000190734863
2026-05-05 09:20:14,129.58900451660156,81.50499725341797,1.784999966621399
2026-05-05 09:25:15,131.7259979248047,79.80899810791016,1.7769999504089355
2026-05-05 09:30:17,146.66700744628906,79.86499786376953,1.9800000190734863
2026-05-05 09:35:19,143.13600158691406,80.15399932861328,1.9390000104904175
2026-05-05 09:40:21,147.25900268554688,79.9469985961914,1.9900000095367432
2026-05-05 09:45:23,149.44900512695312,79.83999633789062,2.0169999599456787
2026-05-05 09:50:25,141.7259979248047,80.06600189208984,1.9179999828338623
2026-05-05 09:55:27,111.38500213623047,83.0510025024414,1.562999963760376
2026-05-05 10:00:29,136.31300354003906,82.4489974975586,1.8990000486373901
2026-05-05 10:05:31,157.87899780273438,80.96900177001953,2.1600000858306885
2026-05-05 10:10:33,158.81399536132812,81.47000122070312,2.187000036239624
2026-05-05 10:15:35,144.7429962158203,82.2239990234375,2.010999917984009
2026-05-05 10:20:37,164.4149932861328,82.30899810791016,2.2869999408721924
2026-05-05 10:25:39,257.80999755859375,78.93399810791016,3.438999891281128
2026-05-05 10:30:41,214.08200073242188,79.75,2.884999990463257
2026-05-05 10:35:43,161.4510040283203,81.64700317382812,2.2279999256134033
2026-05-05 10:40:45,135.3939971923828,84.38999938964844,1.930999994277954
2026-05-05 10:45:47,134.56199645996094,86.6449966430664,1.9700000286102295
2026-05-05 10:50:49,135.7530059814453,79.83200073242188,1.8320000171661377
2026-05-05 10:55:51,107.99800109863281,84.76799774169922,1.5470000505447388
2026-05-05 11:00:53,154.53700256347656,82.70600128173828,2.1600000858306885
2026-05-05 11:05:55,186.447998046875,81.46900177001953,2.566999912261963
2026-05-05 11:10:57,281.7550048828125,78.99500274658203,3.760999917984009
2026-05-05 11:15:59,406.8479919433594,76.16300201416016,5.236999988555908
2026-05-05 11:21:01,235.125,78.86199951171875,3.134000062942505
2026-05-05 11:26:03,189.5570068359375,80.28299713134766,2.572000026702881
2026-05-05 11:31:05,232.0070037841797,81.27799987792969,3.187000036239624
2026-05-05 11:36:07,248.5050048828125,78.58699798583984,3.299999952316284
2026-05-05 11:41:09,289.32598876953125,79.54499816894531,3.8889999389648438
2026-05-05 11:46:11,241.0290069580078,79.96299743652344,3.256999969482422
2026-05-05 11:51:13,211.85299682617188,79.98899841308594,2.864000082015991
2026-05-05 11:56:15,196.16700744628906,79.59400177001953,2.6389999389648438
2026-05-05 12:01:17,173.94500732421875,84.21399688720703,2.4760000705718994
2026-05-05 12:06:19,186.0780029296875,82.08100128173828,2.5810000896453857
2026-05-05 12:11:21,201.5290069580078,80.85700225830078,2.753999948501587
2026-05-05 12:16:23,233.572998046875,80.63800048828125,3.183000087738037
2026-05-05 12:21:25,322.97601318359375,79.63400268554688,4.3470001220703125
2026-05-05 12:26:27,433.0610046386719,77.14600372314453,5.645999908447266
2026-05-05 12:31:29,479.0350036621094,75.36199951171875,6.10099983215332
2026-05-05 12:36:31,810.5759887695312,68.08200073242188,9.326000213623047
2026-05-05 12:41:33,531.2659912109375,73.86799621582031,6.631999969482422
2026-05-05 12:46:35,486.6610107421875,76.67500305175781,6.306000232696533
2026-05-05 12:51:37,308.0790100097656,77.072998046875,4.013000011444092
2026-05-05 12:56:39,339.70599365234375,77.06800079345703,4.423999786376953
2026-05-05 13:01:41,634.0659790039062,76.29100036621094,8.175000190734863
2026-05-05 13:06:43,777.1920166015625,70.5719985961914,9.269000053405762
2026-05-05 13:11:45,454.10699462890625,72.98100280761719,5.60099983215332
2026-05-05 13:16:47,549.9730224609375,75.35600280761719,7.004000186920166
2026-05-05 13:21:49,997.5469970703125,47.474998474121094,8.003999710083008
2026-05-05 13:45:42,570.6699829101562,72.56099700927734,6.998000144958496
2026-05-05 13:50:44,423.5950012207031,78.7979965209961,5.640999794006348
2026-05-05 13:55:46,206.75399780273438,90.02799987792969,3.1459999084472656
2026-05-05 14:00:48,104.09400177001953,82.2979965209961,1.4479999542236328
2026-05-05 14:05:50,147.48300170898438,86.7750015258789,2.1630001068115234
2026-05-05 14:10:52,136.1929931640625,86.37899780273438,1.9880000352859497
2026-05-05 14:15:54,73.47899627685547,92.29100036621094,1.1460000276565552
2026-05-05 14:20:56,59.63199996948242,92.70099639892578,0.9340000152587891
2026-05-05 14:25:58,72.0250015258789,96.06999969482422,1.1690000295639038
2026-05-05 14:31:00,64.36599731445312,94.56099700927734,1.0290000438690186
2026-05-05 14:36:02,58.194000244140625,10.47700023651123,0.10300000011920929
2026-05-05 14:41:04,57.24300003051758,11.607999801635742,0.1120000034570694
2026-05-05 14:46:06,55.39899826049805,79.71099853515625,0.7459999918937683
2026-05-05 14:51:08,76.52100372314453,66.06099700927734,0.8539999723434448
2026-05-05 14:56:10,129.62100219726562,78.28299713134766,1.715000033378601
2026-05-05 15:01:12,113.3489990234375,79.92900085449219,1.531000018119812
2026-05-05 15:06:14,132.04600524902344,73.27799987792969,1.6349999904632568
2026-05-05 15:11:16,149.37600708007812,74.97799682617188,1.8930000066757202
2026-05-05 15:16:18,201.26600646972656,74.34400177001953,2.5290000438690186
2026-05-05 15:21:20,275.95001220703125,77.68599700927734,3.622999906539917
2026-05-05 15:26:22,269.614013671875,79.19100189208984,3.6080000400543213
2026-05-05 15:31:24,219.2270050048828,78.177001953125,2.8959999084472656
2026-05-05 15:36:26,265.65899658203125,78.01300048828125,3.502000093460083
2026-05-05 15:41:28,201.9149932861328,78.5479965209961,2.680000066757202
2026-05-05 15:46:30,181.4929962158203,77.2699966430664,2.369999885559082
2026-05-05 15:51:32,176.8209991455078,77.43599700927734,2.313999891281128
2026-05-05 15:56:34,215.60899353027344,76.26499938964844,2.7790000438690186
2026-05-05 16:01:36,268.76800537109375,75.7509994506836,3.440999984741211
2026-05-05 16:06:38,322.9169921875,76.9020004272461,4.197000026702881
2026-05-05 16:11:40,305.81500244140625,75.40599822998047,3.8970000743865967
2026-05-05 16:16:42,290.7200012207031,76.78900146484375,3.7730000019073486
2026-05-05 16:21:44,265.572998046875,74.23100280761719,3.3320000171661377
2026-05-05 16:26:46,174.48699951171875,78.03900146484375,2.3010001182556152
2026-05-05 16:31:48,146.16000366210938,78.12699890136719,1.9299999475479126
2026-05-05 16:36:50,139.30299377441406,82.48799896240234,1.9420000314712524
2026-05-05 16:41:52,148.70899963378906,79.9469985961914,2.009000062942505
2026-05-05 16:46:54,148.56500244140625,81.26899719238281,2.0399999618530273
2026-05-05 16:51:56,134.70599365234375,80.37799835205078,1.8300000429153442
2026-05-05 16:56:58,145.79200744628906,80.09300231933594,1.9730000495910645
2026-05-05 17:02:00,152.39300537109375,79.39600372314453,2.0450000762939453
2026-05-05 17:07:02,151.8719940185547,78.93900299072266,2.0260000228881836
2026-05-05 17:12:04,159.74400329589844,78.86199951171875,2.128999948501587
2026-05-05 17:17:05,150.86599731445312,77.5260009765625,1.9769999980926514
2026-05-05 17:22:07,156.51400756835938,77.88600158691406,2.059999942779541
2026-05-05 17:27:09,201.80099487304688,74.02899932861328,2.5250000953674316
2026-05-05 17:32:11,263.53399658203125,77.14199829101562,3.436000108718872
2026-05-05 17:37:13,548.6240234375,60.689998626708984,5.626999855041504
2026-05-05 17:42:15,520.614990234375,61.14400100708008,5.380000114440918
2026-05-05 17:47:17,591.0670166015625,58.88100051879883,5.881999969482422
2026-05-05 17:52:19,239.64999389648438,73.22699737548828,2.9660000801086426
2026-05-05 17:57:21,113.73899841308594,82.19200134277344,1.5800000429153442
2026-05-05 18:02:23,34.847999572753906,88.37699890136719,0.5199999809265137
2026-05-05 18:07:25,29.922000885009766,85.4749984741211,0.4320000112056732
2026-05-05 18:12:27,35.89699935913086,90.98300170898438,0.5519999861717224
2026-05-05 18:17:29,77.24099731445312,83.31600189208984,1.0880000591278076
2026-05-05 18:22:31,69.33899688720703,82.22899627685547,0.9639999866485596
2026-05-05 18:27:33,79.20500183105469,79.16400146484375,1.059999942779541
2026-05-05 18:32:35,90.9530029296875,83.16400146484375,1.277999997138977
2026-05-05 18:37:37,77.35800170898438,83.54499816894531,1.0920000076293945
2026-05-05 18:42:39,61.25899887084961,79.64700317382812,0.824999988079071
2026-05-05 18:47:41,49.797000885009766,77.91300201416016,0.656000018119812
2026-05-05 18:52:43,49.970001220703125,82.20999908447266,0.6940000057220459
2026-05-05 18:57:45,58.24599838256836,79.83100128173828,0.7860000133514404
2026-05-05 19:02:47,41.18899917602539,79.66000366210938,0.5550000071525574
2026-05-05 19:07:49,43.7140007019043,79.51300048828125,0.5870000123977661
2026-05-05 19:12:51,45.02399826049805,78.74299621582031,0.5989999771118164
2026-05-05 19:17:53,43.91999816894531,80.09400177001953,0.593999981880188
2026-05-05 19:22:55,38.388999938964844,76.29499816894531,0.4950000047683716
2026-05-05 19:27:57,39.34600067138672,79.61199951171875,0.5289999842643738
2026-05-05 19:32:59,37.83100128173828,79.47799682617188,0.5080000162124634
2026-05-05 19:38:01,36.99399948120117,78.05500030517578,0.4880000054836273
2026-05-05 19:43:03,35.191001892089844,74.01699829101562,0.4399999976158142
2026-05-05 19:48:05,35.946998596191406,73.81700134277344,0.4480000138282776
2026-05-05 19:53:07,37.37099838256836,74.98799896240234,0.4740000069141388
2026-05-05 19:58:09,38.15999984741211,76.21399688720703,0.492000013589859
2026-05-05 20:03:11,39.09000015258789,63.784000396728516,0.42100000381469727
2026-05-05 20:08:13,35.99100112915039,71.76799774169922,0.43700000643730164
2026-05-05 20:13:15,35.24599838256836,68.2699966430664,0.40700000524520874
2026-05-05 20:18:17,35.5890007019043,66.8239974975586,0.4020000100135803
2026-05-05 20:23:19,34.132999420166016,65.79199981689453,0.3799999952316284
2026-05-05 20:28:21,32.887001037597656,68.52899932861328,0.38100001215934753
2026-05-05 20:33:23,21.79400062561035,66.1259994506836,0.24400000274181366
2026-05-05 20:38:25,11.824000358581543,66.43599700927734,0.13300000131130219
2026-05-05 20:43:27,5.160999774932861,0.2669999897480011,0.0
2026-05-05 20:48:29,1.4149999618530273,0.13199999928474426,0.0
2026-05-06 06:12:21,1.4149999618530273,0.13199999928474426,0.0
2026-05-06 06:17:23,2.63100004196167,-0.03200000151991844,0.0
2026-05-06 06:22:25,4.5920000076293945,0.04500000178813934,0.0
2026-05-06 06:27:27,6.614999771118164,-0.004000000189989805,0.0
2026-05-06 06:32:29,8.07800006866455,0.020999999716877937,0.0
2026-05-06 06:37:31,8.218999862670898,-0.006000000052154064,0.0
2026-05-06 06:42:33,11.508999824523926,0.007000000216066837,0.0
2026-05-06 06:47:35,11.670000076293945,0.013000000268220901,0.0
2026-05-06 06:52:37,17.214000701904297,-0.007000000216066837,0.0
2026-05-06 07:02:41,26.54199981689453,-0.0020000000949949026,0.0
2026-05-06 07:07:43,31.55500030517578,0.003000000026077032,0.0
2026-05-06 07:12:45,35.946998596191406,0.004999999888241291,0.0
2026-05-06 07:17:47,42.6609992980957,0.003000000026077032,0.0
2026-05-06 07:22:49,50.45600128173828,-0.003000000026077032,0.0
2026-05-06 07:27:51,54.87099838256836,-0.0010000000474974513,0.0
2026-05-06 07:32:53,55.12900161743164,50.805999755859375,0.4729999899864197
2026-05-06 07:37:55,55.867000579833984,74.90899658203125,0.7070000171661377
2026-05-06 07:42:57,54.66299819946289,72.95800018310547,0.6740000247955322
2026-05-06 07:47:59,56.44599914550781,75.11100006103516,0.7170000076293945
2026-05-06 07:53:01,70.46399688720703,75.37999725341797,0.8980000019073486
2026-05-06 07:58:03,84.05500030517578,74.06500244140625,1.0520000457763672
2026-05-06 08:03:05,81.66400146484375,75.125,1.0369999408721924
2026-05-06 08:08:07,65.74199676513672,71.22899627685547,0.7910000085830688
2026-05-06 08:13:09,63.02899932861328,71.31099700927734,0.7599999904632568
2026-05-06 08:18:11,57.06700134277344,75.76100158691406,0.7310000061988831
2026-05-06 08:23:13,50.058998107910156,73.8489990234375,0.625
2026-05-06 08:28:15,46.86600112915039,76.00700378417969,0.6019999980926514
2026-05-06 08:33:17,49.55400085449219,80.70500183105469,0.6759999990463257
2026-05-06 08:38:19,49.862998962402344,80.2249984741211,0.6759999990463257
2026-05-06 08:43:21,51.38999938964844,81.2249984741211,0.7049999833106995
2026-05-06 08:48:23,53.08300018310547,76.83899688720703,0.6890000104904175
2026-05-06 08:53:25,60.27899932861328,77.5739974975586,0.7900000214576721
2026-05-06 08:58:27,65.99500274658203,75.76599884033203,0.8450000286102295
2026-05-06 09:03:29,86.29000091552734,74.2959976196289,1.0829999446868896
2026-05-06 09:08:31,113.46499633789062,72.48899841308594,1.3899999856948853
2026-05-06 09:13:33,131.5469970703125,75.89900207519531,1.687000036239624
2026-05-06 09:18:35,140.21499633789062,76.31600189208984,1.8079999685287476
2026-05-06 09:23:37,145.4770050048828,75.26000213623047,1.850000023841858
2026-05-06 09:28:39,152.7570037841797,75.79000091552734,1.9570000171661377
2026-05-06 09:33:41,158.17100524902344,76.63400268554688,2.0490000247955322
2026-05-06 09:38:42,133.4969940185547,77.81500244140625,1.75600004196167
2026-05-06 09:43:44,107.3740005493164,78.8759994506836,1.430999994277954
2026-05-06 09:48:46,95.96499633789062,79.71299743652344,1.2929999828338623
2026-05-06 09:53:48,101.48300170898438,81.59300231933594,1.3990000486373901
2026-05-06 09:58:50,87.94400024414062,84.39700317382812,1.253999948501587
2026-05-06 10:03:52,73.24099731445312,85.552001953125,1.059000015258789
2026-05-06 10:08:54,70.64900207519531,84.48200225830078,1.0089999437332153
2026-05-06 10:13:56,70.1259994506836,85.1729965209961,1.0089999437332153
2026-05-06 10:18:58,69.11100006103516,87.0250015258789,1.0160000324249268
2026-05-06 10:24:00,57.56100082397461,86.18399810791016,0.8379999995231628
2026-05-06 10:29:02,43.24599838256836,89.83200073242188,0.6570000052452087
2026-05-06 10:34:04,41.922000885009766,90.375,0.6399999856948853
2026-05-06 10:39:06,43.518001556396484,92.09400177001953,0.6769999861717224
2026-05-06 10:44:08,35.30099868774414,90.48699951171875,0.5400000214576721
2026-05-06 10:49:10,36.54399871826172,89.92900085449219,0.5550000071525574
2026-05-06 10:54:12,40.2130012512207,93.51599884033203,0.6359999775886536
2026-05-06 10:59:14,19.83300018310547,91.13600158691406,0.3050000071525574
2026-05-06 11:04:16,27.702999114990234,89.80400085449219,0.41999998688697815
2026-05-06 11:09:18,35.63399887084961,81.44300079345703,0.49000000953674316
2026-05-06 11:14:20,46.529998779296875,100.0199966430664,0.7870000004768372
2026-05-06 11:19:22,46.98099899291992,85.81500244140625,0.6809999942779541
2026-05-06 11:24:24,40.37900161743164,103.53199768066406,0.7070000171661377
2026-05-06 11:29:26,15.835000038146973,92.77200317382812,0.24799999594688416
2026-05-06 11:34:28,46.090999603271484,93.5199966430664,0.7279999852180481
2026-05-06 11:39:30,53.446998596191406,93.75599670410156,0.847000002861023
2026-05-06 11:44:32,58.500999450683594,92.48500061035156,0.9139999747276306
2026-05-06 11:49:34,56.689998626708984,91.9530029296875,0.8809999823570251
2026-05-06 11:54:36,53.49300003051758,88.24299621582031,0.7979999780654907
2026-05-06 11:59:38,53.92599868774414,90.41899871826172,0.8240000009536743
2026-05-06 12:04:40,43.40800094604492,90.34100341796875,0.6629999876022339
2026-05-06 12:09:42,39.87200164794922,70.63999938964844,0.47600001096725464
2026-05-06 12:14:44,42.529998779296875,70.9739990234375,0.5099999904632568
2026-05-06 12:19:46,43.095001220703125,75.31400299072266,0.5490000247955322
2026-05-06 12:24:48,49.58399963378906,73.45700073242188,0.6159999966621399
2026-05-06 12:29:50,65.26300048828125,78.43599700927734,0.8650000095367432
2026-05-06 12:34:52,86.23100280761719,85.11900329589844,1.2400000095367432
2026-05-06 12:39:54,99.32599639892578,84.94300079345703,1.4259999990463257
2026-05-06 12:44:56,122.46199798583984,79.7239990234375,1.649999976158142
2026-05-06 12:49:58,144.8470001220703,82.62699890136719,2.0230000019073486
2026-05-06 12:55:00,168.20599365234375,80.73799896240234,2.2950000762939453
2026-05-06 13:00:02,209.27499389648438,81.06600189208984,2.867000102996826
2026-05-06 13:05:04,220.5780029296875,79.8550033569336,2.9769999980926514
2026-05-06 13:10:06,224.56900024414062,78.59400177001953,2.9830000400543213
2026-05-06 13:15:08,235.7100067138672,78.21299743652344,3.115999937057495
2026-05-06 13:20:10,255.31399536132812,77.75199890136719,3.3550000190734863
2026-05-06 13:43:43,155.9010009765625,80.21800231933594,2.114000082015991
2026-05-06 13:48:45,182.3730010986328,79.87899780273438,2.4619998931884766
2026-05-06 13:53:47,347.9339904785156,72.00499725341797,4.234000205993652
2026-05-06 13:58:49,355.7330017089844,77.76100158691406,4.675000190734863
2026-05-06 14:03:51,276.0690002441406,76.59300231933594,3.572999954223633
2026-05-06 14:08:53,272.91400146484375,78.42900085449219,3.617000102996826
2026-05-06 14:13:55,215.14999389648438,78.83000183105469,2.865999937057495
2026-05-06 14:18:57,172.01100158691406,81.86799621582031,2.380000114440918
2026-05-06 14:23:59,147.14500427246094,82.12799835205078,2.0420000553131104
2026-05-06 14:29:01,141.97799682617188,82.38200378417969,1.9769999980926514
2026-05-06 14:34:03,145.9290008544922,83.18399810791016,2.0510001182556152
2026-05-06 14:39:05,133.5590057373047,83.427001953125,1.8830000162124634
2026-05-06 14:44:07,123.06099700927734,83.3479995727539,1.7330000400543213
2026-05-06 14:49:09,142.5780029296875,82.8489990234375,1.996000051498413
2026-05-06 14:54:11,150.25100708007812,83.71099853515625,2.125999927520752
2026-05-06 14:59:13,138.24200439453125,81.82099914550781,1.9119999408721924
2026-05-06 15:04:15,151.11700439453125,82.60099792480469,2.109999895095825
2026-05-06 15:09:17,122.58100128173828,84.10700225830078,1.7419999837875366
2026-05-06 15:14:19,112.9280014038086,83.9469985961914,1.6019999980926514
2026-05-06 15:19:21,113.03800201416016,82.5770034790039,1.5770000219345093
2026-05-06 15:24:23,123.40799713134766,81.01300048828125,1.690000057220459
2026-05-06 15:29:25,138.92100524902344,83.01599884033203,1.9490000009536743
2026-05-06 15:34:27,130.1649932861328,83.05599975585938,1.8270000219345093
2026-05-06 15:39:29,115.88800048828125,81.65599822998047,1.5989999771118164
2026-05-06 15:44:31,125.0510025024414,83.35900115966797,1.7619999647140503
2026-05-06 15:49:33,116.85900115966797,82.65399932861328,1.6319999694824219
2026-05-06 15:54:35,102.4800033569336,81.79499816894531,1.4170000553131104
2026-05-06 15:59:37,95.38500213623047,81.33699798583984,1.3109999895095825
2026-05-06 16:04:38,116.11699676513672,81.4469985961914,1.5980000495910645
2026-05-06 16:09:40,131.7779998779297,80.51399993896484,1.7929999828338623
2026-05-06 16:14:42,129.86700439453125,82.94000244140625,1.8200000524520874
2026-05-06 16:19:44,146.61500549316406,80.79499816894531,2.002000093460083
2026-05-06 16:24:46,162.46200561523438,79.52300262451172,2.183000087738037
2026-05-06 16:29:48,151.7689971923828,80.8759994506836,2.0739998817443848
2026-05-06 16:34:50,128.93299865722656,79.30799865722656,1.7280000448226929
2026-05-06 16:39:52,106.55500030517578,79.66000366210938,1.434999942779541
2026-05-06 16:44:54,99.33699798583984,80.1989974975586,1.3459999561309814
2026-05-06 16:49:56,98.37300109863281,80.23799896240234,1.3339999914169312
2026-05-06 16:54:58,119.50399780273438,79.08399963378906,1.597000002861023
2026-05-06 17:00:00,136.94900512695312,79.59500122070312,1.8420000076293945
2026-05-06 17:05:02,135.6750030517578,77.73999786376953,1.7829999923706055
2026-05-06 17:10:04,127.09700012207031,77.57099914550781,1.6660000085830688
2026-05-06 17:15:06,122.93699645996094,75.87899780273438,1.5759999752044678
2026-05-06 17:20:08,139.218994140625,76.16799926757812,1.7920000553131104
2026-05-06 17:25:10,147.84500122070312,74.9520034790039,1.8730000257492065
2026-05-06 17:30:12,163.68499755859375,73.96199798583984,2.0460000038146973
2026-05-06 17:35:14,194.58700561523438,69.8740005493164,2.2980000972747803
2026-05-06 17:40:16,221.3070068359375,68.58499908447266,2.565000057220459
2026-05-06 17:45:18,204.74400329589844,68.16899871826172,2.3589999675750732
2026-05-06 17:50:20,146.31500244140625,76.01200103759766,1.8799999952316284
2026-05-06 17:55:22,119.31700134277344,73.30500030517578,1.4780000448226929
2026-05-06 18:00:24,120.58100128173828,76.02100372314453,1.5490000247955322
2026-05-06 18:05:26,92.91000366210938,76.52799987792969,1.2020000219345093
2026-05-06 18:10:28,86.87100219726562,82.55599975585938,1.2120000123977661
2026-05-06 18:15:30,199.89500427246094,67.50700378417969,2.2809998989105225
2026-05-06 18:20:32,69.76200103759766,75.34700012207031,0.8880000114440918
2026-05-06 18:25:34,64.76599884033203,72.93199920654297,0.7979999780654907
2026-05-06 18:30:36,102.1969985961914,70.66899871826172,1.2209999561309814
2026-05-06 18:35:38,98.04299926757812,124.21099853515625,2.058000087738037
2026-05-06 18:40:40,151.99099731445312,105.95600128173828,2.7219998836517334
2026-05-06 18:45:42,142.8780059814453,96.84400177001953,2.3380000591278076
2026-05-06 18:50:44,103.32599639892578,73.73300170898438,1.2879999876022339
2026-05-06 18:55:46,85.75299835205078,74.05799865722656,1.0729999542236328
2026-05-06 19:00:48,68.31500244140625,76.18599700927734,0.8799999952316284
2026-05-06 19:05:50,73.93800354003906,72.7229995727539,0.9089999794960022
2026-05-06 19:10:52,69.94499969482422,76.23200225830078,0.9010000228881836
2026-05-06 19:15:54,68.302001953125,73.02400207519531,0.8429999947547913
2026-05-06 19:20:56,47.805999755859375,73.53399658203125,0.593999981880188
2026-05-06 19:25:58,34.777000427246094,75.6259994506836,0.4440000057220459
2026-05-06 19:31:00,25.72100067138672,74.85299682617188,0.32499998807907104
2026-05-06 19:36:02,17.490999221801758,75.43599700927734,0.22300000488758087
2026-05-06 19:41:04,14.77299976348877,56.452999114990234,0.14100000262260437
2026-05-06 19:46:05,14.427000045776367,79.19000244140625,0.19300000369548798
2026-05-06 19:51:07,14.616999626159668,75.14299774169922,0.1860000044107437
2026-05-06 19:56:09,19.031999588012695,79.68699645996094,0.25600001215934753
2026-05-06 20:01:11,14.758000373840332,82.8290023803711,0.2070000022649765
2026-05-06 20:06:13,12.125,84.62899780273438,0.17299999296665192
2026-05-06 20:11:15,10.878000259399414,93.4260025024414,0.1720000058412552
2026-05-06 20:16:17,9.133999824523926,81.55599975585938,0.12600000202655792
2026-05-06 20:21:19,7.140999794006348,97.58100128173828,0.11800000071525574
2026-05-06 20:26:21,5.689000129699707,22.663999557495117,0.02199999988079071
2026-05-06 20:31:23,4.23799991607666,0.4650000035762787,0.0
2026-05-06 20:36:25,3.0769999027252197,0.48899999260902405,0.0
2026-05-06 20:41:27,2.122999906539917,0.4970000088214874,0.0
2026-05-06 20:46:29,0.9670000076293945,-0.05900000035762787,0.0
2026-05-07 06:10:41,0.9670000076293945,-0.05900000035762787,0.0
2026-05-07 06:15:43,1.0709999799728394,0.1379999965429306,0.0
2026-05-07 06:20:45,1.1859999895095825,0.07199999690055847,0.0
2026-05-07 06:25:47,1.534000039100647,-0.03500000014901161,0.0
2026-05-07 06:30:49,2.311000108718872,-0.03700000047683716,0.0
2026-05-07 06:35:51,3.2750000953674316,0.008999999612569809,0.0
2026-05-07 06:40:53,4.544000148773193,0.03700000047683716,0.0
2026-05-07 06:45:55,5.375999927520752,0.020999999716877937,0.0
2026-05-07 06:50:57,7.367000102996826,-0.004000000189989805,0.0
2026-05-07 06:55:59,8.821000099182129,0.026000000536441803,0.0
2026-05-07 07:01:01,9.114999771118164,0.01600000075995922,0.0
2026-05-07 07:06:03,12.904999732971191,0.013000000268220901,0.0
2026-05-07 07:11:05,14.64900016784668,0.0020000000949949026,0.0
2026-05-07 07:16:07,15.569999694824219,0.014999999664723873,0.0
2026-05-07 07:21:09,14.494000434875488,0.014000000432133675,0.0
2026-05-07 07:26:11,13.689000129699707,75.64099884033203,0.17499999701976776
2026-05-07 07:31:13,14.605999946594238,74.12699890136719,0.18299999833106995
2026-05-07 07:36:15,13.847000122070312,71.12999725341797,0.16599999368190765
2026-05-07 07:41:17,14.935999870300293,80.26899719238281,0.2029999941587448
2026-05-07 07:46:19,14.743000030517578,71.37100219726562,0.17800000309944153
2026-05-07 07:51:21,15.826000213623047,68.67900085449219,0.18400000035762787
2026-05-07 07:56:23,18.43199920654297,76.41000366210938,0.23800000548362732
2026-05-07 08:01:25,27.78700065612793,75.41799926757812,0.3540000021457672
2026-05-07 08:06:27,48.560001373291016,72.66300201416016,0.5960000157356262
2026-05-07 08:11:29,65.24800109863281,75.6969985961914,0.8349999785423279
2026-05-07 08:16:31,58.89799880981445,75.61499786376953,0.753000020980835
2026-05-07 08:21:33,67.125,75.06800079345703,0.8519999980926514
2026-05-07 08:26:35,76.65799713134766,74.58200073242188,0.9660000205039978
2026-05-07 08:31:37,98.72000122070312,75.2979965209961,1.25600004196167
2026-05-07 08:36:39,119.88600158691406,70.75299835205078,1.434000015258789
2026-05-07 08:41:41,122.75199890136719,71.1510009765625,1.4759999513626099
2026-05-07 08:46:43,135.86500549316406,73.03500366210938,1.6770000457763672
2026-05-07 08:51:45,134.5919952392578,73.75,1.6779999732971191
2026-05-07 08:56:47,141.09300231933594,71.58000183105469,1.7070000171661377
2026-05-07 09:01:49,150.36300659179688,70.9020004272461,1.8020000457763672
2026-05-07 09:06:51,147.63900756835938,72.74600219726562,1.815000057220459
2026-05-07 09:11:52,150.5489959716797,73.48699951171875,1.8700000047683716
2026-05-07 09:16:54,143.54100036621094,73.7229995727539,1.7879999876022339
2026-05-07 09:21:56,179.93600463867188,71.61900329589844,2.177999973297119
2026-05-07 09:26:58,204.95799255371094,71.9020004272461,2.490999937057495
2026-05-07 09:32:00,209.27499389648438,71.21199798583984,2.5190000534057617
2026-05-07 09:37:02,312.17401123046875,66.69599914550781,3.5190000534057617
2026-05-07 09:42:04,311.67999267578125,66.19999694824219,3.486999988555908
2026-05-07 09:47:06,698.85302734375,63.742000579833984,7.5279998779296875
2026-05-07 09:52:08,825.9359741210938,56.73500061035156,7.919000148773193
2026-05-07 09:57:10,855.5750122070312,55.49100112915039,8.02400016784668
2026-05-07 10:02:12,503.0419921875,64.66899871826172,5.498000144958496
2026-05-07 10:07:14,432.2720031738281,65.99800109863281,4.821000099182129
2026-05-07 10:12:16,372.9670104980469,69.09700012207031,4.355000019073486
2026-05-07 10:17:18,410.8269958496094,65.3550033569336,4.538000106811523
2026-05-07 10:22:20,451.2179870605469,70.74500274658203,5.394999980926514
2026-05-07 10:27:22,992.7059936523438,56.319000244140625,9.447999954223633
2026-05-07 10:32:24,1028.93701171875,54.31800079345703,9.444999694824219
2026-05-07 10:37:26,834.5120239257812,59.8650016784668,8.442999839782715
2026-05-07 10:42:28,607.031005859375,63.2130012512207,6.485000133514404
2026-05-07 10:47:30,451.81500244140625,66.9020004272461,5.107999801635742
2026-05-07 10:52:32,973.093017578125,52.69300079345703,8.666000366210938
2026-05-07 10:57:34,448.0140075683594,0.0010000000474974513,0.0
2026-05-07 11:02:36,956.8300170898438,0.0,0.0
2026-05-07 11:07:38,938.322021484375,0.0,0.0
2026-05-07 11:12:40,941.47900390625,0.0,0.0
2026-05-07 11:17:42,898.4819946289062,0.0,0.0
2026-05-07 11:22:44,969.6320190429688,0.0,0.0
2026-05-07 11:27:46,1021.9310302734375,0.0,0.0
2026-05-07 11:32:48,1086.6190185546875,0.0,0.0
2026-05-07 11:37:50,1147.6190185546875,0.0,0.0
2026-05-07 11:47:54,292.2669982910156,82.44100189208984,4.072000026702881
2026-05-07 11:52:56,365.7760009765625,83.11499786376953,5.138000011444092
2026-05-07 11:57:58,372.7359924316406,80.82099914550781,5.091000080108643
2026-05-07 12:03:00,346.7340087890625,80.30599975585938,4.705999851226807
2026-05-07 12:08:02,313.57501220703125,-0.0010000000474974513,0.0
2026-05-07 12:13:04,305.197998046875,0.0010000000474974513,0.0
2026-05-07 12:18:06,275.90899658203125,0.0,0.0
2026-05-07 12:23:08,306.0159912109375,0.0,0.0
2026-05-07 12:28:10,340.47100830078125,0.0,0.0
2026-05-07 12:33:12,436.40899658203125,0.0010000000474974513,0.0
2026-05-07 12:43:16,476.2099914550781,0.0,0.0
2026-05-07 12:48:18,1000.3380126953125,0.0,0.0
2026-05-07 12:53:20,772.9039916992188,0.0,0.0
2026-05-07 12:58:22,1229.10205078125,0.0,0.0
2026-05-07 13:03:24,632.8800048828125,0.0,0.0
2026-05-07 13:08:26,1354.4090576171875,0.0,0.0
2026-05-07 13:13:28,879.166015625,0.0,0.0
2026-05-07 13:18:30,556.7730102539062,0.0,0.0
2026-05-07 13:23:32,1410.18701171875,0.0,0.0
2026-05-07 13:47:08,551.218017578125,0.0,0.0
2026-05-07 13:52:10,269.739013671875,0.0,0.0
2026-05-07 13:57:12,265.9729919433594,0.0,0.0
2026-05-07 14:02:14,274.2969970703125,0.0,0.0
2026-05-07 14:07:16,282.4460144042969,0.0,0.0
2026-05-07 14:12:18,266.43701171875,0.0,0.0
2026-05-07 14:17:20,411.4469909667969,0.0,0.0
2026-05-07 14:22:22,262.5260009765625,0.0010000000474974513,0.0
2026-05-07 14:27:24,250.78900146484375,0.0010000000474974513,0.0
2026-05-07 14:32:26,287.42401123046875,0.0010000000474974513,0.0
2026-05-07 14:37:28,403.24798583984375,0.0,0.0
2026-05-07 14:42:30,866.8569946289062,0.0,0.0
2026-05-07 14:47:32,930.2540283203125,0.0,0.0
2026-05-07 14:57:36,536.1099853515625,0.0,0.0
2026-05-07 15:07:40,1120.2220458984375,-0.0020000000949949026,0.0
2026-05-07 15:12:42,1068.498046875,-0.003000000026077032,-0.0010000000474974513
2026-05-07 15:17:44,1014.0089721679688,0.0,0.0
2026-05-07 15:22:46,454.3590087890625,0.0,0.0
2026-05-07 15:37:51,972.031982421875,0.0,0.0
2026-05-07 15:42:53,906.6719970703125,0.0,0.0
2026-05-07 15:52:57,634.8369750976562,0.0,0.0
2026-05-07 15:57:59,343.2619934082031,0.0010000000474974513,0.0
2026-05-07 16:03:01,310.1830139160156,0.0010000000474974513,0.0
2026-05-07 16:08:03,382.614990234375,0.0,0.0
2026-05-07 16:18:07,333.6340026855469,0.0,0.0
2026-05-07 16:23:09,819.239013671875,0.0,0.0
2026-05-07 16:28:11,353.114990234375,0.0,0.0
2026-05-07 16:33:13,767.3729858398438,0.0560000017285347,0.007000000216066837
2026-05-07 16:38:15,386.7590026855469,-0.006000000052154064,0.0
2026-05-07 16:43:17,337.5249938964844,-0.003000000026077032,0.0
2026-05-07 16:48:19,767.85400390625,-0.006000000052154064,-0.0010000000474974513
2026-05-07 16:53:21,307.34600830078125,-0.006000000052154064,0.0
2026-05-07 16:58:23,446.4320068359375,-0.006000000052154064,0.0
2026-05-07 17:03:25,659.594970703125,-0.010999999940395355,-0.0010000000474974513
2026-05-07 17:08:27,576.1580200195312,-0.004999999888241291,0.0
2026-05-07 17:13:29,268.99200439453125,-0.014999999664723873,-0.0010000000474974513
2026-05-07 17:18:31,580.8460083007812,-0.006000000052154064,-0.0010000000474974513
2026-05-07 17:23:33,581.0670166015625,-0.00800000037997961,-0.0010000000474974513
2026-05-07 17:28:35,334.2239990234375,-0.004999999888241291,0.0
2026-05-07 17:33:37,504.42999267578125,-0.006000000052154064,0.0
2026-05-07 17:38:39,484.02301025390625,-0.004000000189989805,0.0
2026-05-07 17:43:41,462.6969909667969,-0.004000000189989805,0.0
2026-05-07 17:48:43,426.4960021972656,-0.004000000189989805,0.0
2026-05-07 17:53:45,340.27899169921875,-0.004000000189989805,0.0
2026-05-07 17:58:47,385.4809875488281,-0.004999999888241291,0.0
2026-05-07 18:03:49,367.30499267578125,-0.004999999888241291,0.0
2026-05-07 18:08:51,336.8210144042969,-0.004000000189989805,0.0
2026-05-07 18:13:53,317.12200927734375,-0.004000000189989805,0.0
2026-05-07 18:18:55,53.12200164794922,-0.028999999165534973,0.0
2026-05-07 18:23:57,52.15299987792969,-0.041999999433755875,0.0
2026-05-07 18:28:59,236.2899932861328,-0.007000000216066837,0.0
2026-05-07 18:34:01,50.340999603271484,0.0,0.0
2026-05-07 18:44:05,48.20600128173828,-0.0020000000949949026,0.0
2026-05-07 18:49:07,47.49300003051758,0.0010000000474974513,0.0
2026-05-07 18:54:09,47.803001403808594,0.003000000026077032,0.0
2026-05-07 19:04:13,47.40999984741211,0.004000000189989805,0.0
2026-05-07 19:09:15,45.80099868774414,0.004000000189989805,0.0
2026-05-07 19:14:17,48.15800094604492,0.0020000000949949026,0.0
2026-05-07 19:19:19,39.25400161743164,-0.006000000052154064,0.0
2026-05-07 19:24:21,41.224998474121094,-0.0010000000474974513,0.0
2026-05-07 19:29:23,41.659000396728516,-0.003000000026077032,0.0
2026-05-07 19:34:25,41.487998962402344,0.003000000026077032,0.0
2026-05-07 19:39:27,39.79199981689453,0.006000000052154064,0.0
2026-05-07 19:54:32,30.04800033569336,0.004999999888241291,0.0
2026-05-07 19:59:34,24.639999389648438,0.010999999940395355,0.0
2026-05-07 20:04:36,24.00200080871582,0.004000000189989805,0.0
2026-05-07 20:09:38,25.047000885009766,0.00800000037997961,0.0
2026-05-07 20:14:40,24.683000564575195,0.008999999612569809,0.0
2026-05-07 20:19:42,24.231000900268555,0.006000000052154064,0.0
2026-05-07 20:24:44,18.996999740600586,0.008999999612569809,0.0
2026-05-07 20:34:48,13.88599967956543,-0.006000000052154064,0.0
2026-05-07 20:39:50,11.407999992370605,0.012000000104308128,0.0
2026-05-07 20:44:52,7.886000156402588,0.035999998450279236,0.0
2026-05-07 20:49:54,3.3550000190734863,-0.04800000041723251,0.0
2026-05-08 06:10:01,3.3550000190734863,-0.04800000041723251,0.0
2026-05-08 06:15:03,5.034999847412109,0.006000000052154064,0.0
2026-05-08 06:20:05,6.880000114440918,0.004000000189989805,0.0
2026-05-08 06:25:07,9.888999938964844,0.017000000923871994,0.0
2026-05-08 06:30:09,12.480999946594238,0.004999999888241291,0.0
2026-05-08 06:35:11,15.303000450134277,0.004000000189989805,0.0
2026-05-08 06:40:13,18.906999588012695,0.0010000000474974513,0.0
2026-05-08 06:50:17,25.39900016784668,0.004000000189989805,0.0
2026-05-08 06:55:19,29.54599952697754,-0.004000000189989805,0.0
2026-05-08 07:00:21,32.62200164794922,0.004999999888241291,0.0
2026-05-08 07:05:23,35.91899871826172,0.004000000189989805,0.0
2026-05-08 07:10:25,39.90399932861328,0.003000000026077032,0.0
2026-05-08 07:15:27,43.3650016784668,0.0020000000949949026,0.0
2026-05-08 07:20:29,47.470001220703125,0.0020000000949949026,0.0
2026-05-08 07:25:31,96.08000183105469,0.0010000000474974513,0.0
2026-05-08 07:30:33,119.44000244140625,0.0010000000474974513,0.0
2026-05-08 07:35:35,129.4250030517578,-0.0010000000474974513,0.0
2026-05-08 07:40:37,144.55099487304688,0.0020000000949949026,0.0
2026-05-08 07:45:39,156.85499572753906,0.0010000000474974513,0.0
2026-05-08 07:50:41,173.2530059814453,-0.0010000000474974513,0.0
2026-05-08 07:55:43,219.67100524902344,-0.010999999940395355,0.0
2026-05-08 08:00:45,237.41700744628906,-0.004999999888241291,0.0
2026-05-08 08:05:47,250.73800659179688,-0.0010000000474974513,0.0
2026-05-08 08:10:49,260.9419860839844,0.0,0.0
2026-05-08 08:15:51,273.36700439453125,0.0010000000474974513,0.0
2026-05-08 08:20:53,305.0719909667969,-0.0010000000474974513,0.0
2026-05-08 08:25:55,318.6929931640625,-0.0010000000474974513,0.0
2026-05-08 08:30:57,343.8559875488281,0.0,0.0
2026-05-08 08:35:59,364.0690002441406,0.0,0.0
2026-05-08 08:41:01,383.1839904785156,0.0,0.0
2026-05-08 08:46:03,401.28900146484375,0.0,0.0
2026-05-08 08:51:05,420.2309875488281,0.0010000000474974513,0.0
2026-05-08 08:56:07,443.1700134277344,0.0,0.0
2026-05-08 09:01:09,463.02899169921875,0.0,0.0
2026-05-08 09:06:11,479.7349853515625,0.0,0.0
2026-05-08 09:11:13,500.2969970703125,0.0,0.0
2026-05-08 09:16:15,518.7750244140625,-0.0010000000474974513,0.0
2026-05-08 09:26:19,559.2960205078125,47.48699951171875,4.488999843597412
2026-05-08 09:31:20,576.7429809570312,17.570999145507812,1.7130000591278076
2026-05-08 09:36:22,597.9609985351562,16.007999420166016,1.6180000305175781
2026-05-08 09:41:24,613.3920288085938,8.887999534606934,0.9210000038146973
2026-05-08 09:46:26,633.7210083007812,11.081000328063965,1.187000036239624
2026-05-08 09:51:28,650.56201171875,0.0,0.0
2026-05-08 09:56:30,668.3150024414062,0.0,0.0
2026-05-08 10:01:32,688.3469848632812,0.0,0.0
2026-05-08 10:06:34,707.8690185546875,0.0,0.0
2026-05-08 10:11:36,728.5189819335938,0.0,0.0
2026-05-08 10:16:38,749.5770263671875,0.0,0.0
2026-05-08 10:21:40,767.7739868164062,0.0,0.0
2026-05-08 10:26:42,793.3369750976562,0.0,0.0
2026-05-08 10:31:44,806.052978515625,0.0,0.0
2026-05-08 10:36:46,820.6170043945312,0.0,0.0
2026-05-08 10:41:48,836.4249877929688,0.0,0.0
2026-05-08 10:46:50,854.406982421875,0.0,0.0
2026-05-08 10:51:52,864.6480102539062,0.0,0.0
2026-05-08 10:56:54,878.6649780273438,0.0,0.0
2026-05-08 11:01:56,890.760986328125,0.0,0.0
2026-05-08 11:06:58,904.3309936523438,0.0,0.0
2026-05-08 11:12:00,918.8569946289062,0.0,0.0
2026-05-08 11:17:02,930.030029296875,0.0,0.0
2026-05-08 11:22:04,939.4879760742188,0.0,0.0
2026-05-08 11:27:06,947.3209838867188,0.0,0.0
2026-05-08 11:32:08,957.6110229492188,0.0,0.0
2026-05-08 11:42:12,975.3759765625,0.0,0.0
2026-05-08 11:47:14,978.2219848632812,0.0,0.0
2026-05-08 11:52:16,990.89599609375,0.0,0.0
2026-05-08 11:57:18,1002.8049926757812,0.0,0.0
2026-05-08 12:02:20,1016.9550170898438,0.0,0.0
2026-05-08 12:07:22,1023.4810180664062,0.0,0.0
2026-05-08 12:12:24,1031.18896484375,0.0,0.0
2026-05-08 12:17:26,1035.5999755859375,0.0,0.0
2026-05-08 12:22:28,1033.35595703125,0.0,0.0
2026-05-08 12:32:32,1041.85400390625,0.0,0.0
2026-05-08 12:37:34,1053.4830322265625,0.0,0.0
2026-05-08 12:42:36,1062.2330322265625,0.0,0.0
2026-05-08 12:47:38,1063.2139892578125,0.0,0.0
2026-05-08 12:52:40,1066.72705078125,0.0,0.0
2026-05-08 12:57:42,1068.5560302734375,0.0,0.0
2026-05-08 13:02:44,1060.2010498046875,0.0,0.0
2026-05-08 13:07:46,1058.1009521484375,0.0,0.0
2026-05-08 13:12:48,1060.2099609375,0.0,0.0
2026-05-08 13:17:50,1059.81005859375,0.0,0.0
2026-05-08 13:22:52,1056.5350341796875,0.0,0.0
2026-05-08 13:51:31,1049.448974609375,0.0,0.0
2026-05-08 13:56:33,1047.0059814453125,0.0,0.0
2026-05-08 14:01:35,1045.073974609375,0.0,0.0
2026-05-08 14:06:37,1038.4820556640625,0.0,0.0
2026-05-08 14:11:39,1036.1939697265625,0.0,0.0
2026-05-08 14:16:41,1027.6729736328125,0.0,0.0
2026-05-08 14:21:43,1026.4520263671875,0.0,0.0
2026-05-08 14:26:45,1022.56201171875,0.0,0.0
2026-05-08 14:31:47,1014.6699829101562,0.0,0.0
2026-05-08 14:36:49,1007.239013671875,0.0,0.0
2026-05-08 14:41:51,998.416015625,0.0,0.0
2026-05-08 14:46:53,988.948974609375,0.0,0.0
2026-05-08 14:51:55,983.3049926757812,0.0,0.0
2026-05-08 14:56:57,975.094970703125,0.0,0.0
2026-05-08 15:01:59,965.35498046875,0.0,0.0
2026-05-08 15:07:01,953.291015625,0.0,0.0
2026-05-08 15:12:03,944.1580200195312,0.0,0.0
2026-05-08 15:17:05,935.6160278320312,0.0,0.0
2026-05-08 15:22:07,923.1060180664062,0.0,0.0
2026-05-08 15:27:09,911.8189697265625,0.0,0.0
2026-05-08 15:32:11,899.9130249023438,0.0,0.0
2026-05-08 15:37:13,888.4030151367188,0.0,0.0
2026-05-08 15:42:14,875.1409912109375,0.0,0.0
2026-05-08 15:47:16,862.8800048828125,0.0,0.0
2026-05-08 15:52:18,850.0549926757812,0.0,0.0
2026-05-08 15:57:20,839.3419799804688,0.0,0.0
2026-05-08 16:02:22,825.43798828125,0.0,0.0
2026-05-08 16:07:24,807.0170288085938,0.0,0.0
2026-05-08 16:12:26,792.8049926757812,0.0,0.0
2026-05-08 16:17:28,771.6190185546875,0.0,0.0
2026-05-08 16:22:30,752.5170288085938,0.0,0.0
2026-05-08 16:27:32,737.010009765625,0.0,0.0
2026-05-08 16:32:34,643.322998046875,0.0,0.0
2026-05-08 16:42:38,678.2219848632812,0.0,0.0
2026-05-08 16:47:40,662.093994140625,0.0,0.0
2026-05-08 16:52:42,659.8400268554688,0.0,0.0
2026-05-08 17:02:46,601.9130249023438,0.0,0.0
2026-05-08 17:07:48,582.6420288085938,0.0,0.0
2026-05-08 17:12:50,564.4619750976562,0.0,0.0
2026-05-08 17:17:52,554.2169799804688,0.0,0.0
2026-05-08 17:22:54,505.90399169921875,0.0,0.0
2026-05-08 17:27:56,142.5050048828125,0.0010000000474974513,0.0
2026-05-08 17:32:58,78.51200103759766,0.004999999888241291,0.0
2026-05-08 17:38:00,99.7969970703125,0.0010000000474974513,0.0
2026-05-08 17:43:02,103.24299621582031,-0.003000000026077032,0.0
2026-05-08 17:48:04,91.47799682617188,-0.0020000000949949026,0.0
2026-05-08 17:53:06,81.8489990234375,0.0020000000949949026,0.0
2026-05-08 17:58:08,75.33499908447266,0.0,0.0
2026-05-08 18:03:10,70.6240005493164,0.0020000000949949026,0.0
2026-05-08 18:08:12,65.13099670410156,0.006000000052154064,0.0
2026-05-08 18:13:14,61.595001220703125,0.0010000000474974513,0.0
2026-05-08 18:23:18,60.097999572753906,0.004000000189989805,0.0
2026-05-08 18:28:20,58.26100158691406,0.0,0.0
2026-05-08 18:33:22,58.641998291015625,0.0020000000949949026,0.0
2026-05-08 18:38:24,69.99099731445312,0.0,0.0
2026-05-08 18:43:26,79.86299896240234,0.0020000000949949026,0.0
2026-05-08 18:48:28,72.06900024414062,-0.0010000000474974513,0.0
2026-05-08 18:53:30,63.310001373291016,-0.0010000000474974513,0.0
2026-05-08 18:58:32,60.94599914550781,0.0010000000474974513,0.0
2026-05-08 19:03:34,55.93600082397461,0.0020000000949949026,0.0
2026-05-08 19:08:36,53.65299987792969,0.003000000026077032,0.0
2026-05-08 19:13:38,61.73699951171875,0.0020000000949949026,0.0
2026-05-08 19:18:40,70.1050033569336,-0.0020000000949949026,0.0
2026-05-08 19:23:42,67.81900024414062,-0.0020000000949949026,0.0
2026-05-08 19:28:44,52.479000091552734,0.003000000026077032,0.0
2026-05-08 19:33:46,38.4370002746582,-0.003000000026077032,0.0
2026-05-08 19:38:48,27.816999435424805,0.012000000104308128,0.0
2026-05-08 19:43:50,27.535999298095703,0.004000000189989805,0.0
2026-05-08 19:48:52,22.447999954223633,0.003000000026077032,0.0
2026-05-08 19:53:54,14.109999656677246,0.010999999940395355,0.0
2026-05-08 20:03:57,10.201000213623047,0.010999999940395355,0.0
2026-05-08 20:08:59,11.994999885559082,0.0020000000949949026,0.0
2026-05-08 20:14:01,11.305000305175781,0.017000000923871994,0.0
2026-05-08 20:19:03,10.836999893188477,0.004999999888241291,0.0
2026-05-08 20:24:05,13.432999610900879,0.02800000086426735,0.0
2026-05-08 20:29:07,13.237000465393066,0.010999999940395355,0.0
2026-05-08 20:34:09,13.003000259399414,0.03500000014901161,0.0
2026-05-08 20:39:11,16.05500030517578,-0.0020000000949949026,0.0
2026-05-08 20:44:13,13.175000190734863,0.0020000000949949026,0.0
2026-05-08 20:49:15,5.728000164031982,-0.00800000037997961,0.0
2026-05-09 06:13:22,5.728000164031982,-0.00800000037997961,0.0
2026-05-09 06:18:24,8.862000465393066,0.009999999776482582,0.0
2026-05-09 06:23:26,11.595000267028809,-0.0020000000949949026,0.0
2026-05-09 06:28:28,14.309000015258789,0.012000000104308128,0.0
2026-05-09 06:33:30,16.788999557495117,0.014000000432133675,0.0
2026-05-09 06:38:32,19.114999771118164,0.009999999776482582,0.0
2026-05-09 06:43:34,21.20199966430664,-0.0010000000474974513,0.0
2026-05-09 06:48:36,21.218000411987305,0.0010000000474974513,0.0
2026-05-09 06:53:38,21.461000442504883,0.008999999612569809,0.0
2026-05-09 06:58:40,23.39699935913086,0.014999999664723873,0.0
2026-05-09 07:03:42,26.104999542236328,0.006000000052154064,0.0
2026-05-09 07:08:44,28.966999053955078,0.004999999888241291,0.0
2026-05-09 07:13:46,35.47200012207031,0.004000000189989805,0.0
2026-05-09 07:18:48,38.82500076293945,0.0010000000474974513,0.0
2026-05-09 07:23:50,64.50700378417969,-0.0010000000474974513,0.0
2026-05-09 07:38:56,155.80999755859375,0.0,0.0
2026-05-09 07:43:58,87.49700164794922,-0.0010000000474974513,0.0
2026-05-09 07:49:00,197.4080047607422,-0.0010000000474974513,0.0
2026-05-09 07:54:02,222.25599670410156,0.0,0.0
2026-05-09 07:59:04,225.98899841308594,0.0,0.0
2026-05-09 08:04:06,240.51400756835938,0.0010000000474974513,0.0
2026-05-09 08:09:08,267.114990234375,0.0,0.0
2026-05-09 08:14:10,288.0849914550781,0.0010000000474974513,0.0
2026-05-09 08:19:12,306.6610107421875,0.0,0.0
2026-05-09 08:24:14,325.6889953613281,0.0010000000474974513,0.0
2026-05-09 08:29:16,345.1600036621094,0.0,0.0
2026-05-09 08:34:18,364.3630065917969,-0.0010000000474974513,0.0
2026-05-09 08:39:20,383.4989929199219,0.0,0.0
2026-05-09 08:44:22,403.30999755859375,0.0,0.0
2026-05-09 08:49:24,419.96099853515625,0.0,0.0
2026-05-09 08:54:26,439.51300048828125,0.0,0.0
2026-05-09 08:59:28,461.9679870605469,0.0,0.0
2026-05-09 09:04:30,479.79901123046875,0.0010000000474974513,0.0
2026-05-09 09:14:34,518.0,0.010999999940395355,0.0010000000474974513
2026-05-09 09:19:36,535.5499877929688,0.0,0.0
2026-05-09 09:24:38,554.719970703125,1.7740000486373901,0.16599999368190765
2026-05-09 09:29:40,572.2559814453125,2.9800000190734863,0.2879999876022339
2026-05-09 09:34:42,591.0349731445312,5.14900016784668,0.5139999985694885
2026-05-09 09:39:44,608.5460205078125,0.9300000071525574,0.09600000083446503
2026-05-09 09:44:46,627.7069702148438,0.0,0.0
2026-05-09 09:49:48,647.7329711914062,0.0,0.0
2026-05-09 09:54:50,662.416015625,0.0010000000474974513,0.0
2026-05-09 09:59:52,680.041015625,0.0,0.0
2026-05-09 10:04:54,699.552001953125,0.0,0.0
2026-05-09 10:09:56,716.2969970703125,0.0,0.0
2026-05-09 10:14:57,735.2990112304688,0.0,0.0
2026-05-09 10:19:59,755.5269775390625,0.0,0.0
2026-05-09 10:25:01,771.4829711914062,0.0,0.0
2026-05-09 10:30:03,788.1489868164062,0.0,0.0
2026-05-09 10:35:05,804.7449951171875,0.0,0.0
2026-05-09 10:40:07,821.0770263671875,0.0,0.0
2026-05-09 10:45:09,837.3369750976562,0.0,0.0
2026-05-09 10:50:11,852.2130126953125,0.0,0.0
2026-05-09 10:55:13,868.2579956054688,0.0,0.0
2026-05-09 11:00:15,880.031982421875,0.0,0.0
2026-05-09 11:05:17,897.2050170898438,0.0,0.0
2026-05-09 11:10:19,910.9140014648438,0.0,0.0
2026-05-09 11:15:21,921.1699829101562,0.0,0.0
2026-05-09 11:20:23,932.14599609375,0.0,0.0
2026-05-09 11:25:25,943.4829711914062,0.0,0.0
2026-05-09 11:30:27,955.4949951171875,0.0,0.0
2026-05-09 11:35:29,964.9940185546875,0.0,0.0
2026-05-09 11:40:31,971.4739990234375,0.0,0.0
2026-05-09 11:45:33,978.0659790039062,0.0,0.0
2026-05-09 11:50:35,984.9349975585938,0.0,0.0
2026-05-09 12:00:39,1007.426025390625,0.0,0.0
2026-05-09 12:05:41,1013.8189697265625,0.0,0.0
2026-05-09 12:10:43,1024.0770263671875,0.0,0.0
2026-05-09 12:15:45,1026.43603515625,0.0,0.0
2026-05-09 12:20:47,1029.6639404296875,0.0,0.0
2026-05-09 12:25:49,1039.54296875,0.0,0.0
2026-05-09 12:30:51,1043.366943359375,0.0,0.0
2026-05-09 12:35:53,1035.7550048828125,0.0,0.0
2026-05-09 12:40:55,1038.2490234375,0.0,0.0
2026-05-09 12:45:57,1041.0379638671875,0.0,0.0
2026-05-09 12:50:59,1041.3990478515625,0.0,0.0
2026-05-09 12:56:01,1044.4210205078125,0.0,0.0
2026-05-09 13:01:03,1050.9139404296875,0.0,0.0
2026-05-09 13:06:05,1045.97900390625,0.0,0.0
2026-05-09 13:11:07,1046.7039794921875,0.0,0.0
2026-05-09 13:16:09,1048.1070556640625,0.0,0.0
2026-05-09 13:21:11,1049.583984375,0.0,0.0
2026-05-09 13:44:47,1043.7550048828125,0.0,0.0
2026-05-09 13:49:49,1038.989990234375,0.0,0.0
2026-05-09 13:54:51,1044.708984375,0.0,0.0
2026-05-09 13:59:53,1042.260986328125,0.0,0.0
2026-05-09 14:04:55,1035.958984375,0.0,0.0
2026-05-09 14:09:57,1033.3189697265625,0.0,0.0
2026-05-09 14:14:59,1032.5140380859375,0.0,0.0
2026-05-09 14:20:01,1022.1069946289062,0.0,0.0
2026-05-09 14:25:02,1016.7750244140625,0.0,0.0
2026-05-09 14:30:04,1014.8779907226562,0.0,0.0
2026-05-09 14:35:06,1007.2319946289062,0.0,0.0
2026-05-09 14:40:08,1003.4169921875,0.0,0.0
2026-05-09 14:45:10,994.8179931640625,0.0,0.0
2026-05-09 14:50:12,992.0869750976562,0.0,0.0
2026-05-09 14:55:14,989.9450073242188,0.0,0.0
2026-05-09 15:00:16,993.77099609375,15.036999702453613,2.5250000953674316
2026-05-09 15:05:18,961.0989990234375,59.007999420166016,9.583999633789062
2026-05-09 15:10:20,960.7059936523438,0.609000027179718,0.0989999994635582
2026-05-09 15:15:22,953.7689819335938,56.43299865722656,9.095999717712402
2026-05-09 15:20:24,932.7249755859375,0.0,0.0
2026-05-09 15:25:26,874.9190063476562,0.0,0.0
2026-05-09 15:30:28,868.1920166015625,0.0,0.0
2026-05-09 15:35:30,800.5349731445312,0.0,0.0
2026-05-09 15:40:32,769.4539794921875,59.231998443603516,7.702000141143799
2026-05-09 15:45:34,786.7420043945312,64.78399658203125,8.61400032043457
2026-05-09 15:50:36,713.1019897460938,69.17400360107422,8.336000442504883
2026-05-09 15:55:38,784.2860107421875,66.94599914550781,8.873000144958496
2026-05-09 16:00:40,753.7369995117188,69.50199890136719,8.852999687194824
2026-05-09 16:05:42,821.9199829101562,62.18299865722656,8.63700008392334
2026-05-09 16:10:44,812.875,60.888999938964844,8.364999771118164
2026-05-09 16:15:46,754.551025390625,66.21600341796875,8.444000244140625
2026-05-09 16:20:48,758.0050048828125,69.59400177001953,8.914999961853027
2026-05-09 16:25:50,727.1430053710938,61.558998107910156,7.565000057220459
2026-05-09 16:30:52,695.968017578125,69.69499969482422,8.196999549865723
2026-05-09 16:35:54,676.9420166015625,61.9119987487793,7.083000183105469
2026-05-09 16:40:56,681.6270141601562,60.43600082397461,6.961999893188477
2026-05-09 16:45:58,664.4710083007812,57.81399917602539,6.492000102996826
2026-05-09 16:51:00,643.1519775390625,54.29100036621094,5.901000022888184
2026-05-09 16:56:02,624.3410034179688,65.99400329589844,6.9629998207092285
2026-05-09 17:01:04,602.3790283203125,66.91600036621094,6.811999797821045
2026-05-09 17:06:06,586.9940185546875,58.90299987792969,5.8429999351501465
2026-05-09 17:11:08,569.9500122070312,62.356998443603516,6.00600004196167
2026-05-09 17:16:10,553.0260009765625,58.91299819946289,5.50600004196167
2026-05-09 17:21:12,541.5380249023438,56.29100036621094,5.1519999504089355
2026-05-09 17:26:14,522.3820190429688,0.0,0.0
2026-05-09 17:31:16,496.9649963378906,62.05799865722656,5.211999893188477
2026-05-09 17:36:18,482.1510009765625,62.12200164794922,5.061999797821045
2026-05-09 17:41:20,446.1440124511719,62.893001556396484,4.742000102996826
2026-05-09 17:46:22,412.7030029296875,64.49199676513672,4.498000144958496
2026-05-09 17:51:24,399.406005859375,64.67400360107422,4.364999771118164
2026-05-09 17:56:26,380.1919860839844,64.49299621582031,4.144000053405762
2026-05-09 18:01:28,352.59698486328125,64.71399688720703,3.8559999465942383
2026-05-09 18:06:30,311.75799560546875,64.10399627685547,3.377000093460083
2026-05-09 18:11:32,272.7380065917969,64.26000213623047,2.9619998931884766
2026-05-09 18:16:34,70.90499877929688,234.8489990234375,2.813999891281128
2026-05-09 18:21:36,71.10199737548828,243.29800415039062,2.9240000247955322
2026-05-09 18:26:38,129.552001953125,72.88600158691406,1.5959999561309814
2026-05-09 18:31:40,73.04199981689453,200.01600646972656,2.4690001010894775
2026-05-09 18:36:42,76.81400299072266,97.11100006103516,1.2610000371932983
2026-05-09 18:41:44,90.14399719238281,126.7490005493164,1.930999994277954
2026-05-09 18:46:46,85.88600158691406,92.2959976196289,1.340000033378601
2026-05-09 18:51:48,69.30699920654297,91.41999816894531,1.0709999799728394
2026-05-09 18:56:49,53.18199920654297,-0.0010000000474974513,0.0
2026-05-09 19:01:51,50.569000244140625,-0.0020000000949949026,0.0
2026-05-09 19:06:53,47.29399871826172,0.007000000216066837,0.0
2026-05-09 19:11:55,43.61800003051758,0.004999999888241291,0.0
2026-05-09 19:16:57,42.61899948120117,0.0010000000474974513,0.0
2026-05-09 19:21:59,43.04899978637695,-0.0010000000474974513,0.0
2026-05-09 19:27:01,42.849998474121094,-0.004000000189989805,0.0
2026-05-09 19:32:03,40.54899978637695,0.0010000000474974513,0.0
2026-05-09 19:37:05,37.77399826049805,0.007000000216066837,0.0
2026-05-09 19:42:07,34.85300064086914,-0.007000000216066837,0.0
2026-05-09 19:47:09,32.01599884033203,61.04399871826172,0.33000001311302185
2026-05-09 19:52:11,30.031999588012695,74.41699981689453,0.3779999911785126
2026-05-09 19:57:13,28.040000915527344,68.90599822998047,0.3269999921321869
2026-05-09 20:02:15,26.388999938964844,50.96699905395508,0.22699999809265137
2026-05-09 20:07:17,24.150999069213867,55.27799987792969,0.22599999606609344
2026-05-09 20:12:19,21.18600082397461,63.5890007019043,0.2280000001192093
2026-05-09 20:17:21,18.785999298095703,42.095001220703125,0.1340000033378601
2026-05-09 20:22:23,15.782999992370605,67.56700134277344,0.18000000715255737
2026-05-09 20:27:25,13.303000450134277,41.17100143432617,0.09300000220537186
2026-05-09 20:32:27,11.418999671936035,50.85900115966797,0.09799999743700027
2026-05-09 20:37:29,8.281000137329102,10.682000160217285,0.014999999664723873
2026-05-09 20:42:31,5.297999858856201,0.33899998664855957,0.0
2026-05-09 20:52:35,0.9919999837875366,-0.02800000086426735,0.0
2026-05-10 06:11:41,0.9919999837875366,-0.02800000086426735,0.0
2026-05-10 06:16:43,5.956999778747559,0.027000000700354576,0.0
2026-05-10 06:21:45,8.571000099182129,-0.019999999552965164,0.0
2026-05-10 06:26:47,12.034000396728516,0.019999999552965164,0.0
2026-05-10 06:31:49,15.098999977111816,0.0020000000949949026,0.0
2026-05-10 06:36:51,18.43000030517578,-0.012000000104308128,0.0
2026-05-10 06:41:53,21.562999725341797,0.00800000037997961,0.0
2026-05-10 06:46:55,25.131000518798828,-0.0010000000474974513,0.0
2026-05-10 06:51:57,29.177000045776367,-0.003000000026077032,0.0
2026-05-10 06:56:59,34.308998107910156,0.006000000052154064,0.0
2026-05-10 07:02:01,38.95800018310547,-0.0020000000949949026,0.0
2026-05-10 07:07:03,42.76300048828125,-0.003000000026077032,0.0
2026-05-10 07:12:05,46.22600173950195,-0.006000000052154064,0.0
2026-05-10 07:17:07,49.125,0.0010000000474974513,0.0
2026-05-10 07:22:09,55.111000061035156,0.0020000000949949026,0.0
2026-05-10 07:27:11,63.367000579833984,0.0020000000949949026,0.0
2026-05-10 07:32:13,69.78700256347656,0.0020000000949949026,0.0
2026-05-10 07:37:15,74.43900299072266,0.003000000026077032,0.0
2026-05-10 07:42:17,74.58100128173828,22.31999969482422,0.2809999883174896
2026-05-10 07:47:19,79.47899627685547,7.408999919891357,0.10000000149011612
2026-05-10 07:52:21,89.03800201416016,30.981000900268555,0.4659999907016754
2026-05-10 07:57:23,101.15399932861328,59.86800003051758,1.0230000019073486
2026-05-10 08:02:25,111.87899780273438,33.63399887084961,0.6359999775886536
2026-05-10 08:07:27,112.0250015258789,49.72100067138672,0.9409999847412109
2026-05-10 08:12:29,105.43499755859375,59.23500061035156,1.0549999475479126
2026-05-10 08:17:31,94.9990005493164,45.49300003051758,0.7300000190734863
2026-05-10 08:22:33,93.322998046875,54.400001525878906,0.8579999804496765
2026-05-10 08:27:35,93.17400360107422,61.486000061035156,0.9679999947547913
2026-05-10 08:32:37,97.58399963378906,50.88999938964844,0.8389999866485596
2026-05-10 08:37:39,107.15699768066406,56.13199996948242,1.0169999599456787
2026-05-10 08:42:41,120.12799835205078,18.81800079345703,0.38199999928474426
2026-05-10 08:47:43,130.447998046875,6.868000030517578,0.1509999930858612
2026-05-10 08:52:45,139.7030029296875,81.39199829101562,1.9220000505447388
2026-05-10 08:57:47,165.3350067138672,77.22799682617188,2.1579999923706055
2026-05-10 09:02:49,194.71499633789062,73.56999969482422,2.4210000038146973
2026-05-10 09:07:51,222.218994140625,71.01599884033203,2.6670000553131104
2026-05-10 09:12:53,222.56199645996094,72.11399841308594,2.7119998931884766
2026-05-10 09:17:55,191.9499969482422,74.37100219726562,2.4130001068115234
2026-05-10 09:22:57,163.29100036621094,79.9530029296875,2.2060000896453857
2026-05-10 09:27:58,170.77499389648438,79.572998046875,2.296999931335449
2026-05-10 09:33:00,188.593994140625,75.322998046875,2.4010000228881836
2026-05-10 09:38:02,207.73899841308594,76.13800048828125,2.6730000972747803
2026-05-10 09:43:04,223.68499755859375,75.38099670410156,2.8499999046325684
2026-05-10 09:48:06,203.11300659179688,77.0770034790039,2.6459999084472656
2026-05-10 09:53:08,188.47999572753906,77.59700012207031,2.4719998836517334
2026-05-10 09:58:10,199.67799377441406,77.78399658203125,2.625
2026-05-10 10:03:12,236.88299560546875,74.8740005493164,2.996999979019165
2026-05-10 10:08:14,260.0369873046875,73.2040023803711,3.2170000076293945
2026-05-10 10:13:16,270.99700927734375,71.2030029296875,3.260999917984009
2026-05-10 10:18:18,331.1130065917969,67.31700134277344,3.7669999599456787
2026-05-10 10:23:20,287.1470031738281,74.44999694824219,3.61299991607666
2026-05-10 10:28:22,245.93800354003906,74.6240005493164,3.1019999980926514
2026-05-10 10:33:24,244.24899291992188,76.50900268554688,3.1579999923706055
2026-05-10 10:38:26,276.8819885253906,74.66500091552734,3.49399995803833
2026-05-10 10:43:28,322.0639953613281,72.88800048828125,3.9670000076293945
2026-05-10 10:48:30,408.77301025390625,70.2509994506836,4.853000164031982
2026-05-10 10:53:32,425.885009765625,70.87899780273438,5.1020002365112305
2026-05-10 10:58:34,319.81500244140625,74.35299682617188,4.019000053405762
2026-05-10 11:03:36,229.8769989013672,77.85700225830078,3.0250000953674316
2026-05-10 11:08:38,180.78900146484375,80.27300262451172,2.453000068664551
2026-05-10 11:13:40,166.09100341796875,82.83999633789062,2.325000047683716
2026-05-10 11:18:42,181.22300720214844,82.38999938964844,2.5230000019073486
2026-05-10 11:23:44,224.36099243164062,81.5459976196289,3.0920000076293945
2026-05-10 11:28:46,278.40899658203125,78.58300018310547,3.697000026702881
2026-05-10 11:33:48,342.9939880371094,73.18800354003906,4.242000102996826
2026-05-10 11:38:50,352.5350036621094,73.63099670410156,4.38700008392334
2026-05-10 11:43:52,377.3349914550781,71.91300201416016,4.585999965667725
2026-05-10 11:48:54,356.6579895019531,76.48799896240234,4.610000133514404
2026-05-10 11:53:56,345.64801025390625,73.875,4.315000057220459
2026-05-10 11:58:58,356.12298583984375,71.75299835205078,4.317999839782715
2026-05-10 12:04:00,220.3040008544922,83.63400268554688,3.114000082015991
2026-05-10 12:09:02,192.06199645996094,85.50900268554688,2.7750000953674316
2026-05-10 12:14:04,190.02999877929688,85.43499755859375,2.74399995803833
2026-05-10 12:19:06,196.28599548339844,85.7969970703125,2.8459999561309814
2026-05-10 12:24:08,210.1540069580078,85.02899932861328,3.0199999809265137
2026-05-10 12:29:10,198.81399536132812,86.21700286865234,2.8970000743865967
2026-05-10 12:34:12,192.90499877929688,86.1240005493164,2.808000087738037
2026-05-10 12:39:14,199.03500366210938,85.74299621582031,2.884000062942505
2026-05-10 12:44:16,224.0500030517578,82.32499694824219,3.117000102996826
2026-05-10 12:49:18,258.56500244140625,81.57599639892578,3.565000057220459
2026-05-10 12:54:20,298.5350036621094,78.88200378417969,3.9800000190734863
2026-05-10 12:59:22,347.79400634765625,74.94400024414062,4.40500020980835
2026-05-10 13:04:24,360.5780029296875,75.98400115966797,4.630000114440918
2026-05-10 13:09:26,365.0669860839844,75.83899688720703,4.678999900817871
2026-05-10 13:14:28,368.2149963378906,73.10900115966797,4.548999786376953
2026-05-10 13:19:30,369.9540100097656,73.98400115966797,4.625999927520752
2026-05-10 13:43:10,254.09100341796875,81.76300048828125,3.510999917984009
2026-05-10 13:48:12,245.91799926757812,82.02100372314453,3.4089999198913574
2026-05-10 13:53:14,228.93299865722656,84.7229995727539,3.2780001163482666
2026-05-10 13:58:16,189.58200073242188,87.29499816894531,2.796999931335449
2026-05-10 14:03:18,202.9029998779297,86.12999725341797,2.953000068664551
2026-05-10 14:08:20,233.0449981689453,84.87000274658203,3.3429999351501465
2026-05-10 14:13:22,223.4720001220703,85.21800231933594,3.2179999351501465
2026-05-10 14:18:24,196.88900756835938,87.76799774169922,2.9200000762939453
2026-05-10 14:23:26,181.56100463867188,88.51300048828125,2.7160000801086426
2026-05-10 14:28:28,156.94400024414062,90.62999725341797,2.4040000438690186
2026-05-10 14:33:30,143.07200622558594,92.07499694824219,2.2260000705718994
2026-05-10 14:38:32,128.42100524902344,94.00499725341797,2.0399999618530273
2026-05-10 14:43:34,113.92900085449219,96.10900115966797,1.850000023841858
2026-05-10 14:48:36,115.83799743652344,94.81700134277344,1.8559999465942383
2026-05-10 14:53:38,99.4990005493164,94.79399871826172,1.593999981880188
2026-05-10 14:58:40,107.38400268554688,95.27200317382812,1.7289999723434448
2026-05-10 15:03:42,106.48200225830078,94.2770004272461,1.6970000267028809
2026-05-10 15:08:44,112.5780029296875,95.9469985961914,1.8250000476837158
2026-05-10 15:13:46,114.072998046875,93.2979965209961,1.7990000247955322
2026-05-10 15:18:48,118.43000030517578,93.54299926757812,1.871999979019165
2026-05-10 15:23:50,106.1969985961914,93.7760009765625,1.6829999685287476
2026-05-10 15:28:52,89.66899871826172,95.35199737548828,1.4450000524520874
2026-05-10 15:33:53,103.69599914550781,95.23999786376953,1.6690000295639038
2026-05-10 15:38:55,122.06400299072266,92.822998046875,1.9149999618530273
2026-05-10 15:43:57,109.42400360107422,91.83899688720703,1.6979999542236328
2026-05-10 15:48:59,105.63700103759766,91.5199966430664,1.6339999437332153
2026-05-10 15:54:01,107.09300231933594,90.81500244140625,1.6440000534057617
2026-05-10 15:59:03,111.83499908447266,88.94100189208984,1.680999994277954
2026-05-10 16:04:05,139.343994140625,85.3550033569336,2.009999990463257
2026-05-10 16:09:07,157.23699951171875,86.93399810791016,2.309999942779541
2026-05-10 16:14:09,128.6219940185547,87.2020034790039,1.8960000276565552
2026-05-10 16:19:11,158.93299865722656,86.56300354003906,2.325000047683716
2026-05-10 16:24:13,174.48699951171875,82.38899993896484,2.430000066757202
2026-05-10 16:29:15,177.0189971923828,81.31400299072266,2.433000087738037
2026-05-10 16:34:17,186.7519989013672,81.93599700927734,2.5859999656677246
2026-05-10 16:39:19,211.0240020751953,78.96700286865234,2.815999984741211
2026-05-10 16:44:21,189.7689971923828,80.84400177001953,2.5929999351501465
2026-05-10 16:49:23,197.6750030517578,79.3239974975586,2.6500000953674316
2026-05-10 16:54:25,140.531005859375,83.81300354003906,1.9910000562667847
2026-05-10 16:59:27,121.63400268554688,84.50199890136719,1.7369999885559082
2026-05-10 17:04:29,88.6449966430664,87.85099792480469,1.315999984741211
2026-05-10 17:09:31,76.69000244140625,93.34600067138672,1.2100000381469727
2026-05-10 17:14:33,64.11699676513672,92.6969985961914,1.003999948501587
2026-05-10 17:19:35,72.25399780273438,89.3949966430664,1.0920000076293945
2026-05-10 17:24:37,59.23400115966797,92.50499725341797,0.9259999990463257
2026-05-10 17:29:39,61.04499816894531,92.5469970703125,0.9549999833106995
2026-05-10 17:34:41,65.11100006103516,97.56500244140625,1.0740000009536743
2026-05-10 17:39:43,55.09299850463867,92.98600006103516,0.8659999966621399
2026-05-10 17:44:45,46.91400146484375,96.6969985961914,0.7670000195503235
2026-05-10 17:49:47,56.944000244140625,90.6969985961914,0.8730000257492065
2026-05-10 17:54:49,55.387001037597656,91.69599914550781,0.8579999804496765
2026-05-10 17:59:51,56.95800018310547,85.55799865722656,0.8240000009536743
2026-05-10 18:04:53,85.91300201416016,88.04299926757812,1.277999997138977
2026-05-10 18:09:55,126.85299682617188,85.5979995727539,1.8350000381469727
2026-05-10 18:14:57,79.08799743652344,86.53399658203125,1.156999945640564
2026-05-10 18:19:59,41.0260009765625,92.53600311279297,0.6420000195503235
2026-05-10 18:25:01,33.29800033569336,97.53700256347656,0.5490000247955322
2026-05-10 18:30:03,38.233001708984375,93.3550033569336,0.6029999852180481
2026-05-10 18:35:05,49.5890007019043,90.9739990234375,0.7620000243186951
2026-05-10 18:40:07,74.90299987792969,86.61499786376953,1.0959999561309814
2026-05-10 18:45:09,98.25399780273438,83.44400024414062,1.3860000371932983
2026-05-10 18:50:11,109.35299682617188,83.125,1.5360000133514404
2026-05-10 18:55:13,93.92900085449219,79.3479995727539,1.2599999904632568
2026-05-10 19:00:15,74.0250015258789,81.45999908447266,1.0190000534057617
2026-05-10 19:05:17,69.22699737548828,78.7249984741211,0.9210000038146973
2026-05-10 19:10:19,82.25599670410156,83.48899841308594,1.1610000133514404
2026-05-10 19:15:20,68.43699645996094,83.81600189208984,0.968999981880188
2026-05-10 19:20:22,52.91899871826172,85.4000015258789,0.7639999985694885
2026-05-10 19:25:24,43.551998138427734,88.5719985961914,0.6520000100135803
2026-05-10 19:30:26,53.150001525878906,86.28700256347656,0.7749999761581421
2026-05-10 19:35:28,54.233001708984375,86.69200134277344,0.7950000166893005
2026-05-10 19:40:30,31.5310001373291,92.5739974975586,0.49300000071525574
2026-05-10 19:45:32,30.500999450683594,80.86499786376953,0.4169999957084656
2026-05-10 19:50:34,33.54999923706055,89.30400085449219,0.5059999823570251
2026-05-10 19:55:36,26.305999755859375,82.24199676513672,0.3659999966621399
2026-05-10 20:00:38,20.42300033569336,83.6780014038086,0.289000004529953
2026-05-10 20:05:40,10.57800006866455,74.40499877929688,0.13300000131130219
2026-05-10 20:10:42,12.168999671936035,85.74700164794922,0.17599999904632568
2026-05-10 20:15:44,13.609000205993652,87.33499908447266,0.20100000500679016
2026-05-10 20:20:46,11.74899959564209,93.55400085449219,0.1860000044107437
2026-05-10 20:25:48,13.579000473022461,71.322998046875,0.164000004529953
2026-05-10 20:30:50,16.246999740600586,88.37200164794922,0.24300000071525574
2026-05-10 20:35:52,13.288999557495117,82.06900024414062,0.18400000035762787
2026-05-10 20:40:54,9.189000129699707,94.21700286865234,0.1459999978542328
2026-05-10 20:45:56,7.063000202178955,0.2720000147819519,0.0
2026-05-10 20:50:58,0.4339999854564667,0.2809999883174896,0.0
2026-05-11 06:05:57,0.4339999854564667,0.2809999883174896,0.0
2026-05-11 06:10:59,0.902999997138977,0.20600000023841858,0.0
2026-05-11 06:16:01,1.4630000591278076,0.18400000035762787,0.0
2026-05-11 06:21:03,2.4159998893737793,0.08699999749660492,0.0
2026-05-11 06:26:05,3.937999963760376,0.24799999594688416,0.0
2026-05-11 06:31:07,4.145999908447266,0.27300000190734863,0.0
2026-05-11 06:36:09,4.909999847412109,0.2280000001192093,0.0
2026-05-11 06:41:11,4.8979997634887695,0.3149999976158142,0.0
2026-05-11 06:46:13,8.770000457763672,30.937999725341797,0.04600000008940697
2026-05-11 06:51:15,8.890999794006348,55.970001220703125,0.08399999886751175
2026-05-11 06:56:17,8.043000221252441,27.031999588012695,0.03700000047683716
2026-05-11 07:01:19,7.379000186920166,20.018999099731445,0.02500000037252903
2026-05-11 07:06:21,8.213000297546387,26.756000518798828,0.03700000047683716
2026-05-11 07:11:23,8.817999839782715,74.53399658203125,0.11100000143051147
2026-05-11 07:16:25,10.289999961853027,72.15699768066406,0.125
2026-05-11 07:21:27,9.442000389099121,58.65299987792969,0.09399999678134918
2026-05-11 07:26:29,11.237000465393066,51.54199981689453,0.09799999743700027
2026-05-11 07:31:31,10.829999923706055,76.23500061035156,0.14000000059604645
2026-05-11 07:36:33,11.755000114440918,68.13800048828125,0.13500000536441803
2026-05-11 07:41:35,10.770000457763672,74.55599975585938,0.13600000739097595
2026-05-11 07:46:37,8.201000213623047,77.2040023803711,0.10700000077486038
2026-05-11 07:51:39,7.65500020980835,52.20199966430664,0.06800000369548798
2026-05-11 07:56:41,9.829000473022461,65.41999816894531,0.10899999737739563
2026-05-11 08:01:43,10.888999938964844,65.06700134277344,0.11999999731779099
2026-05-11 08:06:45,14.045999526977539,82.64900207519531,0.19599999487400055
2026-05-11 08:11:47,11.876999855041504,65.87799835205078,0.13199999928474426
2026-05-11 08:16:49,24.150999069213867,70.96900177001953,0.28999999165534973
2026-05-11 08:21:51,24.93000030517578,73.21900177001953,0.30799999833106995
2026-05-11 08:26:53,40.83399963378906,77.8949966430664,0.5379999876022339
2026-05-11 08:31:55,45.38100051879883,73.0510025024414,0.5600000023841858
2026-05-11 08:36:57,42.944000244140625,80.86499786376953,0.5870000123977661
2026-05-11 08:41:59,28.80699920654297,83.9280014038086,0.4090000092983246
2026-05-11 08:47:01,17.847999572753906,78.43299865722656,0.2370000034570694
2026-05-11 08:52:03,18.190000534057617,83.30999755859375,0.25600001215934753
2026-05-11 08:57:05,45.54899978637695,77.21099853515625,0.593999981880188
2026-05-11 09:02:07,38.53300094604492,79.5260009765625,0.5180000066757202
2026-05-11 09:07:09,48.457000732421875,77.125,0.6320000290870667
2026-05-11 09:12:11,52.880001068115234,82.66000366210938,0.7390000224113464
2026-05-11 09:17:13,59.47200012207031,84.73200225830078,0.8519999980926514
2026-05-11 09:22:15,90.6989974975586,84.23699951171875,1.2910000085830688
2026-05-11 09:27:17,82.4729995727539,81.73699951171875,1.1390000581741333
2026-05-11 09:32:19,78.08000183105469,79.16100311279297,1.0449999570846558
2026-05-11 09:37:21,71.12000274658203,89.08999633789062,1.0709999799728394
2026-05-11 09:42:23,60.95800018310547,98.14900207519531,1.0110000371932983
2026-05-11 09:47:25,51.02899932861328,84.76799774169922,0.7310000061988831
2026-05-11 09:52:27,72.1760025024414,85.60600280761719,1.0440000295639038
2026-05-11 09:57:28,72.36599731445312,88.16400146484375,1.0779999494552612
2026-05-11 10:02:30,73.19999694824219,86.24099731445312,1.0670000314712524
2026-05-11 10:07:32,82.66300201416016,85.30000305175781,1.1920000314712524
2026-05-11 10:12:34,89.46499633789062,85.00700378417969,1.284999966621399
2026-05-11 10:17:36,71.95700073242188,86.23500061035156,1.0490000247955322
2026-05-11 10:22:38,114.93900299072266,82.12100219726562,1.5950000286102295
2026-05-11 10:27:40,175.30299377441406,76.4749984741211,2.2660000324249268
2026-05-11 10:32:42,185.5659942626953,74.79299926757812,2.3459999561309814
2026-05-11 10:37:44,180.55799865722656,76.29199981689453,2.328000068664551
2026-05-11 10:42:46,157.02200317382812,79.8759994506836,2.119999885559082
2026-05-11 10:47:48,121.40799713134766,78.88099670410156,1.6180000305175781
2026-05-11 10:52:50,105.75299835205078,82.16200256347656,1.468000054359436
2026-05-11 10:57:52,126.3290023803711,78.69400024414062,1.6799999475479126
2026-05-11 11:02:54,152.19000244140625,78.01899719238281,2.006999969482422
2026-05-11 11:07:56,243.11300659179688,71.31400299072266,2.930000066757202
2026-05-11 11:12:58,211.15899658203125,73.37999725341797,2.61899995803833
2026-05-11 11:18:00,228.7570037841797,73.14099884033203,2.828000068664551
2026-05-11 11:23:02,419.44500732421875,0.0010000000474974513,0.0
2026-05-11 11:28:04,892.281005859375,0.0,0.0
2026-05-11 11:33:06,632.6610107421875,0.0,0.0
2026-05-11 11:38:08,632.9600219726562,0.0010000000474974513,0.0
2026-05-11 11:43:10,206.30599975585938,3.924999952316284,0.13699999451637268
2026-05-11 11:48:12,173.6959991455078,0.0010000000474974513,0.0
2026-05-11 11:53:14,199.822998046875,0.0,0.0
2026-05-11 11:58:16,279.58599853515625,5.5,0.25999999046325684
2026-05-11 12:03:18,371.9750061035156,18.56800079345703,1.1670000553131104
2026-05-11 12:08:20,399.4129943847656,0.0010000000474974513,0.0
2026-05-11 12:13:22,1398.9439697265625,0.06700000166893005,0.01600000075995922
2026-05-11 12:18:24,1469.47900390625,0.06400000303983688,0.01600000075995922
2026-05-11 12:23:26,1188.4599609375,0.061000000685453415,0.012000000104308128
2026-05-11 12:28:28,226.1009979248047,-0.0010000000474974513,0.0
2026-05-11 12:33:30,234.08200073242188,0.0010000000474974513,0.0
2026-05-11 12:38:32,250.5970001220703,1.0720000267028809,0.04500000178813934
2026-05-11 12:43:34,199.28900146484375,0.006000000052154064,0.0
2026-05-11 12:48:36,139.5469970703125,4.758999824523926,0.1120000034570694
2026-05-11 12:53:38,203.88800048828125,35.071998596191406,1.2079999446868896
2026-05-11 12:58:40,474.5830078125,13.642000198364258,1.093999981880188
2026-05-11 13:03:42,446.62200927734375,6.60699987411499,0.49900001287460327
2026-05-11 13:08:44,410.8710021972656,2.8480000495910645,0.1979999989271164
2026-05-11 13:13:46,748.302001953125,1.565000057220459,0.1979999989271164
2026-05-11 13:18:48,735.0579833984375,0.9440000057220459,0.11699999868869781
2026-05-11 13:23:50,1018.6699829101562,1.1200000047683716,0.19300000369548798
2026-05-11 13:47:36,51.70100021362305,0.003000000026077032,0.0
2026-05-11 13:52:38,114.1989974975586,0.0,0.0
2026-05-11 13:57:39,235.5449981689453,-0.0010000000474974513,0.0
2026-05-11 14:02:41,295.7229919433594,0.0,0.0
2026-05-11 14:07:43,224.69500732421875,0.0,0.0
2026-05-11 14:12:45,130.5590057373047,-0.0020000000949949026,0.0
2026-05-11 14:17:47,109.14299774169922,0.0020000000949949026,0.0
2026-05-11 14:22:49,94.65899658203125,0.0020000000949949026,0.0
2026-05-11 14:27:51,100.64199829101562,-0.0010000000474974513,0.0
2026-05-11 14:32:53,88.0250015258789,0.0010000000474974513,0.0
2026-05-11 14:37:55,106.9530029296875,0.0,0.0
2026-05-11 14:42:57,138.24000549316406,0.0020000000949949026,0.0
2026-05-11 14:47:59,204.85000610351562,0.0010000000474974513,0.0
2026-05-11 14:53:01,289.5679931640625,0.0010000000474974513,0.0
2026-05-11 14:58:03,349.6780090332031,0.0010000000474974513,0.0
2026-05-11 15:03:05,366.0329895019531,63.814998626708984,3.947999954223633
2026-05-11 15:08:07,459.37799072265625,28.18400001525879,2.187999963760376
2026-05-11 15:13:09,380.1210021972656,8.461999893188477,0.5440000295639038
2026-05-11 15:18:11,415.3210144042969,0.0010000000474974513,0.0
2026-05-11 15:23:13,327.14300537109375,0.0010000000474974513,0.0
2026-05-11 15:28:15,300.2300109863281,16.04599952697754,0.8140000104904175
2026-05-11 15:33:17,214.1230010986328,73.63500213623047,2.6649999618530273
2026-05-11 15:38:19,201.9980010986328,75.71099853515625,2.5850000381469727
2026-05-11 15:43:21,169.59100341796875,77.64399719238281,2.2249999046325684
2026-05-11 15:48:23,152.53500366210938,80.34300231933594,2.071000099182129
2026-05-11 15:53:25,147.80799865722656,81.04399871826172,2.0239999294281006
2026-05-11 15:58:27,154.6490020751953,82.72599792480469,2.1619999408721924
2026-05-11 16:03:29,127.16799926757812,80.55799865722656,1.7309999465942383
2026-05-11 16:08:31,108.39800262451172,86.0199966430664,1.5759999752044678
2026-05-11 16:13:33,142.50999450683594,81.02400207519531,1.9509999752044678
2026-05-11 16:18:35,138.75,80.50299835205078,1.8880000114440918
2026-05-11 16:23:37,137.13400268554688,77.72000122070312,1.8009999990463257
2026-05-11 16:28:39,168.19400024414062,78.3740005493164,2.2279999256134033
2026-05-11 16:33:41,223.14999389648438,72.93299865722656,2.75
2026-05-11 16:38:43,219.54299926757812,73.97200012207031,2.744999885559082
2026-05-11 16:43:45,190.5780029296875,75.5979995727539,2.434999942779541
2026-05-11 16:48:47,151.9149932861328,79.79000091552734,2.0490000247955322
2026-05-11 16:53:49,127.49299621582031,82.40699768066406,1.7760000228881836
2026-05-11 16:58:51,118.83399963378906,83.1709976196289,1.6699999570846558
2026-05-11 17:03:53,143.625,80.26100158691406,1.9479999542236328
2026-05-11 17:08:55,190.73399353027344,76.1719970703125,2.4549999237060547
2026-05-11 17:13:57,333.07000732421875,64.75599670410156,3.6449999809265137
2026-05-11 17:18:59,189.09300231933594,78.0199966430664,2.493000030517578
2026-05-11 17:24:01,115.93800354003906,85.61399841308594,1.6770000457763672
2026-05-11 17:29:03,87.83799743652344,86.03299713134766,1.2769999504089355
2026-05-11 17:34:05,72.36799621582031,87.78299713134766,1.0740000009536743
2026-05-11 17:39:07,56.48500061035156,89.56199645996094,0.8550000190734863
2026-05-11 17:44:09,41.9109992980957,92.74500274658203,0.6570000052452087
2026-05-11 17:49:11,7.168000221252441,91.67400360107422,0.11100000143051147
2026-05-11 17:54:13,5.934000015258789,0.004999999888241291,0.0
2026-05-11 18:04:17,7.39900016784668,-0.010999999940395355,0.0
2026-05-11 18:14:21,9.633999824523926,0.012000000104308128,0.0
2026-05-11 18:24:25,10.10099983215332,0.019999999552965164,0.0
2026-05-11 18:29:27,12.354000091552734,0.02199999988079071,0.0
2026-05-11 18:34:29,14.21500015258789,0.02199999988079071,0.0
2026-05-11 18:44:33,18.086999893188477,-0.007000000216066837,0.0
2026-05-11 18:49:35,15.914999961853027,0.017999999225139618,0.0
2026-05-11 18:54:37,12.08899974822998,0.004999999888241291,0.0
2026-05-11 18:59:39,14.548999786376953,-0.006000000052154064,0.0
2026-05-11 19:04:41,17.795000076293945,0.013000000268220901,0.0
2026-05-11 19:09:43,17.958999633789062,-0.0020000000949949026,0.0
2026-05-11 19:14:44,19.177000045776367,-0.0020000000949949026,0.0
2026-05-11 19:19:46,23.816999435424805,0.004999999888241291,0.0
2026-05-11 19:24:48,21.073999404907227,-0.003000000026077032,0.0
2026-05-11 19:29:50,14.152999877929688,0.006000000052154064,0.0
2026-05-11 19:39:54,23.381000518798828,0.007000000216066837,0.0
2026-05-11 19:44:56,28.224000930786133,0.003000000026077032,0.0
2026-05-11 19:55:00,14.12600040435791,0.004000000189989805,0.0
2026-05-11 20:00:02,10.711000442504883,-0.01899999938905239,0.0
2026-05-11 20:05:04,8.170999526977539,-0.023000000044703484,0.0
2026-05-11 20:10:06,6.447999954223633,-0.00800000037997961,0.0
2026-05-11 20:15:08,6.681000232696533,-0.027000000700354576,0.0
2026-05-11 20:20:10,4.322000026702881,-0.019999999552965164,0.0
2026-05-11 20:25:12,2.818000078201294,0.12600000202655792,0.0
2026-05-11 20:30:14,1.6779999732971191,0.06700000166893005,0.0
2026-05-11 20:35:16,1.3229999542236328,0.02199999988079071,0.0
2026-05-11 20:40:18,1.6050000190734863,0.03999999910593033,0.0
2026-05-11 20:45:20,0.9259999990463257,-0.11100000143051147,0.0
2026-05-11 20:50:22,0.5049999952316284,-0.24500000476837158,0.0
2026-05-11 20:55:24,0.16699999570846558,0.09000000357627869,0.0
2026-05-12 05:59:13,0.16699999570846558,0.09000000357627869,0.0
2026-05-12 06:04:15,1.5110000371932983,0.01899999938905239,0.0
2026-05-12 06:09:17,2.069000005722046,0.0430000014603138,0.0
2026-05-12 06:14:19,2.071000099182129,0.04100000113248825,0.0
2026-05-12 06:19:21,3.2750000953674316,-0.026000000536441803,0.0
2026-05-12 06:24:23,4.610000133514404,-0.017999999225139618,0.0
2026-05-12 06:29:25,4.285999774932861,-0.020999999716877937,0.0
2026-05-12 06:34:27,7.35099983215332,0.02800000086426735,0.0
2026-05-12 06:39:29,10.434000015258789,0.020999999716877937,0.0
2026-05-12 06:44:31,12.074999809265137,-0.0020000000949949026,0.0
2026-05-12 06:49:33,16.766000747680664,0.008999999612569809,0.0
2026-05-12 06:54:35,19.958999633789062,0.010999999940395355,0.0
2026-05-12 06:59:37,19.83799934387207,0.003000000026077032,0.0
2026-05-12 07:04:39,17.030000686645508,-0.003000000026077032,0.0
2026-05-12 07:09:41,14.166999816894531,0.02500000037252903,0.0
2026-05-12 07:14:43,6.290999889373779,-0.004000000189989805,0.0
2026-05-12 07:19:45,7.706999778747559,-0.014000000432133675,0.0
2026-05-12 07:24:47,15.371000289916992,-0.019999999552965164,0.0
2026-05-12 07:29:49,25.309999465942383,0.007000000216066837,0.0
2026-05-12 07:34:51,47.112998962402344,0.004999999888241291,0.0
2026-05-12 07:39:53,57.25899887084961,0.0020000000949949026,0.0
2026-05-12 07:44:55,35.13399887084961,0.004000000189989805,0.0
2026-05-12 07:49:57,35.805999755859375,0.0020000000949949026,0.0
2026-05-12 07:54:59,46.125999450683594,0.0020000000949949026,0.0
2026-05-12 08:00:01,51.57899856567383,-0.003000000026077032,0.0
2026-05-12 08:05:03,60.816001892089844,-0.0010000000474974513,0.0
2026-05-12 08:10:05,50.1870002746582,0.004000000189989805,0.0
2026-05-12 08:15:07,44.9900016784668,0.0010000000474974513,0.0
2026-05-12 08:20:09,49.39699935913086,0.003000000026077032,0.0
2026-05-12 08:25:11,56.86199951171875,0.0010000000474974513,0.0
2026-05-12 08:30:13,51.625999450683594,0.004999999888241291,0.0
2026-05-12 08:35:15,55.19499969482422,0.004000000189989805,0.0
2026-05-12 08:40:17,59.50199890136719,0.0010000000474974513,0.0
2026-05-12 08:45:19,56.9370002746582,0.0010000000474974513,0.0
2026-05-12 08:50:21,69.43800354003906,0.0020000000949949026,0.0
2026-05-12 08:55:23,69.53600311279297,0.004000000189989805,0.0
2026-05-12 09:00:25,89.08799743652344,0.003000000026077032,0.0
2026-05-12 09:05:27,266.6260070800781,-0.0010000000474974513,0.0
2026-05-12 09:10:29,164.06399536132812,0.0020000000949949026,0.0
2026-05-12 09:15:31,693.7969970703125,0.0,0.0
2026-05-12 09:20:33,519.9500122070312,0.0,0.0
2026-05-12 09:25:35,617.7899780273438,0.0,0.0
2026-05-12 09:30:37,687.4130249023438,0.0,0.0
2026-05-12 09:35:38,688.5460205078125,0.0,0.0
2026-05-12 09:40:40,696.0460205078125,0.0,0.0
2026-05-12 09:45:42,728.1599731445312,0.0,0.0
2026-05-12 09:50:44,742.1580200195312,0.04100000113248825,0.004999999888241291
2026-05-12 09:55:46,768.9920043945312,0.0,0.0
2026-05-12 10:00:48,791.9019775390625,0.0020000000949949026,0.0
2026-05-12 10:05:50,789.3599853515625,0.0,0.0
2026-05-12 10:10:52,818.2730102539062,0.0010000000474974513,0.0
2026-05-12 10:15:54,831.8189697265625,0.0,0.0
2026-05-12 10:20:56,881.0670166015625,0.0,0.0
2026-05-12 10:25:58,906.8729858398438,0.0,0.0
2026-05-12 10:31:00,909.6430053710938,0.0,0.0
2026-05-12 10:36:02,205.43299865722656,0.0020000000949949026,0.0
2026-05-12 10:41:04,204.5229949951172,0.0,0.0
2026-05-12 10:46:06,229.30299377441406,-0.0010000000474974513,0.0
2026-05-12 10:51:08,212.22900390625,0.0,0.0
2026-05-12 10:56:10,1072.5689697265625,0.0,0.0
2026-05-12 11:01:12,1057.60205078125,0.0,0.0
2026-05-12 11:06:14,1034.4730224609375,0.0,0.0
2026-05-12 11:11:16,199.96600341796875,0.0,0.0
2026-05-12 11:16:18,406.22900390625,0.0,0.0
2026-05-12 11:21:20,273.7510070800781,0.0010000000474974513,0.0
2026-05-12 11:26:22,210.4499969482422,0.0010000000474974513,0.0
2026-05-12 11:31:24,1020.3289794921875,0.0,0.0
2026-05-12 11:36:26,273.0719909667969,-0.0010000000474974513,0.0
2026-05-12 11:41:28,1145.094970703125,0.0,0.0
2026-05-12 11:46:30,1112.781982421875,0.0,0.0
2026-05-12 11:51:32,1177.6910400390625,0.0,0.0
2026-05-12 11:56:34,562.7949829101562,0.0,0.0
2026-05-12 12:01:36,1237.06005859375,0.0,0.0
2026-05-12 12:06:38,1198.6929931640625,0.0,0.0
2026-05-12 12:11:40,1191.031005859375,0.0,0.0
2026-05-12 12:16:42,1254.72900390625,0.0,0.0
2026-05-12 12:21:44,447.1409912109375,0.0,0.0
2026-05-12 12:26:46,1135.4310302734375,0.0,0.0
2026-05-12 12:31:48,324.76800537109375,0.0010000000474974513,0.0
2026-05-12 12:36:50,1290.0179443359375,0.0,0.0
2026-05-12 12:41:52,1181.5040283203125,0.0,0.0
2026-05-12 12:46:54,1143.5179443359375,0.0,0.0
2026-05-12 12:51:56,1133.8790283203125,0.0,0.0
2026-05-12 12:56:58,1138.6650390625,0.0,0.0
2026-05-12 13:02:00,1100.365966796875,0.0,0.0
2026-05-12 13:12:04,1112.64697265625,0.0,0.0
2026-05-12 13:17:06,1108.14404296875,0.0,0.0
2026-05-12 13:22:08,658.9180297851562,0.0,0.0
2026-05-12 13:45:50,1155.7459716796875,0.0,0.0
2026-05-12 13:55:54,1159.5980224609375,0.0,0.0
2026-05-12 14:00:56,1144.93505859375,0.0,0.0
2026-05-12 14:05:58,1145.4739990234375,0.0,0.0
2026-05-12 14:10:59,1132.9940185546875,0.0,0.0
2026-05-12 14:16:01,233.21800231933594,-0.0010000000474974513,0.0
2026-05-12 14:21:03,1150.43603515625,0.0,0.0
2026-05-12 14:26:05,457.0880126953125,0.0,0.0
2026-05-12 14:31:07,172.84100341796875,0.0010000000474974513,0.0
2026-05-12 14:36:09,1195.553955078125,0.0,0.0
2026-05-12 14:41:11,1068.0870361328125,0.0,0.0
2026-05-12 14:46:13,1036.136962890625,0.0,0.0
2026-05-12 14:51:15,599.1060180664062,0.0,0.0
2026-05-12 14:56:17,1040.738037109375,0.0,0.0
2026-05-12 15:01:19,1072.1099853515625,0.0,0.0
2026-05-12 15:06:21,1007.583984375,0.0,0.0
2026-05-12 15:11:23,985.3330078125,0.0,0.0
2026-05-12 15:16:25,991.9580078125,0.0,0.0
2026-05-12 15:21:27,866.6810302734375,0.0,0.0
2026-05-12 15:26:29,212.84100341796875,0.0,0.0
2026-05-12 15:36:33,944.0479736328125,0.0,0.0
2026-05-12 15:41:35,917.9219970703125,0.0,0.0
2026-05-12 15:46:37,904.6380004882812,0.0,0.0
2026-05-12 15:51:39,126.71800231933594,0.0020000000949949026,0.0
2026-05-12 15:56:41,939.9910278320312,0.0,0.0
2026-05-12 15:58:37,898.2769775390625,0.0,0.0
2026-05-12 16:29:56,735.8150024414062,24.268999099731445,3.0179998874664307
2026-05-12 16:34:58,748.291015625,0.0,0.0
2026-05-12 16:45:02,260.69500732421875,0.19300000369548798,0.008999999612569809
2026-05-12 16:50:04,163.99099731445312,2.8329999446868896,0.07900000363588333
2026-05-12 16:55:06,206.89599609375,84.4739990234375,2.9539999961853027
2026-05-12 17:00:08,157.98599243164062,46.67300033569336,1.246000051498413
2026-05-12 17:05:10,383.58599853515625,55.194000244140625,3.578000068664551
2026-05-12 17:10:12,161.2729949951172,87.31300354003906,2.380000114440918
2026-05-12 17:15:14,144.28599548339844,85.81500244140625,2.0929999351501465
2026-05-12 17:20:16,115.44499969482422,87.2959976196289,1.7029999494552612
2026-05-12 17:25:18,123.00299835205078,87.99199676513672,1.8289999961853027
2026-05-12 17:30:20,309.90899658203125,71.33699798583984,3.7360000610351562
2026-05-12 17:35:22,155.97500610351562,83.58599853515625,2.203000068664551
2026-05-12 17:40:24,159.1540069580078,80.03600311279297,2.1530001163482666
2026-05-12 17:45:26,91.25,88.59400177001953,1.3660000562667847
2026-05-12 17:50:28,111.04900360107422,93.71099853515625,1.7589999437332153
2026-05-12 17:55:29,440.0639953613281,35.13199996948242,2.61299991607666
2026-05-12 18:00:31,414.2699890136719,19.31800079345703,1.3519999980926514
2026-05-12 18:05:33,381.84698486328125,0.0,0.0
2026-05-12 18:10:35,201.5500030517578,103.5719985961914,3.5280001163482666
2026-05-12 18:15:37,51.15399932861328,153.73300170898438,1.3289999961853027
2026-05-12 18:20:39,48.5989990234375,363.01800537109375,2.9820001125335693
2026-05-12 18:25:41,56.388999938964844,283.09100341796875,2.697999954223633
2026-05-12 18:30:43,45.59299850463867,312.239990234375,2.4059998989105225
2026-05-12 18:35:45,44.4370002746582,294.49200439453125,2.2119998931884766
2026-05-12 18:40:47,42.97600173950195,50.64099884033203,0.36800000071525574
2026-05-12 18:45:49,41.946998596191406,97.48500061035156,0.6909999847412109
2026-05-12 18:50:51,40.93000030517578,74.41400146484375,0.5149999856948853
2026-05-12 18:55:53,39.685001373291016,59.321998596191406,0.39800000190734863
2026-05-12 19:00:55,38.67399978637695,86.41300201416016,0.5649999976158142
2026-05-12 19:05:57,37.72600173950195,82.03800201416016,0.5230000019073486
2026-05-12 19:10:59,36.672000885009766,62.32400131225586,0.38600000739097595
2026-05-12 19:16:01,35.750999450683594,86.20600128173828,0.5210000276565552
2026-05-12 19:21:03,34.6150016784668,63.301998138427734,0.3700000047683716
2026-05-12 19:26:05,33.54100036621094,27.4689998626709,0.15600000321865082
2026-05-12 19:31:07,32.62699890136719,26.304000854492188,0.14499999582767487
2026-05-12 19:36:09,31.4950008392334,94.70999908447266,0.5040000081062317
2026-05-12 19:41:11,30.43000030517578,93.66300201416016,0.4819999933242798
2026-05-12 19:46:13,29.145999908447266,92.34400177001953,0.45500001311302185
2026-05-12 19:51:15,27.9950008392334,96.49600219726562,0.4569999873638153
2026-05-12 19:56:17,26.48900032043457,95.96399688720703,0.4300000071525574
2026-05-12 20:01:19,21.704999923706055,100.81199645996094,0.3700000047683716
2026-05-12 20:06:21,19.716999053955078,0.013000000268220901,0.0
2026-05-12 20:11:23,18.006999969482422,104.28700256347656,0.31700000166893005
2026-05-12 20:16:25,16.242000579833984,119.50299835205078,0.328000009059906
2026-05-12 20:21:27,14.536999702453613,113.39199829101562,0.27900001406669617
2026-05-12 20:26:29,12.192000389099121,114.35099792480469,0.23600000143051147
2026-05-12 20:31:31,9.269000053405762,145.22799682617188,0.22699999809265137
2026-05-12 20:36:33,7.098999977111816,129.3350067138672,0.1550000011920929
2026-05-12 20:41:35,5.284999847412109,-0.012000000104308128,0.0
2026-05-12 20:46:37,3.7100000381469727,0.06400000303983688,0.0
2026-05-12 20:51:39,2.4660000801086426,0.10300000011920929,0.0
2026-05-12 20:56:41,1.3550000190734863,-0.08699999749660492,0.0
2026-05-13 06:02:32,1.3550000190734863,-0.08699999749660492,0.0
2026-05-13 06:07:34,5.5269999504089355,0.004999999888241291,0.0
2026-05-13 06:12:36,7.752999782562256,0.03999999910593033,0.0
2026-05-13 06:17:38,10.298999786376953,-0.014000000432133675,0.0
2026-05-13 06:22:40,13.479000091552734,0.014000000432133675,0.0
2026-05-13 06:27:42,17.08300018310547,0.01899999938905239,0.0
2026-05-13 06:32:44,21.141000747680664,-0.019999999552965164,0.0
2026-05-13 06:37:46,25.374000549316406,-0.0020000000949949026,0.0
2026-05-13 06:42:48,27.83300018310547,0.004000000189989805,0.0
2026-05-13 06:47:50,30.264999389648438,0.009999999776482582,0.0
2026-05-13 06:57:54,38.69499969482422,0.003000000026077032,0.0
2026-05-13 07:02:56,42.72200012207031,0.0010000000474974513,0.0
2026-05-13 07:07:58,45.83000183105469,0.009999999776482582,0.0
2026-05-13 07:13:00,44.70399856567383,0.0010000000474974513,0.0
2026-05-13 07:18:02,45.65700149536133,0.012000000104308128,0.0
2026-05-13 07:23:04,48.21699905395508,0.0010000000474974513,0.0
2026-05-13 07:28:06,66.10299682617188,0.004000000189989805,0.0
2026-05-13 07:33:08,153.2689971923828,0.0010000000474974513,0.0
2026-05-13 07:38:10,170.03199768066406,0.0010000000474974513,0.0
2026-05-13 07:43:12,195.43800354003906,0.0010000000474974513,0.0
2026-05-13 07:48:14,224.64199829101562,0.0010000000474974513,0.0
2026-05-13 07:53:16,237.71400451660156,0.0,0.0
2026-05-13 08:03:20,305.1440124511719,-0.0010000000474974513,0.0
2026-05-13 08:08:22,329.9630126953125,0.0,0.0
2026-05-13 08:13:24,236.6540069580078,0.0,0.0
2026-05-13 08:18:26,292.0530090332031,0.0,0.0
2026-05-13 08:28:30,190.98500061035156,0.0,0.0
2026-05-13 08:33:32,220.1649932861328,0.0,0.0
2026-05-13 08:38:34,272.3500061035156,0.0,0.0
2026-05-13 08:43:36,516.2990112304688,0.0,0.0
2026-05-13 08:48:38,234.23199462890625,0.0010000000474974513,0.0
2026-05-13 08:53:40,228.16700744628906,0.0010000000474974513,0.0
2026-05-13 08:58:42,390.0,0.0010000000474974513,0.0
2026-05-13 09:03:44,302.0780029296875,0.0,0.0
2026-05-13 09:13:48,460.77301025390625,0.0,0.0
2026-05-13 09:23:52,439.7229919433594,0.0010000000474974513,0.0
2026-05-13 09:28:54,586.27001953125,3.052000045776367,0.3019999861717224
2026-05-13 09:33:56,618.2009887695312,2.1459999084472656,0.2240000069141388
2026-05-13 09:38:58,638.4000244140625,0.0,0.0
2026-05-13 09:44:00,642.0689697265625,0.9179999828338623,0.10000000149011612
2026-05-13 09:49:02,680.7109985351562,51.38600158691406,5.910999774932861
2026-05-13 09:54:04,700.822998046875,40.03799819946289,4.742000102996826
2026-05-13 09:59:06,639.72802734375,31.55900001525879,3.4119999408721924
2026-05-13 10:04:08,756.3499755859375,33.02799987792969,4.2220001220703125
2026-05-13 10:09:10,735.1950073242188,20.23900032043457,2.515000104904175
2026-05-13 10:14:12,773.1060180664062,0.013000000268220901,0.0020000000949949026
2026-05-13 10:19:13,775.7940063476562,0.0,0.0
2026-05-13 10:24:15,775.8930053710938,0.0,0.0
2026-05-13 10:29:17,334.114013671875,0.0010000000474974513,0.0
2026-05-13 10:34:19,211.4739990234375,72.59700012207031,2.5950000286102295
2026-05-13 10:39:21,404.09600830078125,57.75,3.944000005722046
2026-05-13 10:44:23,263.81500244140625,53.96900177001953,2.4059998989105225
2026-05-13 10:49:25,228.29299926757812,42.00699996948242,1.621000051498413
2026-05-13 10:54:27,187.65699768066406,24.577999114990234,0.7789999842643738
2026-05-13 10:59:29,142.76600646972656,19.785999298095703,0.47699999809265137
2026-05-13 11:04:31,181.91099548339844,18.615999221801758,0.5720000267028809
2026-05-13 11:09:33,181.9949951171875,18.163000106811523,0.5590000152587891
2026-05-13 11:14:35,170.17799377441406,19.663000106811523,0.5659999847412109
2026-05-13 11:19:37,180.80499267578125,9.29800033569336,0.2840000092983246
2026-05-13 11:24:39,201.2779998779297,0.006000000052154064,0.0
2026-05-13 11:29:41,213.92599487304688,70.62699890136719,2.552999973297119
2026-05-13 11:34:43,254.14100646972656,38.90599822998047,1.6710000038146973
2026-05-13 11:39:45,217.4239959716797,76.23200225830078,2.8010001182556152
2026-05-13 11:44:47,221.73300170898438,75.34200286865234,2.822999954223633
2026-05-13 11:49:49,248.0500030517578,72.1780014038086,3.0260000228881836
2026-05-13 11:54:51,237.95399475097656,35.22600173950195,1.4170000553131104
2026-05-13 11:59:53,258.0530090332031,38.04800033569336,1.659000039100647
2026-05-13 12:04:55,436.19000244140625,33.19300079345703,2.447000026702881
2026-05-13 12:09:57,547.7529907226562,0.46299999952316284,0.0430000014603138
2026-05-13 12:14:59,375.3599853515625,1.6549999713897705,0.10499999672174454
2026-05-13 12:20:01,1341.5589599609375,5.533999919891357,1.2549999952316284
2026-05-13 12:25:03,544.1530151367188,0.0,0.0
2026-05-13 12:30:05,1344.39794921875,0.0,0.0
2026-05-13 12:35:07,632.4530029296875,0.0,0.0
2026-05-13 12:40:09,322.71099853515625,0.0,0.0
2026-05-13 12:45:11,271.83099365234375,82.7959976196289,3.803999900817871
2026-05-13 12:50:13,554.458984375,0.0010000000474974513,0.0
2026-05-13 13:00:17,405.06500244140625,0.0,0.0
2026-05-13 13:10:21,376.114013671875,0.0,0.0
2026-05-13 13:15:23,299.6910095214844,0.0,0.0
2026-05-13 13:20:25,1350.4019775390625,0.0,0.0
2026-05-13 13:44:08,279.84698486328125,0.0010000000474974513,0.0
2026-05-13 13:49:10,256.8269958496094,10.831999778747559,0.4699999988079071
2026-05-13 13:54:12,199.74400329589844,37.8120002746582,1.2760000228881836
2026-05-13 13:59:14,267.15399169921875,50.29899978637695,2.2709999084472656
2026-05-13 14:04:16,151.27499389648438,63.683998107910156,1.628000020980835
2026-05-13 14:09:18,148.26300048828125,64.52400207519531,1.6169999837875366
2026-05-13 14:14:20,216.91400146484375,52.10599899291992,1.909999966621399
2026-05-13 14:19:22,842.2470092773438,29.674999237060547,4.223999977111816
2026-05-13 14:24:24,638.4180297851562,46.82600021362305,5.052000045776367
2026-05-13 14:29:26,389.9219970703125,60.99399948120117,4.019000053405762
2026-05-13 14:34:28,370.9230041503906,43.99800109863281,2.757999897003174
2026-05-13 14:39:30,1088.8160400390625,3.8010001182556152,0.6990000009536743
2026-05-13 14:44:32,244.54400634765625,2.367000102996826,0.09799999743700027
2026-05-13 14:49:34,339.125,1.347000002861023,0.07699999958276749
2026-05-13 14:54:36,213.74200439453125,6.434999942779541,0.23199999332427979
2026-05-13 14:59:38,793.3599853515625,5.51800012588501,0.7400000095367432
2026-05-13 15:04:40,265.4169921875,10.75100040435791,0.4819999933242798
2026-05-13 15:09:42,257.1520080566406,10.005999565124512,0.4350000023841858
2026-05-13 15:14:44,183.00799560546875,46.3849983215332,1.434999942779541
2026-05-13 15:19:46,245.28199768066406,51.362998962402344,2.128999948501587
2026-05-13 15:24:48,284.42999267578125,31.79599952697754,1.527999997138977
2026-05-13 15:29:50,192.15499877929688,40.189998626708984,1.3049999475479126
2026-05-13 15:34:52,200.16700744628906,39.229000091552734,1.3270000219345093
2026-05-13 15:39:54,963.1859741210938,5.495999813079834,0.8949999809265137
2026-05-13 15:44:56,640.906982421875,6.2220001220703125,0.6740000247955322
2026-05-13 15:49:58,167.88999938964844,13.583000183105469,0.38499999046325684
2026-05-13 15:55:00,141.43299865722656,29.65399932861328,0.7089999914169312
2026-05-13 16:00:02,151.97500610351562,13.848999977111816,0.35600000619888306
2026-05-13 16:05:04,113.7969970703125,20.518999099731445,0.39500001072883606
2026-05-13 16:10:06,103.31900024414062,23.540000915527344,0.41100001335144043
2026-05-13 16:15:08,77.84700012207031,33.569000244140625,0.44200000166893005
2026-05-13 16:20:10,138.53700256347656,17.207000732421875,0.40299999713897705
2026-05-13 16:25:12,272.0480041503906,11.272000312805176,0.5180000066757202
2026-05-13 16:30:13,507.0480041503906,5.158999919891357,0.44200000166893005
2026-05-13 16:35:15,316.6289978027344,6.703000068664551,0.35899999737739563
2026-05-13 16:40:17,172.72900390625,11.753000259399414,0.34299999475479126
2026-05-13 16:45:19,289.9339904785156,7.293000221252441,0.3569999933242798
2026-05-13 16:50:21,246.03399658203125,9.52299976348877,0.3959999978542328
2026-05-13 16:55:23,275.12200927734375,7.760000228881836,0.3610000014305115
2026-05-13 17:00:25,220.3730010986328,9.145000457763672,0.3409999907016754
2026-05-13 17:05:27,169.75100708007812,11.861000061035156,0.3400000035762787
2026-05-13 17:10:29,271.24798583984375,10.208999633789062,0.46799999475479126
2026-05-13 17:15:31,187.9219970703125,13.722000122070312,0.4359999895095825
2026-05-13 17:20:33,185.57699584960938,20.349000930786133,0.6380000114440918
2026-05-13 17:25:35,198.8179931640625,16.39900016784668,0.5509999990463257
2026-05-13 17:30:37,168.69700622558594,19.29599952697754,0.550000011920929
2026-05-13 17:35:39,364.47100830078125,9.041999816894531,0.5569999814033508
2026-05-13 17:40:41,146.23500061035156,32.189998626708984,0.7960000038146973
2026-05-13 17:45:43,104.65899658203125,40.165000915527344,0.7099999785423279
2026-05-13 17:50:45,250.36300659179688,18.062999725341797,0.7639999985694885
2026-05-13 17:55:47,123.8030014038086,39.60100173950195,0.8289999961853027
2026-05-13 18:00:49,132.57400512695312,33.22999954223633,0.7450000047683716
2026-05-13 18:05:51,118.54199981689453,34.97200012207031,0.7009999752044678
2026-05-13 18:10:53,164.0590057373047,29.253999710083008,0.8109999895095825
2026-05-13 18:15:55,134.76800537109375,35.624000549316406,0.8109999895095825
2026-05-13 18:20:57,154.20599365234375,27.75,0.7229999899864197
2026-05-13 18:25:59,119.49700164794922,33.65800094604492,0.6800000071525574
2026-05-13 18:31:01,90.81800079345703,36.941001892089844,0.5669999718666077
2026-05-13 18:36:03,106.76799774169922,32.875,0.5929999947547913
2026-05-13 18:41:05,130.41400146484375,27.312000274658203,0.6019999980926514
2026-05-13 18:46:07,144.8209991455078,24.79199981689453,0.6069999933242798
2026-05-13 18:51:09,135.95199584960938,25.680999755859375,0.5899999737739563
2026-05-13 18:56:11,110.93699645996094,30.511999130249023,0.5720000267028809
2026-05-13 19:01:13,104.82099914550781,31.08300018310547,0.5509999990463257
2026-05-13 19:06:15,88.64600372314453,37.53300094604492,0.5619999766349792
2026-05-13 19:11:17,91.64800262451172,37.31800079345703,0.578000009059906
2026-05-13 19:16:19,81.677001953125,41.4640007019043,0.5720000267028809
2026-05-13 19:21:21,88.23500061035156,39.46900177001953,0.5889999866485596
2026-05-13 19:26:23,81.16100311279297,42.57400131225586,0.5839999914169312
2026-05-13 19:31:25,80.58699798583984,38.654998779296875,0.5260000228881836
2026-05-13 19:36:27,66.26100158691406,32.2400016784668,0.3610000014305115
2026-05-13 19:41:29,51.84199905395508,29.30699920654297,0.25699999928474426
2026-05-13 19:46:31,36.97100067138672,22.94300079345703,0.14300000667572021
2026-05-13 19:51:33,24.573999404907227,52.96900177001953,0.2199999988079071
2026-05-13 19:56:35,26.27899932861328,27.003000259399414,0.11999999731779099
2026-05-13 20:01:37,26.42300033569336,36.79899978637695,0.164000004529953
2026-05-13 20:06:39,25.128999710083008,35.25899887084961,0.15000000596046448
2026-05-13 20:11:41,17.96299934387207,31.18000030517578,0.0949999988079071
2026-05-13 20:16:43,18.58300018310547,52.654998779296875,0.16500000655651093
2026-05-13 20:21:45,15.984000205993652,66.91899871826172,0.1809999942779541
2026-05-13 20:26:47,8.420999526977539,31.775999069213867,0.04500000178813934
2026-05-13 20:31:49,12.206000328063965,42.729000091552734,0.08799999952316284
2026-05-13 20:36:51,10.970999717712402,62.8390007019043,0.11699999868869781
2026-05-13 20:41:53,5.0289998054504395,0.3319999873638153,0.0
2026-05-13 20:46:55,2.063999891281128,0.20100000500679016,0.0
2026-05-13 20:51:57,0.6859999895095825,-0.33000001311302185,0.0
2026-05-14 06:06:50,0.6859999895095825,-0.33000001311302185,0.0
2026-05-14 06:11:52,3.7190001010894775,-0.007000000216066837,0.0
2026-05-14 06:16:54,3.440000057220459,0.014999999664723873,0.0
2026-05-14 06:21:56,6.151000022888184,-0.04100000113248825,0.0
2026-05-14 06:26:58,9.454000473022461,0.03799999877810478,0.0
2026-05-14 06:32:00,10.102999687194824,0.039000000804662704,0.0
2026-05-14 06:37:02,12.303999900817871,0.004999999888241291,0.0
2026-05-14 06:42:04,11.041999816894531,0.004999999888241291,0.0
2026-05-14 06:47:06,16.719999313354492,-0.014000000432133675,0.0
2026-05-14 06:52:08,20.43400001525879,-0.006000000052154064,0.0
2026-05-14 06:57:10,26.577999114990234,0.0020000000949949026,0.0
2026-05-14 07:02:12,24.183000564575195,0.006000000052154064,0.0
2026-05-14 07:07:14,21.257999420166016,0.006000000052154064,0.0
2026-05-14 07:12:16,43.35300064086914,0.007000000216066837,0.0
2026-05-14 07:22:20,72.34700012207031,0.0,0.0
2026-05-14 07:27:22,83.63200378417969,0.0010000000474974513,0.0
2026-05-14 07:32:24,53.435001373291016,0.004000000189989805,0.0
2026-05-14 07:37:26,21.648000717163086,0.00800000037997961,0.0
2026-05-14 07:42:28,19.41900062561035,0.006000000052154064,0.0
2026-05-14 07:47:30,31.368999481201172,0.008999999612569809,0.0
2026-05-14 07:52:32,33.637001037597656,-0.0020000000949949026,0.0
2026-05-14 07:57:34,37.73899841308594,0.003000000026077032,0.0
2026-05-14 08:02:36,25.108999252319336,-0.0020000000949949026,0.0
2026-05-14 08:07:38,49.50199890136719,-0.0010000000474974513,0.0
2026-05-14 08:12:40,32.185001373291016,0.006000000052154064,0.0
2026-05-14 08:17:42,43.88100051879883,0.0010000000474974513,0.0
2026-05-14 08:22:44,32.9119987487793,0.007000000216066837,0.0
2026-05-14 08:32:48,20.496000289916992,0.003000000026077032,0.0
2026-05-14 08:37:50,29.30699920654297,0.003000000026077032,0.0
2026-05-14 08:42:52,22.427000045776367,0.01600000075995922,0.0
2026-05-14 08:47:54,29.35099983215332,0.013000000268220901,0.0
2026-05-14 08:52:56,37.22999954223633,0.0020000000949949026,0.0
2026-05-14 08:57:58,80.34300231933594,0.0020000000949949026,0.0
2026-05-14 09:08:02,134.86199951171875,0.003000000026077032,0.0
2026-05-14 09:13:04,114.2490005493164,0.0020000000949949026,0.0
2026-05-14 09:18:06,72.74199676513672,0.006000000052154064,0.0
2026-05-14 09:23:08,91.04499816894531,0.0010000000474974513,0.0
2026-05-14 09:28:10,118.53700256347656,0.0010000000474974513,0.0
2026-05-14 09:33:12,95.197998046875,0.004000000189989805,0.0
2026-05-14 09:43:16,168.7729949951172,0.0,0.0
2026-05-14 09:48:17,220.4459991455078,0.0010000000474974513,0.0
2026-05-14 09:53:19,125.50399780273438,0.0020000000949949026,0.0
2026-05-14 09:58:21,130.91900634765625,0.0,0.0
2026-05-14 10:03:23,217.88099670410156,0.0,0.0
2026-05-14 10:08:25,224.71499633789062,0.0,0.0
2026-05-14 10:13:27,237.26400756835938,-0.0010000000474974513,0.0
2026-05-14 10:23:31,180.77499389648438,0.0,0.0
2026-05-14 10:28:33,268.02301025390625,0.0,0.0
2026-05-14 10:33:35,335.66400146484375,0.0010000000474974513,0.0
2026-05-14 10:38:37,351.9519958496094,0.0010000000474974513,0.0
2026-05-14 10:43:39,271.9179992675781,-0.0010000000474974513,0.0
2026-05-14 10:48:41,510.65399169921875,0.0010000000474974513,0.0
2026-05-14 10:53:43,186.68600463867188,0.0020000000949949026,0.0
2026-05-14 10:58:45,148.70899963378906,0.0010000000474974513,0.0
2026-05-14 11:03:47,128.01600646972656,0.0,0.0
2026-05-14 11:08:49,139.89300537109375,0.0,0.0
2026-05-14 11:13:51,233.82899475097656,0.0,0.0
2026-05-14 11:18:53,294.14599609375,0.0010000000474974513,0.0
2026-05-14 11:23:55,336.802001953125,0.0,0.0
2026-05-14 11:28:57,341.1409912109375,66.27100372314453,3.821000099182129
2026-05-14 11:33:59,344.75201416015625,37.42599868774414,2.180999994277954
2026-05-14 11:39:01,354.4049987792969,24.768999099731445,1.4839999675750732
2026-05-14 11:44:03,412.98699951171875,0.0,0.0
2026-05-14 11:49:05,434.1860046386719,-0.0010000000474974513,0.0
2026-05-14 11:54:07,1217.9840087890625,24.725000381469727,5.089000225067139
2026-05-14 11:59:09,273.9519958496094,0.0,0.0
2026-05-14 12:04:11,206.6510009765625,79.56099700927734,2.7790000438690186
2026-05-14 12:09:13,178.56700134277344,72.62200164794922,2.191999912261963
2026-05-14 12:14:15,163.9409942626953,73.29199981689453,2.0309998989105225
2026-05-14 12:19:17,186.24200439453125,69.58200073242188,2.190000057220459
2026-05-14 12:24:19,200.9530029296875,51.935001373291016,1.7640000581741333
2026-05-14 12:29:21,199.70700073242188,22.607999801635742,0.7630000114440918
2026-05-14 12:34:23,194.99000549316406,51.481998443603516,1.6970000267028809
2026-05-14 12:39:25,162.4320068359375,26.54599952697754,0.7289999723434448
2026-05-14 12:44:27,158.49099731445312,29.506000518798828,0.7900000214576721
2026-05-14 12:49:29,277.47900390625,5.966000080108643,0.2800000011920929
2026-05-14 12:54:31,318.5780029296875,0.004999999888241291,0.0
2026-05-14 12:59:33,319.0929870605469,0.003000000026077032,0.0
2026-05-14 13:04:35,539.6179809570312,0.012000000104308128,0.0010000000474974513
2026-05-14 13:09:36,1048.510009765625,31.83300018310547,5.640999794006348
2026-05-14 13:14:38,513.166015625,34.88800048828125,3.0260000228881836
2026-05-14 13:19:40,1365.737060546875,2.260999917984009,0.5220000147819519
2026-05-14 13:43:28,419.7120056152344,3.130000114440918,0.22200000286102295
2026-05-14 13:48:30,380.1260070800781,3.3889999389648438,0.21799999475479126
2026-05-14 13:53:32,295.65899658203125,4.228000164031982,0.210999995470047
2026-05-14 13:58:34,302.18499755859375,5.478000164031982,0.2800000011920929
2026-05-14 14:03:36,450.8110046386719,10.00100040435791,0.7620000243186951
2026-05-14 14:08:38,908.0800170898438,1.4759999513626099,0.22699999809265137
2026-05-14 14:13:40,668.8300170898438,0.4180000126361847,0.04699999839067459
2026-05-14 14:18:42,827.3619995117188,0.8190000057220459,0.11500000208616257
2026-05-14 14:23:44,1130.81103515625,0.5,0.09600000083446503
2026-05-14 14:28:46,1150.9210205078125,0.0,0.0
2026-05-14 14:33:48,337.3580017089844,0.0,0.0
2026-05-14 14:38:50,252.88499450683594,17.822999954223633,0.7620000243186951
2026-05-14 14:43:52,196.62399291992188,44.33000183105469,1.4730000495910645
2026-05-14 14:48:54,350.260986328125,14.652999877929688,0.8669999837875366
2026-05-14 14:53:56,988.1530151367188,4.836999893188477,0.8080000281333923
2026-05-14 14:58:58,1057.968017578125,4.263999938964844,0.7620000243186951
2026-05-14 15:04:00,670.1810302734375,3.677999973297119,0.4169999957084656
2026-05-14 15:09:02,90.67400360107422,39.5629997253418,0.6060000061988831
2026-05-14 15:14:04,180.48899841308594,70.23999786376953,2.1429998874664307
2026-05-14 15:19:06,214.58700561523438,75.26100158691406,2.7290000915527344
2026-05-14 15:24:08,192.7790069580078,79.83899688720703,2.6010000705718994
2026-05-14 15:29:10,270.69500732421875,76.56600189208984,3.503000020980835
2026-05-14 15:34:12,219.93800354003906,72.63999938964844,2.700000047683716
2026-05-14 15:39:14,304.75,46.005001068115234,2.36899995803833
2026-05-14 15:44:16,537.0560302734375,64.98100280761719,5.8979997634887695
2026-05-14 15:49:18,265.2820129394531,77.87200164794922,3.490999937057495
2026-05-14 15:54:19,434.7359924316406,54.472999572753906,4.001999855041504
2026-05-14 15:59:22,399.87701416015625,2.1059999465942383,0.1420000046491623
2026-05-14 16:04:23,535.2069702148438,23.55500030517578,2.13100004196167
2026-05-14 16:09:25,299.6000061035156,25.077999114990234,1.2699999809265137
2026-05-14 16:14:27,248.6009979248047,65.05899810791016,2.7330000400543213
2026-05-14 16:19:29,280.7090148925781,49.3129997253418,2.3389999866485596
2026-05-14 16:24:31,270.135009765625,34.52000045776367,1.5759999752044678
2026-05-14 16:29:33,248.02499389648438,31.052000045776367,1.3020000457763672
2026-05-14 16:34:35,261.3760070800781,27.791000366210938,1.2280000448226929
2026-05-14 16:39:37,402.5119934082031,16.424999237060547,1.1169999837875366
2026-05-14 16:44:39,373.99798583984375,23.604000091552734,1.4919999837875366
2026-05-14 16:49:41,287.3070068359375,20.53499984741211,0.996999979019165
2026-05-14 16:54:43,275.0379943847656,15.64799976348877,0.7269999980926514
2026-05-14 16:59:45,256.52099609375,34.0890007019043,1.4780000448226929
2026-05-14 17:04:47,724.22900390625,12.638999938964844,1.5470000505447388
2026-05-14 17:09:49,519.4769897460938,69.4489974975586,6.0970001220703125
2026-05-14 17:14:51,307.1109924316406,42.448001861572266,2.203000068664551
2026-05-14 17:19:53,322.7909851074219,30.93400001525879,1.687999963760376
2026-05-14 17:24:55,222.5330047607422,22.957000732421875,0.8629999756813049
2026-05-14 17:29:57,580.3380126953125,4.642000198364258,0.45500001311302185
2026-05-14 17:34:59,324.1969909667969,15.961000442504883,0.8740000128746033
2026-05-14 17:40:01,415.9360046386719,17.167999267578125,1.2070000171661377
2026-05-14 17:45:03,161.718994140625,44.12200164794922,1.2059999704360962
2026-05-14 17:50:05,179.3489990234375,0.0020000000949949026,0.0
2026-05-14 17:55:07,116.81400299072266,39.93199920654297,0.7879999876022339
2026-05-14 18:00:09,102.25399780273438,41.50199890136719,0.7170000076293945
2026-05-14 18:05:11,101.3030014038086,29.94700050354004,0.5130000114440918
2026-05-14 18:10:13,50.01599884033203,23.983999252319336,0.2029999941587448
2026-05-14 18:15:15,13.586000442504883,44.766998291015625,0.10300000011920929
2026-05-14 18:20:17,32.069000244140625,0.004999999888241291,0.0
2026-05-14 18:25:19,38.744998931884766,0.0020000000949949026,0.0
2026-05-14 18:30:21,61.56800079345703,-0.0020000000949949026,0.0
2026-05-14 18:35:23,77.36199951171875,0.006000000052154064,0.0
2026-05-14 18:40:25,64.86199951171875,0.0010000000474974513,0.0
2026-05-14 18:45:27,57.67499923706055,0.0010000000474974513,0.0
2026-05-14 18:55:31,59.66400146484375,0.0010000000474974513,0.0
2026-05-14 19:05:35,89.93800354003906,-0.0010000000474974513,0.0
2026-05-14 19:10:37,94.18699645996094,0.0020000000949949026,0.0
2026-05-14 19:15:39,68.23200225830078,-0.0010000000474974513,0.0
2026-05-14 19:20:41,48.75199890136719,0.0020000000949949026,0.0
2026-05-14 19:25:43,49.819000244140625,0.00800000037997961,0.0
2026-05-14 19:30:45,40.78900146484375,0.00800000037997961,0.0
2026-05-14 19:35:47,33.095001220703125,0.012000000104308128,0.0
2026-05-14 19:40:49,31.937999725341797,0.007000000216066837,0.0
2026-05-14 19:45:51,28.611000061035156,-0.0020000000949949026,0.0
2026-05-14 19:50:53,29.106000900268555,-0.006000000052154064,0.0
2026-05-14 19:55:55,24.886999130249023,0.0010000000474974513,0.0
2026-05-14 20:00:57,23.09000015258789,-0.004999999888241291,0.0
2026-05-14 20:05:59,19.9060001373291,-0.003000000026077032,0.0
2026-05-14 20:11:00,17.499000549316406,0.012000000104308128,0.0
2026-05-14 20:16:02,16.363000869750977,0.017999999225139618,0.0
2026-05-14 20:21:04,16.17099952697754,0.017000000923871994,0.0
2026-05-14 20:26:06,15.274999618530273,-0.004000000189989805,0.0
2026-05-14 20:31:08,13.42199993133545,0.008999999612569809,0.0
2026-05-14 20:36:10,11.055999755859375,0.010999999940395355,0.0
2026-05-14 20:41:12,8.517000198364258,0.024000000208616257,0.0
2026-05-14 20:46:14,6.895999908447266,0.013000000268220901,0.0
2026-05-14 20:51:16,4.376999855041504,0.01899999938905239,0.0
2026-05-14 20:56:18,1.034999966621399,-0.12300000339746475,0.0
2026-05-15 06:00:04,1.034999966621399,-0.12300000339746475,0.0
2026-05-15 06:05:06,1.7710000276565552,0.06700000166893005,0.0
2026-05-15 06:10:08,3.177000045776367,0.07599999755620956,0.0
2026-05-15 06:20:12,5.46999979019165,0.02199999988079071,0.0
2026-05-15 06:25:14,6.9029998779296875,0.02500000037252903,0.0
2026-05-15 06:30:16,8.468999862670898,0.01600000075995922,0.0
2026-05-15 06:35:18,11.833000183105469,-0.00800000037997961,0.0
2026-05-15 06:40:20,14.229000091552734,0.014999999664723873,0.0
2026-05-15 06:45:22,14.673999786376953,-0.004000000189989805,0.0
2026-05-15 06:50:24,16.365999221801758,0.003000000026077032,0.0
2026-05-15 06:55:26,17.52899932861328,0.00800000037997961,0.0
2026-05-15 07:00:28,19.482999801635742,-0.006000000052154064,0.0
2026-05-15 07:05:30,21.104000091552734,0.00800000037997961,0.0
2026-05-15 07:10:32,22.128000259399414,-0.0010000000474974513,0.0
2026-05-15 07:15:34,21.729999542236328,-0.003000000026077032,0.0
2026-05-15 07:20:36,21.509000778198242,0.004000000189989805,0.0
2026-05-15 07:25:38,22.11400032043457,0.019999999552965164,0.0
2026-05-15 07:30:40,22.506999969482422,0.0010000000474974513,0.0
2026-05-15 07:40:44,29.34600067138672,0.003000000026077032,0.0
2026-05-15 07:45:46,32.448001861572266,0.010999999940395355,0.0
2026-05-15 07:50:48,36.08700180053711,0.0010000000474974513,0.0
2026-05-15 07:55:50,37.99300003051758,0.00800000037997961,0.0
2026-05-15 08:00:52,40.165000915527344,0.00800000037997961,0.0
2026-05-15 08:05:54,42.62200164794922,-0.0010000000474974513,0.0
2026-05-15 08:10:56,47.387001037597656,0.00800000037997961,0.0
2026-05-15 08:15:58,52.27000045776367,0.004000000189989805,0.0
2026-05-15 08:21:00,52.33599853515625,0.0010000000474974513,0.0
2026-05-15 08:26:02,50.68600082397461,0.004999999888241291,0.0
2026-05-15 08:31:04,51.54999923706055,-0.0020000000949949026,0.0
2026-05-15 08:41:08,64.4020004272461,-0.003000000026077032,0.0
2026-05-15 08:46:10,69.36000061035156,0.0,0.0
2026-05-15 08:51:12,71.02200317382812,-0.0010000000474974513,0.0
2026-05-15 09:01:16,79.36699676513672,0.006000000052154064,0.0
2026-05-15 09:06:18,65.93599700927734,0.003000000026077032,0.0
2026-05-15 09:11:20,54.880001068115234,0.004999999888241291,0.0
2026-05-15 09:16:22,46.452999114990234,-0.0020000000949949026,0.0
2026-05-15 09:21:24,43.29800033569336,0.003000000026077032,0.0
2026-05-15 09:26:26,47.46500015258789,0.0010000000474974513,0.0
2026-05-15 09:31:28,52.9900016784668,-0.003000000026077032,0.0
2026-05-15 09:36:30,67.74199676513672,0.0010000000474974513,0.0
2026-05-15 09:41:32,81.40299987792969,0.004999999888241291,0.0
2026-05-15 09:46:34,64.48899841308594,-0.0020000000949949026,0.0
2026-05-15 09:51:36,55.757999420166016,0.0010000000474974513,0.0
2026-05-15 09:56:37,65.69599914550781,0.0,0.0
2026-05-15 10:01:39,88.18099975585938,0.003000000026077032,0.0
2026-05-15 10:06:41,83.375,0.004999999888241291,0.0
2026-05-15 10:11:43,54.81800079345703,0.004999999888241291,0.0
2026-05-15 10:16:45,44.96699905395508,0.003000000026077032,0.0
2026-05-15 10:21:47,46.266998291015625,0.0020000000949949026,0.0
2026-05-15 10:26:49,50.42900085449219,-0.003000000026077032,0.0
2026-05-15 10:31:51,47.7760009765625,0.0010000000474974513,0.0
2026-05-15 10:36:53,34.81700134277344,-0.0010000000474974513,0.0
2026-05-15 10:41:55,36.11000061035156,0.0020000000949949026,0.0
2026-05-15 10:46:57,62.196998596191406,0.0020000000949949026,0.0
2026-05-15 10:51:59,86.3949966430664,0.0020000000949949026,0.0
2026-05-15 10:57:01,110.75399780273438,-0.0010000000474974513,0.0
2026-05-15 11:02:03,155.3260040283203,0.0,0.0
2026-05-15 11:07:05,198.68099975585938,0.0,0.0
2026-05-15 11:12:07,228.8300018310547,-0.0010000000474974513,0.0
2026-05-15 11:17:09,198.5330047607422,0.0010000000474974513,0.0
2026-05-15 11:22:11,125.60700225830078,0.0010000000474974513,0.0
2026-05-15 11:27:13,91.47000122070312,0.003000000026077032,0.0
2026-05-15 11:32:15,85.9469985961914,0.004000000189989805,0.0
2026-05-15 11:37:17,102.13700103759766,0.0010000000474974513,0.0
2026-05-15 11:42:19,139.67799377441406,0.0,0.0
2026-05-15 11:47:21,200.57400512695312,-0.0010000000474974513,0.0
2026-05-15 11:52:23,244.70399475097656,0.0,0.0
2026-05-15 11:57:25,259.6369934082031,0.0,0.0
2026-05-15 12:07:29,189.35400390625,0.0010000000474974513,0.0
2026-05-15 12:12:31,224.656005859375,-0.0010000000474974513,0.0
2026-05-15 12:17:33,251.47000122070312,0.0,0.0
2026-05-15 12:22:35,291.3940124511719,0.0010000000474974513,0.0
2026-05-15 12:27:37,247.44900512695312,77.71299743652344,3.25
2026-05-15 12:32:39,557.8170166015625,0.3160000145435333,0.029999999329447746
2026-05-15 12:37:41,889.1749877929688,32.979000091552734,4.955999851226807
2026-05-15 12:42:43,1001.7969970703125,18.402000427246094,3.115000009536743
2026-05-15 12:47:45,1003.3189697265625,17.628999710083008,2.989000082015991
2026-05-15 12:52:47,665.7269897460938,47.374000549316406,5.329999923706055
2026-05-15 12:57:49,685.1909790039062,33.06399917602539,3.8289999961853027
2026-05-15 13:02:51,590.593994140625,28.74799919128418,2.86899995803833
2026-05-15 13:07:53,678.510009765625,18.03499984741211,2.068000078201294
2026-05-15 13:12:55,635.291015625,35.165000915527344,3.7750000953674316
2026-05-15 13:17:57,749.3870239257812,40.34700012207031,5.110000133514404
2026-05-15 13:22:59,1044.6190185546875,2.98799991607666,0.5270000100135803
2026-05-15 13:46:33,117.11799621582031,80.73300170898438,1.5980000495910645
2026-05-15 13:51:35,72.52999877929688,98.64900207519531,1.2089999914169312
2026-05-15 13:56:37,72.38899993896484,-0.003000000026077032,0.0
2026-05-15 14:01:39,77.8740005493164,86.01200103759766,1.1319999694824219
2026-05-15 14:06:41,79.50199890136719,38.67499923706055,0.5199999809265137
2026-05-15 14:11:43,143.89500427246094,5.684999942779541,0.1379999965429306
2026-05-15 14:16:45,218.83700561523438,0.0,0.0
2026-05-15 14:21:47,1208.7449951171875,19.22599983215332,3.927000045776367
2026-05-15 14:26:49,1151.8170166015625,4.1020002365112305,0.7979999780654907
2026-05-15 14:31:51,491.031005859375,2.6630001068115234,0.22100000083446503
2026-05-15 14:36:53,952.6190185546875,4.416999816894531,0.7110000252723694
2026-05-15 14:41:55,1151.4239501953125,0.0,0.0
2026-05-15 14:46:57,1102.5389404296875,0.0,0.0
2026-05-15 14:51:59,993.7899780273438,0.0,0.0
2026-05-15 14:57:01,1010.6240234375,0.0,0.0
2026-05-15 15:02:03,1092.6839599609375,0.0,0.0
2026-05-15 15:07:05,1142.4200439453125,0.0,0.0
2026-05-15 15:12:07,347.5530090332031,0.0,0.0
2026-05-15 15:17:09,1139.583984375,0.0,0.0
2026-05-15 15:22:11,1198.7340087890625,0.0,0.0
2026-05-15 15:27:13,542.5670166015625,0.0,0.0
2026-05-15 15:32:15,366.4429931640625,0.0,0.0
2026-05-15 15:37:17,322.8800048828125,53.999000549316406,2.947000026702881
2026-05-15 15:42:19,220.93299865722656,71.0979995727539,2.6549999713897705
2026-05-15 15:47:21,311.8110046386719,0.003000000026077032,0.0
2026-05-15 15:52:23,863.3189697265625,36.74800109863281,5.361999988555908
2026-05-15 15:57:25,772.8480224609375,0.3580000102519989,0.04699999839067459
2026-05-15 16:02:27,766.5330200195312,0.0020000000949949026,0.0
2026-05-15 16:07:29,919.3599853515625,0.7200000286102295,0.1120000034570694
2026-05-15 16:12:31,907.927001953125,1.1360000371932983,0.17399999499320984
2026-05-15 16:17:33,757.2410278320312,2.2179999351501465,0.2840000092983246
2026-05-15 16:22:35,877.9819946289062,1.5829999446868896,0.23499999940395355
2026-05-15 16:27:37,863.125,3.125999927520752,0.4560000002384186
2026-05-15 16:32:39,877.4450073242188,2.7960000038146973,0.41499999165534973
2026-05-15 16:37:41,206.5469970703125,8.57699966430664,0.29899999499320984
2026-05-15 16:42:43,88.58300018310547,48.46200180053711,0.7250000238418579
2026-05-15 16:47:45,107.8010025024414,67.08599853515625,1.222000002861023
2026-05-15 16:52:47,731.6890258789062,50.53099822998047,6.248000144958496
2026-05-15 16:57:49,758.8870239257812,4.539000034332275,0.5820000171661377
2026-05-15 17:02:51,675.197998046875,1.0379999876022339,0.11800000071525574
2026-05-15 17:07:53,130.17100524902344,8.663000106811523,0.19099999964237213
2026-05-15 17:12:55,139.5679931640625,16.83099937438965,0.3970000147819519
2026-05-15 17:17:57,120.427001953125,40.625999450683594,0.8270000219345093
2026-05-15 17:22:59,128.23300170898438,51.433998107910156,1.1150000095367432
2026-05-15 17:28:01,122.18499755859375,55.500999450683594,1.1460000276565552
2026-05-15 17:33:03,99.59100341796875,53.459999084472656,0.8999999761581421
2026-05-15 17:38:04,103.50599670410156,56.13199996948242,0.9819999933242798
2026-05-15 17:43:06,99.7490005493164,58.262001037597656,0.9819999933242798
2026-05-15 17:48:08,97.81500244140625,50.92900085449219,0.8420000076293945
2026-05-15 17:53:10,87.4739990234375,35.292999267578125,0.5220000147819519
2026-05-15 17:58:12,85.58899688720703,7.723999977111816,0.1120000034570694
2026-05-15 18:03:14,86.38899993896484,14.581000328063965,0.21299999952316284
2026-05-15 18:08:16,86.83399963378906,41.340999603271484,0.6069999933242798
2026-05-15 18:13:18,91.59300231933594,22.437999725341797,0.34700000286102295
2026-05-15 18:18:20,93.14700317382812,38.77899932861328,0.6100000143051147
2026-05-15 18:23:22,98.53900146484375,14.081999778747559,0.23499999940395355
2026-05-15 18:28:24,89.28900146484375,62.959999084472656,0.949999988079071
2026-05-15 18:33:26,76.41100311279297,30.458999633789062,0.3930000066757202
2026-05-15 18:38:28,61.49700164794922,20.08799934387207,0.20900000631809235
2026-05-15 18:43:30,59.60200119018555,21.780000686645508,0.21899999678134918
2026-05-15 18:48:32,72.11000061035156,9.22599983215332,0.1120000034570694
2026-05-15 18:53:34,70.35099792480469,70.3239974975586,0.8360000252723694
2026-05-15 18:58:36,66.89800262451172,70.19000244140625,0.7940000295639038
2026-05-15 19:03:38,54.97100067138672,76.6240005493164,0.7120000123977661
2026-05-15 19:08:40,50.8849983215332,0.0020000000949949026,0.0
2026-05-15 19:13:42,47.05400085449219,-0.0020000000949949026,0.0
2026-05-15 19:18:44,41.27899932861328,0.0020000000949949026,0.0
2026-05-15 19:23:46,46.875,0.003000000026077032,0.0
2026-05-15 19:28:48,36.768001556396484,-0.004999999888241291,0.0
2026-05-15 19:33:50,15.631999969482422,0.0020000000949949026,0.0
2026-05-15 19:38:52,11.126999855041504,0.027000000700354576,0.0
2026-05-15 19:43:54,11.010000228881836,-0.004999999888241291,0.0
2026-05-15 19:48:56,13.618000030517578,-0.00800000037997961,0.0
2026-05-15 19:53:58,30.69700050354004,0.006000000052154064,0.0
2026-05-15 19:59:00,42.28099822998047,0.00800000037997961,0.0
2026-05-15 20:04:02,36.04800033569336,0.009999999776482582,0.0
2026-05-15 20:09:04,36.3129997253418,-0.006000000052154064,0.0
2026-05-15 20:14:06,26.464000701904297,0.004000000189989805,0.0
2026-05-15 20:19:08,25.24799919128418,0.009999999776482582,0.0
2026-05-15 20:24:10,18.777999877929688,0.004999999888241291,0.0
2026-05-15 20:29:12,11.600000381469727,0.019999999552965164,0.0
2026-05-15 20:34:14,7.784999847412109,0.028999999165534973,0.0
2026-05-15 20:39:16,4.934999942779541,0.04399999976158142,0.0
2026-05-15 20:44:18,2.2880001068115234,0.03400000184774399,0.0
2026-05-15 20:49:20,0.8410000205039978,-0.03200000151991844,0.0
2026-05-15 20:54:22,0.4959999918937683,-0.4560000002384186,0.0
2026-05-16 06:04:22,0.4959999918937683,-0.4560000002384186,0.0
2026-05-16 06:09:24,9.767000198364258,0.028999999165534973,0.0
2026-05-16 06:14:26,10.906999588012695,-0.013000000268220901,0.0
2026-05-16 06:19:28,12.711000442504883,0.01600000075995922,0.0
2026-05-16 06:24:30,14.609999656677246,-0.0020000000949949026,0.0
2026-05-16 06:29:32,16.47100067138672,0.020999999716877937,0.0
2026-05-16 06:34:34,18.702999114990234,0.017000000923871994,0.0
2026-05-16 06:39:36,21.104000091552734,0.003000000026077032,0.0
2026-05-16 06:44:38,23.033000946044922,0.013000000268220901,0.0
2026-05-16 06:54:42,27.18199920654297,0.009999999776482582,0.0
2026-05-16 06:59:44,29.240999221801758,0.003000000026077032,0.0
2026-05-16 07:04:46,31.83300018310547,0.010999999940395355,0.0
2026-05-16 07:09:48,33.05099868774414,-0.003000000026077032,0.0
2026-05-16 07:14:50,34.50699996948242,-0.00800000037997961,0.0
2026-05-16 07:19:52,36.090999603271484,0.012000000104308128,0.0
2026-05-16 07:24:54,37.104000091552734,0.003000000026077032,0.0
2026-05-16 07:29:56,39.137001037597656,0.006000000052154064,0.0
2026-05-16 07:34:58,42.05500030517578,0.008999999612569809,0.0
2026-05-16 07:40:00,45.08100128173828,-0.0010000000474974513,0.0
2026-05-16 07:45:02,47.10900115966797,0.004000000189989805,0.0
2026-05-16 07:50:04,47.215999603271484,0.004000000189989805,0.0
2026-05-16 07:55:06,47.63399887084961,0.007000000216066837,0.0
2026-05-16 08:00:08,46.25400161743164,0.0020000000949949026,0.0
2026-05-16 08:05:10,45.74599838256836,0.00800000037997961,0.0
2026-05-16 08:15:14,46.097999572753906,0.0010000000474974513,0.0
2026-05-16 08:20:16,48.768001556396484,0.0010000000474974513,0.0
2026-05-16 08:25:18,50.130001068115234,0.006000000052154064,0.0
2026-05-16 08:30:20,52.08700180053711,0.004000000189989805,0.0
2026-05-16 08:35:22,49.57699966430664,0.004999999888241291,0.0
2026-05-16 08:40:24,55.6510009765625,0.0020000000949949026,0.0
2026-05-16 08:45:26,63.81700134277344,0.004999999888241291,0.0
2026-05-16 08:50:28,78.9990005493164,0.0020000000949949026,0.0
2026-05-16 08:55:30,103.45800018310547,0.0020000000949949026,0.0
2026-05-16 09:00:32,125.0739974975586,0.003000000026077032,0.0
2026-05-16 09:05:34,141.46400451660156,0.0010000000474974513,0.0
2026-05-16 09:10:36,165.08999633789062,0.0,0.0
2026-05-16 09:15:38,187.1929931640625,-0.0010000000474974513,0.0
2026-05-16 09:20:40,187.01699829101562,0.0010000000474974513,0.0
2026-05-16 09:25:42,167.31700134277344,-0.0010000000474974513,0.0
2026-05-16 09:30:44,159.0540008544922,0.0010000000474974513,0.0
2026-05-16 09:35:46,165.5019989013672,0.0020000000949949026,0.0
2026-05-16 09:40:48,190.11000061035156,0.0,0.0
2026-05-16 09:45:50,205.3260040283203,44.555999755859375,1.5460000038146973
2026-05-16 09:50:52,220.6529998779297,45.08700180053711,1.680999994277954
2026-05-16 09:55:54,224.68600463867188,0.004000000189989805,0.0
2026-05-16 10:00:56,234.10499572753906,0.04100000113248825,0.0020000000949949026
2026-05-16 10:05:58,263.7349853515625,0.004000000189989805,0.0
2026-05-16 10:11:00,295.135986328125,0.0,0.0
2026-05-16 10:16:02,333.3030090332031,4.89300012588501,0.2759999930858612
2026-05-16 10:21:04,347.989013671875,0.5920000076293945,0.03500000014901161
2026-05-16 10:26:06,409.7349853515625,0.27900001406669617,0.01899999938905239
2026-05-16 10:31:08,465.72601318359375,54.52799987792969,4.291999816894531
2026-05-16 10:36:09,433.49700927734375,55.42399978637695,4.059999942779541
2026-05-16 10:41:11,365.36700439453125,63.45500183105469,3.9179999828338623
2026-05-16 10:46:13,357.5220031738281,63.82400131225586,3.8559999465942383
2026-05-16 10:51:15,351.5679931640625,62.33700180053711,3.7039999961853027
2026-05-16 10:56:17,331.177001953125,64.51899719238281,3.6110000610351562
2026-05-16 11:01:19,312.5459899902344,64.1969985961914,3.3910000324249268
2026-05-16 11:06:21,319.47698974609375,66.55400085449219,3.5929999351501465
2026-05-16 11:11:23,260.989990234375,70.3239974975586,3.1019999980926514
2026-05-16 11:16:25,312.67999267578125,70.21099853515625,3.7100000381469727
2026-05-16 11:21:27,315.84698486328125,69.85399627685547,3.7290000915527344
2026-05-16 11:26:29,296.6579895019531,71.40499877929688,3.5799999237060547
2026-05-16 11:31:31,444.37701416015625,60.9109992980957,4.573999881744385
2026-05-16 11:36:33,403.2799987792969,0.0,0.0
2026-05-16 11:41:35,424.5369873046875,0.12999999523162842,0.008999999612569809
2026-05-16 11:46:37,458.37298583984375,0.004000000189989805,0.0
2026-05-16 11:51:39,651.7670288085938,53.529998779296875,5.895999908447266
2026-05-16 11:56:41,662.0960083007812,54.29199981689453,6.074999809265137
2026-05-16 12:01:43,813.3809814453125,1.5490000247955322,0.21299999952316284
2026-05-16 12:06:45,565.9819946289062,1.8530000448226929,0.1770000010728836
2026-05-16 12:11:47,594.7540283203125,2.006999969482422,0.20200000703334808
2026-05-16 12:16:49,465.77398681640625,2.4210000038146973,0.19099999964237213
2026-05-16 12:21:51,762.155029296875,1.5549999475479126,0.20000000298023224
2026-05-16 12:26:53,651.1610107421875,0.7279999852180481,0.07999999821186066
2026-05-16 12:31:55,1289.364990234375,2.5380001068115234,0.5529999732971191
2026-05-16 12:36:57,603.7620239257812,0.0,0.0
2026-05-16 12:41:59,451.8450012207031,-0.0010000000474974513,0.0
2026-05-16 12:47:01,1486.79296875,0.0,0.0
2026-05-16 12:52:03,1373.3260498046875,0.0,0.0
2026-05-16 12:57:05,1166.7060546875,0.0,0.0
2026-05-16 13:02:07,598.2059936523438,0.0,0.0
2026-05-16 13:07:09,1214.697021484375,0.0,0.0
2026-05-16 13:12:11,1217.9449462890625,0.0,0.0
2026-05-16 13:17:13,1191.9019775390625,0.0,0.0
2026-05-16 13:22:15,1179.7669677734375,0.0,0.0
2026-05-16 13:45:58,1250.7679443359375,0.0,0.0
2026-05-16 13:51:00,1307.237060546875,0.0,0.0
2026-05-16 13:56:01,290.385986328125,0.0,0.0
2026-05-16 14:01:03,1314.001953125,0.0,0.0
2026-05-16 14:06:05,1199.68896484375,0.0,0.0
2026-05-16 14:11:07,623.301025390625,0.0,0.0
2026-05-16 14:16:09,1247.9169921875,0.0,0.0
2026-05-16 14:21:11,177.7530059814453,0.0010000000474974513,0.0
2026-05-16 14:26:13,181.89300537109375,0.0010000000474974513,0.0
2026-05-16 14:31:15,191.76699829101562,0.007000000216066837,0.0
2026-05-16 14:36:17,246.55099487304688,42.39899826049805,1.7669999599456787
2026-05-16 14:41:19,612.5280151367188,4.909999847412109,0.5080000162124634
2026-05-16 14:46:21,291.2130126953125,0.0010000000474974513,0.0
2026-05-16 14:51:23,226.49899291992188,0.008999999612569809,0.0
2026-05-16 14:56:25,208.1580047607422,69.4749984741211,2.444000005722046
2026-05-16 15:01:27,163.80999755859375,75.48600006103516,2.0899999141693115
2026-05-16 15:06:29,151.43499755859375,69.36900329589844,1.774999976158142
2026-05-16 15:11:31,174.46499633789062,67.6259994506836,1.99399995803833
2026-05-16 15:16:33,334.5870056152344,50.79899978637695,2.871999979019165
2026-05-16 15:21:35,1172.5989990234375,0.0,0.0
2026-05-16 15:26:37,627.1090087890625,0.0010000000474974513,0.0
2026-05-16 15:31:39,209.4770050048828,71.91500091552734,2.5460000038146973
2026-05-16 15:36:41,199.88099670410156,4.881999969482422,0.16500000655651093
2026-05-16 15:41:43,141.3419952392578,0.3799999952316284,0.008999999612569809
2026-05-16 15:46:45,123.27799987792969,0.006000000052154064,0.0
2026-05-16 15:51:47,117.88999938964844,0.007000000216066837,0.0
2026-05-16 15:56:49,121.5770034790039,0.0,0.0
2026-05-16 16:01:51,127.41300201416016,0.0020000000949949026,0.0
2026-05-16 16:06:53,154.93499755859375,-0.0010000000474974513,0.0
2026-05-16 16:11:55,305.1679992675781,0.0,0.0
2026-05-16 16:16:57,354.77899169921875,37.5260009765625,2.25
2026-05-16 16:21:59,892.3359985351562,0.0,0.0
2026-05-16 16:27:01,748.3150024414062,0.0,0.0
2026-05-16 16:32:03,925.1110229492188,0.0,0.0
2026-05-16 16:37:05,195.05099487304688,0.0020000000949949026,0.0
2026-05-16 16:42:07,812.3380126953125,0.0010000000474974513,0.0
2026-05-16 16:47:09,186.21499633789062,79.75700378417969,2.509999990463257
2026-05-16 16:52:11,150.5330047607422,81.08200073242188,2.062999963760376
2026-05-16 16:57:13,126.72699737548828,84.80799865722656,1.815999984741211
2026-05-16 17:02:15,233.64999389648438,23.304000854492188,0.9200000166893005
2026-05-16 17:07:17,651.8469848632812,49.71200180053711,5.47599983215332
2026-05-16 17:12:19,160.7790069580078,117.16799926757812,3.184000015258789
2026-05-16 17:17:21,134.2740020751953,82.53800201416016,1.8730000257492065
2026-05-16 17:22:23,148.51699829101562,82.25800323486328,2.065000057220459
2026-05-16 17:27:25,158.0070037841797,0.0020000000949949026,0.0
2026-05-16 17:32:27,183.7760009765625,73.78500366210938,2.2920000553131104
2026-05-16 17:37:29,165.06500244140625,78.63800048828125,2.194000005722046
2026-05-16 17:42:31,182.5489959716797,76.06900024414062,2.3469998836517334
2026-05-16 17:47:33,187.64999389648438,75.78099822998047,2.4030001163482666
2026-05-16 17:52:35,170.54400634765625,80.30899810791016,2.315000057220459
2026-05-16 17:57:37,134.23699951171875,81.47100067138672,1.8480000495910645
2026-05-16 18:02:39,102.60299682617188,81.62100219726562,1.4149999618530273
2026-05-16 18:07:40,84.34300231933594,83.09300231933594,1.184000015258789
2026-05-16 18:12:42,68.33599853515625,77.5770034790039,0.8960000276565552
2026-05-16 18:17:44,58.68299865722656,0.004999999888241291,0.0
2026-05-16 18:27:48,58.297000885009766,0.0,0.0
2026-05-16 18:32:50,53.32099914550781,0.003000000026077032,0.0
2026-05-16 18:37:52,50.340999603271484,0.003000000026077032,0.0
2026-05-16 18:42:54,47.551998138427734,0.004999999888241291,0.0
2026-05-16 18:47:56,46.85499954223633,0.006000000052154064,0.0
2026-05-16 18:52:58,50.77299880981445,0.0010000000474974513,0.0
2026-05-16 18:58:00,55.89799880981445,-0.003000000026077032,0.0
2026-05-16 19:03:02,52.500999450683594,0.003000000026077032,0.0
2026-05-16 19:08:04,48.448001861572266,-0.0020000000949949026,0.0
2026-05-16 19:13:06,48.08000183105469,0.0020000000949949026,0.0
2026-05-16 19:18:08,45.24599838256836,0.008999999612569809,0.0
2026-05-16 19:23:10,43.582000732421875,0.003000000026077032,0.0
2026-05-16 19:33:14,42.60100173950195,-0.003000000026077032,0.0
2026-05-16 19:38:16,43.30500030517578,0.003000000026077032,0.0
2026-05-16 19:43:18,39.72600173950195,-0.003000000026077032,0.0
2026-05-16 19:48:20,35.479000091552734,-0.0020000000949949026,0.0
2026-05-16 19:53:22,32.45500183105469,0.0020000000949949026,0.0
2026-05-16 19:58:24,34.11899948120117,0.004999999888241291,0.0
2026-05-16 20:03:26,28.756999969482422,0.006000000052154064,0.0
2026-05-16 20:08:28,25.08099937438965,0.006000000052154064,0.0
2026-05-16 20:13:30,23.014999389648438,0.006000000052154064,0.0
2026-05-16 20:18:32,21.84000015258789,0.019999999552965164,0.0
2026-05-16 20:23:34,18.49799919128418,-0.017999999225139618,0.0
2026-05-16 20:28:36,16.645000457763672,-0.004000000189989805,0.0
2026-05-16 20:33:38,14.86400032043457,0.0020000000949949026,0.0
2026-05-16 20:38:40,11.557999610900879,0.004999999888241291,0.0
2026-05-16 20:43:42,9.359999656677246,0.017999999225139618,0.0
2026-05-16 20:48:44,6.544000148773193,-0.014000000432133675,0.0
2026-05-16 20:53:46,3.76200008392334,-0.023000000044703484,0.0
2026-05-16 20:58:48,2.11899995803833,-0.014999999664723873,0.0
2026-05-17 06:03:36,2.11899995803833,-0.014999999664723873,0.0
2026-05-17 06:08:38,7.609000205993652,-0.004000000189989805,0.0
2026-05-17 06:13:40,9.401000022888184,0.03799999877810478,0.0
2026-05-17 06:18:42,11.717000007629395,0.013000000268220901,0.0
2026-05-17 06:28:46,17.29800033569336,0.014000000432133675,0.0
2026-05-17 06:33:48,20.03700065612793,0.004999999888241291,0.0
2026-05-17 06:43:52,24.791000366210938,-0.007000000216066837,0.0
2026-05-17 06:48:54,26.959999084472656,-0.003000000026077032,0.0
2026-05-17 06:53:56,28.91900062561035,0.004999999888241291,0.0
2026-05-17 07:04:00,32.74700164794922,-0.006000000052154064,0.0
2026-05-17 07:09:02,34.39799880981445,0.004999999888241291,0.0
2026-05-17 07:14:04,36.345001220703125,0.007000000216066837,0.0
2026-05-17 07:19:06,38.277000427246094,0.0010000000474974513,0.0
2026-05-17 07:24:08,40.18899917602539,0.004999999888241291,0.0
2026-05-17 07:29:10,42.43899917602539,0.013000000268220901,0.0
2026-05-17 07:34:12,142.56700134277344,0.0010000000474974513,0.0
2026-05-17 07:39:14,154.85299682617188,0.0010000000474974513,0.0
2026-05-17 07:44:16,199.3489990234375,0.0010000000474974513,0.0
2026-05-17 07:49:18,212.6790008544922,0.0010000000474974513,0.0
2026-05-17 07:54:20,234.70899963378906,0.0,0.0
2026-05-17 07:59:22,258.2669982910156,0.0,0.0
2026-05-17 08:04:24,282.2330017089844,0.0,0.0
2026-05-17 08:09:26,303.7900085449219,0.05700000002980232,0.003000000026077032
2026-05-17 08:14:28,340.48199462890625,0.48500001430511475,0.02800000086426735
2026-05-17 08:19:30,360.5509948730469,47.904998779296875,2.9189999103546143
2026-05-17 08:24:32,390.5920104980469,47.784000396728516,3.1540000438690186
2026-05-17 08:29:34,373.9129943847656,12.920999526977539,0.8159999847412109
2026-05-17 08:34:36,448.9419860839844,3.065999984741211,0.2329999953508377
2026-05-17 08:39:38,485.2980041503906,32.43600082397461,2.6600000858306885
2026-05-17 08:44:40,512.281005859375,50.54800033569336,4.375999927520752
2026-05-17 08:49:42,497.8160095214844,51.808998107910156,4.359000205993652
2026-05-17 08:54:44,417.69000244140625,55.92399978637695,3.947999954223633
2026-05-17 08:59:46,305.45098876953125,62.80099868774414,3.242000102996826
2026-05-17 09:04:48,352.02301025390625,63.707000732421875,3.7899999618530273
2026-05-17 09:09:50,356.4230041503906,60.75199890136719,3.6589999198913574
2026-05-17 09:14:52,314.15301513671875,67.65699768066406,3.5920000076293945
2026-05-17 09:19:54,295.0509948730469,65.9020004272461,3.2860000133514404
2026-05-17 09:24:56,288.2449951171875,66.82499694824219,3.255000114440918
2026-05-17 09:29:57,454.35198974609375,59.09199905395508,4.5370001792907715
2026-05-17 09:34:59,423.989013671875,62.375999450683594,4.468999862670898
2026-05-17 09:40:01,363.2250061035156,63.05400085449219,3.871000051498413
2026-05-17 09:45:03,318.80499267578125,65.16300201416016,3.510999917984009
2026-05-17 09:50:05,445.7760009765625,60.5359992980957,4.560999870300293
2026-05-17 09:55:07,549.9769897460938,56.6870002746582,5.269000053405762
2026-05-17 10:00:09,673.6209716796875,52.03900146484375,5.923999786376953
2026-05-17 10:05:11,611.8510131835938,52.64099884033203,5.442999839782715
2026-05-17 10:10:13,550.7630004882812,53.525001525878906,4.98199987411499
2026-05-17 10:15:15,525.35302734375,26.658000946044922,2.367000102996826
2026-05-17 10:20:17,639.8079833984375,49.8650016784668,5.392000198364258
2026-05-17 10:25:19,613.531005859375,48.257999420166016,5.004000186920166
2026-05-17 10:30:21,676.6649780273438,22.106000900268555,2.5280001163482666
2026-05-17 10:35:23,810.2449951171875,0.0,0.0
2026-05-17 10:40:25,806.3569946289062,0.0,0.0
2026-05-17 10:45:27,752.8590087890625,0.0,0.0
2026-05-17 10:50:29,837.8670043945312,0.0,0.0
2026-05-17 10:55:31,845.958984375,0.0,0.0
2026-05-17 11:00:33,851.2340087890625,0.0,0.0
2026-05-17 11:05:35,918.385986328125,0.0,0.0
2026-05-17 11:10:37,945.43701171875,0.0,0.0
2026-05-17 11:15:39,953.0059814453125,0.0,0.0
2026-05-17 11:20:41,966.3140258789062,0.0,0.0
2026-05-17 11:25:43,983.1220092773438,0.0,0.0
2026-05-17 11:30:45,991.3619995117188,0.0,0.0
2026-05-17 11:40:49,1014.89599609375,0.0,0.0
2026-05-17 11:45:51,1022.2490234375,0.0,0.0
2026-05-17 11:50:53,1044.6259765625,0.0,0.0
2026-05-17 11:55:55,1051.508056640625,0.0,0.0
2026-05-17 12:00:57,1023.9149780273438,0.0,0.0
2026-05-17 12:05:59,1014.5009765625,0.0,0.0
2026-05-17 12:11:01,1123.2430419921875,0.0,0.0
2026-05-17 12:16:03,1040.3499755859375,0.0,0.0
2026-05-17 12:21:05,744.6829833984375,0.0,0.0
2026-05-17 12:26:07,1101.8609619140625,0.0,0.0
2026-05-17 12:31:09,1129.06494140625,0.0,0.0
2026-05-17 12:36:11,1159.2750244140625,0.0,0.0
2026-05-17 12:46:15,925.97900390625,0.0,0.0
2026-05-17 12:51:17,842.2470092773438,0.0,0.0
2026-05-17 12:56:19,886.6060180664062,0.0,0.0
2026-05-17 13:01:21,868.39501953125,0.0,0.0
2026-05-17 13:06:23,602.8909912109375,0.0,0.0
2026-05-17 13:16:27,690.7849731445312,0.0,0.0
2026-05-17 13:21:29,799.426025390625,0.0,0.0
2026-05-17 13:45:07,485.67999267578125,2.0,0.164000004529953
2026-05-17 13:50:09,500.6969909667969,2.0910000801086426,0.1770000010728836
2026-05-17 13:55:11,483.552001953125,1.8309999704360962,0.15000000596046448
2026-05-17 14:00:13,465.3210144042969,1.6430000066757202,0.1289999932050705
2026-05-17 14:05:15,501.3169860839844,1.6759999990463257,0.1420000046491623
2026-05-17 14:10:17,630.1329956054688,1.312999963760376,0.14000000059604645
2026-05-17 14:15:19,637.6290283203125,0.6809999942779541,0.0729999989271164
2026-05-17 14:20:21,768.4749755859375,0.6570000052452087,0.08500000089406967
2026-05-17 14:25:23,761.72998046875,0.24799999594688416,0.03200000151991844
2026-05-17 14:30:25,593.7529907226562,0.5889999866485596,0.05900000035762787
2026-05-17 14:35:27,595.5250244140625,0.8939999938011169,0.09000000357627869
2026-05-17 14:40:29,573.6690063476562,1.0679999589920044,0.10400000214576721
2026-05-17 14:45:31,521.697998046875,1.25,0.10999999940395355
2026-05-17 14:50:33,502.9259948730469,1.7089999914169312,0.14499999582767487
2026-05-17 14:55:35,628.02099609375,1.475000023841858,0.15700000524520874
2026-05-17 15:00:37,615.885986328125,1.375,0.14300000667572021
2026-05-17 15:05:39,609.531005859375,1.3209999799728394,0.13600000739097595
2026-05-17 15:10:41,502.46600341796875,1.5490000247955322,0.13199999928474426
2026-05-17 15:15:43,478.70599365234375,1.503000020980835,0.12200000137090683
2026-05-17 15:20:45,488.9389953613281,1.6670000553131104,0.1379999965429306
2026-05-17 15:25:47,409.7829895019531,1.8489999771118164,0.12800000607967377
2026-05-17 15:30:49,426.8299865722656,2.0290000438690186,0.1459999978542328
2026-05-17 15:35:51,378.54901123046875,2.2960000038146973,0.1469999998807907
2026-05-17 15:40:53,313.2139892578125,2.569999933242798,0.13600000739097595
2026-05-17 15:45:55,396.3089904785156,0.8259999752044678,0.054999999701976776
2026-05-17 15:50:57,378.427001953125,0.7459999918937683,0.04800000041723251
2026-05-17 15:55:59,514.5759887695312,0.6480000019073486,0.0560000017285347
2026-05-17 16:01:01,797.208984375,0.7490000128746033,0.10100000351667404
2026-05-17 16:06:03,856.3289794921875,0.0010000000474974513,0.0
2026-05-17 16:16:07,794.10498046875,0.0,0.0
2026-05-17 16:21:09,779.64599609375,0.0,0.0
2026-05-17 16:26:11,774.635009765625,0.0,0.0
2026-05-17 16:31:13,402.7149963378906,0.0,0.0
2026-05-17 16:36:15,806.8709716796875,0.0,0.0
2026-05-17 16:41:17,759.4310302734375,0.0,0.0
2026-05-17 16:46:19,675.1859741210938,0.0,0.0
2026-05-17 16:51:20,654.3660278320312,0.0,0.0
2026-05-17 16:56:22,640.0889892578125,0.0,0.0
2026-05-17 17:01:24,623.1179809570312,0.0010000000474974513,0.0
2026-05-17 17:06:26,606.1740112304688,0.0,0.0
2026-05-17 17:11:28,592.14599609375,0.0,0.0
2026-05-17 17:16:30,587.343994140625,0.0,0.0
2026-05-17 17:21:32,581.8880004882812,0.0,0.0
2026-05-17 17:26:34,456.13299560546875,0.0,0.0
2026-05-17 17:31:36,444.1189880371094,0.0,0.0
2026-05-17 17:36:38,392.52099609375,0.0,0.0
2026-05-17 17:41:40,440.7300109863281,0.0,0.0
2026-05-17 17:46:42,478.635009765625,0.0,0.0
2026-05-17 17:51:44,412.2690124511719,0.0010000000474974513,0.0
2026-05-17 17:56:46,252.6540069580078,81.46800231933594,3.4790000915527344
2026-05-17 18:01:48,252.63499450683594,44.439998626708984,1.8969999551773071
2026-05-17 18:06:50,102.48200225830078,175.99200439453125,3.0480000972747803
2026-05-17 18:11:52,78.72000122070312,220.77099609375,2.937000036239624
2026-05-17 18:16:54,66.62899780273438,233.68899536132812,2.63100004196167
2026-05-17 18:21:56,52.244998931884766,283.62200927734375,2.503999948501587
2026-05-17 18:26:58,50.95500183105469,275.02099609375,2.368000030517578
2026-05-17 18:32:00,51.698001861572266,259.5950012207031,2.2679998874664307
2026-05-17 18:37:02,48.125,104.5989990234375,0.8510000109672546
2026-05-17 18:42:04,46.90999984741211,96.1969985961914,0.7630000114440918
2026-05-17 18:47:06,46.01100158691406,100.22799682617188,0.7789999842643738
2026-05-17 18:52:08,45.207000732421875,98.08999633789062,0.7490000128746033
2026-05-17 18:57:10,46.481998443603516,96.41899871826172,0.7570000290870667
2026-05-17 19:02:12,47.36000061035156,97.66899871826172,0.7820000052452087
2026-05-17 19:07:14,49.270999908447266,95.99199676513672,0.7990000247955322
2026-05-17 19:12:16,54.58700180053711,93.00800323486328,0.8579999804496765
2026-05-17 19:17:18,53.39799880981445,96.63700103759766,0.871999979019165
2026-05-17 19:22:20,44.641998291015625,98.48200225830078,0.7429999709129333
2026-05-17 19:27:22,39.80099868774414,95.14199829101562,0.6399999856948853
2026-05-17 19:32:24,37.14699935913086,94.26300048828125,0.5920000076293945
2026-05-17 19:37:26,35.33300018310547,98.9469985961914,0.5910000205039978
2026-05-17 19:42:28,31.864999771118164,97.81900024414062,0.5270000100135803
2026-05-17 19:47:30,27.461000442504883,101.92400360107422,0.4729999899864197
2026-05-17 19:52:32,24.941999435424805,104.37200164794922,0.4399999976158142
2026-05-17 19:57:34,22.69499969482422,45.48500061035156,0.17399999499320984
2026-05-17 20:02:36,20.905000686645508,60.78799819946289,0.2150000035762787
2026-05-17 20:07:38,19.204999923706055,64.1780014038086,0.20800000429153442
2026-05-17 20:12:40,18.19499969482422,55.49100112915039,0.17100000381469727
2026-05-17 20:17:42,16.232999801635742,54.02799987792969,0.14800000190734863
2026-05-17 20:22:44,15.098999977111816,45.25899887084961,0.11500000208616257
2026-05-17 20:27:46,12.86400032043457,72.77400207519531,0.15800000727176666
2026-05-17 20:32:48,10.375,64.30400085449219,0.11299999803304672
2026-05-17 20:37:50,8.112000465393066,71.23899841308594,0.09799999743700027
2026-05-17 20:42:52,6.006999969482422,11.378000259399414,0.012000000104308128
2026-05-17 20:47:54,4.113999843597412,0.4189999997615814,0.0
2026-05-17 20:52:56,2.806999921798706,0.3479999899864197,0.0
2026-05-17 20:57:58,1.687000036239624,0.1340000033378601,0.0
2026-05-17 21:03:00,0.7200000286102295,-0.17000000178813934,0.0
2026-05-18 06:01:50,0.7200000286102295,-0.17000000178813934,0.0
2026-05-18 06:06:52,2.234999895095825,0.08900000154972076,0.0
2026-05-18 06:11:54,3.8989999294281006,0.04399999976158142,0.0
2026-05-18 06:16:56,3.687000036239624,0.024000000208616257,0.0
2026-05-18 06:21:58,3.9769999980926514,0.019999999552965164,0.0
2026-05-18 06:27:00,6.185999870300293,-0.017999999225139618,0.0
2026-05-18 06:32:02,6.414000034332275,0.004000000189989805,0.0
2026-05-18 06:37:04,4.64900016784668,0.012000000104308128,0.0
2026-05-18 06:42:06,4.242000102996826,-0.06599999964237213,0.0
2026-05-18 06:47:08,4.494999885559082,0.007000000216066837,0.0
2026-05-18 06:52:10,6.145999908447266,0.008999999612569809,0.0
2026-05-18 06:57:12,10.76099967956543,0.019999999552965164,0.0
2026-05-18 07:02:14,11.062999725341797,-0.013000000268220901,0.0
2026-05-18 07:07:16,14.430000305175781,0.0020000000949949026,0.0
2026-05-18 07:12:18,11.545000076293945,-0.004999999888241291,0.0
2026-05-18 07:17:20,8.944000244140625,0.013000000268220901,0.0
2026-05-18 07:27:24,7.769000053405762,0.004000000189989805,0.0
2026-05-18 07:32:26,9.553999900817871,0.006000000052154064,0.0
2026-05-18 07:37:28,11.668999671936035,0.024000000208616257,0.0
2026-05-18 07:42:30,23.816999435424805,-0.0020000000949949026,0.0
2026-05-18 07:47:32,41.49300003051758,0.0020000000949949026,0.0
2026-05-18 07:52:34,43.99100112915039,0.003000000026077032,0.0
2026-05-18 07:57:36,43.867000579833984,-0.004000000189989805,0.0
2026-05-18 08:02:38,56.354000091552734,0.003000000026077032,0.0
2026-05-18 08:07:40,43.02199935913086,0.003000000026077032,0.0
2026-05-18 08:12:42,26.76300048828125,0.008999999612569809,0.0
2026-05-18 08:17:44,23.88599967956543,0.00800000037997961,0.0
2026-05-18 08:22:46,26.64699935913086,0.007000000216066837,0.0
2026-05-18 08:27:48,39.56999969482422,-0.00800000037997961,0.0
2026-05-18 08:32:50,26.2189998626709,-0.0010000000474974513,0.0
2026-05-18 08:37:52,22.525999069213867,0.004999999888241291,0.0
2026-05-18 08:42:54,21.882999420166016,0.013000000268220901,0.0
2026-05-18 08:47:56,13.149999618530273,0.014999999664723873,0.0
2026-05-18 08:52:57,16.325000762939453,-0.0020000000949949026,0.0
2026-05-18 08:57:59,30.246999740600586,0.004000000189989805,0.0
2026-05-18 09:03:01,66.7020034790039,0.0010000000474974513,0.0
2026-05-18 09:08:03,94.36100006103516,0.004000000189989805,0.0
2026-05-18 09:13:05,103.66600036621094,62.042999267578125,1.0870000123977661
2026-05-18 09:18:07,77.97899627685547,92.16899871826172,1.215000033378601
2026-05-18 09:23:09,73.7229995727539,94.66799926757812,1.1790000200271606
2026-05-18 09:28:11,63.6879997253418,93.9219970703125,1.0110000371932983
2026-05-18 09:33:13,69.44499969482422,93.58499908447266,1.0980000495910645
2026-05-18 09:38:15,76.03199768066406,89.39800262451172,1.1490000486373901
2026-05-18 09:43:17,46.500999450683594,100.63899993896484,0.7910000085830688
2026-05-18 09:48:19,33.874000549316406,96.63500213623047,0.5529999732971191
2026-05-18 09:53:21,26.792999267578125,97.24099731445312,0.4399999976158142
2026-05-18 09:58:23,29.371000289916992,93.32099914550781,0.46299999952316284
2026-05-18 10:03:25,43.191001892089844,95.61900329589844,0.6980000138282776
2026-05-18 10:08:27,41.685001373291016,100.99199676513672,0.7110000252723694
2026-05-18 10:13:29,38.91400146484375,96.52999877929688,0.6349999904632568
2026-05-18 10:18:31,37.25,99.91400146484375,0.6290000081062317
2026-05-18 10:23:33,38.15800094604492,100.30599975585938,0.6470000147819519
2026-05-18 10:28:35,24.238000869750977,100.56300354003906,0.41200000047683716
2026-05-18 10:33:37,20.996999740600586,101.51000213623047,0.36000001430511475
2026-05-18 10:38:39,47.7599983215332,101.51000213623047,0.8190000057220459
2026-05-18 10:43:41,104.96700286865234,95.72599792480469,1.6979999542236328
2026-05-18 10:48:43,69.58399963378906,88.14399719238281,1.0369999408721924
2026-05-18 10:53:45,52.013999938964844,95.17500305175781,0.8370000123977661
2026-05-18 10:58:47,53.577999114990234,100.21199798583984,0.9070000052452087
2026-05-18 11:03:49,51.09000015258789,97.8280029296875,0.8450000286102295
2026-05-18 11:08:51,32.27399826049805,104.97899627685547,0.5730000138282776
2026-05-18 11:13:53,21.360000610351562,98.30699920654297,0.35499998927116394
2026-05-18 11:18:55,23.89699935913086,106.03600311279297,0.42800000309944153
2026-05-18 11:23:57,16.79800033569336,103.86499786376953,0.29499998688697815
2026-05-18 11:28:59,13.770999908447266,93.36699676513672,0.21699999272823334
2026-05-18 11:34:01,24.257999420166016,101.62899780273438,0.4169999957084656
2026-05-18 11:39:03,39.02399826049805,101.99400329589844,0.6729999780654907
2026-05-18 11:44:05,33.40599822998047,100.51699829101562,0.5669999718666077
2026-05-18 11:49:07,53.37799835205078,92.77799987792969,0.8370000123977661
2026-05-18 11:54:09,82.70899963378906,93.46900177001953,1.305999994277954
2026-05-18 11:59:11,94.2969970703125,83.30400085449219,1.3279999494552612
2026-05-18 12:04:13,131.6219940185547,0.0,0.0
2026-05-18 12:09:15,283.9859924316406,76.13800048828125,3.6540000438690186
2026-05-18 12:14:17,370.24700927734375,68.63899993896484,4.295000076293945
2026-05-18 12:19:19,215.93099975585938,72.26399993896484,2.63700008392334
2026-05-18 12:24:21,365.4540100097656,67.79100036621094,4.186999797821045
2026-05-18 12:29:23,332.11700439453125,69.35700225830078,3.8929998874664307
2026-05-18 12:34:25,306.8389892578125,72.98100280761719,3.7839999198913574
2026-05-18 12:39:26,196.18499755859375,79.76599884033203,2.6449999809265137
2026-05-18 12:44:28,223.67100524902344,77.58599853515625,2.933000087738037
2026-05-18 12:49:30,406.9419860839844,67.02200317382812,4.609000205993652
2026-05-18 12:54:32,780.447998046875,3.622999906539917,0.4779999852180481
2026-05-18 12:59:34,467.4129943847656,2.7809998989105225,0.2199999988079071
2026-05-18 13:04:36,925.8880004882812,1.656999945640564,0.2590000033378601
2026-05-18 13:09:38,1098.5989990234375,0.7239999771118164,0.1340000033378601
2026-05-18 13:14:40,1085.7530517578125,0.46799999475479126,0.0860000029206276
2026-05-18 13:19:42,1005.1950073242188,0.0010000000474974513,0.0
2026-05-18 13:58:22,166.5050048828125,12.102999687194824,0.3409999907016754
2026-05-18 14:03:24,167.26400756835938,7.428999900817871,0.20999999344348907
2026-05-18 14:08:26,132.19000244140625,7.293000221252441,0.16300000250339508
2026-05-18 14:13:28,121.8290023803711,36.85900115966797,0.7590000033378601
2026-05-18 14:18:30,86.1510009765625,89.60099792480469,1.3049999475479126
2026-05-18 14:23:32,62.433998107910156,102.59100341796875,1.0820000171661377
2026-05-18 14:28:34,52.18299865722656,87.99199676513672,0.7760000228881836
2026-05-18 14:33:36,65.32099914550781,95.54299926757812,1.0549999475479126
2026-05-18 14:38:38,98.48200225830078,80.81500244140625,1.3450000286102295
2026-05-18 14:43:40,177.177001953125,74.89900207519531,2.243000030517578
2026-05-18 14:48:42,211.03799438476562,75.86699676513672,2.7060000896453857
2026-05-18 14:53:44,235.7100067138672,72.2699966430664,2.878999948501587
2026-05-18 14:58:46,710.4340209960938,46.808998107910156,5.619999885559082
2026-05-18 15:03:48,495.406005859375,5.60099983215332,0.4690000116825104
2026-05-18 15:08:50,395.6960144042969,3.7019999027252197,0.24799999594688416
2026-05-18 15:13:52,277.19500732421875,4.057000160217285,0.1899999976158142
2026-05-18 15:18:54,432.72198486328125,2.8970000743865967,0.21199999749660492
2026-05-18 15:23:56,1074.0689697265625,1.0169999599456787,0.1850000023841858
2026-05-18 15:28:58,378.3590087890625,2.9100000858306885,0.1860000044107437
2026-05-18 15:34:00,284.4960021972656,3.4579999446868896,0.16599999368190765
2026-05-18 15:39:02,531.5380249023438,2.2200000286102295,0.19900000095367432
2026-05-18 15:44:04,266.8500061035156,3.819999933242798,0.1720000058412552
2026-05-18 15:49:06,252.0229949951172,4.283999919891357,0.18199999630451202
2026-05-18 15:54:08,196.25799560546875,4.026000022888184,0.1340000033378601
2026-05-18 15:59:10,118.12300109863281,5.9629998207092285,0.11900000274181366
2026-05-18 16:04:12,94.51399993896484,7.275000095367432,0.11599999666213989
2026-05-18 16:09:14,73.81500244140625,2.4570000171661377,0.03099999949336052
2026-05-18 16:14:16,40.6349983215332,6.224999904632568,0.0430000014603138
2026-05-18 16:19:18,24.756999969482422,16.08300018310547,0.06700000166893005
2026-05-18 16:24:20,25.969999313354492,7.9710001945495605,0.03500000014901161
2026-05-18 16:29:22,38.474998474121094,97.96800231933594,0.6370000243186951
2026-05-18 16:34:24,79.91799926757812,85.37799835205078,1.152999997138977
2026-05-18 16:39:26,135.79400634765625,73.76499938964844,1.6929999589920044
2026-05-18 16:44:28,148.60299682617188,63.81999969482422,1.6030000448226929
2026-05-18 16:49:30,93.42400360107422,78.02799987792969,1.2319999933242798
2026-05-18 16:54:32,59.21799850463867,87.57499694824219,0.8759999871253967
2026-05-18 16:59:34,50.35900115966797,88.50800323486328,0.753000020980835
2026-05-18 17:04:36,45.28900146484375,86.39199829101562,0.6610000133514404
2026-05-18 17:09:38,41.57699966430664,88.16200256347656,0.6190000176429749
2026-05-18 17:14:40,56.77299880981445,89.19300079345703,0.8560000061988831
2026-05-18 17:19:42,134.7519989013672,76.9530029296875,1.7519999742507935
2026-05-18 17:24:44,98.87300109863281,77.16000366210938,1.2890000343322754
2026-05-18 17:29:46,51.4010009765625,87.19999694824219,0.7570000290870667
2026-05-18 17:34:48,40.78900146484375,90.54100036621094,0.6240000128746033
2026-05-18 17:39:50,21.878999710083008,92.71499633789062,0.34299999475479126
2026-05-18 17:44:52,14.29699993133545,83.6780014038086,0.20200000703334808
2026-05-18 17:49:54,12.038999557495117,90.375,0.18400000035762787
2026-05-18 17:54:56,12.130000114440918,109.97899627685547,0.22499999403953552
2026-05-18 17:59:58,15.314000129699707,102.4219970703125,0.26499998569488525
2026-05-18 18:05:00,20.493999481201172,107.17900085449219,0.3709999918937683
2026-05-18 18:10:02,26.256000518798828,97.55000305175781,0.43299999833106995
2026-05-18 18:15:04,42.43899917602539,82.20600128173828,0.5899999737739563
2026-05-18 18:20:06,67.10600280761719,78.06099700927734,0.8849999904632568
2026-05-18 18:25:07,74.11499786376953,83.06600189208984,1.0399999618530273
2026-05-18 18:30:09,121.56099700927734,83.93900299072266,1.7239999771118164
2026-05-18 18:35:11,133.1219940185547,81.27999877929688,1.8289999961853027
2026-05-18 18:40:13,103.91799926757812,77.31500244140625,1.3580000400543213
2026-05-18 18:45:15,79.49299621582031,82.80000305175781,1.1119999885559082
2026-05-18 18:50:17,75.8489990234375,83.58100128173828,1.0709999799728394
2026-05-18 18:55:19,60.999000549316406,85.83100128173828,0.8849999904632568
2026-05-18 19:00:21,54.86899948120117,81.81700134277344,0.7590000033378601
2026-05-18 19:05:23,51.275001525878906,88.71099853515625,0.7689999938011169
2026-05-18 19:10:25,49.02199935913086,89.33000183105469,0.7400000095367432
2026-05-18 19:15:27,57.18600082397461,77.52899932861328,0.7490000128746033
2026-05-18 19:20:29,65.552001953125,87.21399688720703,0.9660000205039978
2026-05-18 19:25:31,60.36800003051758,84.47599792480469,0.8619999885559082
2026-05-18 19:30:33,52.05699920654297,87.71700286865234,0.7720000147819519
2026-05-18 19:35:35,34.138999938964844,85.37799835205078,0.49300000071525574
2026-05-18 19:40:37,29.246000289916992,88.89700317382812,0.4390000104904175
2026-05-18 19:45:39,46.292999267578125,87.64299774169922,0.6859999895095825
2026-05-18 19:50:41,22.76300048828125,88.61399841308594,0.3409999907016754
2026-05-18 19:55:43,20.05500030517578,92.4469985961914,0.31299999356269836
2026-05-18 20:00:45,18.680999755859375,78.81500244140625,0.24899999797344208
2026-05-18 20:05:47,27.29800033569336,78.52100372314453,0.3619999885559082
2026-05-18 20:10:49,26.95800018310547,86.8219985961914,0.3959999978542328
2026-05-18 20:15:51,18.60300064086914,87.24199676513672,0.27399998903274536
2026-05-18 20:20:53,15.638999938964844,82.27300262451172,0.21699999272823334
2026-05-18 20:25:55,17.319000244140625,79.46099853515625,0.2329999953508377
2026-05-18 20:30:57,20.733999252319336,74.75900268554688,0.2619999945163727
2026-05-18 20:35:59,16.687999725341797,89.57599639892578,0.2529999911785126
2026-05-18 20:41:01,10.866000175476074,87.76399993896484,0.16099999845027924
2026-05-18 20:46:03,7.567999839782715,48.150001525878906,0.06199999898672104
2026-05-18 20:51:05,5.952000141143799,0.9039999842643738,0.0010000000474974513
2026-05-18 20:56:07,4.098999977111816,0.414000004529953,0.0
2026-05-18 21:01:09,2.125999927520752,0.16699999570846558,0.0
2026-05-19 05:50:59,2.125999927520752,0.16699999570846558,0.0
2026-05-19 05:56:01,2.7769999504089355,0.061000000685453415,0.0
2026-05-19 06:01:03,4.085000038146973,-0.03500000014901161,0.0
2026-05-19 06:06:05,5.664000034332275,0.009999999776482582,0.0
2026-05-19 06:11:07,8.711000442504883,-0.003000000026077032,0.0
2026-05-19 06:16:09,11.4350004196167,0.007000000216066837,0.0
2026-05-19 06:21:11,13.269000053405762,-0.007000000216066837,0.0
2026-05-19 06:26:13,16.464000701904297,0.017000000923871994,0.0
2026-05-19 06:31:15,18.843000411987305,0.00800000037997961,0.0
2026-05-19 06:36:17,24.413999557495117,0.003000000026077032,0.0
2026-05-19 06:41:19,32.73400115966797,-0.0020000000949949026,0.0
2026-05-19 06:46:21,42.209999084472656,0.0010000000474974513,0.0
2026-05-19 06:51:23,43.14099884033203,-0.0010000000474974513,0.0
2026-05-19 06:56:25,50.249000549316406,0.0010000000474974513,0.0
2026-05-19 07:01:27,53.55400085449219,0.0020000000949949026,0.0
2026-05-19 07:06:29,58.96500015258789,72.80799865722656,0.7260000109672546
2026-05-19 07:11:31,59.979000091552734,69.11699676513672,0.7009999752044678
2026-05-19 07:16:33,66.73600006103516,70.89700317382812,0.800000011920929
2026-05-19 07:21:35,60.59199905395508,74.75700378417969,0.765999972820282
2026-05-19 07:26:37,70.55999755859375,75.68299865722656,0.9020000100135803
2026-05-19 07:31:39,82.25499725341797,75.37699890136719,1.0479999780654907
2026-05-19 07:36:41,84.28299713134766,73.11599731445312,1.0410000085830688
2026-05-19 07:41:43,59.13100051879883,79.06999969482422,0.7900000214576721
2026-05-19 07:46:45,82.01599884033203,79.0770034790039,1.0959999561309814
2026-05-19 07:51:47,77.88600158691406,72.73999786376953,0.9570000171661377
2026-05-19 07:56:49,96.77300262451172,77.26200103759766,1.2640000581741333
2026-05-19 08:01:51,118.20800018310547,74.12300109863281,1.4809999465942383
2026-05-19 08:06:53,132.4459991455078,71.83100128173828,1.6080000400543213
2026-05-19 08:11:55,166.0019989013672,67.5989990234375,1.8960000276565552
2026-05-19 08:16:57,152.61000061035156,75.4260025024414,1.9450000524520874
2026-05-19 08:21:59,131.3990020751953,76.0979995727539,1.690000057220459
2026-05-19 08:27:01,130.57400512695312,76.22899627685547,1.6820000410079956
2026-05-19 08:32:03,149.3990020751953,62.297000885009766,1.5729999542236328
2026-05-19 08:37:05,168.27000427246094,62.104000091552734,1.7660000324249268
2026-05-19 08:42:07,247.2550048828125,49.952999114990234,2.0869998931884766
2026-05-19 08:47:09,258.260986328125,0.0020000000949949026,0.0
2026-05-19 08:52:11,287.1499938964844,0.0010000000474974513,0.0
2026-05-19 08:57:13,273.7300109863281,57.689998626708984,2.6689999103546143
2026-05-19 09:02:15,199.5019989013672,67.35399627685547,2.2709999084472656
2026-05-19 09:07:17,252.9010009765625,61.41600036621094,2.625
2026-05-19 09:12:18,282.00201416015625,62.902000427246094,2.997999906539917
2026-05-19 09:17:20,330.9549865722656,56.667999267578125,3.1700000762939453
2026-05-19 09:22:22,408.177001953125,55.11399841308594,3.802000045776367
2026-05-19 09:27:24,375.81500244140625,62.34299850463867,3.9600000381469727
2026-05-19 09:32:26,466.57598876953125,61.66600036621094,4.861999988555908
2026-05-19 09:37:28,362.27899169921875,63.80500030517578,3.9059998989105225
2026-05-19 09:42:30,481.614013671875,58.54499816894531,4.764999866485596
2026-05-19 09:47:32,378.6719970703125,62.97600173950195,4.03000020980835
2026-05-19 09:52:34,379.10198974609375,64.38200378417969,4.125
2026-05-19 09:57:36,380.8890075683594,62.32099914550781,4.01200008392334
2026-05-19 10:02:38,298.9389953613281,69.26200103759766,3.499000072479248
2026-05-19 10:07:40,274.2699890136719,71.21399688720703,3.3010001182556152
2026-05-19 10:12:42,282.5169982910156,70.73600006103516,3.377000093460083
2026-05-19 10:17:44,246.39700317382812,73.5250015258789,3.062000036239624
2026-05-19 10:22:46,254.72500610351562,73.23200225830078,3.1530001163482666
2026-05-19 10:27:48,273.3349914550781,72.61799621582031,3.3540000915527344
2026-05-19 10:32:50,307.4330139160156,69.96499633789062,3.634999990463257
2026-05-19 10:37:52,256.7170104980469,74.01100158691406,3.2109999656677246
2026-05-19 10:42:54,244.06900024414062,74.4489974975586,3.071000099182129
2026-05-19 10:47:56,248.093994140625,74.25900268554688,3.114000082015991
2026-05-19 10:52:58,276.5270080566406,72.99400329589844,3.4110000133514404
2026-05-19 10:58:00,346.54901123046875,69.06099700927734,4.045000076293945
2026-05-19 11:03:02,388.7909851074219,66.25499725341797,4.353000164031982
2026-05-19 11:08:04,420.0429992675781,63.59600067138672,4.514999866485596
2026-05-19 11:13:06,435.3389892578125,61.983001708984375,4.559999942779541
2026-05-19 11:18:08,356.7030029296875,66.25299835205078,3.99399995803833
2026-05-19 11:23:10,471.3299865722656,61.27199935913086,4.88100004196167
2026-05-19 11:28:12,630.8870239257812,47.90800094604492,5.107999801635742
2026-05-19 11:33:14,589.9769897460938,3.9739999771118164,0.3959999978542328
2026-05-19 11:38:16,646.677001953125,0.7149999737739563,0.07800000160932541
2026-05-19 11:43:18,697.5789794921875,0.9779999852180481,0.11500000208616257
2026-05-19 11:48:20,694.4940185546875,0.07000000029802322,0.00800000037997961
2026-05-19 11:53:22,326.9989929199219,0.0020000000949949026,0.0
2026-05-19 11:58:24,639.47900390625,0.0010000000474974513,0.0
2026-05-19 12:03:26,761.6820068359375,0.7269999980926514,0.09399999678134918
2026-05-19 12:08:28,782.072998046875,0.8759999871253967,0.11599999666213989
2026-05-19 12:13:30,603.3369750976562,0.9929999709129333,0.10100000351667404
2026-05-19 12:18:32,428.5050048828125,2.193000078201294,0.1589999943971634
2026-05-19 12:23:34,509.6990051269531,2.632999897003174,0.22699999809265137
2026-05-19 12:28:36,586.5280151367188,2.11899995803833,0.20999999344348907
2026-05-19 12:33:38,673.4349975585938,2.0139999389648438,0.2290000021457672
2026-05-19 12:38:40,582.1849975585938,1.3680000305175781,0.13500000536441803
2026-05-19 12:43:42,533.0590209960938,1.2790000438690186,0.11500000208616257
2026-05-19 12:48:44,755.156982421875,0.5180000066757202,0.06599999964237213
2026-05-19 12:53:46,875.1680297851562,0.0,0.0
2026-05-19 13:03:50,564.5579833984375,0.0,0.0
2026-05-19 13:08:52,553.4450073242188,0.0,0.0
2026-05-19 13:13:54,496.6419982910156,0.0,0.0
2026-05-19 13:18:56,558.5440063476562,0.0,0.0
2026-05-19 13:47:37,284.9630126953125,-0.0010000000474974513,0.0
2026-05-19 13:52:39,233.1580047607422,0.0,0.0
2026-05-19 13:57:41,199.99099731445312,0.0,0.0
2026-05-19 14:02:43,153.64100646972656,0.0010000000474974513,0.0
2026-05-19 14:12:47,110.677001953125,0.004000000189989805,0.0
2026-05-19 14:17:49,107.78700256347656,81.12300109863281,1.4780000448226929
2026-05-19 14:22:51,113.65699768066406,81.14399719238281,1.559000015258789
2026-05-19 14:27:53,125.33899688720703,79.0479965209961,1.6740000247955322
2026-05-19 14:32:55,147.12899780273438,79.13800048828125,1.968000054359436
2026-05-19 14:37:57,180.08900451660156,75.6500015258789,2.302000045776367
2026-05-19 14:42:59,196.56700134277344,74.10199737548828,2.4619998931884766
2026-05-19 14:48:01,194.78399658203125,73.27300262451172,2.4119999408721924
2026-05-19 14:53:03,264.15301513671875,65.6050033569336,2.928999900817871
2026-05-19 14:58:05,465.02899169921875,0.21400000154972076,0.017000000923871994
2026-05-19 15:03:07,649.9249877929688,0.16899999976158142,0.01899999938905239
2026-05-19 15:08:09,540.9920043945312,0.003000000026077032,0.0
2026-05-19 15:13:11,573.3359985351562,0.003000000026077032,0.0
2026-05-19 15:18:13,506.60699462890625,0.0020000000949949026,0.0
2026-05-19 15:23:15,507.6409912109375,0.003000000026077032,0.0
2026-05-19 15:28:17,407.36199951171875,0.003000000026077032,0.0
2026-05-19 15:33:19,315.7170104980469,0.003000000026077032,0.0
2026-05-19 15:38:21,261.9909973144531,86.37000274658203,3.8239998817443848
2026-05-19 15:43:23,236.27999877929688,83.4749984741211,3.3329999446868896
2026-05-19 15:48:25,213.7209930419922,0.003000000026077032,0.0
2026-05-19 15:53:27,204.88699340820312,0.0020000000949949026,0.0
2026-05-19 15:58:29,183.61599731445312,0.0020000000949949026,0.0
2026-05-19 16:03:31,167.27999877929688,0.0020000000949949026,0.0
2026-05-19 16:08:33,196.47500610351562,0.0010000000474974513,0.0
2026-05-19 16:13:35,200.51499938964844,0.0010000000474974513,0.0
2026-05-19 16:18:36,215.5500030517578,0.0010000000474974513,0.0
2026-05-19 16:23:38,195.75999450683594,0.0,0.0
2026-05-19 16:28:40,178.40199279785156,0.0010000000474974513,0.0
2026-05-19 16:33:42,159.74400329589844,0.003000000026077032,0.0
2026-05-19 16:38:44,162.76800537109375,0.0010000000474974513,0.0
2026-05-19 17:01:03,190.8820037841797,0.0,0.0
2026-05-19 17:06:05,189.46099853515625,0.0020000000949949026,0.0
2026-05-19 17:11:07,211.66600036621094,0.0010000000474974513,0.0
2026-05-19 17:16:09,258.86199951171875,0.0,0.0
2026-05-19 17:22:47,255.9219970703125,4.940000057220459,0.21400000154972076
2026-05-19 17:27:49,220.427001953125,77.7030029296875,2.8949999809265137
2026-05-19 17:32:51,225.08099365234375,74.95700073242188,2.8510000705718994
2026-05-19 17:37:53,442.7359924316406,58.98699951171875,4.414000034332275
2026-05-19 17:42:55,346.5050048828125,50.87699890136719,2.9790000915527344
2026-05-19 17:47:57,304.3919982910156,72.83699798583984,3.746999979019165
2026-05-19 17:52:59,194.09800720214844,75.79900360107422,2.4860000610351562
2026-05-19 17:58:01,156.09100341796875,79.6969985961914,2.1019999980926514
2026-05-19 18:03:03,143.343994140625,81.95500183105469,1.9850000143051147
2026-05-19 18:08:05,154.41400146484375,81.52899932861328,2.128000020980835
2026-05-19 18:16:38,163.98599243164062,87.86399841308594,2.434999942779541
2026-05-19 18:21:40,128.3730010986328,136.10000610351562,2.953000068664551
2026-05-19 18:26:42,121.52200317382812,134.19700622558594,2.75600004196167
2026-05-19 18:31:45,116.60099792480469,139.28199768066406,2.744999885559082
2026-05-19 18:36:47,94.78600311279297,86.26300048828125,1.3819999694824219
2026-05-19 18:41:49,89.7509994506836,83.35099792480469,1.2640000581741333
2026-05-19 18:46:51,96.0250015258789,83.072998046875,1.3480000495910645
2026-05-19 18:51:53,92.10299682617188,85.05500030517578,1.3240000009536743
2026-05-19 18:56:55,76.98999786376953,84.90299987792969,1.1050000190734863
2026-05-19 19:01:57,73.58899688720703,84.32599639892578,1.0490000247955322
2026-05-19 19:06:59,56.75400161743164,82.28700256347656,0.7889999747276306
2026-05-19 19:12:01,78.01799774169922,82.72200012207031,1.090999960899353
2026-05-19 19:17:03,76.1510009765625,84.0739974975586,1.0820000171661377
2026-05-19 19:22:05,61.99300003051758,84.04499816894531,0.8809999823570251
2026-05-19 19:27:07,49.09700012207031,93.66899871826172,0.7770000100135803
2026-05-19 19:32:09,44.257999420166016,90.16300201416016,0.6740000247955322
2026-05-19 19:37:11,39.446998596191406,86.48799896240234,0.5770000219345093
2026-05-19 19:42:13,33.7140007019043,86.30500030517578,0.492000013589859
2026-05-19 19:47:15,38.084999084472656,86.13899993896484,0.5540000200271606
2026-05-19 19:52:17,38.92300033569336,85.22000122070312,0.5609999895095825
2026-05-19 19:57:19,39.31700134277344,86.71099853515625,0.5759999752044678
2026-05-19 20:02:21,36.20100021362305,86.947998046875,0.5320000052452087
2026-05-19 20:07:23,33.17300033569336,86.68399810791016,0.4860000014305115
2026-05-19 20:12:25,30.820999145507812,90.04299926757812,0.4690000116825104
2026-05-19 20:17:27,28.231000900268555,84.8759994506836,0.4050000011920929
2026-05-19 20:22:29,25.08799934387207,89.81099700927734,0.38100001215934753
2026-05-19 20:27:31,21.368000030517578,90.3239974975586,0.32600000500679016
2026-05-19 20:32:33,16.933000564575195,94.13500213623047,0.26899999380111694
2026-05-19 20:37:35,13.342000007629395,85.30000305175781,0.19200000166893005
2026-05-19 20:42:37,10.987000465393066,45.23500061035156,0.08399999886751175
2026-05-19 20:47:39,8.494000434875488,45.422000885009766,0.06499999761581421
2026-05-19 20:52:41,5.550000190734863,0.41600000858306885,0.0
2026-05-19 20:57:43,3.3259999752044678,0.42500001192092896,0.0
2026-05-19 21:02:45,1.6779999732971191,0.1589999943971634,0.0
2026-05-20 05:50:11,1.6779999732971191,0.1589999943971634,0.0
2026-05-20 05:55:13,2.438999891281128,0.2980000078678131,0.0
2026-05-20 06:00:15,4.5279998779296875,0.17800000309944153,0.0
2026-05-20 06:05:18,7.085999965667725,0.33000001311302185,0.0
2026-05-20 06:10:20,7.4079999923706055,0.2879999876022339,0.0
2026-05-20 06:15:22,11.04699993133545,18.18600082397461,0.03400000184774399
2026-05-20 06:20:24,13.312000274658203,40.595001220703125,0.09099999815225601
2026-05-20 06:25:26,20.01099967956543,49.93199920654297,0.16899999976158142
2026-05-20 06:30:28,22.409000396728516,45.0620002746582,0.17100000381469727
2026-05-20 06:35:30,25.878999710083008,46.5880012512207,0.20399999618530273
2026-05-20 06:40:32,32.86899948120117,50.354000091552734,0.2800000011920929
2026-05-20 06:45:34,40.70199966430664,51.237998962402344,0.35199999809265137
2026-05-20 06:50:36,46.22600173950195,54.10499954223633,0.4230000078678131
2026-05-20 06:55:38,46.74700164794922,58.11399841308594,0.45899999141693115
2026-05-20 07:00:40,51.845001220703125,57.07899856567383,0.5
2026-05-20 07:05:42,62.42300033569336,58.63800048828125,0.6190000176429749
2026-05-20 07:10:44,70.86399841308594,56.92599868774414,0.6819999814033508
2026-05-20 07:15:46,75.31400299072266,56.930999755859375,0.7250000238418579
2026-05-20 07:20:48,87.1449966430664,56.26499938964844,0.8289999961853027
2026-05-20 07:25:50,90.77300262451172,55.702999114990234,0.8550000190734863
2026-05-20 07:30:52,91.04900360107422,57.45899963378906,0.8840000033378601
2026-05-20 07:35:54,98.14199829101562,49.426998138427734,0.8199999928474426
2026-05-20 07:40:56,116.16000366210938,40.433998107910156,0.7940000295639038
2026-05-20 07:45:58,144.9600067138672,37.70600128173828,0.9240000247955322
2026-05-20 07:51:00,145.5290069580078,45.13399887084961,1.1100000143051147
2026-05-20 07:56:02,238.72900390625,36.691001892089844,1.4800000190734863
2026-05-20 08:01:04,186.31500244140625,11.651000022888184,0.367000013589859
2026-05-20 08:06:06,166.968994140625,29.89699935913086,0.843999981880188
2026-05-20 08:11:08,159.07899475097656,37.58599853515625,1.0099999904632568
2026-05-20 08:16:10,147.8419952392578,38.66899871826172,0.9660000205039978
2026-05-20 08:21:12,181.50399780273438,36.643001556396484,1.1239999532699585
2026-05-20 08:26:14,300.3429870605469,27.954999923706055,1.4190000295639038
2026-05-20 08:31:16,276.7860107421875,3.693000078201294,0.17299999296665192
2026-05-20 08:36:18,311.0740051269531,2.5929999351501465,0.13600000739097595
2026-05-20 08:41:20,319.0060119628906,3.2360000610351562,0.17399999499320984
2026-05-20 08:46:22,266.875,2.177999973297119,0.09799999743700027
2026-05-20 08:51:24,264.8320007324219,2.4839999675750732,0.11100000143051147
2026-05-20 08:56:26,404.8710021972656,1.9620000123977661,0.1340000033378601
2026-05-20 09:01:28,379.2430114746094,5.051000118255615,0.3240000009536743
2026-05-20 09:06:30,467.8169860839844,3.8410000801086426,0.30399999022483826
2026-05-20 09:11:32,580.2899780273438,4.201000213623047,0.41200000047683716
2026-05-20 09:16:34,636.3770141601562,2.058000087738037,0.22100000083446503
2026-05-20 09:21:36,493.1310119628906,2.677000045776367,0.22300000488758087
2026-05-20 09:26:38,464.5740051269531,2.5969998836517334,0.20399999618530273
2026-05-20 09:31:40,447.85101318359375,2.6579999923706055,0.20100000500679016
2026-05-20 09:36:42,386.9849853515625,3.062999963760376,0.20000000298023224
2026-05-20 09:41:44,379.9339904785156,2.86299991607666,0.18400000035762787
2026-05-20 09:46:46,351.4580078125,2.930999994277954,0.17399999499320984
2026-05-20 09:51:48,312.12298583984375,3.5380001068115234,0.18700000643730164
2026-05-20 09:56:50,333.9469909667969,3.4679999351501465,0.19599999487400055
2026-05-20 10:01:52,485.66900634765625,2.240000009536743,0.18400000035762787
2026-05-20 10:06:54,659.4719848632812,1.75,0.19499999284744263
2026-05-20 10:11:56,631.1199951171875,2.378000020980835,0.2540000081062317
2026-05-20 10:16:58,288.5899963378906,3.3910000324249268,0.16500000655651093
2026-05-20 10:22:00,324.3999938964844,2.0280001163482666,0.11100000143051147
2026-05-20 10:27:02,573.4990234375,1.2259999513626099,0.11900000274181366
2026-05-20 10:32:04,216.2259979248047,2.7239999771118164,0.10000000149011612
2026-05-20 10:37:06,323.7300109863281,1.9980000257492065,0.10899999737739563
2026-05-20 10:42:08,886.8569946289062,0.0,0.0
2026-05-20 10:47:10,827.5859985351562,0.0020000000949949026,0.0
2026-05-20 10:57:14,423.5790100097656,0.0,0.0
2026-05-20 11:02:16,412.06201171875,60.242000579833984,4.195000171661377
2026-05-20 11:07:18,574.5280151367188,72.61799621582031,7.051000118255615
2026-05-20 11:12:20,947.280029296875,0.0,0.0
2026-05-20 11:17:22,937.14697265625,0.0,0.0
2026-05-20 11:22:24,969.7990112304688,0.0,0.0
2026-05-20 11:27:26,1042.10302734375,0.0,0.0
2026-05-20 11:32:28,550.8909912109375,0.0,0.0
2026-05-20 11:37:30,1180.8409423828125,0.0,0.0
2026-05-20 11:42:32,1115.197998046875,0.0,0.0
2026-05-20 11:47:34,490.74700927734375,0.0,0.0
2026-05-20 11:52:36,470.40899658203125,0.0,0.0
2026-05-20 11:57:38,1150.491943359375,0.0,0.0
2026-05-20 12:02:40,574.2990112304688,0.0,0.0
2026-05-20 12:07:42,467.0379943847656,0.0,0.0
2026-05-20 12:12:44,435.760009765625,0.0,0.0
2026-05-20 12:17:46,497.6340026855469,0.0,0.0
2026-05-20 12:22:48,540.5919799804688,0.0,0.0
2026-05-20 12:27:50,799.1669921875,0.0,0.0
2026-05-20 12:32:52,1235.8330078125,0.0,0.0
2026-05-20 12:37:54,411.77099609375,0.0,0.0
2026-05-20 12:47:58,935.541015625,0.0,0.0
2026-05-20 12:53:01,1222.9990234375,0.0,0.0
2026-05-20 12:58:03,1274.6309814453125,0.0,0.0
2026-05-20 13:08:07,572.6400146484375,0.0010000000474974513,0.0
2026-05-20 13:13:09,1185.10400390625,0.0,0.0
2026-05-20 13:18:11,1107.720947265625,0.0,0.0
2026-05-20 13:23:13,1139.2640380859375,0.0,0.0
2026-05-20 13:46:55,292.9209899902344,0.0,0.0
2026-05-20 13:51:57,282.52301025390625,0.0,0.0
2026-05-20 14:02:01,1107.22705078125,0.0,0.0
2026-05-20 14:07:03,1164.31298828125,0.0,0.0
2026-05-20 14:12:05,1141.1519775390625,0.0,0.0
2026-05-20 14:17:07,1155.10205078125,0.0,0.0
2026-05-20 14:22:09,263.6050109863281,0.0,0.0
2026-05-20 14:27:11,1182.43896484375,0.0,0.0
2026-05-20 14:32:13,209.5279998779297,0.0,0.0
2026-05-20 14:37:15,237.4510040283203,0.0010000000474974513,0.0
2026-05-20 14:42:17,711.8790283203125,0.0,0.0
2026-05-20 14:43:01,262.7179870605469,0.0,0.0
2026-05-21 09:37:35,262.7179870605469,0.0,0.0
2026-05-21 09:42:42,558.6329956054688,0.38499999046325684,0.035999998450279236
2026-05-21 09:47:59,643.4509887695312,0.003000000026077032,0.0
2026-05-21 10:00:51,677.3419799804688,0.0,0.0
2026-05-21 10:04:42,693.6339721679688,0.0,0.0
2026-05-21 10:05:32,696.322021484375,0.0,0.0
2026-05-21 10:21:12,651.760009765625,0.0,0.0
2026-05-21 10:21:24,668.708984375,0.0,0.0
2026-05-21 10:21:48,690.9869995117188,0.0,0.0
2026-05-21 10:26:50,724.7310180664062,0.0,0.0
2026-05-21 10:31:52,733.9520263671875,0.0,0.0
2026-05-21 10:36:54,724.3569946289062,0.0,0.0
2026-05-21 10:41:56,772.6829833984375,0.0,0.0
2026-05-21 10:46:58,768.510009765625,0.0,0.0
2026-05-21 10:52:00,823.9730224609375,0.0,0.0
2026-05-21 10:57:02,843.2730102539062,0.0,0.0
2026-05-21 11:02:04,899.0579833984375,0.0,0.0
2026-05-21 11:07:06,865.8880004882812,0.0,0.0
2026-05-21 11:12:08,886.7429809570312,0.0,0.0
2026-05-21 11:17:10,925.4329833984375,0.0,0.0
2026-05-21 11:22:12,844.3469848632812,0.0,0.0
2026-05-21 11:27:14,927.3330078125,0.0,0.0
2026-05-21 11:32:16,922.2030029296875,0.0,0.0
2026-05-21 11:37:18,921.0700073242188,0.0,0.0
2026-05-21 11:42:20,917.3489990234375,0.0,0.0
2026-05-21 11:47:22,967.8419799804688,0.0,0.0
2026-05-21 11:52:24,967.4400024414062,0.0,0.0
2026-05-21 11:57:26,1025.5889892578125,0.0,0.0
2026-05-21 12:02:28,1062.6839599609375,0.0,0.0
2026-05-21 12:07:30,915.2429809570312,0.0,0.0
2026-05-21 12:12:32,979.1729736328125,0.0,0.0
2026-05-21 12:17:34,1014.281005859375,0.0,0.0
2026-05-21 12:22:36,1036.1810302734375,0.0,0.0
2026-05-21 12:27:38,1035.47705078125,0.0,0.0
2026-05-21 12:32:40,1063.1729736328125,0.0,0.0
2026-05-21 12:37:42,984.5369873046875,0.0,0.0
2026-05-21 12:42:44,1025.866943359375,0.0,0.0
2026-05-21 12:47:46,995.6179809570312,0.0,0.0
2026-05-21 12:52:48,1038.6190185546875,0.0,0.0
2026-05-21 12:57:50,1056.612060546875,0.0,0.0
2026-05-21 13:12:56,1058.001953125,0.0,0.0
2026-05-21 13:17:58,1065.7550048828125,0.0,0.0
2026-05-21 13:23:00,923.6500244140625,0.0,0.0
2026-05-21 13:46:43,937.2789916992188,0.0010000000474974513,0.0
2026-05-21 13:51:45,1061.3399658203125,0.0,0.0
2026-05-21 13:56:47,1014.9530029296875,0.0,0.0
2026-05-21 14:01:49,980.4660034179688,0.0,0.0
2026-05-21 14:06:51,1030.2099609375,0.0,0.0
2026-05-21 14:11:53,1060.89501953125,0.0,0.0
2026-05-21 14:16:55,1026.7509765625,0.0,0.0
2026-05-21 14:21:57,1020.0869750976562,0.0020000000949949026,0.0
2026-05-21 14:26:59,1011.614013671875,0.10999999940395355,0.01899999938905239
2026-05-21 14:32:01,988.9349975585938,0.06400000303983688,0.010999999940395355
2026-05-21 14:37:03,1028.407958984375,0.017999999225139618,0.003000000026077032
2026-05-21 14:42:05,968.5709838867188,0.07800000160932541,0.013000000268220901
2026-05-21 14:47:07,960.0230102539062,0.0020000000949949026,0.0
2026-05-21 14:52:09,989.7260131835938,0.0020000000949949026,0.0
2026-05-21 14:57:11,977.802978515625,0.004000000189989805,0.0010000000474974513
2026-05-21 15:02:13,985.0349731445312,0.02500000037252903,0.004000000189989805
2026-05-21 15:07:15,956.7789916992188,0.1850000023841858,0.029999999329447746
2026-05-21 15:12:17,891.9019775390625,0.003000000026077032,0.0
2026-05-21 15:17:19,945.7579956054688,0.014000000432133675,0.0020000000949949026
2026-05-21 15:22:21,908.52099609375,0.003000000026077032,0.0
2026-05-21 15:27:23,910.8159790039062,0.0020000000949949026,0.0
2026-05-21 15:32:25,832.468994140625,0.0020000000949949026,0.0
2026-05-21 15:37:27,761.9860229492188,0.003000000026077032,0.0
2026-05-21 15:42:29,796.4459838867188,0.003000000026077032,0.0
2026-05-21 15:47:31,829.8909912109375,0.0020000000949949026,0.0
2026-05-21 15:52:33,737.2020263671875,0.003000000026077032,0.0
2026-05-21 15:57:34,657.0969848632812,0.003000000026077032,0.0
2026-05-21 16:02:36,458.0589904785156,0.003000000026077032,0.0
2026-05-21 16:07:38,452.0069885253906,0.0020000000949949026,0.0
2026-05-21 16:12:40,556.5139770507812,0.0010000000474974513,0.0
2026-05-21 16:17:42,689.4409790039062,0.0010000000474974513,0.0
2026-05-21 16:22:44,581.0059814453125,0.0010000000474974513,0.0
2026-05-21 16:27:46,726.552978515625,0.0,0.0
2026-05-21 16:32:48,763.5590209960938,0.21899999678134918,0.02800000086426735
2026-05-21 16:37:50,739.406982421875,0.1809999942779541,0.023000000044703484
2026-05-21 16:42:52,709.3939819335938,0.10100000351667404,0.012000000104308128
2026-05-21 16:47:54,669.3989868164062,0.0020000000949949026,0.0
2026-05-21 16:52:56,643.5590209960938,0.0020000000949949026,0.0
2026-05-21 16:57:58,635.39697265625,0.0020000000949949026,0.0
2026-05-21 17:03:00,581.7119750976562,0.0010000000474974513,0.0
2026-05-21 17:08:02,629.3920288085938,0.0010000000474974513,0.0
2026-05-21 17:13:04,567.1610107421875,0.0010000000474974513,0.0
2026-05-21 17:18:06,493.7030029296875,0.0,0.0
2026-05-21 17:23:08,543.7830200195312,0.0010000000474974513,0.0
2026-05-21 17:28:10,425.54400634765625,0.0,0.0
2026-05-21 17:33:12,512.4869995117188,0.0010000000474974513,0.0
2026-05-21 17:38:14,490.78900146484375,0.0010000000474974513,0.0
2026-05-21 17:43:16,424.5369873046875,0.0010000000474974513,0.0
2026-05-21 17:48:18,456.2969970703125,0.0010000000474974513,0.0
2026-05-21 17:53:20,429.572998046875,0.0020000000949949026,0.0
2026-05-21 17:58:22,427.6910095214844,0.0010000000474974513,0.0
2026-05-21 18:03:24,157.60000610351562,0.004999999888241291,0.0
2026-05-21 18:08:26,87.53800201416016,0.0020000000949949026,0.0
2026-05-21 18:13:28,83.73300170898438,0.003000000026077032,0.0
2026-05-21 18:18:30,79.72100067138672,0.004999999888241291,0.0
2026-05-21 18:23:32,76.37899780273438,0.0020000000949949026,0.0
2026-05-21 18:28:34,72.97599792480469,0.0010000000474974513,0.0
2026-05-21 18:33:36,68.83200073242188,0.003000000026077032,0.0
2026-05-21 18:38:38,67.42400360107422,86.7750015258789,0.9890000224113464
2026-05-21 18:43:40,67.46299743652344,78.90299987792969,0.8999999761581421
2026-05-21 18:48:42,61.90599822998047,78.33999633789062,0.8199999928474426
2026-05-21 18:53:44,56.0369987487793,79.99299621582031,0.7580000162124634
2026-05-21 18:58:46,50.584999084472656,81.9010009765625,0.699999988079071
2026-05-21 19:03:48,50.52299880981445,79.18299865722656,0.6759999990463257
2026-05-21 19:08:50,50.11899948120117,84.4010009765625,0.7149999737739563
2026-05-21 19:13:52,46.37900161743164,83.83300018310547,0.6570000052452087
2026-05-21 19:18:54,45.566001892089844,82.3489990234375,0.6340000033378601
2026-05-21 19:23:56,46.97100067138672,85.46800231933594,0.6779999732971191
2026-05-21 19:28:58,46.724998474121094,82.2959976196289,0.6499999761581421
2026-05-21 19:34:00,44.9900016784668,82.93000030517578,0.6309999823570251
2026-05-21 19:39:02,42.44300079345703,83.62899780273438,0.6000000238418579
2026-05-21 19:44:03,40.887001037597656,83.06500244140625,0.5740000009536743
2026-05-21 19:49:05,37.946998596191406,89.08100128173828,0.5709999799728394
2026-05-21 19:54:07,36.03200149536133,88.30500030517578,0.5379999876022339
2026-05-21 19:59:09,34.696998596191406,80.66600036621094,0.4729999899864197
2026-05-21 20:04:11,32.04800033569336,83.95500183105469,0.45500001311302185
2026-05-21 20:09:13,27.547000885009766,85.71099853515625,0.39899998903274536
2026-05-21 20:14:15,25.30500030517578,78.90299987792969,0.3370000123977661
2026-05-21 20:19:17,23.506000518798828,85.06099700927734,0.33799999952316284
2026-05-21 20:24:19,22.503000259399414,83.677001953125,0.3179999887943268
2026-05-21 20:29:21,21.66200065612793,-0.003000000026077032,0.0
2026-05-21 20:34:23,19.46299934387207,0.017999999225139618,0.0
2026-05-21 20:39:25,16.150999069213867,0.004999999888241291,0.0
2026-05-21 20:44:27,13.4399995803833,-0.0020000000949949026,0.0
2026-05-21 20:49:29,10.843000411987305,0.013000000268220901,0.0
2026-05-21 20:54:31,8.064000129699707,-0.004000000189989805,0.0
2026-05-21 21:04:35,3.6619999408721924,-0.01600000075995922,0.0
2026-05-22 05:52:34,3.6619999408721924,-0.01600000075995922,0.0
2026-05-22 05:57:36,5.367000102996826,-0.017000000923871994,0.0
2026-05-22 06:02:38,7.789999961853027,0.04399999976158142,0.0
2026-05-22 06:07:40,10.055999755859375,0.014000000432133675,0.0
2026-05-22 06:12:42,12.42300033569336,0.03500000014901161,0.0
2026-05-22 06:17:44,14.878000259399414,0.009999999776482582,0.0
2026-05-22 06:22:46,17.29400062561035,0.014000000432133675,0.0
2026-05-22 06:27:48,19.798999786376953,0.013000000268220901,0.0
2026-05-22 06:32:50,22.92300033569336,-0.003000000026077032,0.0
2026-05-22 06:37:52,24.639999389648438,0.009999999776482582,0.0
2026-05-22 06:42:54,26.843000411987305,0.013000000268220901,0.0
2026-05-22 06:47:56,28.820999145507812,0.007000000216066837,0.0
2026-05-22 06:52:58,30.503000259399414,0.006000000052154064,0.0
2026-05-22 06:58:00,32.43000030517578,0.004999999888241291,0.0
2026-05-22 07:03:02,33.941001892089844,0.006000000052154064,0.0
2026-05-22 07:13:06,37.45600128173828,0.003000000026077032,0.0
2026-05-22 07:18:08,38.928001403808594,0.0010000000474974513,0.0
2026-05-22 07:23:10,40.481998443603516,0.007000000216066837,0.0
2026-05-22 07:28:12,41.979000091552734,0.0010000000474974513,0.0
2026-05-22 07:33:14,43.45399856567383,0.003000000026077032,0.0
2026-05-22 07:38:16,153.89300537109375,0.0,0.0
2026-05-22 07:43:18,189.77099609375,0.0020000000949949026,0.0
2026-05-22 07:48:20,208.1300048828125,0.0010000000474974513,0.0
2026-05-22 07:53:22,224.05499267578125,0.0,0.0
2026-05-22 07:58:24,244.1280059814453,0.0,0.0
2026-05-22 08:03:26,262.3089904785156,0.0,0.0
2026-05-22 08:08:28,281.75799560546875,0.0,0.0
2026-05-22 08:13:30,299.2049865722656,0.0010000000474974513,0.0
2026-05-22 08:18:32,316.90301513671875,0.0,0.0
2026-05-22 08:28:36,353.2049865722656,1.7239999771118164,0.10300000011920929
2026-05-22 08:33:38,372.3059997558594,1.659999966621399,0.10400000214576721
2026-05-22 08:38:40,391.45098876953125,1.6970000267028809,0.1120000034570694
2026-05-22 08:43:42,411.0329895019531,3.427999973297119,0.23800000548362732
2026-05-22 08:48:44,430.37701416015625,1.6119999885559082,0.11699999868869781
2026-05-22 08:53:46,452.4020080566406,0.11100000143051147,0.00800000037997961
2026-05-22 08:58:48,470.78900146484375,0.23199999332427979,0.017999999225139618
2026-05-22 09:03:50,488.0299987792969,0.25699999928474426,0.020999999716877937
2026-05-22 09:08:52,507.6300048828125,54.047000885009766,4.63700008392334
2026-05-22 09:13:54,527.593017578125,19.75,1.7610000371932983
2026-05-22 09:18:56,543.3759765625,1.2029999494552612,0.10999999940395355
2026-05-22 09:23:57,563.655029296875,0.9599999785423279,0.09099999815225601
2026-05-22 09:28:59,581.447021484375,2.2039999961853027,0.21699999272823334
2026-05-22 09:34:01,599.9660034179688,1.899999976158142,0.19300000369548798
2026-05-22 09:39:03,616.8369750976562,0.996999979019165,0.10400000214576721
2026-05-22 09:44:05,638.614990234375,1.0950000286102295,0.11800000071525574
2026-05-22 09:49:07,652.3309936523438,1.0019999742507935,0.10999999940395355
2026-05-22 09:54:09,672.8070068359375,0.6990000009536743,0.07900000363588333
2026-05-22 09:59:11,688.6489868164062,0.6140000224113464,0.07100000232458115
2026-05-22 10:04:13,706.3179931640625,66.94599914550781,7.991000175476074
2026-05-22 10:09:15,722.9509887695312,66.83599853515625,8.166000366210938
2026-05-22 10:14:17,741.2589721679688,67.13700103759766,8.40999984741211
2026-05-22 10:19:19,758.5490112304688,67.20899963378906,8.616000175476074
2026-05-22 10:24:21,777.3300170898438,67.06400299072266,8.8100004196167
2026-05-22 10:29:23,792.3270263671875,66.33499908447266,8.883000373840332
2026-05-22 10:34:25,807.8720092773438,66.83200073242188,9.125
2026-05-22 10:39:27,823.4290161132812,0.0,0.0
2026-05-22 10:44:29,837.8740234375,0.0,0.0
2026-05-22 11:03:04,892.0230102539062,0.0,0.0
2026-05-22 11:08:06,906.9169921875,0.0,0.0
2026-05-22 11:13:08,918.9190063476562,0.0,0.0
2026-05-22 11:18:10,931.0079956054688,0.0,0.0
2026-05-22 11:28:14,955.2479858398438,0.0,0.0
2026-05-22 11:33:16,965.3510131835938,0.0,0.0
2026-05-22 11:38:18,976.7589721679688,0.0,0.0
2026-05-22 11:43:20,987.0009765625,0.0,0.0
2026-05-22 11:48:22,997.2780151367188,0.0,0.0
2026-05-22 11:53:23,1007.2849731445312,0.0,0.0
2026-05-22 11:58:25,1017.3619995117188,0.0,0.0
2026-05-22 12:03:27,1021.25,0.0,0.0
2026-05-22 12:08:29,1029.447021484375,0.0,0.0
2026-05-22 12:13:31,1029.6710205078125,0.0,0.0
2026-05-22 12:18:33,1040.7979736328125,0.0,0.0
2026-05-22 12:23:35,1040.633056640625,0.0,0.0
2026-05-22 12:28:37,1049.43994140625,0.0,0.0
2026-05-22 12:33:39,1053.5980224609375,0.0,0.0
2026-05-22 12:38:41,1047.4610595703125,0.0,0.0
2026-05-22 12:43:43,1048.8759765625,0.0,0.0
2026-05-22 12:48:45,1053.89697265625,0.0,0.0
2026-05-22 12:53:47,1052.177978515625,0.0,0.0
2026-05-22 12:58:49,1052.9560546875,0.0,0.0
2026-05-22 13:03:51,1047.1500244140625,0.0,0.0
2026-05-22 13:08:53,1051.9150390625,0.0,0.0
2026-05-22 13:13:55,1052.281005859375,0.0,0.0
2026-05-22 13:18:57,1050.6490478515625,0.0,0.0
2026-05-22 13:23:59,1054.3590087890625,0.0,0.0
2026-05-22 13:47:38,1040.239990234375,0.0,0.0
2026-05-22 13:52:40,1024.1070556640625,0.0,0.0
2026-05-22 13:57:42,1032.116943359375,0.0,0.0
2026-05-22 14:02:44,1007.5919799804688,0.0,0.0
2026-05-22 14:07:45,1012.4249877929688,0.0,0.0
2026-05-22 14:12:47,988.135009765625,0.0,0.0
2026-05-22 14:17:49,1003.1430053710938,0.0,0.0
2026-05-22 14:22:51,1011.072021484375,0.0,0.0
2026-05-22 14:27:53,991.2570190429688,0.0,0.0
2026-05-22 14:32:55,995.3259887695312,0.0,0.0
2026-05-22 14:37:57,992.2650146484375,0.0,0.0
2026-05-22 14:53:03,953.3099975585938,0.0,0.0
2026-05-22 14:58:05,917.8629760742188,0.0,0.0
2026-05-22 15:03:07,879.8510131835938,0.0,0.0
2026-05-22 15:08:09,913.6530151367188,0.0,0.0
2026-05-22 15:13:11,903.7420043945312,0.0,0.0
2026-05-22 15:18:13,922.5980224609375,0.0,0.0
2026-05-22 15:23:15,870.1170043945312,0.0,0.0
2026-05-22 15:28:17,857.9929809570312,0.0,0.0
2026-05-22 15:33:19,786.1420288085938,0.0,0.0
2026-05-22 15:38:21,855.6380004882812,0.0,0.0
2026-05-22 15:43:23,840.4000244140625,0.0,0.0
2026-05-22 15:48:25,857.2369995117188,0.0,0.0
2026-05-22 15:58:29,817.2849731445312,0.0,0.0
2026-05-22 16:03:31,813.1729736328125,0.0,0.0
2026-05-22 16:08:33,753.6389770507812,0.0,0.0
2026-05-22 16:13:35,668.5670166015625,0.0,0.0
2026-05-22 16:18:37,765.5089721679688,0.0,0.0
2026-05-22 16:23:39,742.5579833984375,0.0,0.0
2026-05-22 16:28:41,697.2750244140625,0.0,0.0
2026-05-22 16:38:45,606.4959716796875,0.0,0.0
2026-05-22 16:43:47,627.541015625,0.0,0.0
2026-05-22 16:48:49,507.7070007324219,0.0,0.0
2026-05-22 16:53:51,590.5989990234375,0.0,0.0
2026-05-22 16:58:53,516.1829833984375,0.0,0.0
2026-05-22 17:03:55,373.37799072265625,0.0,0.0
2026-05-22 17:08:57,458.4460144042969,0.0,0.0
2026-05-22 17:13:59,403.42401123046875,0.0,0.0
2026-05-22 17:24:03,429.83099365234375,0.0,0.0
2026-05-22 17:29:05,364.40899658203125,0.0,0.0
2026-05-22 17:34:07,328.39300537109375,-0.0010000000474974513,0.0
2026-05-22 17:39:09,326.5090026855469,0.0,0.0
2026-05-22 17:44:11,340.2510070800781,0.0,0.0
2026-05-22 17:49:13,311.0220031738281,0.0010000000474974513,0.0
2026-05-22 17:54:15,304.760986328125,0.0,0.0
2026-05-22 17:59:17,301.4469909667969,0.0,0.0
2026-05-22 18:04:19,129.1300048828125,-0.0010000000474974513,0.0
2026-05-22 18:19:25,108.57599639892578,0.0010000000474974513,0.0
2026-05-22 18:24:27,100.31999969482422,0.0020000000949949026,0.0
2026-05-22 18:29:29,89.35800170898438,-0.0010000000474974513,0.0
2026-05-22 18:34:31,84.98999786376953,-0.0010000000474974513,0.0
2026-05-22 18:39:32,80.43900299072266,-0.0020000000949949026,0.0
2026-05-22 18:44:34,76.89099884033203,0.003000000026077032,0.0
2026-05-22 18:49:36,71.65899658203125,0.0,0.0
2026-05-22 18:54:38,67.42400360107422,0.004000000189989805,0.0
2026-05-22 18:59:40,64.59700012207031,0.003000000026077032,0.0
2026-05-22 19:04:42,62.465999603271484,-0.0010000000474974513,0.0
2026-05-22 19:09:44,60.46900177001953,0.0,0.0
2026-05-22 19:14:46,58.04100036621094,-0.0020000000949949026,0.0
2026-05-22 19:19:48,55.25299835205078,-0.003000000026077032,0.0
2026-05-22 19:29:52,47.01499938964844,0.0010000000474974513,0.0
2026-05-22 19:34:54,44.05500030517578,0.0010000000474974513,0.0
2026-05-22 19:39:56,42.233001708984375,0.004999999888241291,0.0
2026-05-22 19:44:58,40.090999603271484,0.0010000000474974513,0.0
2026-05-22 19:50:00,37.152000427246094,0.0010000000474974513,0.0
2026-05-22 19:55:02,34.55799865722656,0.0020000000949949026,0.0
2026-05-22 20:00:04,32.45899963378906,-0.0020000000949949026,0.0
2026-05-22 20:05:06,29.958999633789062,0.00800000037997961,0.0
2026-05-22 20:10:08,25.177000045776367,0.008999999612569809,0.0
2026-05-22 20:15:10,22.954999923706055,0.0020000000949949026,0.0
2026-05-22 20:20:12,19.791000366210938,0.008999999612569809,0.0
2026-05-22 20:25:14,16.726999282836914,-0.0020000000949949026,0.0
2026-05-22 20:30:16,13.87399959564209,-0.006000000052154064,0.0
2026-05-22 20:35:18,11.38700008392334,0.004999999888241291,0.0
2026-05-22 20:40:20,9.675000190734863,0.012000000104308128,0.0
2026-05-22 20:45:22,7.736999988555908,0.02199999988079071,0.0
2026-05-22 20:50:24,5.428999900817871,0.02500000037252903,0.0
2026-05-22 20:55:26,3.687000036239624,0.061000000685453415,0.0
2026-05-22 21:00:28,2.1010000705718994,0.09399999678134918,0.0
2026-05-22 21:05:30,0.890999972820282,0.05700000002980232,0.0
2026-05-22 21:10:32,0.13300000131130219,0.039000000804662704,0.0
2026-05-23 05:51:43,0.13300000131130219,0.039000000804662704,0.0
2026-05-23 05:56:45,5.6479997634887695,0.041999999433755875,0.0
2026-05-23 06:01:47,7.888000011444092,-0.023000000044703484,0.0
2026-05-23 06:06:49,9.89900016784668,0.003000000026077032,0.0
2026-05-23 06:11:51,11.687000274658203,-0.0020000000949949026,0.0
2026-05-23 06:21:55,16.16900062561035,0.003000000026077032,0.0
2026-05-23 06:26:57,18.013999938964844,-0.006000000052154064,0.0
2026-05-23 06:31:59,20.993999481201172,0.004000000189989805,0.0
2026-05-23 06:37:01,24.53499984741211,-0.013000000268220901,0.0
2026-05-23 06:42:03,27.722999572753906,0.0010000000474974513,0.0
2026-05-23 06:47:05,29.45599937438965,0.007000000216066837,0.0
2026-05-23 06:52:07,31.482999801635742,0.004000000189989805,0.0
2026-05-23 06:57:09,33.4010009765625,0.0010000000474974513,0.0
2026-05-23 07:02:11,34.665000915527344,-0.003000000026077032,0.0
2026-05-23 07:07:13,37.08100128173828,-0.004999999888241291,0.0
2026-05-23 07:12:15,38.95800018310547,0.0020000000949949026,0.0
2026-05-23 07:17:17,41.15399932861328,0.006000000052154064,0.0
2026-05-23 07:22:19,43.5629997253418,0.0010000000474974513,0.0
2026-05-23 07:32:23,46.9900016784668,-0.0020000000949949026,0.0
2026-05-23 07:37:25,66.23300170898438,-0.0020000000949949026,0.0
2026-05-23 07:42:27,186.3730010986328,0.0010000000474974513,0.0
2026-05-23 07:47:29,193.08299255371094,-0.0010000000474974513,0.0
2026-05-23 07:52:31,229.20700073242188,-0.0010000000474974513,0.0
2026-05-23 07:57:33,247.89700317382812,0.0010000000474974513,0.0
2026-05-23 08:02:35,265.4580078125,0.0010000000474974513,0.0
2026-05-23 08:07:37,191.8990020751953,0.0,0.0
2026-05-23 08:12:39,309.7650146484375,0.0,0.0
2026-05-23 08:17:41,254.83200073242188,0.0010000000474974513,0.0
2026-05-23 08:27:45,365.2019958496094,0.0,0.0
2026-05-23 08:32:47,388.56201171875,-0.0010000000474974513,0.0
2026-05-23 08:37:49,391.364990234375,-0.0010000000474974513,0.0
2026-05-23 08:42:51,422.5870056152344,-0.0010000000474974513,0.0
2026-05-23 08:47:53,408.8160095214844,0.0010000000474974513,0.0
2026-05-23 08:52:55,445.8399963378906,0.0,0.0
2026-05-23 08:57:57,456.5169982910156,0.0,0.0
2026-05-23 09:02:58,481.8009948730469,0.0,0.0
2026-05-23 09:08:00,483.322998046875,0.0,0.0
2026-05-23 09:13:02,539.2319946289062,0.0,0.0
2026-05-23 09:18:04,501.96600341796875,0.0,0.0
2026-05-23 09:28:08,586.9210205078125,0.0,0.0
2026-05-23 09:33:10,577.8350219726562,0.0,0.0
2026-05-23 09:38:12,563.8099975585938,0.0,0.0
2026-05-23 09:43:14,546.27197265625,0.0,0.0
2026-05-23 09:48:16,561.4400024414062,0.0,0.0
2026-05-23 09:53:18,578.7059936523438,0.0,0.0
2026-05-23 09:58:20,626.7379760742188,0.0,0.0
2026-05-23 10:03:22,614.6580200195312,0.0,0.0
2026-05-23 10:13:26,683.3599853515625,0.0,0.0
2026-05-23 10:18:28,734.6240234375,0.0,0.0
2026-05-23 10:23:30,764.8389892578125,0.0,0.0
2026-05-23 10:28:32,806.4500122070312,0.0,0.0
2026-05-23 10:33:34,816.9739990234375,0.0,0.0
2026-05-23 10:38:36,830.3090209960938,0.0,0.0
2026-05-23 10:43:38,807.7119750976562,0.0,0.0
2026-05-23 10:48:40,855.2969970703125,0.0,0.0
2026-05-23 10:53:42,867.8150024414062,0.0,0.0
2026-05-23 10:58:44,881.8079833984375,0.0,0.0
2026-05-23 11:03:46,895.5499877929688,0.0,0.0
2026-05-23 11:08:48,907.5499877929688,0.0,0.0
2026-05-23 11:13:50,919.68701171875,0.0,0.0
2026-05-23 11:18:52,930.4299926757812,0.0,0.0
2026-05-23 11:23:54,940.072998046875,0.0,0.0
2026-05-23 11:28:56,952.5989990234375,0.0,0.0
2026-05-23 11:33:58,965.4219970703125,0.0,0.0
2026-05-23 11:39:00,975.9929809570312,0.0,0.0
2026-05-23 11:44:02,985.802978515625,0.0,0.0
2026-05-23 11:54:06,1003.1190185546875,0.0,0.0
2026-05-23 11:59:08,1009.1539916992188,0.0,0.0
2026-05-23 12:04:10,1013.0469970703125,0.0,0.0
2026-05-23 12:09:12,1024.384033203125,0.0,0.0
2026-05-23 12:14:14,1031.072021484375,0.0,0.0
2026-05-23 12:19:16,1037.385009765625,0.0,0.0
2026-05-23 12:29:20,1043.8310546875,0.0,0.0
2026-05-23 12:34:22,1046.0479736328125,0.0,0.0
2026-05-23 12:39:24,1049.9539794921875,0.0,0.0
2026-05-23 12:44:26,1050.1070556640625,0.0,0.0
2026-05-23 12:49:28,1047.7900390625,0.0,0.0
2026-05-23 12:54:30,1051.6639404296875,0.0,0.0
2026-05-23 12:59:32,1051.43505859375,0.0,0.0
2026-05-23 13:04:34,1046.0040283203125,0.0,0.0
2026-05-23 13:09:36,1050.1070556640625,0.0,0.0
2026-05-23 13:14:38,1049.844970703125,0.0,0.0
2026-05-23 13:19:40,1050.258056640625,0.0,0.0
2026-05-23 13:43:17,1044.3590087890625,0.0,0.0
2026-05-23 13:48:19,1039.4859619140625,0.0,0.0
2026-05-23 13:53:21,1041.0699462890625,0.0,0.0
2026-05-23 13:58:23,1033.489990234375,0.0,0.0
2026-05-23 14:03:25,1025.8380126953125,0.0,0.0
2026-05-23 14:08:27,1025.5860595703125,0.0,0.0
2026-05-23 14:13:29,1018.5579833984375,0.0,0.0
2026-05-23 14:18:31,1010.6079711914062,0.0,0.0
2026-05-23 14:23:33,1005.739013671875,0.0,0.0
2026-05-23 14:28:35,899.6510009765625,0.0,0.0
2026-05-23 14:33:37,983.8880004882812,0.0,0.0
2026-05-23 14:38:39,983.5469970703125,0.0,0.0
2026-05-23 14:43:41,978.7449951171875,0.0,0.0
2026-05-23 14:48:43,971.14501953125,0.0,0.0
2026-05-23 14:53:45,961.0289916992188,0.0,0.0
2026-05-23 14:58:47,950.3289794921875,0.0,0.0
2026-05-23 15:03:48,934.114013671875,0.0,0.0
2026-05-23 15:08:50,932.2009887695312,0.0,0.0
2026-05-23 15:13:52,912.948974609375,0.0,0.0
2026-05-23 15:18:54,891.8720092773438,0.0,0.0
2026-05-23 15:23:56,889.3170166015625,0.0,0.0
2026-05-23 15:28:58,861.6209716796875,0.0,0.0
2026-05-23 15:34:00,818.75,0.0,0.0
2026-05-23 15:39:02,818.6079711914062,0.0,0.0
2026-05-23 15:44:04,814.0709838867188,0.0,0.0
2026-05-23 15:49:06,814.114013671875,0.0,0.0
2026-05-23 15:54:08,817.4739990234375,0.0,0.0
2026-05-23 15:59:10,768.6329956054688,0.0,0.0
2026-05-23 16:04:12,773.0260009765625,0.0,0.0
2026-05-23 16:09:14,723.7650146484375,0.0,0.0
2026-05-23 16:14:16,680.698974609375,0.0,0.0
2026-05-23 16:19:18,693.1890258789062,0.0010000000474974513,0.0
2026-05-23 16:24:20,709.4929809570312,0.0,0.0
2026-05-23 16:29:22,673.3829956054688,0.0010000000474974513,0.0
2026-05-23 16:34:24,582.9669799804688,0.0,0.0
2026-05-23 16:39:26,653.8629760742188,0.0,0.0
2026-05-23 16:44:28,626.7949829101562,0.0,0.0
2026-05-23 16:49:30,658.5260009765625,0.0,0.0
2026-05-23 16:54:32,619.0579833984375,0.0,0.0
2026-05-23 16:59:34,617.4010009765625,0.0,0.0
2026-05-23 17:04:36,559.031005859375,0.0,0.0
2026-05-23 17:09:38,575.0380249023438,0.0,0.0
2026-05-23 17:14:40,560.1649780273438,0.0,0.0
2026-05-23 17:19:42,526.4730224609375,0.0010000000474974513,0.0
2026-05-23 17:24:44,508.98699951171875,0.0,0.0
2026-05-23 17:29:46,493.4700012207031,0.0,0.0
2026-05-23 17:34:48,473.9750061035156,0.0,0.0
2026-05-23 17:39:50,450.60101318359375,0.0,0.0
2026-05-23 17:44:52,433.12701416015625,0.0,0.0
2026-05-23 17:49:54,411.7030029296875,-0.0010000000474974513,0.0
2026-05-23 17:54:56,390.3269958496094,0.0,0.0
2026-05-23 17:59:58,332.7309875488281,0.0,0.0
2026-05-23 18:05:00,56.194000244140625,0.004000000189989805,0.0
2026-05-23 18:15:04,54.117000579833984,0.0010000000474974513,0.0
2026-05-23 18:20:06,53.01900100708008,0.0020000000949949026,0.0
2026-05-23 18:25:08,52.89400100708008,0.004999999888241291,0.0
2026-05-23 18:30:10,52.60100173950195,0.0020000000949949026,0.0
2026-05-23 18:35:12,51.05400085449219,0.004999999888241291,0.0
2026-05-23 18:40:14,48.88199996948242,-0.0020000000949949026,0.0
2026-05-23 18:45:16,47.862998962402344,-0.004999999888241291,0.0
2026-05-23 18:50:18,47.483001708984375,0.004000000189989805,0.0
2026-05-23 18:55:20,46.426998138427734,-0.0020000000949949026,0.0
2026-05-23 19:00:22,44.928001403808594,-0.0020000000949949026,0.0
2026-05-23 19:05:24,44.500999450683594,0.00800000037997961,0.0
2026-05-23 19:10:26,43.71699905395508,-0.0020000000949949026,0.0
2026-05-23 19:15:28,42.78200149536133,-0.004999999888241291,0.0
2026-05-23 19:20:30,41.4739990234375,-0.003000000026077032,0.0
2026-05-23 19:25:32,40.020999908447266,0.012000000104308128,0.0
2026-05-23 19:30:34,38.92599868774414,-0.003000000026077032,0.0
2026-05-23 19:35:36,37.4900016784668,0.004999999888241291,0.0
2026-05-23 19:40:38,36.03200149536133,0.0020000000949949026,0.0
2026-05-23 19:45:39,34.47100067138672,0.0010000000474974513,0.0
2026-05-23 19:50:41,33.05400085449219,0.008999999612569809,0.0
2026-05-23 19:55:43,31.527000427246094,-0.004000000189989805,0.0
2026-05-23 20:00:45,30.121000289916992,0.004999999888241291,0.0
2026-05-23 20:05:47,27.85099983215332,0.003000000026077032,0.0
2026-05-23 20:10:49,23.45599937438965,0.010999999940395355,0.0
2026-05-23 20:15:51,21.134000778198242,0.0010000000474974513,0.0
2026-05-23 20:20:53,19.288999557495117,-0.00800000037997961,0.0
2026-05-23 20:25:55,17.368999481201172,0.020999999716877937,0.0
2026-05-23 20:30:57,15.649999618530273,0.008999999612569809,0.0
2026-05-23 20:35:59,13.661999702453613,-0.0020000000949949026,0.0
2026-05-23 20:41:01,11.359999656677246,0.004999999888241291,0.0
2026-05-23 20:51:05,7.361999988555908,-0.004000000189989805,0.0
2026-05-23 20:56:07,5.421999931335449,0.027000000700354576,0.0
2026-05-23 21:01:09,3.6730000972747803,0.03500000014901161,0.0
2026-05-23 21:06:11,2.3359999656677246,0.06300000101327896,0.0
2026-05-23 21:11:13,0.9990000128746033,0.02199999988079071,0.0
2026-05-24 05:50:51,0.9990000128746033,0.02199999988079071,0.0
2026-05-24 06:00:55,7.48799991607666,-0.00800000037997961,0.0
2026-05-24 06:05:57,9.51099967956543,0.00800000037997961,0.0
2026-05-24 06:10:59,11.625,0.0020000000949949026,0.0
2026-05-24 06:16:01,13.812999725341797,0.009999999776482582,0.0
2026-05-24 06:21:03,16.26099967956543,0.013000000268220901,0.0
2026-05-24 06:26:05,18.7450008392334,0.010999999940395355,0.0
2026-05-24 06:31:07,22.513999938964844,-0.004000000189989805,0.0
2026-05-24 06:36:09,24.354999542236328,0.009999999776482582,0.0
2026-05-24 06:41:11,26.584999084472656,-0.009999999776482582,0.0
2026-05-24 06:46:13,28.413999557495117,0.003000000026077032,0.0
2026-05-24 06:51:15,30.333999633789062,-0.003000000026077032,0.0
2026-05-24 06:56:17,32.257999420166016,0.004000000189989805,0.0
2026-05-24 07:01:19,33.83399963378906,-0.0020000000949949026,0.0
2026-05-24 07:06:21,35.44499969482422,-0.006000000052154064,0.0
2026-05-24 07:11:23,37.29399871826172,0.004000000189989805,0.0
2026-05-24 07:16:25,38.76599884033203,-0.003000000026077032,0.0
2026-05-24 07:21:27,40.130001068115234,0.0010000000474974513,0.0
2026-05-24 07:26:29,41.39899826049805,-0.003000000026077032,0.0
2026-05-24 07:31:31,42.70600128173828,0.003000000026077032,0.0
2026-05-24 07:36:33,44.70399856567383,0.0010000000474974513,0.0
2026-05-24 07:41:35,183.2689971923828,0.0,0.0
2026-05-24 07:51:39,218.63800048828125,0.0,0.0
2026-05-24 07:56:41,236.94400024414062,0.0010000000474974513,0.0
2026-05-24 08:01:43,256.427001953125,0.0,0.0
2026-05-24 08:06:45,274.0799865722656,0.0,0.0
2026-05-24 08:11:47,293.1700134277344,0.0,0.0
2026-05-24 08:16:49,312.4960021972656,0.0,0.0
2026-05-24 08:21:51,331.3210144042969,0.0,0.0
2026-05-24 08:26:53,348.8940124511719,0.0,0.0
2026-05-24 08:31:55,366.6449890136719,0.0,0.0
2026-05-24 08:36:57,384.5329895019531,0.0,0.0
2026-05-24 08:41:59,405.7439880371094,0.0010000000474974513,0.0
2026-05-24 08:47:01,424.52099609375,0.0,0.0
2026-05-24 08:52:03,445.54998779296875,0.0,0.0
2026-05-24 08:57:05,465.781005859375,0.0,0.0
2026-05-24 09:02:07,485.2640075683594,-0.0010000000474974513,0.0
2026-05-24 09:07:09,505.9859924316406,0.0,0.0
2026-05-24 09:12:11,524.6420288085938,0.0010000000474974513,0.0
2026-05-24 09:17:13,544.0479736328125,0.0,0.0
2026-05-24 09:22:15,561.7230224609375,0.0,0.0
2026-05-24 09:27:17,584.9810180664062,0.0,0.0
2026-05-24 09:32:19,602.7589721679688,0.0,0.0
2026-05-24 09:37:20,622.0159912109375,0.0,0.0
2026-05-24 09:47:24,654.2739868164062,0.0,0.0
2026-05-24 09:52:26,671.7869873046875,0.0,0.0
2026-05-24 10:02:30,708.6400146484375,0.0,0.0
2026-05-24 10:07:32,723.343994140625,0.0,0.0
2026-05-24 10:12:34,739.2109985351562,0.0,0.0
2026-05-24 10:22:38,773.8150024414062,0.0,0.0
2026-05-24 10:27:40,790.5570068359375,0.0,0.0
2026-05-24 10:32:42,806.4019775390625,0.0,0.0
2026-05-24 10:37:44,821.6669921875,0.0,0.0
2026-05-24 10:42:46,838.6649780273438,0.0,0.0
2026-05-24 10:47:48,854.9760131835938,0.0,0.0
2026-05-24 10:52:50,871.1019897460938,0.0010000000474974513,0.0
2026-05-24 10:57:52,883.5089721679688,0.0,0.0
2026-05-24 11:02:54,895.4829711914062,0.0,0.0
2026-05-24 11:07:56,908.177978515625,0.0,0.0
2026-05-24 11:12:58,919.8740234375,0.0,0.0
2026-05-24 11:18:00,932.344970703125,0.0,0.0
2026-05-24 11:28:04,956.2310180664062,0.0,0.0
2026-05-24 11:33:06,966.0590209960938,0.0,0.0
2026-05-24 11:38:08,976.9010009765625,0.0,0.0
2026-05-24 11:43:10,987.7119750976562,0.0,0.0
2026-05-24 11:48:12,995.9730224609375,0.0,0.0
2026-05-24 11:58:16,1015.9219970703125,0.0,0.0
2026-05-24 12:03:18,1023.6820068359375,0.0,0.0
2026-05-24 12:08:20,1028.7750244140625,0.0,0.0
2026-05-24 12:18:24,1043.6500244140625,0.0,0.0
2026-05-24 12:23:26,1043.3299560546875,0.0,0.0
2026-05-24 12:28:28,1049.552001953125,0.0,0.0
2026-05-24 12:33:30,1053.9219970703125,0.0,0.0
2026-05-24 12:38:32,1047.52001953125,0.0,0.0
2026-05-24 12:43:34,1062.697021484375,0.0,0.0
2026-05-24 12:48:36,1056.4090576171875,0.0,0.0
2026-05-24 12:58:40,1060.8590087890625,0.0,0.0
2026-05-24 13:03:42,1059.115966796875,0.0,0.0
2026-05-24 13:08:44,1060.873046875,0.0,0.0
2026-05-24 13:13:46,1063.64794921875,0.0,0.0
2026-05-24 13:18:48,1062.262939453125,0.0,0.0
2026-05-24 13:23:50,1064.35205078125,0.0,0.0
2026-05-24 13:47:27,1058.66796875,0.0,0.0
2026-05-24 13:52:29,1056.612060546875,0.0,0.0
2026-05-24 13:57:31,1050.0780029296875,0.0,0.0
2026-05-24 14:02:33,1046.4940185546875,0.0,0.0
2026-05-24 14:07:35,1042.9439697265625,0.0,0.0
2026-05-24 14:12:37,1035.10205078125,0.0,0.0
2026-05-24 14:17:39,1037.9110107421875,0.0,0.0
2026-05-24 14:22:41,1027.9449462890625,0.0,0.0
2026-05-24 14:27:43,1023.7069702148438,0.0,0.0
2026-05-24 14:37:47,1007.2109985351562,0.0,0.0
2026-05-24 14:42:49,1001.583984375,0.0,0.0
2026-05-24 14:47:51,994.030029296875,0.0,0.0
2026-05-24 14:52:52,983.9019775390625,0.0,0.0
2026-05-24 15:02:56,957.1950073242188,0.0,0.0
2026-05-24 15:07:58,945.5889892578125,0.0,0.0
2026-05-24 15:13:00,935.0059814453125,0.0,0.0
2026-05-24 15:18:02,914.8909912109375,0.0,0.0
2026-05-24 15:23:04,901.9219970703125,0.0,0.0
2026-05-24 15:33:08,879.4719848632812,0.0,0.0
2026-05-24 15:38:10,869.0349731445312,0.0,0.0
2026-05-24 15:43:12,851.9450073242188,0.0,0.0
2026-05-24 15:53:16,817.5700073242188,0.0,0.0
2026-05-24 15:58:18,802.0980224609375,0.0,0.0
2026-05-24 16:03:20,794.0640258789062,0.0,0.0
2026-05-24 16:08:22,786.1069946289062,0.0,0.0
2026-05-24 16:13:24,767.6229858398438,0.0,0.0
2026-05-24 16:18:26,751.9219970703125,0.0,0.0
2026-05-24 16:23:28,728.2930297851562,0.0,0.0
2026-05-24 16:28:30,714.56201171875,0.0,0.0
2026-05-24 16:33:32,698.2030029296875,0.0,0.0
2026-05-24 16:38:34,675.3049926757812,0.0,0.0
2026-05-24 16:43:36,664.6719970703125,0.0,0.0
2026-05-24 16:48:38,645.469970703125,0.0,0.0
2026-05-24 16:53:40,623.7210083007812,0.0,0.0
2026-05-24 16:58:42,604.0889892578125,0.0,0.0
2026-05-24 17:03:44,593.31201171875,0.0,0.0
2026-05-24 17:08:46,570.0250244140625,0.0,0.0
2026-05-24 17:13:48,547.2249755859375,0.0,0.0
2026-05-24 17:18:50,526.6719970703125,0.0,0.0
2026-05-24 17:23:52,510.0830078125,0.0,0.0
2026-05-24 17:33:56,467.906005859375,0.0010000000474974513,0.0
2026-05-24 17:38:58,445.81298828125,0.0,0.0
2026-05-24 17:44:00,425.7550048828125,0.0,0.0
2026-05-24 17:49:02,407.89300537109375,0.0010000000474974513,0.0
2026-05-24 17:59:06,357.4859924316406,0.0,0.0
2026-05-24 18:04:08,76.37699890136719,0.0010000000474974513,0.0
2026-05-24 18:09:10,73.72100067138672,0.004000000189989805,0.0
2026-05-24 18:14:12,71.66600036621094,0.004999999888241291,0.0
2026-05-24 18:19:14,69.76200103759766,0.0010000000474974513,0.0
2026-05-24 18:24:16,67.9749984741211,0.0010000000474974513,0.0
2026-05-24 18:29:18,66.53700256347656,0.0010000000474974513,0.0
2026-05-24 18:39:22,62.5369987487793,-0.0020000000949949026,0.0
2026-05-24 18:44:24,60.560001373291016,-0.004000000189989805,0.0
2026-05-24 18:49:26,58.229000091552734,0.0,0.0
2026-05-24 18:54:28,56.106998443603516,0.004999999888241291,0.0
2026-05-24 18:59:30,54.5620002746582,0.0020000000949949026,0.0
2026-05-24 19:04:32,52.641998291015625,0.007000000216066837,0.0
2026-05-24 19:09:34,51.01900100708008,0.0010000000474974513,0.0
2026-05-24 19:14:35,49.766998291015625,-0.003000000026077032,0.0
2026-05-24 19:19:37,48.12799835205078,0.004000000189989805,0.0
2026-05-24 19:24:39,46.14899826049805,-0.0010000000474974513,0.0
2026-05-24 19:29:41,44.65800094604492,-0.006000000052154064,0.0
2026-05-24 19:34:43,43.150001525878906,0.0020000000949949026,0.0
2026-05-24 19:39:45,41.750999450683594,0.0020000000949949026,0.0
2026-05-24 19:44:47,39.946998596191406,0.0010000000474974513,0.0
2026-05-24 19:49:49,38.44900131225586,-0.003000000026077032,0.0
2026-05-24 19:54:51,36.87200164794922,0.004999999888241291,0.0
2026-05-24 19:59:53,34.736000061035156,-0.0010000000474974513,0.0
2026-05-24 20:04:55,32.25600051879883,0.0010000000474974513,0.0
2026-05-24 20:09:57,28.677000045776367,-0.0010000000474974513,0.0
2026-05-24 20:14:59,26.47100067138672,0.003000000026077032,0.0
2026-05-24 20:20:01,24.04800033569336,0.004999999888241291,0.0
2026-05-24 20:25:03,21.878999710083008,0.0020000000949949026,0.0
2026-05-24 20:30:05,19.30699920654297,-0.013000000268220901,0.0
2026-05-24 20:35:07,15.972999572753906,-0.024000000208616257,0.0
2026-05-24 20:45:11,11.470000267028809,-0.017000000923871994,0.0
2026-05-24 20:50:13,8.11400032043457,0.024000000208616257,0.0
2026-05-24 20:55:15,5.448999881744385,-0.03799999877810478,0.0
2026-05-24 21:00:17,3.11299991607666,-0.0729999989271164,0.0
2026-05-24 21:05:19,1.934000015258789,0.21899999678134918,0.0
2026-05-24 21:10:21,0.6489999890327454,0.019999999552965164,0.0
2026-05-25 05:55:00,0.6489999890327454,0.019999999552965164,0.0
2026-05-25 06:00:02,9.458000183105469,0.035999998450279236,0.0
2026-05-25 06:05:04,12.753000259399414,0.008999999612569809,0.0
2026-05-25 06:10:06,16.187000274658203,0.013000000268220901,0.0
2026-05-25 06:15:08,20.283000946044922,0.0020000000949949026,0.0
2026-05-25 06:20:10,23.82900047302246,0.00800000037997961,0.0
2026-05-25 06:25:12,27.69499969482422,-0.0010000000474974513,0.0
2026-05-25 06:30:14,32.0369987487793,-0.007000000216066837,0.0
2026-05-25 06:35:16,36.70199966430664,-0.0010000000474974513,0.0
2026-05-25 06:40:18,40.42499923706055,-0.0010000000474974513,0.0
2026-05-25 06:45:20,43.26599884033203,0.0020000000949949026,0.0
2026-05-25 06:50:22,46.3380012512207,-0.0010000000474974513,0.0
2026-05-25 06:55:24,49.32600021362305,-0.004000000189989805,0.0
2026-05-25 07:00:26,52.847999572753906,0.004999999888241291,0.0
2026-05-25 07:10:30,60.013999938964844,-0.0010000000474974513,0.0
2026-05-25 07:15:32,63.29399871826172,-0.004999999888241291,0.0
2026-05-25 07:20:34,67.23899841308594,-0.0010000000474974513,0.0
2026-05-25 07:25:36,71.5999984741211,0.003000000026077032,0.0
2026-05-25 07:30:38,76.78199768066406,0.0010000000474974513,0.0
2026-05-25 07:35:40,82.02999877929688,-0.003000000026077032,0.0
2026-05-25 07:40:42,133.33900451660156,0.0020000000949949026,0.0
2026-05-25 07:45:44,172.09100341796875,0.0010000000474974513,0.0
2026-05-25 07:50:46,181.6230010986328,0.0010000000474974513,0.0
2026-05-25 07:55:48,203.1999969482422,0.0,0.0
2026-05-25 08:00:50,221.56100463867188,0.0,0.0
2026-05-25 08:05:52,237.29400634765625,0.0020000000949949026,0.0
2026-05-25 08:10:54,268.00201416015625,-0.0010000000474974513,0.0
2026-05-25 08:15:56,288.93499755859375,0.0010000000474974513,0.0
2026-05-25 08:20:58,309.7550048828125,0.0010000000474974513,0.0
2026-05-25 08:26:00,310.239990234375,0.0,0.0
2026-05-25 08:31:02,341.36700439453125,0.0010000000474974513,0.0
2026-05-25 08:36:04,359.7690124511719,0.0010000000474974513,0.0
2026-05-25 08:41:06,376.3890075683594,0.0,0.0
2026-05-25 08:46:08,395.29400634765625,0.0,0.0
2026-05-25 08:56:12,433.906005859375,0.0,0.0
2026-05-25 09:01:14,449.59100341796875,0.0,0.0
2026-05-25 09:06:15,473.510986328125,0.0,0.0
2026-05-25 09:16:19,487.0060119628906,0.0010000000474974513,0.0
2026-05-25 09:21:21,524.9190063476562,0.0010000000474974513,0.0
2026-05-25 09:26:23,535.3189697265625,0.0,0.0
2026-05-25 09:31:25,537.6320190429688,0.0,0.0
2026-05-25 09:36:27,567.0289916992188,0.0,0.0
2026-05-25 09:41:29,592.9920043945312,0.0,0.0
2026-05-25 09:46:31,614.10498046875,0.0,0.0
2026-05-25 09:51:33,625.9439697265625,0.0,0.0
2026-05-25 09:56:35,633.302978515625,0.0,0.0
2026-05-25 10:01:37,652.781005859375,0.0,0.0
2026-05-25 10:06:39,672.5419921875,0.0,0.0
2026-05-25 10:11:41,688.3729858398438,0.0,0.0
2026-05-25 10:21:45,721.3779907226562,0.0,0.0
2026-05-25 10:26:47,740.6790161132812,0.0,0.0
2026-05-25 10:31:49,757.8790283203125,0.0,0.0
2026-05-25 10:36:51,772.166015625,0.0,0.0
2026-05-25 10:41:53,789.469970703125,0.0,0.0
2026-05-25 10:51:57,820.9229736328125,0.0,0.0
2026-05-25 10:56:59,833.6909790039062,0.0,0.0
2026-05-25 11:02:01,846.2169799804688,0.0,0.0
2026-05-25 11:07:03,859.6389770507812,0.0,0.0
2026-05-25 11:12:05,872.8590087890625,0.0,0.0
2026-05-25 11:17:07,885.2529907226562,0.0,0.0
2026-05-25 11:22:09,895.094970703125,0.0,0.0
2026-05-25 11:27:11,905.1929931640625,0.0,0.0
2026-05-25 11:32:13,918.406982421875,0.0,0.0
2026-05-25 11:37:15,927.823974609375,0.0,0.0
2026-05-25 11:42:17,940.875,0.0,0.0
2026-05-25 11:52:21,956.4710083007812,0.0,0.0
2026-05-25 11:57:23,963.051025390625,0.0,0.0
2026-05-25 12:02:25,975.1199951171875,0.0,0.0
2026-05-25 12:07:27,984.1829833984375,0.0,0.0
2026-05-25 12:12:29,991.0700073242188,0.0,0.0
2026-05-25 12:17:31,996.7789916992188,0.0,0.0
2026-05-25 12:22:33,985.3330078125,0.0,0.0
2026-05-25 12:27:35,1008.3590087890625,0.0,0.0
2026-05-25 12:32:37,1006.0659790039062,0.0,0.0
2026-05-25 12:37:39,1022.1069946289062,0.0,0.0
2026-05-25 12:42:41,1008.6489868164062,0.0,0.0
2026-05-25 12:47:42,1011.8150024414062,0.0,0.0
2026-05-25 12:52:44,1015.4879760742188,0.0,0.0
2026-05-25 12:57:46,1017.760009765625,0.0,0.0
2026-05-25 13:02:48,1016.8319702148438,0.0,0.0
2026-05-25 13:07:50,1016.2509765625,0.0,0.0
2026-05-25 13:17:54,1015.114013671875,0.0,0.0
2026-05-25 13:22:56,1017.5289916992188,0.0,0.0
2026-05-25 13:46:31,1007.3419799804688,0.0,0.0
2026-05-25 13:51:33,1007.823974609375,0.0,0.0
2026-05-25 13:56:35,998.9390258789062,0.0,0.0
2026-05-25 14:01:37,986.56201171875,0.0,0.0
2026-05-25 14:06:39,989.7579956054688,0.0,0.0
2026-05-25 14:11:41,987.968017578125,0.0,0.0
2026-05-25 14:16:43,986.8480224609375,0.0,0.0
2026-05-25 14:21:45,977.52001953125,0.0,0.0
2026-05-25 14:26:47,977.10400390625,0.0,0.0
2026-05-25 14:31:49,974.1229858398438,0.0,0.0
2026-05-25 14:36:51,968.3469848632812,0.0,0.0
2026-05-25 14:41:53,962.5440063476562,0.0,0.0
2026-05-25 14:46:55,951.8099975585938,0.0,0.0
2026-05-25 14:51:57,939.8330078125,0.0,0.0
2026-05-25 14:56:59,931.9769897460938,0.0,0.0
2026-05-25 15:02:01,921.9219970703125,0.0,0.0
2026-05-25 15:07:03,909.510986328125,0.0,0.0
2026-05-25 15:12:05,887.7940063476562,0.0,0.0
2026-05-25 15:17:07,880.9530029296875,0.0,0.0
2026-05-25 15:22:09,872.5549926757812,0.0,0.0
2026-05-25 15:27:11,859.7620239257812,0.0,0.0
2026-05-25 15:32:13,852.9439697265625,0.0,0.0
2026-05-25 15:37:15,841.81298828125,0.0,0.0
2026-05-25 15:42:17,827.552001953125,0.0,0.0
2026-05-25 15:47:19,816.1439819335938,0.0,0.0
2026-05-25 15:52:21,800.7020263671875,0.0,0.0
2026-05-25 15:57:23,788.8779907226562,0.0,0.0
2026-05-25 16:02:25,777.073974609375,0.0,0.0
2026-05-25 16:07:27,763.1859741210938,0.0,0.0
2026-05-25 16:12:29,744.6510009765625,0.0,0.0
2026-05-25 16:17:31,727.0449829101562,0.0,0.0
2026-05-25 16:22:33,706.7249755859375,-0.0010000000474974513,0.0
2026-05-25 16:27:35,690.218994140625,0.0,0.0
2026-05-25 16:32:37,669.7069702148438,0.0,0.0
2026-05-25 16:37:39,656.4710083007812,0.0,0.0
2026-05-25 16:42:41,641.2940063476562,0.0,0.0
2026-05-25 16:47:43,630.0,0.0,0.0
2026-05-25 16:52:44,604.1690063476562,0.0,0.0
2026-05-25 17:02:48,576.9869995117188,0.0,0.0
2026-05-25 17:12:52,534.0020141601562,0.0010000000474974513,0.0
2026-05-25 17:17:54,512.906982421875,0.0010000000474974513,0.0
2026-05-25 17:22:56,494.77301025390625,0.0,0.0
2026-05-25 17:27:58,476.8550109863281,0.0,0.0
2026-05-25 17:33:00,454.9989929199219,0.0,0.0
2026-05-25 17:38:02,434.15301513671875,0.0010000000474974513,0.0
2026-05-25 17:43:04,414.27099609375,0.0010000000474974513,0.0
2026-05-25 17:48:06,397.30999755859375,0.0,0.0
2026-05-25 17:53:08,377.7669982910156,0.0010000000474974513,0.0
2026-05-25 17:58:10,351.1470031738281,0.0,0.0
2026-05-25 18:03:12,92.0250015258789,-0.0010000000474974513,0.0
2026-05-25 18:08:14,88.75,0.004000000189989805,0.0
2026-05-25 18:13:16,85.55000305175781,0.0010000000474974513,0.0
2026-05-25 18:18:18,82.87100219726562,-0.0010000000474974513,0.0
2026-05-25 18:23:20,79.6780014038086,0.003000000026077032,0.0
2026-05-25 18:28:22,78.04100036621094,0.0010000000474974513,0.0
2026-05-25 18:38:26,72.86399841308594,-0.0010000000474974513,0.0
2026-05-25 18:43:28,70.75900268554688,0.0010000000474974513,0.0
2026-05-25 18:48:30,68.89399719238281,0.0,0.0
2026-05-25 18:53:32,65.73899841308594,-0.0010000000474974513,0.0
2026-05-25 18:58:34,64.36599731445312,0.004999999888241291,0.0
2026-05-25 19:03:36,62.23500061035156,0.003000000026077032,0.0
2026-05-25 19:08:38,59.4630012512207,-0.003000000026077032,0.0
2026-05-25 19:13:40,57.3390007019043,0.0020000000949949026,0.0
2026-05-25 19:18:42,55.255001068115234,0.004000000189989805,0.0
2026-05-25 19:23:44,53.16600036621094,-0.0020000000949949026,0.0
2026-05-25 19:28:46,50.73400115966797,0.0020000000949949026,0.0
2026-05-25 19:33:48,48.233001708984375,0.0010000000474974513,0.0
2026-05-25 19:38:50,46.1349983215332,0.009999999776482582,0.0
2026-05-25 19:43:52,43.87900161743164,-0.0010000000474974513,0.0
2026-05-25 19:48:54,41.57699966430664,0.003000000026077032,0.0
2026-05-25 19:53:56,39.28900146484375,0.009999999776482582,0.0
2026-05-25 19:58:58,36.8390007019043,0.00800000037997961,0.0
2026-05-25 20:04:00,34.27399826049805,0.008999999612569809,0.0
2026-05-25 20:09:02,31.309999465942383,0.004000000189989805,0.0
2026-05-25 20:14:04,27.735000610351562,0.0020000000949949026,0.0
2026-05-25 20:19:06,25.142000198364258,0.004999999888241291,0.0
2026-05-25 20:29:10,19.67099952697754,0.014999999664723873,0.0
2026-05-25 20:34:12,17.03700065612793,-0.00800000037997961,0.0
2026-05-25 20:39:14,14.369999885559082,-0.00800000037997961,0.0
2026-05-25 20:44:16,11.718999862670898,0.010999999940395355,0.0
2026-05-25 20:49:18,9.09000015258789,0.020999999716877937,0.0
2026-05-25 20:54:20,6.866000175476074,0.019999999552965164,0.0
2026-05-25 20:59:22,4.926000118255615,0.032999999821186066,0.0
2026-05-25 21:04:24,2.9670000076293945,0.017999999225139618,0.0
2026-05-25 21:09:26,1.5770000219345093,-0.06599999964237213,0.0
2026-05-26 05:49:04,1.5770000219345093,-0.06599999964237213,0.0
2026-05-26 05:54:06,5.567999839782715,0.035999998450279236,0.0
2026-05-26 05:59:08,7.861000061035156,0.004000000189989805,0.0
2026-05-26 06:04:10,10.395000457763672,0.01600000075995922,0.0
2026-05-26 06:09:12,13.232000350952148,0.014999999664723873,0.0
2026-05-26 06:14:14,16.075000762939453,0.004999999888241291,0.0
2026-05-26 06:19:16,19.583999633789062,0.006000000052154064,0.0
2026-05-26 06:24:18,22.64699935913086,0.010999999940395355,0.0
2026-05-26 06:29:20,25.83099937438965,0.007000000216066837,0.0
2026-05-26 06:34:22,29.301000595092773,-0.0010000000474974513,0.0
2026-05-26 06:39:24,32.404998779296875,0.0020000000949949026,0.0
2026-05-26 06:44:26,35.374000549316406,0.0020000000949949026,0.0
2026-05-26 06:49:28,38.24700164794922,-0.004000000189989805,0.0
2026-05-26 06:54:30,41.12699890136719,0.0010000000474974513,0.0
2026-05-26 06:59:32,43.858001708984375,0.006000000052154064,0.0
2026-05-26 07:04:34,46.887001037597656,0.004999999888241291,0.0
2026-05-26 07:09:36,49.66400146484375,0.004999999888241291,0.0
2026-05-26 07:19:40,55.28499984741211,0.003000000026077032,0.0
2026-05-26 07:24:42,58.16899871826172,0.0020000000949949026,0.0
2026-05-26 07:29:44,61.21099853515625,0.0,0.0
2026-05-26 07:34:46,64.94499969482422,0.0010000000474974513,0.0
2026-05-26 07:44:50,177.0540008544922,0.0010000000474974513,0.0
2026-05-26 07:49:52,133.07699584960938,0.0,0.0
2026-05-26 07:54:54,210.61900329589844,-0.0010000000474974513,0.0
2026-05-26 08:04:58,245.5570068359375,0.0,0.0
2026-05-26 08:10:00,264.1969909667969,0.0,0.0
2026-05-26 08:15:02,282.2900085449219,0.0,0.0
2026-05-26 08:20:04,298.47698974609375,0.0,0.0
2026-05-26 08:25:06,315.3280029296875,0.0,0.0
2026-05-26 08:35:10,351.64300537109375,0.0,0.0
2026-05-26 08:40:12,370.75201416015625,0.0010000000474974513,0.0
2026-05-26 08:45:14,388.22601318359375,0.0,0.0
2026-05-26 08:50:16,411.5929870605469,0.0010000000474974513,0.0
2026-05-26 08:55:18,431.3580017089844,0.0,0.0
2026-05-26 09:00:20,447.5769958496094,0.0010000000474974513,0.0
2026-05-26 09:05:22,466.4209899902344,0.0,0.0
2026-05-26 09:10:24,484.24700927734375,-0.0010000000474974513,0.0
2026-05-26 09:15:26,502.84600830078125,0.0,0.0
2026-05-26 09:20:27,522.427001953125,0.0,0.0
2026-05-26 09:25:29,537.9500122070312,0.0,0.0
2026-05-26 09:30:31,556.7059936523438,0.0,0.0
2026-05-26 09:35:33,574.2579956054688,0.0,0.0
2026-05-26 09:40:35,591.8469848632812,0.0,0.0
2026-05-26 09:45:37,608.697021484375,0.0,0.0
2026-05-26 09:50:39,627.2689819335938,0.0,0.0
2026-05-26 09:55:41,643.0800170898438,0.0,0.0
2026-05-26 10:00:43,661.0859985351562,0.0,0.0
2026-05-26 10:10:47,696.0800170898438,0.0,0.0
2026-05-26 10:15:49,710.802001953125,0.0,0.0
2026-05-26 10:20:51,728.3040161132812,0.0,0.0
2026-05-26 10:25:53,742.47998046875,0.0010000000474974513,0.0
2026-05-26 10:30:55,759.7009887695312,0.0,0.0
2026-05-26 10:40:59,786.9970092773438,0.0,0.0
2026-05-26 10:46:01,801.5789794921875,0.0,0.0
2026-05-26 10:51:03,815.8989868164062,0.0010000000474974513,0.0
2026-05-26 10:56:05,831.5440063476562,0.0,0.0
2026-05-26 11:01:07,844.6929931640625,0.0,0.0
2026-05-26 11:06:09,856.4569702148438,0.0,0.0
2026-05-26 11:11:11,868.0549926757812,0.0,0.0
2026-05-26 11:16:13,879.0130004882812,0.0,0.0
2026-05-26 11:21:15,890.0800170898438,0.0,0.0
2026-05-26 11:26:17,902.7039794921875,0.0,0.0
2026-05-26 11:31:19,914.1389770507812,0.0,0.0
2026-05-26 11:41:23,932.1010131835938,0.0,0.0
2026-05-26 11:46:25,942.2470092773438,0.0,0.0
2026-05-26 11:51:27,951.1929931640625,0.0,0.0
2026-05-26 11:56:29,961.52197265625,0.0,0.0
2026-05-26 12:01:31,969.06298828125,0.0,0.0
2026-05-26 12:06:33,977.5590209960938,0.0,0.0
2026-05-26 12:11:35,985.0650024414062,0.0,0.0
2026-05-26 12:16:37,988.2379760742188,0.0,0.0
2026-05-26 12:21:39,994.8690185546875,0.0,0.0
2026-05-26 12:26:41,999.6849975585938,0.0,0.0
2026-05-26 12:31:43,1002.06201171875,0.0,0.0
2026-05-26 12:36:45,1006.2559814453125,0.0,0.0
2026-05-26 12:41:47,1008.6400146484375,0.0,0.0
2026-05-26 12:46:49,1010.3670043945312,0.0,0.0
2026-05-26 12:51:51,1014.1389770507812,0.0,0.0
2026-05-26 12:56:53,1014.2739868164062,0.0,0.0
2026-05-26 13:01:55,1008.9140014648438,0.0,0.0
2026-05-26 13:06:57,1010.0339965820312,0.0,0.0
2026-05-26 13:11:59,1009.7830200195312,0.0,0.0
2026-05-26 13:17:01,1009.0880126953125,0.0,0.0
2026-05-26 13:22:03,1007.6160278320312,0.0,0.0
2026-05-26 13:45:43,997.3790283203125,0.0,0.0
2026-05-26 13:50:45,994.447998046875,0.0,0.0
2026-05-26 14:00:49,987.8779907226562,0.0,0.0
2026-05-26 14:05:51,984.3770141601562,0.0,0.0
2026-05-26 14:10:53,979.156982421875,0.0,0.0
2026-05-26 14:15:55,975.0650024414062,0.0,0.0
2026-05-26 14:20:57,971.8699951171875,0.0,0.0
2026-05-26 14:25:59,965.52001953125,0.0,0.0
2026-05-26 14:31:01,958.60302734375,0.0,0.0
2026-05-26 14:36:03,949.4450073242188,0.0,0.0
2026-05-26 14:41:05,941.4970092773438,0.0,0.0
2026-05-26 14:46:07,935.4580078125,0.0,0.0
2026-05-26 14:51:09,924.7730102539062,0.0,0.0
2026-05-26 14:56:11,916.3729858398438,0.0,0.0
2026-05-26 15:01:13,908.0390014648438,0.0,0.0
2026-05-26 15:06:15,899.3829956054688,0.0,0.0
2026-05-26 15:11:17,887.4219970703125,0.0,0.0
2026-05-26 15:16:19,877.1190185546875,0.0,0.0
2026-05-26 15:21:21,866.6669921875,0.0,0.0
2026-05-26 15:26:23,855.5250244140625,0.0,0.0
2026-05-26 15:31:25,842.9600219726562,0.0,0.0
2026-05-26 15:36:27,830.9920043945312,0.0,0.0
2026-05-26 15:41:29,822.4299926757812,0.0,0.0
2026-05-26 15:46:31,805.343994140625,0.0,0.0
2026-05-26 15:51:33,794.2219848632812,0.0,0.0
2026-05-26 15:56:35,778.0850219726562,0.0,0.0
2026-05-26 16:01:37,765.2960205078125,0.0,0.0
2026-05-26 16:06:39,759.5020141601562,0.0,0.0
2026-05-26 16:11:41,743.0469970703125,0.0,0.0
2026-05-26 16:16:43,722.0369873046875,0.0,0.0
2026-05-26 16:31:49,666.7570190429688,0.0,0.0
2026-05-26 16:41:53,642.7680053710938,0.0,0.0
2026-05-26 16:46:55,630.1010131835938,0.0,0.0
2026-05-26 16:51:57,604.5689697265625,0.0,0.0
2026-05-26 16:56:59,591.2050170898438,0.0,0.0
2026-05-26 17:02:01,580.3980102539062,0.0,0.0
2026-05-26 17:07:03,565.3389892578125,0.0,0.0
2026-05-26 17:17:07,523.9099731445312,0.0,0.0
2026-05-26 17:22:09,468.5580139160156,0.0,0.0
2026-05-26 17:27:11,482.53900146484375,0.0010000000474974513,0.0
2026-05-26 17:32:13,311.0469970703125,0.0,0.0
2026-05-26 17:37:15,211.60499572753906,0.0,0.0
2026-05-26 17:42:17,111.44499969482422,0.0010000000474974513,0.0
2026-05-26 17:47:19,144.85899353027344,0.0010000000474974513,0.0
2026-05-26 17:52:21,72.0270004272461,0.0010000000474974513,0.0
2026-05-26 17:57:22,69.38300323486328,0.0,0.0
2026-05-26 18:02:24,57.62099838256836,0.0,0.0
2026-05-26 18:07:26,55.810001373291016,0.0010000000474974513,0.0
2026-05-26 18:12:28,59.487998962402344,-0.0010000000474974513,0.0
2026-05-26 18:17:30,66.15299987792969,0.006000000052154064,0.0
2026-05-26 18:22:32,62.47100067138672,0.0,0.0
2026-05-26 18:32:36,61.7760009765625,0.004999999888241291,0.0
2026-05-26 18:37:38,59.279998779296875,-0.0010000000474974513,0.0
2026-05-26 18:42:40,59.50600051879883,0.0,0.0
2026-05-26 18:47:42,62.9900016784668,0.006000000052154064,0.0
2026-05-26 18:52:44,64.26300048828125,0.003000000026077032,0.0
2026-05-26 18:57:46,63.71799850463867,0.0020000000949949026,0.0
2026-05-26 19:02:48,62.516998291015625,-0.0010000000474974513,0.0
2026-05-26 19:07:50,61.62099838256836,0.0020000000949949026,0.0
2026-05-26 19:12:52,59.85100173950195,0.003000000026077032,0.0
2026-05-26 19:17:54,57.637001037597656,-0.0010000000474974513,0.0
2026-05-26 19:22:56,54.81800079345703,-0.003000000026077032,0.0
2026-05-26 19:27:58,52.073001861572266,-0.0020000000949949026,0.0
2026-05-26 19:33:00,49.40999984741211,0.0010000000474974513,0.0
2026-05-26 19:38:02,45.28200149536133,0.004000000189989805,0.0
2026-05-26 19:43:04,44.26300048828125,0.004000000189989805,0.0
2026-05-26 19:48:06,46.0,0.003000000026077032,0.0
2026-05-26 19:53:08,46.736000061035156,0.0020000000949949026,0.0
2026-05-26 19:58:10,45.88600158691406,0.0020000000949949026,0.0
2026-05-26 20:03:12,43.499000549316406,0.0010000000474974513,0.0
2026-05-26 20:08:14,39.611000061035156,-0.0010000000474974513,0.0
2026-05-26 20:13:16,35.582000732421875,-0.0020000000949949026,0.0
2026-05-26 20:18:18,32.244998931884766,0.003000000026077032,0.0
2026-05-26 20:23:20,29.155000686645508,-0.0020000000949949026,0.0
2026-05-26 20:28:22,25.67300033569336,-0.0020000000949949026,0.0
2026-05-26 20:38:26,20.388999938964844,-0.0010000000474974513,0.0
2026-05-26 20:43:28,18.21299934387207,-0.003000000026077032,0.0
2026-05-26 20:48:30,14.694999694824219,0.014999999664723873,0.0
2026-05-26 20:53:32,11.335000038146973,-0.007000000216066837,0.0
2026-05-26 20:58:34,8.10099983215332,0.027000000700354576,0.0
2026-05-26 21:03:36,5.4629998207092285,0.02500000037252903,0.0
2026-05-26 21:08:38,3.509000062942505,-0.014999999664723873,0.0
2026-05-26 21:13:40,2.191999912261963,0.010999999940395355,0.0
2026-05-27 05:53:13,2.191999912261963,0.010999999940395355,0.0
2026-05-27 05:58:15,6.425000190734863,0.004000000189989805,0.0
2026-05-27 06:03:17,8.89799976348877,0.032999999821186066,0.0
2026-05-27 06:08:19,12.23799991607666,-0.012000000104308128,0.0
2026-05-27 06:13:21,15.972999572753906,0.006000000052154064,0.0
2026-05-27 06:18:23,18.8700008392334,0.012000000104308128,0.0
2026-05-27 06:23:25,22.27400016784668,0.008999999612569809,0.0
2026-05-27 06:28:27,26.538999557495117,0.004999999888241291,0.0
2026-05-27 06:33:29,31.440000534057617,0.003000000026077032,0.0
2026-05-27 06:38:30,34.47100067138672,0.009999999776482582,0.0
2026-05-27 06:43:32,37.869998931884766,-0.0010000000474974513,0.0
2026-05-27 06:48:34,39.48099899291992,-0.004999999888241291,0.0
2026-05-27 06:53:36,38.78900146484375,-0.004999999888241291,0.0
2026-05-27 06:58:38,41.56100082397461,0.0020000000949949026,0.0
2026-05-27 07:03:40,45.9379997253418,-0.0010000000474974513,0.0
2026-05-27 07:08:42,48.4370002746582,0.003000000026077032,0.0
2026-05-27 07:13:44,51.26599884033203,0.003000000026077032,0.0
2026-05-27 07:18:46,53.88199996948242,0.007000000216066837,0.0
2026-05-27 07:23:48,56.375,0.0020000000949949026,0.0
2026-05-27 07:33:52,62.992000579833984,0.0010000000474974513,0.0
2026-05-27 07:38:54,65.87699890136719,0.0010000000474974513,0.0
2026-05-27 07:48:58,196.76100158691406,0.0,0.0
2026-05-27 07:54:00,213.88600158691406,0.0,0.0
2026-05-27 07:59:02,230.2989959716797,0.0010000000474974513,0.0
2026-05-27 08:04:04,247.65499877929688,0.0,0.0
2026-05-27 08:09:06,266.0369873046875,0.0,0.0
2026-05-27 08:14:08,282.9049987792969,0.0010000000474974513,0.0
2026-05-27 08:19:10,301.1199951171875,0.0,0.0
2026-05-27 08:29:14,337.1820068359375,0.0,0.0
2026-05-27 08:34:16,354.90301513671875,0.0010000000474974513,0.0
2026-05-27 08:39:18,373.68701171875,0.0010000000474974513,0.0
2026-05-27 08:44:20,392.0639953613281,0.0010000000474974513,0.0
2026-05-27 08:49:22,408.8179931640625,0.0,0.0
2026-05-27 08:54:24,428.0480041503906,0.0010000000474974513,0.0
2026-05-27 08:59:26,447.7669982910156,0.0,0.0
2026-05-27 09:04:28,464.8819885253906,0.0,0.0
2026-05-27 09:09:30,483.0419921875,0.0,0.0
2026-05-27 09:14:32,501.2300109863281,0.0,0.0
2026-05-27 09:19:34,519.7620239257812,0.0,0.0
2026-05-27 09:24:36,538.4089965820312,0.0,0.0
2026-05-27 09:29:38,557.7550048828125,0.0,0.0
2026-05-27 09:34:40,573.4669799804688,0.0,0.0
2026-05-27 09:39:42,592.18701171875,0.0010000000474974513,0.0
2026-05-27 09:44:44,611.4829711914062,0.0,0.0
2026-05-27 09:49:46,632.6329956054688,0.0,0.0
2026-05-27 09:54:48,650.60302734375,0.0,0.0
2026-05-27 09:59:50,663.4879760742188,0.0,0.0
2026-05-27 10:04:52,682.06201171875,0.0,0.0
2026-05-27 10:09:54,696.614013671875,0.0,0.0
2026-05-27 10:19:58,733.1290283203125,0.0,0.0
2026-05-27 10:25:00,749.4879760742188,0.0,0.0
2026-05-27 10:30:02,765.9290161132812,0.0,0.0
2026-05-27 10:35:04,780.3460083007812,0.0,0.0
2026-05-27 10:40:06,793.0029907226562,0.0,0.0
2026-05-27 10:45:08,811.1090087890625,0.0,0.0
2026-05-27 10:50:10,821.2890014648438,0.0,0.0
2026-05-27 10:52:44,829.2659912109375,0.0,0.0
2026-05-27 10:57:46,847.3510131835938,0.0,0.0
2026-05-27 11:02:48,856.14599609375,0.0,0.0
2026-05-27 11:07:50,872.7470092773438,0.0,0.0
2026-05-27 11:12:52,890.989990234375,0.0,0.0
2026-05-27 11:27:55,919.7680053710938,0.23100000619888306,0.035999998450279236
2026-05-27 12:49:24,1014.4340209960938,0.0010000000474974513,0.0
2026-05-27 12:54:26,1022.7999877929688,0.0,0.0
2026-05-27 12:59:28,1017.7830200195312,0.0,0.0
2026-05-27 13:04:30,1024.511962890625,0.0,0.0
2026-05-27 13:09:32,1015.7369995117188,0.0,0.0
2026-05-27 13:14:34,1021.4329833984375,0.0,0.0
2026-05-27 13:19:36,1007.8699951171875,0.0,0.0
2026-05-27 13:24:38,1012.6389770507812,0.0,0.0
2026-05-27 13:47:15,1005.6270141601562,0.0,0.0
2026-05-27 13:52:17,1003.718994140625,0.0,0.0
2026-05-27 13:57:19,1002.1829833984375,0.0,0.0
2026-05-27 14:02:21,1008.2789916992188,0.0,0.0
2026-05-27 14:07:23,990.6380004882812,0.0,0.0
2026-05-27 14:12:25,975.5130004882812,0.0,0.0
2026-05-27 14:23:42,971.1810302734375,0.0,0.0
2026-05-27 15:09:53,898.6480102539062,0.0,0.0
2026-05-27 15:16:48,886.9169921875,0.0,0.0
2026-05-27 15:31:29,848.22900390625,0.0,0.0
2026-05-27 15:55:09,821.5369873046875,0.0,0.0
2026-05-27 16:07:09,783.6480102539062,0.0010000000474974513,0.0
2026-05-27 16:12:11,768.760986328125,0.0,0.0
2026-05-27 16:17:13,747.4169921875,0.0,0.0
2026-05-27 16:22:15,728.31298828125,0.0,0.0
2026-05-27 16:27:17,703.4580078125,0.0,0.0
2026-05-27 16:32:19,684.5360107421875,0.0,0.0
2026-05-27 16:37:21,665.56298828125,0.0,0.0
2026-05-27 16:42:23,654.176025390625,0.0,0.0
2026-05-27 16:47:25,639.6300048828125,0.0,0.0
2026-05-27 16:52:27,618.1690063476562,0.0,0.0
2026-05-27 16:57:29,612.7789916992188,0.0,0.0
2026-05-27 17:02:31,597.8629760742188,0.0,0.0
2026-05-27 17:07:33,573.6749877929688,0.0,0.0
2026-05-27 17:12:35,545.1610107421875,0.0010000000474974513,0.0
2026-05-27 17:17:37,527.489990234375,0.0,0.0
2026-05-27 17:22:39,515.8619995117188,0.0,0.0
2026-05-27 17:27:41,500.1650085449219,0.0,0.0
2026-05-27 17:32:43,480.5870056152344,0.0,0.0
2026-05-27 17:42:47,440.2149963378906,0.0,0.0
2026-05-27 17:47:49,422.0270080566406,0.0010000000474974513,0.0
2026-05-27 17:52:51,404.2650146484375,0.0,0.0
2026-05-27 17:57:53,301.1470031738281,0.0010000000474974513,0.0
2026-05-27 18:02:55,91.97699737548828,0.0010000000474974513,0.0
2026-05-27 18:07:57,87.4739990234375,-0.004000000189989805,0.0
2026-05-27 18:12:59,79.0469970703125,-0.0010000000474974513,0.0
2026-05-27 18:18:01,73.21900177001953,-0.003000000026077032,0.0
2026-05-27 18:23:03,70.21499633789062,-0.003000000026077032,0.0
2026-05-27 18:28:04,67.8270034790039,0.004999999888241291,0.0
2026-05-27 18:33:06,64.76300048828125,0.0,0.0
2026-05-27 18:38:08,63.0880012512207,-0.0010000000474974513,0.0
2026-05-27 18:43:10,60.94599914550781,-0.004000000189989805,0.0
2026-05-27 18:48:12,59.28200149536133,-0.0010000000474974513,0.0
2026-05-27 18:53:14,57.71200180053711,0.0020000000949949026,0.0
2026-05-27 18:58:16,55.334999084472656,-0.0020000000949949026,0.0
2026-05-27 19:03:18,53.7869987487793,-0.0020000000949949026,0.0
2026-05-27 19:08:20,52.81800079345703,-0.0010000000474974513,0.0
2026-05-27 19:18:24,51.310001373291016,-0.0020000000949949026,0.0
2026-05-27 19:23:26,49.527000427246094,0.006000000052154064,0.0
2026-05-27 19:28:28,47.525001525878906,0.0010000000474974513,0.0
2026-05-27 19:33:30,46.082000732421875,-0.0020000000949949026,0.0
2026-05-27 19:38:32,44.07099914550781,-0.0020000000949949026,0.0
2026-05-27 19:43:34,41.909000396728516,0.003000000026077032,0.0
2026-05-27 19:48:36,40.08700180053711,0.006000000052154064,0.0
2026-05-27 19:53:38,38.28300094604492,0.003000000026077032,0.0
2026-05-27 19:58:40,36.42100143432617,-0.0010000000474974513,0.0
2026-05-27 20:03:42,34.3129997253418,0.0010000000474974513,0.0
2026-05-27 20:08:44,32.01599884033203,0.007000000216066837,0.0
2026-05-27 20:13:46,27.465999603271484,0.009999999776482582,0.0
2026-05-27 20:18:48,24.617000579833984,0.008999999612569809,0.0
2026-05-27 20:23:50,22.625999450683594,0.006000000052154064,0.0
2026-05-27 20:28:52,20.239999771118164,0.004999999888241291,0.0
2026-05-27 20:33:54,18.11400032043457,0.008999999612569809,0.0
2026-05-27 20:38:56,15.807999610900879,0.01899999938905239,0.0
2026-05-27 20:43:58,13.480999946594238,0.007000000216066837,0.0
2026-05-27 20:49:00,11.300999641418457,0.0020000000949949026,0.0
2026-05-27 20:54:02,9.121999740600586,0.013000000268220901,0.0
2026-05-27 20:59:04,6.8429999351501465,-0.012000000104308128,0.0
2026-05-27 21:04:06,5.000999927520752,-0.004999999888241291,0.0
2026-05-27 21:14:10,1.3049999475479126,-0.02500000037252903,0.0
2026-05-28 05:52:14,1.3049999475479126,-0.02500000037252903,0.0
2026-05-28 05:57:16,6.697000026702881,0.02500000037252903,0.0
2026-05-28 06:02:18,9.105999946594238,0.02199999988079071,0.0
2026-05-28 06:07:20,11.630000114440918,0.017000000923871994,0.0
2026-05-28 06:12:22,14.26099967956543,-0.004000000189989805,0.0
2026-05-28 06:17:24,17.055999755859375,0.012000000104308128,0.0
2026-05-28 06:22:26,19.990999221801758,-0.0010000000474974513,0.0
2026-05-28 06:27:28,22.7450008392334,0.009999999776482582,0.0
2026-05-28 06:32:30,26.062000274658203,-0.0020000000949949026,0.0
2026-05-28 06:37:32,28.93000030517578,0.0010000000474974513,0.0
2026-05-28 06:42:34,31.329999923706055,0.003000000026077032,0.0
2026-05-28 06:47:36,33.874000549316406,0.007000000216066837,0.0
2026-05-28 06:52:38,36.42100143432617,-0.004999999888241291,0.0
2026-05-28 06:57:40,38.49399948120117,0.008999999612569809,0.0
2026-05-28 07:02:42,40.84299850463867,0.0020000000949949026,0.0
2026-05-28 07:07:44,42.97600173950195,0.004000000189989805,0.0
2026-05-28 07:12:46,45.387001037597656,-0.004000000189989805,0.0
2026-05-28 07:17:48,47.790000915527344,0.0020000000949949026,0.0
2026-05-28 07:22:50,49.94499969482422,-0.0010000000474974513,0.0
2026-05-28 07:27:52,52.16699981689453,0.004999999888241291,0.0
2026-05-28 07:32:54,54.25400161743164,0.0,0.0
2026-05-28 07:37:56,56.4640007019043,-0.0010000000474974513,0.0
2026-05-28 07:42:58,127.31400299072266,0.0010000000474974513,0.0
2026-05-28 07:48:00,192.2030029296875,-0.0020000000949949026,0.0
2026-05-28 07:53:02,208.75399780273438,0.0,0.0
2026-05-28 07:58:04,226.07400512695312,0.0,0.0
2026-05-28 08:03:06,244.26600646972656,0.0,0.0
2026-05-28 08:08:08,260.57598876953125,0.0,0.0
2026-05-28 08:13:10,276.9049987792969,0.0,0.0
2026-05-28 08:18:12,295.7449951171875,0.0,0.0
2026-05-28 08:23:14,313.6499938964844,0.0,0.0
2026-05-28 08:28:16,332.63800048828125,0.0010000000474974513,0.0
2026-05-28 08:33:18,350.4330139160156,0.0010000000474974513,0.0
2026-05-28 08:38:20,371.12200927734375,0.0,0.0
2026-05-28 08:48:24,403.2659912109375,0.0010000000474974513,0.0
2026-05-28 08:53:25,421.72601318359375,0.0,0.0
2026-05-28 08:58:27,443.56298828125,0.0,0.0
2026-05-28 09:03:29,479.0580139160156,0.0,0.0
2026-05-28 09:08:31,486.4620056152344,0.0,0.0
2026-05-28 09:13:33,467.70098876953125,0.0,0.0
2026-05-28 09:18:35,544.385986328125,0.0,0.0
2026-05-28 09:23:37,472.1300048828125,0.0,0.0
2026-05-28 09:28:39,537.31201171875,0.0,0.0
2026-05-28 09:47:38,641.364990234375,0.0,0.0
2026-05-28 09:52:40,655.4879760742188,0.0,0.0
2026-05-28 09:57:42,630.7949829101562,0.0,0.0
2026-05-28 10:39:06,805.6909790039062,0.0,0.0
2026-05-28 10:44:08,812.9190063476562,0.0,0.0
2026-05-28 12:03:18,988.4429931640625,0.0,0.0
2026-05-28 12:08:20,998.0070190429688,0.0,0.0
2026-05-28 12:13:22,1008.2990112304688,0.0,0.0
2026-05-28 12:18:24,1012.8209838867188,0.0,0.0
2026-05-28 12:23:26,1017.2739868164062,0.0,0.0
2026-05-28 12:28:28,1020.2670288085938,0.0,0.0
2026-05-28 12:33:30,1022.875,0.0,0.0
2026-05-28 12:38:32,1026.3790283203125,0.0,0.0
2026-05-28 12:43:34,1028.2490234375,0.0,0.0
2026-05-28 12:48:36,1027.9129638671875,0.0,0.0
2026-05-28 12:53:38,1031.237060546875,0.0,0.0
2026-05-28 12:58:40,1026.0040283203125,0.0,0.0
2026-05-28 13:03:42,1030.833984375,0.0,0.0
2026-05-28 13:08:44,1035.7640380859375,0.0,0.0
2026-05-28 13:13:46,1032.8299560546875,0.0,0.0
2026-05-28 13:18:48,1037.3160400390625,0.0,0.0
2026-05-28 13:23:50,1035.6319580078125,0.0,0.0
2026-05-28 17:25:55,292.54400634765625,0.0,0.0
2026-05-29 08:09:46,292.54400634765625,0.0,0.0
2026-05-29 08:14:48,310.3699951171875,0.0,0.0
2026-05-29 08:19:50,329.3489990234375,0.0010000000474974513,0.0
2026-05-29 08:24:52,348.5710144042969,0.0,0.0
2026-05-29 08:29:54,369.24798583984375,0.0,0.0
2026-05-29 08:39:59,406.0140075683594,0.0010000000474974513,0.0
2026-05-29 08:45:01,424.67401123046875,0.0,0.0
2026-05-29 08:50:03,444.20599365234375,0.0010000000474974513,0.0
2026-05-29 08:55:05,465.5589904785156,0.0,0.0
2026-05-29 09:00:07,484.05499267578125,0.0,0.0
2026-05-29 09:10:11,522.5689697265625,0.0,0.0
2026-05-29 09:15:13,541.1630249023438,0.0,0.0
2026-05-29 09:20:16,564.3150024414062,0.0,0.0
2026-05-29 09:25:18,580.5460205078125,0.0,0.0
2026-05-29 09:30:20,600.1900024414062,0.0,0.0
2026-05-29 09:35:22,616.8569946289062,0.0,0.0
2026-05-29 09:40:24,633.7369995117188,0.0,0.0
2026-05-29 09:45:26,651.989013671875,0.0,0.0
2026-05-29 09:50:28,668.3330078125,0.0010000000474974513,0.0
2026-05-29 09:55:30,688.3200073242188,0.0,0.0
2026-05-29 10:00:32,704.989990234375,0.0,0.0
2026-05-29 10:05:35,721.968017578125,0.0,0.0
2026-05-29 10:10:37,738.0009765625,0.0,0.0
2026-05-29 10:15:39,753.6799926757812,0.0,0.0
2026-05-29 10:20:41,773.8289794921875,0.0,0.0
2026-05-29 10:25:43,790.9140014648438,0.0,0.0
2026-05-29 11:26:43,957.7689819335938,0.0,0.0
2026-05-29 11:30:22,965.3499755859375,0.0,0.0
2026-05-29 11:34:07,974.9210205078125,0.0,0.0
2026-05-29 11:38:48,985.4329833984375,0.0,0.0
2026-05-29 11:39:15,985.4329833984375,0.0,0.0
2026-05-29 11:44:52,995.5130004882812,0.0,0.0
2026-05-29 11:50:19,1002.5460205078125,0.0,0.0
2026-05-29 11:54:05,1008.6719970703125,0.0,0.0
2026-05-29 11:55:17,1014.218994140625,0.0,0.0
2026-05-29 11:55:47,1015.0330200195312,0.0,0.0
2026-05-29 11:56:09,1015.0330200195312,0.0,0.0
2026-05-29 11:56:30,1015.85400390625,0.0,0.0
2026-05-29 12:01:03,1020.7249755859375,0.0,0.0
2026-05-29 12:01:42,1021.7030029296875,0.0,0.0
2026-05-29 12:05:48,1020.2030029296875,0.0,0.0
2026-05-29 12:08:27,1032.718017578125,0.0,0.0
2026-05-29 12:09:21,1032.654052734375,0.0,0.0
2026-05-29 12:09:44,1032.654052734375,0.0,0.0
2026-05-29 12:09:58,1033.552001953125,0.0,0.0
2026-05-29 12:11:16,1035.7850341796875,0.0,0.0
2026-05-29 12:12:01,1035.927001953125,0.0,0.0
2026-05-29 12:27:07,1050.6190185546875,0.0,0.0
2026-05-29 12:37:12,1056.66796875,0.0,0.0
2026-05-29 12:42:14,1061.1929931640625,0.0,0.0
2026-05-29 12:47:16,1061.1800537109375,0.0,0.0
2026-05-29 12:52:18,1065.5379638671875,0.0,0.0
2026-05-29 12:57:20,1063.7740478515625,0.0,0.0
2026-05-29 13:02:22,1063.2139892578125,0.0,0.0
2026-05-29 13:10:52,1063.0350341796875,0.0,0.0
2026-05-29 13:11:20,1062.72705078125,0.0,0.0
2026-05-29 13:11:58,1063.4150390625,0.0,0.0
2026-05-29 17:13:43,567.7369995117188,0.0,0.0
2026-05-29 17:16:26,557.3140258789062,0.0,0.0
2026-05-29 17:19:17,545.0809936523438,0.0,0.0
2026-05-29 17:20:12,543.656982421875,0.0,0.0
2026-05-29 17:20:19,542.7009887695312,0.0,0.0
2026-05-29 17:20:26,542.7009887695312,0.0,0.0
2026-05-29 17:20:33,542.7009887695312,0.0,0.0
2026-05-29 17:20:40,542.7009887695312,0.0010000000474974513,0.0
2026-05-29 17:34:11,488.1839904785156,0.0,0.0
2026-05-29 17:35:46,479.5220031738281,0.0,0.0
2026-05-29 17:36:33,478.2099914550781,0.0,0.0
2026-05-29 17:41:36,458.6700134277344,0.0,0.0
2026-05-29 17:46:38,439.1499938964844,0.0,0.0
2026-05-29 17:51:40,421.4549865722656,0.0010000000474974513,0.0
2026-05-29 17:56:42,348.14599609375,0.0010000000474974513,0.0
2026-05-29 18:01:44,54.79499816894531,0.003000000026077032,0.0
2026-05-29 18:06:46,53.375999450683594,0.004000000189989805,0.0
2026-05-29 18:11:48,51.98899841308594,-0.0020000000949949026,0.0
2026-05-29 18:16:50,51.41299819946289,-0.003000000026077032,0.0
2026-05-29 18:21:53,50.25600051879883,-0.0010000000474974513,0.0
2026-05-29 18:26:55,49.742000579833984,0.0020000000949949026,0.0
2026-05-29 18:31:57,49.05799865722656,0.003000000026077032,0.0
2026-05-29 18:36:59,47.8380012512207,-0.0020000000949949026,0.0
2026-05-29 18:42:01,46.60599899291992,0.00800000037997961,0.0
2026-05-29 18:47:03,45.810001373291016,0.0020000000949949026,0.0
2026-05-29 18:57:07,44.04999923706055,0.003000000026077032,0.0
2026-05-29 19:07:12,42.196998596191406,-0.0010000000474974513,0.0
2026-05-29 19:17:16,40.22200012207031,-0.0020000000949949026,0.0
2026-05-29 19:22:18,39.18600082397461,-0.003000000026077032,0.0
2026-05-29 19:27:20,38.04100036621094,0.009999999776482582,0.0
2026-05-29 19:32:22,36.94900131225586,-0.0020000000949949026,0.0
2026-05-29 19:37:24,35.22700119018555,-0.003000000026077032,0.0
2026-05-29 19:42:26,34.292999267578125,0.014000000432133675,0.0
2026-05-29 19:47:29,33.51499938964844,-0.004999999888241291,0.0
2026-05-29 19:52:31,29.742000579833984,0.010999999940395355,0.0
2026-05-29 19:57:33,28.618999481201172,-0.0010000000474974513,0.0
2026-05-29 20:02:35,28.506999969482422,0.0020000000949949026,0.0
2026-05-29 20:07:37,26.70199966430664,0.013000000268220901,0.0
2026-05-29 20:12:39,23.225000381469727,0.009999999776482582,0.0
2026-05-29 20:17:41,21.434999465942383,0.0010000000474974513,0.0
2026-05-29 20:22:43,20.106000900268555,0.006000000052154064,0.0
2026-05-29 20:27:45,18.364999771118164,-0.008999999612569809,0.0
2026-05-29 20:32:47,16.086999893188477,0.004999999888241291,0.0
2026-05-29 20:37:50,13.456000328063965,-0.006000000052154064,0.0
2026-05-29 20:42:52,10.42300033569336,0.003000000026077032,0.0
2026-05-29 20:47:54,8.027000427246094,0.02500000037252903,0.0
2026-05-29 20:52:56,5.959000110626221,-0.01899999938905239,0.0
2026-05-29 20:57:58,4.552999973297119,0.01899999938905239,0.0
2026-05-29 21:03:00,3.134000062942505,-0.06300000101327896,0.0
2026-05-29 21:08:02,1.7760000228881836,0.11100000143051147,0.0
2026-05-29 21:13:04,0.8429999947547913,-0.03500000014901161,0.0
2026-05-30 05:41:12,0.8429999947547913,-0.03500000014901161,0.0
2026-05-30 05:46:14,1.9630000591278076,0.2160000056028366,0.0
2026-05-30 05:51:17,4.2769999504089355,-0.013000000268220901,0.0
2026-05-30 05:56:19,6.40500020980835,0.020999999716877937,0.0
2026-05-30 06:01:21,9.777999877929688,0.006000000052154064,0.0
2026-05-30 06:06:23,12.611000061035156,0.008999999612569809,0.0
2026-05-30 06:11:25,16.232999801635742,0.0020000000949949026,0.0
2026-05-30 06:16:27,20.135000228881836,-0.007000000216066837,0.0
2026-05-30 06:21:29,24.417999267578125,-0.008999999612569809,0.0
2026-05-30 06:26:32,28.070999145507812,0.0020000000949949026,0.0
2026-05-30 06:31:34,32.01599884033203,0.006000000052154064,0.0
2026-05-30 06:36:36,35.86899948120117,0.0020000000949949026,0.0
2026-05-30 06:41:38,39.611000061035156,-0.008999999612569809,0.0
2026-05-30 06:46:40,43.96799850463867,-0.0020000000949949026,0.0
2026-05-30 06:51:42,48.448001861572266,0.004000000189989805,0.0
2026-05-30 06:56:44,53.36199951171875,-0.006000000052154064,0.0
2026-05-30 07:06:49,61.25299835205078,0.0020000000949949026,0.0
2026-05-30 07:11:51,64.25900268554688,-0.0010000000474974513,0.0
2026-05-30 07:16:53,68.04299926757812,0.0020000000949949026,0.0
2026-05-30 07:21:55,72.44300079345703,0.0020000000949949026,0.0
2026-05-30 07:31:59,82.49099731445312,0.0,0.0
2026-05-30 07:37:01,89.9209976196289,0.0010000000474974513,0.0
2026-05-30 07:42:03,99.21600341796875,0.0,0.0
2026-05-30 07:47:05,117.31300354003906,0.0,0.0
2026-05-30 07:52:07,119.70500183105469,-0.0010000000474974513,0.0
2026-05-30 07:57:10,120.0459976196289,0.0010000000474974513,0.0
2026-05-30 08:02:12,138.2449951171875,0.0010000000474974513,0.0
2026-05-30 08:07:14,152.281005859375,0.0010000000474974513,0.0
2026-05-30 08:12:16,183.19700622558594,0.0010000000474974513,0.0
2026-05-30 08:17:18,207.30299377441406,0.0010000000474974513,0.0
2026-05-30 08:22:20,248.48300170898438,0.0,0.0
2026-05-30 08:27:22,289.9110107421875,0.0,0.0
2026-05-30 08:37:26,318.49798583984375,0.0,0.0
2026-05-30 08:42:29,300.2349853515625,0.0,0.0
2026-05-30 08:47:31,338.8380126953125,0.0,0.0
2026-05-30 08:52:33,341.8190002441406,0.0,0.0
2026-05-30 08:57:35,397.4930114746094,0.0,0.0
2026-05-30 09:02:37,368.1929931640625,0.0010000000474974513,0.0
2026-05-30 09:07:39,331.9729919433594,0.0,0.0
2026-05-30 09:12:41,354.5409851074219,0.0,0.0
2026-05-30 09:17:43,432.6470031738281,0.0,0.0
2026-05-30 09:22:45,453.51800537109375,0.0,0.0
2026-05-30 09:27:48,496.80499267578125,0.0010000000474974513,0.0
2026-05-30 09:32:50,444.52099609375,0.0,0.0
2026-05-30 09:42:54,432.989990234375,0.0,0.0
2026-05-30 09:47:56,571.156982421875,0.0,0.0
2026-05-30 09:58:00,584.5969848632812,0.0,0.0
2026-05-30 10:03:02,637.0399780273438,0.0,0.0
2026-05-30 10:08:05,531.2550048828125,-0.0010000000474974513,0.0
2026-05-30 10:13:07,584.4639892578125,0.0,0.0
2026-05-30 10:18:09,592.7849731445312,0.0010000000474974513,0.0
2026-05-30 10:23:11,714.1010131835938,0.0,0.0
2026-05-30 10:28:13,807.1409912109375,0.0,0.0
2026-05-30 10:33:15,759.2410278320312,0.0,0.0
2026-05-30 10:38:17,801.9149780273438,0.0,0.0
2026-05-30 10:43:19,870.9910278320312,0.0,0.0
2026-05-30 10:48:21,830.1939697265625,0.0,0.0
2026-05-30 10:53:24,779.8720092773438,0.0,0.0
2026-05-30 10:58:26,750.4180297851562,0.0,0.0
2026-05-30 11:03:28,811.8629760742188,0.0,0.0
2026-05-30 11:08:30,726.4140014648438,0.0,0.0
2026-05-30 11:13:32,738.9329833984375,0.0010000000474974513,0.0
2026-05-30 11:18:34,647.0170288085938,0.0,0.0
2026-05-30 11:23:36,772.8179931640625,0.0,0.0
2026-05-30 11:28:38,788.0269775390625,0.0,0.0
2026-05-30 11:33:40,800.4959716796875,0.0010000000474974513,0.0
2026-05-30 11:38:42,852.2990112304688,0.0,0.0
2026-05-30 11:43:44,917.2219848632812,0.0,0.0
2026-05-30 11:48:46,949.3489990234375,0.0,0.0
2026-05-30 11:53:49,897.0260009765625,0.0,0.0
2026-05-30 11:58:51,878.1849975585938,0.0,0.0
2026-05-30 12:03:53,841.4310302734375,0.0,0.0
2026-05-30 12:08:55,818.2249755859375,0.0,0.0
2026-05-30 12:13:57,903.0650024414062,0.0,0.0
2026-05-30 12:18:59,959.8330078125,0.0,0.0
2026-05-30 12:24:01,938.052978515625,0.0,0.0
2026-05-30 12:29:03,976.030029296875,0.0,0.0
2026-05-30 12:34:05,994.2769775390625,0.0,0.0
2026-05-30 12:39:08,1027.5179443359375,0.0,0.0
2026-05-30 12:44:10,1010.5830078125,0.0,0.0
2026-05-30 12:49:12,1016.7750244140625,0.0,0.0
2026-05-30 12:54:14,1041.98095703125,0.0,0.0
2026-05-30 12:59:16,1017.9910278320312,0.0,0.0
2026-05-30 13:04:18,1004.030029296875,0.0,0.0
2026-05-30 13:09:20,1005.1589965820312,0.0,0.0
2026-05-30 13:14:22,1009.0469970703125,0.0,0.0
2026-05-30 13:24:26,1053.9610595703125,0.0,0.0
2026-05-30 13:46:52,1037.2340087890625,0.0,0.0
2026-05-30 13:51:54,1035.0350341796875,0.0,0.0
2026-05-30 13:56:56,1032.9580078125,0.0,0.0
2026-05-30 14:01:58,1009.8720092773438,0.0,0.0
2026-05-30 14:07:00,948.9299926757812,0.0,0.0
2026-05-30 14:12:02,972.0,0.0,0.0
2026-05-30 14:17:04,950.39501953125,0.0,0.0
2026-05-30 14:27:09,864.656982421875,0.0,0.0
2026-05-30 14:32:11,726.4229736328125,0.0,0.0
2026-05-30 14:37:13,845.9569702148438,0.0,0.0
2026-05-30 14:42:15,795.6530151367188,0.0,0.0
2026-05-30 14:47:17,792.0399780273438,0.0010000000474974513,0.0
2026-05-30 14:52:19,699.7650146484375,0.0,0.0
2026-05-30 14:57:21,577.2109985351562,0.0,0.0
2026-05-30 15:02:23,564.739013671875,0.0,0.0
2026-05-30 15:07:25,695.6619873046875,0.0,0.0
2026-05-30 15:12:28,805.801025390625,0.0,0.0
2026-05-30 15:17:30,319.6940002441406,0.0,0.0
2026-06-01 08:12:56,319.6940002441406,0.0,0.0
2026-06-01 08:17:58,334.135009765625,0.0010000000474974513,0.0
2026-06-01 08:23:00,344.281005859375,0.0010000000474974513,0.0
2026-06-01 08:28:02,361.02398681640625,0.0010000000474974513,0.0
2026-06-01 08:33:04,377.6730041503906,0.0010000000474974513,0.0
2026-06-01 08:38:07,395.614013671875,0.0,0.0
2026-06-01 08:43:09,412.8059997558594,0.0,0.0
2026-06-01 08:48:11,431.0580139160156,0.0,0.0
2026-06-01 08:53:13,446.7919921875,0.0,0.0
2026-06-01 08:58:15,477.927001953125,0.0,0.0
2026-06-01 09:03:17,499.5950012207031,0.0,0.0
2026-06-01 09:08:19,524.322021484375,0.0,0.0
2026-06-01 09:13:21,497.1820068359375,0.0,0.0
2026-06-01 09:18:24,504.24700927734375,0.0,0.0
2026-06-01 09:23:26,552.1439819335938,0.0,0.0
2026-06-01 09:28:28,607.1929931640625,0.0,0.0
2026-06-01 09:33:30,499.01300048828125,0.0,0.0
2026-06-01 09:38:32,613.5360107421875,0.0,0.0
2026-06-01 09:43:34,641.6430053710938,0.0,0.0
2026-06-01 09:48:36,631.5180053710938,0.0,0.0
2026-06-01 09:53:38,695.0969848632812,0.0,0.0
2026-06-01 09:58:41,681.02197265625,0.0,0.0
2026-06-01 10:03:43,693.4290161132812,0.0,0.0
2026-06-01 10:08:45,698.6190185546875,0.0,0.0
2026-06-01 10:13:47,657.31201171875,0.0,0.0
2026-06-01 10:18:49,562.5900268554688,0.0,0.0
2026-06-01 10:23:51,755.0579833984375,0.0,0.0
2026-06-01 10:28:53,731.447021484375,0.0,0.0
2026-06-01 10:33:55,697.302978515625,0.0,0.0
2026-06-01 10:38:58,690.06201171875,0.0,0.0
2026-06-01 10:44:00,720.2130126953125,0.0,0.0
2026-06-01 10:49:02,761.7369995117188,0.0,0.0
2026-06-01 10:54:04,303.8380126953125,0.0010000000474974513,0.0
2026-06-01 10:59:06,569.9500122070312,0.0,0.0
2026-06-01 11:04:08,861.5859985351562,0.0,0.0
2026-06-01 11:09:10,795.7260131835938,0.0,0.0
2026-06-01 11:14:12,918.8049926757812,0.0,0.0
2026-06-01 11:19:15,812.7379760742188,0.0,0.0
2026-06-01 11:24:17,827.93798828125,0.0,0.0
2026-06-01 11:29:19,972.06201171875,0.0,0.0
2026-06-01 11:34:21,1052.3289794921875,0.0,0.0
2026-06-01 11:39:23,883.448974609375,0.0,0.0
2026-06-01 11:44:25,961.89697265625,0.0,0.0
2026-06-01 11:49:27,985.4400024414062,0.0,0.0
2026-06-01 11:54:29,1056.0439453125,0.0,0.0
2026-06-01 11:59:32,1033.552001953125,0.0,0.0
2026-06-01 12:04:34,980.10498046875,0.0,0.0
2026-06-01 12:09:36,904.9530029296875,0.0,0.0
2026-06-01 12:14:38,999.739013671875,0.0,0.0
2026-06-01 12:19:40,659.5590209960938,0.0,0.0
2026-06-01 12:24:42,1046.198974609375,0.0,0.0
2026-06-01 12:29:44,1046.85498046875,0.0,0.0
2026-06-01 12:34:46,1001.1610107421875,0.0,0.0
2026-06-01 12:39:49,1020.4730224609375,0.0,0.0
2026-06-01 12:44:51,1055.7459716796875,0.0,0.0
2026-06-01 12:54:55,1071.489990234375,0.0,0.0
2026-06-01 12:59:57,1025.8189697265625,0.0,0.0
2026-06-01 13:04:59,1074.5830078125,0.0,0.0
2026-06-01 13:10:01,416.7409973144531,0.0010000000474974513,0.0
2026-06-01 13:15:03,977.0900268554688,0.0,0.0
2026-06-01 13:20:06,974.7979736328125,0.0,0.0
2026-06-01 13:25:08,986.6900024414062,0.0,0.0
2026-06-01 13:47:46,1035.0009765625,0.0,0.0
2026-06-01 13:57:50,1038.155029296875,0.0,0.0
2026-06-01 14:02:52,1024.6810302734375,0.0,0.0
2026-06-01 14:07:54,1019.4140014648438,0.0,0.0
2026-06-01 14:12:56,1011.583984375,0.0,0.0
2026-06-01 14:17:58,1021.9149780273438,0.0,0.0
2026-06-01 14:23:01,1006.2130126953125,0.0,0.0
2026-06-01 14:28:03,1001.8579711914062,0.0,0.0
2026-06-01 14:33:05,1013.2529907226562,0.0,0.0
2026-06-01 14:38:07,984.0390014648438,0.0,0.0
2026-06-01 14:43:09,982.4660034179688,0.0,0.0
2026-06-01 14:48:11,972.2420043945312,0.0,0.0
2026-06-01 14:53:13,957.2210083007812,0.0,0.0
2026-06-01 14:58:16,941.7440185546875,0.0,0.0
2026-06-01 15:03:18,933.9290161132812,0.0,0.0
2026-06-01 15:08:20,933.2730102539062,0.0,0.0
2026-06-01 15:13:22,924.1649780273438,0.0,0.0
2026-06-01 15:23:26,906.593994140625,0.0,0.0
2026-06-01 15:33:30,889.0670166015625,0.0,0.0
2026-06-01 15:38:33,873.1840209960938,0.0,0.0
2026-06-01 15:43:35,861.656982421875,0.0,0.0
2026-06-01 15:48:37,844.6010131835938,0.0,0.0
2026-06-01 15:53:39,834.1190185546875,0.0,0.0
2026-06-01 15:58:41,818.3779907226562,0.0,0.0
2026-06-01 16:03:43,747.9110107421875,0.0,0.0
2026-06-01 16:08:45,588.0980224609375,0.0,0.0
2026-06-01 16:13:47,705.218017578125,0.0,0.0
2026-06-01 16:18:50,781.8309936523438,0.0,0.0
2026-06-01 16:23:52,691.2960205078125,0.0,0.0
2026-06-01 16:28:54,698.4979858398438,0.0,0.0
2026-06-01 16:38:58,705.801025390625,0.0,0.0
2026-06-01 16:44:00,680.530029296875,0.0,0.0
2026-06-01 16:49:02,658.7789916992188,0.0,0.0
2026-06-01 16:54:05,656.0570068359375,0.0,0.0
2026-06-01 16:59:07,648.7680053710938,0.0,0.0
2026-06-01 17:04:09,579.4559936523438,0.0,0.0
2026-06-01 17:09:11,568.5369873046875,0.0,0.0
2026-06-01 17:19:15,558.176025390625,0.0,0.0
2026-06-01 17:24:17,535.4509887695312,0.0,0.0
2026-06-01 17:29:19,448.9389953613281,0.0010000000474974513,0.0
2026-06-01 17:34:22,497.0830078125,0.0,0.0
2026-06-01 17:39:24,474.2330017089844,0.0,0.0
2026-06-01 17:44:26,436.281005859375,0.0,0.0
2026-06-01 17:49:28,425.2139892578125,0.0,0.0
2026-06-01 17:54:30,131.1840057373047,0.0020000000949949026,0.0
2026-06-01 18:04:34,67.3010025024414,0.0,0.0
2026-06-01 18:09:36,67.6709976196289,0.0010000000474974513,0.0
2026-06-01 18:14:39,62.89799880981445,0.0,0.0
2026-06-01 18:19:41,57.62699890136719,-0.0010000000474974513,0.0
2026-06-01 18:24:43,56.137001037597656,-0.0010000000474974513,0.0
2026-06-01 18:29:45,57.974998474121094,-0.007000000216066837,0.0
2026-06-01 18:34:47,57.40800094604492,-0.0010000000474974513,0.0
2026-06-01 18:44:51,55.13600158691406,0.003000000026077032,0.0
2026-06-01 18:49:53,62.138999938964844,0.003000000026077032,0.0
2026-06-01 18:54:56,87.12899780273438,0.0020000000949949026,0.0
2026-06-01 18:59:58,80.71800231933594,-0.0010000000474974513,0.0
2026-06-01 19:10:02,76.29299926757812,0.0020000000949949026,0.0
2026-06-01 19:15:04,72.72699737548828,-0.0010000000474974513,0.0
2026-06-01 19:20:06,64.9209976196289,0.0,0.0
2026-06-01 19:25:08,68.01300048828125,-0.0020000000949949026,0.0
2026-06-01 19:35:12,68.2969970703125,0.0020000000949949026,0.0
2026-06-01 19:45:17,52.59000015258789,-0.003000000026077032,0.0
2026-06-01 19:50:19,46.72200012207031,-0.003000000026077032,0.0
2026-06-01 20:00:23,37.95899963378906,-0.003000000026077032,0.0
2026-06-01 20:05:25,31.104000091552734,0.009999999776482582,0.0
2026-06-01 20:10:27,28.746000289916992,-0.003000000026077032,0.0
2026-06-01 20:15:30,25.461000442504883,0.0020000000949949026,0.0
2026-06-01 20:20:32,22.240999221801758,0.004000000189989805,0.0
2026-06-01 20:25:34,20.21500015258789,0.004999999888241291,0.0
2026-06-01 20:30:36,18.781999588012695,0.007000000216066837,0.0
2026-06-01 20:35:38,16.690000534057617,0.00800000037997961,0.0
2026-06-01 20:40:40,14.354000091552734,0.006000000052154064,0.0
2026-06-01 20:45:42,11.39900016784668,0.004999999888241291,0.0
2026-06-01 20:50:44,9.755000114440918,-0.00800000037997961,0.0
2026-06-01 20:55:47,7.736999988555908,-0.010999999940395355,0.0
2026-06-01 21:00:49,5.920000076293945,-0.01899999938905239,0.0
2026-06-01 21:05:51,4.561999797821045,0.07400000095367432,0.0
2026-06-01 21:10:53,2.6670000553131104,0.020999999716877937,0.0
2026-06-01 21:15:55,1.2209999561309814,-0.12099999934434891,0.0
2026-06-01 21:20:57,0.257999986410141,-0.26899999380111694,0.0
2026-06-02 05:39:04,0.257999986410141,-0.26899999380111694,0.0
2026-06-02 05:44:07,1.7510000467300415,0.017000000923871994,0.0
2026-06-02 05:49:09,3.0179998874664307,0.07500000298023224,0.0
2026-06-02 05:54:11,4.500999927520752,0.04399999976158142,0.0
2026-06-02 05:59:13,6.40500020980835,0.008999999612569809,0.0
2026-06-02 06:04:15,9.291000366210938,0.003000000026077032,0.0
2026-06-02 06:09:17,12.038999557495117,0.007000000216066837,0.0
2026-06-02 06:14:19,12.678999900817871,0.0020000000949949026,0.0
2026-06-02 06:19:21,14.930000305175781,0.006000000052154064,0.0
2026-06-02 06:24:24,17.18899917602539,-0.014999999664723873,0.0
2026-06-02 06:29:26,17.652999877929688,-0.006000000052154064,0.0
2026-06-02 06:34:28,18.729000091552734,-0.0010000000474974513,0.0
2026-06-02 06:39:30,19.56100082397461,0.0010000000474974513,0.0
2026-06-02 06:44:32,19.94499969482422,0.0010000000474974513,0.0
2026-06-02 06:49:34,27.735000610351562,0.0020000000949949026,0.0
2026-06-02 06:54:36,35.470001220703125,-0.0010000000474974513,0.0
2026-06-02 06:59:38,41.77799987792969,0.004000000189989805,0.0
2026-06-02 07:04:41,38.20600128173828,0.004000000189989805,0.0
2026-06-02 07:09:43,48.67300033569336,0.0020000000949949026,0.0
2026-06-02 07:14:45,55.797000885009766,0.0010000000474974513,0.0
2026-06-02 07:19:47,62.87799835205078,0.003000000026077032,0.0
2026-06-02 07:24:49,73.20500183105469,0.0,0.0
2026-06-02 07:29:51,90.77300262451172,0.0020000000949949026,0.0
2026-06-02 07:34:53,98.34300231933594,0.0010000000474974513,0.0
2026-06-02 07:39:56,102.2969970703125,-0.0020000000949949026,0.0
2026-06-02 07:44:58,119.15499877929688,0.0,0.0
2026-06-02 07:50:00,101.11100006103516,0.0,0.0
2026-06-02 07:55:02,87.51300048828125,0.0010000000474974513,0.0
2026-06-02 08:00:04,80.50199890136719,0.0020000000949949026,0.0
2026-06-02 08:05:06,83.76699829101562,-0.0010000000474974513,0.0
2026-06-02 08:10:08,99.71700286865234,0.0010000000474974513,0.0
2026-06-02 08:15:11,95.8030014038086,-0.0010000000474974513,0.0
2026-06-02 08:20:13,79.82599639892578,0.0010000000474974513,0.0
2026-06-02 08:25:15,91.10600280761719,0.0010000000474974513,0.0
2026-06-02 08:30:17,119.22100067138672,0.0010000000474974513,0.0
2026-06-02 08:35:19,185.88099670410156,0.0010000000474974513,0.0
2026-06-02 08:40:21,144.2469940185547,-0.0010000000474974513,0.0
2026-06-02 08:45:23,164.802001953125,0.0020000000949949026,0.0
2026-06-02 08:50:25,226.33299255371094,-0.0010000000474974513,0.0
2026-06-02 08:55:28,122.58699798583984,-0.0010000000474974513,0.0
2026-06-02 09:00:30,128.1490020751953,-0.0010000000474974513,0.0
2026-06-02 09:05:32,98.66699981689453,-0.0010000000474974513,0.0
2026-06-02 09:10:34,95.46099853515625,0.0010000000474974513,0.0
2026-06-02 09:15:36,86.35700225830078,0.0020000000949949026,0.0
2026-06-02 09:20:38,133.10400390625,-0.0010000000474974513,0.0
2026-06-02 09:25:40,143.40899658203125,0.0,0.0
2026-06-02 09:30:42,222.67999267578125,0.0,0.0
2026-06-02 09:35:45,333.3299865722656,0.0,0.0
2026-06-02 09:40:47,322.13299560546875,0.0010000000474974513,0.0
2026-06-02 09:45:49,175.4029998779297,0.0010000000474974513,0.0
2026-06-02 09:50:51,134.32699584960938,-0.0010000000474974513,0.0
2026-06-02 09:55:53,146.99400329589844,0.0,0.0
2026-06-02 10:00:55,177.1790008544922,0.0010000000474974513,0.0
2026-06-02 10:05:57,674.656005859375,0.0,0.0
2026-06-02 10:10:59,287.7300109863281,0.0,0.0
2026-06-02 10:16:01,291.4309997558594,0.0,0.0
2026-06-02 10:21:04,286.56201171875,0.0,0.0
2026-06-02 10:26:06,962.85498046875,0.0,0.0
2026-06-02 10:31:08,291.10400390625,0.0,0.0
2026-06-02 10:36:10,669.1630249023438,0.0,0.0
2026-06-02 10:41:12,935.8289794921875,0.0,0.0
2026-06-02 10:46:14,555.3350219726562,0.0,0.0
2026-06-02 10:51:16,836.6380004882812,0.0,0.0
2026-06-02 10:56:18,967.8670043945312,0.0,0.0
2026-06-02 11:01:21,470.9440002441406,0.0,0.0
2026-06-02 11:06:23,774.3610229492188,0.0,0.0
2026-06-02 11:11:25,294.7409973144531,0.0,0.0
2026-06-02 11:16:27,365.1199951171875,0.0,0.0
2026-06-02 11:21:29,363.35101318359375,0.0010000000474974513,0.0
2026-06-02 11:26:31,282.2720031738281,0.0,0.0
2026-06-02 11:31:33,293.54901123046875,0.0,0.0
2026-06-02 11:36:36,229.16799926757812,0.0,0.0
2026-06-02 11:41:38,250.14199829101562,0.0,0.0
2026-06-02 11:46:40,301.83099365234375,0.0,0.0
2026-06-02 11:51:42,296.5260009765625,0.0010000000474974513,0.0
2026-06-02 11:56:44,286.6969909667969,0.0010000000474974513,0.0
2026-06-02 12:01:46,365.7099914550781,0.0010000000474974513,0.0
2026-06-02 12:11:50,175.52699279785156,0.0010000000474974513,0.0
2026-06-02 12:16:53,155.13800048828125,0.0020000000949949026,0.0
2026-06-02 12:21:55,187.5590057373047,0.0,0.0
2026-06-02 12:26:57,225.10899353027344,0.0010000000474974513,0.0
2026-06-02 12:37:01,243.09300231933594,0.0010000000474974513,0.0
2026-06-02 12:42:03,358.072998046875,0.0,0.0
2026-06-02 12:52:08,292.2149963378906,0.0,0.0
2026-06-02 12:57:10,243.06100463867188,0.0010000000474974513,0.0
2026-06-02 13:02:12,255.2729949951172,0.0,0.0
2026-06-02 13:07:14,179.7259979248047,0.0,0.0
2026-06-02 13:12:16,105.19499969482422,0.0010000000474974513,0.0
2026-06-02 13:17:18,46.500999450683594,0.004000000189989805,0.0
2026-06-02 13:22:20,30.315000534057617,0.003000000026077032,0.0
2026-06-02 13:45:59,322.8590087890625,0.0,0.0
2026-06-02 13:51:01,188.34300231933594,0.0010000000474974513,0.0
2026-06-02 13:56:03,93.63400268554688,0.0,0.0
2026-06-02 14:01:05,59.374000549316406,-0.003000000026077032,0.0
2026-06-02 14:06:07,38.82500076293945,0.0020000000949949026,0.0
2026-06-02 14:11:09,8.25100040435791,0.014000000432133675,0.0
2026-06-02 14:16:11,11.666999816894531,-0.019999999552965164,0.0
2026-06-02 14:21:14,18.673999786376953,0.008999999612569809,0.0
2026-06-02 14:26:16,58.426998138427734,0.0020000000949949026,0.0
2026-06-02 14:31:18,131.50900268554688,0.0,0.0
2026-06-02 14:41:22,104.68099975585938,0.0,0.0
2026-06-02 14:46:24,141.74200439453125,0.0010000000474974513,0.0
2026-06-02 14:51:26,223.90199279785156,0.0,0.0
2026-06-02 14:56:28,370.5870056152344,0.0,0.0
2026-06-02 15:01:31,303.4700012207031,0.0010000000474974513,0.0
2026-06-02 15:06:33,662.2449951171875,0.0,0.0
2026-06-02 15:11:35,676.6400146484375,0.0,0.0
2026-06-02 15:16:37,476.5870056152344,0.0,0.0
2026-06-02 15:21:39,517.0789794921875,0.0,0.0
2026-06-02 15:26:41,525.18701171875,0.0,0.0
2026-06-02 15:31:43,426.18701171875,0.0,0.0
2026-06-02 15:36:45,250.6009979248047,-0.0010000000474974513,0.0
2026-06-02 15:41:48,238.62399291992188,0.0,0.0
2026-06-02 15:46:50,211.49899291992188,0.0010000000474974513,0.0
2026-06-02 15:51:52,169.177001953125,-0.0010000000474974513,0.0
2026-06-02 15:56:54,112.56700134277344,-0.0020000000949949026,0.0
2026-06-02 16:01:56,182.0050048828125,0.0,0.0
2026-06-02 16:06:58,247.69400024414062,0.0010000000474974513,0.0
2026-06-02 16:12:00,331.8489990234375,0.0,0.0
2026-06-02 16:17:03,319.9469909667969,0.0,0.0
2026-06-02 16:22:05,232.7729949951172,0.0,0.0
2026-06-02 16:27:07,255.7899932861328,0.0,0.0
2026-06-02 16:32:09,277.5589904785156,0.0,0.0
2026-06-02 16:37:11,171.9429931640625,0.0010000000474974513,0.0
2026-06-02 16:42:13,145.25,-0.0010000000474974513,0.0
2026-06-02 16:47:15,238.2220001220703,0.0,0.0
2026-06-02 16:52:17,107.95899963378906,0.0010000000474974513,0.0
2026-06-02 16:57:19,85.48600006103516,0.004000000189989805,0.0
2026-06-02 17:02:22,127.30500030517578,0.0020000000949949026,0.0
2026-06-02 17:07:24,100.94200134277344,0.0020000000949949026,0.0
2026-06-02 17:12:26,115.80999755859375,-0.0010000000474974513,0.0
2026-06-02 17:17:28,141.61099243164062,-0.0020000000949949026,0.0
2026-06-02 17:22:30,174.80499267578125,0.0,0.0
2026-06-02 17:27:32,61.797000885009766,0.0010000000474974513,0.0
2026-06-02 17:32:34,43.981998443603516,0.0010000000474974513,0.0
2026-06-02 17:37:36,24.618999481201172,-0.00800000037997961,0.0
2026-06-02 17:42:39,13.371000289916992,-0.02199999988079071,0.0
2026-06-02 17:47:41,13.397000312805176,-0.024000000208616257,0.0
2026-06-02 17:52:43,14.0,0.006000000052154064,0.0
2026-06-02 17:57:45,10.043000221252441,-0.013000000268220901,0.0
2026-06-02 18:02:47,16.437000274658203,-0.009999999776482582,0.0
2026-06-02 18:07:49,23.783000946044922,-0.010999999940395355,0.0
2026-06-02 18:12:51,26.242000579833984,0.004999999888241291,0.0
2026-06-02 18:17:53,34.79499816894531,0.006000000052154064,0.0
2026-06-02 18:22:56,52.696998596191406,0.0010000000474974513,0.0
2026-06-02 18:27:58,64.23500061035156,0.003000000026077032,0.0
2026-06-02 18:33:00,69.34600067138672,0.0,0.0
2026-06-02 18:38:02,80.01599884033203,0.0010000000474974513,0.0
2026-06-02 18:48:06,81.71199798583984,-0.003000000026077032,0.0
2026-06-02 18:53:08,54.689998626708984,0.0010000000474974513,0.0
2026-06-02 18:58:10,50.992000579833984,0.003000000026077032,0.0
2026-06-02 19:03:12,66.375,0.004000000189989805,0.0
2026-06-02 19:08:15,75.72899627685547,-0.0010000000474974513,0.0
2026-06-02 19:13:17,67.59300231933594,0.004000000189989805,0.0
2026-06-02 19:18:19,73.82599639892578,-0.0010000000474974513,0.0
2026-06-02 19:23:21,72.0,0.0010000000474974513,0.0
2026-06-02 19:28:23,68.64900207519531,0.0010000000474974513,0.0
2026-06-02 19:33:25,67.34600067138672,0.004999999888241291,0.0
2026-06-02 19:38:27,58.58700180053711,0.003000000026077032,0.0
2026-06-02 19:48:32,43.01300048828125,0.004000000189989805,0.0
2026-06-02 19:53:34,38.29899978637695,0.010999999940395355,0.0
2026-06-02 19:58:36,18.993999481201172,-0.003000000026077032,0.0
2026-06-02 20:03:38,8.223999977111816,-0.014999999664723873,0.0
2026-06-02 20:08:40,10.390999794006348,0.010999999940395355,0.0
2026-06-02 20:13:42,7.497000217437744,0.02199999988079071,0.0
2026-06-02 20:18:44,2.3359999656677246,-0.04600000008940697,0.0
2026-06-02 20:23:46,3.2750000953674316,-0.00800000037997961,0.0
2026-06-02 20:28:49,6.488999843597412,0.020999999716877937,0.0
2026-06-02 20:33:51,5.84499979019165,0.06800000369548798,0.0
2026-06-02 20:43:55,23.382999420166016,0.0010000000474974513,0.0
2026-06-02 20:48:57,25.073999404907227,-0.0010000000474974513,0.0
2026-06-02 20:53:59,22.92099952697754,0.004999999888241291,0.0
2026-06-02 20:59:01,18.736000061035156,-0.00800000037997961,0.0
2026-06-02 21:04:04,7.7829999923706055,0.014999999664723873,0.0
2026-06-02 21:09:06,5.801000118255615,0.014999999664723873,0.0
2026-06-02 21:14:08,1.5750000476837158,-0.04899999871850014,0.0
2026-06-03 05:44:00,1.5750000476837158,-0.04899999871850014,0.0
2026-06-03 05:49:02,3.3459999561309814,0.03799999877810478,0.0
2026-06-03 05:59:06,7.697999954223633,0.010999999940395355,0.0
2026-06-03 06:04:09,9.489999771118164,-0.008999999612569809,0.0
2026-06-03 06:09:11,7.433000087738037,0.012000000104308128,0.0
2026-06-03 06:14:13,13.972999572753906,0.013000000268220901,0.0
2026-06-03 06:24:17,29.329999923706055,0.009999999776482582,0.0
2026-06-03 06:29:19,24.650999069213867,0.009999999776482582,0.0
2026-06-03 06:34:21,20.027000427246094,-0.003000000026077032,0.0
2026-06-03 06:39:24,17.357999801635742,-0.004999999888241291,0.0
2026-06-03 06:44:26,14.656000137329102,-0.0020000000949949026,0.0
2026-06-03 06:49:28,11.972999572753906,0.012000000104308128,0.0
2026-06-03 06:54:30,9.569999694824219,0.03500000014901161,0.0
2026-06-03 07:04:34,15.951000213623047,-0.0020000000949949026,0.0
2026-06-03 07:09:36,21.25,-0.014000000432133675,0.0
2026-06-03 07:14:38,30.60099983215332,0.004000000189989805,0.0
2026-06-03 07:19:41,26.350000381469727,0.007000000216066837,0.0
2026-06-03 07:24:43,27.19099998474121,-0.007000000216066837,0.0
2026-06-03 07:29:45,36.847999572753906,0.0010000000474974513,0.0
2026-06-03 07:34:47,47.52199935913086,0.003000000026077032,0.0
2026-06-03 07:39:49,48.20600128173828,-0.004000000189989805,0.0
2026-06-03 07:44:51,48.64699935913086,-0.003000000026077032,0.0
2026-06-03 07:49:53,49.81100082397461,0.003000000026077032,0.0
2026-06-03 07:54:55,40.196998596191406,-0.003000000026077032,0.0
2026-06-03 07:59:58,74.26100158691406,-0.0020000000949949026,0.0
2026-06-03 08:05:00,78.8550033569336,-0.0010000000474974513,0.0
2026-06-03 08:10:02,68.75199890136719,0.004999999888241291,0.0
2026-06-03 08:15:04,81.38500213623047,0.0010000000474974513,0.0
2026-06-03 08:20:06,87.11100006103516,0.0010000000474974513,0.0
2026-06-03 08:25:08,92.07099914550781,-0.0010000000474974513,0.0
2026-06-03 08:30:10,106.91200256347656,-0.0010000000474974513,0.0
2026-06-03 08:35:12,125.4219970703125,0.0010000000474974513,0.0
2026-06-03 08:40:15,110.76000213623047,0.0,0.0
2026-06-03 08:45:17,67.06300354003906,0.0010000000474974513,0.0
2026-06-03 08:50:19,57.08599853515625,0.0020000000949949026,0.0
2026-06-03 08:55:21,71.47200012207031,0.0020000000949949026,0.0
2026-06-03 09:00:23,45.51100158691406,0.0020000000949949026,0.0
2026-06-03 09:05:25,47.362998962402344,0.0010000000474974513,0.0
2026-06-03 09:15:29,67.1760025024414,0.003000000026077032,0.0
2026-06-03 09:20:32,50.10499954223633,0.0010000000474974513,0.0
2026-06-03 09:25:34,58.28300094604492,-0.0010000000474974513,0.0
2026-06-03 09:30:36,46.54600143432617,-0.0020000000949949026,0.0
2026-06-03 09:35:38,43.387001037597656,-0.0020000000949949026,0.0
2026-06-03 09:40:40,49.12900161743164,0.006000000052154064,0.0
2026-06-03 09:45:42,49.46699905395508,0.0020000000949949026,0.0
2026-06-03 09:50:44,58.479000091552734,0.003000000026077032,0.0
2026-06-03 09:55:46,56.54199981689453,-0.0010000000474974513,0.0
2026-06-03 10:00:48,52.82099914550781,0.003000000026077032,0.0
2026-06-03 10:05:51,50.67399978637695,-0.0020000000949949026,0.0
2026-06-03 10:15:55,51.834999084472656,0.008999999612569809,0.0
2026-06-03 10:20:57,59.4900016784668,-0.0020000000949949026,0.0
2026-06-03 10:25:59,66.14600372314453,0.0,0.0
2026-06-03 10:31:01,61.915000915527344,0.0,0.0
2026-06-03 10:36:03,139.24600219726562,0.0020000000949949026,0.0
2026-06-03 10:41:06,101.00299835205078,0.0,0.0
2026-06-03 10:46:08,137.66200256347656,0.0,0.0
2026-06-03 10:51:10,132.98699951171875,0.0,0.0
2026-06-03 11:01:14,174.05499267578125,0.0020000000949949026,0.0
2026-06-03 11:06:16,174.45700073242188,0.0,0.0
2026-06-03 11:11:18,143.72799682617188,0.0020000000949949026,0.0
2026-06-03 11:16:21,135.16299438476562,0.0,0.0
2026-06-03 11:21:23,100.9530029296875,0.0,0.0
2026-06-03 11:26:25,85.85600280761719,0.0010000000474974513,0.0
2026-06-03 11:31:27,79.11499786376953,-0.0010000000474974513,0.0
2026-06-03 11:36:29,105.27799987792969,0.0,0.0
2026-06-03 11:41:31,127.01899719238281,0.0,0.0
2026-06-03 11:46:33,234.05299377441406,0.0010000000474974513,0.0
2026-06-03 11:51:35,333.1090087890625,0.0,0.0
2026-06-03 11:56:38,218.24200439453125,0.0020000000949949026,0.0
2026-06-03 12:01:40,207.2530059814453,0.0,0.0
2026-06-03 12:06:42,445.2139892578125,0.0,0.0
2026-06-03 12:11:44,434.2669982910156,0.0,0.0
2026-06-03 12:16:46,238.093994140625,0.0010000000474974513,0.0
2026-06-03 12:21:48,212.48699951171875,0.0010000000474974513,0.0
2026-06-03 12:26:50,1237.2779541015625,0.0,0.0
2026-06-03 12:31:52,239.4949951171875,0.0010000000474974513,0.0
2026-06-03 12:36:55,272.2170104980469,-0.0010000000474974513,0.0
2026-06-03 12:41:57,222.3260040283203,0.0010000000474974513,0.0
2026-06-03 12:52:01,423.4289855957031,0.0,0.0
2026-06-03 12:57:03,379.2959899902344,0.0,0.0
2026-06-03 13:02:05,1213.2559814453125,0.0,0.0
2026-06-03 13:07:07,1164.56005859375,0.0,0.0
2026-06-03 13:12:09,1216.718017578125,0.0,0.0
2026-06-03 13:17:12,337.5539855957031,0.0,0.0
2026-06-03 13:22:14,559.6849975585938,0.0,0.0
2026-06-03 13:44:46,1121.4329833984375,0.0,0.0
2026-06-03 13:49:49,392.57501220703125,0.0010000000474974513,0.0
2026-06-03 13:54:51,552.9190063476562,0.0,0.0
2026-06-03 13:59:53,245.08799743652344,0.0,0.0
2026-06-03 14:04:55,1188.6309814453125,0.0,0.0
2026-06-03 14:09:57,238.9739990234375,0.0010000000474974513,0.0
2026-06-03 14:14:59,769.8720092773438,0.0,0.0
2026-06-03 14:20:01,238.13900756835938,0.0010000000474974513,0.0
2026-06-03 14:25:03,1213.6180419921875,0.0,0.0
2026-06-03 14:30:06,231.71200561523438,0.0010000000474974513,0.0
2026-06-03 14:35:08,1213.428955078125,0.0,0.0
2026-06-03 14:40:10,228.3699951171875,0.0,0.0
2026-06-03 14:45:12,260.3609924316406,0.0,0.0
2026-06-03 14:50:14,254.2270050048828,0.0010000000474974513,0.0
2026-06-03 14:55:16,274.3630065917969,0.0010000000474974513,0.0
2026-06-03 15:00:18,962.5050048828125,0.0,0.0
2026-06-03 15:10:22,367.3940124511719,0.0,0.0
2026-06-03 15:15:25,972.4429931640625,0.0,0.0
2026-06-03 15:20:27,972.2100219726562,0.0,0.0
2026-06-03 15:25:29,860.0869750976562,0.0,0.0
2026-06-03 15:30:31,238.26300048828125,-0.0010000000474974513,0.0
2026-06-03 15:35:33,193.63400268554688,-0.0010000000474974513,0.0
2026-06-03 15:40:35,210.71099853515625,0.0020000000949949026,0.0
2026-06-03 15:45:37,246.81300354003906,0.0010000000474974513,0.0
2026-06-03 15:50:39,773.0650024414062,0.0,0.0
2026-06-03 15:55:42,290.2030029296875,0.0,0.0
2026-06-03 16:00:44,672.6959838867188,0.0,0.0
2026-06-03 16:05:46,272.635009765625,0.0,0.0
2026-06-03 16:10:48,206.09800720214844,0.0,0.0
2026-06-03 16:15:50,212.97799682617188,0.0010000000474974513,0.0
2026-06-03 16:20:52,209.31700134277344,0.0,0.0
2026-06-03 16:25:54,198.59300231933594,-0.0010000000474974513,0.0
2026-06-03 16:30:56,244.70599365234375,0.0,0.0
2026-06-03 16:35:59,221.67300415039062,0.0010000000474974513,0.0
2026-06-03 16:41:01,210.04299926757812,0.0,0.0
2026-06-03 16:46:03,201.00799560546875,0.0010000000474974513,0.0
2026-06-03 16:51:05,318.7590026855469,0.0,0.0
2026-06-03 16:56:07,167.35699462890625,0.0010000000474974513,0.0
2026-06-03 17:01:09,203.67100524902344,0.0010000000474974513,0.0
2026-06-03 17:06:11,170.8300018310547,0.0020000000949949026,0.0
2026-06-03 17:11:13,177.6020050048828,0.0,0.0
2026-06-03 17:16:16,157.6230010986328,0.0010000000474974513,0.0
2026-06-03 17:21:18,267.9679870605469,-0.0010000000474974513,0.0
2026-06-03 17:26:20,195.37399291992188,0.0,0.0
2026-06-03 17:31:22,196.17599487304688,0.0010000000474974513,0.0
2026-06-03 17:36:24,272.12799072265625,0.0,0.0
2026-06-03 17:41:26,243.23699951171875,0.0,0.0
2026-06-03 17:46:28,121.88300323486328,0.003000000026077032,0.0
2026-06-03 17:51:30,433.3529968261719,0.0010000000474974513,0.0
2026-06-03 17:56:33,133.00100708007812,-0.0010000000474974513,0.0
2026-06-03 18:01:35,95.18599700927734,0.0020000000949949026,0.0
2026-06-03 18:06:37,86.6259994506836,0.0020000000949949026,0.0
2026-06-03 18:11:39,78.36100006103516,0.003000000026077032,0.0
2026-06-03 18:16:41,71.55899810791016,0.004999999888241291,0.0
2026-06-03 18:21:43,70.75900268554688,0.006000000052154064,0.0
2026-06-03 18:31:47,64.95099639892578,0.004999999888241291,0.0
2026-06-03 18:36:50,54.99700164794922,0.003000000026077032,0.0
2026-06-03 18:41:52,49.606998443603516,0.0010000000474974513,0.0
2026-06-03 18:46:54,47.62300109863281,0.0020000000949949026,0.0
2026-06-03 18:51:56,47.23400115966797,0.004000000189989805,0.0
2026-06-03 18:56:58,45.84000015258789,0.004000000189989805,0.0
2026-06-03 19:02:00,44.86600112915039,0.0010000000474974513,0.0
2026-06-03 19:12:04,43.54100036621094,-0.0010000000474974513,0.0
2026-06-03 19:17:07,42.952999114990234,-0.0020000000949949026,0.0
2026-06-03 19:22:09,43.222999572753906,-0.003000000026077032,0.0
2026-06-03 19:27:11,42.68600082397461,0.004000000189989805,0.0
2026-06-03 19:32:13,44.61399841308594,-0.003000000026077032,0.0
2026-06-03 19:37:15,49.63199996948242,0.0020000000949949026,0.0
2026-06-03 19:42:17,58.33100128173828,0.004999999888241291,0.0
2026-06-03 19:47:19,60.505001068115234,0.004999999888241291,0.0
2026-06-03 19:52:21,59.95199966430664,0.0,0.0
2026-06-03 19:57:24,58.51900100708008,-0.0020000000949949026,0.0
2026-06-03 20:02:26,57.39699935913086,0.004000000189989805,0.0
2026-06-03 20:07:28,54.145999908447266,0.003000000026077032,0.0
2026-06-03 20:12:30,49.6870002746582,0.0010000000474974513,0.0
2026-06-03 20:17:32,42.53300094604492,0.003000000026077032,0.0
2026-06-03 20:22:34,36.82099914550781,-0.0020000000949949026,0.0
2026-06-03 20:27:36,31.111000061035156,0.006000000052154064,0.0
2026-06-03 20:32:39,26.391000747680664,0.0020000000949949026,0.0
2026-06-03 20:37:41,22.197999954223633,0.004000000189989805,0.0
2026-06-03 20:42:43,18.22599983215332,0.003000000026077032,0.0
2026-06-03 20:47:45,14.72599983215332,0.0020000000949949026,0.0
2026-06-03 20:52:47,12.07800006866455,0.03200000151991844,0.0
2026-06-03 20:57:49,9.668999671936035,0.04399999976158142,0.0
2026-06-03 21:02:51,6.285999774932861,0.04500000178813934,0.0
2026-06-03 21:07:53,4.205999851226807,0.03799999877810478,0.0
2026-06-03 21:12:56,2.953000068664551,0.0430000014603138,0.0
2026-06-03 21:17:58,1.3730000257492065,0.0689999982714653,0.0
2026-06-04 05:42:54,1.3730000257492065,0.0689999982714653,0.0
2026-06-04 05:47:56,5.822999954223633,-0.01899999938905239,0.0
2026-06-04 05:52:58,7.098999977111816,-0.004000000189989805,0.0
2026-06-04 05:58:00,9.142999649047852,0.012000000104308128,0.0
2026-06-04 06:03:02,11.687000274658203,-0.024000000208616257,0.0
2026-06-04 06:08:04,11.769000053405762,-0.012000000104308128,0.0
2026-06-04 06:13:06,18.381999969482422,0.008999999612569809,0.0
2026-06-04 06:18:08,19.75200080871582,-0.0010000000474974513,0.0
2026-06-04 06:23:11,23.048999786376953,0.004999999888241291,0.0
2026-06-04 06:28:13,28.090999603271484,-0.00800000037997961,0.0
2026-06-04 06:33:15,28.856000900268555,0.003000000026077032,0.0
2026-06-04 06:38:17,28.680999755859375,0.007000000216066837,0.0
2026-06-04 06:43:19,28.985000610351562,0.007000000216066837,0.0
2026-06-04 06:48:21,32.92100143432617,-0.0010000000474974513,0.0
2026-06-04 06:53:23,39.54499816894531,0.0010000000474974513,0.0
2026-06-04 06:58:25,41.40999984741211,-0.004999999888241291,0.0
2026-06-04 07:03:27,46.1510009765625,-0.0010000000474974513,0.0
2026-06-04 07:08:30,38.37699890136719,-0.0010000000474974513,0.0
2026-06-04 07:13:32,52.612998962402344,0.0020000000949949026,0.0
2026-06-04 07:18:34,78.06900024414062,0.0020000000949949026,0.0
2026-06-04 07:23:36,78.76799774169922,-0.0010000000474974513,0.0
2026-06-04 07:28:38,49.67100143432617,-0.0020000000949949026,0.0
2026-06-04 07:33:40,74.10399627685547,0.0020000000949949026,0.0
2026-06-04 07:38:42,57.941001892089844,0.0010000000474974513,0.0
2026-06-04 07:43:44,53.52000045776367,0.004000000189989805,0.0
2026-06-04 07:48:47,53.88999938964844,0.0,0.0
2026-06-04 07:53:49,60.266998291015625,-0.0010000000474974513,0.0
2026-06-04 08:03:53,78.38899993896484,0.0020000000949949026,0.0
2026-06-04 08:08:55,76.6449966430664,-0.0010000000474974513,0.0
2026-06-04 08:13:57,62.67399978637695,-0.003000000026077032,0.0
2026-06-04 08:18:59,63.25699996948242,0.0,0.0
2026-06-04 08:24:02,69.18599700927734,0.0010000000474974513,0.0
2026-06-04 08:29:04,62.4370002746582,0.004000000189989805,0.0
2026-06-04 08:34:06,78.7969970703125,0.0010000000474974513,0.0
2026-06-04 08:39:08,112.24700164794922,0.0020000000949949026,0.0
2026-06-04 08:44:10,146.8730010986328,0.0020000000949949026,0.0
2026-06-04 08:49:12,213.58200073242188,0.0,0.0
2026-06-04 08:54:14,146.67999267578125,0.0,0.0
2026-06-04 09:04:18,161.75799560546875,0.0,0.0
2026-06-04 09:09:21,156.98500061035156,0.0010000000474974513,0.0
2026-06-04 09:14:23,159.1750030517578,0.0020000000949949026,0.0
2026-06-04 09:19:25,182.8249969482422,0.0,0.0
2026-06-04 09:24:27,217.09300231933594,0.0010000000474974513,0.0
2026-06-04 09:29:29,202.27200317382812,-0.0010000000474974513,0.0
2026-06-04 09:34:31,148.6490020751953,-0.0010000000474974513,0.0
2026-06-04 09:39:33,193.1820068359375,0.0,0.0
2026-06-04 09:44:35,381.7919921875,0.0010000000474974513,0.0
2026-06-04 09:49:37,315.5090026855469,0.0010000000474974513,0.0
2026-06-04 09:54:39,200.968994140625,0.0010000000474974513,0.0
2026-06-04 09:59:42,228.72000122070312,0.0010000000474974513,0.0
2026-06-04 10:04:44,302.65399169921875,0.0,0.0
2026-06-04 10:09:46,253.60000610351562,0.0,0.0
2026-06-04 10:14:48,212.8979949951172,0.0,0.0
2026-06-04 10:19:50,359.4649963378906,0.0,0.0
2026-06-04 10:24:52,301.67999267578125,0.0,0.0
2026-06-04 10:29:54,308.4110107421875,0.0,0.0
2026-06-04 10:34:56,272.5870056152344,0.0010000000474974513,0.0
2026-06-04 10:39:58,239.64300537109375,0.0010000000474974513,0.0
2026-06-04 10:45:01,179.43800354003906,-0.0010000000474974513,0.0
2026-06-04 10:50:03,124.35199737548828,-0.0010000000474974513,0.0
2026-06-04 10:55:05,81.09500122070312,-0.0010000000474974513,0.0
2026-06-04 11:00:07,84.41600036621094,-0.004000000189989805,0.0
2026-06-04 11:05:09,123.83999633789062,-0.0010000000474974513,0.0
2026-06-04 11:10:11,187.89300537109375,0.0,0.0
2026-06-04 11:15:13,389.4649963378906,0.0,0.0
2026-06-04 11:20:15,563.5130004882812,0.0,0.0
2026-06-04 11:25:17,263.7330017089844,0.0010000000474974513,0.0
2026-06-04 11:30:19,459.906005859375,0.0,0.0
2026-06-04 11:35:22,340.0249938964844,0.0,0.0
2026-06-04 11:40:24,279.0899963378906,0.0,0.0
2026-06-04 11:45:26,157.49899291992188,-0.0010000000474974513,0.0
2026-06-04 11:50:28,175.27099609375,0.0010000000474974513,0.0
2026-06-04 11:55:30,123.9540023803711,-0.0010000000474974513,0.0
2026-06-04 12:00:32,88.73799896240234,0.0,0.0
2026-06-04 12:05:34,59.33700180053711,-0.0020000000949949026,0.0
2026-06-04 12:10:37,60.10499954223633,0.0020000000949949026,0.0
2026-06-04 12:15:39,73.45800018310547,0.003000000026077032,0.0
2026-06-04 12:20:41,62.196998596191406,-0.003000000026077032,0.0
2026-06-04 12:25:43,75.43299865722656,0.0,0.0
2026-06-04 12:30:45,81.78700256347656,0.0020000000949949026,0.0
2026-06-04 12:35:47,114.64900207519531,-0.0010000000474974513,0.0
2026-06-04 12:40:49,133.1060028076172,0.0,0.0
2026-06-04 12:45:51,109.41300201416016,0.003000000026077032,0.0
2026-06-04 12:55:56,144.7729949951172,-0.0010000000474974513,0.0
2026-06-04 13:11:02,136.9669952392578,0.0020000000949949026,0.0
2026-06-04 13:16:04,161.177001953125,-0.0010000000474974513,0.0
2026-06-04 13:21:06,119.697998046875,0.0010000000474974513,0.0
2026-06-04 13:26:08,135.04800415039062,0.0010000000474974513,0.0
2026-06-04 13:48:42,38.058998107910156,0.0010000000474974513,0.0
